episode,reward,epsilon
1,-2.100785568731329,0.99
2,-8.633422995642265,0.9801
3,-3.2615088523915943,0.9702989999999999
4,-5.934070077784123,0.96059601
5,-6.004846189613534,0.9509900498999999
6,-4.427443747622927,0.9414801494009999
7,-3.8893544438599044,0.9320653479069899
8,-4.340492491396425,0.92274469442792
9,-3.665625573642315,0.9135172474836407
10,-2.368315409168477,0.9043820750088043
11,-5.557124803581182,0.8953382542587163
12,-7.127207371377387,0.8863848717161291
13,-2.166149229982495,0.8775210229989678
14,-3.7545867512254807,0.8687458127689781
15,-3.6774916009315204,0.8600583546412883
16,-4.352123893405638,0.8514577710948754
17,-5.631609424314992,0.8429431933839266
18,-7.247037679680573,0.8345137614500874
19,-8.789795345907264,0.8261686238355865
20,-4.43989134761776,0.8179069375972307
21,-6.64801697929918,0.8097278682212583
22,-7.2927249966611445,0.8016305895390458
23,-7.104953978903274,0.7936142836436553
24,-2.1772480991606895,0.7856781408072188
25,-7.3860659318509185,0.7778213593991465
26,-3.3642985305713684,0.7700431458051551
27,-6.651555467311841,0.7623427143471035
28,-5.785744473314579,0.7547192872036325
29,-5.572430816897697,0.7471720943315961
30,-2.842027291511581,0.7397003733882802
31,-6.050363417007118,0.7323033696543974
32,-5.842690867385045,0.7249803359578534
33,-7.231786263097348,0.7177305325982748
34,-5.44391561406378,0.7105532272722921
35,-3.6716874789801475,0.7034476949995692
36,-2.8527212592883275,0.6964132180495735
37,-8.20834622225129,0.6894490858690777
38,-6.20731006306148,0.682554595010387
39,-5.8744185231059625,0.6757290490602831
40,-7.608211881850517,0.6689717585696803
41,-5.281435129947091,0.6622820409839835
42,-5.65400470082194,0.6556592205741436
43,-5.646066293285653,0.6491026283684022
44,-4.759766799670732,0.6426116020847181
45,-6.866695825909149,0.6361854860638709
46,-4.0495660895168175,0.6298236312032323
47,-7.411058110637842,0.6235253948912
48,-3.293579208217519,0.617290140942288
49,-8.985308885499611,0.6111172395328651
50,-6.615822201025203,0.6050060671375365
51,-6.402904770166474,0.5989560064661611
52,-3.7002667352148295,0.5929664464014994
53,-3.416686390133919,0.5870367819374844
54,-5.323490406648616,0.5811664141181095
55,-6.1841614352575345,0.5753547499769285
56,-9.018333316971866,0.5696012024771592
57,-5.622544543721119,0.5639051904523876
58,-7.826023439429172,0.5582661385478638
59,-7.120008831463442,0.5526834771623851
60,-6.1181761357596764,0.5471566423907612
61,-6.657921338466407,0.5416850759668536
62,-4.803408164944821,0.536268225207185
63,-7.749480968521436,0.5309055429551132
64,-5.026213926235689,0.525596487525562
65,-8.40064930064084,0.5203405226503064
66,-3.910422541289492,0.5151371174238033
67,-10.686802362978995,0.5099857462495653
68,-5.851223336041699,0.5048858887870696
69,-7.6878985437715786,0.4998370298991989
70,-7.17759757538845,0.49483865960020695
71,-8.789815185149902,0.4898902730042049
72,-5.585351657900281,0.48499137027416284
73,-5.670764454462134,0.4801414565714212
74,-6.066698569385817,0.475340042005707
75,-8.577835635124046,0.47058664158564995
76,-7.177159095124226,0.4658807751697934
77,-6.581408531615493,0.4612219674180955
78,-6.955396283336064,0.45660974774391455
79,-9.951663250403598,0.4520436502664754
80,-8.38386487803443,0.44752321376381066
81,-7.610701642726137,0.44304798162617254
82,-6.265799903334845,0.4386175018099108
83,-6.913461227333691,0.4342313267918117
84,-2.46094255624665,0.4298890135238936
85,-3.716674699290925,0.42559012338865465
86,-9.90144729826627,0.4213342221547681
87,-6.775628159170332,0.41712087993322045
88,-7.415545268532294,0.41294967113388825
89,-5.844498110150929,0.40882017442254937
90,-3.0337808744398296,0.4047319726783239
91,-7.276636070433847,0.40068465295154065
92,-6.079377392499406,0.39667780642202527
93,-5.158880190049835,0.392711028357805
94,-2.985589042185329,0.38878391807422696
95,-5.01995050689804,0.3848960788934847
96,-5.174314858404437,0.38104711810454983
97,-6.2111541927086575,0.37723664692350434
98,-2.8277338045212166,0.37346428045426927
99,-7.738262462243678,0.36972963764972655
100,-7.7833204049529705,0.36603234127322926
101,-7.589249649359843,0.36237201786049694
102,-5.549798343054093,0.358748297681892
103,-6.497969240711981,0.35516081470507305
104,-2.715625607839792,0.3516092065580223
105,-5.669243700805495,0.34809311449244207
106,-6.928380699352964,0.34461218334751764
107,-7.32254990037856,0.34116606151404244
108,-7.7529716387182095,0.337754400898902
109,-5.416091771998655,0.334376856889913
110,-9.118609313436881,0.33103308832101386
111,-9.227590131360222,0.3277227574378037
112,-6.395400016582979,0.3244455298634257
113,-2.793023703622059,0.3212010745647914
114,-4.623160034520238,0.3179890638191435
115,-4.887982458898794,0.31480917318095203
116,-6.269669398599998,0.3116610814491425
117,-3.5022335344814444,0.30854447063465107
118,-6.3296907631704284,0.30545902592830454
119,-9.406873894645047,0.3024044356690215
120,-5.440226971690687,0.29938039131233124
121,-2.573405073945307,0.2963865873992079
122,-3.9361714503900123,0.29342272152521587
123,-3.295348703348608,0.2904884943099637
124,-7.337217164167165,0.28758360936686406
125,-6.895868026525614,0.2847077732731954
126,-3.884152934451987,0.28186069554046345
127,-4.390008431073845,0.2790420885850588
128,-3.0366190964323625,0.2762516676992082
129,-5.092821351102041,0.27348915102221616
130,-4.777011062657988,0.270754259511994
131,-5.797084206597461,0.26804671691687404
132,-3.5300039486872783,0.2653662497477053
133,-3.971554080970842,0.2627125872502282
134,-4.743827360586916,0.2600854613777259
135,-5.827876640975762,0.2574846067639487
136,-6.458848243588954,0.2549097606963092
137,-6.385034907642908,0.2523606630893461
138,-3.4809563061800644,0.24983705645845267
139,-7.963317324902121,0.24733868589386815
140,-9.138162326492932,0.24486529903492946
141,-6.493607765895212,0.24241664604458016
142,-6.387725155969738,0.23999247958413436
143,-6.190897919950399,0.23759255478829303
144,-2.0737864433738493,0.2352166292404101
145,-9.538414793069455,0.232864462948006
146,-6.206348006715975,0.23053581831852593
147,-2.5164301614280213,0.22823046013534068
148,-2.0301514341309983,0.22594815553398728
149,-5.50722996961135,0.22368867397864742
150,-6.4447166135504474,0.22145178723886094
151,-7.334009548029403,0.21923726936647234
152,-3.066388930482205,0.2170448966728076
153,-3.048514572257618,0.21487444770607952
154,-6.841622513055436,0.21272570322901874
155,-5.59763660171066,0.21059844619672854
156,-7.074126921679178,0.20849246173476127
157,-7.9050281726093905,0.20640753711741366
158,-7.63694868448526,0.20434346174623952
159,-7.217581420461407,0.20230002712877712
160,-9.06480048135447,0.20027702685748935
161,-9.274276864472732,0.19827425658891445
162,-3.816301258575881,0.1962915140230253
163,-3.7752510585745656,0.19432859888279505
164,-9.363490097193562,0.1923853128939671
165,-8.379789421223311,0.19046145976502743
166,-3.307231474833287,0.18855684516737714
167,-6.181939974671,0.18667127671570335
168,-3.9245730161757137,0.18480456394854633
169,-6.34857890709492,0.18295651830906087
170,-8.25088426633565,0.18112695312597027
171,-3.771945346105478,0.17931568359471056
172,-8.68058473916978,0.17752252675876345
173,-7.399600086908536,0.17574730149117582
174,-7.751984312756386,0.17398982847626407
175,-6.718992114772399,0.17224993019150142
176,-7.123493079564275,0.1705274308895864
177,-8.694833646329258,0.16882215658069055
178,-8.857605378517437,0.16713393501488363
179,-9.577837795128211,0.16546259566473479
180,-8.882149899570583,0.16380796970808745
181,-9.263225343086578,0.16216989001100657
182,-10.117415198442778,0.1605481911108965
183,-7.780362533928237,0.15894270919978754
184,-9.534185390435095,0.15735328210778965
185,-8.470904702055755,0.15577974928671176
186,-9.659024569443194,0.15422195179384465
187,-8.24237675691907,0.1526797322759062
188,-7.862330112041877,0.15115293495314713
189,-7.302724168541859,0.14964140560361566
190,-3.9374447094434304,0.1481449915475795
191,-3.9509385186040853,0.1466635416321037
192,-3.925950488924441,0.14519690621578268
193,-4.381727732459652,0.14374493715362485
194,-7.974335743308421,0.1423074877820886
195,-6.331696304149645,0.1408844129042677
196,-6.515751135142051,0.13947556877522502
197,-2.671779419779137,0.13808081308747278
198,-6.875105704668904,0.13670000495659804
199,-5.695540611105068,0.13533300490703207
200,-2.458296888592336,0.13397967485796175
201,-6.91349956520364,0.13263987810938213
202,-9.365290889351668,0.1313134793282883
203,-5.789334568471416,0.13000034453500542
204,-3.8050393137238743,0.12870034108965536
205,-7.725945485252104,0.12741333767875881
206,-4.3011778390148425,0.12613920430197123
207,-3.9621962606654364,0.12487781225895152
208,-6.243248355368977,0.123629034136362
209,-7.141875137132083,0.12239274379499838
210,-7.1145818862913055,0.1211688163570484
211,-5.915365390261054,0.11995712819347792
212,-4.432189014985845,0.11875755691154315
213,-6.400402477670628,0.11756998134242772
214,-2.806251185466882,0.11639428152900344
215,-5.87607103317227,0.11523033871371341
216,-6.543049091880329,0.11407803532657627
217,-5.3079602507987715,0.11293725497331052
218,-7.225495535811948,0.1118078824235774
219,-7.94641586718555,0.11068980359934164
220,-7.597836296057142,0.10958290556334822
221,-7.060257153701133,0.10848707650771475
222,-8.35558130707966,0.1074022057426376
223,-5.225338014662981,0.10632818368521123
224,-7.045255146080658,0.10526490184835911
225,-5.042113050510501,0.10421225282987552
226,-3.9237190879495376,0.10317013030157676
227,-7.67704182977079,0.10213842899856099
228,-5.5209931018254945,0.10111704470857538
229,-9.187697049882072,0.10010587426148963
230,-8.311978276974433,0.09910481551887473
231,-2.174335730261209,0.09811376736368599
232,-7.27344374327805,0.09713262969004913
233,-5.803638478508075,0.09616130339314863
234,-8.547049128851818,0.09519969035921715
235,-7.06773736155559,0.09424769345562498
236,-9.60180215467364,0.09330521652106873
237,-2.556862853386141,0.09237216435585804
238,-5.405667413558933,0.09144844271229946
239,-5.871950045052333,0.09053395828517646
240,-2.5174945441103267,0.08962861870232469
241,-3.7241623284644563,0.08873233251530144
242,-2.2465478828886534,0.08784500919014843
243,-6.628747233561893,0.08696655909824694
244,-4.299048413147157,0.08609689350726446
245,-7.639530836237103,0.08523592457219181
246,-6.3417747743338975,0.0843835653264699
247,-4.4341470894106285,0.0835397296732052
248,-6.855549680029917,0.08270433237647315
249,-7.232166638304889,0.08187728905270841
250,-5.698625807624547,0.08105851616218133
251,-2.4878591805394343,0.08024793100055952
252,-7.740507584298349,0.07944545169055392
253,-8.588659385223323,0.07865099717364837
254,-7.865722112633126,0.07786448720191189
255,-7.6006771414029295,0.07708584232989277
256,-8.824079641001779,0.07631498390659384
257,-8.070371099735551,0.07555183406752791
258,-5.261715661973724,0.07479631572685264
259,-6.78295451920141,0.07404835256958411
260,-7.1974850577277945,0.07330786904388827
261,-5.520916078373183,0.07257479035344938
262,-5.644988580304224,0.07184904244991488
263,-4.712253827261003,0.07113055202541574
264,-3.7284153410431653,0.07041924650516158
265,-6.4363839680045265,0.06971505404010997
266,-6.328613468289581,0.06901790349970886
267,-6.54128227700148,0.06832772446471178
268,-3.250059389821937,0.06764444722006466
269,-6.134567333951434,0.066968002747864
270,-7.033189842201187,0.06629832272038537
271,-6.337003910209362,0.06563533949318151
272,-6.766412172819033,0.06497898609824969
273,-6.277985221621682,0.0643291962372672
274,-4.542064893147479,0.06368590427489453
275,-9.495893955017511,0.06304904523214558
276,-7.228969737586617,0.06241855477982412
277,-8.20263080285745,0.06179436923202588
278,-7.27462024083214,0.06117642553970562
279,-7.355305944013285,0.06056466128430856
280,-4.968655037952553,0.05995901467146548
281,-5.416169826433791,0.05935942452475082
282,-6.163573142042296,0.058765830279503314
283,-6.761075615405216,0.05817817197670828
284,-7.1323410512222765,0.057596390256941195
285,-8.092815346454035,0.05702042635437178
286,-9.148741662123133,0.05645022209082806
287,-6.474874100280851,0.05588571986991978
288,-6.113250985458304,0.055326862671220584
289,-6.749273323495636,0.05477359404450838
290,-9.639192859420536,0.054225858104063294
291,-4.915668273918564,0.05368359952302266
292,-3.7134737595544784,0.053146763527792434
293,-2.8466365470254305,0.052615295892514506
294,-6.433297017398987,0.052089142933589364
295,-4.561680256874879,0.05156825150425347
296,-3.1061364006092123,0.051052568989210935
297,-4.069143568891882,0.05054204329931883
298,-4.693297370310743,0.05003662286632564
299,-5.144157349997474,0.04953625663766238
300,-8.527280797978612,0.04904089407128576
301,-4.497100425260072,0.0485504851305729
302,-3.0458721482423794,0.048064980279267165
303,-2.597533456512186,0.04758433047647449
304,-7.063863229572092,0.04710848717170975
305,-3.4787646846708244,0.04663740229999265
306,-6.419894738401551,0.04617102827699272
307,-7.841981336370801,0.045709317994222794
308,-5.759633237285556,0.04525222481428057
309,-5.121448039507398,0.04479970256613776
310,-6.067218800029542,0.04435170554047638
311,-7.155939465184945,0.043908188485071616
312,-5.572725901331316,0.0434691066002209
313,-6.936479795995366,0.04303441553421869
314,-5.493205678210044,0.0426040713788765
315,-5.204966337679647,0.04217803066508773
316,-6.122516032733776,0.04175625035843686
317,-5.3797308204547765,0.041338687854852486
318,-7.173689733870498,0.04092530097630396
319,-5.56919802583529,0.040516047966540916
320,-4.92285326991781,0.04011088748687551
321,-5.936941591461804,0.03970977861200675
322,-4.478339244664336,0.03931268082588668
323,-3.303129146422695,0.03891955401762781
324,-6.179467109455613,0.03853035847745153
325,-3.7848269120315337,0.03814505489267701
326,-5.289543154324649,0.03776360434375024
327,-8.427702337974477,0.03738596830031274
328,-5.310172398692572,0.03701210861730961
329,-7.441506648595561,0.03664198753113651
330,-7.213209538701547,0.036275567655825146
331,-3.13921161363798,0.03591281197926689
332,-3.25079302007682,0.035553683859474224
333,-6.268378324748358,0.03519814702087948
334,-8.09037056001615,0.03484616555067068
335,-7.6096554800611695,0.034497703895163975
336,-6.380456000283358,0.03415272685621234
337,-6.689582871012885,0.03381119958765021
338,-7.075152814721562,0.03347308759177371
339,-4.250697115636788,0.03313835671585597
340,-7.160326383924963,0.03280697314869741
341,-8.05706642074517,0.032478903417210436
342,-3.5268440210666796,0.032154114383038335
343,-6.766335910481013,0.03183257323920795
344,-3.4474701923424402,0.03151424750681587
345,-8.095897386861449,0.03119910503174771
346,-7.316242321969751,0.030887113981430233
347,-7.792854889581486,0.03057824284161593
348,-7.406461452902265,0.03027246041319977
349,-8.293529576997182,0.029969735809067772
350,-6.261612625267688,0.029670038450977095
351,-8.769308694311892,0.029373338066467324
352,-4.325935998471229,0.02907960468580265
353,-7.185230063363653,0.028788808638944622
354,-5.021169258849419,0.028500920552555174
355,-4.525030518576559,0.028215911347029624
356,-7.0006987052204614,0.027933752233559327
357,-7.203502556203309,0.027654414711223735
358,-7.155113408596467,0.027377870564111496
359,-5.296861890829348,0.027104091858470382
360,-7.116040228142341,0.026833050939885677
361,-5.671808335757667,0.02656472043048682
362,-8.128134220875602,0.02629907322618195
363,-7.581595737866392,0.026036082493920133
364,-9.168921666106206,0.02577572166898093
365,-7.20286711739664,0.025517964452291122
366,-7.566747629337053,0.02526278480776821
367,-5.9650377216057135,0.025010156959690527
368,-4.4398375637856935,0.02476005539009362
369,-9.437015743670397,0.024512454836192684
370,-7.019339365117834,0.024267330287830756
371,-7.304412708239085,0.024024656984952448
372,-6.845660040506563,0.023784410415102923
373,-6.857272141174737,0.023546566310951894
374,-5.214438623877465,0.023311100647842375
375,-4.643384899441048,0.02307798964136395
376,-6.386882826928723,0.022847209744950314
377,-5.851527302988058,0.02261873764750081
378,-6.09523401321978,0.022392550271025803
379,-6.942684806535966,0.022168624768315544
380,-6.48679221282808,0.02194693852063239
381,-7.352716424484428,0.021727469135426065
382,-5.772249776732673,0.021510194444071803
383,-7.91260167916169,0.021295092499631085
384,-6.04209077915637,0.021082141574634772
385,-5.81411414420079,0.020871320158888425
386,-6.715356871451622,0.020662606957299542
387,-6.391142911474283,0.020455980887726547
388,-6.8259895830883055,0.02025142107884928
389,-7.997582476117838,0.020048906868060788
390,-3.5402356346879422,0.01984841779938018
391,-2.9653795285712357,0.019649933621386378
392,-4.23286106860122,0.019453434285172513
393,-7.9027826678742095,0.019258899942320787
394,-5.132976598176047,0.01906631094289758
395,-7.593456201085073,0.018875647833468602
396,-2.215158271214444,0.018686891355133916
397,-8.434827655330846,0.018500022441582577
398,-2.109497048141615,0.01831502221716675
399,-2.7855008353022486,0.018131871994995084
400,-5.272451167383631,0.017950553275045134
401,-5.19327991723847,0.017771047742294682
402,-4.5271128870253765,0.017593337264871736
403,-3.158666997795937,0.01741740389222302
404,-5.645288631544673,0.01724322985330079
405,-7.255544284610519,0.017070797554767782
406,-8.056786776758349,0.016900089579220106
407,-6.252431582479306,0.016731088683427906
408,-4.409615559039378,0.016563777796593626
409,-5.955854058422094,0.016398140018627688
410,-6.025235491942757,0.01623415861844141
411,-6.9974000098664195,0.016071817032256998
412,-7.661522595337367,0.01591109886193443
413,-5.710780295786844,0.015751987873315085
414,-6.979716462802999,0.015594467994581935
415,-4.164795946565011,0.015438523314636115
416,-6.1170018449277705,0.015284138081489753
417,-7.115542046118785,0.015131296700674856
418,-7.6773819903389295,0.014979983733668108
419,-6.928110574213471,0.014830183896331426
420,-3.9810749984086646,0.014681882057368112
421,-4.0689792713311155,0.01453506323679443
422,-8.638547110568258,0.014389712604426485
423,-6.658587758501257,0.01424581547838222
424,-6.022145864431171,0.014103357323598397
425,-8.364549025773893,0.013962323750362413
426,-8.951875656518464,0.013822700512858789
427,-3.6448488685230087,0.0136844735077302
428,-9.247790638993619,0.013547628772652899
429,-7.14704705481244,0.01341215248492637
430,-6.087537778197108,0.013278030960077106
431,-8.157658562412951,0.013145250650476335
432,-7.618444602206516,0.01301379814397157
433,-8.817884264165842,0.012883660162531854
434,-6.666556724021447,0.012754823560906535
435,-8.660625113783123,0.01262727532529747
436,-6.417100470733806,0.012501002572044496
437,-6.758957318284235,0.01237599254632405
438,-3.7144294704901295,0.01225223262086081
439,-2.472409650883217,0.012129710294652202
440,-4.248717921091537,0.01200841319170568
441,-5.840269768139695,0.011888329059788623
442,-6.14186826453795,0.011769445769190737
443,-5.470224704793754,0.01165175131149883
444,-7.150305335960161,0.011535233798383842
445,-7.438642056463804,0.011419881460400004
446,-6.716655659046116,0.011305682645796004
447,-7.865385803852174,0.011192625819338045
448,-5.303051231310149,0.011080699561144665
449,-8.034963127006666,0.010969892565533218
450,-4.526852852576046,0.010860193639877886
451,-6.030192768004601,0.010751591703479106
452,-6.291615384607667,0.010644075786444315
453,-5.564135931329003,0.010537635028579873
454,-3.1138579811546547,0.010432258678294073
455,-8.721007430616202,0.010327936091511133
456,-7.200121111978201,0.010224656730596022
457,-9.534808960904908,0.01012241016329006
458,-7.703680714348546,0.01002118606165716
459,-6.895327770576467,0.009920974201040588
460,-6.408934751476049,0.009920974201040588
461,-6.382316785369592,0.009920974201040588
462,-8.540142641513995,0.009920974201040588
463,-7.046835551934487,0.009920974201040588
464,-8.17142511208992,0.009920974201040588
465,-9.384048993834861,0.009920974201040588
466,-7.64195569238255,0.009920974201040588
467,-5.370985790823371,0.009920974201040588
468,-6.385472761576393,0.009920974201040588
469,-8.733135818435565,0.009920974201040588
470,-7.334636858113339,0.009920974201040588
471,-7.768068782685408,0.009920974201040588
472,-9.021581170486115,0.009920974201040588
473,-6.980778165602262,0.009920974201040588
474,-8.209829047892505,0.009920974201040588
475,-8.414940428007725,0.009920974201040588
476,-7.307931575084536,0.009920974201040588
477,-10.204382997378907,0.009920974201040588
478,-8.489588056915892,0.009920974201040588
479,-5.784636208035795,0.009920974201040588
480,-7.115930574601782,0.009920974201040588
481,-6.609321505335803,0.009920974201040588
482,-7.618523233164657,0.009920974201040588
483,-8.507649053538579,0.009920974201040588
484,-7.076492979639637,0.009920974201040588
485,-6.9277602625062045,0.009920974201040588
486,-8.355446073519389,0.009920974201040588
487,-6.75296025789767,0.009920974201040588
488,-6.689027867009711,0.009920974201040588
489,-5.853341412062036,0.009920974201040588
490,-2.84977762075181,0.009920974201040588
491,-7.266492227010863,0.009920974201040588
492,-7.14649849743946,0.009920974201040588
493,-8.200342089408155,0.009920974201040588
494,-3.545093035381801,0.009920974201040588
495,-6.493446489419055,0.009920974201040588
496,-8.817620856175285,0.009920974201040588
497,-7.253947752170093,0.009920974201040588
498,-3.8531071382055746,0.009920974201040588
499,-3.426212152161517,0.009920974201040588
500,-3.44444538321719,0.009920974201040588
501,-3.4946970396126122,0.009920974201040588
502,-7.979334130531232,0.009920974201040588
503,-7.631986325382598,0.009920974201040588
504,-3.303285569189805,0.009920974201040588
505,-6.369885744750718,0.009920974201040588
506,-2.0939606327393068,0.009920974201040588
507,-6.651392003450768,0.009920974201040588
508,-5.860537094756493,0.009920974201040588
509,-6.478432437824053,0.009920974201040588
510,-7.278370470872597,0.009920974201040588
511,-2.604519672693989,0.009920974201040588
512,-6.312991672565905,0.009920974201040588
513,-4.640107495819296,0.009920974201040588
514,-6.570979992828252,0.009920974201040588
515,-7.213925667394655,0.009920974201040588
516,-2.037434054841866,0.009920974201040588
517,-9.032867279793681,0.009920974201040588
518,-2.931409526390455,0.009920974201040588
519,-7.131844673869609,0.009920974201040588
520,-4.660643426580364,0.009920974201040588
521,-3.4507847679582064,0.009920974201040588
522,-7.379812171818953,0.009920974201040588
523,-7.5324528703077664,0.009920974201040588
524,-3.128353025551551,0.009920974201040588
525,-2.7229174948262216,0.009920974201040588
526,-3.2342685128317696,0.009920974201040588
527,-6.77403304839308,0.009920974201040588
528,-3.5388227900200824,0.009920974201040588
529,-5.080134162046043,0.009920974201040588
530,-8.778828104144521,0.009920974201040588
531,-5.739463880146773,0.009920974201040588
532,-5.000319281745382,0.009920974201040588
533,-8.05252228498487,0.009920974201040588
534,-4.733661093737345,0.009920974201040588
535,-6.66203361124524,0.009920974201040588
536,-10.673237370392126,0.009920974201040588
537,-6.40847391486956,0.009920974201040588
538,-6.7863749166897955,0.009920974201040588
539,-3.296504718947823,0.009920974201040588
540,-5.613274570291534,0.009920974201040588
541,-5.051518195217241,0.009920974201040588
542,-6.379947912973729,0.009920974201040588
543,-2.9994422447713958,0.009920974201040588
544,-7.495000168031278,0.009920974201040588
545,-5.973823371369322,0.009920974201040588
546,-3.3346608295478193,0.009920974201040588
547,-5.8695581562824435,0.009920974201040588
548,-6.602623666269321,0.009920974201040588
549,-5.271090180261043,0.009920974201040588
550,-5.687307846898193,0.009920974201040588
551,-6.8395753032627695,0.009920974201040588
552,-5.466267869636272,0.009920974201040588
553,-3.643527251155223,0.009920974201040588
554,-6.581945950818069,0.009920974201040588
555,-5.473850835433496,0.009920974201040588
556,-7.192617374432822,0.009920974201040588
557,-9.104017021230776,0.009920974201040588
558,-6.687845809384668,0.009920974201040588
559,-8.96648156481054,0.009920974201040588
560,-7.2934880629855225,0.009920974201040588
561,-7.250534800375663,0.009920974201040588
562,-8.396856910898077,0.009920974201040588
563,-7.077221571722811,0.009920974201040588
564,-8.96905742585874,0.009920974201040588
565,-7.716185301001963,0.009920974201040588
566,-9.305232767450011,0.009920974201040588
567,-5.541237354466458,0.009920974201040588
568,-9.506499160416116,0.009920974201040588
569,-8.41426667052436,0.009920974201040588
570,-6.286380519329379,0.009920974201040588
571,-8.240706454983172,0.009920974201040588
572,-5.445466777860594,0.009920974201040588
573,-4.02646673977983,0.009920974201040588
574,-6.151641741277609,0.009920974201040588
575,-8.152669799674037,0.009920974201040588
576,-5.472635716187062,0.009920974201040588
577,-8.846093901196465,0.009920974201040588
578,-4.7306489025022005,0.009920974201040588
579,-8.033408615438447,0.009920974201040588
580,-4.5701361199696535,0.009920974201040588
581,-6.392798698868628,0.009920974201040588
582,-6.757108568389035,0.009920974201040588
583,-7.487560046825754,0.009920974201040588
584,-9.527209473019278,0.009920974201040588
585,-7.375099276145438,0.009920974201040588
586,-1.9925141918057494,0.009920974201040588
587,-6.921794515253218,0.009920974201040588
588,-5.439505854961816,0.009920974201040588
589,-6.108557431172832,0.009920974201040588
590,-8.192168874983606,0.009920974201040588
591,-5.946381589910935,0.009920974201040588
592,-5.188982042604659,0.009920974201040588
593,-6.6912356822105,0.009920974201040588
594,-6.818931547538106,0.009920974201040588
595,-7.71784421083444,0.009920974201040588
596,-5.507619393822215,0.009920974201040588
597,-3.0725468918851098,0.009920974201040588
598,-9.559327640412388,0.009920974201040588
599,-6.528631873247471,0.009920974201040588
600,-7.594377153302716,0.009920974201040588
601,-7.38363421075824,0.009920974201040588
602,-6.7053946876865655,0.009920974201040588
603,-7.890782909416946,0.009920974201040588
604,-4.10522717956802,0.009920974201040588
605,-4.7004757554138585,0.009920974201040588
606,-5.382723440744548,0.009920974201040588
607,-8.26516178994001,0.009920974201040588
608,-3.175503221923832,0.009920974201040588
609,-3.5423119886937284,0.009920974201040588
610,-7.164773133004317,0.009920974201040588
611,-4.952385674371252,0.009920974201040588
612,-4.528388943401598,0.009920974201040588
613,-3.099055613040613,0.009920974201040588
614,-5.7890743597569205,0.009920974201040588
615,-6.3660671426063224,0.009920974201040588
616,-4.889434539809371,0.009920974201040588
617,-8.533875043957247,0.009920974201040588
618,-5.631742760871905,0.009920974201040588
619,-2.395313908020273,0.009920974201040588
620,-5.378507757015157,0.009920974201040588
621,-4.041172970064129,0.009920974201040588
622,-4.298906920770661,0.009920974201040588
623,-4.453294556303886,0.009920974201040588
624,-5.547633023948261,0.009920974201040588
625,-4.727007409181999,0.009920974201040588
626,-5.496088193813037,0.009920974201040588
627,-7.715157424437038,0.009920974201040588
628,-6.241181584000212,0.009920974201040588
629,-3.2998263745760448,0.009920974201040588
630,-6.54612447763027,0.009920974201040588
631,-5.587105101300934,0.009920974201040588
632,-6.92181530492093,0.009920974201040588
633,-5.289599460119022,0.009920974201040588
634,-4.3806583910444825,0.009920974201040588
635,-5.79735649712967,0.009920974201040588
636,-7.9831623632377,0.009920974201040588
637,-6.471179917740703,0.009920974201040588
638,-7.9146758241872455,0.009920974201040588
639,-6.218602980834184,0.009920974201040588
640,-5.741977953746016,0.009920974201040588
641,-5.711733127367074,0.009920974201040588
642,-3.1324006770592554,0.009920974201040588
643,-8.826258587081309,0.009920974201040588
644,-4.394711324513397,0.009920974201040588
645,-6.997317589198333,0.009920974201040588
646,-6.611955373970622,0.009920974201040588
647,-6.728699646792625,0.009920974201040588
648,-5.506744916521306,0.009920974201040588
649,-7.740790517943393,0.009920974201040588
650,-6.953506798134096,0.009920974201040588
651,-8.259718834365799,0.009920974201040588
652,-3.0686023963767948,0.009920974201040588
653,-2.0942135914616538,0.009920974201040588
654,-7.852612315648793,0.009920974201040588
655,-8.806271963533018,0.009920974201040588
656,-6.34941040957794,0.009920974201040588
657,-4.960699393311399,0.009920974201040588
658,-2.2233241167152618,0.009920974201040588
659,-8.128613138971026,0.009920974201040588
660,-6.328296434117272,0.009920974201040588
661,-5.632147671617087,0.009920974201040588
662,-3.0258580680190983,0.009920974201040588
663,-5.8621206888188855,0.009920974201040588
664,-7.082494265437493,0.009920974201040588
665,-8.125457345390213,0.009920974201040588
666,-7.049749649116814,0.009920974201040588
667,-6.261829446088431,0.009920974201040588
668,-4.993127945897088,0.009920974201040588
669,-5.690542942203378,0.009920974201040588
670,-6.945717119431934,0.009920974201040588
671,-6.182260931479482,0.009920974201040588
672,-8.401302915080691,0.009920974201040588
673,-6.044194298312208,0.009920974201040588
674,-7.129457035550908,0.009920974201040588
675,-4.606022684706279,0.009920974201040588
676,-5.74966361179449,0.009920974201040588
677,-5.983025538819117,0.009920974201040588
678,-3.3043888756151674,0.009920974201040588
679,-6.476779283725611,0.009920974201040588
680,-8.038599386196424,0.009920974201040588
681,-8.187917177515093,0.009920974201040588
682,-5.09482247990761,0.009920974201040588
683,-6.6161481774198485,0.009920974201040588
684,-4.655651756670661,0.009920974201040588
685,-2.798179751186141,0.009920974201040588
686,-5.654611214635425,0.009920974201040588
687,-10.26178162415254,0.009920974201040588
688,-6.803698405362879,0.009920974201040588
689,-2.7881314772595434,0.009920974201040588
690,-5.9195125658517025,0.009920974201040588
691,-4.24311944434724,0.009920974201040588
692,-7.397135300566435,0.009920974201040588
693,-5.443565400355501,0.009920974201040588
694,-4.368717163362018,0.009920974201040588
695,-6.24269929976183,0.009920974201040588
696,-4.744192580822698,0.009920974201040588
697,-6.274630182378651,0.009920974201040588
698,-8.211332494943164,0.009920974201040588
699,-6.117616714932938,0.009920974201040588
700,-4.700943638617814,0.009920974201040588
701,-5.803496651081668,0.009920974201040588
702,-6.221545895468206,0.009920974201040588
703,-5.08520479837752,0.009920974201040588
704,-6.743087795471741,0.009920974201040588
705,-7.313144873331334,0.009920974201040588
706,-4.329651248953711,0.009920974201040588
707,-7.075653437440991,0.009920974201040588
708,-4.164795946565011,0.009920974201040588
709,-6.223934043422821,0.009920974201040588
710,-6.967301804972612,0.009920974201040588
711,-6.278761465441916,0.009920974201040588
712,-4.23439201133805,0.009920974201040588
713,-6.474492919794709,0.009920974201040588
714,-3.018384160852271,0.009920974201040588
715,-7.749593413535206,0.009920974201040588
716,-2.4660868266754346,0.009920974201040588
717,-6.018055406625809,0.009920974201040588
718,-5.599338116204789,0.009920974201040588
719,-3.5813984650747814,0.009920974201040588
720,-7.330064831785142,0.009920974201040588
721,-6.498634636448631,0.009920974201040588
722,-4.426419929761548,0.009920974201040588
723,-4.3914611141361855,0.009920974201040588
724,-8.236473141129693,0.009920974201040588
725,-7.256933979296398,0.009920974201040588
726,-8.024155573758382,0.009920974201040588
727,-3.0952564563505827,0.009920974201040588
728,-8.88219844419867,0.009920974201040588
729,-6.547058113037072,0.009920974201040588
730,-8.66134070909206,0.009920974201040588
731,-8.450195751880976,0.009920974201040588
732,-6.757980370568796,0.009920974201040588
733,-3.626488818966582,0.009920974201040588
734,-9.86961402000786,0.009920974201040588
735,-6.598499364542175,0.009920974201040588
736,-6.708819090813791,0.009920974201040588
737,-4.150639180333092,0.009920974201040588
738,-6.864701531382258,0.009920974201040588
739,-3.651140916723026,0.009920974201040588
740,-8.501618364959112,0.009920974201040588
741,-6.938161932507352,0.009920974201040588
742,-9.048911518015736,0.009920974201040588
743,-6.521722473763376,0.009920974201040588
744,-6.730788440429057,0.009920974201040588
745,-6.964862346311227,0.009920974201040588
746,-9.134930755030176,0.009920974201040588
747,-8.692895111889152,0.009920974201040588
748,-10.762179003798344,0.009920974201040588
749,-6.188626502652758,0.009920974201040588
750,-7.366396273067867,0.009920974201040588
751,-6.708057867569499,0.009920974201040588
752,-7.455276855551298,0.009920974201040588
753,-6.573403593510035,0.009920974201040588
754,-7.929745204731181,0.009920974201040588
755,-7.757181050946915,0.009920974201040588
756,-4.479323975346451,0.009920974201040588
757,-6.764808243460585,0.009920974201040588
758,-8.048088471960416,0.009920974201040588
759,-8.002865123426172,0.009920974201040588
760,-6.945439214053638,0.009920974201040588
761,-6.9801041066147365,0.009920974201040588
762,-6.621465034925618,0.009920974201040588
763,-7.558839291956325,0.009920974201040588
764,-7.555655694044868,0.009920974201040588
765,-6.648486418623524,0.009920974201040588
766,-6.680551363906354,0.009920974201040588
767,-6.802558833307203,0.009920974201040588
768,-9.165770659489938,0.009920974201040588
769,-5.488300339981484,0.009920974201040588
770,-7.816166896257609,0.009920974201040588
771,-8.281042941534846,0.009920974201040588
772,-6.913016405804131,0.009920974201040588
773,-7.130335981248693,0.009920974201040588
774,-7.143785824283742,0.009920974201040588
775,-6.839319946586475,0.009920974201040588
776,-4.849724570736532,0.009920974201040588
777,-6.038914751040028,0.009920974201040588
778,-6.971304491710684,0.009920974201040588
779,-8.459858223118303,0.009920974201040588
780,-6.5252797818586465,0.009920974201040588
781,-7.062380369063157,0.009920974201040588
782,-7.0819599205094965,0.009920974201040588
783,-1.835617782827501,0.009920974201040588
784,-7.208569934148023,0.009920974201040588
785,-7.109649777760895,0.009920974201040588
786,-4.238916730283975,0.009920974201040588
787,-7.453508809789269,0.009920974201040588
788,-5.724492747794466,0.009920974201040588
789,-2.9841048635042093,0.009920974201040588
790,-2.333432502307348,0.009920974201040588
791,-2.1314601302831346,0.009920974201040588
792,-8.322169671736352,0.009920974201040588
793,-6.6976161708909565,0.009920974201040588
794,-6.098588298141737,0.009920974201040588
795,-4.283450606406682,0.009920974201040588
796,-2.398845403015972,0.009920974201040588
797,-5.063634680035756,0.009920974201040588
798,-6.066194343716445,0.009920974201040588
799,-4.385127383332724,0.009920974201040588
800,-4.920894325121557,0.009920974201040588
801,-2.926140405024218,0.009920974201040588
802,-5.040948536131958,0.009920974201040588
803,-5.403568235055883,0.009920974201040588
804,-3.465989370638622,0.009920974201040588
805,-2.0821515164722015,0.009920974201040588
806,-6.320646477449975,0.009920974201040588
807,-6.290795236373446,0.009920974201040588
808,-6.274017545704618,0.009920974201040588
809,-6.004277402535056,0.009920974201040588
810,-4.049674285174867,0.009920974201040588
811,-5.4360113691719025,0.009920974201040588
812,-3.9512027808851453,0.009920974201040588
813,-6.599320786032198,0.009920974201040588
814,-7.4636458502000025,0.009920974201040588
815,-6.590806111928369,0.009920974201040588
816,-7.081394273367266,0.009920974201040588
817,-6.637706364103314,0.009920974201040588
818,-5.586924442107808,0.009920974201040588
819,-6.231240459962963,0.009920974201040588
820,-6.462304196802882,0.009920974201040588
821,-6.028977620704204,0.009920974201040588
822,-6.231799914876346,0.009920974201040588
823,-6.495773558468903,0.009920974201040588
824,-7.3513473094611514,0.009920974201040588
825,-8.206546694244995,0.009920974201040588
826,-5.990143916279158,0.009920974201040588
827,-7.412209816241787,0.009920974201040588
828,-6.2400325130626655,0.009920974201040588
829,-5.241616665594096,0.009920974201040588
830,-5.973439339800482,0.009920974201040588
831,-6.446528176651807,0.009920974201040588
832,-7.84224195937729,0.009920974201040588
833,-7.593616070332184,0.009920974201040588
834,-6.129363160632301,0.009920974201040588
835,-8.179045726205281,0.009920974201040588
836,-8.050588701743184,0.009920974201040588
837,-7.523126437538988,0.009920974201040588
838,-7.684700154962358,0.009920974201040588
839,-5.986309510369942,0.009920974201040588
840,-7.044191883412575,0.009920974201040588
841,-5.219088409225268,0.009920974201040588
842,-7.666616867316117,0.009920974201040588
843,-7.518265403455749,0.009920974201040588
844,-6.854507580955355,0.009920974201040588
845,-7.270489023194081,0.009920974201040588
846,-8.723479146459296,0.009920974201040588
847,-4.67901685363337,0.009920974201040588
848,-9.743820365269865,0.009920974201040588
849,-8.84081950954122,0.009920974201040588
850,-8.416756562478579,0.009920974201040588
851,-4.347664111634316,0.009920974201040588
852,-4.8336157804846245,0.009920974201040588
853,-8.519618371682963,0.009920974201040588
854,-8.464801406259937,0.009920974201040588
855,-8.439354106923671,0.009920974201040588
856,-6.123264278875423,0.009920974201040588
857,-4.642636422295312,0.009920974201040588
858,-6.494295869603983,0.009920974201040588
859,-8.420648219999332,0.009920974201040588
860,-7.99427495893989,0.009920974201040588
861,-3.137814669441359,0.009920974201040588
862,-3.1385064448590887,0.009920974201040588
863,-5.925353450249805,0.009920974201040588
864,-5.637111578876218,0.009920974201040588
865,-7.353840487818856,0.009920974201040588
866,-6.310427856595203,0.009920974201040588
867,-8.981502382832112,0.009920974201040588
868,-7.556607620976726,0.009920974201040588
869,-7.634794542055753,0.009920974201040588
870,-7.443472009655823,0.009920974201040588
871,-7.953744033206476,0.009920974201040588
872,-3.0104516904217915,0.009920974201040588
873,-6.638400102671662,0.009920974201040588
874,-5.338601685045558,0.009920974201040588
875,-7.585015497752053,0.009920974201040588
876,-8.026474709055215,0.009920974201040588
877,-3.1999387847860445,0.009920974201040588
878,-6.872486451319305,0.009920974201040588
879,-1.9122145702199562,0.009920974201040588
880,-2.344523046747242,0.009920974201040588
881,-2.4727000843757083,0.009920974201040588
882,-1.994694250735704,0.009920974201040588
883,-2.2863067053635233,0.009920974201040588
884,-3.7467114399694084,0.009920974201040588
885,-2.990641023826259,0.009920974201040588
886,-3.680375948994855,0.009920974201040588
887,-3.8891165964788232,0.009920974201040588
888,-2.810224607132681,0.009920974201040588
889,-7.179927051545219,0.009920974201040588
890,-7.853507281875426,0.009920974201040588
891,-2.9201539120444586,0.009920974201040588
892,-5.380832820218874,0.009920974201040588
893,-6.958489416620998,0.009920974201040588
894,-8.09213219466049,0.009920974201040588
895,-6.9756865114043745,0.009920974201040588
896,-3.5916061349968804,0.009920974201040588
897,-6.009913421069095,0.009920974201040588
898,-5.343857594068981,0.009920974201040588
899,-5.086125752058433,0.009920974201040588
900,-4.7046525888600454,0.009920974201040588
901,-3.46099244538508,0.009920974201040588
902,-5.958985202127127,0.009920974201040588
903,-8.38352997740458,0.009920974201040588
904,-4.9260494608688585,0.009920974201040588
905,-6.314275192241835,0.009920974201040588
906,-2.1772297494485144,0.009920974201040588
907,-5.680703140184319,0.009920974201040588
908,-2.173422814112649,0.009920974201040588
909,-4.496808940501747,0.009920974201040588
910,-8.490114753021132,0.009920974201040588
911,-4.762486791402189,0.009920974201040588
912,-6.046067441040929,0.009920974201040588
913,-3.206465437530299,0.009920974201040588
914,-10.171053898762244,0.009920974201040588
915,-8.463541088905922,0.009920974201040588
916,-9.90998898657657,0.009920974201040588
917,-6.914282659363384,0.009920974201040588
918,-6.011507077313423,0.009920974201040588
919,-4.626482898122591,0.009920974201040588
920,-2.834519251782189,0.009920974201040588
921,-6.58221215753479,0.009920974201040588
922,-8.949172072863057,0.009920974201040588
923,-7.747529517404764,0.009920974201040588
924,-9.025573942426668,0.009920974201040588
925,-7.2876506793901985,0.009920974201040588
926,-5.586506805561543,0.009920974201040588
927,-5.478655290378795,0.009920974201040588
928,-5.504512511146009,0.009920974201040588
929,-6.074241004384428,0.009920974201040588
930,-4.445187802439734,0.009920974201040588
931,-6.234978899180709,0.009920974201040588
932,-7.593072856586466,0.009920974201040588
933,-4.917239993680363,0.009920974201040588
934,-4.9853946269182705,0.009920974201040588
935,-4.253456008005141,0.009920974201040588
936,-5.956696467768135,0.009920974201040588
937,-6.103536320233499,0.009920974201040588
938,-8.820641639330601,0.009920974201040588
939,-4.228097530527743,0.009920974201040588
940,-7.0312095035272035,0.009920974201040588
941,-8.155689272679627,0.009920974201040588
942,-6.301066526279509,0.009920974201040588
943,-7.331627709068447,0.009920974201040588
944,-5.522090558256611,0.009920974201040588
945,-4.18573327852206,0.009920974201040588
946,-4.637816956605906,0.009920974201040588
947,-4.001049690294705,0.009920974201040588
948,-4.280228979244322,0.009920974201040588
949,-5.6793219266112445,0.009920974201040588
950,-6.159828114426947,0.009920974201040588
951,-5.253050509176206,0.009920974201040588
952,-6.625522639516653,0.009920974201040588
953,-5.330581607361681,0.009920974201040588
954,-6.620286797730586,0.009920974201040588
955,-6.277808104757342,0.009920974201040588
956,-5.7751145772778925,0.009920974201040588
957,-5.885512482688107,0.009920974201040588
958,-4.82061598671101,0.009920974201040588
959,-7.517384483385975,0.009920974201040588
960,-6.837694678473129,0.009920974201040588
961,-7.6760847046602425,0.009920974201040588
962,-4.743776566530052,0.009920974201040588
963,-5.817988764024039,0.009920974201040588
964,-5.324625968231497,0.009920974201040588
965,-6.375679825008504,0.009920974201040588
966,-6.596685362785371,0.009920974201040588
967,-6.683969445598422,0.009920974201040588
968,-6.88004866259989,0.009920974201040588
969,-4.606595816798139,0.009920974201040588
970,-4.936144845525199,0.009920974201040588
971,-4.975534852804882,0.009920974201040588
972,-6.210195256310477,0.009920974201040588
973,-6.298578469934412,0.009920974201040588
974,-6.351398827099244,0.009920974201040588
975,-6.601246793042575,0.009920974201040588
976,-3.0523042897059374,0.009920974201040588
977,-5.194373306353266,0.009920974201040588
978,-4.194452622352729,0.009920974201040588
979,-4.502842517983724,0.009920974201040588
980,-6.951713263934264,0.009920974201040588
981,-5.911751252262039,0.009920974201040588
982,-6.317005469710772,0.009920974201040588
983,-3.2865346156731525,0.009920974201040588
984,-6.60147607799656,0.009920974201040588
985,-3.6603906627457694,0.009920974201040588
986,-6.504467774229145,0.009920974201040588
987,-4.457551942064985,0.009920974201040588
988,-8.262510224186926,0.009920974201040588
989,-7.241054366804276,0.009920974201040588
990,-6.666896139778197,0.009920974201040588
991,-3.5271621344902067,0.009920974201040588
992,-7.370354368985329,0.009920974201040588
993,-5.747715972201828,0.009920974201040588
994,-6.325512254366945,0.009920974201040588
995,-5.4771648007592315,0.009920974201040588
996,-6.482997114912678,0.009920974201040588
997,-7.067029063313395,0.009920974201040588
998,-7.638967048459159,0.009920974201040588
999,-5.232563372860687,0.009920974201040588
1000,-9.265019672320296,0.009920974201040588
1001,-7.639080170251374,0.009920974201040588
1002,-7.393371501006893,0.009920974201040588
1003,-4.746306411479189,0.009920974201040588
1004,-2.8123527564512405,0.009920974201040588
1005,-6.85595814344058,0.009920974201040588
1006,-6.48833980772505,0.009920974201040588
1007,-6.456681583665261,0.009920974201040588
1008,-7.402030619369757,0.009920974201040588
1009,-6.522571931942959,0.009920974201040588
1010,-4.895529950448132,0.009920974201040588
1011,-3.9889380004961943,0.009920974201040588
1012,-5.290681611024315,0.009920974201040588
1013,-5.4533087664660975,0.009920974201040588
1014,-7.16300993599282,0.009920974201040588
1015,-6.023481641716546,0.009920974201040588
1016,-6.007409122439101,0.009920974201040588
1017,-6.067431325651941,0.009920974201040588
1018,-5.5083359787006065,0.009920974201040588
1019,-5.3057451499338395,0.009920974201040588
1020,-8.578491438522523,0.009920974201040588
1021,-3.9246971162851376,0.009920974201040588
1022,-10.655155457058555,0.009920974201040588
1023,-6.331401924171543,0.009920974201040588
1024,-6.296999917686572,0.009920974201040588
1025,-6.030467814847895,0.009920974201040588
1026,-7.686794405223211,0.009920974201040588
1027,-8.048778475745376,0.009920974201040588
1028,-4.220269057033551,0.009920974201040588
1029,-8.734225357763382,0.009920974201040588
1030,-7.398588670808401,0.009920974201040588
1031,-10.403220946375864,0.009920974201040588
1032,-5.746200177007575,0.009920974201040588
1033,-9.265244204558936,0.009920974201040588
1034,-8.090029840255976,0.009920974201040588
1035,-2.343082731104075,0.009920974201040588
1036,-6.735824499263312,0.009920974201040588
1037,-5.422715748359764,0.009920974201040588
1038,-6.71504495408912,0.009920974201040588
1039,-6.583181374642219,0.009920974201040588
1040,-2.8642178642541487,0.009920974201040588
1041,-6.665118671881829,0.009920974201040588
1042,-5.736895656988439,0.009920974201040588
1043,-2.837730009617418,0.009920974201040588
1044,-5.820511163452107,0.009920974201040588
1045,-5.251338074961545,0.009920974201040588
1046,-9.847131041471282,0.009920974201040588
1047,-4.8373750383979885,0.009920974201040588
1048,-4.738455941283388,0.009920974201040588
1049,-5.372557144285713,0.009920974201040588
1050,-6.879631605963749,0.009920974201040588
1051,-11.142596427830757,0.009920974201040588
1052,-9.665648139432044,0.009920974201040588
1053,-7.416752865066037,0.009920974201040588
1054,-7.2112455398237945,0.009920974201040588
1055,-5.478224590997229,0.009920974201040588
1056,-7.434334825641001,0.009920974201040588
1057,-6.7667429768243865,0.009920974201040588
1058,-7.420431543596544,0.009920974201040588
1059,-7.320808234898511,0.009920974201040588
1060,-2.2333516114218677,0.009920974201040588
1061,-4.5577755109040465,0.009920974201040588
1062,-7.52772307831846,0.009920974201040588
1063,-7.1395018173399585,0.009920974201040588
1064,-5.9430035033515916,0.009920974201040588
1065,-5.46823369072942,0.009920974201040588
1066,-7.11479968408355,0.009920974201040588
1067,-5.441037318389549,0.009920974201040588
1068,-8.39423926758992,0.009920974201040588
1069,-4.666072418346148,0.009920974201040588
1070,-5.130234191460142,0.009920974201040588
1071,-4.418123701282726,0.009920974201040588
1072,-8.204942423891865,0.009920974201040588
1073,-8.899438308625358,0.009920974201040588
1074,-8.555785520768318,0.009920974201040588
1075,-2.933020113507406,0.009920974201040588
1076,-5.795633721827329,0.009920974201040588
1077,-4.6405273850581485,0.009920974201040588
1078,-8.084006019568214,0.009920974201040588
1079,-5.491176190493629,0.009920974201040588
1080,-7.233577467100604,0.009920974201040588
1081,-2.420183959204758,0.009920974201040588
1082,-6.10107664126655,0.009920974201040588
1083,-2.7250062665358925,0.009920974201040588
1084,-8.644072307927036,0.009920974201040588
1085,-8.436098110030736,0.009920974201040588
1086,-7.477563967465398,0.009920974201040588
1087,-5.938487970920857,0.009920974201040588
1088,-8.611392302832327,0.009920974201040588
1089,-5.863369942357359,0.009920974201040588
1090,-6.761278287883734,0.009920974201040588
1091,-9.35689149694008,0.009920974201040588
1092,-4.86157198318161,0.009920974201040588
1093,-5.956049046041906,0.009920974201040588
1094,-5.6520974735440905,0.009920974201040588
1095,-3.72823638187944,0.009920974201040588
1096,-4.9582769850058686,0.009920974201040588
1097,-4.493567972229656,0.009920974201040588
1098,-6.568746585868116,0.009920974201040588
1099,-3.931561564208617,0.009920974201040588
1100,-5.143504619839993,0.009920974201040588
1101,-5.604423251559833,0.009920974201040588
1102,-6.561227083008019,0.009920974201040588
1103,-7.01112444611755,0.009920974201040588
1104,-4.390008431073845,0.009920974201040588
1105,-5.880081827557214,0.009920974201040588
1106,-6.706377046441233,0.009920974201040588
1107,-4.549270852723668,0.009920974201040588
1108,-5.215707567194359,0.009920974201040588
1109,-6.263849449334331,0.009920974201040588
1110,-6.510581492728624,0.009920974201040588
1111,-4.406074437279601,0.009920974201040588
1112,-6.531710942856418,0.009920974201040588
1113,-4.150130493495335,0.009920974201040588
1114,-3.00423713695096,0.009920974201040588
1115,-5.949284208892545,0.009920974201040588
1116,-9.626341625869573,0.009920974201040588
1117,-2.2193873328098226,0.009920974201040588
1118,-2.3180959049943,0.009920974201040588
1119,-3.797015015567402,0.009920974201040588
1120,-5.074485875122191,0.009920974201040588
1121,-1.9626847249499892,0.009920974201040588
1122,-6.73819744415116,0.009920974201040588
1123,-3.4837674873715816,0.009920974201040588
1124,-6.1677427326878735,0.009920974201040588
1125,-6.657059534342061,0.009920974201040588
1126,-1.3815087765983938,0.009920974201040588
1127,-7.140635120486772,0.009920974201040588
1128,-3.1747174120762978,0.009920974201040588
1129,-6.358099734587335,0.009920974201040588
1130,-2.626212135181885,0.009920974201040588
1131,-5.009003051312339,0.009920974201040588
1132,-6.148659088088339,0.009920974201040588
1133,-6.721994005820802,0.009920974201040588
1134,-6.229143694463382,0.009920974201040588
1135,-6.162375360999986,0.009920974201040588
1136,-6.934504942252541,0.009920974201040588
1137,-7.456456355889325,0.009920974201040588
1138,-8.725237907379675,0.009920974201040588
1139,-8.813248183634506,0.009920974201040588
1140,-4.06992425693495,0.009920974201040588
1141,-5.91895836382548,0.009920974201040588
1142,-6.4078831929907585,0.009920974201040588
1143,-7.038506417956379,0.009920974201040588
1144,-2.9741420891310857,0.009920974201040588
1145,-7.159979933243731,0.009920974201040588
1146,-6.028125633103262,0.009920974201040588
1147,-6.894614936635565,0.009920974201040588
1148,-6.3138844772263205,0.009920974201040588
1149,-5.712185785490222,0.009920974201040588
1150,-6.982658728551447,0.009920974201040588
1151,-4.685206026184736,0.009920974201040588
1152,-8.737344025281246,0.009920974201040588
1153,-5.87655422571191,0.009920974201040588
1154,-5.585294367953174,0.009920974201040588
1155,-8.038185310571492,0.009920974201040588
1156,-3.024756020837395,0.009920974201040588
1157,-7.215753887106873,0.009920974201040588
1158,-2.9320246535438996,0.009920974201040588
1159,-4.592560251290854,0.009920974201040588
1160,-7.921462966704178,0.009920974201040588
1161,-4.48869844896229,0.009920974201040588
1162,-7.388192842096862,0.009920974201040588
1163,-4.445930872808764,0.009920974201040588
1164,-5.493652072434676,0.009920974201040588
1165,-5.713139927529216,0.009920974201040588
1166,-3.0181318879249224,0.009920974201040588
1167,-6.57988153231369,0.009920974201040588
1168,-6.086101232232027,0.009920974201040588
1169,-7.6428387869326375,0.009920974201040588
1170,-5.541894091094936,0.009920974201040588
1171,-2.581254538308694,0.009920974201040588
1172,-5.396595756567012,0.009920974201040588
1173,-2.4549176127747905,0.009920974201040588
1174,-3.1166211595517295,0.009920974201040588
1175,-9.563676913415485,0.009920974201040588
1176,-2.339410039191256,0.009920974201040588
1177,-5.196992303185202,0.009920974201040588
1178,-5.508650914319535,0.009920974201040588
1179,-2.5024955568927183,0.009920974201040588
1180,-7.074204888091117,0.009920974201040588
1181,-5.285032967707607,0.009920974201040588
1182,-2.6120219901527477,0.009920974201040588
1183,-2.201929946770388,0.009920974201040588
1184,-4.263070541034123,0.009920974201040588
1185,-5.392571593269945,0.009920974201040588
1186,-6.292689998581398,0.009920974201040588
1187,-5.1188890316224445,0.009920974201040588
1188,-5.093910847909096,0.009920974201040588
1189,-3.334766387267472,0.009920974201040588
1190,-5.067743447466013,0.009920974201040588
1191,-4.812510712952065,0.009920974201040588
1192,-4.373208369919793,0.009920974201040588
1193,-5.71569303541431,0.009920974201040588
1194,-1.8313195260090116,0.009920974201040588
1195,-4.107323790393931,0.009920974201040588
1196,-5.2240362268190665,0.009920974201040588
1197,-5.629042440780755,0.009920974201040588
1198,-4.109932569884251,0.009920974201040588
1199,-5.81360963805688,0.009920974201040588
1200,-2.4511368011775296,0.009920974201040588
1201,-4.411278637756121,0.009920974201040588
1202,-6.027306079943402,0.009920974201040588
1203,-5.083659946932148,0.009920974201040588
1204,-6.6981767329816915,0.009920974201040588
1205,-4.603789686841152,0.009920974201040588
1206,-6.5212461564889095,0.009920974201040588
1207,-2.9988889854848164,0.009920974201040588
1208,-3.9177072828378003,0.009920974201040588
1209,-5.5697108283396615,0.009920974201040588
1210,-5.627912414846177,0.009920974201040588
1211,-6.896347371081646,0.009920974201040588
1212,-2.9611008842174575,0.009920974201040588
1213,-2.0998887199857874,0.009920974201040588
1214,-5.229759492703458,0.009920974201040588
1215,-8.04089995183302,0.009920974201040588
1216,-2.9411371732792153,0.009920974201040588
1217,-6.512441235101277,0.009920974201040588
1218,-6.375773635809187,0.009920974201040588
1219,-10.332810246875843,0.009920974201040588
1220,-5.821649589452155,0.009920974201040588
1221,-5.775697723035214,0.009920974201040588
1222,-5.540312192050926,0.009920974201040588
1223,-6.589974139438073,0.009920974201040588
1224,-5.571753731977903,0.009920974201040588
1225,-8.50243212400902,0.009920974201040588
1226,-6.697932544851952,0.009920974201040588
1227,-9.044752748056668,0.009920974201040588
1228,-4.694366437347717,0.009920974201040588
1229,-11.346002245954491,0.009920974201040588
1230,-9.056818247218946,0.009920974201040588
1231,-6.343304966847571,0.009920974201040588
1232,-6.683332515027782,0.009920974201040588
1233,-3.9845298559964606,0.009920974201040588
1234,-5.9480204094483025,0.009920974201040588
1235,-6.385205217836337,0.009920974201040588
1236,-8.322261372045986,0.009920974201040588
1237,-5.698158231655744,0.009920974201040588
1238,-3.2709373421819326,0.009920974201040588
1239,-6.624361464225795,0.009920974201040588
1240,-7.659934592134724,0.009920974201040588
1241,-9.365969799844134,0.009920974201040588
1242,-10.120122259411167,0.009920974201040588
1243,-9.342370855582704,0.009920974201040588
1244,-6.945766494888736,0.009920974201040588
1245,-7.205470806839089,0.009920974201040588
1246,-9.175985734144062,0.009920974201040588
1247,-4.967758355779527,0.009920974201040588
1248,-5.065441552197877,0.009920974201040588
1249,-3.952062571681479,0.009920974201040588
1250,-5.3623217626220345,0.009920974201040588
1251,-5.350122648274272,0.009920974201040588
1252,-6.065489171699861,0.009920974201040588
1253,-6.161812896148355,0.009920974201040588
1254,-5.871140164823993,0.009920974201040588
1255,-5.004764974862537,0.009920974201040588
1256,-4.838048375741355,0.009920974201040588
1257,-3.84834823067338,0.009920974201040588
1258,-8.476536580730512,0.009920974201040588
1259,-5.451517666483451,0.009920974201040588
1260,-5.548129422230923,0.009920974201040588
1261,-5.244848341148719,0.009920974201040588
1262,-4.962649634042428,0.009920974201040588
1263,-9.319313466660514,0.009920974201040588
1264,-6.9350275087352475,0.009920974201040588
1265,-4.9770520052883445,0.009920974201040588
1266,-5.655599559033078,0.009920974201040588
1267,-5.739099042870389,0.009920974201040588
1268,-5.744606241629196,0.009920974201040588
1269,-5.454932735624446,0.009920974201040588
1270,-2.053377608054182,0.009920974201040588
1271,-4.670622764901129,0.009920974201040588
1272,-6.4169645871588745,0.009920974201040588
1273,-1.8421982264137144,0.009920974201040588
1274,-2.457570523722237,0.009920974201040588
1275,-4.748335876099143,0.009920974201040588
1276,-2.466883458693997,0.009920974201040588
1277,-3.087878233589383,0.009920974201040588
1278,-5.530325154127366,0.009920974201040588
1279,-2.368315409168477,0.009920974201040588
1280,-5.240733558814156,0.009920974201040588
1281,-5.860233100540155,0.009920974201040588
1282,-2.072093785833125,0.009920974201040588
1283,-2.0557307857624223,0.009920974201040588
1284,-2.583056819292648,0.009920974201040588
1285,-2.0283622475937215,0.009920974201040588
1286,-4.008330386753002,0.009920974201040588
1287,-6.541629841762509,0.009920974201040588
1288,-8.32118400048111,0.009920974201040588
1289,-4.54306909849609,0.009920974201040588
1290,-8.065033532636118,0.009920974201040588
1291,-2.872264106219065,0.009920974201040588
1292,-3.9999822074575455,0.009920974201040588
1293,-5.996981855237866,0.009920974201040588
1294,-5.548655447654674,0.009920974201040588
1295,-2.115921410733159,0.009920974201040588
1296,-4.952814438973511,0.009920974201040588
1297,-2.0345553419163886,0.009920974201040588
1298,-5.138586340569423,0.009920974201040588
1299,-5.862780771026996,0.009920974201040588
1300,-2.257818518782899,0.009920974201040588
1301,-4.324026757270661,0.009920974201040588
1302,-5.915057197815012,0.009920974201040588
1303,-5.532495853976006,0.009920974201040588
1304,-2.5338393102833736,0.009920974201040588
1305,-6.030154043733801,0.009920974201040588
1306,-7.262011137075956,0.009920974201040588
1307,-5.4317252767938164,0.009920974201040588
1308,-4.52579574077986,0.009920974201040588
1309,-4.43316309561299,0.009920974201040588
1310,-2.0680381615127583,0.009920974201040588
1311,-4.350536777597238,0.009920974201040588
1312,-5.83367112985776,0.009920974201040588
1313,-5.5650957904378675,0.009920974201040588
1314,-6.055260482950391,0.009920974201040588
1315,-2.4672529140261643,0.009920974201040588
1316,-5.7483382929425595,0.009920974201040588
1317,-5.1751191089535356,0.009920974201040588
1318,-8.145388234181722,0.009920974201040588
1319,-5.441744378031131,0.009920974201040588
1320,-4.5354109828544775,0.009920974201040588
1321,-5.5107727607147625,0.009920974201040588
1322,-3.04017365192415,0.009920974201040588
1323,-5.848153043507118,0.009920974201040588
1324,-7.471373187356516,0.009920974201040588
1325,-4.796628020841238,0.009920974201040588
1326,-5.232191251668187,0.009920974201040588
1327,-3.6116050155517803,0.009920974201040588
1328,-5.90850237852358,0.009920974201040588
1329,-6.049605109884695,0.009920974201040588
1330,-6.109587347695499,0.009920974201040588
1331,-2.038171790930518,0.009920974201040588
1332,-4.530924573637952,0.009920974201040588
1333,-4.537533133785625,0.009920974201040588
1334,-6.566672797796699,0.009920974201040588
1335,-3.786817428517674,0.009920974201040588
1336,-6.13041627295188,0.009920974201040588
1337,-4.748067441727873,0.009920974201040588
1338,-5.552875392484397,0.009920974201040588
1339,-5.178985655178571,0.009920974201040588
1340,-2.375020394519038,0.009920974201040588
1341,-6.00250556270519,0.009920974201040588
1342,-5.6985379938719944,0.009920974201040588
1343,-6.822700758893017,0.009920974201040588
1344,-5.369172481081715,0.009920974201040588
1345,-6.139194758362598,0.009920974201040588
1346,-2.4828758131793434,0.009920974201040588
1347,-5.799409423873094,0.009920974201040588
1348,-6.050091957868988,0.009920974201040588
1349,-5.2320980937651616,0.009920974201040588
1350,-6.53713063593465,0.009920974201040588
1351,-7.2167305281779965,0.009920974201040588
1352,-4.598458737385691,0.009920974201040588
1353,-6.296202850899869,0.009920974201040588
1354,-6.872096252031932,0.009920974201040588
1355,-6.693098774169358,0.009920974201040588
1356,-4.172662106748502,0.009920974201040588
1357,-6.2029263409629465,0.009920974201040588
1358,-3.284799878689794,0.009920974201040588
1359,-7.325590915261202,0.009920974201040588
1360,-10.30812532155113,0.009920974201040588
1361,-10.821851314366556,0.009920974201040588
1362,-8.368148762560436,0.009920974201040588
1363,-6.764285199199825,0.009920974201040588
1364,-3.511077416943907,0.009920974201040588
1365,-2.070505596393841,0.009920974201040588
1366,-3.974346898139197,0.009920974201040588
1367,-8.691751040584492,0.009920974201040588
1368,-7.577734585469184,0.009920974201040588
1369,-9.442458104224436,0.009920974201040588
1370,-9.618774069687042,0.009920974201040588
1371,-3.1185627304220986,0.009920974201040588
1372,-4.738862901818946,0.009920974201040588
1373,-2.0639451255316397,0.009920974201040588
1374,-5.762879652400884,0.009920974201040588
1375,-5.132374362441544,0.009920974201040588
1376,-3.8577868415612326,0.009920974201040588
1377,-2.705983455068244,0.009920974201040588
1378,-5.5703176962373355,0.009920974201040588
1379,-5.942817794513935,0.009920974201040588
1380,-5.485325355450108,0.009920974201040588
1381,-6.660542464826856,0.009920974201040588
1382,-4.470967284805515,0.009920974201040588
1383,-2.9187666295349755,0.009920974201040588
1384,-6.668601941710028,0.009920974201040588
1385,-6.872565503454245,0.009920974201040588
1386,-5.495305791079012,0.009920974201040588
1387,-4.4977204072129116,0.009920974201040588
1388,-5.616094466297209,0.009920974201040588
1389,-5.833145056108082,0.009920974201040588
1390,-7.063357737347751,0.009920974201040588
1391,-4.013686103117881,0.009920974201040588
1392,-4.924288818608317,0.009920974201040588
1393,-5.908531349247015,0.009920974201040588
1394,-1.779617113449095,0.009920974201040588
1395,-6.540544481367799,0.009920974201040588
1396,-4.08359892864307,0.009920974201040588
1397,-2.783483129987093,0.009920974201040588
1398,-6.5658302637964665,0.009920974201040588
1399,-7.006150908944093,0.009920974201040588
1400,-3.2466466327503465,0.009920974201040588
1401,-7.950909458277312,0.009920974201040588
1402,-2.7209313715912518,0.009920974201040588
1403,-1.5371827707629484,0.009920974201040588
1404,-5.1190769896086925,0.009920974201040588
1405,-5.036852589296229,0.009920974201040588
1406,-4.301858162535021,0.009920974201040588
1407,-2.4745635321087405,0.009920974201040588
1408,-2.4769162571060352,0.009920974201040588
1409,-3.779058622297424,0.009920974201040588
1410,-1.5330055378785803,0.009920974201040588
1411,-4.552094123676534,0.009920974201040588
1412,-2.4871223360680643,0.009920974201040588
1413,-4.251044402524664,0.009920974201040588
1414,-3.0835276952337107,0.009920974201040588
1415,-4.710162314047379,0.009920974201040588
1416,-5.580469105109901,0.009920974201040588
1417,-7.440722061664404,0.009920974201040588
1418,-5.872938483848564,0.009920974201040588
1419,-2.554588415463045,0.009920974201040588
1420,-6.8873589119728935,0.009920974201040588
1421,-5.898909544714411,0.009920974201040588
1422,-6.290441697288054,0.009920974201040588
1423,-5.688062775566431,0.009920974201040588
1424,-6.94429522441771,0.009920974201040588
1425,-5.268399813841111,0.009920974201040588
1426,-4.195230146101767,0.009920974201040588
1427,-4.648034342362406,0.009920974201040588
1428,-6.390480768976256,0.009920974201040588
1429,-2.6377722973256623,0.009920974201040588
1430,-6.167905025660929,0.009920974201040588
1431,-6.322202226205173,0.009920974201040588
1432,-4.255812376486755,0.009920974201040588
1433,-3.926660365041143,0.009920974201040588
1434,-5.3663552349354635,0.009920974201040588
1435,-5.476082949938075,0.009920974201040588
1436,-7.114013618371288,0.009920974201040588
1437,-7.227818818167942,0.009920974201040588
1438,-6.5276407360536135,0.009920974201040588
1439,-4.798207633874473,0.009920974201040588
1440,-7.733792956758046,0.009920974201040588
1441,-4.537908343593624,0.009920974201040588
1442,-7.31122227562644,0.009920974201040588
1443,-7.728139603118435,0.009920974201040588
1444,-5.964907527407517,0.009920974201040588
1445,-5.717617779539609,0.009920974201040588
1446,-4.5632134601515935,0.009920974201040588
1447,-4.207180516604647,0.009920974201040588
1448,-4.69439084678514,0.009920974201040588
1449,-5.336282337241933,0.009920974201040588
1450,-7.334058890731153,0.009920974201040588
1451,-4.293434868699505,0.009920974201040588
1452,-4.8415587407815135,0.009920974201040588
1453,-6.569571336424554,0.009920974201040588
1454,-6.897321331898246,0.009920974201040588
1455,-6.999520930660253,0.009920974201040588
1456,-6.342387944312128,0.009920974201040588
1457,-7.0665889563229465,0.009920974201040588
1458,-9.397108687260346,0.009920974201040588
1459,-6.168497058678694,0.009920974201040588
1460,-8.334458085342504,0.009920974201040588
1461,-4.878059780072074,0.009920974201040588
1462,-5.378505530645261,0.009920974201040588
1463,-2.9653795285712357,0.009920974201040588
1464,-3.750962974604739,0.009920974201040588
1465,-6.101996907746505,0.009920974201040588
1466,-4.915523560501576,0.009920974201040588
1467,-7.20145026308525,0.009920974201040588
1468,-2.215158271214444,0.009920974201040588
1469,-5.715047215011266,0.009920974201040588
1470,-3.090362996320228,0.009920974201040588
1471,-5.134924394486745,0.009920974201040588
1472,-4.464451431577443,0.009920974201040588
1473,-4.368717163362018,0.009920974201040588
1474,-5.734871404535983,0.009920974201040588
1475,-2.3238447751727214,0.009920974201040588
1476,-5.620520609346585,0.009920974201040588
1477,-6.8959460714560485,0.009920974201040588
1478,-4.962131629622288,0.009920974201040588
1479,-4.849635461861603,0.009920974201040588
1480,-4.409615559039378,0.009920974201040588
1481,-5.080341225855542,0.009920974201040588
1482,-5.3182555395196225,0.009920974201040588
1483,-6.048011456650066,0.009920974201040588
1484,-5.493179841722946,0.009920974201040588
1485,-5.571269116480918,0.009920974201040588
1486,-5.17450182129792,0.009920974201040588
1487,-6.328078210337331,0.009920974201040588
1488,-4.114485185955432,0.009920974201040588
1489,-2.884959095376666,0.009920974201040588
1490,-6.203628958162293,0.009920974201040588
1491,-3.8794433364611636,0.009920974201040588
1492,-3.9810749984086646,0.009920974201040588
1493,-3.608487211619316,0.009920974201040588
1494,-6.556565909082726,0.009920974201040588
1495,-6.5944030680839365,0.009920974201040588
1496,-6.687405667872236,0.009920974201040588
1497,-4.142115196453601,0.009920974201040588
1498,-6.159536704947547,0.009920974201040588
1499,-6.267038698699476,0.009920974201040588
1500,-8.20689197740428,0.009920974201040588
1501,-8.18866810523662,0.009920974201040588
1502,-2.708187584304343,0.009920974201040588
1503,-3.0132275000577087,0.009920974201040588
1504,-6.768303528231305,0.009920974201040588
1505,-4.752369823006074,0.009920974201040588
1506,-6.215177875242871,0.009920974201040588
1507,-2.0707391329776605,0.009920974201040588
1508,-5.691045367013153,0.009920974201040588
1509,-3.6046238403485216,0.009920974201040588
1510,-7.885968403939265,0.009920974201040588
1511,-7.108396671329624,0.009920974201040588
1512,-7.194095931935633,0.009920974201040588
1513,-3.833018436553642,0.009920974201040588
1514,-6.319062820421765,0.009920974201040588
1515,-5.028919625819269,0.009920974201040588
1516,-4.409240062388509,0.009920974201040588
1517,-4.026453038007128,0.009920974201040588
1518,-3.8558890119775233,0.009920974201040588
1519,-4.061051906768322,0.009920974201040588
1520,-4.872400755103039,0.009920974201040588
1521,-6.938544274169793,0.009920974201040588
1522,-2.777765356947457,0.009920974201040588
1523,-3.98524872815749,0.009920974201040588
1524,-4.741526562104724,0.009920974201040588
1525,-6.4657252174092115,0.009920974201040588
1526,-5.973016416359967,0.009920974201040588
1527,-7.1169272031331445,0.009920974201040588
1528,-7.3006091610287225,0.009920974201040588
1529,-6.1824324296353055,0.009920974201040588
1530,-2.636795303210905,0.009920974201040588
1531,-6.1569638060608725,0.009920974201040588
1532,-4.018697508196217,0.009920974201040588
1533,-5.145666946510161,0.009920974201040588
1534,-4.780751544288333,0.009920974201040588
1535,-4.479323975346451,0.009920974201040588
1536,-7.997615112673897,0.009920974201040588
1537,-6.411729534664632,0.009920974201040588
1538,-3.6996615437659153,0.009920974201040588
1539,-6.159007250708221,0.009920974201040588
1540,-6.950738132574543,0.009920974201040588
1541,-7.5452651349435405,0.009920974201040588
1542,-8.036534643854337,0.009920974201040588
1543,-6.215534324164345,0.009920974201040588
1544,-6.384422746348301,0.009920974201040588
1545,-6.322286383051771,0.009920974201040588
1546,-5.226538492924604,0.009920974201040588
1547,-5.521505704116322,0.009920974201040588
1548,-6.503222145327165,0.009920974201040588
1549,-4.301456946103724,0.009920974201040588
1550,-4.3470019495361925,0.009920974201040588
1551,-4.224179290986793,0.009920974201040588
1552,-6.3870982616367975,0.009920974201040588
1553,-6.395037625222789,0.009920974201040588
1554,-6.959209471889285,0.009920974201040588
1555,-4.457420617994723,0.009920974201040588
1556,-6.31802394162446,0.009920974201040588
1557,-6.404703573740958,0.009920974201040588
1558,-6.527188478026645,0.009920974201040588
1559,-4.65275108345176,0.009920974201040588
1560,-2.256760129136735,0.009920974201040588
1561,-2.7942841197240087,0.009920974201040588
1562,-6.319428334239031,0.009920974201040588
1563,-7.164499555259965,0.009920974201040588
1564,-2.0915080510222492,0.009920974201040588
1565,-5.38762308160177,0.009920974201040588
1566,-3.6792369922219024,0.009920974201040588
1567,-4.205939397885435,0.009920974201040588
1568,-3.486495106428913,0.009920974201040588
1569,-6.3456517566105655,0.009920974201040588
1570,-5.521521632182121,0.009920974201040588
1571,-3.1962460242141164,0.009920974201040588
1572,-4.591994863546919,0.009920974201040588
1573,-4.096166736481458,0.009920974201040588
1574,-2.7626116474243916,0.009920974201040588
1575,-2.2126942001634418,0.009920974201040588
1576,-2.6991213173876814,0.009920974201040588
1577,-4.7660975066936135,0.009920974201040588
1578,-5.541330547451976,0.009920974201040588
1579,-5.029241129035655,0.009920974201040588
1580,-4.0140829339808475,0.009920974201040588
1581,-4.06055059830069,0.009920974201040588
1582,-6.131140047366923,0.009920974201040588
1583,-2.184697129169014,0.009920974201040588
1584,-4.820499959239384,0.009920974201040588
1585,-5.83625211664657,0.009920974201040588
1586,-4.744407847163518,0.009920974201040588
1587,-2.6253162206174343,0.009920974201040588
1588,-2.8928515385986344,0.009920974201040588
1589,-7.7184784021253705,0.009920974201040588
1590,-5.0389176757134635,0.009920974201040588
1591,-4.325639961954722,0.009920974201040588
1592,-6.14037400582189,0.009920974201040588
1593,-6.53471543654703,0.009920974201040588
1594,-6.925850780951357,0.009920974201040588
1595,-5.834121331206516,0.009920974201040588
1596,-5.077755075615163,0.009920974201040588
1597,-3.199205829297924,0.009920974201040588
1598,-3.8051783588862476,0.009920974201040588
1599,-6.70301888361932,0.009920974201040588
1600,-6.964344962948573,0.009920974201040588
1601,-5.495178512561333,0.009920974201040588
1602,-2.4884230732899404,0.009920974201040588
1603,-5.86397807343293,0.009920974201040588
1604,-4.734808947597054,0.009920974201040588
1605,-5.166022035412154,0.009920974201040588
1606,-4.668709637604164,0.009920974201040588
1607,-6.872194854962839,0.009920974201040588
1608,-7.484834842437799,0.009920974201040588
1609,-7.015852228832857,0.009920974201040588
1610,-6.466856673308267,0.009920974201040588
1611,-6.7778034350312,0.009920974201040588
1612,-6.677322625150667,0.009920974201040588
1613,-3.396276498625421,0.009920974201040588
1614,-5.746952060335176,0.009920974201040588
1615,-4.52818716215557,0.009920974201040588
1616,-4.409142820974186,0.009920974201040588
1617,-4.9259953127517795,0.009920974201040588
1618,-5.889773457499343,0.009920974201040588
1619,-7.75406243440606,0.009920974201040588
1620,-5.2804418768851225,0.009920974201040588
1621,-3.899963127300444,0.009920974201040588
1622,-6.523347238808579,0.009920974201040588
1623,-5.421685580871764,0.009920974201040588
1624,-6.2548913180426995,0.009920974201040588
1625,-2.1886211482723157,0.009920974201040588
1626,-2.1801985558934582,0.009920974201040588
1627,-5.749309040178856,0.009920974201040588
1628,-4.336729187690282,0.009920974201040588
1629,-4.973806686183773,0.009920974201040588
1630,-5.769695553433273,0.009920974201040588
1631,-4.846391529492817,0.009920974201040588
1632,-4.37782784891827,0.009920974201040588
1633,-4.479225893175139,0.009920974201040588
1634,-6.108457249469164,0.009920974201040588
1635,-6.362675184637283,0.009920974201040588
1636,-6.730608717948172,0.009920974201040588
1637,-6.234269756526305,0.009920974201040588
1638,-2.1319264571106036,0.009920974201040588
1639,-3.7713107225996456,0.009920974201040588
1640,-5.103249465732741,0.009920974201040588
1641,-5.479722778145445,0.009920974201040588
1642,-2.327062143862576,0.009920974201040588
1643,-5.321725161510578,0.009920974201040588
1644,-4.583076168477712,0.009920974201040588
1645,-5.718368373305055,0.009920974201040588
1646,-4.629399471839131,0.009920974201040588
1647,-7.046408379702762,0.009920974201040588
1648,-5.047716852908289,0.009920974201040588
1649,-6.810713543825808,0.009920974201040588
1650,-5.071852704409792,0.009920974201040588
1651,-6.240138574388456,0.009920974201040588
1652,-4.751282139508832,0.009920974201040588
1653,-5.559446867498794,0.009920974201040588
1654,-2.4474395254939,0.009920974201040588
1655,-5.184137320987897,0.009920974201040588
1656,-5.8469278832574325,0.009920974201040588
1657,-4.935491881611382,0.009920974201040588
1658,-5.1267649488905205,0.009920974201040588
1659,-2.4634080497347646,0.009920974201040588
1660,-7.139911950683904,0.009920974201040588
1661,-4.9197634188692305,0.009920974201040588
1662,-6.2541730016688994,0.009920974201040588
1663,-6.176825505269486,0.009920974201040588
1664,-5.208860913701005,0.009920974201040588
1665,-3.805158927702765,0.009920974201040588
1666,-6.101536578520243,0.009920974201040588
1667,-3.293582535178779,0.009920974201040588
1668,-3.2856675077142414,0.009920974201040588
1669,-2.5369917775051993,0.009920974201040588
1670,-5.462585650055497,0.009920974201040588
1671,-5.535045917263271,0.009920974201040588
1672,-4.34937614586989,0.009920974201040588
1673,-6.018258874814858,0.009920974201040588
1674,-5.020862031938643,0.009920974201040588
1675,-5.736868625404606,0.009920974201040588
1676,-6.518141484726777,0.009920974201040588
1677,-8.060638958838474,0.009920974201040588
1678,-5.226336739444241,0.009920974201040588
1679,-4.689480421900782,0.009920974201040588
1680,-6.0658865566966185,0.009920974201040588
1681,-5.329615569187698,0.009920974201040588
1682,-2.9532011913419884,0.009920974201040588
1683,-6.333651898360049,0.009920974201040588
1684,-4.132148135346212,0.009920974201040588
1685,-4.200442712862639,0.009920974201040588
1686,-4.604089945335651,0.009920974201040588
1687,-1.835282353085082,0.009920974201040588
1688,-5.558694757438143,0.009920974201040588
1689,-4.517485689822292,0.009920974201040588
1690,-4.222640692461532,0.009920974201040588
1691,-5.92746500916223,0.009920974201040588
1692,-3.9101775185905563,0.009920974201040588
1693,-4.923830901158759,0.009920974201040588
1694,-2.10535657188976,0.009920974201040588
1695,-3.890229688022564,0.009920974201040588
1696,-4.735531777007601,0.009920974201040588
1697,-7.660825121954825,0.009920974201040588
1698,-5.510996838947067,0.009920974201040588
1699,-5.640152542724006,0.009920974201040588
1700,-5.517313083598293,0.009920974201040588
1701,-5.343546606407558,0.009920974201040588
1702,-3.2998263745760448,0.009920974201040588
1703,-5.182916138733278,0.009920974201040588
1704,-5.2616031249512645,0.009920974201040588
1705,-6.92181530492093,0.009920974201040588
1706,-5.289599460119022,0.009920974201040588
1707,-4.3806583910444825,0.009920974201040588
1708,-5.078761735176089,0.009920974201040588
1709,-7.9831623632377,0.009920974201040588
1710,-6.857864502886169,0.009920974201040588
1711,-5.946205463566116,0.009920974201040588
1712,-8.902411644674547,0.009920974201040588
1713,-5.262500102852735,0.009920974201040588
1714,-7.565248090758708,0.009920974201040588
1715,-6.179609331766438,0.009920974201040588
1716,-1.7056830482006506,0.009920974201040588
1717,-4.26152228161469,0.009920974201040588
1718,-4.782724808568141,0.009920974201040588
1719,-5.190178165285521,0.009920974201040588
1720,-4.788345286092736,0.009920974201040588
1721,-6.884578393134051,0.009920974201040588
1722,-4.27290812669429,0.009920974201040588
1723,-3.9296304031344302,0.009920974201040588
1724,-5.072140414076792,0.009920974201040588
1725,-2.222322710945586,0.009920974201040588
1726,-5.102544587925041,0.009920974201040588
1727,-4.234091341725299,0.009920974201040588
1728,-3.9989804619290426,0.009920974201040588
1729,-4.150606739550903,0.009920974201040588
1730,-4.043971374168674,0.009920974201040588
1731,-4.144358756394752,0.009920974201040588
1732,-2.296092522187836,0.009920974201040588
1733,-4.08582644501329,0.009920974201040588
1734,-4.245534801625409,0.009920974201040588
1735,-2.102088306893658,0.009920974201040588
1736,-2.127903844126176,0.009920974201040588
1737,-3.9236997149279125,0.009920974201040588
1738,-3.323469744499221,0.009920974201040588
1739,-1.742953500584734,0.009920974201040588
1740,-4.326276797469616,0.009920974201040588
1741,-5.412595138441559,0.009920974201040588
1742,-4.187446294192031,0.009920974201040588
1743,-4.090441821189989,0.009920974201040588
1744,-6.573734156124032,0.009920974201040588
1745,-4.391093733063089,0.009920974201040588
1746,-3.99352123785609,0.009920974201040588
1747,-5.201575014365021,0.009920974201040588
1748,-4.736929799317485,0.009920974201040588
1749,-4.821823534645393,0.009920974201040588
1750,-5.985331946887658,0.009920974201040588
1751,-3.7476950456005675,0.009920974201040588
1752,-4.577821550814717,0.009920974201040588
1753,-5.566518854097836,0.009920974201040588
1754,-5.466580139787217,0.009920974201040588
1755,-4.78525026580223,0.009920974201040588
1756,-2.304185992704635,0.009920974201040588
1757,-2.734124413681954,0.009920974201040588
1758,-5.2997147788347405,0.009920974201040588
1759,-5.004043715017495,0.009920974201040588
1760,-5.144636081603197,0.009920974201040588
1761,-5.3428179479456315,0.009920974201040588
1762,-2.2643558940311466,0.009920974201040588
1763,-2.8746957366626624,0.009920974201040588
1764,-4.078325769412186,0.009920974201040588
1765,-4.24516692562223,0.009920974201040588
1766,-6.653440805730784,0.009920974201040588
1767,-2.0397768641308804,0.009920974201040588
1768,-4.851962104848754,0.009920974201040588
1769,-2.2528109166525003,0.009920974201040588
1770,-6.279368706932663,0.009920974201040588
1771,-1.772340749910431,0.009920974201040588
1772,-6.189710603084961,0.009920974201040588
1773,-2.29145054839388,0.009920974201040588
1774,-4.33027437382119,0.009920974201040588
1775,-6.621632051307902,0.009920974201040588
1776,-7.553636759690042,0.009920974201040588
1777,-7.080395068036221,0.009920974201040588
1778,-4.09510889146971,0.009920974201040588
1779,-6.844191486441024,0.009920974201040588
1780,-4.350182098029799,0.009920974201040588
1781,-5.729031948049968,0.009920974201040588
1782,-2.123922136530344,0.009920974201040588
1783,-2.5945332810550497,0.009920974201040588
1784,-2.2872760504252945,0.009920974201040588
1785,-4.780245599711147,0.009920974201040588
1786,-4.001129063801038,0.009920974201040588
1787,-5.702063163483676,0.009920974201040588
1788,-5.693494838409833,0.009920974201040588
1789,-2.34312830007383,0.009920974201040588
1790,-5.199931986705358,0.009920974201040588
1791,-7.313956432299777,0.009920974201040588
1792,-4.143251292943866,0.009920974201040588
1793,-8.627060399696665,0.009920974201040588
1794,-3.749215978951998,0.009920974201040588
1795,-7.047086848633983,0.009920974201040588
1796,-6.21013011881854,0.009920974201040588
1797,-6.454159144768999,0.009920974201040588
1798,-4.938022289094215,0.009920974201040588
1799,-4.0085182202097265,0.009920974201040588
1800,-8.152367859540965,0.009920974201040588
1801,-4.180122845274889,0.009920974201040588
1802,-8.400739211981488,0.009920974201040588
1803,-7.378469154971281,0.009920974201040588
1804,-7.097457190519619,0.009920974201040588
1805,-3.3029746161126248,0.009920974201040588
1806,-2.8305177762155846,0.009920974201040588
1807,-3.1441551136508243,0.009920974201040588
1808,-6.059918040353027,0.009920974201040588
1809,-6.18582942410895,0.009920974201040588
1810,-5.0413172607110734,0.009920974201040588
1811,-4.731892594055769,0.009920974201040588
1812,-5.458300904333623,0.009920974201040588
1813,-6.167526206026589,0.009920974201040588
1814,-5.7750425215172125,0.009920974201040588
1815,-4.027825916494612,0.009920974201040588
1816,-5.960113832325375,0.009920974201040588
1817,-4.083882076318587,0.009920974201040588
1818,-4.096711735322031,0.009920974201040588
1819,-5.8522185689721855,0.009920974201040588
1820,-7.598969585461896,0.009920974201040588
1821,-7.477998945748595,0.009920974201040588
1822,-5.7712476120262455,0.009920974201040588
1823,-4.124864820074818,0.009920974201040588
1824,-5.7209529211915955,0.009920974201040588
1825,-5.845849011955845,0.009920974201040588
1826,-7.821614423260508,0.009920974201040588
1827,-7.432347217975797,0.009920974201040588
1828,-6.020101660656165,0.009920974201040588
1829,-6.439222798593125,0.009920974201040588
1830,-7.350768381928026,0.009920974201040588
1831,-7.588260694753181,0.009920974201040588
1832,-8.262538928720472,0.009920974201040588
1833,-4.082202663525415,0.009920974201040588
1834,-8.312083123986728,0.009920974201040588
1835,-4.778304844151817,0.009920974201040588
1836,-5.199215946419285,0.009920974201040588
1837,-7.4944057796063,0.009920974201040588
1838,-4.205727302560318,0.009920974201040588
1839,-6.29101138482536,0.009920974201040588
1840,-5.773567292555198,0.009920974201040588
1841,-5.229846482272134,0.009920974201040588
1842,-7.505781266731807,0.009920974201040588
1843,-5.404197958196709,0.009920974201040588
1844,-4.268013443704441,0.009920974201040588
1845,-5.588770290067451,0.009920974201040588
1846,-8.634966274903778,0.009920974201040588
1847,-6.532007053091784,0.009920974201040588
1848,-7.803366338309556,0.009920974201040588
1849,-5.924972618457826,0.009920974201040588
1850,-7.793102750154206,0.009920974201040588
1851,-4.968304056998063,0.009920974201040588
1852,-4.1114087973812214,0.009920974201040588
1853,-5.932000125866134,0.009920974201040588
1854,-4.66262171504158,0.009920974201040588
1855,-5.358318225056469,0.009920974201040588
1856,-7.267248829039262,0.009920974201040588
1857,-4.084862408831502,0.009920974201040588
1858,-4.716723528092676,0.009920974201040588
1859,-2.1082214849928054,0.009920974201040588
1860,-5.42744980232462,0.009920974201040588
1861,-6.1528876775020205,0.009920974201040588
1862,-5.332582355178369,0.009920974201040588
1863,-2.3771112552145355,0.009920974201040588
1864,-3.4408894994471924,0.009920974201040588
1865,-3.583774580782211,0.009920974201040588
1866,-6.289475507570058,0.009920974201040588
1867,-4.692726441309849,0.009920974201040588
1868,-4.290566616018447,0.009920974201040588
1869,-3.3491662325349822,0.009920974201040588
1870,-2.1933604417437764,0.009920974201040588
1871,-2.0939606327393068,0.009920974201040588
1872,-8.848876700319153,0.009920974201040588
1873,-5.9235652847926605,0.009920974201040588
1874,-5.360688388170647,0.009920974201040588
1875,-4.467672658082268,0.009920974201040588
1876,-6.4255352297311745,0.009920974201040588
1877,-7.041255827650845,0.009920974201040588
1878,-5.570910840989653,0.009920974201040588
1879,-3.0801779167503063,0.009920974201040588
1880,-5.1833391617776154,0.009920974201040588
1881,-4.046115344308712,0.009920974201040588
1882,-2.2493528157497984,0.009920974201040588
1883,-2.8790757228274813,0.009920974201040588
1884,-4.738525227273852,0.009920974201040588
1885,-2.6959371093017763,0.009920974201040588
1886,-5.365043449816998,0.009920974201040588
1887,-5.9912529676962585,0.009920974201040588
1888,-7.143599301079247,0.009920974201040588
1889,-3.128353025551551,0.009920974201040588
1890,-5.251202170406314,0.009920974201040588
1891,-5.898985893941246,0.009920974201040588
1892,-4.741844664988662,0.009920974201040588
1893,-3.5533304923285036,0.009920974201040588
1894,-5.30803405768319,0.009920974201040588
1895,-7.276402709131439,0.009920974201040588
1896,-5.166690599538417,0.009920974201040588
1897,-6.035331212216567,0.009920974201040588
1898,-6.347416610382357,0.009920974201040588
1899,-5.492999837580113,0.009920974201040588
1900,-8.325063067051689,0.009920974201040588
1901,-6.305816177520581,0.009920974201040588
1902,-2.4507955496430016,0.009920974201040588
1903,-5.489482345804269,0.009920974201040588
1904,-5.449050093642506,0.009920974201040588
1905,-4.722860174319303,0.009920974201040588
1906,-3.0561709191542814,0.009920974201040588
1907,-6.31696320142971,0.009920974201040588
1908,-5.883992860647467,0.009920974201040588
1909,-5.92528800881948,0.009920974201040588
1910,-4.632716551656741,0.009920974201040588
1911,-6.134120017302663,0.009920974201040588
1912,-5.155841693563282,0.009920974201040588
1913,-5.892148767268337,0.009920974201040588
1914,-3.4772102084417704,0.009920974201040588
1915,-2.645685075218288,0.009920974201040588
1916,-2.1918986810121264,0.009920974201040588
1917,-5.254279395065441,0.009920974201040588
1918,-6.552952564094056,0.009920974201040588
1919,-3.7762938592453796,0.009920974201040588
1920,-3.1279163117331032,0.009920974201040588
1921,-5.311554641680034,0.009920974201040588
1922,-3.6442470256535024,0.009920974201040588
1923,-4.2267931946414325,0.009920974201040588
1924,-4.445497484355976,0.009920974201040588
1925,-5.297440876527901,0.009920974201040588
1926,-5.805486453599324,0.009920974201040588
1927,-4.463098799825201,0.009920974201040588
1928,-6.225174305186277,0.009920974201040588
1929,-4.6359989605213485,0.009920974201040588
1930,-4.66371815684503,0.009920974201040588
1931,-1.975423618590289,0.009920974201040588
1932,-5.22212108791912,0.009920974201040588
1933,-2.3299899211911623,0.009920974201040588
1934,-5.542611533093515,0.009920974201040588
1935,-5.363967788431838,0.009920974201040588
1936,-6.47587449546492,0.009920974201040588
1937,-6.025170042680173,0.009920974201040588
1938,-4.624584116035133,0.009920974201040588
1939,-4.695269278325485,0.009920974201040588
1940,-4.671822413924965,0.009920974201040588
1941,-2.6115908707478237,0.009920974201040588
1942,-4.563184656802685,0.009920974201040588
1943,-4.663227617312558,0.009920974201040588
1944,-2.6171191225931643,0.009920974201040588
1945,-2.633570790038619,0.009920974201040588
1946,-4.645842900077278,0.009920974201040588
1947,-5.530919835839572,0.009920974201040588
1948,-3.37051005128559,0.009920974201040588
1949,-5.4028157339645615,0.009920974201040588
1950,-5.607585004377846,0.009920974201040588
1951,-5.06516433661097,0.009920974201040588
1952,-6.344492830971386,0.009920974201040588
1953,-4.8340389957145895,0.009920974201040588
1954,-7.114782822573567,0.009920974201040588
1955,-5.455126018538557,0.009920974201040588
1956,-5.297474159678495,0.009920974201040588
1957,-5.7473002126736255,0.009920974201040588
1958,-2.8046476147787067,0.009920974201040588
1959,-5.596422841973061,0.009920974201040588
1960,-6.877684953400131,0.009920974201040588
1961,-2.1828495316435554,0.009920974201040588
1962,-3.218191459111237,0.009920974201040588
1963,-4.92585760069084,0.009920974201040588
1964,-2.8178159763412953,0.009920974201040588
1965,-5.110880856118371,0.009920974201040588
1966,-10.05207872842695,0.009920974201040588
1967,-6.87410025010054,0.009920974201040588
1968,-5.606023563383833,0.009920974201040588
1969,-5.308090577935351,0.009920974201040588
1970,-5.523089120343771,0.009920974201040588
1971,-8.586125527374563,0.009920974201040588
1972,-7.26555172648065,0.009920974201040588
1973,-6.946411646984777,0.009920974201040588
1974,-5.448275681924692,0.009920974201040588
1975,-2.988728381966639,0.009920974201040588
1976,-4.467288033502466,0.009920974201040588
1977,-7.4087806597104215,0.009920974201040588
1978,-5.544460744136112,0.009920974201040588
1979,-4.75221358402178,0.009920974201040588
1980,-5.662597064133561,0.009920974201040588
1981,-6.081035004162661,0.009920974201040588
1982,-3.6823046846838525,0.009920974201040588
1983,-6.400656205672572,0.009920974201040588
1984,-4.6001901841545685,0.009920974201040588
1985,-1.9106402175747594,0.009920974201040588
1986,-6.188944551496261,0.009920974201040588
1987,-4.600887599738171,0.009920974201040588
1988,-4.0580503875076905,0.009920974201040588
1989,-4.129115579719624,0.009920974201040588
1990,-5.243158692535071,0.009920974201040588
1991,-5.151926971788399,0.009920974201040588
1992,-2.9545274428126413,0.009920974201040588
1993,-4.481828231994424,0.009920974201040588
1994,-6.433844857088181,0.009920974201040588
1995,-7.252646321653099,0.009920974201040588
1996,-4.283241509176884,0.009920974201040588
1997,-5.600794034919094,0.009920974201040588
1998,-2.653957899007728,0.009920974201040588
1999,-6.6862792035295415,0.009920974201040588
2000,-6.286925715946939,0.009920974201040588
2001,-4.021785853982517,0.009920974201040588
2002,-4.172354984263379,0.009920974201040588
2003,-2.129002130811273,0.009920974201040588
2004,-4.492192108273532,0.009920974201040588
2005,-6.371586607034522,0.009920974201040588
2006,-3.668703083150187,0.009920974201040588
2007,-4.17271029395152,0.009920974201040588
2008,-3.1950130358509075,0.009920974201040588
2009,-8.964759351409038,0.009920974201040588
2010,-5.341220561809619,0.009920974201040588
2011,-4.831021059904588,0.009920974201040588
2012,-4.234192291719997,0.009920974201040588
2013,-3.52749494919406,0.009920974201040588
2014,-3.679322405095885,0.009920974201040588
2015,-3.472099967490859,0.009920974201040588
2016,-5.4627532112214725,0.009920974201040588
2017,-5.888622961073109,0.009920974201040588
2018,-7.819125079318638,0.009920974201040588
2019,-6.732589090168631,0.009920974201040588
2020,-3.723055232611711,0.009920974201040588
2021,-8.80048687863335,0.009920974201040588
2022,-5.686030163075657,0.009920974201040588
2023,-3.2484300014538006,0.009920974201040588
2024,-3.82968514359027,0.009920974201040588
2025,-5.0582697571063395,0.009920974201040588
2026,-5.294152152442007,0.009920974201040588
2027,-4.979924776357887,0.009920974201040588
2028,-6.230566124924195,0.009920974201040588
2029,-3.6536180006534362,0.009920974201040588
2030,-3.812045030851003,0.009920974201040588
2031,-4.6342086345637785,0.009920974201040588
2032,-3.7878043976837303,0.009920974201040588
2033,-4.508883283847833,0.009920974201040588
2034,-5.072027457057081,0.009920974201040588
2035,-3.382311520938841,0.009920974201040588
2036,-3.749730180264657,0.009920974201040588
2037,-6.200236006055461,0.009920974201040588
2038,-5.910105136658468,0.009920974201040588
2039,-3.3495067827207303,0.009920974201040588
2040,-5.966514004290888,0.009920974201040588
2041,-6.418324506636923,0.009920974201040588
2042,-3.5760535259915853,0.009920974201040588
2043,-5.5045799178233,0.009920974201040588
2044,-5.903100713466573,0.009920974201040588
2045,-3.1348033311265806,0.009920974201040588
2046,-5.142117421546384,0.009920974201040588
2047,-2.245118025811987,0.009920974201040588
2048,-5.466213543628138,0.009920974201040588
2049,-4.835320333213016,0.009920974201040588
2050,-3.6658836804653165,0.009920974201040588
2051,-7.193010560936766,0.009920974201040588
2052,-6.1180277077561485,0.009920974201040588
2053,-6.770428304486221,0.009920974201040588
2054,-2.531242309303889,0.009920974201040588
2055,-3.403588451938823,0.009920974201040588
2056,-4.898403849253745,0.009920974201040588
2057,-2.5673915850844113,0.009920974201040588
2058,-2.652505740204524,0.009920974201040588
2059,-4.667829489584476,0.009920974201040588
2060,-5.714057496378942,0.009920974201040588
2061,-5.8111944933248925,0.009920974201040588
2062,-7.037687906347207,0.009920974201040588
2063,-1.6644296324678765,0.009920974201040588
2064,-5.5520492864144035,0.009920974201040588
2065,-6.248818950883848,0.009920974201040588
2066,-5.115973579285761,0.009920974201040588
2067,-4.756925514022011,0.009920974201040588
2068,-2.511259935501017,0.009920974201040588
2069,-3.6066733969239717,0.009920974201040588
2070,-4.196982442475534,0.009920974201040588
2071,-5.180241180815019,0.009920974201040588
2072,-7.2503537818673705,0.009920974201040588
2073,-5.723019701585692,0.009920974201040588
2074,-5.384449619736717,0.009920974201040588
2075,-3.211580045003818,0.009920974201040588
2076,-6.830624484253445,0.009920974201040588
2077,-8.382705477665734,0.009920974201040588
2078,-7.2325205336598,0.009920974201040588
2079,-5.291418861039324,0.009920974201040588
2080,-5.809110924889464,0.009920974201040588
2081,-4.1009622937957175,0.009920974201040588
2082,-4.4533958090448955,0.009920974201040588
2083,-6.572101046972384,0.009920974201040588
2084,-2.1699920198728844,0.009920974201040588
2085,-5.9472040326302285,0.009920974201040588
2086,-4.063026057066731,0.009920974201040588
2087,-2.0312469033194738,0.009920974201040588
2088,-7.358863795914661,0.009920974201040588
2089,-2.1607961889976144,0.009920974201040588
2090,-4.149292943844895,0.009920974201040588
2091,-2.1715830711469692,0.009920974201040588
2092,-2.767362928683159,0.009920974201040588
2093,-4.271592580890001,0.009920974201040588
2094,-4.396360205152532,0.009920974201040588
2095,-6.590858879179791,0.009920974201040588
2096,-5.894746613185479,0.009920974201040588
2097,-5.950264440542565,0.009920974201040588
2098,-6.224771816439079,0.009920974201040588
2099,-6.802194238093223,0.009920974201040588
2100,-6.2612722688456275,0.009920974201040588
2101,-6.280044198172794,0.009920974201040588
2102,-6.220640455857607,0.009920974201040588
2103,-4.185075309722253,0.009920974201040588
2104,-4.303769501740225,0.009920974201040588
2105,-4.159383588408371,0.009920974201040588
2106,-7.681236512708998,0.009920974201040588
2107,-8.146304137679987,0.009920974201040588
2108,-7.177516932832456,0.009920974201040588
2109,-4.64675278702213,0.009920974201040588
2110,-3.8247683420913314,0.009920974201040588
2111,-6.632385576225785,0.009920974201040588
2112,-6.062864259744314,0.009920974201040588
2113,-6.142971545606675,0.009920974201040588
2114,-3.740953307807735,0.009920974201040588
2115,-6.270862980998986,0.009920974201040588
2116,-3.6757960677607087,0.009920974201040588
2117,-4.15698010045897,0.009920974201040588
2118,-3.754448968985025,0.009920974201040588
2119,-4.607811083134286,0.009920974201040588
2120,-3.7336665093796073,0.009920974201040588
2121,-3.9520046629997982,0.009920974201040588
2122,-4.303827201174754,0.009920974201040588
2123,-7.218836387283249,0.009920974201040588
2124,-3.9729414993174044,0.009920974201040588
2125,-4.056525043632863,0.009920974201040588
2126,-3.9692330849180224,0.009920974201040588
2127,-4.563647519116092,0.009920974201040588
2128,-6.597154776755968,0.009920974201040588
2129,-4.464731059961165,0.009920974201040588
2130,-5.900564694394727,0.009920974201040588
2131,-6.987016682079303,0.009920974201040588
2132,-8.491448405351983,0.009920974201040588
2133,-4.455499265369996,0.009920974201040588
2134,-4.3778900518586426,0.009920974201040588
2135,-4.400554196222609,0.009920974201040588
2136,-4.680978669669752,0.009920974201040588
2137,-7.523625266162763,0.009920974201040588
2138,-6.831350160676191,0.009920974201040588
2139,-6.300834706161737,0.009920974201040588
2140,-6.167527448425007,0.009920974201040588
2141,-7.562801900104475,0.009920974201040588
2142,-4.145350579553849,0.009920974201040588
2143,-4.181689813447375,0.009920974201040588
2144,-2.375053788431016,0.009920974201040588
2145,-5.055604998963892,0.009920974201040588
2146,-2.2258669624253407,0.009920974201040588
2147,-6.386744878146212,0.009920974201040588
2148,-2.4161004285318377,0.009920974201040588
2149,-1.915851822874055,0.009920974201040588
2150,-4.859928714651726,0.009920974201040588
2151,-5.853736306392014,0.009920974201040588
2152,-2.0612394414566024,0.009920974201040588
2153,-3.3488960136100325,0.009920974201040588
2154,-2.0249111640953252,0.009920974201040588
2155,-5.945413761352715,0.009920974201040588
2156,-2.1553074333484545,0.009920974201040588
2157,-5.517031189613775,0.009920974201040588
2158,-4.022229664000224,0.009920974201040588
2159,-1.9781454467685196,0.009920974201040588
2160,-4.597636146586371,0.009920974201040588
2161,-5.826461489228455,0.009920974201040588
2162,-5.271492311338012,0.009920974201040588
2163,-4.593257497841979,0.009920974201040588
2164,-5.627559902690464,0.009920974201040588
2165,-5.024760968756573,0.009920974201040588
2166,-5.306123936282143,0.009920974201040588
2167,-6.009676360053646,0.009920974201040588
2168,-6.7123862184312095,0.009920974201040588
2169,-6.320646477449975,0.009920974201040588
2170,-5.398552978620488,0.009920974201040588
2171,-1.8279443126910078,0.009920974201040588
2172,-5.294639179613211,0.009920974201040588
2173,-4.049674285174867,0.009920974201040588
2174,-4.752048621106351,0.009920974201040588
2175,-3.9512027808851453,0.009920974201040588
2176,-5.06745391500416,0.009920974201040588
2177,-6.980843485862798,0.009920974201040588
2178,-6.590806111928369,0.009920974201040588
2179,-6.73539339677267,0.009920974201040588
2180,-7.929288102200059,0.009920974201040588
2181,-8.657929731129055,0.009920974201040588
2182,-6.6874315190075535,0.009920974201040588
2183,-4.888456357191825,0.009920974201040588
2184,-4.804129695166904,0.009920974201040588
2185,-5.92717710247618,0.009920974201040588
2186,-5.633758112462429,0.009920974201040588
2187,-7.1513341668852775,0.009920974201040588
2188,-8.213639745125601,0.009920974201040588
2189,-6.227860775289031,0.009920974201040588
2190,-7.056885993232788,0.009920974201040588
2191,-6.263561950596346,0.009920974201040588
2192,-5.73415957443194,0.009920974201040588
2193,-5.889578187089727,0.009920974201040588
2194,-6.226970785722701,0.009920974201040588
2195,-7.562643183310439,0.009920974201040588
2196,-4.602213438808726,0.009920974201040588
2197,-7.0694492110817855,0.009920974201040588
2198,-3.088777135020977,0.009920974201040588
2199,-7.1993114483790865,0.009920974201040588
2200,-5.352616354828868,0.009920974201040588
2201,-7.312947336089351,0.009920974201040588
2202,-6.119721621152212,0.009920974201040588
2203,-6.247954981997051,0.009920974201040588
2204,-4.811820453867943,0.009920974201040588
2205,-2.4526988527242377,0.009920974201040588
2206,-6.207362324159303,0.009920974201040588
2207,-5.286045282319698,0.009920974201040588
2208,-2.4374930009676055,0.009920974201040588
2209,-10.466793000960564,0.009920974201040588
2210,-10.43696856403573,0.009920974201040588
2211,-3.845444346178997,0.009920974201040588
2212,-4.196441598732093,0.009920974201040588
2213,-6.736571603402361,0.009920974201040588
2214,-8.612297156783848,0.009920974201040588
2215,-3.965871409641142,0.009920974201040588
2216,-3.8693352104985603,0.009920974201040588
2217,-3.897785768194894,0.009920974201040588
2218,-4.135602367296437,0.009920974201040588
2219,-4.181621742973946,0.009920974201040588
2220,-3.8778827564993135,0.009920974201040588
2221,-8.606359453969894,0.009920974201040588
2222,-5.181920985885627,0.009920974201040588
2223,-2.057868728512728,0.009920974201040588
2224,-4.03502592933654,0.009920974201040588
2225,-3.1385064448590887,0.009920974201040588
2226,-5.5484720500603775,0.009920974201040588
2227,-6.34368879518583,0.009920974201040588
2228,-8.54415606492857,0.009920974201040588
2229,-6.318282444288686,0.009920974201040588
2230,-7.414262707085189,0.009920974201040588
2231,-4.262160914219874,0.009920974201040588
2232,-6.329488172683805,0.009920974201040588
2233,-4.150665997342102,0.009920974201040588
2234,-6.152786490237777,0.009920974201040588
2235,-6.379678639890869,0.009920974201040588
2236,-5.4714801636747366,0.009920974201040588
2237,-4.131863905245149,0.009920974201040588
2238,-4.339505552697967,0.009920974201040588
2239,-7.710005516010245,0.009920974201040588
2240,-6.580483263859804,0.009920974201040588
2241,-3.8843163407881263,0.009920974201040588
2242,-3.1621771499363223,0.009920974201040588
2243,-7.54587801928758,0.009920974201040588
2244,-4.6263897637880715,0.009920974201040588
2245,-6.236826963674644,0.009920974201040588
2246,-5.88043766588298,0.009920974201040588
2247,-5.966420681168101,0.009920974201040588
2248,-6.128470100196758,0.009920974201040588
2249,-4.761283615497303,0.009920974201040588
2250,-6.182793276744638,0.009920974201040588
2251,-6.5481374002686,0.009920974201040588
2252,-5.984728334176049,0.009920974201040588
2253,-5.7596622382526474,0.009920974201040588
2254,-6.839577842575194,0.009920974201040588
2255,-5.765950715262169,0.009920974201040588
2256,-6.420409207530978,0.009920974201040588
2257,-6.380244056843129,0.009920974201040588
2258,-6.043439600796496,0.009920974201040588
2259,-7.214509150587858,0.009920974201040588
2260,-2.99119880045558,0.009920974201040588
2261,-7.228259441658515,0.009920974201040588
2262,-5.291518983373697,0.009920974201040588
2263,-5.979904797920348,0.009920974201040588
2264,-5.75236010066753,0.009920974201040588
2265,-7.359014960412652,0.009920974201040588
2266,-5.16910443126797,0.009920974201040588
2267,-4.636843329776902,0.009920974201040588
2268,-6.220234257788195,0.009920974201040588
2269,-5.763102418433638,0.009920974201040588
2270,-7.4363656401641265,0.009920974201040588
2271,-6.3813092399297755,0.009920974201040588
2272,-1.9258142653467423,0.009920974201040588
2273,-5.118212590725324,0.009920974201040588
2274,-7.4753244896898305,0.009920974201040588
2275,-6.962930464522413,0.009920974201040588
2276,-3.6644679802647513,0.009920974201040588
2277,-7.103944213732549,0.009920974201040588
2278,-4.177004166290218,0.009920974201040588
2279,-1.9106402175747594,0.009920974201040588
2280,-2.5940451719819717,0.009920974201040588
2281,-5.817572574320105,0.009920974201040588
2282,-6.449509655296053,0.009920974201040588
2283,-3.9990433842657085,0.009920974201040588
2284,-6.580147403737125,0.009920974201040588
2285,-5.1782861421369635,0.009920974201040588
2286,-2.9545274428126413,0.009920974201040588
2287,-5.797030121188989,0.009920974201040588
2288,-8.01189315400213,0.009920974201040588
2289,-3.216918731460381,0.009920974201040588
2290,-1.820908698486631,0.009920974201040588
2291,-5.600794034919094,0.009920974201040588
2292,-6.80629314075741,0.009920974201040588
2293,-4.0886106519534104,0.009920974201040588
2294,-1.8315568698145075,0.009920974201040588
2295,-1.7848574163929043,0.009920974201040588
2296,-6.010481426012541,0.009920974201040588
2297,-7.121529416521165,0.009920974201040588
2298,-7.001907542047003,0.009920974201040588
2299,-8.024403745921502,0.009920974201040588
2300,-6.815459961461467,0.009920974201040588
2301,-5.474470828034502,0.009920974201040588
2302,-5.952780135272636,0.009920974201040588
2303,-5.506684467486506,0.009920974201040588
2304,-5.86144862732532,0.009920974201040588
2305,-6.7947508130660434,0.009920974201040588
2306,-6.830846172835074,0.009920974201040588
2307,-6.257006745939566,0.009920974201040588
2308,-7.885357801257438,0.009920974201040588
2309,-5.088781214464231,0.009920974201040588
2310,-5.828240798846965,0.009920974201040588
2311,-1.859279849371399,0.009920974201040588
2312,-4.894509943201692,0.009920974201040588
2313,-4.303413437255081,0.009920974201040588
2314,-3.258329590506428,0.009920974201040588
2315,-4.595079144073742,0.009920974201040588
2316,-4.474684756060078,0.009920974201040588
2317,-3.2149101758079794,0.009920974201040588
2318,-6.2686337944652815,0.009920974201040588
2319,-6.2576752643121045,0.009920974201040588
2320,-5.837915364580652,0.009920974201040588
2321,-6.720398628177508,0.009920974201040588
2322,-7.169087801962372,0.009920974201040588
2323,-7.03092831730401,0.009920974201040588
2324,-6.447573199327433,0.009920974201040588
2325,-5.5108962545651625,0.009920974201040588
2326,-4.227562126546345,0.009920974201040588
2327,-6.008181289259985,0.009920974201040588
2328,-6.738398328278453,0.009920974201040588
2329,-5.775879629332144,0.009920974201040588
2330,-6.454461806043211,0.009920974201040588
2331,-3.8443235453412234,0.009920974201040588
2332,-5.6063664537460305,0.009920974201040588
2333,-4.195478071681237,0.009920974201040588
2334,-7.318004595313386,0.009920974201040588
2335,-5.955691456010442,0.009920974201040588
2336,-7.1216124119697914,0.009920974201040588
2337,-7.324395570684777,0.009920974201040588
2338,-6.990534844923867,0.009920974201040588
2339,-5.083835053923409,0.009920974201040588
2340,-5.785187393677747,0.009920974201040588
2341,-6.1344174570480146,0.009920974201040588
2342,-3.379044320389801,0.009920974201040588
2343,-6.162048737728749,0.009920974201040588
2344,-5.120260030528361,0.009920974201040588
2345,-6.630292792152643,0.009920974201040588
2346,-3.7769036786068018,0.009920974201040588
2347,-6.4873048863475296,0.009920974201040588
2348,-6.081182773862237,0.009920974201040588
2349,-2.036004683283697,0.009920974201040588
2350,-3.3375485538990626,0.009920974201040588
2351,-6.221845150185516,0.009920974201040588
2352,-2.3344311803306597,0.009920974201040588
2353,-5.32417386709232,0.009920974201040588
2354,-5.678653599662125,0.009920974201040588
2355,-6.31530569767262,0.009920974201040588
2356,-5.386906486766369,0.009920974201040588
2357,-6.013472268316852,0.009920974201040588
2358,-5.18371904364374,0.009920974201040588
2359,-5.156196113922775,0.009920974201040588
2360,-5.100235707568766,0.009920974201040588
2361,-4.869833097110092,0.009920974201040588
2362,-4.344703997414028,0.009920974201040588
2363,-5.787622441096355,0.009920974201040588
2364,-5.099226256103011,0.009920974201040588
2365,-5.789110896634158,0.009920974201040588
2366,-6.213808175896986,0.009920974201040588
2367,-7.304674860797688,0.009920974201040588
2368,-2.0096181893794607,0.009920974201040588
2369,-4.065206022638884,0.009920974201040588
2370,-5.005493132403407,0.009920974201040588
2371,-3.908055941957642,0.009920974201040588
2372,-5.098774592185253,0.009920974201040588
2373,-5.116188524728729,0.009920974201040588
2374,-4.764248027194977,0.009920974201040588
2375,-6.473351965984399,0.009920974201040588
2376,-2.648184833935459,0.009920974201040588
2377,-1.7281073966851905,0.009920974201040588
2378,-1.7187300453365055,0.009920974201040588
2379,-3.869743693210423,0.009920974201040588
2380,-4.456991335073129,0.009920974201040588
2381,-2.7524946485518753,0.009920974201040588
2382,-6.35251071332271,0.009920974201040588
2383,-1.7181752636946102,0.009920974201040588
2384,-6.5576248107962165,0.009920974201040588
2385,-5.582236357724151,0.009920974201040588
2386,-4.465272240674428,0.009920974201040588
2387,-3.0203869529995786,0.009920974201040588
2388,-4.776287642412525,0.009920974201040588
2389,-5.058375051631291,0.009920974201040588
2390,-6.678842111569017,0.009920974201040588
2391,-4.978538587111024,0.009920974201040588
2392,-5.2307350523318545,0.009920974201040588
2393,-6.078816739669118,0.009920974201040588
2394,-6.134752765976113,0.009920974201040588
2395,-5.952323947612088,0.009920974201040588
2396,-5.678290249809676,0.009920974201040588
2397,-7.926392578084158,0.009920974201040588
2398,-6.726139058075312,0.009920974201040588
2399,-6.446390327520856,0.009920974201040588
2400,-3.4845442738879697,0.009920974201040588
2401,-3.2461827522032842,0.009920974201040588
2402,-3.3474486444757567,0.009920974201040588
2403,-7.851993835238698,0.009920974201040588
2404,-3.2913407664770284,0.009920974201040588
2405,-3.9971411248036777,0.009920974201040588
2406,-4.713717430033861,0.009920974201040588
2407,-5.099467921964614,0.009920974201040588
2408,-5.58365966080768,0.009920974201040588
2409,-3.3945631136940655,0.009920974201040588
2410,-4.250613799142143,0.009920974201040588
2411,-6.531165598946553,0.009920974201040588
2412,-5.20159716095875,0.009920974201040588
2413,-6.134296190387705,0.009920974201040588
2414,-5.1067268845564735,0.009920974201040588
2415,-3.5028580563669713,0.009920974201040588
2416,-5.5883388678137695,0.009920974201040588
2417,-4.6558499742429404,0.009920974201040588
2418,-5.8672976556449346,0.009920974201040588
2419,-5.225639773390008,0.009920974201040588
2420,-5.090888221944402,0.009920974201040588
2421,-6.023534930974037,0.009920974201040588
2422,-7.054160449132217,0.009920974201040588
2423,-7.362409571669254,0.009920974201040588
2424,-5.397555201841742,0.009920974201040588
2425,-6.561540607916115,0.009920974201040588
2426,-6.001309073661743,0.009920974201040588
2427,-3.46646550611853,0.009920974201040588
2428,-6.224151174201429,0.009920974201040588
2429,-7.560770633364733,0.009920974201040588
2430,-5.09030652488131,0.009920974201040588
2431,-6.019522303470921,0.009920974201040588
2432,-5.645965272365995,0.009920974201040588
2433,-5.4466118115981565,0.009920974201040588
2434,-6.868341756837921,0.009920974201040588
2435,-4.619842312939323,0.009920974201040588
2436,-5.219550788311016,0.009920974201040588
2437,-2.1972824560339337,0.009920974201040588
2438,-4.588384930205084,0.009920974201040588
2439,-4.502290230263082,0.009920974201040588
2440,-2.841929005051528,0.009920974201040588
2441,-6.069144438198288,0.009920974201040588
2442,-5.585227485598376,0.009920974201040588
2443,-5.584718243365094,0.009920974201040588
2444,-2.816508223383373,0.009920974201040588
2445,-3.6754571724621328,0.009920974201040588
2446,-4.221827426302962,0.009920974201040588
2447,-6.537996901352549,0.009920974201040588
2448,-4.939964141123096,0.009920974201040588
2449,-7.818508885393343,0.009920974201040588
2450,-2.2528109166525003,0.009920974201040588
2451,-2.9734749822297633,0.009920974201040588
2452,-4.076086316381887,0.009920974201040588
2453,-4.082024069346275,0.009920974201040588
2454,-2.29145054839388,0.009920974201040588
2455,-4.673243566432758,0.009920974201040588
2456,-5.700885518531733,0.009920974201040588
2457,-7.32597671078703,0.009920974201040588
2458,-4.82705093549247,0.009920974201040588
2459,-1.7523765202289168,0.009920974201040588
2460,-5.943563612672342,0.009920974201040588
2461,-4.809471950586946,0.009920974201040588
2462,-2.9081882388432136,0.009920974201040588
2463,-2.2127591671105735,0.009920974201040588
2464,-4.585799846512179,0.009920974201040588
2465,-5.5961163379052525,0.009920974201040588
2466,-4.749344930457614,0.009920974201040588
2467,-4.174332661861837,0.009920974201040588
2468,-7.047839540263661,0.009920974201040588
2469,-5.650085202833347,0.009920974201040588
2470,-4.719857414479453,0.009920974201040588
2471,-3.833639426548049,0.009920974201040588
2472,-7.27887847038601,0.009920974201040588
2473,-1.8097158381330325,0.009920974201040588
2474,-7.518422418896277,0.009920974201040588
2475,-3.46185604621657,0.009920974201040588
2476,-5.778025795091504,0.009920974201040588
2477,-7.068086021121678,0.009920974201040588
2478,-6.211996783093012,0.009920974201040588
2479,-6.578796326324412,0.009920974201040588
2480,-5.099517746640442,0.009920974201040588
2481,-7.368193462952574,0.009920974201040588
2482,-5.331045489855368,0.009920974201040588
2483,-5.7290718823832005,0.009920974201040588
2484,-6.8833185003475235,0.009920974201040588
2485,-4.105821641791612,0.009920974201040588
2486,-4.148394914808708,0.009920974201040588
2487,-8.131168623645193,0.009920974201040588
2488,-2.289377656172332,0.009920974201040588
2489,-5.198928532470637,0.009920974201040588
2490,-7.993783200310903,0.009920974201040588
2491,-6.854222423407705,0.009920974201040588
2492,-2.282712945844077,0.009920974201040588
2493,-3.1742461467698564,0.009920974201040588
2494,-5.355493018953227,0.009920974201040588
2495,-5.472543390536014,0.009920974201040588
2496,-6.2487060511183685,0.009920974201040588
2497,-4.8110198533486255,0.009920974201040588
2498,-4.832603326741478,0.009920974201040588
2499,-6.528570344022458,0.009920974201040588
2500,-6.474646895722364,0.009920974201040588
2501,-4.784664640832871,0.009920974201040588
2502,-3.7058257681104276,0.009920974201040588
2503,-4.9278859652410825,0.009920974201040588
2504,-8.143574168555425,0.009920974201040588
2505,-4.380457171396545,0.009920974201040588
2506,-6.854328883316593,0.009920974201040588
2507,-4.868199391157699,0.009920974201040588
2508,-5.612907273352336,0.009920974201040588
2509,-5.275749138635842,0.009920974201040588
2510,-4.5309970577544645,0.009920974201040588
2511,-4.268774676927547,0.009920974201040588
2512,-5.879216535954963,0.009920974201040588
2513,-6.026998761669804,0.009920974201040588
2514,-8.375572726531868,0.009920974201040588
2515,-4.730821923183142,0.009920974201040588
2516,-5.047815549958461,0.009920974201040588
2517,-5.032188676046781,0.009920974201040588
2518,-4.664045798965965,0.009920974201040588
2519,-4.883495508132128,0.009920974201040588
2520,-4.979442458998319,0.009920974201040588
2521,-5.4323557902130215,0.009920974201040588
2522,-6.619644592175044,0.009920974201040588
2523,-5.024814465660233,0.009920974201040588
2524,-4.792394121341852,0.009920974201040588
2525,-4.961019201322522,0.009920974201040588
2526,-6.584379072622751,0.009920974201040588
2527,-4.8722634354470795,0.009920974201040588
2528,-6.70446500001474,0.009920974201040588
2529,-8.001592852875579,0.009920974201040588
2530,-5.2662659852120495,0.009920974201040588
2531,-4.553075944421967,0.009920974201040588
2532,-4.532516052978613,0.009920974201040588
2533,-7.324621201639966,0.009920974201040588
2534,-5.781655928123327,0.009920974201040588
2535,-7.057705993573878,0.009920974201040588
2536,-3.331652951537322,0.009920974201040588
2537,-3.3859316486411335,0.009920974201040588
2538,-6.586290263235283,0.009920974201040588
2539,-3.7216981259756845,0.009920974201040588
2540,-6.8150373723513145,0.009920974201040588
2541,-5.335583964853468,0.009920974201040588
2542,-3.0884176180148466,0.009920974201040588
2543,-3.9443797204718427,0.009920974201040588
2544,-3.3677562723282626,0.009920974201040588
2545,-7.600806576589445,0.009920974201040588
2546,-6.952237689381699,0.009920974201040588
2547,-6.45653404721923,0.009920974201040588
2548,-4.8163687456247315,0.009920974201040588
2549,-2.344804665382134,0.009920974201040588
2550,-6.169725783835701,0.009920974201040588
2551,-3.170804542104324,0.009920974201040588
2552,-4.039862770230374,0.009920974201040588
2553,-4.488290018797615,0.009920974201040588
2554,-4.072070000523253,0.009920974201040588
2555,-6.151171138242896,0.009920974201040588
2556,-1.7705097918750472,0.009920974201040588
2557,-1.908307633122197,0.009920974201040588
2558,-6.321857035240564,0.009920974201040588
2559,-4.92009737231375,0.009920974201040588
2560,-6.190637130488902,0.009920974201040588
2561,-9.800842580435795,0.009920974201040588
2562,-6.095132135428901,0.009920974201040588
2563,-3.7159409772336045,0.009920974201040588
2564,-7.31621746329966,0.009920974201040588
2565,-6.774279460917172,0.009920974201040588
2566,-3.6558632395719806,0.009920974201040588
2567,-5.657926545513732,0.009920974201040588
2568,-5.3732778988304695,0.009920974201040588
2569,-5.618938314537441,0.009920974201040588
2570,-4.600329853650907,0.009920974201040588
2571,-5.474212117722544,0.009920974201040588
2572,-7.542601918927749,0.009920974201040588
2573,-6.2416676987016535,0.009920974201040588
2574,-4.540458930055717,0.009920974201040588
2575,-6.005359958478683,0.009920974201040588
2576,-6.440523225420968,0.009920974201040588
2577,-4.371543577595823,0.009920974201040588
2578,-5.395763406797988,0.009920974201040588
2579,-3.4321404748382895,0.009920974201040588
2580,-6.080869305930886,0.009920974201040588
2581,-3.0834960159747027,0.009920974201040588
2582,-6.767097751400489,0.009920974201040588
2583,-7.023781591583291,0.009920974201040588
2584,-3.210869296386102,0.009920974201040588
2585,-8.009798044462999,0.009920974201040588
2586,-5.486204730633347,0.009920974201040588
2587,-5.4646034335747915,0.009920974201040588
2588,-5.804234111173047,0.009920974201040588
2589,-6.75566504351257,0.009920974201040588
2590,-5.503486589887285,0.009920974201040588
2591,-5.207610102128394,0.009920974201040588
2592,-2.2727269775425523,0.009920974201040588
2593,-4.85769831738933,0.009920974201040588
2594,-3.8734479858550364,0.009920974201040588
2595,-5.123234592760415,0.009920974201040588
2596,-6.598903117398107,0.009920974201040588
2597,-5.311889402035041,0.009920974201040588
2598,-6.870584603916297,0.009920974201040588
2599,-5.759873835767753,0.009920974201040588
2600,-4.943409250348727,0.009920974201040588
2601,-6.3038694281393415,0.009920974201040588
2602,-8.064613398408405,0.009920974201040588
2603,-4.332638463942905,0.009920974201040588
2604,-7.695262342758576,0.009920974201040588
2605,-7.851773040902016,0.009920974201040588
2606,-8.674791979237803,0.009920974201040588
2607,-6.254595168071759,0.009920974201040588
2608,-4.1813785201366365,0.009920974201040588
2609,-4.104381711616227,0.009920974201040588
2610,-6.8133451856264955,0.009920974201040588
2611,-7.60671450566965,0.009920974201040588
2612,-6.636153894522286,0.009920974201040588
2613,-5.728226455103272,0.009920974201040588
2614,-5.860451463502482,0.009920974201040588
2615,-8.160171929852577,0.009920974201040588
2616,-5.952602983763628,0.009920974201040588
2617,-6.150769750341286,0.009920974201040588
2618,-4.601409888718752,0.009920974201040588
2619,-5.803199930993708,0.009920974201040588
2620,-6.216605971866961,0.009920974201040588
2621,-6.196435844962673,0.009920974201040588
2622,-5.664619363898412,0.009920974201040588
2623,-2.4018413727118966,0.009920974201040588
2624,-2.363854954535414,0.009920974201040588
2625,-4.187497123384184,0.009920974201040588
2626,-2.350499191779692,0.009920974201040588
2627,-4.214169553939392,0.009920974201040588
2628,-4.789098769435414,0.009920974201040588
2629,-4.024461451272434,0.009920974201040588
2630,-5.533375971628477,0.009920974201040588
2631,-6.690884031127398,0.009920974201040588
2632,-2.299100358431986,0.009920974201040588
2633,-2.85001521728511,0.009920974201040588
2634,-3.1266614113110314,0.009920974201040588
2635,-6.844431027272856,0.009920974201040588
2636,-2.3269920770969352,0.009920974201040588
2637,-5.183921028510761,0.009920974201040588
2638,-4.478499677078821,0.009920974201040588
2639,-4.988757930330655,0.009920974201040588
2640,-4.832325280162802,0.009920974201040588
2641,-5.763260165602658,0.009920974201040588
2642,-5.986641246523895,0.009920974201040588
2643,-3.463287208608696,0.009920974201040588
2644,-4.793273003636913,0.009920974201040588
2645,-2.992337848133697,0.009920974201040588
2646,-2.7626116474243916,0.009920974201040588
2647,-3.467102670903994,0.009920974201040588
2648,-5.733433541455602,0.009920974201040588
2649,-1.5956263087574007,0.009920974201040588
2650,-5.9378078049803,0.009920974201040588
2651,-4.184322950278561,0.009920974201040588
2652,-1.5552032061565313,0.009920974201040588
2653,-1.633354436665443,0.009920974201040588
2654,-4.887851158338749,0.009920974201040588
2655,-4.463326239871775,0.009920974201040588
2656,-6.3217923071967475,0.009920974201040588
2657,-4.658094297319975,0.009920974201040588
2658,-4.72502885474787,0.009920974201040588
2659,-2.723467007123499,0.009920974201040588
2660,-8.279361534043217,0.009920974201040588
2661,-8.338528714456572,0.009920974201040588
2662,-4.778183933569774,0.009920974201040588
2663,-2.103048756237475,0.009920974201040588
2664,-6.5015681205887885,0.009920974201040588
2665,-7.0428461979479255,0.009920974201040588
2666,-5.853337391686453,0.009920974201040588
2667,-6.9148269795872235,0.009920974201040588
2668,-5.73857548785235,0.009920974201040588
2669,-6.4323836919061765,0.009920974201040588
2670,-5.627018354707207,0.009920974201040588
2671,-7.189656121154403,0.009920974201040588
2672,-7.053851843802035,0.009920974201040588
2673,-4.093900320475559,0.009920974201040588
2674,-7.612986181356346,0.009920974201040588
2675,-6.72306942284905,0.009920974201040588
2676,-8.16825796040618,0.009920974201040588
2677,-5.487618162819885,0.009920974201040588
2678,-5.151865638249723,0.009920974201040588
2679,-7.693272593240335,0.009920974201040588
2680,-7.484834842437799,0.009920974201040588
2681,-7.015852228832857,0.009920974201040588
2682,-6.466856673308267,0.009920974201040588
2683,-6.535940392845729,0.009920974201040588
2684,-6.724925995350672,0.009920974201040588
2685,-3.396276498625421,0.009920974201040588
2686,-6.316253783508994,0.009920974201040588
2687,-4.703044419343173,0.009920974201040588
2688,-5.209459711787556,0.009920974201040588
2689,-6.900080091690855,0.009920974201040588
2690,-6.308508386376539,0.009920974201040588
2691,-7.415666698993647,0.009920974201040588
2692,-4.995111082407135,0.009920974201040588
2693,-7.244181361681135,0.009920974201040588
2694,-5.779672053664756,0.009920974201040588
2695,-5.52691005191612,0.009920974201040588
2696,-3.3446356144423413,0.009920974201040588
2697,-4.006463818906088,0.009920974201040588
2698,-4.252741284329144,0.009920974201040588
2699,-2.6650411554935034,0.009920974201040588
2700,-4.679264624851655,0.009920974201040588
2701,-6.2576381084627855,0.009920974201040588
2702,-2.7008924806737586,0.009920974201040588
2703,-4.749000470773895,0.009920974201040588
2704,-5.561811474723347,0.009920974201040588
2705,-1.5340006283170318,0.009920974201040588
2706,-4.8345940918966255,0.009920974201040588
2707,-7.803047342171958,0.009920974201040588
2708,-6.012617656036788,0.009920974201040588
2709,-5.235668685555575,0.009920974201040588
2710,-3.0491174241845087,0.009920974201040588
2711,-5.421645658038539,0.009920974201040588
2712,-2.139469496932371,0.009920974201040588
2713,-4.572570592948846,0.009920974201040588
2714,-6.888277442478167,0.009920974201040588
2715,-3.0555544900341403,0.009920974201040588
2716,-4.6465605529352505,0.009920974201040588
2717,-2.320738163674623,0.009920974201040588
2718,-4.090587668619653,0.009920974201040588
2719,-4.451112168161776,0.009920974201040588
2720,-5.973926039361329,0.009920974201040588
2721,-3.4460078356362436,0.009920974201040588
2722,-2.340768252469947,0.009920974201040588
2723,-4.116006422292413,0.009920974201040588
2724,-4.117468488007466,0.009920974201040588
2725,-3.0013537805874706,0.009920974201040588
2726,-5.373223378403026,0.009920974201040588
2727,-2.3596399810709867,0.009920974201040588
2728,-1.791150499239308,0.009920974201040588
2729,-4.908583530009847,0.009920974201040588
2730,-5.159890427514646,0.009920974201040588
2731,-5.400263574248729,0.009920974201040588
2732,-6.035980591374482,0.009920974201040588
2733,-5.192924014912645,0.009920974201040588
2734,-4.625490702422047,0.009920974201040588
2735,-6.8375285989057675,0.009920974201040588
2736,-8.935776395531336,0.009920974201040588
2737,-5.601211490547573,0.009920974201040588
2738,-2.0605489637802963,0.009920974201040588
2739,-5.4515551499770165,0.009920974201040588
2740,-5.6059058092231755,0.009920974201040588
2741,-2.8908266644023706,0.009920974201040588
2742,-8.53952247898871,0.009920974201040588
2743,-5.797338992372717,0.009920974201040588
2744,-3.3863382550112724,0.009920974201040588
2745,-4.6310879597950585,0.009920974201040588
2746,-5.511671999834645,0.009920974201040588
2747,-6.127306909023593,0.009920974201040588
2748,-4.389099513285486,0.009920974201040588
2749,-5.822961394900222,0.009920974201040588
2750,-3.4226906469915654,0.009920974201040588
2751,-4.94780974752125,0.009920974201040588
2752,-4.72273207503874,0.009920974201040588
2753,-5.0382148669664,0.009920974201040588
2754,-4.605959866108021,0.009920974201040588
2755,-6.818596889541598,0.009920974201040588
2756,-6.155487102425282,0.009920974201040588
2757,-1.8473160899390972,0.009920974201040588
2758,-5.051971264187427,0.009920974201040588
2759,-3.6461193728624903,0.009920974201040588
2760,-2.392198607968596,0.009920974201040588
2761,-5.900078377654543,0.009920974201040588
2762,-6.996619568420025,0.009920974201040588
2763,-5.200904856374423,0.009920974201040588
2764,-4.8333904415055216,0.009920974201040588
2765,-3.9784511551578348,0.009920974201040588
2766,-2.4121704608479115,0.009920974201040588
2767,-7.021387704305522,0.009920974201040588
2768,-4.81559059300287,0.009920974201040588
2769,-6.0594060790217235,0.009920974201040588
2770,-4.9284491679653835,0.009920974201040588
2771,-4.470506662437963,0.009920974201040588
2772,-1.5294885491854857,0.009920974201040588
2773,-5.195266696422105,0.009920974201040588
2774,-4.534561276614308,0.009920974201040588
2775,-4.666317827052964,0.009920974201040588
2776,-5.258563112359916,0.009920974201040588
2777,-4.996580880489401,0.009920974201040588
2778,-7.377597336285496,0.009920974201040588
2779,-5.393868066821529,0.009920974201040588
2780,-3.73047916607521,0.009920974201040588
2781,-2.002141570985278,0.009920974201040588
2782,-3.8306685596512065,0.009920974201040588
2783,-8.432426723149716,0.009920974201040588
2784,-4.805865608188748,0.009920974201040588
2785,-4.05412347610234,0.009920974201040588
2786,-4.024773064840515,0.009920974201040588
2787,-4.756842089771306,0.009920974201040588
2788,-8.483989944103264,0.009920974201040588
2789,-6.988780717329762,0.009920974201040588
2790,-4.161723604723248,0.009920974201040588
2791,-3.788224274789714,0.009920974201040588
2792,-3.7538366807960464,0.009920974201040588
2793,-3.7843464705720744,0.009920974201040588
2794,-3.860200431732915,0.009920974201040588
2795,-3.902190952989468,0.009920974201040588
2796,-4.714228740729769,0.009920974201040588
2797,-5.340567719225476,0.009920974201040588
2798,-6.289477009556721,0.009920974201040588
2799,-4.37920047815212,0.009920974201040588
2800,-4.236708418166938,0.009920974201040588
2801,-2.50907909048072,0.009920974201040588
2802,-4.94519696420538,0.009920974201040588
2803,-6.156266925087149,0.009920974201040588
2804,-7.309190838350424,0.009920974201040588
2805,-6.838189003712283,0.009920974201040588
2806,-3.9744582073145414,0.009920974201040588
2807,-4.403989324284765,0.009920974201040588
2808,-5.89796405254277,0.009920974201040588
2809,-6.2356409311830765,0.009920974201040588
2810,-4.573246090548368,0.009920974201040588
2811,-5.916660043053316,0.009920974201040588
2812,-9.081352686477615,0.009920974201040588
2813,-7.151985396358391,0.009920974201040588
2814,-7.168543256484703,0.009920974201040588
2815,-8.036303439484389,0.009920974201040588
2816,-9.208830530368836,0.009920974201040588
2817,-7.466026454704183,0.009920974201040588
2818,-6.783947656293239,0.009920974201040588
2819,-6.019802150461457,0.009920974201040588
2820,-6.042746283128585,0.009920974201040588
2821,-7.451031931820038,0.009920974201040588
2822,-5.927485781191974,0.009920974201040588
2823,-5.255857873522263,0.009920974201040588
2824,-4.839622988967758,0.009920974201040588
2825,-4.512678757171223,0.009920974201040588
2826,-2.2685439575662327,0.009920974201040588
2827,-6.922567039657148,0.009920974201040588
2828,-5.704155048195344,0.009920974201040588
2829,-4.081804238470276,0.009920974201040588
2830,-5.3428179479456315,0.009920974201040588
2831,-2.2643558940311466,0.009920974201040588
2832,-1.8186651352210526,0.009920974201040588
2833,-4.078325769412186,0.009920974201040588
2834,-4.19878856912298,0.009920974201040588
2835,-6.454751530357092,0.009920974201040588
2836,-1.9521474733678283,0.009920974201040588
2837,-6.064359198417402,0.009920974201040588
2838,-2.1520198455631805,0.009920974201040588
2839,-4.441729863585685,0.009920974201040588
2840,-1.7955876612279247,0.009920974201040588
2841,-7.319033931424876,0.009920974201040588
2842,-5.9116694868907835,0.009920974201040588
2843,-4.387019052780843,0.009920974201040588
2844,-5.740119594631251,0.009920974201040588
2845,-5.995820493196799,0.009920974201040588
2846,-4.269731358255385,0.009920974201040588
2847,-4.137297884311826,0.009920974201040588
2848,-6.570251299004713,0.009920974201040588
2849,-4.736272554634912,0.009920974201040588
2850,-1.514327722874517,0.009920974201040588
2851,-2.153534480057087,0.009920974201040588
2852,-4.5169703493011095,0.009920974201040588
2853,-2.3123336663887706,0.009920974201040588
2854,-4.856272374271041,0.009920974201040588
2855,-5.3273728715461575,0.009920974201040588
2856,-6.440065141156243,0.009920974201040588
2857,-6.656350990907836,0.009920974201040588
2858,-2.34312830007383,0.009920974201040588
2859,-5.260593211593207,0.009920974201040588
2860,-8.131685416787002,0.009920974201040588
2861,-5.10444481563383,0.009920974201040588
2862,-5.4066395712109285,0.009920974201040588
2863,-3.749215978951998,0.009920974201040588
2864,-2.3468647755304533,0.009920974201040588
2865,-5.6883250861273105,0.009920974201040588
2866,-3.3786622059609837,0.009920974201040588
2867,-5.056037415448301,0.009920974201040588
2868,-4.200169601499306,0.009920974201040588
2869,-5.83377348771505,0.009920974201040588
2870,-4.683146021783239,0.009920974201040588
2871,-6.4333109732118325,0.009920974201040588
2872,-8.870083156410676,0.009920974201040588
2873,-8.30303679867836,0.009920974201040588
2874,-8.451760152959952,0.009920974201040588
2875,-8.994633055199039,0.009920974201040588
2876,-6.818078150255598,0.009920974201040588
2877,-6.771729428912369,0.009920974201040588
2878,-7.240072192657596,0.009920974201040588
2879,-2.855777576417085,0.009920974201040588
2880,-6.2945905433470735,0.009920974201040588
2881,-3.5178669954823585,0.009920974201040588
2882,-3.4037292077508976,0.009920974201040588
2883,-5.587461405119675,0.009920974201040588
2884,-4.376880909159369,0.009920974201040588
2885,-5.387730104514597,0.009920974201040588
2886,-7.797755125638141,0.009920974201040588
2887,-7.502177003257272,0.009920974201040588
2888,-6.2633392008612425,0.009920974201040588
2889,-3.288731784999715,0.009920974201040588
2890,-4.640660826388482,0.009920974201040588
2891,-5.4182563991544,0.009920974201040588
2892,-5.496594541758958,0.009920974201040588
2893,-3.1796108922075,0.009920974201040588
2894,-6.643827461183364,0.009920974201040588
2895,-5.022235254582867,0.009920974201040588
2896,-6.695985934217589,0.009920974201040588
2897,-2.805050064263175,0.009920974201040588
2898,-4.592667806182665,0.009920974201040588
2899,-4.802432821674705,0.009920974201040588
2900,-7.368826705955034,0.009920974201040588
2901,-6.717509741830115,0.009920974201040588
2902,-6.310838403179,0.009920974201040588
2903,-6.381338995431745,0.009920974201040588
2904,-3.213681468476853,0.009920974201040588
2905,-4.121357270195549,0.009920974201040588
2906,-5.7344458115803425,0.009920974201040588
2907,-4.41469190355526,0.009920974201040588
2908,-4.260167892124095,0.009920974201040588
2909,-6.437827312171171,0.009920974201040588
2910,-5.547384994372929,0.009920974201040588
2911,-7.004491934384857,0.009920974201040588
2912,-4.100891711506585,0.009920974201040588
2913,-5.672513685980578,0.009920974201040588
2914,-7.376564872095852,0.009920974201040588
2915,-7.998488036798184,0.009920974201040588
2916,-7.240373266696243,0.009920974201040588
2917,-6.3898105723301635,0.009920974201040588
2918,-5.772370076128154,0.009920974201040588
2919,-3.251946493721984,0.009920974201040588
2920,-6.87028459436105,0.009920974201040588
2921,-6.2149666479460315,0.009920974201040588
2922,-6.577789785592829,0.009920974201040588
2923,-4.494966387769308,0.009920974201040588
2924,-1.9635808226120348,0.009920974201040588
2925,-7.113644663091744,0.009920974201040588
2926,-3.0901922900661676,0.009920974201040588
2927,-3.1706451752211953,0.009920974201040588
2928,-5.4355547834140046,0.009920974201040588
2929,-5.785167992632009,0.009920974201040588
2930,-2.931698019956948,0.009920974201040588
2931,-6.318397065442387,0.009920974201040588
2932,-4.264513408749577,0.009920974201040588
2933,-5.825513944502622,0.009920974201040588
2934,-4.0470155029157695,0.009920974201040588
2935,-2.6784052987178746,0.009920974201040588
2936,-5.281517404647131,0.009920974201040588
2937,-6.316238890939527,0.009920974201040588
2938,-5.274011125881264,0.009920974201040588
2939,-7.180514700401072,0.009920974201040588
2940,-7.100228438921313,0.009920974201040588
2941,-6.0453400944110935,0.009920974201040588
2942,-5.541370776168335,0.009920974201040588
2943,-3.4755111232807807,0.009920974201040588
2944,-2.6940328389295676,0.009920974201040588
2945,-6.051846064653402,0.009920974201040588
2946,-6.09253951492821,0.009920974201040588
2947,-2.346236675330084,0.009920974201040588
2948,-4.888947056256653,0.009920974201040588
2949,-5.405465672883915,0.009920974201040588
2950,-3.195565395093937,0.009920974201040588
2951,-3.1093844759223677,0.009920974201040588
2952,-6.001237237664476,0.009920974201040588
2953,-3.0445947049338753,0.009920974201040588
2954,-3.968579330288951,0.009920974201040588
2955,-2.5509125524748213,0.009920974201040588
2956,-2.006930887030899,0.009920974201040588
2957,-8.078689189909769,0.009920974201040588
2958,-4.930774449657191,0.009920974201040588
2959,-5.194445037344122,0.009920974201040588
2960,-8.121585967726364,0.009920974201040588
2961,-4.344059800843347,0.009920974201040588
2962,-6.80115400882454,0.009920974201040588
2963,-5.375728496186884,0.009920974201040588
2964,-5.939097526881547,0.009920974201040588
2965,-4.611846979683523,0.009920974201040588
2966,-1.8251500884326572,0.009920974201040588
2967,-2.3298878216807886,0.009920974201040588
2968,-6.140672993509103,0.009920974201040588
2969,-5.833363605309383,0.009920974201040588
2970,-7.230199773629041,0.009920974201040588
2971,-4.88613347476552,0.009920974201040588
2972,-4.27834459898273,0.009920974201040588
2973,-5.586018169236233,0.009920974201040588
2974,-5.9878616623988625,0.009920974201040588
2975,-4.269235430532443,0.009920974201040588
2976,-4.228184728902603,0.009920974201040588
2977,-6.174562842627324,0.009920974201040588
2978,-5.424881663923129,0.009920974201040588
2979,-6.018725299130894,0.009920974201040588
2980,-6.18609114929412,0.009920974201040588
2981,-5.63931078323901,0.009920974201040588
2982,-4.1925324934302655,0.009920974201040588
2983,-5.589406750126024,0.009920974201040588
2984,-5.885764852529279,0.009920974201040588
2985,-3.5397609919712067,0.009920974201040588
2986,-7.580882591082731,0.009920974201040588
2987,-5.304600578609896,0.009920974201040588
2988,-3.538537178279981,0.009920974201040588
2989,-5.181746019334886,0.009920974201040588
2990,-4.86681076021911,0.009920974201040588
2991,-4.6712510626214785,0.009920974201040588
2992,-6.237227663165177,0.009920974201040588
2993,-5.660651389521873,0.009920974201040588
2994,-4.065040965027479,0.009920974201040588
2995,-8.297367668481492,0.009920974201040588
2996,-5.777948029625077,0.009920974201040588
2997,-6.799307163361702,0.009920974201040588
2998,-4.6975231328078415,0.009920974201040588
2999,-4.866023150756748,0.009920974201040588
3000,-4.802452555984694,0.009920974201040588
3001,-2.490293717448934,0.009920974201040588
3002,-1.5868740506363612,0.009920974201040588
3003,-3.0409624252743503,0.009920974201040588
3004,-1.5889103401561164,0.009920974201040588
3005,-4.753071714894931,0.009920974201040588
3006,-3.054676883705607,0.009920974201040588
3007,-4.245815647469458,0.009920974201040588
3008,-1.6066720753920565,0.009920974201040588
3009,-2.9928935763943136,0.009920974201040588
3010,-3.084431293455043,0.009920974201040588
3011,-4.988001670937663,0.009920974201040588
3012,-4.977699157884406,0.009920974201040588
3013,-4.904200110593376,0.009920974201040588
3014,-5.642703480994382,0.009920974201040588
3015,-2.939917130457833,0.009920974201040588
3016,-6.338979127349216,0.009920974201040588
3017,-2.978463647222955,0.009920974201040588
3018,-7.156311908884508,0.009920974201040588
3019,-5.860309010837057,0.009920974201040588
3020,-4.870581734720641,0.009920974201040588
3021,-1.6857479044703467,0.009920974201040588
3022,-7.255637239343966,0.009920974201040588
3023,-6.3371085002326835,0.009920974201040588
3024,-3.0638149012700366,0.009920974201040588
3025,-5.242319462568408,0.009920974201040588
3026,-5.017904932169261,0.009920974201040588
3027,-4.672405614369862,0.009920974201040588
3028,-2.7583567729029963,0.009920974201040588
3029,-3.293582535178779,0.009920974201040588
3030,-3.2856675077142414,0.009920974201040588
3031,-2.2486782772335516,0.009920974201040588
3032,-6.661055548400194,0.009920974201040588
3033,-5.590407227310566,0.009920974201040588
3034,-4.432211719993775,0.009920974201040588
3035,-5.487318982863359,0.009920974201040588
3036,-5.020862031938643,0.009920974201040588
3037,-6.065258313013453,0.009920974201040588
3038,-4.899149960446995,0.009920974201040588
3039,-4.10522717956802,0.009920974201040588
3040,-5.36127069077678,0.009920974201040588
3041,-1.995820200340715,0.009920974201040588
3042,-4.7513413195267304,0.009920974201040588
3043,-5.8436297241618185,0.009920974201040588
3044,-6.864125481393682,0.009920974201040588
3045,-6.583922926159492,0.009920974201040588
3046,-1.898042702120144,0.009920974201040588
3047,-5.041878895114971,0.009920974201040588
3048,-6.429515130530417,0.009920974201040588
3049,-5.06530374509203,0.009920974201040588
3050,-6.461497874269821,0.009920974201040588
3051,-5.777440086602332,0.009920974201040588
3052,-5.565934024876519,0.009920974201040588
3053,-5.631742760871905,0.009920974201040588
3054,-2.395313908020273,0.009920974201040588
3055,-5.0376517628054405,0.009920974201040588
3056,-5.009514661833117,0.009920974201040588
3057,-4.6748676720837015,0.009920974201040588
3058,-4.453294556303886,0.009920974201040588
3059,-7.008906597650886,0.009920974201040588
3060,-5.587074418121793,0.009920974201040588
3061,-5.640152542724006,0.009920974201040588
3062,-5.517313083598293,0.009920974201040588
3063,-2.5085096940091676,0.009920974201040588
3064,-3.2998263745760448,0.009920974201040588
3065,-5.182916138733278,0.009920974201040588
3066,-4.2312430238201495,0.009920974201040588
3067,-5.293840425317056,0.009920974201040588
3068,-5.289599460119022,0.009920974201040588
3069,-4.3806583910444825,0.009920974201040588
3070,-3.608972238356859,0.009920974201040588
3071,-7.9831623632377,0.009920974201040588
3072,-4.814142257564772,0.009920974201040588
3073,-5.3970519182651815,0.009920974201040588
3074,-5.2850426559642845,0.009920974201040588
3075,-5.279066990146344,0.009920974201040588
3076,-3.177958745321415,0.009920974201040588
3077,-5.731395150882712,0.009920974201040588
3078,-1.7056830482006506,0.009920974201040588
3079,-3.268095075878582,0.009920974201040588
3080,-2.959860403336428,0.009920974201040588
3081,-5.369709587945428,0.009920974201040588
3082,-5.1840273201298,0.009920974201040588
3083,-3.1976566174223913,0.009920974201040588
3084,-3.1686309869413942,0.009920974201040588
3085,-3.249513739138373,0.009920974201040588
3086,-5.76459457322454,0.009920974201040588
3087,-6.0779948709674265,0.009920974201040588
3088,-3.206619520138432,0.009920974201040588
3089,-4.333928058720717,0.009920974201040588
3090,-3.3215893847059306,0.009920974201040588
3091,-3.2822254298967053,0.009920974201040588
3092,-5.635351493355529,0.009920974201040588
3093,-3.6444788570214817,0.009920974201040588
3094,-2.0947368580810704,0.009920974201040588
3095,-2.055076118822611,0.009920974201040588
3096,-4.580659127792036,0.009920974201040588
3097,-2.6914764861694676,0.009920974201040588
3098,-5.40115553463728,0.009920974201040588
3099,-6.198054410410743,0.009920974201040588
3100,-4.076765572453652,0.009920974201040588
3101,-5.030037980298363,0.009920974201040588
3102,-3.8366801856410695,0.009920974201040588
3103,-3.778697947327642,0.009920974201040588
3104,-5.394616680669845,0.009920974201040588
3105,-3.831075798031303,0.009920974201040588
3106,-3.8024826044269098,0.009920974201040588
3107,-2.0916934929821718,0.009920974201040588
3108,-4.833376012636267,0.009920974201040588
3109,-3.3724736135742805,0.009920974201040588
3110,-4.492231710262178,0.009920974201040588
3111,-3.3194583617309767,0.009920974201040588
3112,-3.425100598438767,0.009920974201040588
3113,-5.572838434218361,0.009920974201040588
3114,-4.180322650023548,0.009920974201040588
3115,-3.427441363216025,0.009920974201040588
3116,-5.368675904306063,0.009920974201040588
3117,-5.00709248646037,0.009920974201040588
3118,-5.328941103784535,0.009920974201040588
3119,-2.77662007852119,0.009920974201040588
3120,-4.465179597106713,0.009920974201040588
3121,-9.03026335820537,0.009920974201040588
3122,-3.250152238299355,0.009920974201040588
3123,-6.376883110694571,0.009920974201040588
3124,-7.366279784769782,0.009920974201040588
3125,-5.405030202807181,0.009920974201040588
3126,-6.761923181218085,0.009920974201040588
3127,-5.948807079028765,0.009920974201040588
3128,-5.483991779623091,0.009920974201040588
3129,-5.149079684310262,0.009920974201040588
3130,-5.510161765065733,0.009920974201040588
3131,-7.889807954388618,0.009920974201040588
3132,-6.8226733446356,0.009920974201040588
3133,-7.068072263552208,0.009920974201040588
3134,-2.4158997835097313,0.009920974201040588
3135,-4.707575815411172,0.009920974201040588
3136,-6.286518050580065,0.009920974201040588
3137,-4.410154143848541,0.009920974201040588
3138,-5.091190298097857,0.009920974201040588
3139,-3.944874936483501,0.009920974201040588
3140,-6.686234523798632,0.009920974201040588
3141,-7.157032687018624,0.009920974201040588
3142,-6.596540822000083,0.009920974201040588
3143,-5.735687985729817,0.009920974201040588
3144,-5.945684514947931,0.009920974201040588
3145,-5.316520298999532,0.009920974201040588
3146,-4.608910004224171,0.009920974201040588
3147,-5.219473285207146,0.009920974201040588
3148,-4.5842861618516295,0.009920974201040588
3149,-5.07482282790354,0.009920974201040588
3150,-4.138038739066714,0.009920974201040588
3151,-4.721382333537087,0.009920974201040588
3152,-5.1517205200530105,0.009920974201040588
3153,-5.059372466366733,0.009920974201040588
3154,-6.478503484071501,0.009920974201040588
3155,-6.948698280551458,0.009920974201040588
3156,-2.141657071770646,0.009920974201040588
3157,-4.537243068897865,0.009920974201040588
3158,-4.882126468751812,0.009920974201040588
3159,-5.048991621231291,0.009920974201040588
3160,-6.653921463040106,0.009920974201040588
3161,-7.070708071834937,0.009920974201040588
3162,-2.7792657621412435,0.009920974201040588
3163,-6.851581038681173,0.009920974201040588
3164,-6.683068219225174,0.009920974201040588
3165,-7.179821110244278,0.009920974201040588
3166,-1.6882366998513239,0.009920974201040588
3167,-3.478902244623415,0.009920974201040588
3168,-6.417404024734645,0.009920974201040588
3169,-6.389833764801198,0.009920974201040588
3170,-7.084892112665168,0.009920974201040588
3171,-6.510517269093009,0.009920974201040588
3172,-6.9779740959533445,0.009920974201040588
3173,-6.33626137461483,0.009920974201040588
3174,-2.834065750430393,0.009920974201040588
3175,-7.2468094467127315,0.009920974201040588
3176,-4.9739753944048335,0.009920974201040588
3177,-5.01091734610225,0.009920974201040588
3178,-7.002573988085252,0.009920974201040588
3179,-4.503779935376254,0.009920974201040588
3180,-5.609473345668602,0.009920974201040588
3181,-7.011543888921119,0.009920974201040588
3182,-5.150435480819403,0.009920974201040588
3183,-7.030173845462801,0.009920974201040588
3184,-3.272511327624172,0.009920974201040588
3185,-4.951666423585757,0.009920974201040588
3186,-6.048004080697661,0.009920974201040588
3187,-6.82501014696886,0.009920974201040588
3188,-5.9837743670607235,0.009920974201040588
3189,-5.461122403687141,0.009920974201040588
3190,-3.3962859253170796,0.009920974201040588
3191,-8.888525361757287,0.009920974201040588
3192,-7.561209596522213,0.009920974201040588
3193,-5.876186683958626,0.009920974201040588
3194,-6.1032229119098975,0.009920974201040588
3195,-6.4258827359279795,0.009920974201040588
3196,-5.0221119226116535,0.009920974201040588
3197,-5.343309526581581,0.009920974201040588
3198,-6.637063067333017,0.009920974201040588
3199,-7.12634726413115,0.009920974201040588
3200,-7.565835571344531,0.009920974201040588
3201,-7.137822661138808,0.009920974201040588
3202,-7.142712476378515,0.009920974201040588
3203,-8.84204132477688,0.009920974201040588
3204,-8.172280648363124,0.009920974201040588
3205,-7.772934402563368,0.009920974201040588
3206,-6.444857043257841,0.009920974201040588
3207,-7.057381240759275,0.009920974201040588
3208,-3.154302744352054,0.009920974201040588
3209,-3.156274757750136,0.009920974201040588
3210,-6.80370627210328,0.009920974201040588
3211,-4.248659398990739,0.009920974201040588
3212,-4.888475419152449,0.009920974201040588
3213,-3.5591319165981634,0.009920974201040588
3214,-6.382736422647648,0.009920974201040588
3215,-5.049494452417979,0.009920974201040588
3216,-4.71250794410081,0.009920974201040588
3217,-4.9639851255598355,0.009920974201040588
3218,-3.9522912826038787,0.009920974201040588
3219,-4.963046953991546,0.009920974201040588
3220,-5.050092578959026,0.009920974201040588
3221,-5.5823236612306335,0.009920974201040588
3222,-2.1082214849928054,0.009920974201040588
3223,-4.3257685308945355,0.009920974201040588
3224,-4.9536891017388065,0.009920974201040588
3225,-2.12012576933539,0.009920974201040588
3226,-2.7008759679182877,0.009920974201040588
3227,-6.511855293615704,0.009920974201040588
3228,-3.4908884490721976,0.009920974201040588
3229,-5.657232168578361,0.009920974201040588
3230,-3.7724340695956706,0.009920974201040588
3231,-4.290566616018447,0.009920974201040588
3232,-3.3950468958801583,0.009920974201040588
3233,-4.99872958713532,0.009920974201040588
3234,-2.1610444966697138,0.009920974201040588
3235,-4.374669171919074,0.009920974201040588
3236,-3.9949521840921776,0.009920974201040588
3237,-3.5885353208009443,0.009920974201040588
3238,-6.261434323007922,0.009920974201040588
3239,-2.7173455132808186,0.009920974201040588
3240,-5.497986816093974,0.009920974201040588
3241,-2.5171407810626527,0.009920974201040588
3242,-5.3141026225399575,0.009920974201040588
3243,-3.9580761283382975,0.009920974201040588
3244,-1.910679352801344,0.009920974201040588
3245,-5.520472007554116,0.009920974201040588
3246,-5.350643087415653,0.009920974201040588
3247,-5.553562654016359,0.009920974201040588
3248,-2.7632860760230327,0.009920974201040588
3249,-4.208918234623056,0.009920974201040588
3250,-6.40280134377748,0.009920974201040588
3251,-5.356673549804908,0.009920974201040588
3252,-3.128353025551551,0.009920974201040588
3253,-2.7229174948262216,0.009920974201040588
3254,-4.739166281955289,0.009920974201040588
3255,-2.630772137692351,0.009920974201040588
3256,-3.5533304923285036,0.009920974201040588
3257,-5.241337881536626,0.009920974201040588
3258,-5.415423668402768,0.009920974201040588
3259,-5.249637374995901,0.009920974201040588
3260,-6.81308459188581,0.009920974201040588
3261,-6.33858763788393,0.009920974201040588
3262,-7.6952789351967805,0.009920974201040588
3263,-7.5762574637182585,0.009920974201040588
3264,-6.019843314971919,0.009920974201040588
3265,-6.50095701561883,0.009920974201040588
3266,-7.1359243639641,0.009920974201040588
3267,-3.296504718947823,0.009920974201040588
3268,-5.459020491801211,0.009920974201040588
3269,-4.825733909666219,0.009920974201040588
3270,-5.282274685112898,0.009920974201040588
3271,-2.9994422447713958,0.009920974201040588
3272,-6.791565343924711,0.009920974201040588
3273,-2.1011195764713233,0.009920974201040588
3274,-6.864814920417322,0.009920974201040588
3275,-5.111416870135452,0.009920974201040588
3276,-5.529590839865532,0.009920974201040588
3277,-5.271090180261043,0.009920974201040588
3278,-5.687307846898193,0.009920974201040588
3279,-5.219950017006035,0.009920974201040588
3280,-5.926869475339787,0.009920974201040588
3281,-3.643527251155223,0.009920974201040588
3282,-5.18748000154933,0.009920974201040588
3283,-5.473850835433496,0.009920974201040588
3284,-4.439571651266425,0.009920974201040588
3285,-4.1220657386188275,0.009920974201040588
3286,-5.074269972705672,0.009920974201040588
3287,-6.700105968683824,0.009920974201040588
3288,-6.582291599020632,0.009920974201040588
3289,-5.015266388397926,0.009920974201040588
3290,-4.141626448683259,0.009920974201040588
3291,-6.31813552825032,0.009920974201040588
3292,-6.772530647484306,0.009920974201040588
3293,-6.467684182433478,0.009920974201040588
3294,-5.211412926900343,0.009920974201040588
3295,-3.890093714902453,0.009920974201040588
3296,-2.364011454870471,0.009920974201040588
3297,-3.7323523631214446,0.009920974201040588
3298,-6.053009251307773,0.009920974201040588
3299,-4.864721588781304,0.009920974201040588
3300,-4.774619151714896,0.009920974201040588
3301,-4.124501432538114,0.009920974201040588
3302,-4.158912698265668,0.009920974201040588
3303,-4.121150166425073,0.009920974201040588
3304,-4.047746912565149,0.009920974201040588
3305,-4.025820138108463,0.009920974201040588
3306,-4.819254941065027,0.009920974201040588
3307,-4.035828477241738,0.009920974201040588
3308,-4.758686301068943,0.009920974201040588
3309,-4.906738419613936,0.009920974201040588
3310,-4.839294611961453,0.009920974201040588
3311,-4.7479489503190155,0.009920974201040588
3312,-4.552581360513686,0.009920974201040588
3313,-6.0792601109127515,0.009920974201040588
3314,-1.9383479375043464,0.009920974201040588
3315,-5.857448909558035,0.009920974201040588
3316,-4.798749911235486,0.009920974201040588
3317,-2.5674278490460423,0.009920974201040588
3318,-3.47413345860514,0.009920974201040588
3319,-4.7619997278898785,0.009920974201040588
3320,-5.625014134988194,0.009920974201040588
3321,-3.889002442864297,0.009920974201040588
3322,-5.781843832269371,0.009920974201040588
3323,-5.96368572639992,0.009920974201040588
3324,-2.3344311803306597,0.009920974201040588
3325,-2.1603403090954525,0.009920974201040588
3326,-6.135300255920061,0.009920974201040588
3327,-7.61942119372733,0.009920974201040588
3328,-4.39457977102197,0.009920974201040588
3329,-3.2054582254745903,0.009920974201040588
3330,-4.6643568443953125,0.009920974201040588
3331,-4.640889118591734,0.009920974201040588
3332,-2.7862004523550783,0.009920974201040588
3333,-4.636492986040764,0.009920974201040588
3334,-3.865867198542369,0.009920974201040588
3335,-6.51973561989765,0.009920974201040588
3336,-4.327122769504626,0.009920974201040588
3337,-5.5489248904442015,0.009920974201040588
3338,-6.469623564028789,0.009920974201040588
3339,-6.3102259979240465,0.009920974201040588
3340,-4.59274109040202,0.009920974201040588
3341,-7.062449187982928,0.009920974201040588
3342,-1.994560464637513,0.009920974201040588
3343,-1.4717039793439195,0.009920974201040588
3344,-2.3582241503571364,0.009920974201040588
3345,-4.252479125499165,0.009920974201040588
3346,-3.547250973033334,0.009920974201040588
3347,-1.7185760414495301,0.009920974201040588
3348,-5.01013617187033,0.009920974201040588
3349,-2.9533712628380155,0.009920974201040588
3350,-3.9811081067877248,0.009920974201040588
3351,-4.279553524466614,0.009920974201040588
3352,-3.9815096843240125,0.009920974201040588
3353,-4.433843774955067,0.009920974201040588
3354,-6.29745501807859,0.009920974201040588
3355,-5.026167240271054,0.009920974201040588
3356,-4.2741884415830995,0.009920974201040588
3357,-4.292999081316019,0.009920974201040588
3358,-2.5807469899671682,0.009920974201040588
3359,-3.0203869529995786,0.009920974201040588
3360,-4.020653608583558,0.009920974201040588
3361,-6.207340665385723,0.009920974201040588
3362,-5.967033478967167,0.009920974201040588
3363,-4.1863780320149715,0.009920974201040588
3364,-3.7819890726302554,0.009920974201040588
3365,-4.028298910732872,0.009920974201040588
3366,-5.922391338454892,0.009920974201040588
3367,-4.281091526154571,0.009920974201040588
3368,-4.6094200282571265,0.009920974201040588
3369,-6.388660912479049,0.009920974201040588
3370,-6.403889204972275,0.009920974201040588
3371,-4.214659483139272,0.009920974201040588
3372,-4.388488447210255,0.009920974201040588
3373,-4.250369741886707,0.009920974201040588
3374,-2.9820738828390985,0.009920974201040588
3375,-5.500480332461644,0.009920974201040588
3376,-5.93052467891922,0.009920974201040588
3377,-4.517118562525791,0.009920974201040588
3378,-5.863392219128578,0.009920974201040588
3379,-5.663654062916978,0.009920974201040588
3380,-7.005361304300788,0.009920974201040588
3381,-4.367668385626318,0.009920974201040588
3382,-4.145694158178388,0.009920974201040588
3383,-4.323130720801588,0.009920974201040588
3384,-4.376562335658846,0.009920974201040588
3385,-6.66111902801319,0.009920974201040588
3386,-4.485448017971953,0.009920974201040588
3387,-4.135372491309839,0.009920974201040588
3388,-4.4655101146712255,0.009920974201040588
3389,-4.122002448874413,0.009920974201040588
3390,-6.455889924517382,0.009920974201040588
3391,-5.152000798509738,0.009920974201040588
3392,-6.102237707574732,0.009920974201040588
3393,-7.262262771661401,0.009920974201040588
3394,-5.839709675911434,0.009920974201040588
3395,-4.348170931602532,0.009920974201040588
3396,-4.946985628699068,0.009920974201040588
3397,-4.589379968313449,0.009920974201040588
3398,-5.172853622716144,0.009920974201040588
3399,-6.402229261588707,0.009920974201040588
3400,-7.1870670135859465,0.009920974201040588
3401,-3.106574154833025,0.009920974201040588
3402,-5.137550619162442,0.009920974201040588
3403,-5.803448891754687,0.009920974201040588
3404,-4.241590352610096,0.009920974201040588
3405,-4.279950225353841,0.009920974201040588
3406,-3.6838050606727544,0.009920974201040588
3407,-4.835608033748786,0.009920974201040588
3408,-4.728640559130914,0.009920974201040588
3409,-5.931052861994263,0.009920974201040588
3410,-5.485485298135946,0.009920974201040588
3411,-6.5738646963324,0.009920974201040588
3412,-2.5058583194884863,0.009920974201040588
3413,-5.7913721576907236,0.009920974201040588
3414,-4.939556494562447,0.009920974201040588
3415,-5.95109384559916,0.009920974201040588
3416,-5.26477099719596,0.009920974201040588
3417,-3.921779064919204,0.009920974201040588
3418,-5.278011893880574,0.009920974201040588
3419,-6.0676783249172574,0.009920974201040588
3420,-6.619202090578893,0.009920974201040588
3421,-6.041062325060089,0.009920974201040588
3422,-5.645705927317658,0.009920974201040588
3423,-2.7534206159679364,0.009920974201040588
3424,-5.988097967314135,0.009920974201040588
3425,-6.179703559934786,0.009920974201040588
3426,-7.334021491933874,0.009920974201040588
3427,-6.266220833900752,0.009920974201040588
3428,-3.321954056082907,0.009920974201040588
3429,-6.2910941731823,0.009920974201040588
3430,-6.776135230443316,0.009920974201040588
3431,-5.048524722502194,0.009920974201040588
3432,-4.264239217104185,0.009920974201040588
3433,-5.025745767310796,0.009920974201040588
3434,-5.1328426736938315,0.009920974201040588
3435,-6.125695656370071,0.009920974201040588
3436,-6.368638888195024,0.009920974201040588
3437,-4.798049561286333,0.009920974201040588
3438,-2.5399604516279553,0.009920974201040588
3439,-6.429515130530417,0.009920974201040588
3440,-5.577875387842623,0.009920974201040588
3441,-6.461497874269821,0.009920974201040588
3442,-4.093185086668279,0.009920974201040588
3443,-4.598548726510753,0.009920974201040588
3444,-5.631742760871905,0.009920974201040588
3445,-3.6196241523492256,0.009920974201040588
3446,-5.334880594079733,0.009920974201040588
3447,-7.507455372394755,0.009920974201040588
3448,-3.8615139577771047,0.009920974201040588
3449,-4.891314926723082,0.009920974201040588
3450,-5.611141027460066,0.009920974201040588
3451,-4.702183010450092,0.009920974201040588
3452,-4.906982653776361,0.009920974201040588
3453,-5.5091720140529254,0.009920974201040588
3454,-4.8760617422182,0.009920974201040588
3455,-5.3911607092461,0.009920974201040588
3456,-4.790222734772611,0.009920974201040588
3457,-5.059484557268294,0.009920974201040588
3458,-5.277406164340375,0.009920974201040588
3459,-2.7940568676787274,0.009920974201040588
3460,-1.8293720157319873,0.009920974201040588
3461,-4.963581058757921,0.009920974201040588
3462,-3.080752655677074,0.009920974201040588
3463,-3.6113475404397777,0.009920974201040588
3464,-6.395404949027572,0.009920974201040588
3465,-5.729638053931501,0.009920974201040588
3466,-3.128093697220308,0.009920974201040588
3467,-3.978960439131803,0.009920974201040588
3468,-4.389676936157203,0.009920974201040588
3469,-1.7056830482006506,0.009920974201040588
3470,-3.1392038087471876,0.009920974201040588
3471,-3.218002944665239,0.009920974201040588
3472,-5.177983849781377,0.009920974201040588
3473,-6.350668278398735,0.009920974201040588
3474,-6.293022931247512,0.009920974201040588
3475,-6.973943668685922,0.009920974201040588
3476,-4.664683769365924,0.009920974201040588
3477,-2.9303354333101996,0.009920974201040588
3478,-3.220150110553092,0.009920974201040588
3479,-7.158033300140302,0.009920974201040588
3480,-5.689305752788419,0.009920974201040588
3481,-4.0392125601299185,0.009920974201040588
3482,-3.2822254298967053,0.009920974201040588
3483,-1.7222046387548662,0.009920974201040588
3484,-3.232641120787539,0.009920974201040588
3485,-4.959713452140787,0.009920974201040588
3486,-3.3291092659052604,0.009920974201040588
3487,-5.23176809279334,0.009920974201040588
3488,-3.0258580680190983,0.009920974201040588
3489,-6.634998003083335,0.009920974201040588
3490,-6.357520422332101,0.009920974201040588
3491,-2.2540475998210012,0.009920974201040588
3492,-6.369335120561303,0.009920974201040588
3493,-5.821400623510389,0.009920974201040588
3494,-8.47517446470923,0.009920974201040588
3495,-2.2422578688478954,0.009920974201040588
3496,-3.218701327130956,0.009920974201040588
3497,-4.471981878936997,0.009920974201040588
3498,-4.60394935535998,0.009920974201040588
3499,-4.62700257640849,0.009920974201040588
3500,-5.237807013836431,0.009920974201040588
3501,-6.330136326034539,0.009920974201040588
3502,-6.399081085775027,0.009920974201040588
3503,-5.181503399229248,0.009920974201040588
3504,-6.3186307214706385,0.009920974201040588
3505,-3.426905444133114,0.009920974201040588
3506,-4.667885198536988,0.009920974201040588
3507,-3.3119402401290876,0.009920974201040588
3508,-7.036447905371896,0.009920974201040588
3509,-2.804290209578099,0.009920974201040588
3510,-2.208366133078014,0.009920974201040588
3511,-2.4247990783007354,0.009920974201040588
3512,-4.547231925030849,0.009920974201040588
3513,-2.404449394563778,0.009920974201040588
3514,-2.431412430212727,0.009920974201040588
3515,-3.179758434503393,0.009920974201040588
3516,-5.999960237264682,0.009920974201040588
3517,-7.605195044257049,0.009920974201040588
3518,-3.1174904292754206,0.009920974201040588
3519,-7.35164668857097,0.009920974201040588
3520,-2.6981328992997016,0.009920974201040588
3521,-4.572678462246391,0.009920974201040588
3522,-7.342348726333638,0.009920974201040588
3523,-5.037505375625024,0.009920974201040588
3524,-5.991289066654997,0.009920974201040588
3525,-5.502265880761227,0.009920974201040588
3526,-7.999167058341207,0.009920974201040588
3527,-7.268355085670539,0.009920974201040588
3528,-7.231993297455123,0.009920974201040588
3529,-7.413098163085817,0.009920974201040588
3530,-5.766391718729827,0.009920974201040588
3531,-7.0674020481801865,0.009920974201040588
3532,-5.906656398809533,0.009920974201040588
3533,-6.293622586385963,0.009920974201040588
3534,-5.333915143573698,0.009920974201040588
3535,-2.692146955406639,0.009920974201040588
3536,-3.405362808349885,0.009920974201040588
3537,-7.597067558107872,0.009920974201040588
3538,-6.784888885822177,0.009920974201040588
3539,-6.119674316855578,0.009920974201040588
3540,-6.256662695833617,0.009920974201040588
3541,-5.313714199530075,0.009920974201040588
3542,-5.909734468984769,0.009920974201040588
3543,-5.241952731062797,0.009920974201040588
3544,-6.7736177531715756,0.009920974201040588
3545,-8.196016391933298,0.009920974201040588
3546,-6.46993543024713,0.009920974201040588
3547,-5.996726359878297,0.009920974201040588
3548,-8.293551379833165,0.009920974201040588
3549,-6.505446383012295,0.009920974201040588
3550,-5.432979815676811,0.009920974201040588
3551,-5.711711544279563,0.009920974201040588
3552,-5.37234073925074,0.009920974201040588
3553,-6.019758207679159,0.009920974201040588
3554,-6.914792157296729,0.009920974201040588
3555,-6.76814774904349,0.009920974201040588
3556,-4.577508369322436,0.009920974201040588
3557,-7.266715318455789,0.009920974201040588
3558,-6.889084437813401,0.009920974201040588
3559,-5.072690520912236,0.009920974201040588
3560,-3.673197213826529,0.009920974201040588
3561,-4.70360048313775,0.009920974201040588
3562,-5.592340442503419,0.009920974201040588
3563,-7.070782314860748,0.009920974201040588
3564,-5.689736236714256,0.009920974201040588
3565,-5.688134291312021,0.009920974201040588
3566,-6.297699881113413,0.009920974201040588
3567,-5.440786975091468,0.009920974201040588
3568,-5.112310570398116,0.009920974201040588
3569,-3.50003496213002,0.009920974201040588
3570,-4.244712597343124,0.009920974201040588
3571,-3.60953267236318,0.009920974201040588
3572,-3.714482985375955,0.009920974201040588
3573,-5.093915275018106,0.009920974201040588
3574,-5.367299508471728,0.009920974201040588
3575,-5.999897881210446,0.009920974201040588
3576,-7.54430790000193,0.009920974201040588
3577,-6.036080260757693,0.009920974201040588
3578,-7.188153553621712,0.009920974201040588
3579,-5.981136715193352,0.009920974201040588
3580,-7.390282537762843,0.009920974201040588
3581,-5.7433668162306475,0.009920974201040588
3582,-6.6540199720699995,0.009920974201040588
3583,-6.949711019550666,0.009920974201040588
3584,-6.110072221600415,0.009920974201040588
3585,-6.496812294076811,0.009920974201040588
3586,-6.667300245428898,0.009920974201040588
3587,-6.084147007182644,0.009920974201040588
3588,-5.653732771536543,0.009920974201040588
3589,-5.8852950255040035,0.009920974201040588
3590,-5.153557595630628,0.009920974201040588
3591,-6.508624225161654,0.009920974201040588
3592,-4.887141020706227,0.009920974201040588
3593,-6.091533897989607,0.009920974201040588
3594,-6.245826815501852,0.009920974201040588
3595,-10.215109778992723,0.009920974201040588
3596,-5.635765809166665,0.009920974201040588
3597,-7.402071486459335,0.009920974201040588
3598,-7.118508781290375,0.009920974201040588
3599,-4.826512691569851,0.009920974201040588
3600,-6.731740300744153,0.009920974201040588
3601,-5.30682946177504,0.009920974201040588
3602,-5.541795949587605,0.009920974201040588
3603,-4.607479598800461,0.009920974201040588
3604,-3.7099866788839915,0.009920974201040588
3605,-3.464188181488396,0.009920974201040588
3606,-5.717326089521144,0.009920974201040588
3607,-2.317811658294266,0.009920974201040588
3608,-6.892420955996728,0.009920974201040588
3609,-5.090398764638994,0.009920974201040588
3610,-7.083080160583313,0.009920974201040588
3611,-2.071182132182262,0.009920974201040588
3612,-5.9195125658517025,0.009920974201040588
3613,-2.0172766014967585,0.009920974201040588
3614,-5.073075560366988,0.009920974201040588
3615,-3.7890132471490454,0.009920974201040588
3616,-3.252203653369537,0.009920974201040588
3617,-5.734340938256746,0.009920974201040588
3618,-1.672380518841438,0.009920974201040588
3619,-4.471801676717228,0.009920974201040588
3620,-9.007378091418976,0.009920974201040588
3621,-4.042680557914782,0.009920974201040588
3622,-2.019023877547233,0.009920974201040588
3623,-4.409615559039378,0.009920974201040588
3624,-6.0007056938514935,0.009920974201040588
3625,-5.3182555395196225,0.009920974201040588
3626,-6.048011456650066,0.009920974201040588
3627,-5.290110719650146,0.009920974201040588
3628,-6.67124359611187,0.009920974201040588
3629,-6.2794718468515995,0.009920974201040588
3630,-6.747627850722678,0.009920974201040588
3631,-5.256149413487982,0.009920974201040588
3632,-7.294415511851967,0.009920974201040588
3633,-4.088823109384855,0.009920974201040588
3634,-7.8088461516710534,0.009920974201040588
3635,-3.841228654158985,0.009920974201040588
3636,-2.089388319110277,0.009920974201040588
3637,-2.0737788643188493,0.009920974201040588
3638,-4.950347831048231,0.009920974201040588
3639,-6.7237244513838235,0.009920974201040588
3640,-2.6819384682486525,0.009920974201040588
3641,-6.463439920415145,0.009920974201040588
3642,-6.590655597419865,0.009920974201040588
3643,-2.7127884540215605,0.009920974201040588
3644,-3.9735041042772865,0.009920974201040588
3645,-5.177184809844596,0.009920974201040588
3646,-8.073986872761358,0.009920974201040588
3647,-5.233465419783581,0.009920974201040588
3648,-4.568781812055372,0.009920974201040588
3649,-2.7323943804162134,0.009920974201040588
3650,-4.299260992982353,0.009920974201040588
3651,-8.06934163823459,0.009920974201040588
3652,-3.765767926644191,0.009920974201040588
3653,-6.162170266749445,0.009920974201040588
3654,-5.683479500890555,0.009920974201040588
3655,-5.6785770915500215,0.009920974201040588
3656,-4.583527331556964,0.009920974201040588
3657,-7.622924533732063,0.009920974201040588
3658,-4.804309114764285,0.009920974201040588
3659,-6.924923043783155,0.009920974201040588
3660,-4.084007360173235,0.009920974201040588
3661,-3.91344333414363,0.009920974201040588
3662,-4.09788667295463,0.009920974201040588
3663,-7.016920036393821,0.009920974201040588
3664,-5.650323380066583,0.009920974201040588
3665,-4.404734961296943,0.009920974201040588
3666,-5.658067795063613,0.009920974201040588
3667,-4.856034521085536,0.009920974201040588
3668,-5.273884128329646,0.009920974201040588
3669,-6.937482633405203,0.009920974201040588
3670,-6.060292971221159,0.009920974201040588
3671,-6.079117958327728,0.009920974201040588
3672,-2.5642048025059467,0.009920974201040588
3673,-4.3841757061016775,0.009920974201040588
3674,-4.1504023706907205,0.009920974201040588
3675,-4.468697222878369,0.009920974201040588
3676,-4.033416431910841,0.009920974201040588
3677,-4.227251382353055,0.009920974201040588
3678,-4.057267843727903,0.009920974201040588
3679,-6.435321125639167,0.009920974201040588
3680,-4.2033548587975975,0.009920974201040588
3681,-6.121127651845763,0.009920974201040588
3682,-5.259024340025984,0.009920974201040588
3683,-4.252051771683859,0.009920974201040588
3684,-6.053527223444352,0.009920974201040588
3685,-7.074653428029528,0.009920974201040588
3686,-4.561444769463084,0.009920974201040588
3687,-4.472327450217006,0.009920974201040588
3688,-4.4242863463082855,0.009920974201040588
3689,-5.083794065086336,0.009920974201040588
3690,-5.873651199588661,0.009920974201040588
3691,-5.54176103169851,0.009920974201040588
3692,-5.282248283245691,0.009920974201040588
3693,-4.579202402808104,0.009920974201040588
3694,-5.120470170418837,0.009920974201040588
3695,-4.298523438636223,0.009920974201040588
3696,-6.860986632456644,0.009920974201040588
3697,-3.81353984083213,0.009920974201040588
3698,-4.849724570736532,0.009920974201040588
3699,-4.839850635264021,0.009920974201040588
3700,-4.305860399767177,0.009920974201040588
3701,-3.9994118506443694,0.009920974201040588
3702,-7.000178365820832,0.009920974201040588
3703,-6.094513564849737,0.009920974201040588
3704,-4.937965522973523,0.009920974201040588
3705,-6.205345211604633,0.009920974201040588
3706,-3.1435927314797847,0.009920974201040588
3707,-4.954280816800836,0.009920974201040588
3708,-3.6873617345894667,0.009920974201040588
3709,-4.283342914943511,0.009920974201040588
3710,-5.928508352012935,0.009920974201040588
3711,-6.208861343797456,0.009920974201040588
3712,-2.5130981635392224,0.009920974201040588
3713,-4.528571866608974,0.009920974201040588
3714,-7.0488954416216725,0.009920974201040588
3715,-5.01016750581068,0.009920974201040588
3716,-8.02257074784016,0.009920974201040588
3717,-4.800394607562854,0.009920974201040588
3718,-5.645751207486892,0.009920974201040588
3719,-2.3511256282683535,0.009920974201040588
3720,-2.463333383907157,0.009920974201040588
3721,-6.110265389021385,0.009920974201040588
3722,-4.822316407643156,0.009920974201040588
3723,-3.4538257386508375,0.009920974201040588
3724,-5.120938515299293,0.009920974201040588
3725,-3.72827963698876,0.009920974201040588
3726,-4.386173649331644,0.009920974201040588
3727,-4.364414272033748,0.009920974201040588
3728,-4.083816302517762,0.009920974201040588
3729,-5.467738442722494,0.009920974201040588
3730,-3.573605904235385,0.009920974201040588
3731,-4.95338918196662,0.009920974201040588
3732,-7.163986818489195,0.009920974201040588
3733,-5.447968227881672,0.009920974201040588
3734,-3.884152934451987,0.009920974201040588
3735,-2.1646459107758376,0.009920974201040588
3736,-5.684550221880528,0.009920974201040588
3737,-4.686612612290718,0.009920974201040588
3738,-1.618089734085216,0.009920974201040588
3739,-4.036214061761658,0.009920974201040588
3740,-7.168393241622667,0.009920974201040588
3741,-1.5866641235537733,0.009920974201040588
3742,-4.52577779923182,0.009920974201040588
3743,-2.044460237312375,0.009920974201040588
3744,-1.9074080522736747,0.009920974201040588
3745,-4.895210885310366,0.009920974201040588
3746,-2.759815457376725,0.009920974201040588
3747,-4.756839466896979,0.009920974201040588
3748,-5.587626059106565,0.009920974201040588
3749,-3.8154508968632013,0.009920974201040588
3750,-4.269704959431791,0.009920974201040588
3751,-3.0883157380720183,0.009920974201040588
3752,-1.999718631091276,0.009920974201040588
3753,-5.947888050696353,0.009920974201040588
3754,-1.4626162513654426,0.009920974201040588
3755,-6.352242275301313,0.009920974201040588
3756,-2.0301514341309983,0.009920974201040588
3757,-4.004778449220826,0.009920974201040588
3758,-7.185414654849044,0.009920974201040588
3759,-3.1747174120762978,0.009920974201040588
3760,-5.8705723865000525,0.009920974201040588
3761,-7.763630560484,0.009920974201040588
3762,-4.3502105234975765,0.009920974201040588
3763,-7.036086524502401,0.009920974201040588
3764,-2.8820931526847806,0.009920974201040588
3765,-5.472474642755569,0.009920974201040588
3766,-1.4268592254519963,0.009920974201040588
3767,-6.181237874048196,0.009920974201040588
3768,-2.778720374752293,0.009920974201040588
3769,-2.7776635484183796,0.009920974201040588
3770,-4.949162317222591,0.009920974201040588
3771,-7.738991190310782,0.009920974201040588
3772,-4.693422173100194,0.009920974201040588
3773,-7.4359449891244935,0.009920974201040588
3774,-4.4237657573942935,0.009920974201040588
3775,-8.006981654171014,0.009920974201040588
3776,-4.498037839316969,0.009920974201040588
3777,-6.275300345714512,0.009920974201040588
3778,-2.774987300793414,0.009920974201040588
3779,-5.902496304351104,0.009920974201040588
3780,-7.004219825766615,0.009920974201040588
3781,-6.785871818477526,0.009920974201040588
3782,-3.220245524249518,0.009920974201040588
3783,-5.747599403302447,0.009920974201040588
3784,-5.179938385965944,0.009920974201040588
3785,-5.213509030293698,0.009920974201040588
3786,-7.692133333454753,0.009920974201040588
3787,-4.850472043681456,0.009920974201040588
3788,-6.835957021505129,0.009920974201040588
3789,-4.430440235514054,0.009920974201040588
3790,-8.09983119745397,0.009920974201040588
3791,-8.66543807730126,0.009920974201040588
3792,-4.716001331072661,0.009920974201040588
3793,-6.599426581205465,0.009920974201040588
3794,-5.915210167167759,0.009920974201040588
3795,-5.705495347650585,0.009920974201040588
3796,-6.35868976658792,0.009920974201040588
3797,-4.7321401408508414,0.009920974201040588
3798,-4.669044613218718,0.009920974201040588
3799,-6.024065767819447,0.009920974201040588
3800,-5.4506019174627784,0.009920974201040588
3801,-5.350007750726871,0.009920974201040588
3802,-3.37051005128559,0.009920974201040588
3803,-5.46879694299261,0.009920974201040588
3804,-5.607585004377846,0.009920974201040588
3805,-4.472228866390324,0.009920974201040588
3806,-7.980980086552568,0.009920974201040588
3807,-7.849684449677439,0.009920974201040588
3808,-8.015891748662803,0.009920974201040588
3809,-5.476625634472102,0.009920974201040588
3810,-4.813539574571849,0.009920974201040588
3811,-4.9607658748630765,0.009920974201040588
3812,-5.888607802280102,0.009920974201040588
3813,-6.435121546338591,0.009920974201040588
3814,-6.8328650855915525,0.009920974201040588
3815,-5.087214841617866,0.009920974201040588
3816,-6.5361516165655775,0.009920974201040588
3817,-6.786468485694986,0.009920974201040588
3818,-3.600578202404933,0.009920974201040588
3819,-4.341896784204218,0.009920974201040588
3820,-7.961676052840449,0.009920974201040588
3821,-6.453672550939349,0.009920974201040588
3822,-6.619171710691582,0.009920974201040588
3823,-7.0481396990014105,0.009920974201040588
3824,-5.523089120343771,0.009920974201040588
3825,-4.270473566236398,0.009920974201040588
3826,-8.758392253918673,0.009920974201040588
3827,-7.368344028644302,0.009920974201040588
3828,-5.650996009662642,0.009920974201040588
3829,-5.951410805595173,0.009920974201040588
3830,-5.840978961867293,0.009920974201040588
3831,-6.0730658585803665,0.009920974201040588
3832,-4.963506234610049,0.009920974201040588
3833,-5.20679006126942,0.009920974201040588
3834,-4.3985761903711325,0.009920974201040588
3835,-5.555271447906266,0.009920974201040588
3836,-1.6621128233024354,0.009920974201040588
3837,-6.49142578657114,0.009920974201040588
3838,-4.952460430044232,0.009920974201040588
3839,-4.254361038177714,0.009920974201040588
3840,-5.038692980836067,0.009920974201040588
3841,-5.387262620841845,0.009920974201040588
3842,-4.178314814263217,0.009920974201040588
3843,-5.323805851636271,0.009920974201040588
3844,-5.904469991742419,0.009920974201040588
3845,-6.006112459774675,0.009920974201040588
3846,-3.226711204268022,0.009920974201040588
3847,-5.885709585757416,0.009920974201040588
3848,-7.563053867392055,0.009920974201040588
3849,-7.348427527785255,0.009920974201040588
3850,-4.29396383534726,0.009920974201040588
3851,-5.745370684729068,0.009920974201040588
3852,-4.953227120390911,0.009920974201040588
3853,-1.9581260456960474,0.009920974201040588
3854,-2.0134859054471,0.009920974201040588
3855,-3.7857261478028374,0.009920974201040588
3856,-4.235452762612069,0.009920974201040588
3857,-1.9907645690354636,0.009920974201040588
3858,-6.056629446105465,0.009920974201040588
3859,-5.371974139727761,0.009920974201040588
3860,-4.514820773743861,0.009920974201040588
3861,-7.882956469427996,0.009920974201040588
3862,-7.243379205558699,0.009920974201040588
3863,-6.418894597810041,0.009920974201040588
3864,-5.037589403663317,0.009920974201040588
3865,-2.029622747206303,0.009920974201040588
3866,-4.645298552118627,0.009920974201040588
3867,-4.273288003805638,0.009920974201040588
3868,-6.125032539587425,0.009920974201040588
3869,-6.210009170260454,0.009920974201040588
3870,-4.210158354656746,0.009920974201040588
3871,-1.859279849371399,0.009920974201040588
3872,-8.1976226813042,0.009920974201040588
3873,-7.099202757351391,0.009920974201040588
3874,-4.84042044655909,0.009920974201040588
3875,-2.028106498630533,0.009920974201040588
3876,-2.042157020656572,0.009920974201040588
3877,-2.9334840782585303,0.009920974201040588
3878,-5.349351141610622,0.009920974201040588
3879,-5.276360571657714,0.009920974201040588
3880,-7.442823341033378,0.009920974201040588
3881,-3.5083458836367853,0.009920974201040588
3882,-6.770756303218077,0.009920974201040588
3883,-7.549984199601934,0.009920974201040588
3884,-6.583174046745966,0.009920974201040588
3885,-6.066775320296372,0.009920974201040588
3886,-7.137887099460443,0.009920974201040588
3887,-4.577410011539489,0.009920974201040588
3888,-5.314239139627249,0.009920974201040588
3889,-5.635663996812235,0.009920974201040588
3890,-7.603835056228676,0.009920974201040588
3891,-6.0744841441242405,0.009920974201040588
3892,-6.3706588817046885,0.009920974201040588
3893,-5.92699662466187,0.009920974201040588
3894,-4.519616384478692,0.009920974201040588
3895,-4.519047516100541,0.009920974201040588
3896,-5.188114551916168,0.009920974201040588
3897,-6.897534814056723,0.009920974201040588
3898,-3.8967698814364997,0.009920974201040588
3899,-2.351486191742339,0.009920974201040588
3900,-2.226050518974461,0.009920974201040588
3901,-5.882749194678183,0.009920974201040588
3902,-4.193358709455804,0.009920974201040588
3903,-5.256285522137847,0.009920974201040588
3904,-5.7936836373720615,0.009920974201040588
3905,-9.048327181585574,0.009920974201040588
3906,-5.887360637656868,0.009920974201040588
3907,-4.299227256733682,0.009920974201040588
3908,-6.347379356330707,0.009920974201040588
3909,-5.132530385319495,0.009920974201040588
3910,-4.307004516545174,0.009920974201040588
3911,-5.932379114430313,0.009920974201040588
3912,-2.4219140932464294,0.009920974201040588
3913,-5.769757020668725,0.009920974201040588
3914,-6.5394830420135115,0.009920974201040588
3915,-6.217497631806912,0.009920974201040588
3916,-4.778101090585567,0.009920974201040588
3917,-3.956292107083362,0.009920974201040588
3918,-4.863344613676325,0.009920974201040588
3919,-6.601452364979646,0.009920974201040588
3920,-6.777231190075231,0.009920974201040588
3921,-6.973317830822868,0.009920974201040588
3922,-4.052380390700188,0.009920974201040588
3923,-3.9130032926642406,0.009920974201040588
3924,-7.037322547494061,0.009920974201040588
3925,-5.432011622965355,0.009920974201040588
3926,-2.0091633559707547,0.009920974201040588
3927,-3.200664605447067,0.009920974201040588
3928,-2.8663036838296367,0.009920974201040588
3929,-5.98412507252806,0.009920974201040588
3930,-4.636370335645305,0.009920974201040588
3931,-2.141979492067447,0.009920974201040588
3932,-3.815902366786893,0.009920974201040588
3933,-5.372689812837522,0.009920974201040588
3934,-2.2155842157768797,0.009920974201040588
3935,-3.203148188219834,0.009920974201040588
3936,-3.408474828882982,0.009920974201040588
3937,-6.36296598329748,0.009920974201040588
3938,-6.44627271423042,0.009920974201040588
3939,-1.7802000921728443,0.009920974201040588
3940,-5.5875345396981055,0.009920974201040588
3941,-4.507408513968526,0.009920974201040588
3942,-5.425432204928137,0.009920974201040588
3943,-5.868807214166147,0.009920974201040588
3944,-3.5752571854466404,0.009920974201040588
3945,-5.683221383630068,0.009920974201040588
3946,-6.1237686227812365,0.009920974201040588
3947,-2.017987372581544,0.009920974201040588
3948,-5.073659956021115,0.009920974201040588
3949,-6.260634182224365,0.009920974201040588
3950,-2.8261336274984488,0.009920974201040588
3951,-4.472509719695496,0.009920974201040588
3952,-5.0952362434449,0.009920974201040588
3953,-7.1200030138432355,0.009920974201040588
3954,-6.6893262543476695,0.009920974201040588
3955,-5.828702337196537,0.009920974201040588
3956,-5.358848801399404,0.009920974201040588
3957,-4.5117766824961745,0.009920974201040588
3958,-3.772484356659522,0.009920974201040588
3959,-7.459020599359391,0.009920974201040588
3960,-4.044543265877951,0.009920974201040588
3961,-4.213328747514395,0.009920974201040588
3962,-6.1903247339542915,0.009920974201040588
3963,-3.6550519174799327,0.009920974201040588
3964,-4.469011160739393,0.009920974201040588
3965,-6.221415490343918,0.009920974201040588
3966,-2.176249444614835,0.009920974201040588
3967,-4.981405291322808,0.009920974201040588
3968,-5.433519620403508,0.009920974201040588
3969,-4.5003562495469165,0.009920974201040588
3970,-6.273135945002448,0.009920974201040588
3971,-5.724029081707263,0.009920974201040588
3972,-5.48193363905504,0.009920974201040588
3973,-6.235255112818187,0.009920974201040588
3974,-5.016444165739638,0.009920974201040588
3975,-5.401269048065452,0.009920974201040588
3976,-5.37836896213632,0.009920974201040588
3977,-3.192935417142467,0.009920974201040588
3978,-7.088692943963155,0.009920974201040588
3979,-6.128521747358269,0.009920974201040588
3980,-3.952152080690456,0.009920974201040588
3981,-5.648602930149282,0.009920974201040588
3982,-7.060454319940225,0.009920974201040588
3983,-5.8638025021659494,0.009920974201040588
3984,-6.282209293121053,0.009920974201040588
3985,-5.726293556457283,0.009920974201040588
3986,-5.2981504212624975,0.009920974201040588
3987,-5.591113358801156,0.009920974201040588
3988,-6.593317099768781,0.009920974201040588
3989,-3.9579831209817886,0.009920974201040588
3990,-4.048062192195992,0.009920974201040588
3991,-3.9502904457460506,0.009920974201040588
3992,-3.7829416601896275,0.009920974201040588
3993,-4.391222257091494,0.009920974201040588
3994,-3.9724093300317156,0.009920974201040588
3995,-3.9452271759506887,0.009920974201040588
3996,-4.01701558342323,0.009920974201040588
3997,-3.9253702682954144,0.009920974201040588
3998,-4.239054972841036,0.009920974201040588
3999,-3.790800354066066,0.009920974201040588
4000,-1.9257440791821208,0.009920974201040588
4001,-6.80700522102896,0.009920974201040588
4002,-2.244405113322411,0.009920974201040588
4003,-3.118590027050494,0.009920974201040588
4004,-7.275159589316873,0.009920974201040588
4005,-5.845099191418961,0.009920974201040588
4006,-1.973617918919514,0.009920974201040588
4007,-2.599218761652793,0.009920974201040588
4008,-2.0623440891596783,0.009920974201040588
4009,-2.2869247489018254,0.009920974201040588
4010,-5.952307619154158,0.009920974201040588
4011,-1.790992351200753,0.009920974201040588
4012,-2.0001203744655522,0.009920974201040588
4013,-3.2386432285656945,0.009920974201040588
4014,-5.420795027566693,0.009920974201040588
4015,-6.167389369416313,0.009920974201040588
4016,-7.106770415607304,0.009920974201040588
4017,-2.9280050383442138,0.009920974201040588
4018,-3.184728717969988,0.009920974201040588
4019,-3.80631152031813,0.009920974201040588
4020,-5.859612877086594,0.009920974201040588
4021,-4.126726002874771,0.009920974201040588
4022,-4.995541985534961,0.009920974201040588
4023,-2.599730974965186,0.009920974201040588
4024,-4.739820976739842,0.009920974201040588
4025,-5.6827017158255995,0.009920974201040588
4026,-6.466472593979132,0.009920974201040588
4027,-5.943052262015513,0.009920974201040588
4028,-5.011165284108253,0.009920974201040588
4029,-5.610547205862636,0.009920974201040588
4030,-6.722238158443859,0.009920974201040588
4031,-4.849197654246601,0.009920974201040588
4032,-4.22993882039977,0.009920974201040588
4033,-3.6610342365347104,0.009920974201040588
4034,-5.065195382383161,0.009920974201040588
4035,-6.160164995248591,0.009920974201040588
4036,-7.569443354254671,0.009920974201040588
4037,-4.747834812908721,0.009920974201040588
4038,-5.742058794542281,0.009920974201040588
4039,-5.6471608548022765,0.009920974201040588
4040,-5.939097526881547,0.009920974201040588
4041,-5.274798821490668,0.009920974201040588
4042,-5.486429977786493,0.009920974201040588
4043,-5.0635166904004905,0.009920974201040588
4044,-6.1644790461747565,0.009920974201040588
4045,-6.241258226756488,0.009920974201040588
4046,-4.874840197203724,0.009920974201040588
4047,-7.148319130740086,0.009920974201040588
4048,-6.567120301055125,0.009920974201040588
4049,-6.247565306519315,0.009920974201040588
4050,-8.271911882322653,0.009920974201040588
4051,-5.264868800804322,0.009920974201040588
4052,-4.3409939188839,0.009920974201040588
4053,-6.452234609121954,0.009920974201040588
4054,-3.4896723911419927,0.009920974201040588
4055,-5.978311913335934,0.009920974201040588
4056,-4.318704259176772,0.009920974201040588
4057,-7.478383351962853,0.009920974201040588
4058,-4.128835781643484,0.009920974201040588
4059,-4.200479275479344,0.009920974201040588
4060,-1.5574023909735182,0.009920974201040588
4061,-7.614070674114591,0.009920974201040588
4062,-6.245826137769619,0.009920974201040588
4063,-4.917411659489022,0.009920974201040588
4064,-5.446223539578525,0.009920974201040588
4065,-2.96568984864842,0.009920974201040588
4066,-5.461013916777433,0.009920974201040588
4067,-1.5796876207430808,0.009920974201040588
4068,-4.9447837065932365,0.009920974201040588
4069,-5.660651389521873,0.009920974201040588
4070,-4.065040965027479,0.009920974201040588
4071,-6.559843909105681,0.009920974201040588
4072,-6.30108158427937,0.009920974201040588
4073,-5.7373784215898995,0.009920974201040588
4074,-5.45575110179682,0.009920974201040588
4075,-7.257160651532318,0.009920974201040588
4076,-7.24048727250102,0.009920974201040588
4077,-5.649486129813829,0.009920974201040588
4078,-6.440667953718501,0.009920974201040588
4079,-4.874248394408095,0.009920974201040588
4080,-1.5889103401561164,0.009920974201040588
4081,-1.5922236810749832,0.009920974201040588
4082,-5.218352918350032,0.009920974201040588
4083,-2.901507654655568,0.009920974201040588
4084,-2.957199660310474,0.009920974201040588
4085,-7.549479440133099,0.009920974201040588
4086,-5.687590379158554,0.009920974201040588
4087,-2.84875401540403,0.009920974201040588
4088,-2.9830752434700867,0.009920974201040588
4089,-4.636692713933201,0.009920974201040588
4090,-3.1169371910687174,0.009920974201040588
4091,-4.71308253635058,0.009920974201040588
4092,-2.843097752422666,0.009920974201040588
4093,-6.057671538389707,0.009920974201040588
4094,-2.828665322438164,0.009920974201040588
4095,-5.739790882585181,0.009920974201040588
4096,-2.330291552231516,0.009920974201040588
4097,-4.952621495393054,0.009920974201040588
4098,-2.6468054034223627,0.009920974201040588
4099,-4.392097244312552,0.009920974201040588
4100,-2.0221870242826525,0.009920974201040588
4101,-2.0091598870529723,0.009920974201040588
4102,-5.887492874478504,0.009920974201040588
4103,-2.3243978058943116,0.009920974201040588
4104,-6.285913830222738,0.009920974201040588
4105,-5.815612962741868,0.009920974201040588
4106,-4.893830338787888,0.009920974201040588
4107,-6.878486018156229,0.009920974201040588
4108,-4.13645705992284,0.009920974201040588
4109,-6.292689998581398,0.009920974201040588
4110,-3.581940160421833,0.009920974201040588
4111,-4.3903031738797615,0.009920974201040588
4112,-3.334766387267472,0.009920974201040588
4113,-5.23485127688131,0.009920974201040588
4114,-4.812510712952065,0.009920974201040588
4115,-4.600069623159074,0.009920974201040588
4116,-5.567876033979191,0.009920974201040588
4117,-6.53075617471829,0.009920974201040588
4118,-2.278364676096587,0.009920974201040588
4119,-5.2801916792960935,0.009920974201040588
4120,-5.470268334750879,0.009920974201040588
4121,-3.849557358092395,0.009920974201040588
4122,-5.813655869215891,0.009920974201040588
4123,-5.750280797006809,0.009920974201040588
4124,-2.0103365439254066,0.009920974201040588
4125,-5.135220738960242,0.009920974201040588
4126,-4.810820540984563,0.009920974201040588
4127,-2.9848517785487596,0.009920974201040588
4128,-2.627728958564611,0.009920974201040588
4129,-5.206005689939728,0.009920974201040588
4130,-6.091265723834323,0.009920974201040588
4131,-6.175390149566745,0.009920974201040588
4132,-6.459805400300576,0.009920974201040588
4133,-5.776045662496468,0.009920974201040588
4134,-2.8704731859124264,0.009920974201040588
4135,-6.050683907720533,0.009920974201040588
4136,-3.1586030748433718,0.009920974201040588
4137,-5.7513989984525695,0.009920974201040588
4138,-7.279354103677196,0.009920974201040588
4139,-4.637125696438675,0.009920974201040588
4140,-2.892845974670076,0.009920974201040588
4141,-2.3542958489389747,0.009920974201040588
4142,-4.629592890522487,0.009920974201040588
4143,-5.344415893848359,0.009920974201040588
4144,-5.579612474615288,0.009920974201040588
4145,-7.827365978217273,0.009920974201040588
4146,-2.9484561920336967,0.009920974201040588
4147,-4.365145070880753,0.009920974201040588
4148,-4.36318802336473,0.009920974201040588
4149,-5.635644222199801,0.009920974201040588
4150,-6.459460071853732,0.009920974201040588
4151,-4.803283228321251,0.009920974201040588
4152,-5.520690219392508,0.009920974201040588
4153,-4.344706884923094,0.009920974201040588
4154,-2.7168818171695603,0.009920974201040588
4155,-5.097158457149584,0.009920974201040588
4156,-4.569775308910548,0.009920974201040588
4157,-4.263620125301518,0.009920974201040588
4158,-6.2442056161336215,0.009920974201040588
4159,-5.053933932485911,0.009920974201040588
4160,-4.33844588015052,0.009920974201040588
4161,-2.3747805965421858,0.009920974201040588
4162,-4.896973247304311,0.009920974201040588
4163,-3.9824080440131593,0.009920974201040588
4164,-4.319735012559168,0.009920974201040588
4165,-4.372072053780579,0.009920974201040588
4166,-4.666734709505608,0.009920974201040588
4167,-4.715768134942172,0.009920974201040588
4168,-4.948574013531212,0.009920974201040588
4169,-5.895914926548744,0.009920974201040588
4170,-5.169508820321827,0.009920974201040588
4171,-4.923700884843376,0.009920974201040588
4172,-5.690649466932379,0.009920974201040588
4173,-3.815717117576384,0.009920974201040588
4174,-3.8450562141054148,0.009920974201040588
4175,-4.856190168911279,0.009920974201040588
4176,-6.640935965773518,0.009920974201040588
4177,-5.527997399033744,0.009920974201040588
4178,-5.395705259715836,0.009920974201040588
4179,-5.958471422336965,0.009920974201040588
4180,-6.4373296971735545,0.009920974201040588
4181,-3.7930604019130962,0.009920974201040588
4182,-4.514552771499567,0.009920974201040588
4183,-7.7196711207112285,0.009920974201040588
4184,-7.578359860847158,0.009920974201040588
4185,-6.710648387519649,0.009920974201040588
4186,-5.814156060256478,0.009920974201040588
4187,-7.231436071742843,0.009920974201040588
4188,-7.010552792287611,0.009920974201040588
4189,-5.915453321325126,0.009920974201040588
4190,-6.544206160260979,0.009920974201040588
4191,-4.170280958510207,0.009920974201040588
4192,-5.308694296651856,0.009920974201040588
4193,-2.299100358431986,0.009920974201040588
4194,-2.5868645873918252,0.009920974201040588
4195,-3.3375195147149586,0.009920974201040588
4196,-2.6080207412955456,0.009920974201040588
4197,-2.480851245349222,0.009920974201040588
4198,-4.364949767070823,0.009920974201040588
4199,-3.4926371930517965,0.009920974201040588
4200,-4.585504170134947,0.009920974201040588
4201,-3.486495106428913,0.009920974201040588
4202,-6.296202721435345,0.009920974201040588
4203,-6.144193545578418,0.009920974201040588
4204,-7.415842526958083,0.009920974201040588
4205,-3.844894903148826,0.009920974201040588
4206,-3.799963385121361,0.009920974201040588
4207,-5.327364593957316,0.009920974201040588
4208,-4.469308215532068,0.009920974201040588
4209,-4.80368675286042,0.009920974201040588
4210,-3.362502813725116,0.009920974201040588
4211,-5.20338624028146,0.009920974201040588
4212,-5.712904017715335,0.009920974201040588
4213,-4.098585127198004,0.009920974201040588
4214,-5.438523165327715,0.009920974201040588
4215,-7.1712508933958725,0.009920974201040588
4216,-2.184697129169014,0.009920974201040588
4217,-6.0918200894158065,0.009920974201040588
4218,-4.7444424653587856,0.009920974201040588
4219,-4.744407847163518,0.009920974201040588
4220,-2.6253162206174343,0.009920974201040588
4221,-2.8928515385986344,0.009920974201040588
4222,-6.333971889364042,0.009920974201040588
4223,-4.872274200184284,0.009920974201040588
4224,-6.3756485749432885,0.009920974201040588
4225,-4.972129772308492,0.009920974201040588
4226,-7.112109834775657,0.009920974201040588
4227,-6.57658851440694,0.009920974201040588
4228,-6.4213148496336006,0.009920974201040588
4229,-6.6896369350897835,0.009920974201040588
4230,-3.333193389174295,0.009920974201040588
4231,-5.747410167550459,0.009920974201040588
4232,-6.940369989068078,0.009920974201040588
4233,-6.661686569437188,0.009920974201040588
4234,-6.345021006601026,0.009920974201040588
4235,-4.562527076160904,0.009920974201040588
4236,-5.396789535218571,0.009920974201040588
4237,-5.894073037923345,0.009920974201040588
4238,-5.566377070094097,0.009920974201040588
4239,-5.122208875742132,0.009920974201040588
4240,-6.872194854962839,0.009920974201040588
4241,-7.484834842437799,0.009920974201040588
4242,-7.015852228832857,0.009920974201040588
4243,-6.423851508670481,0.009920974201040588
4244,-6.312126086861514,0.009920974201040588
4245,-6.554501162278367,0.009920974201040588
4246,-3.3114210660094447,0.009920974201040588
4247,-6.027342202725997,0.009920974201040588
4248,-4.65531394388656,0.009920974201040588
4249,-5.22031775046874,0.009920974201040588
4250,-5.949804510586031,0.009920974201040588
4251,-6.454972758411622,0.009920974201040588
4252,-7.755133187689672,0.009920974201040588
4253,-6.272964728666803,0.009920974201040588
4254,-4.1011030040032,0.009920974201040588
4255,-6.489269833429088,0.009920974201040588
4256,-6.865153723365269,0.009920974201040588
4257,-6.075142222922516,0.009920974201040588
4258,-5.185354999714737,0.009920974201040588
4259,-7.253666055485713,0.009920974201040588
4260,-5.497976144537835,0.009920974201040588
4261,-3.1427518552166362,0.009920974201040588
4262,-4.565260608862074,0.009920974201040588
4263,-5.717525223292585,0.009920974201040588
4264,-2.734736903981534,0.009920974201040588
4265,-5.715738493770501,0.009920974201040588
4266,-6.984003299712853,0.009920974201040588
4267,-6.063130394116011,0.009920974201040588
4268,-5.19857302299925,0.009920974201040588
4269,-5.961501668232691,0.009920974201040588
4270,-7.124959695112616,0.009920974201040588
4271,-2.841281762979052,0.009920974201040588
4272,-5.421645658038539,0.009920974201040588
4273,-2.8451956523174466,0.009920974201040588
4274,-2.8559277605654803,0.009920974201040588
4275,-4.7283253790311734,0.009920974201040588
4276,-6.519436178748149,0.009920974201040588
4277,-4.1557390506760985,0.009920974201040588
4278,-4.46844784161104,0.009920974201040588
4279,-4.157651080817142,0.009920974201040588
4280,-7.332245753418393,0.009920974201040588
4281,-6.093053185139322,0.009920974201040588
4282,-5.67972972061386,0.009920974201040588
4283,-3.1159507246803413,0.009920974201040588
4284,-7.338748209795809,0.009920974201040588
4285,-3.1133944958774906,0.009920974201040588
4286,-3.1392507870141246,0.009920974201040588
4287,-5.833171194661318,0.009920974201040588
4288,-3.579044125371354,0.009920974201040588
4289,-1.892751976604491,0.009920974201040588
4290,-2.6861215408818757,0.009920974201040588
4291,-2.52178355276409,0.009920974201040588
4292,-5.195661402572229,0.009920974201040588
4293,-6.493106358974346,0.009920974201040588
4294,-6.377200556404321,0.009920974201040588
4295,-2.215158271214444,0.009920974201040588
4296,-5.908183776054717,0.009920974201040588
4297,-2.4755600186878524,0.009920974201040588
4298,-5.053760413120686,0.009920974201040588
4299,-3.7890132471490454,0.009920974201040588
4300,-5.21819320338194,0.009920974201040588
4301,-4.769669468608005,0.009920974201040588
4302,-2.505814502060557,0.009920974201040588
4303,-4.594416912335818,0.009920974201040588
4304,-7.846278368524945,0.009920974201040588
4305,-2.0287266653958156,0.009920974201040588
4306,-6.281718093082003,0.009920974201040588
4307,-6.086579363395251,0.009920974201040588
4308,-5.000791131473817,0.009920974201040588
4309,-5.883485610726358,0.009920974201040588
4310,-6.462152029252575,0.009920974201040588
4311,-4.055743004961334,0.009920974201040588
4312,-3.016328144494948,0.009920974201040588
4313,-2.914642933200903,0.009920974201040588
4314,-4.164795946565011,0.009920974201040588
4315,-4.150020861310637,0.009920974201040588
4316,-6.76726961433722,0.009920974201040588
4317,-6.827492944381342,0.009920974201040588
4318,-7.263468160739141,0.009920974201040588
4319,-6.385890534827857,0.009920974201040588
4320,-6.364559899913951,0.009920974201040588
4321,-4.912032582949699,0.009920974201040588
4322,-4.530993403612834,0.009920974201040588
4323,-5.581470841585789,0.009920974201040588
4324,-6.309018368585402,0.009920974201040588
4325,-6.751132109050549,0.009920974201040588
4326,-5.688437191743928,0.009920974201040588
4327,-3.9016639341209953,0.009920974201040588
4328,-5.542408264127163,0.009920974201040588
4329,-5.666574021742814,0.009920974201040588
4330,-4.642600482909755,0.009920974201040588
4331,-5.504396197056925,0.009920974201040588
4332,-4.69474250066007,0.009920974201040588
4333,-4.285773639532794,0.009920974201040588
4334,-2.8415311986945797,0.009920974201040588
4335,-6.295171782206101,0.009920974201040588
4336,-6.480205882540852,0.009920974201040588
4337,-6.340813761560222,0.009920974201040588
4338,-6.524914943533419,0.009920974201040588
4339,-4.581861340833598,0.009920974201040588
4340,-5.707418390490536,0.009920974201040588
4341,-4.4801305396795135,0.009920974201040588
4342,-4.4859711948561225,0.009920974201040588
4343,-5.3441485081952775,0.009920974201040588
4344,-5.733415485543745,0.009920974201040588
4345,-5.317599968906432,0.009920974201040588
4346,-4.095584500067986,0.009920974201040588
4347,-5.393720469096099,0.009920974201040588
4348,-6.674221381877983,0.009920974201040588
4349,-6.839742224470233,0.009920974201040588
4350,-6.8414012693810715,0.009920974201040588
4351,-8.224601497686322,0.009920974201040588
4352,-4.347184236693993,0.009920974201040588
4353,-6.342987993071451,0.009920974201040588
4354,-3.1260500722404054,0.009920974201040588
4355,-6.032552043562365,0.009920974201040588
4356,-5.902643995082609,0.009920974201040588
4357,-6.8720685674704285,0.009920974201040588
4358,-3.8693068359873237,0.009920974201040588
4359,-4.118878333634339,0.009920974201040588
4360,-6.386396209529044,0.009920974201040588
4361,-7.186760340476877,0.009920974201040588
4362,-4.112935895967203,0.009920974201040588
4363,-6.493907220770076,0.009920974201040588
4364,-7.0002741675113525,0.009920974201040588
4365,-7.142259409909456,0.009920974201040588
4366,-3.6777706837047788,0.009920974201040588
4367,-6.669683611747466,0.009920974201040588
4368,-6.748649776402597,0.009920974201040588
4369,-7.04245404915353,0.009920974201040588
4370,-6.459433237645013,0.009920974201040588
4371,-4.466325317262797,0.009920974201040588
4372,-4.4182842133540765,0.009920974201040588
4373,-4.870665048404392,0.009920974201040588
4374,-5.1867748692013045,0.009920974201040588
4375,-5.079356041032555,0.009920974201040588
4376,-5.669068312372536,0.009920974201040588
4377,-5.840724427515161,0.009920974201040588
4378,-6.382347128709588,0.009920974201040588
4379,-4.5700590144206386,0.009920974201040588
4380,-6.426788851749672,0.009920974201040588
4381,-6.913611634403389,0.009920974201040588
4382,-5.490099819042908,0.009920974201040588
4383,-5.935334398461709,0.009920974201040588
4384,-6.952147842862072,0.009920974201040588
4385,-5.8229005556566165,0.009920974201040588
4386,-4.6330231562643664,0.009920974201040588
4387,-4.600885609742473,0.009920974201040588
4388,-4.454174135745175,0.009920974201040588
4389,-6.1689649404920575,0.009920974201040588
4390,-2.5058583194884863,0.009920974201040588
4391,-4.898577220536465,0.009920974201040588
4392,-4.209645961593355,0.009920974201040588
4393,-4.33695297474007,0.009920974201040588
4394,-6.2330676928041875,0.009920974201040588
4395,-5.42822167901083,0.009920974201040588
4396,-2.100740503756299,0.009920974201040588
4397,-2.7583567729029963,0.009920974201040588
4398,-3.293582535178779,0.009920974201040588
4399,-3.2856675077142414,0.009920974201040588
4400,-2.2486782772335516,0.009920974201040588
4401,-5.748964470554037,0.009920974201040588
4402,-6.52463351409016,0.009920974201040588
4403,-4.40459986195248,0.009920974201040588
4404,-6.991911572769194,0.009920974201040588
4405,-4.935498692850537,0.009920974201040588
4406,-5.736868625404606,0.009920974201040588
4407,-6.999614366567037,0.009920974201040588
4408,-6.569583505232479,0.009920974201040588
4409,-2.987797196201032,0.009920974201040588
4410,-5.256305121084209,0.009920974201040588
4411,-7.3827000413718835,0.009920974201040588
4412,-5.329615569187698,0.009920974201040588
4413,-6.521053388425266,0.009920974201040588
4414,-5.81259775150226,0.009920974201040588
4415,-4.132148135346212,0.009920974201040588
4416,-4.200442712862639,0.009920974201040588
4417,-4.4575145830359055,0.009920974201040588
4418,-2.272006815012931,0.009920974201040588
4419,-5.558694757438143,0.009920974201040588
4420,-4.517485689822292,0.009920974201040588
4421,-6.458131179418039,0.009920974201040588
4422,-5.833039841051071,0.009920974201040588
4423,-3.9101775185905563,0.009920974201040588
4424,-4.923830901158759,0.009920974201040588
4425,-2.10535657188976,0.009920974201040588
4426,-4.1933476266841865,0.009920974201040588
4427,-4.354456578982516,0.009920974201040588
4428,-5.922393225849724,0.009920974201040588
4429,-5.587074418121793,0.009920974201040588
4430,-4.422704243591461,0.009920974201040588
4431,-5.517313083598293,0.009920974201040588
4432,-5.343546606407558,0.009920974201040588
4433,-3.2998263745760448,0.009920974201040588
4434,-5.182916138733278,0.009920974201040588
4435,-4.32688328880927,0.009920974201040588
4436,-5.790513972489691,0.009920974201040588
4437,-2.6692690477602756,0.009920974201040588
4438,-1.7219723235650586,0.009920974201040588
4439,-4.339604084006721,0.009920974201040588
4440,-6.2447784113135345,0.009920974201040588
4441,-5.901145495927822,0.009920974201040588
4442,-5.241013569382165,0.009920974201040588
4443,-1.6903548047089383,0.009920974201040588
4444,-4.2933070646074425,0.009920974201040588
4445,-5.20470778891505,0.009920974201040588
4446,-5.385694681403461,0.009920974201040588
4447,-4.786631432089779,0.009920974201040588
4448,-3.219553856281213,0.009920974201040588
4449,-6.021488251361195,0.009920974201040588
4450,-4.216918992716579,0.009920974201040588
4451,-4.682636251474118,0.009920974201040588
4452,-3.544415771949178,0.009920974201040588
4453,-3.2152305577548685,0.009920974201040588
4454,-4.142334821413851,0.009920974201040588
4455,-5.188080913369025,0.009920974201040588
4456,-3.6218887837299745,0.009920974201040588
4457,-2.1261855302375556,0.009920974201040588
4458,-4.6455241530641755,0.009920974201040588
4459,-3.8796822072688144,0.009920974201040588
4460,-2.0947938154809647,0.009920974201040588
4461,-3.71397970783574,0.009920974201040588
4462,-3.574006167275737,0.009920974201040588
4463,-4.908476747818314,0.009920974201040588
4464,-2.055076118822611,0.009920974201040588
4465,-4.245534801625409,0.009920974201040588
4466,-4.208455087954231,0.009920974201040588
4467,-4.0791962558501815,0.009920974201040588
4468,-3.8556339770413715,0.009920974201040588
4469,-2.0788421141813345,0.009920974201040588
4470,-5.018292532007405,0.009920974201040588
4471,-3.8454892718592877,0.009920974201040588
4472,-5.125701703598913,0.009920974201040588
4473,-6.136204928972157,0.009920974201040588
4474,-3.8398848842495212,0.009920974201040588
4475,-3.598156258078932,0.009920974201040588
4476,-3.389600686693246,0.009920974201040588
4477,-3.8769311287583585,0.009920974201040588
4478,-8.502222046572207,0.009920974201040588
4479,-3.777779585744559,0.009920974201040588
4480,-3.643793522660949,0.009920974201040588
4481,-5.056853268491828,0.009920974201040588
4482,-5.496943416647838,0.009920974201040588
4483,-5.591210862318201,0.009920974201040588
4484,-5.51271833614237,0.009920974201040588
4485,-5.242637317166331,0.009920974201040588
4486,-5.99722337635664,0.009920974201040588
4487,-6.341596195381147,0.009920974201040588
4488,-2.2741389908609837,0.009920974201040588
4489,-1.9257440791821208,0.009920974201040588
4490,-4.372933847118038,0.009920974201040588
4491,-2.2107750234913515,0.009920974201040588
4492,-3.118590027050494,0.009920974201040588
4493,-5.086062326189104,0.009920974201040588
4494,-5.784527344343374,0.009920974201040588
4495,-3.0794692834373825,0.009920974201040588
4496,-2.599218761652793,0.009920974201040588
4497,-5.201338358261802,0.009920974201040588
4498,-2.743510449922564,0.009920974201040588
4499,-5.499763519157758,0.009920974201040588
4500,-3.1500979917032574,0.009920974201040588
4501,-2.0639252492204103,0.009920974201040588
4502,-3.042163935311811,0.009920974201040588
4503,-3.1613011481162947,0.009920974201040588
4504,-6.050825399174871,0.009920974201040588
4505,-7.943652719621511,0.009920974201040588
4506,-2.9280050383442138,0.009920974201040588
4507,-3.047045812240925,0.009920974201040588
4508,-4.660502379064654,0.009920974201040588
4509,-5.77349579935331,0.009920974201040588
4510,-2.2797980078063915,0.009920974201040588
4511,-2.5211087136226,0.009920974201040588
4512,-2.20778876383725,0.009920974201040588
4513,-4.404434454988953,0.009920974201040588
4514,-5.0090627926358655,0.009920974201040588
4515,-3.1172215536867456,0.009920974201040588
4516,-3.051988127092197,0.009920974201040588
4517,-5.08234667900413,0.009920974201040588
4518,-7.00422091320437,0.009920974201040588
4519,-3.926079904250422,0.009920974201040588
4520,-2.488891153522046,0.009920974201040588
4521,-5.825206716062366,0.009920974201040588
4522,-8.078689189909769,0.009920974201040588
4523,-6.458850115050622,0.009920974201040588
4524,-5.313774545400198,0.009920974201040588
4525,-7.713597035421667,0.009920974201040588
4526,-4.821690324707591,0.009920974201040588
4527,-4.082572414777014,0.009920974201040588
4528,-5.327467701941306,0.009920974201040588
4529,-7.222491390570019,0.009920974201040588
4530,-5.086249903732963,0.009920974201040588
4531,-3.7919939189515404,0.009920974201040588
4532,-6.138878343390556,0.009920974201040588
4533,-5.500149150828498,0.009920974201040588
4534,-6.286321579607016,0.009920974201040588
4535,-5.73675386241067,0.009920974201040588
4536,-2.888100180391559,0.009920974201040588
4537,-2.5039312521240897,0.009920974201040588
4538,-5.357900101957657,0.009920974201040588
4539,-2.4236372519859573,0.009920974201040588
4540,-3.987958547784214,0.009920974201040588
4541,-1.8295229871838292,0.009920974201040588
4542,-6.423726487310015,0.009920974201040588
4543,-3.4896723911419927,0.009920974201040588
4544,-6.580853853861039,0.009920974201040588
4545,-2.1840724182787756,0.009920974201040588
4546,-7.149265308745436,0.009920974201040588
4547,-6.567905791784572,0.009920974201040588
4548,-4.353388384809616,0.009920974201040588
4549,-1.5574023909735182,0.009920974201040588
4550,-5.8772865549535895,0.009920974201040588
4551,-7.580882591082731,0.009920974201040588
4552,-5.304600578609896,0.009920974201040588
4553,-5.356721306270098,0.009920974201040588
4554,-4.110421992780772,0.009920974201040588
4555,-5.334135325366221,0.009920974201040588
4556,-1.5796876207430808,0.009920974201040588
4557,-4.883411268689635,0.009920974201040588
4558,-6.328695296435038,0.009920974201040588
4559,-6.139941747504072,0.009920974201040588
4560,-4.7034416106443215,0.009920974201040588
4561,-2.418595629253598,0.009920974201040588
4562,-1.5727829305546566,0.009920974201040588
4563,-1.605134438775159,0.009920974201040588
4564,-4.555065391705245,0.009920974201040588
4565,-3.0392999570924557,0.009920974201040588
4566,-4.632896451791169,0.009920974201040588
4567,-1.5868740506363612,0.009920974201040588
4568,-4.272474564646838,0.009920974201040588
4569,-4.246199829643961,0.009920974201040588
4570,-5.82078528961823,0.009920974201040588
4571,-5.729457917833564,0.009920974201040588
4572,-5.579102979130645,0.009920974201040588
4573,-6.662027122826455,0.009920974201040588
4574,-2.9928935763943136,0.009920974201040588
4575,-4.393314484545235,0.009920974201040588
4576,-2.959345048157723,0.009920974201040588
4577,-5.203235533358707,0.009920974201040588
4578,-5.778418345429488,0.009920974201040588
4579,-7.739837974013216,0.009920974201040588
4580,-3.117742463976146,0.009920974201040588
4581,-2.996775360671233,0.009920974201040588
4582,-4.559820814496016,0.009920974201040588
4583,-4.302614129219114,0.009920974201040588
4584,-2.24432012818563,0.009920974201040588
4585,-2.6949171756200423,0.009920974201040588
4586,-5.784370921213404,0.009920974201040588
4587,-2.3234025361723223,0.009920974201040588
4588,-6.040880998178822,0.009920974201040588
4589,-4.641342793915072,0.009920974201040588
4590,-6.435598808816169,0.009920974201040588
4591,-5.142702248530646,0.009920974201040588
4592,-5.081656528610935,0.009920974201040588
4593,-6.048131858297873,0.009920974201040588
4594,-6.301819460746751,0.009920974201040588
4595,-5.466902228398806,0.009920974201040588
4596,-2.4844264979595287,0.009920974201040588
4597,-5.363614696284252,0.009920974201040588
4598,-4.495110141632251,0.009920974201040588
4599,-4.452725982614334,0.009920974201040588
4600,-6.010708232417464,0.009920974201040588
4601,-9.267199177284557,0.009920974201040588
4602,-5.741391468834261,0.009920974201040588
4603,-5.5682097618057185,0.009920974201040588
4604,-7.040375319482758,0.009920974201040588
4605,-5.177495396348185,0.009920974201040588
4606,-2.0718982067359164,0.009920974201040588
4607,-5.09604662205888,0.009920974201040588
4608,-6.35601422816402,0.009920974201040588
4609,-3.195381752585356,0.009920974201040588
4610,-7.1275197631157505,0.009920974201040588
4611,-4.676392980557004,0.009920974201040588
4612,-4.149353848960141,0.009920974201040588
4613,-5.731666909762672,0.009920974201040588
4614,-6.1771963003449635,0.009920974201040588
4615,-3.954950845361535,0.009920974201040588
4616,-5.123169777532061,0.009920974201040588
4617,-5.024318690504923,0.009920974201040588
4618,-5.710719242773706,0.009920974201040588
4619,-2.5935334045666867,0.009920974201040588
4620,-5.502489926818696,0.009920974201040588
4621,-5.06088543959453,0.009920974201040588
4622,-6.2541209320724995,0.009920974201040588
4623,-2.4609530346042865,0.009920974201040588
4624,-4.359528882660999,0.009920974201040588
4625,-2.4720205237067203,0.009920974201040588
4626,-4.510167249993902,0.009920974201040588
4627,-4.259958028490618,0.009920974201040588
4628,-5.343901660179011,0.009920974201040588
4629,-4.189413694437107,0.009920974201040588
4630,-2.568820597867151,0.009920974201040588
4631,-2.5781807048258614,0.009920974201040588
4632,-5.90428216509082,0.009920974201040588
4633,-4.38389651607682,0.009920974201040588
4634,-5.737349523697958,0.009920974201040588
4635,-5.170206384115921,0.009920974201040588
4636,-5.5492141435902145,0.009920974201040588
4637,-3.766030395459989,0.009920974201040588
4638,-4.048073647911661,0.009920974201040588
4639,-4.701653221899307,0.009920974201040588
4640,-6.3374281752801105,0.009920974201040588
4641,-8.508904881497983,0.009920974201040588
4642,-8.214267360076832,0.009920974201040588
4643,-7.317172800359267,0.009920974201040588
4644,-8.405930287649223,0.009920974201040588
4645,-4.241586753982197,0.009920974201040588
4646,-6.032629280492973,0.009920974201040588
4647,-6.357026425515436,0.009920974201040588
4648,-6.917001678841988,0.009920974201040588
4649,-6.03817845860277,0.009920974201040588
4650,-9.286246570856834,0.009920974201040588
4651,-6.549247484556433,0.009920974201040588
4652,-8.148800248169836,0.009920974201040588
4653,-5.6933466909626285,0.009920974201040588
4654,-6.340378763460691,0.009920974201040588
4655,-6.681338371833706,0.009920974201040588
4656,-6.928895253327532,0.009920974201040588
4657,-4.6937227590817745,0.009920974201040588
4658,-5.4490260017197905,0.009920974201040588
4659,-5.856228513681584,0.009920974201040588
4660,-5.391318028836379,0.009920974201040588
4661,-8.46651168642855,0.009920974201040588
4662,-5.376430407497125,0.009920974201040588
4663,-5.716852531275892,0.009920974201040588
4664,-7.0920187658352765,0.009920974201040588
4665,-3.762965736503712,0.009920974201040588
4666,-6.856814905642854,0.009920974201040588
4667,-7.992883897488559,0.009920974201040588
4668,-4.734271156317167,0.009920974201040588
4669,-4.533392828277336,0.009920974201040588
4670,-6.495606689287907,0.009920974201040588
4671,-5.007489576769679,0.009920974201040588
4672,-4.8121222667748,0.009920974201040588
4673,-4.735182332435501,0.009920974201040588
4674,-5.118266357070912,0.009920974201040588
4675,-7.715719480084757,0.009920974201040588
4676,-6.563470396921581,0.009920974201040588
4677,-7.427834174974966,0.009920974201040588
4678,-7.395019452455584,0.009920974201040588
4679,-6.47402288068481,0.009920974201040588
4680,-6.724190916869217,0.009920974201040588
4681,-2.6127083328694356,0.009920974201040588
4682,-2.3546081249076694,0.009920974201040588
4683,-3.4092840077374267,0.009920974201040588
4684,-3.6430792292048446,0.009920974201040588
4685,-1.9774840556163795,0.009920974201040588
4686,-2.3143225059524766,0.009920974201040588
4687,-1.5899729715297957,0.009920974201040588
4688,-3.403735877702371,0.009920974201040588
4689,-5.340895805581617,0.009920974201040588
4690,-1.985653386755881,0.009920974201040588
4691,-4.008010955655063,0.009920974201040588
4692,-2.067109292488364,0.009920974201040588
4693,-4.930265809254069,0.009920974201040588
4694,-6.7004895960908595,0.009920974201040588
4695,-5.039282229528336,0.009920974201040588
4696,-3.041837528889045,0.009920974201040588
4697,-7.442030173225872,0.009920974201040588
4698,-7.367869761238543,0.009920974201040588
4699,-7.468650396336243,0.009920974201040588
4700,-4.09326055551932,0.009920974201040588
4701,-8.772095187523554,0.009920974201040588
4702,-7.722481559611814,0.009920974201040588
4703,-3.918840280580223,0.009920974201040588
4704,-7.207188389156659,0.009920974201040588
4705,-4.406174668937789,0.009920974201040588
4706,-6.39050089244467,0.009920974201040588
4707,-6.109678805712417,0.009920974201040588
4708,-5.0319876858484385,0.009920974201040588
4709,-4.807666693655783,0.009920974201040588
4710,-6.593317999520033,0.009920974201040588
4711,-4.366679699447229,0.009920974201040588
4712,-2.4877255123106483,0.009920974201040588
4713,-5.505862315471905,0.009920974201040588
4714,-2.6667923790070454,0.009920974201040588
4715,-4.739168769936757,0.009920974201040588
4716,-4.597625502514885,0.009920974201040588
4717,-2.4733307676340766,0.009920974201040588
4718,-6.154372621011813,0.009920974201040588
4719,-7.808080530571841,0.009920974201040588
4720,-4.946811428386365,0.009920974201040588
4721,-5.486695557904766,0.009920974201040588
4722,-7.1707115824178445,0.009920974201040588
4723,-6.757721661598453,0.009920974201040588
4724,-6.423183482613997,0.009920974201040588
4725,-4.2562366481783,0.009920974201040588
4726,-3.9527529361179816,0.009920974201040588
4727,-3.999825236673585,0.009920974201040588
4728,-4.010284638801918,0.009920974201040588
4729,-5.409435053716367,0.009920974201040588
4730,-4.215723220670079,0.009920974201040588
4731,-4.370955564936734,0.009920974201040588
4732,-3.709704007192318,0.009920974201040588
4733,-6.493027873021314,0.009920974201040588
4734,-4.133390896472813,0.009920974201040588
4735,-4.153006581736575,0.009920974201040588
4736,-4.29226235349417,0.009920974201040588
4737,-4.298379391378838,0.009920974201040588
4738,-4.124506789397528,0.009920974201040588
4739,-4.277443731669777,0.009920974201040588
4740,-5.613329659463802,0.009920974201040588
4741,-7.371565197507472,0.009920974201040588
4742,-6.032249612645236,0.009920974201040588
4743,-3.7195568727281767,0.009920974201040588
4744,-2.4548933539363103,0.009920974201040588
4745,-5.760997964952498,0.009920974201040588
4746,-3.8595435896463792,0.009920974201040588
4747,-5.579594278743044,0.009920974201040588
4748,-4.346776453699616,0.009920974201040588
4749,-4.262987341417009,0.009920974201040588
4750,-4.24913944738292,0.009920974201040588
4751,-4.147386638076698,0.009920974201040588
4752,-5.64219863228487,0.009920974201040588
4753,-6.121510602574123,0.009920974201040588
4754,-4.3559411884815,0.009920974201040588
4755,-4.264803007511649,0.009920974201040588
4756,-5.772751076446807,0.009920974201040588
4757,-6.2163698910637155,0.009920974201040588
4758,-5.801880890894996,0.009920974201040588
4759,-6.168862584046582,0.009920974201040588
4760,-4.688230514703302,0.009920974201040588
4761,-6.249837710466501,0.009920974201040588
4762,-6.421737055827725,0.009920974201040588
4763,-5.709478076582904,0.009920974201040588
4764,-7.633347549900624,0.009920974201040588
4765,-6.353184063252452,0.009920974201040588
4766,-3.723139472419209,0.009920974201040588
4767,-4.324367556046026,0.009920974201040588
4768,-4.194918054933627,0.009920974201040588
4769,-5.057776655272266,0.009920974201040588
4770,-5.169138417371048,0.009920974201040588
4771,-3.829250489691739,0.009920974201040588
4772,-4.1480491818954315,0.009920974201040588
4773,-5.467806617410122,0.009920974201040588
4774,-4.914476007286814,0.009920974201040588
4775,-5.231465138175227,0.009920974201040588
4776,-6.092597741957471,0.009920974201040588
4777,-5.610271894479052,0.009920974201040588
4778,-2.77662007852119,0.009920974201040588
4779,-5.163006569924565,0.009920974201040588
4780,-4.901678850373031,0.009920974201040588
4781,-5.475504863246705,0.009920974201040588
4782,-4.6873455312178365,0.009920974201040588
4783,-4.643458383395677,0.009920974201040588
4784,-4.695801977952797,0.009920974201040588
4785,-4.951053596567917,0.009920974201040588
4786,-5.357257356610541,0.009920974201040588
4787,-5.487526943303605,0.009920974201040588
4788,-4.686914266611564,0.009920974201040588
4789,-5.556175697586997,0.009920974201040588
4790,-8.042459420722246,0.009920974201040588
4791,-5.702565906978963,0.009920974201040588
4792,-5.826641415994278,0.009920974201040588
4793,-2.374317156810402,0.009920974201040588
4794,-2.8725294511428667,0.009920974201040588
4795,-6.200686287298476,0.009920974201040588
4796,-4.992491627959245,0.009920974201040588
4797,-4.460511305161109,0.009920974201040588
4798,-1.5646255628846815,0.009920974201040588
4799,-6.410411562890512,0.009920974201040588
4800,-5.89945541384692,0.009920974201040588
4801,-4.471805525228617,0.009920974201040588
4802,-6.70859049989186,0.009920974201040588
4803,-5.470483689044972,0.009920974201040588
4804,-4.775765604414094,0.009920974201040588
4805,-5.326863710689671,0.009920974201040588
4806,-3.546108165508617,0.009920974201040588
4807,-3.842272604902781,0.009920974201040588
4808,-3.8403869578799257,0.009920974201040588
4809,-3.664233691719092,0.009920974201040588
4810,-3.5562005671640593,0.009920974201040588
4811,-3.9768285581320755,0.009920974201040588
4812,-5.4665583819255295,0.009920974201040588
4813,-6.478503484071501,0.009920974201040588
4814,-5.273157732755143,0.009920974201040588
4815,-6.071089742574465,0.009920974201040588
4816,-2.1017771678118207,0.009920974201040588
4817,-2.2977560683428706,0.009920974201040588
4818,-5.182945480572922,0.009920974201040588
4819,-5.654774892080965,0.009920974201040588
4820,-4.937823973396069,0.009920974201040588
4821,-2.657766846446515,0.009920974201040588
4822,-3.7253035719912155,0.009920974201040588
4823,-1.690316093657227,0.009920974201040588
4824,-1.6806701808742304,0.009920974201040588
4825,-1.6882366998513239,0.009920974201040588
4826,-4.497505834186532,0.009920974201040588
4827,-8.278479996066473,0.009920974201040588
4828,-4.2510512834907015,0.009920974201040588
4829,-5.15791291530803,0.009920974201040588
4830,-5.5862923684411,0.009920974201040588
4831,-2.0079436742860413,0.009920974201040588
4832,-4.412832486087117,0.009920974201040588
4833,-4.320990059631669,0.009920974201040588
4834,-7.757594596558791,0.009920974201040588
4835,-3.3478986942994613,0.009920974201040588
4836,-3.3395448915965957,0.009920974201040588
4837,-3.3432874808512345,0.009920974201040588
4838,-3.3771869998504505,0.009920974201040588
4839,-4.200095592053861,0.009920974201040588
4840,-2.5633682128006883,0.009920974201040588
4841,-4.3099726222577965,0.009920974201040588
4842,-4.117071062910977,0.009920974201040588
4843,-3.8687453207729314,0.009920974201040588
4844,-6.063456735530879,0.009920974201040588
4845,-5.964880444587463,0.009920974201040588
4846,-3.4273468278566,0.009920974201040588
4847,-4.283872330659363,0.009920974201040588
4848,-5.161905916510875,0.009920974201040588
4849,-4.342420170572926,0.009920974201040588
4850,-4.9928917351578335,0.009920974201040588
4851,-3.4572636230018357,0.009920974201040588
4852,-3.4386537328358506,0.009920974201040588
4853,-4.222560125556639,0.009920974201040588
4854,-4.684404923863248,0.009920974201040588
4855,-4.499222585411546,0.009920974201040588
4856,-4.302475546388738,0.009920974201040588
4857,-3.5005124468302595,0.009920974201040588
4858,-4.3599924730775825,0.009920974201040588
4859,-4.436830256884429,0.009920974201040588
4860,-4.320560242792508,0.009920974201040588
4861,-5.846856654351124,0.009920974201040588
4862,-6.591900588504908,0.009920974201040588
4863,-4.475242658290032,0.009920974201040588
4864,-4.306834245124724,0.009920974201040588
4865,-4.341962869719607,0.009920974201040588
4866,-3.7912503043059087,0.009920974201040588
4867,-3.815700852317673,0.009920974201040588
4868,-3.859248270079725,0.009920974201040588
4869,-3.774024778746882,0.009920974201040588
4870,-5.88117747695004,0.009920974201040588
4871,-6.164081836978683,0.009920974201040588
4872,-5.4290066235209276,0.009920974201040588
4873,-3.5795894777293116,0.009920974201040588
4874,-3.565980079014496,0.009920974201040588
4875,-6.511823334410316,0.009920974201040588
4876,-4.09155484657913,0.009920974201040588
4877,-2.6215278324220024,0.009920974201040588
4878,-4.709516879196857,0.009920974201040588
4879,-4.041850810417303,0.009920974201040588
4880,-5.299357433102896,0.009920974201040588
4881,-5.980208027755933,0.009920974201040588
4882,-6.075049910457953,0.009920974201040588
4883,-2.844144840645236,0.009920974201040588
4884,-5.977160350822867,0.009920974201040588
4885,-6.609027586787336,0.009920974201040588
4886,-2.388576418940067,0.009920974201040588
4887,-2.8371505194473743,0.009920974201040588
4888,-5.3846545475045335,0.009920974201040588
4889,-4.458700208646573,0.009920974201040588
4890,-4.799042168856945,0.009920974201040588
4891,-6.250650002485548,0.009920974201040588
4892,-3.9181188876421027,0.009920974201040588
4893,-5.174359015968976,0.009920974201040588
4894,-2.349222415842136,0.009920974201040588
4895,-2.532810391720454,0.009920974201040588
4896,-1.7945454732909902,0.009920974201040588
4897,-2.670009499356045,0.009920974201040588
4898,-4.936262501095026,0.009920974201040588
4899,-4.257190388911635,0.009920974201040588
4900,-5.023920902236247,0.009920974201040588
4901,-2.3456534263996134,0.009920974201040588
4902,-5.316228919781949,0.009920974201040588
4903,-1.8445032415275957,0.009920974201040588
4904,-2.04715736888284,0.009920974201040588
4905,-6.035133479848465,0.009920974201040588
4906,-2.436803275100119,0.009920974201040588
4907,-3.8951571520808197,0.009920974201040588
4908,-2.970793801086944,0.009920974201040588
4909,-2.264982572047366,0.009920974201040588
4910,-2.4147092550772458,0.009920974201040588
4911,-2.3461763032131984,0.009920974201040588
4912,-6.892915563545281,0.009920974201040588
4913,-4.453578918016246,0.009920974201040588
4914,-1.8287593661592723,0.009920974201040588
4915,-5.5479111466985715,0.009920974201040588
4916,-3.8029379098199247,0.009920974201040588
4917,-3.7475543109066476,0.009920974201040588
4918,-6.2790841432286495,0.009920974201040588
4919,-3.9549675658891763,0.009920974201040588
4920,-3.6828825148659745,0.009920974201040588
4921,-2.165530914984501,0.009920974201040588
4922,-3.7487179151136645,0.009920974201040588
4923,-3.69613067406446,0.009920974201040588
4924,-3.8912683093153433,0.009920974201040588
4925,-4.719945317032737,0.009920974201040588
4926,-3.8701902829020245,0.009920974201040588
4927,-3.953365061512846,0.009920974201040588
4928,-2.175477313960343,0.009920974201040588
4929,-4.5805697595162,0.009920974201040588
4930,-2.690594840911669,0.009920974201040588
4931,-4.324551809185966,0.009920974201040588
4932,-2.1912075880658857,0.009920974201040588
4933,-6.969830962795248,0.009920974201040588
4934,-6.373841005613137,0.009920974201040588
4935,-4.548564162863499,0.009920974201040588
4936,-4.81984143042018,0.009920974201040588
4937,-2.7517566182143716,0.009920974201040588
4938,-5.163978795046383,0.009920974201040588
4939,-3.0948383290431627,0.009920974201040588
4940,-3.9454845775824845,0.009920974201040588
4941,-5.3887015992871055,0.009920974201040588
4942,-4.372020173781049,0.009920974201040588
4943,-3.722920277544625,0.009920974201040588
4944,-4.702836460240139,0.009920974201040588
4945,-4.704557547309542,0.009920974201040588
4946,-4.45377035928671,0.009920974201040588
4947,-5.332939487752793,0.009920974201040588
4948,-3.198643617464835,0.009920974201040588
4949,-2.7301177198560755,0.009920974201040588
4950,-4.8797170262088905,0.009920974201040588
4951,-3.2520434059755448,0.009920974201040588
4952,-4.488802409895637,0.009920974201040588
4953,-4.364155417615324,0.009920974201040588
4954,-5.04518341087269,0.009920974201040588
4955,-4.673454653775467,0.009920974201040588
4956,-4.98175005560628,0.009920974201040588
4957,-6.95432668459412,0.009920974201040588
4958,-4.80996364317039,0.009920974201040588
4959,-4.723059928245398,0.009920974201040588
4960,-6.499477386998924,0.009920974201040588
4961,-5.483384559312098,0.009920974201040588
4962,-5.701434892177628,0.009920974201040588
4963,-6.470746435296542,0.009920974201040588
4964,-5.0150680757214685,0.009920974201040588
4965,-5.084262763564645,0.009920974201040588
4966,-6.5824574920116214,0.009920974201040588
4967,-4.420960911446215,0.009920974201040588
4968,-4.487724321526638,0.009920974201040588
4969,-6.641485241621018,0.009920974201040588
4970,-5.097059559549966,0.009920974201040588
4971,-5.071856442283313,0.009920974201040588
4972,-5.1174115648678145,0.009920974201040588
4973,-7.21660592012735,0.009920974201040588
4974,-6.234933912416375,0.009920974201040588
4975,-6.100006293090662,0.009920974201040588
4976,-4.726809868831846,0.009920974201040588
4977,-4.53708955092733,0.009920974201040588
4978,-5.264971240662028,0.009920974201040588
4979,-6.914915069663742,0.009920974201040588
4980,-2.5996460380994932,0.009920974201040588
4981,-4.842461895360264,0.009920974201040588
4982,-6.0277295509921665,0.009920974201040588
4983,-5.113861056332182,0.009920974201040588
4984,-2.198737574338659,0.009920974201040588
4985,-5.706225456702322,0.009920974201040588
4986,-3.537331514927204,0.009920974201040588
4987,-3.0198150506863826,0.009920974201040588
4988,-6.020448073117792,0.009920974201040588
4989,-4.9829557073567035,0.009920974201040588
4990,-6.077819927954856,0.009920974201040588
4991,-1.8085223335330667,0.009920974201040588
4992,-3.0531891691665956,0.009920974201040588
4993,-4.240020640999668,0.009920974201040588
4994,-6.16223093304958,0.009920974201040588
4995,-5.038340358915791,0.009920974201040588
4996,-6.306163971783303,0.009920974201040588
4997,-5.416240712310279,0.009920974201040588
4998,-3.437093993360375,0.009920974201040588
4999,-5.5246902214182,0.009920974201040588
5000,-4.956471831720085,0.009920974201040588
5001,-6.03974618388328,0.009920974201040588
5002,-5.174609787674591,0.009920974201040588
5003,-5.08128124190883,0.009920974201040588
5004,-2.8267419192645074,0.009920974201040588
5005,-5.611370252291299,0.009920974201040588
5006,-2.9350195244295576,0.009920974201040588
5007,-5.373847036522747,0.009920974201040588
5008,-6.270466423971487,0.009920974201040588
5009,-4.667366709705723,0.009920974201040588
5010,-6.15200061757772,0.009920974201040588
5011,-2.7229174948262216,0.009920974201040588
5012,-4.90823850554912,0.009920974201040588
5013,-4.52826159470718,0.009920974201040588
5014,-5.2887405873992615,0.009920974201040588
5015,-4.4851050749077785,0.009920974201040588
5016,-4.807870346553353,0.009920974201040588
5017,-5.06743016705461,0.009920974201040588
5018,-5.574569541184772,0.009920974201040588
5019,-6.13034641320691,0.009920974201040588
5020,-4.587131757118457,0.009920974201040588
5021,-5.366733637159665,0.009920974201040588
5022,-6.691301989530965,0.009920974201040588
5023,-2.6806650778541155,0.009920974201040588
5024,-5.535617917637068,0.009920974201040588
5025,-5.73217405829063,0.009920974201040588
5026,-5.3695275634390605,0.009920974201040588
5027,-2.4637081926796442,0.009920974201040588
5028,-6.9789683898979336,0.009920974201040588
5029,-6.453538371652678,0.009920974201040588
5030,-6.002190860964934,0.009920974201040588
5031,-4.829193795711656,0.009920974201040588
5032,-3.2809765679847978,0.009920974201040588
5033,-5.704904312803762,0.009920974201040588
5034,-5.153878195711039,0.009920974201040588
5035,-4.5325782635419545,0.009920974201040588
5036,-2.645685075218288,0.009920974201040588
5037,-2.1918986810121264,0.009920974201040588
5038,-5.254279395065441,0.009920974201040588
5039,-6.82783995130378,0.009920974201040588
5040,-3.816799680686101,0.009920974201040588
5041,-5.522943824195007,0.009920974201040588
5042,-2.2626916783476756,0.009920974201040588
5043,-4.092485297445647,0.009920974201040588
5044,-5.311735244193047,0.009920974201040588
5045,-3.715781889673728,0.009920974201040588
5046,-6.7150637724967375,0.009920974201040588
5047,-5.704954376018579,0.009920974201040588
5048,-3.925991355387154,0.009920974201040588
5049,-6.431414752485939,0.009920974201040588
5050,-4.231866584064873,0.009920974201040588
5051,-3.954371936298805,0.009920974201040588
5052,-2.4098604331049946,0.009920974201040588
5053,-4.887611922907163,0.009920974201040588
5054,-5.721041841236563,0.009920974201040588
5055,-6.491257971469473,0.009920974201040588
5056,-1.9955182173525468,0.009920974201040588
5057,-5.281431755390527,0.009920974201040588
5058,-3.969759142740708,0.009920974201040588
5059,-2.52061187831787,0.009920974201040588
5060,-2.473357667039511,0.009920974201040588
5061,-4.435504125498376,0.009920974201040588
5062,-4.81030248987587,0.009920974201040588
5063,-3.956799108704374,0.009920974201040588
5064,-2.6074825525440968,0.009920974201040588
5065,-3.96680744783765,0.009920974201040588
5066,-3.920314743247861,0.009920974201040588
5067,-4.086972344050325,0.009920974201040588
5068,-3.9400352171660247,0.009920974201040588
5069,-6.409892340122729,0.009920974201040588
5070,-7.436756237610343,0.009920974201040588
5071,-4.777962007889056,0.009920974201040588
5072,-5.257108586269563,0.009920974201040588
5073,-5.69716773954544,0.009920974201040588
5074,-5.497883780877315,0.009920974201040588
5075,-2.7823457099274957,0.009920974201040588
5076,-5.3027817136915925,0.009920974201040588
5077,-7.084079169974274,0.009920974201040588
5078,-5.516160176654293,0.009920974201040588
5079,-6.2969071235819225,0.009920974201040588
5080,-5.765838179985742,0.009920974201040588
5081,-5.3832185265554315,0.009920974201040588
5082,-6.326345652954354,0.009920974201040588
5083,-4.60203854604163,0.009920974201040588
5084,-5.162693552235914,0.009920974201040588
5085,-5.814516012018979,0.009920974201040588
5086,-3.9181188876421027,0.009920974201040588
5087,-2.642196721518631,0.009920974201040588
5088,-2.3972525879312476,0.009920974201040588
5089,-2.6642387895318587,0.009920974201040588
5090,-4.92342946093645,0.009920974201040588
5091,-5.090577048346245,0.009920974201040588
5092,-4.356078852437849,0.009920974201040588
5093,-3.6238169020886497,0.009920974201040588
5094,-5.175096401885215,0.009920974201040588
5095,-2.4157168896946066,0.009920974201040588
5096,-4.203160798352746,0.009920974201040588
5097,-3.605043055032912,0.009920974201040588
5098,-2.090272003151227,0.009920974201040588
5099,-5.818306320647297,0.009920974201040588
5100,-2.380106945311215,0.009920974201040588
5101,-4.767041875018014,0.009920974201040588
5102,-2.970793801086944,0.009920974201040588
5103,-2.264982572047366,0.009920974201040588
5104,-2.4147092550772458,0.009920974201040588
5105,-2.3461763032131984,0.009920974201040588
5106,-4.31080405174847,0.009920974201040588
5107,-3.9623060402303936,0.009920974201040588
5108,-1.8287593661592723,0.009920974201040588
5109,-6.067290707891902,0.009920974201040588
5110,-2.7955886511431958,0.009920974201040588
5111,-2.2169194064869795,0.009920974201040588
5112,-6.049743258535539,0.009920974201040588
5113,-2.673049615474506,0.009920974201040588
5114,-4.7982429152856145,0.009920974201040588
5115,-4.800952403646674,0.009920974201040588
5116,-4.714654672131049,0.009920974201040588
5117,-4.770398936762309,0.009920974201040588
5118,-3.8191122284905092,0.009920974201040588
5119,-4.01623855352377,0.009920974201040588
5120,-2.73625765872677,0.009920974201040588
5121,-6.976897728001477,0.009920974201040588
5122,-5.032575994977758,0.009920974201040588
5123,-2.7387930040014625,0.009920974201040588
5124,-5.072543517187441,0.009920974201040588
5125,-4.890456656619832,0.009920974201040588
5126,-5.040065205953873,0.009920974201040588
5127,-3.057556687835128,0.009920974201040588
5128,-4.867901696453006,0.009920974201040588
5129,-2.784701865095702,0.009920974201040588
5130,-6.419057999330933,0.009920974201040588
5131,-3.9916533767407714,0.009920974201040588
5132,-3.6596875894987835,0.009920974201040588
5133,-2.195428607084109,0.009920974201040588
5134,-4.070555117678864,0.009920974201040588
5135,-3.947907241241346,0.009920974201040588
5136,-4.318955739185225,0.009920974201040588
5137,-3.7144063573438744,0.009920974201040588
5138,-4.109988323479181,0.009920974201040588
5139,-4.118600597038752,0.009920974201040588
5140,-3.8583001718348258,0.009920974201040588
5141,-4.137340029171795,0.009920974201040588
5142,-4.676346336104761,0.009920974201040588
5143,-3.737877479951226,0.009920974201040588
5144,-3.9405077898674454,0.009920974201040588
5145,-4.145176903513415,0.009920974201040588
5146,-4.18671930581783,0.009920974201040588
5147,-3.275765577773816,0.009920974201040588
5148,-5.383349891427279,0.009920974201040588
5149,-6.702457311273731,0.009920974201040588
5150,-5.172561189686262,0.009920974201040588
5151,-5.081757355247879,0.009920974201040588
5152,-4.208777714251952,0.009920974201040588
5153,-6.162828166611242,0.009920974201040588
5154,-5.14830307810092,0.009920974201040588
5155,-4.803494154396471,0.009920974201040588
5156,-4.122792626747524,0.009920974201040588
5157,-5.12590723900337,0.009920974201040588
5158,-4.957824735497474,0.009920974201040588
5159,-3.8689557689476874,0.009920974201040588
5160,-4.280960770514298,0.009920974201040588
5161,-3.874842808883178,0.009920974201040588
5162,-5.2080353979070555,0.009920974201040588
5163,-4.307351555745077,0.009920974201040588
5164,-3.9896269111693163,0.009920974201040588
5165,-4.5540676877165875,0.009920974201040588
5166,-5.184195461795808,0.009920974201040588
5167,-4.1399276249589825,0.009920974201040588
5168,-3.1621771499363223,0.009920974201040588
5169,-5.3261430940992796,0.009920974201040588
5170,-4.913720661411791,0.009920974201040588
5171,-4.26326792186056,0.009920974201040588
5172,-4.019719605811291,0.009920974201040588
5173,-6.046863226648735,0.009920974201040588
5174,-6.128470100196758,0.009920974201040588
5175,-4.573670073000983,0.009920974201040588
5176,-5.954389977540663,0.009920974201040588
5177,-4.222580851880309,0.009920974201040588
5178,-6.104119481542211,0.009920974201040588
5179,-4.983195274867503,0.009920974201040588
5180,-4.65302125597568,0.009920974201040588
5181,-3.946788981971018,0.009920974201040588
5182,-6.420409207530978,0.009920974201040588
5183,-5.312989482478876,0.009920974201040588
5184,-2.8178159763412953,0.009920974201040588
5185,-4.919396376115455,0.009920974201040588
5186,-7.068076812771511,0.009920974201040588
5187,-3.015195921512871,0.009920974201040588
5188,-4.746563582055499,0.009920974201040588
5189,-5.5022399862535645,0.009920974201040588
5190,-5.012094113023453,0.009920974201040588
5191,-3.6052099751347217,0.009920974201040588
5192,-6.903705239783817,0.009920974201040588
5193,-6.40151434498226,0.009920974201040588
5194,-4.726004426436342,0.009920974201040588
5195,-5.11286711630318,0.009920974201040588
5196,-5.181000633709571,0.009920974201040588
5197,-6.3813092399297755,0.009920974201040588
5198,-1.9258142653467423,0.009920974201040588
5199,-5.139097506566468,0.009920974201040588
5200,-7.050444759875988,0.009920974201040588
5201,-4.359360052998982,0.009920974201040588
5202,-3.6170886432361913,0.009920974201040588
5203,-6.309997251890886,0.009920974201040588
5204,-2.3393766185010483,0.009920974201040588
5205,-4.244044692147897,0.009920974201040588
5206,-4.541344742859751,0.009920974201040588
5207,-5.2361037672251864,0.009920974201040588
5208,-4.8357077655331455,0.009920974201040588
5209,-3.6874969364215926,0.009920974201040588
5210,-4.329537922989333,0.009920974201040588
5211,-2.62426879972439,0.009920974201040588
5212,-5.308918961185288,0.009920974201040588
5213,-4.437398422013473,0.009920974201040588
5214,-6.29529951266537,0.009920974201040588
5215,-5.204657839521977,0.009920974201040588
5216,-1.820908698486631,0.009920974201040588
5217,-5.766337886107159,0.009920974201040588
5218,-7.086272450652641,0.009920974201040588
5219,-5.463045376146452,0.009920974201040588
5220,-1.8315568698145075,0.009920974201040588
5221,-6.814226645755621,0.009920974201040588
5222,-5.085827781200985,0.009920974201040588
5223,-3.120880220591655,0.009920974201040588
5224,-6.54954797447504,0.009920974201040588
5225,-7.726828983289176,0.009920974201040588
5226,-5.1191047563413505,0.009920974201040588
5227,-6.785406824737766,0.009920974201040588
5228,-5.774126687219431,0.009920974201040588
5229,-6.9038598015796655,0.009920974201040588
5230,-5.538350795271503,0.009920974201040588
5231,-5.2283757073437425,0.009920974201040588
5232,-7.059271406002476,0.009920974201040588
5233,-3.68917850625182,0.009920974201040588
5234,-3.774539750340553,0.009920974201040588
5235,-3.472099967490859,0.009920974201040588
5236,-5.131389812014132,0.009920974201040588
5237,-6.931330546075654,0.009920974201040588
5238,-3.597457909106521,0.009920974201040588
5239,-4.746135889139834,0.009920974201040588
5240,-3.258329590506428,0.009920974201040588
5241,-5.440460201714026,0.009920974201040588
5242,-3.403381883569769,0.009920974201040588
5243,-3.2789695550665705,0.009920974201040588
5244,-4.5171266352420645,0.009920974201040588
5245,-4.212712391263235,0.009920974201040588
5246,-4.514185892879574,0.009920974201040588
5247,-6.313243657276948,0.009920974201040588
5248,-6.423607116077062,0.009920974201040588
5249,-6.927709801519307,0.009920974201040588
5250,-6.7825948978192745,0.009920974201040588
5251,-5.513433525907962,0.009920974201040588
5252,-4.776890908350131,0.009920974201040588
5253,-7.912787596597716,0.009920974201040588
5254,-8.064058811318619,0.009920974201040588
5255,-6.252011986541238,0.009920974201040588
5256,-3.1183958641918794,0.009920974201040588
5257,-9.11979726610232,0.009920974201040588
5258,-6.961999345172401,0.009920974201040588
5259,-4.44730188179204,0.009920974201040588
5260,-5.904689661797439,0.009920974201040588
5261,-7.6561094674295935,0.009920974201040588
5262,-5.373362925096384,0.009920974201040588
5263,-3.5231947887833748,0.009920974201040588
5264,-5.596190195249522,0.009920974201040588
5265,-2.744660123319653,0.009920974201040588
5266,-4.112194743392852,0.009920974201040588
5267,-4.260393786896754,0.009920974201040588
5268,-5.333294990961078,0.009920974201040588
5269,-5.912555350805876,0.009920974201040588
5270,-4.983773449649715,0.009920974201040588
5271,-1.587373543792404,0.009920974201040588
5272,-3.5918965806123015,0.009920974201040588
5273,-4.534295160051487,0.009920974201040588
5274,-4.923937295134495,0.009920974201040588
5275,-4.4270271973757325,0.009920974201040588
5276,-5.506081169386889,0.009920974201040588
5277,-4.757848188181689,0.009920974201040588
5278,-4.418054381268819,0.009920974201040588
5279,-4.75040978098669,0.009920974201040588
5280,-5.046351120456118,0.009920974201040588
5281,-2.5834542860945042,0.009920974201040588
5282,-5.2827405108932615,0.009920974201040588
5283,-2.8466648346154253,0.009920974201040588
5284,-4.021385408340654,0.009920974201040588
5285,-4.921649787086711,0.009920974201040588
5286,-3.879487132096378,0.009920974201040588
5287,-3.7615706322415816,0.009920974201040588
5288,-2.0157533365851674,0.009920974201040588
5289,-4.687501307038568,0.009920974201040588
5290,-5.042234594537733,0.009920974201040588
5291,-5.96796834272379,0.009920974201040588
5292,-5.64924297050189,0.009920974201040588
5293,-5.543389658537472,0.009920974201040588
5294,-6.454637372222668,0.009920974201040588
5295,-2.456291499900987,0.009920974201040588
5296,-4.16966248046515,0.009920974201040588
5297,-4.110160239853905,0.009920974201040588
5298,-4.796682975993879,0.009920974201040588
5299,-4.882842439390811,0.009920974201040588
5300,-6.4741437415669,0.009920974201040588
5301,-3.8863144383591175,0.009920974201040588
5302,-5.329201476774139,0.009920974201040588
5303,-5.428833069966581,0.009920974201040588
5304,-2.700887157861248,0.009920974201040588
5305,-4.982761452193838,0.009920974201040588
5306,-1.875938453473565,0.009920974201040588
5307,-3.2610140393931664,0.009920974201040588
5308,-4.910123998232208,0.009920974201040588
5309,-4.85132551591656,0.009920974201040588
5310,-6.563733787961016,0.009920974201040588
5311,-2.631814785705019,0.009920974201040588
5312,-3.4164244563431687,0.009920974201040588
5313,-6.543710254802171,0.009920974201040588
5314,-3.4162912394300218,0.009920974201040588
5315,-3.4356748141897087,0.009920974201040588
5316,-1.9217990617080474,0.009920974201040588
5317,-3.383738952712238,0.009920974201040588
5318,-3.4148959140059296,0.009920974201040588
5319,-4.9043503885254935,0.009920974201040588
5320,-5.392245737182377,0.009920974201040588
5321,-4.676195523902555,0.009920974201040588
5322,-5.777900188201398,0.009920974201040588
5323,-3.9763794193164888,0.009920974201040588
5324,-3.399437449765901,0.009920974201040588
5325,-2.4962928424857287,0.009920974201040588
5326,-3.2398730186955906,0.009920974201040588
5327,-3.3270742861663916,0.009920974201040588
5328,-1.8982132668539449,0.009920974201040588
5329,-5.562463469658562,0.009920974201040588
5330,-3.278216312640603,0.009920974201040588
5331,-3.328504817178453,0.009920974201040588
5332,-3.5846723172422204,0.009920974201040588
5333,-3.2650910481202917,0.009920974201040588
5334,-3.372834474795658,0.009920974201040588
5335,-3.3976544138453777,0.009920974201040588
5336,-3.3680776694723793,0.009920974201040588
5337,-3.369520566274636,0.009920974201040588
5338,-5.645619803308408,0.009920974201040588
5339,-5.850395720436495,0.009920974201040588
5340,-9.260455085825857,0.009920974201040588
5341,-4.624795276703116,0.009920974201040588
5342,-5.439413806402534,0.009920974201040588
5343,-4.8418434373471575,0.009920974201040588
5344,-3.3541381096558203,0.009920974201040588
5345,-3.656760977311005,0.009920974201040588
5346,-3.367332080113038,0.009920974201040588
5347,-5.477498236741457,0.009920974201040588
5348,-6.098607163002873,0.009920974201040588
5349,-4.979145478621083,0.009920974201040588
5350,-5.246004800126013,0.009920974201040588
5351,-5.550156907143949,0.009920974201040588
5352,-6.349869930803863,0.009920974201040588
5353,-5.191986239726948,0.009920974201040588
5354,-3.9889078317171047,0.009920974201040588
5355,-4.585581454084496,0.009920974201040588
5356,-3.5590782299159414,0.009920974201040588
5357,-3.41391686566916,0.009920974201040588
5358,-3.5642973857420257,0.009920974201040588
5359,-6.177454558957299,0.009920974201040588
5360,-3.672636294385711,0.009920974201040588
5361,-3.4535967004344226,0.009920974201040588
5362,-2.7311707120025583,0.009920974201040588
5363,-2.096338182556378,0.009920974201040588
5364,-2.3087110879773958,0.009920974201040588
5365,-2.796835610748468,0.009920974201040588
5366,-2.3785341580149417,0.009920974201040588
5367,-2.431412430212727,0.009920974201040588
5368,-3.621565154050867,0.009920974201040588
5369,-5.999960237264682,0.009920974201040588
5370,-6.329648625396811,0.009920974201040588
5371,-4.528504496955102,0.009920974201040588
5372,-7.2874749995283885,0.009920974201040588
5373,-2.627991508205335,0.009920974201040588
5374,-4.678088088994421,0.009920974201040588
5375,-7.9887313960095305,0.009920974201040588
5376,-4.946306036015267,0.009920974201040588
5377,-6.298739421277436,0.009920974201040588
5378,-2.246352949105135,0.009920974201040588
5379,-8.08458604901725,0.009920974201040588
5380,-7.209325321900418,0.009920974201040588
5381,-6.34767865232531,0.009920974201040588
5382,-5.582426345172377,0.009920974201040588
5383,-5.399087693698139,0.009920974201040588
5384,-6.328815138928719,0.009920974201040588
5385,-5.23524497894156,0.009920974201040588
5386,-5.400896014173638,0.009920974201040588
5387,-2.964000184404208,0.009920974201040588
5388,-1.8534363715318447,0.009920974201040588
5389,-3.3968977271335,0.009920974201040588
5390,-1.8763167451055573,0.009920974201040588
5391,-1.8761510465917262,0.009920974201040588
5392,-1.8929313514357582,0.009920974201040588
5393,-3.4382751450340567,0.009920974201040588
5394,-4.638401604674618,0.009920974201040588
5395,-4.277107817840694,0.009920974201040588
5396,-1.912358547947814,0.009920974201040588
5397,-1.820263832697795,0.009920974201040588
5398,-3.4128857028708595,0.009920974201040588
5399,-6.040205829231221,0.009920974201040588
5400,-3.404568130663045,0.009920974201040588
5401,-2.1339161562509306,0.009920974201040588
5402,-4.469312846936772,0.009920974201040588
5403,-4.630333307635888,0.009920974201040588
5404,-3.5624669703718634,0.009920974201040588
5405,-4.2172841220481825,0.009920974201040588
5406,-2.1016357865948834,0.009920974201040588
5407,-2.1132238372242527,0.009920974201040588
5408,-4.261636557690857,0.009920974201040588
5409,-2.839587027275876,0.009920974201040588
5410,-5.016818767167408,0.009920974201040588
5411,-4.810393581674937,0.009920974201040588
5412,-4.969100857897677,0.009920974201040588
5413,-3.6441740782274934,0.009920974201040588
5414,-3.6796860387612673,0.009920974201040588
5415,-3.613074451632224,0.009920974201040588
5416,-3.6037901310564644,0.009920974201040588
5417,-4.8187009239129335,0.009920974201040588
5418,-3.995569512763026,0.009920974201040588
5419,-3.6857374031746666,0.009920974201040588
5420,-4.102868098390095,0.009920974201040588
5421,-3.703198427276352,0.009920974201040588
5422,-3.469802529214358,0.009920974201040588
5423,-3.605313721975583,0.009920974201040588
5424,-3.60953267236318,0.009920974201040588
5425,-3.6533169595474555,0.009920974201040588
5426,-4.166439554317111,0.009920974201040588
5427,-4.223018745093484,0.009920974201040588
5428,-4.3267147239208334,0.009920974201040588
5429,-3.6144067215660787,0.009920974201040588
5430,-4.91578546605631,0.009920974201040588
5431,-5.7566283525033715,0.009920974201040588
5432,-8.907597139371347,0.009920974201040588
5433,-5.005792731845914,0.009920974201040588
5434,-4.899699263740238,0.009920974201040588
5435,-3.57455203917172,0.009920974201040588
5436,-4.8870253032728,0.009920974201040588
5437,-3.787121314939623,0.009920974201040588
5438,-4.885800151610709,0.009920974201040588
5439,-3.803142865350913,0.009920974201040588
5440,-3.665955166960777,0.009920974201040588
5441,-6.1273693352013625,0.009920974201040588
5442,-5.221385015038897,0.009920974201040588
5443,-5.185102292610038,0.009920974201040588
5444,-4.69442777718378,0.009920974201040588
5445,-4.8514056452512335,0.009920974201040588
5446,-4.562875740326332,0.009920974201040588
5447,-3.908586121118129,0.009920974201040588
5448,-3.72844218610951,0.009920974201040588
5449,-4.959101587942706,0.009920974201040588
5450,-4.814574978879664,0.009920974201040588
5451,-3.7172628453276975,0.009920974201040588
5452,-3.6536176153951954,0.009920974201040588
5453,-4.330541144693577,0.009920974201040588
5454,-6.158229907093379,0.009920974201040588
5455,-4.490396411529508,0.009920974201040588
5456,-3.7665330706128013,0.009920974201040588
5457,-5.050166111283618,0.009920974201040588
5458,-2.351486191742339,0.009920974201040588
5459,-2.226050518974461,0.009920974201040588
5460,-5.524284951137137,0.009920974201040588
5461,-6.418556838827563,0.009920974201040588
5462,-6.115479058796403,0.009920974201040588
5463,-4.515411660587306,0.009920974201040588
5464,-2.103379757857247,0.009920974201040588
5465,-5.070847850154681,0.009920974201040588
5466,-4.7014388905133195,0.009920974201040588
5467,-3.569343038569614,0.009920974201040588
5468,-5.365488523218719,0.009920974201040588
5469,-3.5378023206853033,0.009920974201040588
5470,-1.6865900104618265,0.009920974201040588
5471,-4.023129877647803,0.009920974201040588
5472,-5.769757020668725,0.009920974201040588
5473,-7.52426127787936,0.009920974201040588
5474,-5.392425149205254,0.009920974201040588
5475,-4.778101090585567,0.009920974201040588
5476,-3.956292107083362,0.009920974201040588
5477,-4.446029972140509,0.009920974201040588
5478,-4.657528675442256,0.009920974201040588
5479,-6.056499608140543,0.009920974201040588
5480,-5.831073144813807,0.009920974201040588
5481,-4.7141189220255,0.009920974201040588
5482,-5.2339320647668615,0.009920974201040588
5483,-8.908573278483612,0.009920974201040588
5484,-5.355065741089714,0.009920974201040588
5485,-5.9189092508609775,0.009920974201040588
5486,-4.9915022080997815,0.009920974201040588
5487,-2.521028358192482,0.009920974201040588
5488,-5.395989326282584,0.009920974201040588
5489,-4.895119801672029,0.009920974201040588
5490,-2.141979492067447,0.009920974201040588
5491,-5.517289494166283,0.009920974201040588
5492,-2.419188527698835,0.009920974201040588
5493,-4.325976444337769,0.009920974201040588
5494,-5.164194527563273,0.009920974201040588
5495,-5.711180683314821,0.009920974201040588
5496,-4.8522510357263045,0.009920974201040588
5497,-3.697947391771774,0.009920974201040588
5498,-3.5926381153205367,0.009920974201040588
5499,-1.9914385005882482,0.009920974201040588
5500,-5.384785483856618,0.009920974201040588
5501,-6.7179068230031636,0.009920974201040588
5502,-3.5304376309819916,0.009920974201040588
5503,-5.754400946589247,0.009920974201040588
5504,-2.3455049512622734,0.009920974201040588
5505,-4.405034931745299,0.009920974201040588
5506,-6.007449648922058,0.009920974201040588
5507,-6.843354016426059,0.009920974201040588
5508,-3.7892689282312704,0.009920974201040588
5509,-3.7899351151922724,0.009920974201040588
5510,-2.4192765284349766,0.009920974201040588
5511,-4.401945609668255,0.009920974201040588
5512,-3.7878984017553554,0.009920974201040588
5513,-2.0199691312931707,0.009920974201040588
5514,-3.8061454239292942,0.009920974201040588
5515,-3.7866835013049416,0.009920974201040588
5516,-3.7892689282312704,0.009920974201040588
5517,-3.772484356659522,0.009920974201040588
5518,-2.0529298321571043,0.009920974201040588
5519,-3.7380102553987307,0.009920974201040588
5520,-2.045549105188851,0.009920974201040588
5521,-5.0236223145333785,0.009920974201040588
5522,-3.6592365454336595,0.009920974201040588
5523,-4.2946466932834335,0.009920974201040588
5524,-4.962072736402008,0.009920974201040588
5525,-3.7688203084985163,0.009920974201040588
5526,-3.8327363172898776,0.009920974201040588
5527,-3.9091532365517514,0.009920974201040588
5528,-3.774767872381946,0.009920974201040588
5529,-3.7334222522925007,0.009920974201040588
5530,-3.9445524135773393,0.009920974201040588
5531,-3.7077542918969737,0.009920974201040588
5532,-5.681990951175558,0.009920974201040588
5533,-4.249742913941446,0.009920974201040588
5534,-4.53623352820226,0.009920974201040588
5535,-5.274265139011771,0.009920974201040588
5536,-3.919480446553647,0.009920974201040588
5537,-4.717506947616367,0.009920974201040588
5538,-4.560976138912503,0.009920974201040588
5539,-4.431773797840997,0.009920974201040588
5540,-5.320398652080498,0.009920974201040588
5541,-5.399144679859615,0.009920974201040588
5542,-3.958035092104593,0.009920974201040588
5543,-3.792819377498864,0.009920974201040588
5544,-3.786915185651895,0.009920974201040588
5545,-4.473878683656043,0.009920974201040588
5546,-6.26775538601197,0.009920974201040588
5547,-3.9962863263322967,0.009920974201040588
5548,-6.958556334273077,0.009920974201040588
5549,-5.462704997676095,0.009920974201040588
5550,-5.517095470185637,0.009920974201040588
5551,-5.127675014227051,0.009920974201040588
5552,-4.728049705910799,0.009920974201040588
5553,-3.9734554870201473,0.009920974201040588
5554,-5.096742888741053,0.009920974201040588
5555,-6.0926210617839525,0.009920974201040588
5556,-4.734074576126512,0.009920974201040588
5557,-6.130369514516088,0.009920974201040588
5558,-5.8263028501849785,0.009920974201040588
5559,-2.6949171756200423,0.009920974201040588
5560,-2.4600308200304215,0.009920974201040588
5561,-2.3234025361723223,0.009920974201040588
5562,-6.721079863845392,0.009920974201040588
5563,-4.641342793915072,0.009920974201040588
5564,-3.1185627304220986,0.009920974201040588
5565,-4.738862901818946,0.009920974201040588
5566,-4.198742452104621,0.009920974201040588
5567,-5.344399770506161,0.009920974201040588
5568,-5.132374362441544,0.009920974201040588
5569,-5.466902228398806,0.009920974201040588
5570,-2.8471382927755826,0.009920974201040588
5571,-4.882150014483901,0.009920974201040588
5572,-4.886279108035806,0.009920974201040588
5573,-5.159358798886808,0.009920974201040588
5574,-5.507863159348507,0.009920974201040588
5575,-9.531478277357373,0.009920974201040588
5576,-4.963597319863557,0.009920974201040588
5577,-6.502526999044878,0.009920974201040588
5578,-7.894735008240794,0.009920974201040588
5579,-5.48402464692677,0.009920974201040588
5580,-5.644451026311024,0.009920974201040588
5581,-5.09604662205888,0.009920974201040588
5582,-3.123321332677037,0.009920974201040588
5583,-6.984301282104491,0.009920974201040588
5584,-5.782861067691839,0.009920974201040588
5585,-3.968528399453632,0.009920974201040588
5586,-1.2039697883149136,0.009920974201040588
5587,-1.779617113449095,0.009920974201040588
5588,-5.785187581168173,0.009920974201040588
5589,-3.9488724794098737,0.009920974201040588
5590,-1.2104451571236692,0.009920974201040588
5591,-1.5129020388868264,0.009920974201040588
5592,-8.921403780370067,0.009920974201040588
5593,-1.225946544003004,0.009920974201040588
5594,-4.337601801129593,0.009920974201040588
5595,-6.684859981507724,0.009920974201040588
5596,-2.4587569896190944,0.009920974201040588
5597,-2.850074391834955,0.009920974201040588
5598,-2.8853124571341935,0.009920974201040588
5599,-2.777575561696717,0.009920974201040588
5600,-5.341231810538323,0.009920974201040588
5601,-2.8410599916034354,0.009920974201040588
5602,-1.5644192481130097,0.009920974201040588
5603,-2.774775634291969,0.009920974201040588
5604,-1.554238961624299,0.009920974201040588
5605,-2.4871223360680643,0.009920974201040588
5606,-2.3786198047860103,0.009920974201040588
5607,-3.9602121799464687,0.009920974201040588
5608,-2.8158047916595432,0.009920974201040588
5609,-4.832795349786651,0.009920974201040588
5610,-2.8573553195141086,0.009920974201040588
5611,-5.921598680797622,0.009920974201040588
5612,-6.887305591655233,0.009920974201040588
5613,-4.194574535500339,0.009920974201040588
5614,-4.209038751804353,0.009920974201040588
5615,-2.977756606083103,0.009920974201040588
5616,-4.957146098865994,0.009920974201040588
5617,-4.296448388964027,0.009920974201040588
5618,-5.162340975791169,0.009920974201040588
5619,-2.99949837399919,0.009920974201040588
5620,-5.289064339885846,0.009920974201040588
5621,-2.6415302796601035,0.009920974201040588
5622,-4.513067984400315,0.009920974201040588
5623,-5.188790738845199,0.009920974201040588
5624,-6.382876664709592,0.009920974201040588
5625,-6.420136997126982,0.009920974201040588
5626,-6.665144387842297,0.009920974201040588
5627,-5.861819233354293,0.009920974201040588
5628,-6.847246473392319,0.009920974201040588
5629,-5.410063541575031,0.009920974201040588
5630,-6.2175608783134155,0.009920974201040588
5631,-6.841823083245292,0.009920974201040588
5632,-4.207765772798812,0.009920974201040588
5633,-5.951569310752166,0.009920974201040588
5634,-3.18574886493014,0.009920974201040588
5635,-3.0854825376044634,0.009920974201040588
5636,-3.098081095445464,0.009920974201040588
5637,-2.7382959701882643,0.009920974201040588
5638,-3.6240978454588224,0.009920974201040588
5639,-2.7603500568496564,0.009920974201040588
5640,-5.1104610987123555,0.009920974201040588
5641,-6.9192613216627175,0.009920974201040588
5642,-3.623747339945125,0.009920974201040588
5643,-3.0110658554234195,0.009920974201040588
5644,-3.0588988239723074,0.009920974201040588
5645,-2.8139008667580305,0.009920974201040588
5646,-2.8358461272467563,0.009920974201040588
5647,-2.8467928739183304,0.009920974201040588
5648,-2.8477506056087725,0.009920974201040588
5649,-6.717954614114337,0.009920974201040588
5650,-4.1032353151647,0.009920974201040588
5651,-5.260353201542268,0.009920974201040588
5652,-7.078366381626285,0.009920974201040588
5653,-2.890170229330967,0.009920974201040588
5654,-2.8924287192001503,0.009920974201040588
5655,-3.380810095008915,0.009920974201040588
5656,-5.212538839792314,0.009920974201040588
5657,-2.427947580283156,0.009920974201040588
5658,-4.528136071482274,0.009920974201040588
5659,-2.441724380184933,0.009920974201040588
5660,-6.39491392189837,0.009920974201040588
5661,-7.409806769791019,0.009920974201040588
5662,-5.026158262236002,0.009920974201040588
5663,-5.9548990129291965,0.009920974201040588
5664,-5.665577687449677,0.009920974201040588
5665,-3.700665511361424,0.009920974201040588
5666,-4.73395883183961,0.009920974201040588
5667,-5.593602705809069,0.009920974201040588
5668,-4.634054003310043,0.009920974201040588
5669,-2.465505374753291,0.009920974201040588
5670,-6.737992397095252,0.009920974201040588
5671,-4.1596382702008725,0.009920974201040588
5672,-6.602737486047048,0.009920974201040588
5673,-3.9688230222125647,0.009920974201040588
5674,-1.5601884093787446,0.009920974201040588
5675,-4.763219196955862,0.009920974201040588
5676,-5.524167033971166,0.009920974201040588
5677,-2.0890074629893913,0.009920974201040588
5678,-2.511259935501017,0.009920974201040588
5679,-5.215059059232765,0.009920974201040588
5680,-4.196982442475534,0.009920974201040588
5681,-3.1782625325771576,0.009920974201040588
5682,-6.098230137538907,0.009920974201040588
5683,-4.4431797530446975,0.009920974201040588
5684,-5.117211517451603,0.009920974201040588
5685,-3.211580045003818,0.009920974201040588
5686,-2.5696514036473332,0.009920974201040588
5687,-5.617506025332596,0.009920974201040588
5688,-5.565635370085831,0.009920974201040588
5689,-5.291418861039324,0.009920974201040588
5690,-5.301905721587388,0.009920974201040588
5691,-1.7398835080699226,0.009920974201040588
5692,-4.821834155221199,0.009920974201040588
5693,-3.6258791168972664,0.009920974201040588
5694,-3.7889651739485743,0.009920974201040588
5695,-1.6954934311750793,0.009920974201040588
5696,-3.474967060104573,0.009920974201040588
5697,-3.3726827128046124,0.009920974201040588
5698,-3.191001089399457,0.009920974201040588
5699,-6.115436180526914,0.009920974201040588
5700,-3.6810178116143826,0.009920974201040588
5701,-6.49025162745146,0.009920974201040588
5702,-6.204485255097094,0.009920974201040588
5703,-3.842708859602015,0.009920974201040588
5704,-3.3144870218212485,0.009920974201040588
5705,-5.539641732598707,0.009920974201040588
5706,-5.500991949563394,0.009920974201040588
5707,-6.593165408759818,0.009920974201040588
5708,-3.694232131323454,0.009920974201040588
5709,-3.8761139514458494,0.009920974201040588
5710,-6.14495411099859,0.009920974201040588
5711,-3.7203260165621104,0.009920974201040588
5712,-5.777635376154276,0.009920974201040588
5713,-3.6374092328845715,0.009920974201040588
5714,-6.565372314160066,0.009920974201040588
5715,-5.785769755278851,0.009920974201040588
5716,-2.077178551888233,0.009920974201040588
5717,-3.8917438556282153,0.009920974201040588
5718,-3.6879265787122377,0.009920974201040588
5719,-2.831392291386086,0.009920974201040588
5720,-3.8584339031292822,0.009920974201040588
5721,-3.357176172250335,0.009920974201040588
5722,-5.89248302751863,0.009920974201040588
5723,-6.207264701770569,0.009920974201040588
5724,-5.837258058764424,0.009920974201040588
5725,-5.815893551436968,0.009920974201040588
5726,-3.69170600209243,0.009920974201040588
5727,-7.0420783599966645,0.009920974201040588
5728,-4.784359012603854,0.009920974201040588
5729,-3.7506891802127376,0.009920974201040588
5730,-3.8443515799996426,0.009920974201040588
5731,-3.869916934444162,0.009920974201040588
5732,-4.8914076164049956,0.009920974201040588
5733,-4.784762632906096,0.009920974201040588
5734,-4.956495702026231,0.009920974201040588
5735,-3.8656540502611967,0.009920974201040588
5736,-3.7690240774600716,0.009920974201040588
5737,-4.019603397144713,0.009920974201040588
5738,-3.7526276893972748,0.009920974201040588
5739,-3.8642391556698694,0.009920974201040588
5740,-8.069489377928933,0.009920974201040588
5741,-4.699937613182877,0.009920974201040588
5742,-5.79976655426308,0.009920974201040588
5743,-5.9036767690752665,0.009920974201040588
5744,-6.371666196467239,0.009920974201040588
5745,-7.374066247766111,0.009920974201040588
5746,-4.692293025509553,0.009920974201040588
5747,-5.436618807656694,0.009920974201040588
5748,-6.8960747616382925,0.009920974201040588
5749,-5.5426423589138105,0.009920974201040588
5750,-6.936915896590325,0.009920974201040588
5751,-4.975713027215582,0.009920974201040588
5752,-7.944057612017573,0.009920974201040588
5753,-8.053633500122803,0.009920974201040588
5754,-6.532915684821852,0.009920974201040588
5755,-2.394800844308497,0.009920974201040588
5756,-1.8500705923222927,0.009920974201040588
5757,-5.4287282745083605,0.009920974201040588
5758,-2.4917604522519055,0.009920974201040588
5759,-7.458504888394977,0.009920974201040588
5760,-5.08856200859403,0.009920974201040588
5761,-5.715237333501161,0.009920974201040588
5762,-3.1164120993074906,0.009920974201040588
5763,-2.722841423992274,0.009920974201040588
5764,-5.189447650768007,0.009920974201040588
5765,-2.895705683596144,0.009920974201040588
5766,-5.17241349572488,0.009920974201040588
5767,-1.790992351200753,0.009920974201040588
5768,-2.127730123975269,0.009920974201040588
5769,-3.2386432285656945,0.009920974201040588
5770,-3.1613011481162947,0.009920974201040588
5771,-6.050825399174871,0.009920974201040588
5772,-7.974277768971163,0.009920974201040588
5773,-7.076810190051521,0.009920974201040588
5774,-6.790836876823983,0.009920974201040588
5775,-3.8053250564005117,0.009920974201040588
5776,-5.435497495035294,0.009920974201040588
5777,-6.321797901081121,0.009920974201040588
5778,-5.819231536277364,0.009920974201040588
5779,-2.781745955162454,0.009920974201040588
5780,-4.297153575104886,0.009920974201040588
5781,-4.9777016385485915,0.009920974201040588
5782,-6.614089968340648,0.009920974201040588
5783,-5.743826843502377,0.009920974201040588
5784,-5.5618561564594,0.009920974201040588
5785,-5.4619325245519015,0.009920974201040588
5786,-6.0852809468585205,0.009920974201040588
5787,-4.963719214512988,0.009920974201040588
5788,-4.245881875882129,0.009920974201040588
5789,-6.313981418564707,0.009920974201040588
5790,-5.065195382383161,0.009920974201040588
5791,-6.160164995248591,0.009920974201040588
5792,-6.879794776443062,0.009920974201040588
5793,-4.747834812908721,0.009920974201040588
5794,-5.742058794542281,0.009920974201040588
5795,-5.6471608548022765,0.009920974201040588
5796,-5.9845310410875125,0.009920974201040588
5797,-4.873941686571886,0.009920974201040588
5798,-1.8251500884326572,0.009920974201040588
5799,-5.089872974521742,0.009920974201040588
5800,-5.647401408075716,0.009920974201040588
5801,-2.8288987328873603,0.009920974201040588
5802,-5.78061134840028,0.009920974201040588
5803,-5.873290432937715,0.009920974201040588
5804,-2.5039312521240897,0.009920974201040588
5805,-5.865154859126702,0.009920974201040588
5806,-3.774128475297152,0.009920974201040588
5807,-4.808483099726341,0.009920974201040588
5808,-1.8295229871838292,0.009920974201040588
5809,-4.890650301145791,0.009920974201040588
5810,-3.4896723911419927,0.009920974201040588
5811,-5.978311913335934,0.009920974201040588
5812,-4.318704259176772,0.009920974201040588
5813,-5.430490490960982,0.009920974201040588
5814,-3.8643891426851162,0.009920974201040588
5815,-4.369146324500911,0.009920974201040588
5816,-5.093962770012747,0.009920974201040588
5817,-6.97453905314423,0.009920974201040588
5818,-7.580882591082731,0.009920974201040588
5819,-5.9972243676337165,0.009920974201040588
5820,-5.55632263166154,0.009920974201040588
5821,-2.213736752502788,0.009920974201040588
5822,-3.8301801376982896,0.009920974201040588
5823,-3.873716303674318,0.009920974201040588
5824,-3.833002466663803,0.009920974201040588
5825,-6.212808559922199,0.009920974201040588
5826,-4.808766911017808,0.009920974201040588
5827,-1.584202276307031,0.009920974201040588
5828,-8.386610193519022,0.009920974201040588
5829,-2.832558843269667,0.009920974201040588
5830,-2.9541243870766793,0.009920974201040588
5831,-1.589270071168279,0.009920974201040588
5832,-5.496632583495218,0.009920974201040588
5833,-4.828971543599497,0.009920974201040588
5834,-1.5868740506363612,0.009920974201040588
5835,-3.0483410731480767,0.009920974201040588
5836,-1.5889103401561164,0.009920974201040588
5837,-1.5922236810749832,0.009920974201040588
5838,-3.062055531579333,0.009920974201040588
5839,-3.0674121555582454,0.009920974201040588
5840,-2.957199660310474,0.009920974201040588
5841,-3.0002722242680395,0.009920974201040588
5842,-3.084431293455043,0.009920974201040588
5843,-2.9667236960314494,0.009920974201040588
5844,-2.9862375211302554,0.009920974201040588
5845,-2.989248856026764,0.009920974201040588
5846,-3.109558543194991,0.009920974201040588
5847,-3.114580186315978,0.009920974201040588
5848,-5.893647469974672,0.009920974201040588
5849,-4.674649474825333,0.009920974201040588
5850,-3.464188181488396,0.009920974201040588
5851,-5.319921729382875,0.009920974201040588
5852,-1.8690696938341682,0.009920974201040588
5853,-5.962871410609496,0.009920974201040588
5854,-5.39755721489127,0.009920974201040588
5855,-7.734851788469155,0.009920974201040588
5856,-2.215158271214444,0.009920974201040588
5857,-6.166640982798953,0.009920974201040588
5858,-2.4755600186878524,0.009920974201040588
5859,-2.7855008353022486,0.009920974201040588
5860,-4.018469389433028,0.009920974201040588
5861,-5.143453344951528,0.009920974201040588
5862,-5.734871404535983,0.009920974201040588
5863,-1.672380518841438,0.009920974201040588
5864,-5.649313650439327,0.009920974201040588
5865,-9.908894712529138,0.009920974201040588
5866,-5.279727224303189,0.009920974201040588
5867,-1.9714084073746119,0.009920974201040588
5868,-4.893962109610953,0.009920974201040588
5869,-5.380782266572764,0.009920974201040588
5870,-2.9902686505075167,0.009920974201040588
5871,-6.169048221594146,0.009920974201040588
5872,-4.04825886726683,0.009920974201040588
5873,-4.55954817878856,0.009920974201040588
5874,-6.4437194810725495,0.009920974201040588
5875,-5.61054739187446,0.009920974201040588
5876,-1.7414729925288819,0.009920974201040588
5877,-6.0148627160451555,0.009920974201040588
5878,-6.026550572725171,0.009920974201040588
5879,-3.32223601418336,0.009920974201040588
5880,-3.841228654158985,0.009920974201040588
5881,-3.8526354792792823,0.009920974201040588
5882,-5.554453256045606,0.009920974201040588
5883,-5.637260737533016,0.009920974201040588
5884,-5.242073211629779,0.009920974201040588
5885,-4.556185432585444,0.009920974201040588
5886,-6.209559715806741,0.009920974201040588
5887,-2.5306401927541735,0.009920974201040588
5888,-4.992069803476321,0.009920974201040588
5889,-3.9159497821111797,0.009920974201040588
5890,-3.843662612178752,0.009920974201040588
5891,-3.9391868939181034,0.009920974201040588
5892,-3.998230825812631,0.009920974201040588
5893,-2.06735093541211,0.009920974201040588
5894,-2.0890716453348057,0.009920974201040588
5895,-2.0707391329776605,0.009920974201040588
5896,-3.901002487159435,0.009920974201040588
5897,-5.6488246153181505,0.009920974201040588
5898,-3.8536143823660374,0.009920974201040588
5899,-4.857444687772007,0.009920974201040588
5900,-3.9824888792086783,0.009920974201040588
5901,-4.007289006027448,0.009920974201040588
5902,-4.814069004512323,0.009920974201040588
5903,-4.038542335578843,0.009920974201040588
5904,-4.039445559961857,0.009920974201040588
5905,-4.026453038007128,0.009920974201040588
5906,-3.91344333414363,0.009920974201040588
5907,-4.09788667295463,0.009920974201040588
5908,-4.880586258699997,0.009920974201040588
5909,-4.138462780552615,0.009920974201040588
5910,-4.017593429159458,0.009920974201040588
5911,-4.019781321457154,0.009920974201040588
5912,-4.151843239606352,0.009920974201040588
5913,-4.093443100452882,0.009920974201040588
5914,-6.577195229350994,0.009920974201040588
5915,-3.9740490977981597,0.009920974201040588
5916,-4.101294972789869,0.009920974201040588
5917,-4.172845088366539,0.009920974201040588
5918,-4.023062804326708,0.009920974201040588
5919,-4.020313423787458,0.009920974201040588
5920,-4.07394965747568,0.009920974201040588
5921,-4.031114259024197,0.009920974201040588
5922,-5.841916538075026,0.009920974201040588
5923,-4.11049125934508,0.009920974201040588
5924,-3.9368032796990797,0.009920974201040588
5925,-5.939052382467585,0.009920974201040588
5926,-4.200542958060206,0.009920974201040588
5927,-3.7067819091184013,0.009920974201040588
5928,-5.918974114369564,0.009920974201040588
5929,-6.253405540346442,0.009920974201040588
5930,-6.527381580707949,0.009920974201040588
5931,-6.314586854549265,0.009920974201040588
5932,-5.12099631077932,0.009920974201040588
5933,-4.223217561825706,0.009920974201040588
5934,-6.087673826445926,0.009920974201040588
5935,-5.120738389162072,0.009920974201040588
5936,-5.981054855036178,0.009920974201040588
5937,-5.717844551151112,0.009920974201040588
5938,-6.763600474446677,0.009920974201040588
5939,-6.150423249389858,0.009920974201040588
5940,-3.947416232653499,0.009920974201040588
5941,-7.907676126133957,0.009920974201040588
5942,-5.460498015946423,0.009920974201040588
5943,-4.3389410413780904,0.009920974201040588
5944,-6.849951169245147,0.009920974201040588
5945,-4.305860399767177,0.009920974201040588
5946,-3.9994118506443694,0.009920974201040588
5947,-4.214126293275229,0.009920974201040588
5948,-3.2310307208423152,0.009920974201040588
5949,-4.374536458338958,0.009920974201040588
5950,-1.8879073357522067,0.009920974201040588
5951,-4.582328527155676,0.009920974201040588
5952,-2.954576171979375,0.009920974201040588
5953,-3.118590027050494,0.009920974201040588
5954,-5.086062326189104,0.009920974201040588
5955,-5.413006654523199,0.009920974201040588
5956,-2.0038596545337057,0.009920974201040588
5957,-2.4755960993133126,0.009920974201040588
5958,-5.040201360930734,0.009920974201040588
5959,-2.895705683596144,0.009920974201040588
5960,-5.717706065609736,0.009920974201040588
5961,-1.790992351200753,0.009920974201040588
5962,-2.127730123975269,0.009920974201040588
5963,-2.310915367001282,0.009920974201040588
5964,-3.1613011481162947,0.009920974201040588
5965,-6.132261124969112,0.009920974201040588
5966,-7.283454812501581,0.009920974201040588
5967,-2.980257621602167,0.009920974201040588
5968,-3.184728717969988,0.009920974201040588
5969,-3.8245471941503992,0.009920974201040588
5970,-5.39264280636509,0.009920974201040588
5971,-4.684254869419114,0.009920974201040588
5972,-5.9386297216185575,0.009920974201040588
5973,-2.9327776081016497,0.009920974201040588
5974,-4.297153575104886,0.009920974201040588
5975,-5.735443083949797,0.009920974201040588
5976,-6.248639373072345,0.009920974201040588
5977,-3.1093844759223677,0.009920974201040588
5978,-6.794564603284421,0.009920974201040588
5979,-3.0445947049338753,0.009920974201040588
5980,-6.956261371836103,0.009920974201040588
5981,-2.488891153522046,0.009920974201040588
5982,-4.468791791391817,0.009920974201040588
5983,-8.105135265698799,0.009920974201040588
5984,-3.0221022585111967,0.009920974201040588
5985,-5.205767989860682,0.009920974201040588
5986,-8.127511749771124,0.009920974201040588
5987,-5.561540101750559,0.009920974201040588
5988,-6.836679078774279,0.009920974201040588
5989,-1.8232408298301732,0.009920974201040588
5990,-7.105205367686167,0.009920974201040588
5991,-4.694414800584985,0.009920974201040588
5992,-3.7919939189515404,0.009920974201040588
5993,-6.138878343390556,0.009920974201040588
5994,-5.500149150828498,0.009920974201040588
5995,-5.342762037315197,0.009920974201040588
5996,-6.100711352750588,0.009920974201040588
5997,-2.888100180391559,0.009920974201040588
5998,-4.976693292624493,0.009920974201040588
5999,-5.449801203738362,0.009920974201040588
6000,-4.669632093969048,0.009920974201040588
6001,-4.515069337328763,0.009920974201040588
6002,-4.3409939188839,0.009920974201040588
6003,-5.164154727894555,0.009920974201040588
6004,-5.424881663923129,0.009920974201040588
6005,-8.245664836621064,0.009920974201040588
6006,-5.921994522180146,0.009920974201040588
6007,-5.919907653247888,0.009920974201040588
6008,-4.128835781643484,0.009920974201040588
6009,-4.284812799990127,0.009920974201040588
6010,-4.888681113013958,0.009920974201040588
6011,-4.6429220398178845,0.009920974201040588
6012,-6.36023988701284,0.009920974201040588
6013,-4.943327762833111,0.009920974201040588
6014,-4.78527231095732,0.009920974201040588
6015,-6.375365399745576,0.009920974201040588
6016,-7.0128858843414115,0.009920974201040588
6017,-1.5796876207430808,0.009920974201040588
6018,-4.0283542678281545,0.009920974201040588
6019,-6.481012468884758,0.009920974201040588
6020,-4.286061366315569,0.009920974201040588
6021,-4.5315613591585215,0.009920974201040588
6022,-2.418595629253598,0.009920974201040588
6023,-1.5727829305546566,0.009920974201040588
6024,-5.040409470847898,0.009920974201040588
6025,-2.8032846060231864,0.009920974201040588
6026,-3.0392999570924557,0.009920974201040588
6027,-4.772087580357316,0.009920974201040588
6028,-2.84605249713891,0.009920974201040588
6029,-4.827329596392119,0.009920974201040588
6030,-2.236969069258584,0.009920974201040588
6031,-4.6106462958153305,0.009920974201040588
6032,-3.054676883705607,0.009920974201040588
6033,-3.060033507684519,0.009920974201040588
6034,-1.6066720753920565,0.009920974201040588
6035,-6.662657421297385,0.009920974201040588
6036,-6.305118484203729,0.009920974201040588
6037,-5.148442762226635,0.009920974201040588
6038,-5.203235533358707,0.009920974201040588
6039,-6.163787156378415,0.009920974201040588
6040,-6.48024716946226,0.009920974201040588
6041,-6.431234763013622,0.009920974201040588
6042,-4.4240296726391115,0.009920974201040588
6043,-5.276893490885229,0.009920974201040588
6044,-4.280160278734878,0.009920974201040588
6045,-5.212538839792314,0.009920974201040588
6046,-4.172448205061238,0.009920974201040588
6047,-4.528136071482274,0.009920974201040588
6048,-5.3584153506003,0.009920974201040588
6049,-3.8286572451188765,0.009920974201040588
6050,-7.753910479381972,0.009920974201040588
6051,-4.206518613487233,0.009920974201040588
6052,-3.0123286280727353,0.009920974201040588
6053,-5.677176905669825,0.009920974201040588
6054,-3.794199698925321,0.009920974201040588
6055,-6.111356158016978,0.009920974201040588
6056,-2.71548312719617,0.009920974201040588
6057,-4.831454901593762,0.009920974201040588
6058,-4.564020089187538,0.009920974201040588
6059,-6.737992397095252,0.009920974201040588
6060,-5.102760489330674,0.009920974201040588
6061,-6.409414039205527,0.009920974201040588
6062,-3.936012684190085,0.009920974201040588
6063,-1.5601884093787446,0.009920974201040588
6064,-4.564741536657097,0.009920974201040588
6065,-5.524167033971166,0.009920974201040588
6066,-2.0890074629893913,0.009920974201040588
6067,-2.511259935501017,0.009920974201040588
6068,-5.215059059232765,0.009920974201040588
6069,-4.196982442475534,0.009920974201040588
6070,-3.759565186149442,0.009920974201040588
6071,-6.098230137538907,0.009920974201040588
6072,-4.740131610691462,0.009920974201040588
6073,-5.117211517451603,0.009920974201040588
6074,-3.211580045003818,0.009920974201040588
6075,-2.6329886952788235,0.009920974201040588
6076,-5.6993552738322775,0.009920974201040588
6077,-4.750809777687442,0.009920974201040588
6078,-6.026180287423539,0.009920974201040588
6079,-5.105748031528419,0.009920974201040588
6080,-2.0569147688926206,0.009920974201040588
6081,-4.4533958090448955,0.009920974201040588
6082,-3.6258791168972664,0.009920974201040588
6083,-4.473327056559436,0.009920974201040588
6084,-2.51555775494317,0.009920974201040588
6085,-3.419289894147189,0.009920974201040588
6086,-2.0312469033194738,0.009920974201040588
6087,-2.622680622400055,0.009920974201040588
6088,-2.6164469255344605,0.009920974201040588
6089,-4.699380461260123,0.009920974201040588
6090,-4.663428387825608,0.009920974201040588
6091,-4.703544641439029,0.009920974201040588
6092,-4.641380048311389,0.009920974201040588
6093,-6.357927466941288,0.009920974201040588
6094,-4.672597154114308,0.009920974201040588
6095,-3.674603314195547,0.009920974201040588
6096,-3.633328821063181,0.009920974201040588
6097,-3.8844823028238924,0.009920974201040588
6098,-2.054544282822241,0.009920974201040588
6099,-3.9044499783232665,0.009920974201040588
6100,-3.7203260165621104,0.009920974201040588
6101,-3.8977034691944716,0.009920974201040588
6102,-5.267431670785722,0.009920974201040588
6103,-4.7590447691060245,0.009920974201040588
6104,-4.786768343381325,0.009920974201040588
6105,-3.645633070314096,0.009920974201040588
6106,-3.8917438556282153,0.009920974201040588
6107,-7.086137679121295,0.009920974201040588
6108,-3.95129267869463,0.009920974201040588
6109,-3.8504182933583415,0.009920974201040588
6110,-6.45910397731131,0.009920974201040588
6111,-3.718962290719435,0.009920974201040588
6112,-3.9034828849539998,0.009920974201040588
6113,-7.501863860821855,0.009920974201040588
6114,-3.968709150908128,0.009920974201040588
6115,-3.7173559533594407,0.009920974201040588
6116,-4.816731865200088,0.009920974201040588
6117,-3.7284028560312654,0.009920974201040588
6118,-4.8891847510743425,0.009920974201040588
6119,-4.8408408264545635,0.009920974201040588
6120,-3.869916934444162,0.009920974201040588
6121,-3.9174341935507946,0.009920974201040588
6122,-3.7379599762216964,0.009920974201040588
6123,-3.9084143577751957,0.009920974201040588
6124,-3.851225952673503,0.009920974201040588
6125,-3.8026896384980224,0.009920974201040588
6126,-4.053268958182664,0.009920974201040588
6127,-3.7526276893972748,0.009920974201040588
6128,-3.8690485215324335,0.009920974201040588
6129,-5.472315803180151,0.009920974201040588
6130,-4.844833029497927,0.009920974201040588
6131,-5.860780186922574,0.009920974201040588
6132,-3.9459099038224177,0.009920974201040588
6133,-7.224956294691445,0.009920974201040588
6134,-4.112762279955717,0.009920974201040588
6135,-4.11792977361296,0.009920974201040588
6136,-7.775734189373189,0.009920974201040588
6137,-7.5100623934691,0.009920974201040588
6138,-4.127914399368846,0.009920974201040588
6139,-4.1274747093587365,0.009920974201040588
6140,-4.97678177518504,0.009920974201040588
6141,-4.738372736147008,0.009920974201040588
6142,-5.231790892143826,0.009920974201040588
6143,-4.419697414860336,0.009920974201040588
6144,-5.137419289691257,0.009920974201040588
6145,-3.67594193436988,0.009920974201040588
6146,-2.42289291294322,0.009920974201040588
6147,-6.137221398808135,0.009920974201040588
6148,-2.044323115001276,0.009920974201040588
6149,-5.532922132884708,0.009920974201040588
6150,-5.219103036972056,0.009920974201040588
6151,-4.510629074656716,0.009920974201040588
6152,-4.240895951592471,0.009920974201040588
6153,-2.8801630981964275,0.009920974201040588
6154,-4.5019228521824735,0.009920974201040588
6155,-5.6683458327008225,0.009920974201040588
6156,-6.444727667960459,0.009920974201040588
6157,-2.273587660441365,0.009920974201040588
6158,-5.363861081645997,0.009920974201040588
6159,-6.640498178534839,0.009920974201040588
6160,-2.414504415970291,0.009920974201040588
6161,-2.471705404001712,0.009920974201040588
6162,-4.40006327556822,0.009920974201040588
6163,-5.914534614828803,0.009920974201040588
6164,-4.456798747023475,0.009920974201040588
6165,-3.1513150827864225,0.009920974201040588
6166,-4.8746790747350754,0.009920974201040588
6167,-5.692076009299326,0.009920974201040588
6168,-4.583292432768003,0.009920974201040588
6169,-5.4455383629679766,0.009920974201040588
6170,-6.64091285095596,0.009920974201040588
6171,-3.994498126973179,0.009920974201040588
6172,-6.3905777452373425,0.009920974201040588
6173,-5.759300712266995,0.009920974201040588
6174,-5.404066495319219,0.009920974201040588
6175,-6.328241001634417,0.009920974201040588
6176,-5.235309457207381,0.009920974201040588
6177,-5.099750918180094,0.009920974201040588
6178,-6.063483963431349,0.009920974201040588
6179,-4.814555183772978,0.009920974201040588
6180,-5.426723599254911,0.009920974201040588
6181,-6.306914760447636,0.009920974201040588
6182,-6.755109140994086,0.009920974201040588
6183,-4.540458930055717,0.009920974201040588
6184,-6.005359958478683,0.009920974201040588
6185,-6.440523225420968,0.009920974201040588
6186,-4.372115360403033,0.009920974201040588
6187,-5.395763406797988,0.009920974201040588
6188,-3.394270807677236,0.009920974201040588
6189,-5.99050497006048,0.009920974201040588
6190,-2.984215757577971,0.009920974201040588
6191,-3.4300621089551635,0.009920974201040588
6192,-2.889786052296164,0.009920974201040588
6193,-7.430835387930056,0.009920974201040588
6194,-5.365983959831487,0.009920974201040588
6195,-2.552526171424577,0.009920974201040588
6196,-3.5506644797090985,0.009920974201040588
6197,-5.012481319940336,0.009920974201040588
6198,-4.1261967115818745,0.009920974201040588
6199,-6.839590140513771,0.009920974201040588
6200,-4.446791839689368,0.009920974201040588
6201,-5.2521400653000665,0.009920974201040588
6202,-5.744130242221315,0.009920974201040588
6203,-2.013906443453347,0.009920974201040588
6204,-5.123234592760415,0.009920974201040588
6205,-2.3263833131617013,0.009920974201040588
6206,-5.311889402035041,0.009920974201040588
6207,-6.948842152727096,0.009920974201040588
6208,-5.474881500989637,0.009920974201040588
6209,-5.203731912414508,0.009920974201040588
6210,-4.705358911271518,0.009920974201040588
6211,-8.661255472709513,0.009920974201040588
6212,-4.627524989019128,0.009920974201040588
6213,-6.198011705553871,0.009920974201040588
6214,-4.419845880308385,0.009920974201040588
6215,-6.543780253118962,0.009920974201040588
6216,-4.828232190142543,0.009920974201040588
6217,-6.430934456427967,0.009920974201040588
6218,-2.4755142528590834,0.009920974201040588
6219,-2.2804320821352535,0.009920974201040588
6220,-5.546106508823824,0.009920974201040588
6221,-4.443505031698548,0.009920974201040588
6222,-4.8420658897513045,0.009920974201040588
6223,-4.405654190479695,0.009920974201040588
6224,-5.085152363613596,0.009920974201040588
6225,-2.3971530950332665,0.009920974201040588
6226,-6.385039204235375,0.009920974201040588
6227,-2.9397732622755535,0.009920974201040588
6228,-6.466964566355882,0.009920974201040588
6229,-5.027669091986544,0.009920974201040588
6230,-4.559724444761061,0.009920974201040588
6231,-5.6215463902099865,0.009920974201040588
6232,-5.789827831388752,0.009920974201040588
6233,-4.602591411538886,0.009920974201040588
6234,-2.7342416955295286,0.009920974201040588
6235,-2.5800733024219635,0.009920974201040588
6236,-6.3172660900707935,0.009920974201040588
6237,-5.0949338409633445,0.009920974201040588
6238,-4.240365683994272,0.009920974201040588
6239,-2.584925034216932,0.009920974201040588
6240,-4.6716104246485175,0.009920974201040588
6241,-5.3363745765836335,0.009920974201040588
6242,-4.953303862053295,0.009920974201040588
6243,-5.639783464115174,0.009920974201040588
6244,-3.8054322271384704,0.009920974201040588
6245,-6.1586525425990075,0.009920974201040588
6246,-4.790959795667558,0.009920974201040588
6247,-2.528925139751501,0.009920974201040588
6248,-3.812174217100792,0.009920974201040588
6249,-7.463459457191876,0.009920974201040588
6250,-5.090521202921735,0.009920974201040588
6251,-4.16400135196324,0.009920974201040588
6252,-5.524676981181553,0.009920974201040588
6253,-5.749214682459648,0.009920974201040588
6254,-2.2898716480540573,0.009920974201040588
6255,-2.1603403090954525,0.009920974201040588
6256,-6.135300255920061,0.009920974201040588
6257,-5.889160035205437,0.009920974201040588
6258,-3.9241597897178018,0.009920974201040588
6259,-3.2054582254745903,0.009920974201040588
6260,-4.386907052849468,0.009920974201040588
6261,-4.640889118591734,0.009920974201040588
6262,-4.4488219449470865,0.009920974201040588
6263,-4.869833097110092,0.009920974201040588
6264,-3.7029279027323856,0.009920974201040588
6265,-5.756902389050818,0.009920974201040588
6266,-1.7419155933875805,0.009920974201040588
6267,-6.5900116972557345,0.009920974201040588
6268,-6.1375303179119785,0.009920974201040588
6269,-7.180136862616875,0.009920974201040588
6270,-3.828320887377582,0.009920974201040588
6271,-4.665924439967965,0.009920974201040588
6272,-1.994560464637513,0.009920974201040588
6273,-1.4717039793439195,0.009920974201040588
6274,-2.3582241503571364,0.009920974201040588
6275,-5.197492863073972,0.009920974201040588
6276,-1.6799463306866758,0.009920974201040588
6277,-1.7185760414495301,0.009920974201040588
6278,-1.6957892168085946,0.009920974201040588
6279,-1.7281073966851905,0.009920974201040588
6280,-1.7187300453365055,0.009920974201040588
6281,-3.6146345670348405,0.009920974201040588
6282,-4.661401187499279,0.009920974201040588
6283,-4.391563390252516,0.009920974201040588
6284,-3.3109763316542553,0.009920974201040588
6285,-1.7181752636946102,0.009920974201040588
6286,-1.7094419327265205,0.009920974201040588
6287,-1.7156971315324163,0.009920974201040588
6288,-4.433595547039425,0.009920974201040588
6289,-3.3236174794321087,0.009920974201040588
6290,-3.340873281286041,0.009920974201040588
6291,-5.140321395665388,0.009920974201040588
6292,-3.310911729046256,0.009920974201040588
6293,-2.5874393919194043,0.009920974201040588
6294,-5.6303886762335305,0.009920974201040588
6295,-5.840097655224486,0.009920974201040588
6296,-4.481772694690385,0.009920974201040588
6297,-4.834434666349873,0.009920974201040588
6298,-2.6072658029507165,0.009920974201040588
6299,-4.043335756143943,0.009920974201040588
6300,-4.8531345401765185,0.009920974201040588
6301,-3.4057991273706234,0.009920974201040588
6302,-5.3148539278002005,0.009920974201040588
6303,-3.287791044646017,0.009920974201040588
6304,-3.3890569369184895,0.009920974201040588
6305,-4.367149115166692,0.009920974201040588
6306,-6.392520023007441,0.009920974201040588
6307,-4.84278014323572,0.009920974201040588
6308,-3.4000848516327253,0.009920974201040588
6309,-4.88886253419142,0.009920974201040588
6310,-6.420855525773923,0.009920974201040588
6311,-4.945479837559189,0.009920974201040588
6312,-4.600488197185706,0.009920974201040588
6313,-4.679640756554616,0.009920974201040588
6314,-4.918359142014028,0.009920974201040588
6315,-4.892883615681434,0.009920974201040588
6316,-6.164181563956873,0.009920974201040588
6317,-5.017092791014289,0.009920974201040588
6318,-5.030345783795467,0.009920974201040588
6319,-5.007370245400265,0.009920974201040588
6320,-6.399670051097964,0.009920974201040588
6321,-5.510270559324203,0.009920974201040588
6322,-5.855407842047999,0.009920974201040588
6323,-4.976015785683763,0.009920974201040588
6324,-4.654595624357299,0.009920974201040588
6325,-3.4330133456229475,0.009920974201040588
6326,-5.770141349789508,0.009920974201040588
6327,-3.585546778802777,0.009920974201040588
6328,-5.4121298466755485,0.009920974201040588
6329,-3.4930948132818793,0.009920974201040588
6330,-4.7479464410513765,0.009920974201040588
6331,-6.833615727816964,0.009920974201040588
6332,-5.732115023989781,0.009920974201040588
6333,-4.443954822658744,0.009920974201040588
6334,-4.5005879831350954,0.009920974201040588
6335,-3.5507140253327116,0.009920974201040588
6336,-4.987930765715015,0.009920974201040588
6337,-6.167428198636109,0.009920974201040588
6338,-3.5744812093975353,0.009920974201040588
6339,-2.7300900441329694,0.009920974201040588
6340,-3.38526549814481,0.009920974201040588
6341,-2.259418288258124,0.009920974201040588
6342,-4.780371635339096,0.009920974201040588
6343,-4.619817100552968,0.009920974201040588
6344,-2.46378012841007,0.009920974201040588
6345,-4.0244641772458,0.009920974201040588
6346,-2.423798369100809,0.009920974201040588
6347,-2.553188997188009,0.009920974201040588
6348,-5.3931109436148095,0.009920974201040588
6349,-5.258247564868243,0.009920974201040588
6350,-2.7884229739372017,0.009920974201040588
6351,-2.2773023220472006,0.009920974201040588
6352,-5.141250140588005,0.009920974201040588
6353,-4.866579095039125,0.009920974201040588
6354,-6.285011256685433,0.009920974201040588
6355,-1.4814090657891679,0.009920974201040588
6356,-2.9722828229842557,0.009920974201040588
6357,-6.170152476779437,0.009920974201040588
6358,-5.5698207593824165,0.009920974201040588
6359,-2.129779273657034,0.009920974201040588
6360,-4.381772335121509,0.009920974201040588
6361,-3.299092720259311,0.009920974201040588
6362,-1.8082269247016294,0.009920974201040588
6363,-3.633078491631535,0.009920974201040588
6364,-5.1531888027665165,0.009920974201040588
6365,-5.512929281558541,0.009920974201040588
6366,-2.0733853568817944,0.009920974201040588
6367,-5.125642352175584,0.009920974201040588
6368,-4.032517272513308,0.009920974201040588
6369,-4.934820747902363,0.009920974201040588
6370,-3.07832876650311,0.009920974201040588
6371,-2.178363428327048,0.009920974201040588
6372,-4.863013279335755,0.009920974201040588
6373,-4.8944772441805915,0.009920974201040588
6374,-4.472156198963033,0.009920974201040588
6375,-3.6712036890605426,0.009920974201040588
6376,-1.3092757293872446,0.009920974201040588
6377,-6.909761538380495,0.009920974201040588
6378,-4.082983923326441,0.009920974201040588
6379,-3.013095063617076,0.009920974201040588
6380,-4.187833194331793,0.009920974201040588
6381,-2.291891301612453,0.009920974201040588
6382,-4.040696734584834,0.009920974201040588
6383,-4.762174102634262,0.009920974201040588
6384,-4.110740679795561,0.009920974201040588
6385,-2.354917195249329,0.009920974201040588
6386,-2.3542958489389747,0.009920974201040588
6387,-6.057251712573113,0.009920974201040588
6388,-4.949392904259588,0.009920974201040588
6389,-6.083500627725092,0.009920974201040588
6390,-5.8197129884693535,0.009920974201040588
6391,-5.909159758013706,0.009920974201040588
6392,-4.545320904445385,0.009920974201040588
6393,-4.747176826853704,0.009920974201040588
6394,-5.361161383006836,0.009920974201040588
6395,-2.9080166962489415,0.009920974201040588
6396,-3.9667573895968484,0.009920974201040588
6397,-3.9096554712526173,0.009920974201040588
6398,-6.116776718133133,0.009920974201040588
6399,-5.982973929470873,0.009920974201040588
6400,-6.356334360175714,0.009920974201040588
6401,-6.338845273550319,0.009920974201040588
6402,-4.548880287771013,0.009920974201040588
6403,-5.452032863612958,0.009920974201040588
6404,-5.765244747509682,0.009920974201040588
6405,-5.048602375551679,0.009920974201040588
6406,-6.029765340367604,0.009920974201040588
6407,-4.959750798668052,0.009920974201040588
6408,-2.3780709701367546,0.009920974201040588
6409,-6.321436246542368,0.009920974201040588
6410,-7.4305641707303565,0.009920974201040588
6411,-6.705138168866065,0.009920974201040588
6412,-5.648886034825178,0.009920974201040588
6413,-5.11371796725488,0.009920974201040588
6414,-4.707894201002424,0.009920974201040588
6415,-5.160233149076491,0.009920974201040588
6416,-5.0398614263582235,0.009920974201040588
6417,-4.9688029622203675,0.009920974201040588
6418,-4.411388336948043,0.009920974201040588
6419,-5.1976407340481305,0.009920974201040588
6420,-4.865943117183469,0.009920974201040588
6421,-5.613955830651765,0.009920974201040588
6422,-5.654071861754772,0.009920974201040588
6423,-3.9203517798563396,0.009920974201040588
6424,-4.896756882493052,0.009920974201040588
6425,-5.039189209269741,0.009920974201040588
6426,-4.671955809214051,0.009920974201040588
6427,-5.20566539477854,0.009920974201040588
6428,-4.105167858293078,0.009920974201040588
6429,-5.730653564604362,0.009920974201040588
6430,-6.358877223099656,0.009920974201040588
6431,-4.719490364217389,0.009920974201040588
6432,-6.827549449015335,0.009920974201040588
6433,-5.10892417388237,0.009920974201040588
6434,-5.680958992791072,0.009920974201040588
6435,-4.753293339064129,0.009920974201040588
6436,-6.841638731660046,0.009920974201040588
6437,-5.410633698376714,0.009920974201040588
6438,-2.7300900441329694,0.009920974201040588
6439,-6.190904730955778,0.009920974201040588
6440,-2.259418288258124,0.009920974201040588
6441,-4.952621495393054,0.009920974201040588
6442,-6.071957277546987,0.009920974201040588
6443,-2.339410039191256,0.009920974201040588
6444,-4.119410894408368,0.009920974201040588
6445,-2.145811531894942,0.009920974201040588
6446,-5.7696071767331745,0.009920974201040588
6447,-2.3243978058943116,0.009920974201040588
6448,-4.151654322784718,0.009920974201040588
6449,-2.8309752305234546,0.009920974201040588
6450,-2.201929946770388,0.009920974201040588
6451,-4.157347715882448,0.009920974201040588
6452,-4.114380959174643,0.009920974201040588
6453,-5.695866909512459,0.009920974201040588
6454,-4.044830210268723,0.009920974201040588
6455,-4.338278222644071,0.009920974201040588
6456,-5.385335301005583,0.009920974201040588
6457,-5.5698207593824165,0.009920974201040588
6458,-2.129779273657034,0.009920974201040588
6459,-2.490249994460005,0.009920974201040588
6460,-3.299092720259311,0.009920974201040588
6461,-1.8082269247016294,0.009920974201040588
6462,-3.633078491631535,0.009920974201040588
6463,-5.1531888027665165,0.009920974201040588
6464,-5.0340278054141185,0.009920974201040588
6465,-2.0733853568817944,0.009920974201040588
6466,-5.125642352175584,0.009920974201040588
6467,-4.032517272513308,0.009920974201040588
6468,-4.934820747902363,0.009920974201040588
6469,-3.07832876650311,0.009920974201040588
6470,-1.5390593942660356,0.009920974201040588
6471,-4.863013279335755,0.009920974201040588
6472,-4.824635864012491,0.009920974201040588
6473,-2.4589280805506,0.009920974201040588
6474,-3.407135516044558,0.009920974201040588
6475,-1.2552520308837174,0.009920974201040588
6476,-3.231925228962705,0.009920974201040588
6477,-5.277466508716897,0.009920974201040588
6478,-4.822838979728152,0.009920974201040588
6479,-6.396579089110146,0.009920974201040588
6480,-2.291891301612453,0.009920974201040588
6481,-5.344404101817022,0.009920974201040588
6482,-2.332652467602379,0.009920974201040588
6483,-2.9411371732792153,0.009920974201040588
6484,-2.354917195249329,0.009920974201040588
6485,-2.3542958489389747,0.009920974201040588
6486,-5.0051612709544315,0.009920974201040588
6487,-5.587421020959426,0.009920974201040588
6488,-5.101896912469512,0.009920974201040588
6489,-5.033022554933153,0.009920974201040588
6490,-4.285831028516224,0.009920974201040588
6491,-4.956049754154607,0.009920974201040588
6492,-6.565506112844691,0.009920974201040588
6493,-4.4885634755269574,0.009920974201040588
6494,-2.0750823550638837,0.009920974201040588
6495,-3.7530968957832607,0.009920974201040588
6496,-4.545125512995156,0.009920974201040588
6497,-5.6136430937000625,0.009920974201040588
6498,-3.463910556949251,0.009920974201040588
6499,-5.074590539964261,0.009920974201040588
6500,-4.230131984043858,0.009920974201040588
6501,-4.866785369727594,0.009920974201040588
6502,-4.665605867020861,0.009920974201040588
6503,-3.37475033495609,0.009920974201040588
6504,-4.912135467565834,0.009920974201040588
6505,-6.023669747697484,0.009920974201040588
6506,-4.167906509738483,0.009920974201040588
6507,-2.3780709701367546,0.009920974201040588
6508,-5.053027466320606,0.009920974201040588
6509,-5.032171103442357,0.009920974201040588
6510,-5.470458000186168,0.009920974201040588
6511,-2.8814887419246595,0.009920974201040588
6512,-5.183939194814642,0.009920974201040588
6513,-4.12288842487162,0.009920974201040588
6514,-5.5325614237204235,0.009920974201040588
6515,-4.306357807612876,0.009920974201040588
6516,-5.0229495389061825,0.009920974201040588
6517,-5.082221210032064,0.009920974201040588
6518,-5.148875992687184,0.009920974201040588
6519,-3.417480295334326,0.009920974201040588
6520,-5.63986802064713,0.009920974201040588
6521,-5.542312781236791,0.009920974201040588
6522,-5.064517059579768,0.009920974201040588
6523,-4.026389716420979,0.009920974201040588
6524,-5.7535710088512495,0.009920974201040588
6525,-7.136872924331423,0.009920974201040588
6526,-5.238222326149719,0.009920974201040588
6527,-4.737619356806315,0.009920974201040588
6528,-4.186914677302237,0.009920974201040588
6529,-5.791251913523917,0.009920974201040588
6530,-4.23054775874336,0.009920974201040588
6531,-4.547553523826975,0.009920974201040588
6532,-5.890325732407472,0.009920974201040588
6533,-5.7568958086316115,0.009920974201040588
6534,-3.78503987927592,0.009920974201040588
6535,-3.6754309000563166,0.009920974201040588
6536,-7.442251295928415,0.009920974201040588
6537,-2.268692106494541,0.009920974201040588
6538,-3.5489049304169162,0.009920974201040588
6539,-2.2725996860726188,0.009920974201040588
6540,-5.224093846168479,0.009920974201040588
6541,-2.6011026515194753,0.009920974201040588
6542,-1.692855840260416,0.009920974201040588
6543,-4.4233829708140675,0.009920974201040588
6544,-1.5832107281113457,0.009920974201040588
6545,-2.4803049014900798,0.009920974201040588
6546,-4.736789978565394,0.009920974201040588
6547,-5.358786702917497,0.009920974201040588
6548,-3.1052537734723473,0.009920974201040588
6549,-1.8024435999620085,0.009920974201040588
6550,-3.2890482259399296,0.009920974201040588
6551,-2.391750823055173,0.009920974201040588
6552,-1.825724018892784,0.009920974201040588
6553,-1.7984935479646953,0.009920974201040588
6554,-3.522880903935745,0.009920974201040588
6555,-6.785353856983187,0.009920974201040588
6556,-2.579359870413631,0.009920974201040588
6557,-4.613075637448025,0.009920974201040588
6558,-5.130652181207406,0.009920974201040588
6559,-2.455540855963467,0.009920974201040588
6560,-3.51116272873607,0.009920974201040588
6561,-4.998407391766817,0.009920974201040588
6562,-3.7352585402897303,0.009920974201040588
6563,-3.141983621793935,0.009920974201040588
6564,-6.150702648571478,0.009920974201040588
6565,-4.6777667072938405,0.009920974201040588
6566,-6.005095677579378,0.009920974201040588
6567,-4.630013815487395,0.009920974201040588
6568,-4.015739316579632,0.009920974201040588
6569,-6.162485562033677,0.009920974201040588
6570,-5.102220928187738,0.009920974201040588
6571,-3.1999457577616965,0.009920974201040588
6572,-7.591402909815914,0.009920974201040588
6573,-4.840092266613908,0.009920974201040588
6574,-3.4483082030424113,0.009920974201040588
6575,-4.5916687091762975,0.009920974201040588
6576,-4.624443118971041,0.009920974201040588
6577,-5.116033337894754,0.009920974201040588
6578,-3.9645724462930327,0.009920974201040588
6579,-2.2578274373428715,0.009920974201040588
6580,-2.5911873907968763,0.009920974201040588
6581,-4.202241423502623,0.009920974201040588
6582,-4.246366738760897,0.009920974201040588
6583,-3.1129700642573885,0.009920974201040588
6584,-2.1624568788647025,0.009920974201040588
6585,-5.748288115724311,0.009920974201040588
6586,-4.003311592379926,0.009920974201040588
6587,-4.0586648941722725,0.009920974201040588
6588,-4.661762945113308,0.009920974201040588
6589,-3.874631222300124,0.009920974201040588
6590,-6.496030632932766,0.009920974201040588
6591,-5.420707809733434,0.009920974201040588
6592,-4.602726473059376,0.009920974201040588
6593,-4.99581626481028,0.009920974201040588
6594,-5.351126477309222,0.009920974201040588
6595,-5.053885043056186,0.009920974201040588
6596,-1.7038411147246453,0.009920974201040588
6597,-6.108732977526681,0.009920974201040588
6598,-6.917906787451152,0.009920974201040588
6599,-5.339633344731438,0.009920974201040588
6600,-3.950745185865154,0.009920974201040588
6601,-2.6960987328000012,0.009920974201040588
6602,-4.085400821331467,0.009920974201040588
6603,-6.1798014576578915,0.009920974201040588
6604,-2.7813248665027555,0.009920974201040588
6605,-6.4223869392777555,0.009920974201040588
6606,-5.731882653980085,0.009920974201040588
6607,-2.781935438210089,0.009920974201040588
6608,-5.560389768946592,0.009920974201040588
6609,-4.116188803868923,0.009920974201040588
6610,-6.292475235789217,0.009920974201040588
6611,-2.1462851442585476,0.009920974201040588
6612,-7.35436381260172,0.009920974201040588
6613,-2.168808931313123,0.009920974201040588
6614,-3.9162741466497324,0.009920974201040588
6615,-4.443027897006954,0.009920974201040588
6616,-4.984976440708696,0.009920974201040588
6617,-6.5574559411179365,0.009920974201040588
6618,-7.414108132354962,0.009920974201040588
6619,-4.906836877721236,0.009920974201040588
6620,-5.2027095488474195,0.009920974201040588
6621,-2.194488715619955,0.009920974201040588
6622,-4.624687280108504,0.009920974201040588
6623,-5.05401353423627,0.009920974201040588
6624,-4.062649107384148,0.009920974201040588
6625,-3.9135661820388297,0.009920974201040588
6626,-6.941450685587452,0.009920974201040588
6627,-5.377295099356326,0.009920974201040588
6628,-4.793734514128518,0.009920974201040588
6629,-5.2908791908090045,0.009920974201040588
6630,-6.286536287279393,0.009920974201040588
6631,-4.5429567647350675,0.009920974201040588
6632,-4.126122841128934,0.009920974201040588
6633,-4.828402124602858,0.009920974201040588
6634,-5.15350972712527,0.009920974201040588
6635,-6.308433763728626,0.009920974201040588
6636,-3.6223779458968797,0.009920974201040588
6637,-7.127933569069665,0.009920974201040588
6638,-4.890639495372748,0.009920974201040588
6639,-2.5390446927566352,0.009920974201040588
6640,-6.829677270963429,0.009920974201040588
6641,-5.172905910559573,0.009920974201040588
6642,-2.968799172142884,0.009920974201040588
6643,-1.8090584639238823,0.009920974201040588
6644,-3.5927807028337204,0.009920974201040588
6645,-5.380263127400916,0.009920974201040588
6646,-5.5767427588000835,0.009920974201040588
6647,-2.5943825084557943,0.009920974201040588
6648,-2.7838922423890775,0.009920974201040588
6649,-3.284147349409718,0.009920974201040588
6650,-4.450745971888857,0.009920974201040588
6651,-3.827925080189157,0.009920974201040588
6652,-2.743047087939283,0.009920974201040588
6653,-4.301389723013136,0.009920974201040588
6654,-5.353473392918384,0.009920974201040588
6655,-2.305751179309826,0.009920974201040588
6656,-6.076009458083256,0.009920974201040588
6657,-3.8311313840595926,0.009920974201040588
6658,-5.657600654024428,0.009920974201040588
6659,-5.983033815966607,0.009920974201040588
6660,-5.2464836102273456,0.009920974201040588
6661,-2.0591936378544826,0.009920974201040588
6662,-6.061047557623413,0.009920974201040588
6663,-2.0530475184679737,0.009920974201040588
6664,-4.661993053595461,0.009920974201040588
6665,-4.672390055403105,0.009920974201040588
6666,-4.206388669351796,0.009920974201040588
6667,-4.209582213715918,0.009920974201040588
6668,-5.384740583773187,0.009920974201040588
6669,-2.332399683074743,0.009920974201040588
6670,-2.3396890848576697,0.009920974201040588
6671,-4.735391414426615,0.009920974201040588
6672,-4.266384323229728,0.009920974201040588
6673,-5.336571688311357,0.009920974201040588
6674,-2.378302353775447,0.009920974201040588
6675,-4.841727931510939,0.009920974201040588
6676,-5.306555732345741,0.009920974201040588
6677,-4.073812372181721,0.009920974201040588
6678,-4.089157935115038,0.009920974201040588
6679,-3.9319533156273447,0.009920974201040588
6680,-5.92283748573044,0.009920974201040588
6681,-3.9769836648285994,0.009920974201040588
6682,-5.689746053718093,0.009920974201040588
6683,-2.386766610038205,0.009920974201040588
6684,-5.738174258739144,0.009920974201040588
6685,-4.982068277904373,0.009920974201040588
6686,-7.093051476391713,0.009920974201040588
6687,-5.317825361607743,0.009920974201040588
6688,-4.357604423085641,0.009920974201040588
6689,-4.233968059546673,0.009920974201040588
6690,-4.276894364901116,0.009920974201040588
6691,-5.5608706572936075,0.009920974201040588
6692,-4.260034757234363,0.009920974201040588
6693,-4.223901310025548,0.009920974201040588
6694,-4.98831331233796,0.009920974201040588
6695,-4.384786970587346,0.009920974201040588
6696,-4.098586337693531,0.009920974201040588
6697,-4.308746379277585,0.009920974201040588
6698,-4.250976676903996,0.009920974201040588
6699,-6.097468833662427,0.009920974201040588
6700,-5.966454011606509,0.009920974201040588
6701,-4.186030427915283,0.009920974201040588
6702,-4.149510530257265,0.009920974201040588
6703,-5.015081638879583,0.009920974201040588
6704,-5.61870634820847,0.009920974201040588
6705,-5.674648377384095,0.009920974201040588
6706,-4.707289932809159,0.009920974201040588
6707,-5.845932664584229,0.009920974201040588
6708,-5.635904530024934,0.009920974201040588
6709,-4.264032799728465,0.009920974201040588
6710,-5.878723317623665,0.009920974201040588
6711,-6.56978191075439,0.009920974201040588
6712,-5.058127383307845,0.009920974201040588
6713,-4.338700984287472,0.009920974201040588
6714,-5.815512736369276,0.009920974201040588
6715,-5.412474052168232,0.009920974201040588
6716,-4.785747298069808,0.009920974201040588
6717,-5.550141110319945,0.009920974201040588
6718,-6.233333333310162,0.009920974201040588
6719,-6.946791220026495,0.009920974201040588
6720,-4.530161420867116,0.009920974201040588
6721,-5.423576817424937,0.009920974201040588
6722,-7.043962985662278,0.009920974201040588
6723,-5.581060633512357,0.009920974201040588
6724,-7.581664607615201,0.009920974201040588
6725,-5.06132511205588,0.009920974201040588
6726,-4.275713148338946,0.009920974201040588
6727,-5.274374212500581,0.009920974201040588
6728,-6.28589759626804,0.009920974201040588
6729,-5.069667079168396,0.009920974201040588
6730,-5.616294760783294,0.009920974201040588
6731,-4.44411362111267,0.009920974201040588
6732,-5.56936308431455,0.009920974201040588
6733,-6.500048293239656,0.009920974201040588
6734,-6.319930504484975,0.009920974201040588
6735,-7.158050342403941,0.009920974201040588
6736,-2.2170322424568814,0.009920974201040588
6737,-2.5390446927566352,0.009920974201040588
6738,-4.874004636363712,0.009920974201040588
6739,-2.2165946578587152,0.009920974201040588
6740,-2.6818557209575893,0.009920974201040588
6741,-4.343533370814592,0.009920974201040588
6742,-1.971892439196743,0.009920974201040588
6743,-5.346694358555823,0.009920974201040588
6744,-3.871466267085097,0.009920974201040588
6745,-2.6392177078196024,0.009920974201040588
6746,-5.149019128426687,0.009920974201040588
6747,-3.176586781273871,0.009920974201040588
6748,-3.881372409270414,0.009920974201040588
6749,-3.6293468078420403,0.009920974201040588
6750,-3.627624062106366,0.009920974201040588
6751,-5.0774650465482996,0.009920974201040588
6752,-5.390174099842071,0.009920974201040588
6753,-2.4217409650242727,0.009920974201040588
6754,-5.976352849064592,0.009920974201040588
6755,-4.259048597299167,0.009920974201040588
6756,-3.10993340063642,0.009920974201040588
6757,-5.623185155724746,0.009920974201040588
6758,-5.218248466888438,0.009920974201040588
6759,-4.144939958117642,0.009920974201040588
6760,-5.676573358201963,0.009920974201040588
6761,-4.302390309035474,0.009920974201040588
6762,-4.685825589923683,0.009920974201040588
6763,-4.666841433952691,0.009920974201040588
6764,-4.178645562099723,0.009920974201040588
6765,-5.28275899576717,0.009920974201040588
6766,-4.056173389093912,0.009920974201040588
6767,-2.332399683074743,0.009920974201040588
6768,-2.3396890848576697,0.009920974201040588
6769,-5.08442013045548,0.009920974201040588
6770,-4.173907299056153,0.009920974201040588
6771,-5.2798016357085675,0.009920974201040588
6772,-4.050696756359271,0.009920974201040588
6773,-4.24030164285642,0.009920974201040588
6774,-5.114439847124695,0.009920974201040588
6775,-7.475527496047913,0.009920974201040588
6776,-4.126148744784468,0.009920974201040588
6777,-2.3256223007267036,0.009920974201040588
6778,-6.877545267549427,0.009920974201040588
6779,-4.389438554220652,0.009920974201040588
6780,-5.030455940103654,0.009920974201040588
6781,-5.813224730366927,0.009920974201040588
6782,-4.221028732008104,0.009920974201040588
6783,-4.190304826789163,0.009920974201040588
6784,-4.288808847253916,0.009920974201040588
6785,-4.2291526066787215,0.009920974201040588
6786,-4.394595232755071,0.009920974201040588
6787,-4.270958869216104,0.009920974201040588
6788,-4.270683239527598,0.009920974201040588
6789,-4.352428056602766,0.009920974201040588
6790,-4.32861350900537,0.009920974201040588
6791,-4.4040611933206435,0.009920974201040588
6792,-4.054424684459043,0.009920974201040588
6793,-5.922087445566717,0.009920974201040588
6794,-4.098586337693531,0.009920974201040588
6795,-5.4167071225852474,0.009920974201040588
6796,-4.250976676903996,0.009920974201040588
6797,-5.125318871496076,0.009920974201040588
6798,-5.931925524840981,0.009920974201040588
6799,-5.351556664573495,0.009920974201040588
6800,-4.11868485553274,0.009920974201040588
6801,-4.262490361495409,0.009920974201040588
6802,-5.130890882576803,0.009920974201040588
6803,-5.030793359853019,0.009920974201040588
6804,-6.976539152208998,0.009920974201040588
6805,-4.897874763180521,0.009920974201040588
6806,-4.160413670491825,0.009920974201040588
6807,-4.186968612917153,0.009920974201040588
6808,-4.465854334549796,0.009920974201040588
6809,-4.644204605507225,0.009920974201040588
6810,-5.36121264215519,0.009920974201040588
6811,-4.33561841681502,0.009920974201040588
6812,-5.585732603914552,0.009920974201040588
6813,-4.644416339954534,0.009920974201040588
6814,-6.844192614502325,0.009920974201040588
6815,-4.897671967478823,0.009920974201040588
6816,-4.2267534215350775,0.009920974201040588
6817,-4.573986328638382,0.009920974201040588
6818,-3.9644656104420397,0.009920974201040588
6819,-4.478748919459358,0.009920974201040588
6820,-6.689653512304867,0.009920974201040588
6821,-6.326107607000846,0.009920974201040588
6822,-5.3532823074594145,0.009920974201040588
6823,-4.488512349632268,0.009920974201040588
6824,-4.831179402798313,0.009920974201040588
6825,-7.089106329219232,0.009920974201040588
6826,-5.822059486221091,0.009920974201040588
6827,-6.865793177977554,0.009920974201040588
6828,-6.56057155888406,0.009920974201040588
6829,-2.5488018294492756,0.009920974201040588
6830,-2.9500396415088392,0.009920974201040588
6831,-5.709470599644167,0.009920974201040588
6832,-5.486204048492436,0.009920974201040588
6833,-2.966742501733862,0.009920974201040588
6834,-5.171629250337883,0.009920974201040588
6835,-2.547101569350219,0.009920974201040588
6836,-5.144157349997474,0.009920974201040588
6837,-5.444608801123483,0.009920974201040588
6838,-4.765621494052482,0.009920974201040588
6839,-2.847904085158476,0.009920974201040588
6840,-2.597533456512186,0.009920974201040588
6841,-2.1204775413581105,0.009920974201040588
6842,-7.826767203553082,0.009920974201040588
6843,-5.75409169132761,0.009920974201040588
6844,-6.812914794146205,0.009920974201040588
6845,-4.198912554959361,0.009920974201040588
6846,-4.3750491937052,0.009920974201040588
6847,-5.396140421577308,0.009920974201040588
6848,-5.3328207762067725,0.009920974201040588
6849,-2.027146305059345,0.009920974201040588
6850,-3.0591894152457453,0.009920974201040588
6851,-3.8532035411776393,0.009920974201040588
6852,-3.9685953546199566,0.009920974201040588
6853,-4.074935034232661,0.009920974201040588
6854,-5.00233930255091,0.009920974201040588
6855,-6.022976539608071,0.009920974201040588
6856,-5.952323664026876,0.009920974201040588
6857,-5.36868061856107,0.009920974201040588
6858,-1.967379605972818,0.009920974201040588
6859,-6.028903580480016,0.009920974201040588
6860,-4.064717536530213,0.009920974201040588
6861,-4.142142447275194,0.009920974201040588
6862,-4.486674338266555,0.009920974201040588
6863,-5.327118529882724,0.009920974201040588
6864,-5.047762147293988,0.009920974201040588
6865,-4.526233726046498,0.009920974201040588
6866,-3.1374533924339225,0.009920974201040588
6867,-1.6465047369006465,0.009920974201040588
6868,-1.6934762184948235,0.009920974201040588
6869,-6.396995850151519,0.009920974201040588
6870,-4.871617750940425,0.009920974201040588
6871,-2.7941487056265792,0.009920974201040588
6872,-4.958342148923862,0.009920974201040588
6873,-6.666571343671183,0.009920974201040588
6874,-1.6799060993520432,0.009920974201040588
6875,-2.7810184326516687,0.009920974201040588
6876,-4.570502890507529,0.009920974201040588
6877,-4.808947595940269,0.009920974201040588
6878,-1.6978157092686015,0.009920974201040588
6879,-5.070228054392089,0.009920974201040588
6880,-5.0344081186657075,0.009920974201040588
6881,-2.807414357233073,0.009920974201040588
6882,-6.445987743967901,0.009920974201040588
6883,-6.631698487583111,0.009920974201040588
6884,-5.527947331043952,0.009920974201040588
6885,-4.9804331740085495,0.009920974201040588
6886,-5.595127535280005,0.009920974201040588
6887,-3.1826156328647697,0.009920974201040588
6888,-3.2717749500002977,0.009920974201040588
6889,-4.97000791653417,0.009920974201040588
6890,-5.039796207662467,0.009920974201040588
6891,-4.88514177070057,0.009920974201040588
6892,-5.019572906611283,0.009920974201040588
6893,-5.085591496622524,0.009920974201040588
6894,-5.586748373662298,0.009920974201040588
6895,-5.287950273672211,0.009920974201040588
6896,-4.92630118903195,0.009920974201040588
6897,-6.061690565966674,0.009920974201040588
6898,-5.798948720585148,0.009920974201040588
6899,-4.998345253961603,0.009920974201040588
6900,-5.711646948575649,0.009920974201040588
6901,-4.877697900239276,0.009920974201040588
6902,-6.436400639147779,0.009920974201040588
6903,-5.710036162295361,0.009920974201040588
6904,-4.919820723637992,0.009920974201040588
6905,-4.999222183124796,0.009920974201040588
6906,-4.993857976806803,0.009920974201040588
6907,-5.555031404696948,0.009920974201040588
6908,-4.396288844015499,0.009920974201040588
6909,-6.465674850164395,0.009920974201040588
6910,-4.834270362787295,0.009920974201040588
6911,-5.413252060867833,0.009920974201040588
6912,-7.4609594449976235,0.009920974201040588
6913,-4.907151885241182,0.009920974201040588
6914,-4.843764472471153,0.009920974201040588
6915,-5.217178132517086,0.009920974201040588
6916,-5.510998973608058,0.009920974201040588
6917,-5.774476676175636,0.009920974201040588
6918,-4.595931744377045,0.009920974201040588
6919,-6.811275580113324,0.009920974201040588
6920,-5.63656420335938,0.009920974201040588
6921,-3.4669841863599062,0.009920974201040588
6922,-4.341427844459401,0.009920974201040588
6923,-3.3563711708126673,0.009920974201040588
6924,-3.4057037957464775,0.009920974201040588
6925,-5.160782800720253,0.009920974201040588
6926,-5.241733858784636,0.009920974201040588
6927,-2.1771084066435265,0.009920974201040588
6928,-3.961875079814256,0.009920974201040588
6929,-2.033630816953097,0.009920974201040588
6930,-4.765467415107093,0.009920974201040588
6931,-4.510338325178667,0.009920974201040588
6932,-4.415838629138081,0.009920974201040588
6933,-4.998748498109233,0.009920974201040588
6934,-2.366638648281655,0.009920974201040588
6935,-2.8420201512762877,0.009920974201040588
6936,-3.918060591130695,0.009920974201040588
6937,-2.344558062658753,0.009920974201040588
6938,-5.715087099812999,0.009920974201040588
6939,-4.559134010860747,0.009920974201040588
6940,-5.703387906451728,0.009920974201040588
6941,-4.022229664000224,0.009920974201040588
6942,-2.651029435262562,0.009920974201040588
6943,-3.7493677719764316,0.009920974201040588
6944,-1.7577743790479634,0.009920974201040588
6945,-5.036289510394807,0.009920974201040588
6946,-4.678024599801308,0.009920974201040588
6947,-5.694065453890904,0.009920974201040588
6948,-4.950399012531211,0.009920974201040588
6949,-3.1359404185329294,0.009920974201040588
6950,-3.748705646366134,0.009920974201040588
6951,-2.0821515164722015,0.009920974201040588
6952,-5.754090147430842,0.009920974201040588
6953,-2.818252188375366,0.009920974201040588
6954,-2.9319504325385455,0.009920974201040588
6955,-5.294639179613211,0.009920974201040588
6956,-4.049674285174867,0.009920974201040588
6957,-4.834780881380398,0.009920974201040588
6958,-3.9512027808851453,0.009920974201040588
6959,-5.374505942627584,0.009920974201040588
6960,-6.539630726704971,0.009920974201040588
6961,-7.288780975369151,0.009920974201040588
6962,-5.378756456914393,0.009920974201040588
6963,-6.020156971535148,0.009920974201040588
6964,-6.610576465436775,0.009920974201040588
6965,-5.277420917724729,0.009920974201040588
6966,-7.899060673607771,0.009920974201040588
6967,-5.671105074750503,0.009920974201040588
6968,-5.911906520141818,0.009920974201040588
6969,-5.720327619702563,0.009920974201040588
6970,-5.905275103634481,0.009920974201040588
6971,-6.156519581104458,0.009920974201040588
6972,-6.8218192140963065,0.009920974201040588
6973,-6.597651323719147,0.009920974201040588
6974,-6.3862897099536236,0.009920974201040588
6975,-5.517086081905012,0.009920974201040588
6976,-6.17974398595684,0.009920974201040588
6977,-4.761680297315008,0.009920974201040588
6978,-1.475415004682357,0.009920974201040588
6979,-1.481649838702041,0.009920974201040588
6980,-2.9900760244418056,0.009920974201040588
6981,-1.4845434989415052,0.009920974201040588
6982,-6.594966944202316,0.009920974201040588
6983,-7.385772538076378,0.009920974201040588
6984,-5.451373838968317,0.009920974201040588
6985,-5.36921304001305,0.009920974201040588
6986,-6.126286135416081,0.009920974201040588
6987,-4.550686058722112,0.009920974201040588
6988,-4.554431522490359,0.009920974201040588
6989,-1.5044658919276042,0.009920974201040588
6990,-1.5052311558304379,0.009920974201040588
6991,-1.5052311558304379,0.009920974201040588
6992,-3.0329959042337737,0.009920974201040588
6993,-5.371723944810322,0.009920974201040588
6994,-6.086593039395909,0.009920974201040588
6995,-3.614996705603468,0.009920974201040588
6996,-3.528911913659937,0.009920974201040588
6997,-3.067335053333771,0.009920974201040588
6998,-3.070043970184007,0.009920974201040588
6999,-3.070576510278409,0.009920974201040588
7000,-3.5929183778215905,0.009920974201040588
7001,-4.4857828674400055,0.009920974201040588
7002,-6.044700983112777,0.009920974201040588
7003,-3.0890574632029586,0.009920974201040588
7004,-3.097731237311555,0.009920974201040588
7005,-3.1076942463797668,0.009920974201040588
7006,-4.123682131618615,0.009920974201040588
7007,-5.3829363164995385,0.009920974201040588
7008,-8.649943639231651,0.009920974201040588
7009,-6.300713236160238,0.009920974201040588
7010,-4.404195107927357,0.009920974201040588
7011,-3.143343584523192,0.009920974201040588
7012,-4.164555460165377,0.009920974201040588
7013,-4.4659823323266385,0.009920974201040588
7014,-4.460001362915002,0.009920974201040588
7015,-6.648587046351718,0.009920974201040588
7016,-6.829407782354577,0.009920974201040588
7017,-5.232474951992334,0.009920974201040588
7018,-4.736213991325876,0.009920974201040588
7019,-6.099820211653891,0.009920974201040588
7020,-6.267086125181734,0.009920974201040588
7021,-8.267956188616886,0.009920974201040588
7022,-6.130374998187734,0.009920974201040588
7023,-4.336483597224589,0.009920974201040588
7024,-2.6425408505911134,0.009920974201040588
7025,-2.1698265999224984,0.009920974201040588
7026,-2.545848879409856,0.009920974201040588
7027,-2.326303581239576,0.009920974201040588
7028,-5.5477832086678465,0.009920974201040588
7029,-2.6011026515194753,0.009920974201040588
7030,-1.615250626634587,0.009920974201040588
7031,-3.9172793814477638,0.009920974201040588
7032,-4.533406835514546,0.009920974201040588
7033,-2.4803049014900798,0.009920974201040588
7034,-2.086280141446144,0.009920974201040588
7035,-5.419625738365448,0.009920974201040588
7036,-3.1052537734723473,0.009920974201040588
7037,-4.351907652029921,0.009920974201040588
7038,-2.603123953230543,0.009920974201040588
7039,-2.366166248050524,0.009920974201040588
7040,-1.825724018892784,0.009920974201040588
7041,-1.7984935479646953,0.009920974201040588
7042,-4.293867132082042,0.009920974201040588
7043,-6.908824501267567,0.009920974201040588
7044,-4.699273313105781,0.009920974201040588
7045,-2.948207757199874,0.009920974201040588
7046,-5.266216967732775,0.009920974201040588
7047,-5.440602345607433,0.009920974201040588
7048,-3.51116272873607,0.009920974201040588
7049,-4.269139063665804,0.009920974201040588
7050,-3.7352585402897303,0.009920974201040588
7051,-3.141983621793935,0.009920974201040588
7052,-3.6717512460298805,0.009920974201040588
7053,-4.6777667072938405,0.009920974201040588
7054,-6.836187036797773,0.009920974201040588
7055,-2.0801146572498133,0.009920974201040588
7056,-3.7225017997363854,0.009920974201040588
7057,-6.05241120558811,0.009920974201040588
7058,-5.9691319811490775,0.009920974201040588
7059,-6.383082149113272,0.009920974201040588
7060,-6.982883540581722,0.009920974201040588
7061,-3.1194136469762586,0.009920974201040588
7062,-5.711108284283705,0.009920974201040588
7063,-4.926861728141372,0.009920974201040588
7064,-4.848105979990073,0.009920974201040588
7065,-5.073080717501528,0.009920974201040588
7066,-4.4941294586136955,0.009920974201040588
7067,-4.0941698915915286,0.009920974201040588
7068,-2.5497129230968234,0.009920974201040588
7069,-4.0940592678645205,0.009920974201040588
7070,-4.294805795738346,0.009920974201040588
7071,-5.305096283683609,0.009920974201040588
7072,-2.1512553082248997,0.009920974201040588
7073,-3.7593433863913583,0.009920974201040588
7074,-1.7460848587655438,0.009920974201040588
7075,-4.06703081321268,0.009920974201040588
7076,-5.177243066836036,0.009920974201040588
7077,-3.9463962130714423,0.009920974201040588
7078,-5.324504348912765,0.009920974201040588
7079,-5.364722375929482,0.009920974201040588
7080,-3.6885472054815165,0.009920974201040588
7081,-4.697673497402969,0.009920974201040588
7082,-3.7692643880111834,0.009920974201040588
7083,-5.239858737821987,0.009920974201040588
7084,-3.5623040540896156,0.009920974201040588
7085,-7.025993257908636,0.009920974201040588
7086,-5.776116474087358,0.009920974201040588
7087,-3.811651432528377,0.009920974201040588
7088,-3.9732869249285003,0.009920974201040588
7089,-2.789260479837673,0.009920974201040588
7090,-2.626728872037232,0.009920974201040588
7091,-4.640869707002865,0.009920974201040588
7092,-5.7868855978449645,0.009920974201040588
7093,-3.2155574381623016,0.009920974201040588
7094,-6.816322581377191,0.009920974201040588
7095,-7.104958345180336,0.009920974201040588
7096,-3.181613602393987,0.009920974201040588
7097,-4.946685469491102,0.009920974201040588
7098,-3.6931923358373706,0.009920974201040588
7099,-5.362534941452443,0.009920974201040588
7100,-4.877841534154881,0.009920974201040588
7101,-6.9011393500856775,0.009920974201040588
7102,-3.936078080099893,0.009920974201040588
7103,-5.215117887475097,0.009920974201040588
7104,-2.7956889604295814,0.009920974201040588
7105,-2.1934406638467916,0.009920974201040588
7106,-3.981771151508731,0.009920974201040588
7107,-2.1701579252049865,0.009920974201040588
7108,-3.79745363202506,0.009920974201040588
7109,-5.629962189169698,0.009920974201040588
7110,-2.1768975812869895,0.009920974201040588
7111,-6.156104308557829,0.009920974201040588
7112,-4.062649107384148,0.009920974201040588
7113,-3.891024442975483,0.009920974201040588
7114,-4.1901167569571065,0.009920974201040588
7115,-4.184508414274275,0.009920974201040588
7116,-2.1715868347690988,0.009920974201040588
7117,-2.1967748322395635,0.009920974201040588
7118,-3.8249653598845246,0.009920974201040588
7119,-5.22177901361572,0.009920974201040588
7120,-7.685959970767941,0.009920974201040588
7121,-2.1998315451351313,0.009920974201040588
7122,-2.8542241563022337,0.009920974201040588
7123,-2.5656807350733914,0.009920974201040588
7124,-6.3619036894991945,0.009920974201040588
7125,-5.902373521128533,0.009920974201040588
7126,-8.623042699275631,0.009920974201040588
7127,-3.2508265247350496,0.009920974201040588
7128,-5.19478285860828,0.009920974201040588
7129,-5.003893252074128,0.009920974201040588
7130,-2.5434854886666143,0.009920974201040588
7131,-5.222430188311737,0.009920974201040588
7132,-4.0873670948178775,0.009920974201040588
7133,-4.312731205811838,0.009920974201040588
7134,-2.357644416904022,0.009920974201040588
7135,-2.1363925047212327,0.009920974201040588
7136,-5.524912054701755,0.009920974201040588
7137,-6.320823595360219,0.009920974201040588
7138,-2.6845243285277354,0.009920974201040588
7139,-6.873913007884519,0.009920974201040588
7140,-6.762890142474684,0.009920974201040588
7141,-4.328499644642666,0.009920974201040588
7142,-5.5034482905898,0.009920974201040588
7143,-5.874448555513213,0.009920974201040588
7144,-5.6024914297815975,0.009920974201040588
7145,-6.400175611079758,0.009920974201040588
7146,-3.136965539392397,0.009920974201040588
7147,-1.2720811912234535,0.009920974201040588
7148,-2.423789100720076,0.009920974201040588
7149,-5.254098542399986,0.009920974201040588
7150,-5.351322415624049,0.009920974201040588
7151,-4.322133101946713,0.009920974201040588
7152,-4.65670764183944,0.009920974201040588
7153,-4.8340229308034015,0.009920974201040588
7154,-2.0211542966496756,0.009920974201040588
7155,-7.82053968616238,0.009920974201040588
7156,-5.758916593014803,0.009920974201040588
7157,-5.849550045092281,0.009920974201040588
7158,-5.811884303734531,0.009920974201040588
7159,-5.738245355898799,0.009920974201040588
7160,-5.647601863321057,0.009920974201040588
7161,-1.8590735454589637,0.009920974201040588
7162,-6.734433328216548,0.009920974201040588
7163,-2.519507224855775,0.009920974201040588
7164,-4.427714344662034,0.009920974201040588
7165,-5.16690940574622,0.009920974201040588
7166,-4.7164213945181235,0.009920974201040588
7167,-5.277894461706414,0.009920974201040588
7168,-5.206553420542035,0.009920974201040588
7169,-4.588266797074532,0.009920974201040588
7170,-3.082911461048508,0.009920974201040588
7171,-4.3249973428518835,0.009920974201040588
7172,-5.271566027407026,0.009920974201040588
7173,-4.384757068526155,0.009920974201040588
7174,-4.778013739076538,0.009920974201040588
7175,-2.508003087393897,0.009920974201040588
7176,-4.379404576228974,0.009920974201040588
7177,-2.5266352271560364,0.009920974201040588
7178,-8.333450537627217,0.009920974201040588
7179,-2.5370629270798997,0.009920974201040588
7180,-4.4137542880083664,0.009920974201040588
7181,-4.414219269327903,0.009920974201040588
7182,-5.218898894713986,0.009920974201040588
7183,-5.767135531675004,0.009920974201040588
7184,-2.5704855173581382,0.009920974201040588
7185,-5.419050958545769,0.009920974201040588
7186,-5.680724121449584,0.009920974201040588
7187,-4.332557515370658,0.009920974201040588
7188,-4.244656627869836,0.009920974201040588
7189,-5.427871329084468,0.009920974201040588
7190,-5.142520353130158,0.009920974201040588
7191,-4.335277394501103,0.009920974201040588
7192,-7.412592451496107,0.009920974201040588
7193,-4.916383559310276,0.009920974201040588
7194,-4.235528873808063,0.009920974201040588
7195,-6.677748301168615,0.009920974201040588
7196,-5.270611562653265,0.009920974201040588
7197,-4.6079239151294065,0.009920974201040588
7198,-4.802097320121218,0.009920974201040588
7199,-4.784877951815214,0.009920974201040588
7200,-4.316255030865021,0.009920974201040588
7201,-4.501372688298398,0.009920974201040588
7202,-6.6987350310926335,0.009920974201040588
7203,-7.171074257237505,0.009920974201040588
7204,-6.775213886420356,0.009920974201040588
7205,-7.550917168354675,0.009920974201040588
7206,-6.292479838842488,0.009920974201040588
7207,-6.2342638351700215,0.009920974201040588
7208,-6.427338394037695,0.009920974201040588
7209,-5.788419531344013,0.009920974201040588
7210,-8.631986647886864,0.009920974201040588
7211,-5.224882098334463,0.009920974201040588
7212,-6.483370023610504,0.009920974201040588
7213,-5.349470882257339,0.009920974201040588
7214,-7.813740299947509,0.009920974201040588
7215,-7.006374212001342,0.009920974201040588
7216,-6.203907948426776,0.009920974201040588
7217,-6.122522093336832,0.009920974201040588
7218,-7.274726347277718,0.009920974201040588
7219,-3.8539674069153467,0.009920974201040588
7220,-2.2685439575662327,0.009920974201040588
7221,-4.574503176863935,0.009920974201040588
7222,-5.273076557597216,0.009920974201040588
7223,-4.149377636699798,0.009920974201040588
7224,-5.212281272904127,0.009920974201040588
7225,-5.361359089588863,0.009920974201040588
7226,-2.46330549024738,0.009920974201040588
7227,-3.638074015262987,0.009920974201040588
7228,-4.60958460028965,0.009920974201040588
7229,-6.7212817509048435,0.009920974201040588
7230,-2.0397768641308804,0.009920974201040588
7231,-4.102033919230048,0.009920974201040588
7232,-3.6176437837170594,0.009920974201040588
7233,-5.985485738759326,0.009920974201040588
7234,-1.7955876612279247,0.009920974201040588
7235,-6.690349454091634,0.009920974201040588
7236,-2.29145054839388,0.009920974201040588
7237,-4.673243566432758,0.009920974201040588
7238,-5.924984832745474,0.009920974201040588
7239,-7.319696314287538,0.009920974201040588
7240,-4.9411131512775315,0.009920974201040588
7241,-5.167397160562452,0.009920974201040588
7242,-5.713586535327341,0.009920974201040588
7243,-4.856602385376341,0.009920974201040588
7244,-2.7168308582640446,0.009920974201040588
7245,-2.153534480057087,0.009920974201040588
7246,-5.86285278480692,0.009920974201040588
7247,-6.749480666392827,0.009920974201040588
7248,-4.77039065637212,0.009920974201040588
7249,-4.939833666994817,0.009920974201040588
7250,-6.317201652255157,0.009920974201040588
7251,-5.547995932308027,0.009920974201040588
7252,-4.755108320526076,0.009920974201040588
7253,-3.833639426548049,0.009920974201040588
7254,-6.24626015863814,0.009920974201040588
7255,-1.8097158381330325,0.009920974201040588
7256,-3.1610286432719885,0.009920974201040588
7257,-3.46185604621657,0.009920974201040588
7258,-3.0415612671241963,0.009920974201040588
7259,-5.125449975431416,0.009920974201040588
7260,-3.319803731634851,0.009920974201040588
7261,-4.701975563096598,0.009920974201040588
7262,-3.1601594676866194,0.009920974201040588
7263,-5.829043206963502,0.009920974201040588
7264,-5.143616714716281,0.009920974201040588
7265,-6.330717180266728,0.009920974201040588
7266,-5.140548238061872,0.009920974201040588
7267,-4.894031692347855,0.009920974201040588
7268,-3.1905626575972628,0.009920974201040588
7269,-5.66883611898537,0.009920974201040588
7270,-5.8271696825498935,0.009920974201040588
7271,-3.9139328786610728,0.009920974201040588
7272,-4.216608158287983,0.009920974201040588
7273,-4.595626776375273,0.009920974201040588
7274,-6.409642874851055,0.009920974201040588
7275,-7.460085518406403,0.009920974201040588
7276,-7.374055988070635,0.009920974201040588
7277,-4.7626026384363565,0.009920974201040588
7278,-5.070400926077892,0.009920974201040588
7279,-6.963170680805537,0.009920974201040588
7280,-6.29850769187795,0.009920974201040588
7281,-5.511789479318754,0.009920974201040588
7282,-3.281758936713228,0.009920974201040588
7283,-6.001714232818319,0.009920974201040588
7284,-6.5142301049671225,0.009920974201040588
7285,-3.1229268328193047,0.009920974201040588
7286,-6.431685297624156,0.009920974201040588
7287,-5.85133364729832,0.009920974201040588
7288,-4.150769211115801,0.009920974201040588
7289,-5.268653631031135,0.009920974201040588
7290,-5.95445399576057,0.009920974201040588
7291,-5.230572521556639,0.009920974201040588
7292,-3.1652669151374453,0.009920974201040588
7293,-3.099957328773958,0.009920974201040588
7294,-5.074807155925551,0.009920974201040588
7295,-3.146870965143198,0.009920974201040588
7296,-6.532423210041632,0.009920974201040588
7297,-4.5101691896995,0.009920974201040588
7298,-4.261827344643303,0.009920974201040588
7299,-6.661048121880791,0.009920974201040588
7300,-6.547595851077738,0.009920974201040588
7301,-5.445001681429236,0.009920974201040588
7302,-4.966566987054434,0.009920974201040588
7303,-5.419480318269136,0.009920974201040588
7304,-7.625615860958884,0.009920974201040588
7305,-5.24890071373354,0.009920974201040588
7306,-7.269904830116399,0.009920974201040588
7307,-4.440675133814648,0.009920974201040588
7308,-6.149062563797925,0.009920974201040588
7309,-7.0302871517925585,0.009920974201040588
7310,-7.500363786700965,0.009920974201040588
7311,-5.297106165785265,0.009920974201040588
7312,-7.038527552331422,0.009920974201040588
7313,-7.230376419766514,0.009920974201040588
7314,-7.508671054511163,0.009920974201040588
7315,-8.43041069015315,0.009920974201040588
7316,-4.302614129219114,0.009920974201040588
7317,-1.9835983304979456,0.009920974201040588
7318,-2.038281774131236,0.009920974201040588
7319,-4.265803438447104,0.009920974201040588
7320,-3.5451127155476643,0.009920974201040588
7321,-5.46662308814777,0.009920974201040588
7322,-4.560618716451296,0.009920974201040588
7323,-3.1185627304220986,0.009920974201040588
7324,-4.738862901818946,0.009920974201040588
7325,-2.0639451255316397,0.009920974201040588
7326,-5.00580100866134,0.009920974201040588
7327,-5.259661041835535,0.009920974201040588
7328,-5.466902228398806,0.009920974201040588
7329,-2.8139455102643574,0.009920974201040588
7330,-3.90370995140412,0.009920974201040588
7331,-5.033119424309686,0.009920974201040588
7332,-4.19695233343376,0.009920974201040588
7333,-5.806082200389213,0.009920974201040588
7334,-7.56183390779779,0.009920974201040588
7335,-6.598329847892053,0.009920974201040588
7336,-6.604275067954118,0.009920974201040588
7337,-7.13157058463189,0.009920974201040588
7338,-5.772207770623387,0.009920974201040588
7339,-4.297799478004012,0.009920974201040588
7340,-3.1546449666336143,0.009920974201040588
7341,-6.357611781583869,0.009920974201040588
7342,-3.195381752585356,0.009920974201040588
7343,-5.299544974792408,0.009920974201040588
7344,-4.063647495953234,0.009920974201040588
7345,-1.2039697883149136,0.009920974201040588
7346,-1.744655527386675,0.009920974201040588
7347,-6.658721655419375,0.009920974201040588
7348,-4.126093022853567,0.009920974201040588
7349,-6.510892947168329,0.009920974201040588
7350,-1.5129020388868264,0.009920974201040588
7351,-5.8385844492050385,0.009920974201040588
7352,-2.3459375580509985,0.009920974201040588
7353,-4.129347926907948,0.009920974201040588
7354,-2.4037472166937075,0.009920974201040588
7355,-4.769373983861633,0.009920974201040588
7356,-5.645048272181755,0.009920974201040588
7357,-2.471432294004745,0.009920974201040588
7358,-2.4720205237067203,0.009920974201040588
7359,-2.4745635321087405,0.009920974201040588
7360,-6.105108318809827,0.009920974201040588
7361,-4.145327833757735,0.009920974201040588
7362,-2.774775634291969,0.009920974201040588
7363,-2.48576581654714,0.009920974201040588
7364,-2.4871223360680643,0.009920974201040588
7365,-6.063511227389508,0.009920974201040588
7366,-2.490290704685413,0.009920974201040588
7367,-2.491311825380064,0.009920974201040588
7368,-2.4921955662385353,0.009920974201040588
7369,-2.5229597017479963,0.009920974201040588
7370,-2.9537421015532166,0.009920974201040588
7371,-4.765462824804119,0.009920974201040588
7372,-5.0522172802637835,0.009920974201040588
7373,-5.257314268409451,0.009920974201040588
7374,-2.9671057845185476,0.009920974201040588
7375,-3.4530132562552263,0.009920974201040588
7376,-2.6117576585916824,0.009920974201040588
7377,-4.7411175526552,0.009920974201040588
7378,-2.8339688125528726,0.009920974201040588
7379,-4.846670616869018,0.009920974201040588
7380,-6.181291552604197,0.009920974201040588
7381,-2.6476108512176566,0.009920974201040588
7382,-4.9348837794550136,0.009920974201040588
7383,-5.566269185263939,0.009920974201040588
7384,-2.6830175837009107,0.009920974201040588
7385,-6.93609868794978,0.009920974201040588
7386,-5.8582598250108875,0.009920974201040588
7387,-2.700205366212045,0.009920974201040588
7388,-4.25104727094819,0.009920974201040588
7389,-6.549892989535929,0.009920974201040588
7390,-4.811412921466403,0.009920974201040588
7391,-5.568536323812479,0.009920974201040588
7392,-5.531853577785691,0.009920974201040588
7393,-4.808820737435687,0.009920974201040588
7394,-6.6090270326363045,0.009920974201040588
7395,-6.093698843161863,0.009920974201040588
7396,-3.8813502168368412,0.009920974201040588
7397,-4.7261725130464445,0.009920974201040588
7398,-6.087502918888889,0.009920974201040588
7399,-4.637977477056458,0.009920974201040588
7400,-4.7715430012848685,0.009920974201040588
7401,-6.809128264112127,0.009920974201040588
7402,-6.546867524336848,0.009920974201040588
7403,-5.47907400492849,0.009920974201040588
7404,-6.415579587867162,0.009920974201040588
7405,-6.078887397272082,0.009920974201040588
7406,-4.85717106142306,0.009920974201040588
7407,-7.147499081067955,0.009920974201040588
7408,-7.336206456957967,0.009920974201040588
7409,-4.5806436717134815,0.009920974201040588
7410,-5.074132766843713,0.009920974201040588
7411,-4.251804119239443,0.009920974201040588
7412,-5.043549185220861,0.009920974201040588
7413,-4.82271232694133,0.009920974201040588
7414,-2.804290209578099,0.009920974201040588
7415,-2.208366133078014,0.009920974201040588
7416,-2.4967942581163447,0.009920974201040588
7417,-2.6440595479865565,0.009920974201040588
7418,-2.4785277271593062,0.009920974201040588
7419,-2.539804111556783,0.009920974201040588
7420,-3.8095181774715665,0.009920974201040588
7421,-5.789137612724881,0.009920974201040588
7422,-6.9688342520449345,0.009920974201040588
7423,-3.1567553413940455,0.009920974201040588
7424,-5.736218049239682,0.009920974201040588
7425,-4.074861123834143,0.009920974201040588
7426,-1.8727599104935604,0.009920974201040588
7427,-7.144838240017597,0.009920974201040588
7428,-6.084030785394756,0.009920974201040588
7429,-6.557811664703587,0.009920974201040588
7430,-2.246352949105135,0.009920974201040588
7431,-8.04245762527357,0.009920974201040588
7432,-6.539605252556155,0.009920974201040588
7433,-7.231993297455123,0.009920974201040588
7434,-7.361580926924665,0.009920974201040588
7435,-6.413103312468879,0.009920974201040588
7436,-7.528968633877266,0.009920974201040588
7437,-7.225916272615442,0.009920974201040588
7438,-5.942295928316914,0.009920974201040588
7439,-7.257571873156008,0.009920974201040588
7440,-3.67806715451471,0.009920974201040588
7441,-2.093038123914586,0.009920974201040588
7442,-3.6564096283138356,0.009920974201040588
7443,-6.32632605578537,0.009920974201040588
7444,-3.7394206223592543,0.009920974201040588
7445,-3.4382751450340567,0.009920974201040588
7446,-5.154677033225638,0.009920974201040588
7447,-2.0807743310990956,0.009920974201040588
7448,-3.7507561591382514,0.009920974201040588
7449,-4.961981540848933,0.009920974201040588
7450,-5.947907621708625,0.009920974201040588
7451,-4.592963534815383,0.009920974201040588
7452,-2.904223197144911,0.009920974201040588
7453,-4.9849575853021815,0.009920974201040588
7454,-6.71857447324825,0.009920974201040588
7455,-6.577667009781609,0.009920974201040588
7456,-4.586788736810231,0.009920974201040588
7457,-5.197565233004329,0.009920974201040588
7458,-2.1016357865948834,0.009920974201040588
7459,-5.30707824666721,0.009920974201040588
7460,-5.523229174431501,0.009920974201040588
7461,-3.5917254390953945,0.009920974201040588
7462,-5.337351751470426,0.009920974201040588
7463,-4.934183687966078,0.009920974201040588
7464,-6.494133667037243,0.009920974201040588
7465,-2.8599728693964988,0.009920974201040588
7466,-4.568035379350028,0.009920974201040588
7467,-3.6584703574761868,0.009920974201040588
7468,-5.0776214664235075,0.009920974201040588
7469,-6.415550474894577,0.009920974201040588
7470,-5.969009404148759,0.009920974201040588
7471,-5.719114579742152,0.009920974201040588
7472,-4.71159658189738,0.009920974201040588
7473,-7.580142732775022,0.009920974201040588
7474,-6.326417139103496,0.009920974201040588
7475,-5.7713644838023255,0.009920974201040588
7476,-3.0300448551255417,0.009920974201040588
7477,-8.44929037243258,0.009920974201040588
7478,-4.035818103603759,0.009920974201040588
7479,-4.468777540303858,0.009920974201040588
7480,-5.108240148388713,0.009920974201040588
7481,-4.8787563424430065,0.009920974201040588
7482,-3.851721443339578,0.009920974201040588
7483,-6.294630292523495,0.009920974201040588
7484,-6.709204109048418,0.009920974201040588
7485,-5.253100515828194,0.009920974201040588
7486,-6.209371137712541,0.009920974201040588
7487,-5.593556447293562,0.009920974201040588
7488,-6.523372861613504,0.009920974201040588
7489,-6.132338984331591,0.009920974201040588
7490,-5.7397188022158625,0.009920974201040588
7491,-5.638480391274316,0.009920974201040588
7492,-5.622776066327441,0.009920974201040588
7493,-4.939014985803027,0.009920974201040588
7494,-4.272472055621487,0.009920974201040588
7495,-6.321141730415692,0.009920974201040588
7496,-5.594909819539783,0.009920974201040588
7497,-5.1018859052731775,0.009920974201040588
7498,-5.435548260996593,0.009920974201040588
7499,-6.4307372177831965,0.009920974201040588
7500,-4.996161351491972,0.009920974201040588
7501,-3.8966442800372914,0.009920974201040588
7502,-3.8894781587092773,0.009920974201040588
7503,-4.9262194035065505,0.009920974201040588
7504,-5.049895233490826,0.009920974201040588
7505,-3.878928624495002,0.009920974201040588
7506,-4.463422288752983,0.009920974201040588
7507,-5.087761212799244,0.009920974201040588
7508,-4.7222421865439,0.009920974201040588
7509,-8.005245311464831,0.009920974201040588
7510,-6.967834157879459,0.009920974201040588
7511,-1.9523196426375649,0.009920974201040588
7512,-3.394010061401638,0.009920974201040588
7513,-4.226144292000188,0.009920974201040588
7514,-4.041850810417303,0.009920974201040588
7515,-1.7141435472912272,0.009920974201040588
7516,-5.980208027755933,0.009920974201040588
7517,-6.075049910457953,0.009920974201040588
7518,-2.844144840645236,0.009920974201040588
7519,-4.867770614772376,0.009920974201040588
7520,-6.609027586787336,0.009920974201040588
7521,-5.153912634006099,0.009920974201040588
7522,-2.8371505194473743,0.009920974201040588
7523,-2.8426370032308257,0.009920974201040588
7524,-4.912536996645672,0.009920974201040588
7525,-6.189796875949352,0.009920974201040588
7526,-6.295354831044715,0.009920974201040588
7527,-4.909283683706457,0.009920974201040588
7528,-4.679304390805658,0.009920974201040588
7529,-2.349222415842136,0.009920974201040588
7530,-2.532810391720454,0.009920974201040588
7531,-1.7945454732909902,0.009920974201040588
7532,-3.03751948577964,0.009920974201040588
7533,-4.936262501095026,0.009920974201040588
7534,-4.9682695763535145,0.009920974201040588
7535,-5.263520113111493,0.009920974201040588
7536,-2.3456534263996134,0.009920974201040588
7537,-4.550078437798431,0.009920974201040588
7538,-1.541458096888922,0.009920974201040588
7539,-2.04715736888284,0.009920974201040588
7540,-6.058541463086099,0.009920974201040588
7541,-2.3402213970025842,0.009920974201040588
7542,-4.0382464738811645,0.009920974201040588
7543,-2.9068211506806962,0.009920974201040588
7544,-4.208903613195725,0.009920974201040588
7545,-2.3802999540090752,0.009920974201040588
7546,-2.276380485342573,0.009920974201040588
7547,-6.892915563545281,0.009920974201040588
7548,-5.977437554564334,0.009920974201040588
7549,-1.8287593661592723,0.009920974201040588
7550,-5.5479111466985715,0.009920974201040588
7551,-2.5401137299210808,0.009920974201040588
7552,-2.5721842705314977,0.009920974201040588
7553,-5.04532136017619,0.009920974201040588
7554,-2.5709940594096805,0.009920974201040588
7555,-5.126844408937723,0.009920974201040588
7556,-4.532343970241452,0.009920974201040588
7557,-5.6462439861110525,0.009920974201040588
7558,-4.518232445808985,0.009920974201040588
7559,-5.639449483202796,0.009920974201040588
7560,-9.275129381629048,0.009920974201040588
7561,-2.7729676713097495,0.009920974201040588
7562,-3.108123783674047,0.009920974201040588
7563,-6.285568038416388,0.009920974201040588
7564,-4.9523142628887005,0.009920974201040588
7565,-5.706523449306029,0.009920974201040588
7566,-5.97375059130417,0.009920974201040588
7567,-3.058348769278193,0.009920974201040588
7568,-3.0738784524456104,0.009920974201040588
7569,-3.040227808986911,0.009920974201040588
7570,-3.1286143760977834,0.009920974201040588
7571,-5.134713323330766,0.009920974201040588
7572,-5.809408338981179,0.009920974201040588
7573,-6.631736285640988,0.009920974201040588
7574,-3.0948383290431627,0.009920974201040588
7575,-4.760505687699927,0.009920974201040588
7576,-3.1560996690250738,0.009920974201040588
7577,-3.090911802007504,0.009920974201040588
7578,-3.106136490245354,0.009920974201040588
7579,-3.2160745551156067,0.009920974201040588
7580,-4.1330318132037185,0.009920974201040588
7581,-3.8871626041647596,0.009920974201040588
7582,-7.398165544946867,0.009920974201040588
7583,-3.8945571256978258,0.009920974201040588
7584,-3.1108145879091187,0.009920974201040588
7585,-4.395921921954911,0.009920974201040588
7586,-3.9780859224302616,0.009920974201040588
7587,-4.697385107666009,0.009920974201040588
7588,-4.016204620290801,0.009920974201040588
7589,-4.615359736742808,0.009920974201040588
7590,-4.506889597436629,0.009920974201040588
7591,-3.1524680701341414,0.009920974201040588
7592,-3.2005365599116944,0.009920974201040588
7593,-3.273518418216168,0.009920974201040588
7594,-6.302417026230774,0.009920974201040588
7595,-5.110140851284923,0.009920974201040588
7596,-4.46290051449192,0.009920974201040588
7597,-5.063137743996977,0.009920974201040588
7598,-3.8752637350828656,0.009920974201040588
7599,-3.2499683902761185,0.009920974201040588
7600,-3.236940205060979,0.009920974201040588
7601,-4.237667122019397,0.009920974201040588
7602,-6.731416906045764,0.009920974201040588
7603,-7.357401708179864,0.009920974201040588
7604,-6.216823703564267,0.009920974201040588
7605,-4.531568942037925,0.009920974201040588
7606,-5.10563054572889,0.009920974201040588
7607,-6.701342087787073,0.009920974201040588
7608,-4.068340038644676,0.009920974201040588
7609,-2.2185179370893735,0.009920974201040588
7610,-3.053442735992248,0.009920974201040588
7611,-6.002209940239863,0.009920974201040588
7612,-5.254004230580076,0.009920974201040588
7613,-2.8050108038037034,0.009920974201040588
7614,-4.380680476565521,0.009920974201040588
7615,-2.342625243896971,0.009920974201040588
7616,-5.144157349997474,0.009920974201040588
7617,-6.905684754270911,0.009920974201040588
7618,-6.680634283590883,0.009920974201040588
7619,-2.847904085158476,0.009920974201040588
7620,-2.4579395052408732,0.009920974201040588
7621,-2.0025595952755904,0.009920974201040588
7622,-7.766747626451479,0.009920974201040588
7623,-6.179492759418556,0.009920974201040588
7624,-6.915293903616949,0.009920974201040588
7625,-4.750869019635861,0.009920974201040588
7626,-3.964025275928361,0.009920974201040588
7627,-6.416841218503085,0.009920974201040588
7628,-5.3328207762067725,0.009920974201040588
7629,-2.027146305059345,0.009920974201040588
7630,-3.0591894152457453,0.009920974201040588
7631,-3.864630082170521,0.009920974201040588
7632,-3.939879604972655,0.009920974201040588
7633,-2.23893341923722,0.009920974201040588
7634,-4.838563590240048,0.009920974201040588
7635,-5.822491371070753,0.009920974201040588
7636,-5.346059710690335,0.009920974201040588
7637,-4.933301429748473,0.009920974201040588
7638,-1.967379605972818,0.009920974201040588
7639,-6.028903580480016,0.009920974201040588
7640,-3.9890892326084986,0.009920974201040588
7641,-5.292130499514471,0.009920974201040588
7642,-4.486674338266555,0.009920974201040588
7643,-5.473771276850778,0.009920974201040588
7644,-5.7715163849268265,0.009920974201040588
7645,-4.661685498685995,0.009920974201040588
7646,-4.969181635543386,0.009920974201040588
7647,-5.884792461674756,0.009920974201040588
7648,-2.785565252993189,0.009920974201040588
7649,-5.930424183972197,0.009920974201040588
7650,-6.492820548527227,0.009920974201040588
7651,-2.4620190929958263,0.009920974201040588
7652,-2.6154185923053417,0.009920974201040588
7653,-6.81739198497266,0.009920974201040588
7654,-4.116241734520248,0.009920974201040588
7655,-4.667668414758534,0.009920974201040588
7656,-5.395315746622983,0.009920974201040588
7657,-2.2580913493151753,0.009920974201040588
7658,-4.042593492999195,0.009920974201040588
7659,-5.1910486597353565,0.009920974201040588
7660,-5.468657516271841,0.009920974201040588
7661,-5.387909013000019,0.009920974201040588
7662,-5.057827375797416,0.009920974201040588
7663,-5.189028983931029,0.009920974201040588
7664,-4.633524775772997,0.009920974201040588
7665,-6.315450073271558,0.009920974201040588
7666,-3.9235316135548652,0.009920974201040588
7667,-5.537309422990219,0.009920974201040588
7668,-6.669714512167376,0.009920974201040588
7669,-6.318170107700434,0.009920974201040588
7670,-5.587914462665401,0.009920974201040588
7671,-5.054077681388786,0.009920974201040588
7672,-3.1727933716355765,0.009920974201040588
7673,-5.0988947532050855,0.009920974201040588
7674,-5.118574753287048,0.009920974201040588
7675,-4.516909729782993,0.009920974201040588
7676,-5.911317775603978,0.009920974201040588
7677,-5.959000135723365,0.009920974201040588
7678,-4.694868317329024,0.009920974201040588
7679,-5.971321978651595,0.009920974201040588
7680,-3.2738514953743802,0.009920974201040588
7681,-2.851838054092128,0.009920974201040588
7682,-5.294985400298097,0.009920974201040588
7683,-6.571594316419889,0.009920974201040588
7684,-5.715294776109802,0.009920974201040588
7685,-5.4783204306504185,0.009920974201040588
7686,-4.257828021053674,0.009920974201040588
7687,-4.856510782476661,0.009920974201040588
7688,-5.1184222230791026,0.009920974201040588
7689,-3.2518512890163183,0.009920974201040588
7690,-3.3088752080142467,0.009920974201040588
7691,-3.36629171703255,0.009920974201040588
7692,-5.086278665997205,0.009920974201040588
7693,-4.321290448508934,0.009920974201040588
7694,-5.643150706425385,0.009920974201040588
7695,-3.3952981095318298,0.009920974201040588
7696,-4.970539379109258,0.009920974201040588
7697,-4.055767337269784,0.009920974201040588
7698,-5.8483964881546155,0.009920974201040588
7699,-4.611455732699449,0.009920974201040588
7700,-4.383339452367872,0.009920974201040588
7701,-4.0131595871873795,0.009920974201040588
7702,-4.206422286114963,0.009920974201040588
7703,-4.206802059487453,0.009920974201040588
7704,-5.9003076715347635,0.009920974201040588
7705,-5.251458222697593,0.009920974201040588
7706,-5.028324288107675,0.009920974201040588
7707,-6.1363434882202785,0.009920974201040588
7708,-4.1013020824802835,0.009920974201040588
7709,-6.210470638506315,0.009920974201040588
7710,-5.788723624008979,0.009920974201040588
7711,-2.604153464743303,0.009920974201040588
7712,-5.565858987791646,0.009920974201040588
7713,-1.9151322478103823,0.009920974201040588
7714,-4.700205168262221,0.009920974201040588
7715,-2.231845433899039,0.009920974201040588
7716,-4.422364547786408,0.009920974201040588
7717,-3.1271071274851687,0.009920974201040588
7718,-3.4408894994471924,0.009920974201040588
7719,-3.583774580782211,0.009920974201040588
7720,-6.289475507570058,0.009920974201040588
7721,-2.9662680344674413,0.009920974201040588
7722,-4.756575957140952,0.009920974201040588
7723,-6.058474075898156,0.009920974201040588
7724,-4.534446677610157,0.009920974201040588
7725,-2.1610444966697138,0.009920974201040588
7726,-5.18187099093071,0.009920974201040588
7727,-3.4791672596413252,0.009920974201040588
7728,-4.650919797725347,0.009920974201040588
7729,-4.103133644811976,0.009920974201040588
7730,-4.64421239162765,0.009920974201040588
7731,-3.2024385881362916,0.009920974201040588
7732,-4.528323072151531,0.009920974201040588
7733,-6.7552532644339545,0.009920974201040588
7734,-5.719086350637875,0.009920974201040588
7735,-4.115458118304569,0.009920974201040588
7736,-2.5551029436460477,0.009920974201040588
7737,-5.46902056167945,0.009920974201040588
7738,-5.856930410015326,0.009920974201040588
7739,-4.728009353541259,0.009920974201040588
7740,-5.579866083834357,0.009920974201040588
7741,-6.1042096493539395,0.009920974201040588
7742,-4.620958764793912,0.009920974201040588
7743,-5.453274582375222,0.009920974201040588
7744,-5.251202170406314,0.009920974201040588
7745,-5.132956018975165,0.009920974201040588
7746,-4.52826159470718,0.009920974201040588
7747,-5.111951193763714,0.009920974201040588
7748,-5.448898944674699,0.009920974201040588
7749,-4.402924143746959,0.009920974201040588
7750,-5.211600504963064,0.009920974201040588
7751,-5.150784608586553,0.009920974201040588
7752,-6.756411961979401,0.009920974201040588
7753,-4.587131757118457,0.009920974201040588
7754,-5.4140059493886294,0.009920974201040588
7755,-5.201044271380431,0.009920974201040588
7756,-2.220926021431888,0.009920974201040588
7757,-6.211075112546197,0.009920974201040588
7758,-3.296504718947823,0.009920974201040588
7759,-5.407104559500814,0.009920974201040588
7760,-5.282049990048297,0.009920974201040588
7761,-5.512322627037219,0.009920974201040588
7762,-5.333814041435861,0.009920974201040588
7763,-5.280075676657232,0.009920974201040588
7764,-7.1292213129684034,0.009920974201040588
7765,-3.2809765679847978,0.009920974201040588
7766,-4.7133789377384225,0.009920974201040588
7767,-6.453982492042979,0.009920974201040588
7768,-3.529788349862027,0.009920974201040588
7769,-2.645685075218288,0.009920974201040588
7770,-2.1918986810121264,0.009920974201040588
7771,-5.254279395065441,0.009920974201040588
7772,-6.685662918287092,0.009920974201040588
7773,-3.8564481128307952,0.009920974201040588
7774,-5.1986423857870605,0.009920974201040588
7775,-5.442095047943197,0.009920974201040588
7776,-4.651019027558025,0.009920974201040588
7777,-5.043980012135575,0.009920974201040588
7778,-4.977615591699134,0.009920974201040588
7779,-5.297440876527901,0.009920974201040588
7780,-4.443586528467358,0.009920974201040588
7781,-3.632428534530022,0.009920974201040588
7782,-6.431414752485939,0.009920974201040588
7783,-4.237925332842846,0.009920974201040588
7784,-5.132876311504196,0.009920974201040588
7785,-5.631738302587555,0.009920974201040588
7786,-4.106138529347481,0.009920974201040588
7787,-4.6908522494099785,0.009920974201040588
7788,-2.595002334799628,0.009920974201040588
7789,-5.844483728260554,0.009920974201040588
7790,-4.291525866550474,0.009920974201040588
7791,-5.1572956155300185,0.009920974201040588
7792,-6.172281445291384,0.009920974201040588
7793,-6.105915110727036,0.009920974201040588
7794,-5.192746149025557,0.009920974201040588
7795,-4.569995328281279,0.009920974201040588
7796,-4.591528075239131,0.009920974201040588
7797,-4.177743722753417,0.009920974201040588
7798,-6.125754749800263,0.009920974201040588
7799,-6.099713332806198,0.009920974201040588
7800,-5.0179857715174805,0.009920974201040588
7801,-7.86253936731627,0.009920974201040588
7802,-2.1998315451351313,0.009920974201040588
7803,-2.8542241563022337,0.009920974201040588
7804,-2.1966651243067568,0.009920974201040588
7805,-6.712203210642197,0.009920974201040588
7806,-5.900835236384208,0.009920974201040588
7807,-5.989446769967105,0.009920974201040588
7808,-3.2508265247350496,0.009920974201040588
7809,-2.5121862030026296,0.009920974201040588
7810,-2.9012451714172385,0.009920974201040588
7811,-4.095730005297552,0.009920974201040588
7812,-6.971965853953132,0.009920974201040588
7813,-4.225259774288904,0.009920974201040588
7814,-3.882616247555367,0.009920974201040588
7815,-2.357644416904022,0.009920974201040588
7816,-6.018160686354391,0.009920974201040588
7817,-2.7383347438436054,0.009920974201040588
7818,-7.105839242318709,0.009920974201040588
7819,-3.21536572117035,0.009920974201040588
7820,-5.912176156382241,0.009920974201040588
7821,-1.9179883228625882,0.009920974201040588
7822,-4.386466715655645,0.009920974201040588
7823,-4.86731357199216,0.009920974201040588
7824,-5.319585249983991,0.009920974201040588
7825,-5.691834960591004,0.009920974201040588
7826,-5.499529149256349,0.009920974201040588
7827,-3.887208327267522,0.009920974201040588
7828,-3.711210753169939,0.009920974201040588
7829,-1.8861632165967297,0.009920974201040588
7830,-1.9007355569180633,0.009920974201040588
7831,-1.9192755225162967,0.009920974201040588
7832,-3.550274740035793,0.009920974201040588
7833,-6.5338070855907056,0.009920974201040588
7834,-4.890628111433523,0.009920974201040588
7835,-3.910250208614893,0.009920974201040588
7836,-1.8489415660182493,0.009920974201040588
7837,-3.4850037523965303,0.009920974201040588
7838,-8.98635702299416,0.009920974201040588
7839,-3.4218158049611977,0.009920974201040588
7840,-7.378269987500806,0.009920974201040588
7841,-9.840330242140304,0.009920974201040588
7842,-8.402791863076528,0.009920974201040588
7843,-4.485747296319547,0.009920974201040588
7844,-2.519507224855775,0.009920974201040588
7845,-2.5370629270798997,0.009920974201040588
7846,-5.097697899850816,0.009920974201040588
7847,-7.173919330055263,0.009920974201040588
7848,-6.248112072096863,0.009920974201040588
7849,-3.5159414155245043,0.009920974201040588
7850,-3.4132912068416843,0.009920974201040588
7851,-8.71414400634703,0.009920974201040588
7852,-4.529887644237461,0.009920974201040588
7853,-4.6868981117053075,0.009920974201040588
7854,-7.8215728073725845,0.009920974201040588
7855,-6.445267665788053,0.009920974201040588
7856,-2.6011599526482883,0.009920974201040588
7857,-4.605473844032874,0.009920974201040588
7858,-8.428462225434847,0.009920974201040588
7859,-4.325607749318897,0.009920974201040588
7860,-4.978895690295326,0.009920974201040588
7861,-4.926562702732948,0.009920974201040588
7862,-4.935423230109728,0.009920974201040588
7863,-7.2409141513868125,0.009920974201040588
7864,-5.320958868975026,0.009920974201040588
7865,-4.580355950187091,0.009920974201040588
7866,-7.12902089413613,0.009920974201040588
7867,-6.899868810329604,0.009920974201040588
7868,-5.496536806538581,0.009920974201040588
7869,-5.489115342409141,0.009920974201040588
7870,-3.6325529350060686,0.009920974201040588
7871,-3.5610231668784627,0.009920974201040588
7872,-4.665672180194324,0.009920974201040588
7873,-6.760271104710334,0.009920974201040588
7874,-5.95764426090207,0.009920974201040588
7875,-8.504218350478041,0.009920974201040588
7876,-8.844911639585918,0.009920974201040588
7877,-8.984286583617118,0.009920974201040588
7878,-9.213153831524565,0.009920974201040588
7879,-7.332899676640533,0.009920974201040588
7880,-9.32780776215618,0.009920974201040588
7881,-11.091790731016292,0.009920974201040588
7882,-10.743997811226713,0.009920974201040588
7883,-8.15971685289274,0.009920974201040588
7884,-9.502115020381293,0.009920974201040588
7885,-5.013190107078031,0.009920974201040588
7886,-10.544258830026948,0.009920974201040588
7887,-5.174372003820254,0.009920974201040588
7888,-6.362702227865119,0.009920974201040588
7889,-5.626133104135793,0.009920974201040588
7890,-6.12338968889453,0.009920974201040588
7891,-8.654725356932978,0.009920974201040588
7892,-8.246290466564325,0.009920974201040588
7893,-7.971527672856483,0.009920974201040588
7894,-8.06793875234317,0.009920974201040588
7895,-6.254584683772232,0.009920974201040588
7896,-10.243298101215897,0.009920974201040588
7897,-10.32291256588179,0.009920974201040588
7898,-9.76670442680558,0.009920974201040588
7899,-7.147913963783717,0.009920974201040588
7900,-2.368337166417164,0.009920974201040588
7901,-5.169803889647542,0.009920974201040588
7902,-6.018808193720363,0.009920974201040588
7903,-2.200559756800731,0.009920974201040588
7904,-2.64464656462804,0.009920974201040588
7905,-5.610554272856807,0.009920974201040588
7906,-2.4167336888935553,0.009920974201040588
7907,-3.182220437223545,0.009920974201040588
7908,-5.635608523273882,0.009920974201040588
7909,-2.4532833070144635,0.009920974201040588
7910,-2.6784765176188547,0.009920974201040588
7911,-5.6923765294699,0.009920974201040588
7912,-2.0250660637584406,0.009920974201040588
7913,-2.1464460246194377,0.009920974201040588
7914,-2.5141702691935723,0.009920974201040588
7915,-3.5956326989348617,0.009920974201040588
7916,-4.880992670284699,0.009920974201040588
7917,-5.434469309294647,0.009920974201040588
7918,-5.16319870152905,0.009920974201040588
7919,-2.1175683848248164,0.009920974201040588
7920,-8.142816520076835,0.009920974201040588
7921,-2.872264106219065,0.009920974201040588
7922,-4.804719054089069,0.009920974201040588
7923,-2.850746557277112,0.009920974201040588
7924,-3.274998018890332,0.009920974201040588
7925,-3.1182753302524535,0.009920974201040588
7926,-5.373882163432715,0.009920974201040588
7927,-2.0345553419163886,0.009920974201040588
7928,-5.726398456047086,0.009920974201040588
7929,-2.8869712090879025,0.009920974201040588
7930,-6.252655162645329,0.009920974201040588
7931,-2.411378963509018,0.009920974201040588
7932,-6.916941452077158,0.009920974201040588
7933,-2.673465422918849,0.009920974201040588
7934,-2.1948455526910298,0.009920974201040588
7935,-3.733406160406056,0.009920974201040588
7936,-8.223182188712688,0.009920974201040588
7937,-6.666803465120344,0.009920974201040588
7938,-6.276682620625249,0.009920974201040588
7939,-2.0615872383350444,0.009920974201040588
7940,-5.603746782087205,0.009920974201040588
7941,-3.5807216318718815,0.009920974201040588
7942,-6.301616205460761,0.009920974201040588
7943,-5.547610755772728,0.009920974201040588
7944,-7.30845893365712,0.009920974201040588
7945,-3.5760586531424043,0.009920974201040588
7946,-5.8130291618551215,0.009920974201040588
7947,-2.119023432546311,0.009920974201040588
7948,-7.8899853988678075,0.009920974201040588
7949,-2.4283997064095857,0.009920974201040588
7950,-3.8891484718935105,0.009920974201040588
7951,-5.748128920728478,0.009920974201040588
7952,-3.416686390133919,0.009920974201040588
7953,-6.793951861309871,0.009920974201040588
7954,-5.292704443607659,0.009920974201040588
7955,-2.400844950348727,0.009920974201040588
7956,-5.696473952040543,0.009920974201040588
7957,-6.629764287844957,0.009920974201040588
7958,-6.4245222786649645,0.009920974201040588
7959,-6.074430810770778,0.009920974201040588
7960,-5.621141757554931,0.009920974201040588
7961,-5.036447196158626,0.009920974201040588
7962,-6.653220068214283,0.009920974201040588
7963,-4.608697574440939,0.009920974201040588
7964,-5.101863722962783,0.009920974201040588
7965,-3.233199059989067,0.009920974201040588
7966,-5.177385090075543,0.009920974201040588
7967,-5.133715987982101,0.009920974201040588
7968,-5.110560661667718,0.009920974201040588
7969,-5.346839116402365,0.009920974201040588
7970,-6.065242821946621,0.009920974201040588
7971,-4.129161968846758,0.009920974201040588
7972,-4.86746855232342,0.009920974201040588
7973,-5.55741286967575,0.009920974201040588
7974,-1.861860217898414,0.009920974201040588
7975,-6.3815424737289606,0.009920974201040588
7976,-3.3960567178521166,0.009920974201040588
7977,-3.0649753214129145,0.009920974201040588
7978,-5.161186926718543,0.009920974201040588
7979,-6.693546659737139,0.009920974201040588
7980,-5.192254020901942,0.009920974201040588
7981,-4.0475296645634735,0.009920974201040588
7982,-4.135101250937064,0.009920974201040588
7983,-4.647820668782896,0.009920974201040588
7984,-5.691963144649204,0.009920974201040588
7985,-5.684579690806372,0.009920974201040588
7986,-2.9715388912131986,0.009920974201040588
7987,-6.371320349697929,0.009920974201040588
7988,-3.4723623484863575,0.009920974201040588
7989,-6.286269608345771,0.009920974201040588
7990,-5.726757236983616,0.009920974201040588
7991,-2.661034990546839,0.009920974201040588
7992,-6.7890318343686396,0.009920974201040588
7993,-3.9896009290882715,0.009920974201040588
7994,-2.1380766656157664,0.009920974201040588
7995,-2.7967500075291483,0.009920974201040588
7996,-3.6160181495866515,0.009920974201040588
7997,-6.520974630767872,0.009920974201040588
7998,-5.2558717599015825,0.009920974201040588
7999,-6.092854068750853,0.009920974201040588
8000,-3.1573422424353046,0.009920974201040588
8001,-2.7770825526461094,0.009920974201040588
8002,-2.9012451714172385,0.009920974201040588
8003,-4.00208694394652,0.009920974201040588
8004,-5.315260414400818,0.009920974201040588
8005,-4.546645594536207,0.009920974201040588
8006,-4.303618988425954,0.009920974201040588
8007,-1.9871297953840754,0.009920974201040588
8008,-2.6026318379919533,0.009920974201040588
8009,-6.2258454888848025,0.009920974201040588
8010,-2.6403484461225055,0.009920974201040588
8011,-4.244300751143733,0.009920974201040588
8012,-6.611457407858682,0.009920974201040588
8013,-3.58471897255119,0.009920974201040588
8014,-4.328499644642666,0.009920974201040588
8015,-5.3797439644614515,0.009920974201040588
8016,-2.3767044930191163,0.009920974201040588
8017,-5.6024914297815975,0.009920974201040588
8018,-6.251148521052405,0.009920974201040588
8019,-3.9734664595866724,0.009920974201040588
8020,-1.2720811912234535,0.009920974201040588
8021,-3.822800201375764,0.009920974201040588
8022,-3.026185157611782,0.009920974201040588
8023,-3.0425072180161736,0.009920974201040588
8024,-6.43638189967898,0.009920974201040588
8025,-5.889876254740417,0.009920974201040588
8026,-6.384182235027973,0.009920974201040588
8027,-2.0211542966496756,0.009920974201040588
8028,-6.052003499664972,0.009920974201040588
8029,-5.634793356409363,0.009920974201040588
8030,-2.5239341793285495,0.009920974201040588
8031,-4.917885269027218,0.009920974201040588
8032,-3.0697667756434135,0.009920974201040588
8033,-4.324853537072864,0.009920974201040588
8034,-5.124194423528132,0.009920974201040588
8035,-2.513651376239062,0.009920974201040588
8036,-2.519507224855775,0.009920974201040588
8037,-4.393400916675211,0.009920974201040588
8038,-4.604087280056161,0.009920974201040588
8039,-5.171178641291574,0.009920974201040588
8040,-4.938273358721245,0.009920974201040588
8041,-4.470165647341312,0.009920974201040588
8042,-3.4436692612662334,0.009920974201040588
8043,-2.5057000871093047,0.009920974201040588
8044,-4.002674350471069,0.009920974201040588
8045,-3.47308769033556,0.009920974201040588
8046,-3.540811128163811,0.009920974201040588
8047,-8.47835958417848,0.009920974201040588
8048,-2.6011599526482883,0.009920974201040588
8049,-4.579244591823061,0.009920974201040588
8050,-2.415799153667191,0.009920974201040588
8051,-4.999042622390217,0.009920974201040588
8052,-2.574803122212919,0.009920974201040588
8053,-2.5695952776071844,0.009920974201040588
8054,-2.5698277682669524,0.009920974201040588
8055,-5.717204198033316,0.009920974201040588
8056,-6.812931487812372,0.009920974201040588
8057,-2.5704855173581382,0.009920974201040588
8058,-7.8214949075765565,0.009920974201040588
8059,-6.3623389614347685,0.009920974201040588
8060,-5.028233357064616,0.009920974201040588
8061,-5.475582009075808,0.009920974201040588
8062,-5.49843502730866,0.009920974201040588
8063,-6.694706187482253,0.009920974201040588
8064,-4.784058178234745,0.009920974201040588
8065,-6.626886413796326,0.009920974201040588
8066,-5.6758120342843865,0.009920974201040588
8067,-6.609048396033376,0.009920974201040588
8068,-6.444219331577543,0.009920974201040588
8069,-2.4221659645681504,0.009920974201040588
8070,-2.42675457481627,0.009920974201040588
8071,-6.778786376021997,0.009920974201040588
8072,-6.491454695643312,0.009920974201040588
8073,-4.877326141005719,0.009920974201040588
8074,-5.220887964634086,0.009920974201040588
8075,-5.94383272451452,0.009920974201040588
8076,-6.867210861227529,0.009920974201040588
8077,-5.10124392050936,0.009920974201040588
8078,-7.291376984039916,0.009920974201040588
8079,-7.465218108104617,0.009920974201040588
8080,-6.659556381658798,0.009920974201040588
8081,-5.603464440572428,0.009920974201040588
8082,-5.174616095915031,0.009920974201040588
8083,-6.083909852422283,0.009920974201040588
8084,-5.858603155857801,0.009920974201040588
8085,-5.320166065829604,0.009920974201040588
8086,-4.804423527687262,0.009920974201040588
8087,-4.366098126058823,0.009920974201040588
8088,-6.604491663052867,0.009920974201040588
8089,-4.670759285666103,0.009920974201040588
8090,-5.242739470724012,0.009920974201040588
8091,-4.970353557757739,0.009920974201040588
8092,-2.516887576615458,0.009920974201040588
8093,-3.053442735992248,0.009920974201040588
8094,-5.584525028099449,0.009920974201040588
8095,-5.637807666227079,0.009920974201040588
8096,-2.966742501733862,0.009920974201040588
8097,-5.286386387538808,0.009920974201040588
8098,-2.275607306337206,0.009920974201040588
8099,-5.144157349997474,0.009920974201040588
8100,-6.905684754270911,0.009920974201040588
8101,-4.831950527145274,0.009920974201040588
8102,-2.847904085158476,0.009920974201040588
8103,-2.597533456512186,0.009920974201040588
8104,-6.413514422709982,0.009920974201040588
8105,-7.826767203553082,0.009920974201040588
8106,-6.426817222559075,0.009920974201040588
8107,-7.624738553276437,0.009920974201040588
8108,-4.750869019635861,0.009920974201040588
8109,-3.9967820545219372,0.009920974201040588
8110,-5.517608656801615,0.009920974201040588
8111,-5.366001877358043,0.009920974201040588
8112,-2.027146305059345,0.009920974201040588
8113,-3.0591894152457453,0.009920974201040588
8114,-4.452005368775772,0.009920974201040588
8115,-3.9685953546199566,0.009920974201040588
8116,-2.3555769614663977,0.009920974201040588
8117,-5.4279239419948,0.009920974201040588
8118,-6.022976539608071,0.009920974201040588
8119,-5.376885944814109,0.009920974201040588
8120,-5.467981540268422,0.009920974201040588
8121,-5.6901105697799075,0.009920974201040588
8122,-6.028903580480016,0.009920974201040588
8123,-3.5096014045031882,0.009920974201040588
8124,-4.11206352982694,0.009920974201040588
8125,-4.486674338266555,0.009920974201040588
8126,-5.4004449033667505,0.009920974201040588
8127,-5.900560457460417,0.009920974201040588
8128,-4.476839517748506,0.009920974201040588
8129,-4.904595517669831,0.009920974201040588
8130,-1.6465047369006465,0.009920974201040588
8131,-6.55043656845983,0.009920974201040588
8132,-4.806179580494202,0.009920974201040588
8133,-4.844757673885483,0.009920974201040588
8134,-5.300295713701929,0.009920974201040588
8135,-4.960707305971687,0.009920974201040588
8136,-1.6730862100642026,0.009920974201040588
8137,-6.260865476067635,0.009920974201040588
8138,-4.442506016097623,0.009920974201040588
8139,-5.582742973769902,0.009920974201040588
8140,-5.866358529256633,0.009920974201040588
8141,-6.04555528580458,0.009920974201040588
8142,-3.2026290645604436,0.009920974201040588
8143,-5.114053457402307,0.009920974201040588
8144,-5.2297128377510305,0.009920974201040588
8145,-5.554124546102103,0.009920974201040588
8146,-5.5283179455534395,0.009920974201040588
8147,-5.059773710668702,0.009920974201040588
8148,-5.432868153640436,0.009920974201040588
8149,-5.684270588818283,0.009920974201040588
8150,-4.76687451334759,0.009920974201040588
8151,-2.5335694195677485,0.009920974201040588
8152,-4.7671593931306475,0.009920974201040588
8153,-2.68846682775622,0.009920974201040588
8154,-5.528878278641896,0.009920974201040588
8155,-5.424722193052298,0.009920974201040588
8156,-6.467069267172784,0.009920974201040588
8157,-5.628047284059546,0.009920974201040588
8158,-5.263859242607149,0.009920974201040588
8159,-6.053804174614682,0.009920974201040588
8160,-5.927698267208531,0.009920974201040588
8161,-5.987586164663316,0.009920974201040588
8162,-4.7259137159751345,0.009920974201040588
8163,-6.1994895564259185,0.009920974201040588
8164,-6.22243835653743,0.009920974201040588
8165,-6.0399853603253035,0.009920974201040588
8166,-6.327759417375885,0.009920974201040588
8167,-6.416992582561559,0.009920974201040588
8168,-5.799821552927723,0.009920974201040588
8169,-3.3866421483083053,0.009920974201040588
8170,-6.115122389477764,0.009920974201040588
8171,-4.680075388038111,0.009920974201040588
8172,-4.89543176257698,0.009920974201040588
8173,-5.095459004075207,0.009920974201040588
8174,-6.006940065605887,0.009920974201040588
8175,-4.917905432111256,0.009920974201040588
8176,-5.562963411498071,0.009920974201040588
8177,-4.981172815494897,0.009920974201040588
8178,-7.192556185320083,0.009920974201040588
8179,-5.726230281786121,0.009920974201040588
8180,-7.444600227881114,0.009920974201040588
8181,-5.992916989531932,0.009920974201040588
8182,-3.452405937359642,0.009920974201040588
8183,-4.7621561513819355,0.009920974201040588
8184,-7.252518296089539,0.009920974201040588
8185,-5.779007107057257,0.009920974201040588
8186,-5.032158476751045,0.009920974201040588
8187,-6.245316573219447,0.009920974201040588
8188,-5.096904796910927,0.009920974201040588
8189,-4.751103535127154,0.009920974201040588
8190,-4.345953899049461,0.009920974201040588
8191,-5.177348807950242,0.009920974201040588
8192,-1.9909584284793964,0.009920974201040588
8193,-5.3934707031211975,0.009920974201040588
8194,-5.3584153506003,0.009920974201040588
8195,-3.8286572451188765,0.009920974201040588
8196,-7.64845425554962,0.009920974201040588
8197,-6.345590875080751,0.009920974201040588
8198,-7.086850671752427,0.009920974201040588
8199,-5.813217999018263,0.009920974201040588
8200,-3.2153766587546544,0.009920974201040588
8201,-1.917235404962848,0.009920974201040588
8202,-2.6167554324549975,0.009920974201040588
8203,-2.589873620657706,0.009920974201040588
8204,-4.7224902690729635,0.009920974201040588
8205,-5.663858926110949,0.009920974201040588
8206,-4.524949292006059,0.009920974201040588
8207,-6.771808377125884,0.009920974201040588
8208,-3.1215068297916133,0.009920974201040588
8209,-1.5001506942673557,0.009920974201040588
8210,-4.8051711338405285,0.009920974201040588
8211,-3.1213853659874253,0.009920974201040588
8212,-4.717344176349965,0.009920974201040588
8213,-5.623543594522653,0.009920974201040588
8214,-2.2637282341746516,0.009920974201040588
8215,-5.1047325866390345,0.009920974201040588
8216,-5.758861622532067,0.009920974201040588
8217,-6.321694614418405,0.009920974201040588
8218,-5.8608709759653355,0.009920974201040588
8219,-5.03634096224242,0.009920974201040588
8220,-3.179244069302528,0.009920974201040588
8221,-2.5379827578315886,0.009920974201040588
8222,-3.366790781947115,0.009920974201040588
8223,-2.29938511836112,0.009920974201040588
8224,-5.630233350092814,0.009920974201040588
8225,-2.774275826558756,0.009920974201040588
8226,-5.631723605946976,0.009920974201040588
8227,-4.96456523228799,0.009920974201040588
8228,-3.3493217087520497,0.009920974201040588
8229,-1.9944523847587452,0.009920974201040588
8230,-4.940967316657465,0.009920974201040588
8231,-4.436120431650872,0.009920974201040588
8232,-2.5173153736428984,0.009920974201040588
8233,-6.9600655781641105,0.009920974201040588
8234,-7.256621401975609,0.009920974201040588
8235,-4.9369478986896045,0.009920974201040588
8236,-3.64246313883552,0.009920974201040588
8237,-5.164510106888532,0.009920974201040588
8238,-3.6402620476352983,0.009920974201040588
8239,-3.772868808841308,0.009920974201040588
8240,-3.744372464038449,0.009920974201040588
8241,-3.6762064361497355,0.009920974201040588
8242,-6.316865237422997,0.009920974201040588
8243,-6.135055159327859,0.009920974201040588
8244,-2.054544282822241,0.009920974201040588
8245,-5.634968465049494,0.009920974201040588
8246,-7.023479606227763,0.009920974201040588
8247,-4.65496393999913,0.009920974201040588
8248,-5.757445531897796,0.009920974201040588
8249,-7.160387100735559,0.009920974201040588
8250,-2.576116507196198,0.009920974201040588
8251,-6.025245779249182,0.009920974201040588
8252,-3.2732615872001567,0.009920974201040588
8253,-4.658330654285991,0.009920974201040588
8254,-5.046350969629287,0.009920974201040588
8255,-4.345634962574,0.009920974201040588
8256,-6.592128982371364,0.009920974201040588
8257,-6.989275090936479,0.009920974201040588
8258,-3.7195831723572286,0.009920974201040588
8259,-4.672389979146114,0.009920974201040588
8260,-3.716513089738944,0.009920974201040588
8261,-4.779209678224472,0.009920974201040588
8262,-5.306504236415144,0.009920974201040588
8263,-5.538224319943312,0.009920974201040588
8264,-4.787364803257816,0.009920974201040588
8265,-5.408155549647951,0.009920974201040588
8266,-4.710075779479393,0.009920974201040588
8267,-4.628849562228957,0.009920974201040588
8268,-4.789756179762197,0.009920974201040588
8269,-4.961379348205061,0.009920974201040588
8270,-5.634261240173501,0.009920974201040588
8271,-4.889830000847809,0.009920974201040588
8272,-5.6294725739770115,0.009920974201040588
8273,-6.27797915932905,0.009920974201040588
8274,-3.652561146411611,0.009920974201040588
8275,-5.200527523575616,0.009920974201040588
8276,-5.604398026193361,0.009920974201040588
8277,-4.849088162452144,0.009920974201040588
8278,-6.8860470153526965,0.009920974201040588
8279,-6.321691198548587,0.009920974201040588
8280,-5.969859864281441,0.009920974201040588
8281,-8.3699558907471,0.009920974201040588
8282,-4.83580699314018,0.009920974201040588
8283,-3.9452996859094083,0.009920974201040588
8284,-4.877143064330303,0.009920974201040588
8285,-4.881993188380365,0.009920974201040588
8286,-5.234243494647023,0.009920974201040588
8287,-4.692055183495102,0.009920974201040588
8288,-4.687318361863361,0.009920974201040588
8289,-2.9559266508419957,0.009920974201040588
8290,-6.337927773394287,0.009920974201040588
8291,-2.318296939679285,0.009920974201040588
8292,-6.092328304674631,0.009920974201040588
8293,-1.9943363723582748,0.009920974201040588
8294,-2.109994728301164,0.009920974201040588
8295,-5.543655692666464,0.009920974201040588
8296,-5.165651250391648,0.009920974201040588
8297,-2.3170278839473606,0.009920974201040588
8298,-2.285521579913305,0.009920974201040588
8299,-2.344558062658753,0.009920974201040588
8300,-5.95386273590888,0.009920974201040588
8301,-4.511759724336041,0.009920974201040588
8302,-5.955955813936398,0.009920974201040588
8303,-4.327453856683613,0.009920974201040588
8304,-2.1240543797433564,0.009920974201040588
8305,-4.792914086552746,0.009920974201040588
8306,-1.7577743790479634,0.009920974201040588
8307,-5.0289991404367616,0.009920974201040588
8308,-5.486413169549282,0.009920974201040588
8309,-3.021248383065255,0.009920974201040588
8310,-5.483465749313057,0.009920974201040588
8311,-3.1359404185329294,0.009920974201040588
8312,-3.748705646366134,0.009920974201040588
8313,-2.0821515164722015,0.009920974201040588
8314,-5.754090147430842,0.009920974201040588
8315,-2.818252188375366,0.009920974201040588
8316,-2.752266657245308,0.009920974201040588
8317,-5.55835417140303,0.009920974201040588
8318,-4.049674285174867,0.009920974201040588
8319,-4.201651650892137,0.009920974201040588
8320,-3.9512027808851453,0.009920974201040588
8321,-5.481966627928129,0.009920974201040588
8322,-6.539630726704971,0.009920974201040588
8323,-5.867324103355279,0.009920974201040588
8324,-5.186953829822456,0.009920974201040588
8325,-2.871260735126583,0.009920974201040588
8326,-3.9987575726269426,0.009920974201040588
8327,-5.57272944374416,0.009920974201040588
8328,-5.726605476413555,0.009920974201040588
8329,-4.804129695166904,0.009920974201040588
8330,-5.911906520141818,0.009920974201040588
8331,-6.032838838469507,0.009920974201040588
8332,-5.5125498264169694,0.009920974201040588
8333,-8.121309207125783,0.009920974201040588
8334,-5.920617048074405,0.009920974201040588
8335,-5.776533685489593,0.009920974201040588
8336,-2.182619585215117,0.009920974201040588
8337,-5.856323182476774,0.009920974201040588
8338,-2.941972492840029,0.009920974201040588
8339,-4.41863003963689,0.009920974201040588
8340,-1.475415004682357,0.009920974201040588
8341,-3.7696313879388423,0.009920974201040588
8342,-4.900448646312343,0.009920974201040588
8343,-1.4845434989415052,0.009920974201040588
8344,-5.75314369207719,0.009920974201040588
8345,-1.489215660150868,0.009920974201040588
8346,-4.580365550579032,0.009920974201040588
8347,-5.547296455191417,0.009920974201040588
8348,-6.301931827447609,0.009920974201040588
8349,-4.574834501613541,0.009920974201040588
8350,-1.5012389093903558,0.009920974201040588
8351,-6.593783716118471,0.009920974201040588
8352,-4.678982487508129,0.009920974201040588
8353,-7.534306772072488,0.009920974201040588
8354,-3.0329959042337737,0.009920974201040588
8355,-4.443699005750892,0.009920974201040588
8356,-5.380351144151425,0.009920974201040588
8357,-6.301312008921991,0.009920974201040588
8358,-4.854201854137729,0.009920974201040588
8359,-5.542568379445322,0.009920974201040588
8360,-3.070043970184007,0.009920974201040588
8361,-3.070576510278409,0.009920974201040588
8362,-6.115845204675763,0.009920974201040588
8363,-2.703026021346199,0.009920974201040588
8364,-5.475610980474762,0.009920974201040588
8365,-7.370164626915298,0.009920974201040588
8366,-4.66906171572216,0.009920974201040588
8367,-3.0966554604065726,0.009920974201040588
8368,-2.5518058658373297,0.009920974201040588
8369,-2.5497668668763724,0.009920974201040588
8370,-5.933279024336085,0.009920974201040588
8371,-8.327732158561151,0.009920974201040588
8372,-2.594304037069314,0.009920974201040588
8373,-4.287084052445432,0.009920974201040588
8374,-3.145895030218909,0.009920974201040588
8375,-6.54158108427904,0.009920974201040588
8376,-3.16007556174476,0.009920974201040588
8377,-5.1696902045132855,0.009920974201040588
8378,-3.1736578748618087,0.009920974201040588
8379,-6.290413532111153,0.009920974201040588
8380,-4.627946602361332,0.009920974201040588
8381,-4.30503292057494,0.009920974201040588
8382,-4.527833433288248,0.009920974201040588
8383,-4.207184940748171,0.009920974201040588
8384,-5.3509576260676,0.009920974201040588
8385,-4.78834589145164,0.009920974201040588
8386,-6.108775103682017,0.009920974201040588
8387,-3.37051005128559,0.009920974201040588
8388,-6.079362799812045,0.009920974201040588
8389,-5.061815256982168,0.009920974201040588
8390,-5.424845948341949,0.009920974201040588
8391,-6.330017299520019,0.009920974201040588
8392,-2.9597719482633438,0.009920974201040588
8393,-8.332964063426108,0.009920974201040588
8394,-6.176451417152358,0.009920974201040588
8395,-5.938629884793107,0.009920974201040588
8396,-4.738268610351354,0.009920974201040588
8397,-6.088431345724192,0.009920974201040588
8398,-5.023143378750999,0.009920974201040588
8399,-6.697906130768637,0.009920974201040588
8400,-2.1828495316435554,0.009920974201040588
8401,-3.218191459111237,0.009920974201040588
8402,-5.816174375919156,0.009920974201040588
8403,-3.792565313302607,0.009920974201040588
8404,-4.312221925949625,0.009920974201040588
8405,-6.711654058350732,0.009920974201040588
8406,-5.916793300744814,0.009920974201040588
8407,-1.905387001386273,0.009920974201040588
8408,-6.3205620031733964,0.009920974201040588
8409,-5.75236010066753,0.009920974201040588
8410,-7.328987150415756,0.009920974201040588
8411,-5.251555999874693,0.009920974201040588
8412,-4.51189718856242,0.009920974201040588
8413,-2.547813175469033,0.009920974201040588
8414,-5.763102418433638,0.009920974201040588
8415,-5.015205320291502,0.009920974201040588
8416,-6.3813092399297755,0.009920974201040588
8417,-1.9258142653467423,0.009920974201040588
8418,-5.834370903271201,0.009920974201040588
8419,-7.050444759875988,0.009920974201040588
8420,-5.644917063887018,0.009920974201040588
8421,-3.6345654213952674,0.009920974201040588
8422,-6.309997251890886,0.009920974201040588
8423,-2.3393766185010483,0.009920974201040588
8424,-4.000446726713754,0.009920974201040588
8425,-4.541344742859751,0.009920974201040588
8426,-5.7748594278892575,0.009920974201040588
8427,-1.914330521643461,0.009920974201040588
8428,-5.3055749531943155,0.009920974201040588
8429,-5.300123226649784,0.009920974201040588
8430,-7.315003181677389,0.009920974201040588
8431,-5.389965724563185,0.009920974201040588
8432,-4.437398422013473,0.009920974201040588
8433,-6.29529951266537,0.009920974201040588
8434,-5.204657839521977,0.009920974201040588
8435,-2.0047682226993526,0.009920974201040588
8436,-5.766337886107159,0.009920974201040588
8437,-1.7843926521179008,0.009920974201040588
8438,-4.231571801143327,0.009920974201040588
8439,-1.8315568698145075,0.009920974201040588
8440,-1.7848574163929043,0.009920974201040588
8441,-4.8443809092749435,0.009920974201040588
8442,-4.341224637634535,0.009920974201040588
8443,-4.20233898023584,0.009920974201040588
8444,-4.870715885974962,0.009920974201040588
8445,-5.088795654284248,0.009920974201040588
8446,-1.7965581779356623,0.009920974201040588
8447,-3.1950130358509075,0.009920974201040588
8448,-3.2470605484130384,0.009920974201040588
8449,-3.487751250250262,0.009920974201040588
8450,-1.8644102321464309,0.009920974201040588
8451,-3.161207139438953,0.009920974201040588
8452,-2.000724326873309,0.009920974201040588
8453,-2.1328624207216604,0.009920974201040588
8454,-4.3760203506972,0.009920974201040588
8455,-7.521029320675952,0.009920974201040588
8456,-4.422686160519566,0.009920974201040588
8457,-6.0962394901096015,0.009920974201040588
8458,-4.486221324915885,0.009920974201040588
8459,-4.5191286801918755,0.009920974201040588
8460,-4.542514820129326,0.009920974201040588
8461,-3.3095420650064424,0.009920974201040588
8462,-3.7523457863162357,0.009920974201040588
8463,-5.102150238913797,0.009920974201040588
8464,-6.081542974119051,0.009920974201040588
8465,-4.837159079191747,0.009920974201040588
8466,-4.285695793002817,0.009920974201040588
8467,-4.077044226847899,0.009920974201040588
8468,-3.7582752416168157,0.009920974201040588
8469,-3.3399686600648057,0.009920974201040588
8470,-3.517842779249654,0.009920974201040588
8471,-3.818923514477203,0.009920974201040588
8472,-4.122177625595951,0.009920974201040588
8473,-3.979037728693922,0.009920974201040588
8474,-4.613973989571592,0.009920974201040588
8475,-4.616218032009516,0.009920974201040588
8476,-5.783876365151231,0.009920974201040588
8477,-4.630410712491533,0.009920974201040588
8478,-4.994324994356207,0.009920974201040588
8479,-4.550044318323253,0.009920974201040588
8480,-5.314666300899052,0.009920974201040588
8481,-3.2759609488224486,0.009920974201040588
8482,-4.763400649501312,0.009920974201040588
8483,-3.9296211150893425,0.009920974201040588
8484,-3.277545859764576,0.009920974201040588
8485,-6.888035279575972,0.009920974201040588
8486,-3.67594193436988,0.009920974201040588
8487,-2.936550447624863,0.009920974201040588
8488,-6.651167380511859,0.009920974201040588
8489,-2.4601057974103995,0.009920974201040588
8490,-2.7757378674908018,0.009920974201040588
8491,-3.876685364719905,0.009920974201040588
8492,-3.0884176180148466,0.009920974201040588
8493,-4.444316329587989,0.009920974201040588
8494,-2.727291179629976,0.009920974201040588
8495,-5.600977024864309,0.009920974201040588
8496,-8.263792726173525,0.009920974201040588
8497,-4.711308291617019,0.009920974201040588
8498,-5.407440512134088,0.009920974201040588
8499,-4.345513852833085,0.009920974201040588
8500,-4.129424414758938,0.009920974201040588
8501,-2.414504415970291,0.009920974201040588
8502,-2.471705404001712,0.009920974201040588
8503,-4.687487352020114,0.009920974201040588
8504,-5.039010597668209,0.009920974201040588
8505,-4.659978940784692,0.009920974201040588
8506,-2.4897733853088457,0.009920974201040588
8507,-4.394646741802898,0.009920974201040588
8508,-5.692076009299326,0.009920974201040588
8509,-4.917914807322344,0.009920974201040588
8510,-5.925894793707625,0.009920974201040588
8511,-8.02685720488169,0.009920974201040588
8512,-4.046049354690472,0.009920974201040588
8513,-6.2937710599661,0.009920974201040588
8514,-3.2270751172125918,0.009920974201040588
8515,-6.060229318300234,0.009920974201040588
8516,-3.8122156749264327,0.009920974201040588
8517,-3.1527939720214926,0.009920974201040588
8518,-6.298416133234499,0.009920974201040588
8519,-2.552232435384399,0.009920974201040588
8520,-4.099930809029407,0.009920974201040588
8521,-5.426723599254911,0.009920974201040588
8522,-6.273424247018516,0.009920974201040588
8523,-6.478034657103795,0.009920974201040588
8524,-4.421535146126073,0.009920974201040588
8525,-4.951438930889712,0.009920974201040588
8526,-6.294373909052825,0.009920974201040588
8527,-5.801654267374054,0.009920974201040588
8528,-4.790458954126216,0.009920974201040588
8529,-3.4321404748382895,0.009920974201040588
8530,-5.99050497006048,0.009920974201040588
8531,-3.0504025965091257,0.009920974201040588
8532,-6.723582617672243,0.009920974201040588
8533,-6.605280700370738,0.009920974201040588
8534,-7.430835387930056,0.009920974201040588
8535,-5.672975935574455,0.009920974201040588
8536,-5.358620787725525,0.009920974201040588
8537,-2.2074626262704875,0.009920974201040588
8538,-4.552081242461476,0.009920974201040588
8539,-5.0945900678844716,0.009920974201040588
8540,-7.606096672464986,0.009920974201040588
8541,-4.937977630763089,0.009920974201040588
8542,-5.140908269252841,0.009920974201040588
8543,-5.806311955012337,0.009920974201040588
8544,-1.9803049181903474,0.009920974201040588
8545,-5.005368583226623,0.009920974201040588
8546,-5.665208888713759,0.009920974201040588
8547,-5.81787173672552,0.009920974201040588
8548,-6.580958188081455,0.009920974201040588
8549,-5.769979400174897,0.009920974201040588
8550,-5.594771396239185,0.009920974201040588
8551,-5.448455542982746,0.009920974201040588
8552,-5.309952110775174,0.009920974201040588
8553,-4.59362780880965,0.009920974201040588
8554,-6.074921584267172,0.009920974201040588
8555,-5.43343571393714,0.009920974201040588
8556,-7.744574588940322,0.009920974201040588
8557,-5.567858712662119,0.009920974201040588
8558,-6.892423527339278,0.009920974201040588
8559,-5.416314545569332,0.009920974201040588
8560,-4.796681934533613,0.009920974201040588
8561,-5.485923205890018,0.009920974201040588
8562,-5.81888552300051,0.009920974201040588
8563,-5.678999607579344,0.009920974201040588
8564,-2.3492870870213025,0.009920974201040588
8565,-6.259964260043036,0.009920974201040588
8566,-2.3971530950332665,0.009920974201040588
8567,-4.123676129778465,0.009920974201040588
8568,-2.3466884311433827,0.009920974201040588
8569,-4.441869581270747,0.009920974201040588
8570,-4.679067030686781,0.009920974201040588
8571,-4.0713086446152635,0.009920974201040588
8572,-4.744721383426107,0.009920974201040588
8573,-4.6002962940536865,0.009920974201040588
8574,-5.696983348113288,0.009920974201040588
8575,-5.129072049197177,0.009920974201040588
8576,-4.775566065861538,0.009920974201040588
8577,-6.207886037574663,0.009920974201040588
8578,-5.92062301710436,0.009920974201040588
8579,-4.853327619950056,0.009920974201040588
8580,-6.93384275342437,0.009920974201040588
8581,-5.925386341777196,0.009920974201040588
8582,-2.1998315451351313,0.009920974201040588
8583,-2.7967500075291483,0.009920974201040588
8584,-2.1393740354403548,0.009920974201040588
8585,-7.235198287949965,0.009920974201040588
8586,-5.29195854013834,0.009920974201040588
8587,-6.501042069211417,0.009920974201040588
8588,-3.1573422424353046,0.009920974201040588
8589,-2.5121862030026296,0.009920974201040588
8590,-2.9012451714172385,0.009920974201040588
8591,-6.089994128027723,0.009920974201040588
8592,-4.831342813845048,0.009920974201040588
8593,-4.188385294444115,0.009920974201040588
8594,-4.388902802891502,0.009920974201040588
8595,-3.4485905444156457,0.009920974201040588
8596,-6.549071841588591,0.009920974201040588
8597,-2.7383347438436054,0.009920974201040588
8598,-6.892048687170796,0.009920974201040588
8599,-2.1334596877098235,0.009920974201040588
8600,-5.912176156382241,0.009920974201040588
8601,-1.8784631410160741,0.009920974201040588
8602,-4.328499644642666,0.009920974201040588
8603,-4.992672850368172,0.009920974201040588
8604,-6.003874452012997,0.009920974201040588
8605,-5.6024914297815975,0.009920974201040588
8606,-6.251148521052405,0.009920974201040588
8607,-4.094839442415383,0.009920974201040588
8608,-2.429676961769898,0.009920974201040588
8609,-2.378586954833458,0.009920974201040588
8610,-5.405855795120829,0.009920974201040588
8611,-3.257961108989652,0.009920974201040588
8612,-3.389020714082486,0.009920974201040588
8613,-5.3683472093201186,0.009920974201040588
8614,-4.8340229308034015,0.009920974201040588
8615,-4.2459439090807525,0.009920974201040588
8616,-4.811680895219695,0.009920974201040588
8617,-5.461510675215625,0.009920974201040588
8618,-5.465172751296382,0.009920974201040588
8619,-4.607086560708072,0.009920974201040588
8620,-5.073006801144518,0.009920974201040588
8621,-3.5366411927311585,0.009920974201040588
8622,-5.1573698872448634,0.009920974201040588
8623,-2.513651376239062,0.009920974201040588
8624,-4.527386311985373,0.009920974201040588
8625,-2.5370629270798997,0.009920974201040588
8626,-4.707043853222705,0.009920974201040588
8627,-6.098795921121692,0.009920974201040588
8628,-3.37018291070484,0.009920974201040588
8629,-3.364911090754159,0.009920974201040588
8630,-4.932301954094155,0.009920974201040588
8631,-4.5956402701731776,0.009920974201040588
8632,-5.1486916275121954,0.009920974201040588
8633,-4.663182738504933,0.009920974201040588
8634,-4.952736003307475,0.009920974201040588
8635,-4.475408280071071,0.009920974201040588
8636,-4.43272815424174,0.009920974201040588
8637,-4.47735157973171,0.009920974201040588
8638,-4.525865610732476,0.009920974201040588
8639,-4.641560460086052,0.009920974201040588
8640,-2.4112671261875582,0.009920974201040588
8641,-5.73660806988892,0.009920974201040588
8642,-2.5698277682669524,0.009920974201040588
8643,-4.922557590159941,0.009920974201040588
8644,-7.7506637281343345,0.009920974201040588
8645,-4.484115490078688,0.009920974201040588
8646,-3.6807629265903326,0.009920974201040588
8647,-3.649617653462368,0.009920974201040588
8648,-4.557045286179527,0.009920974201040588
8649,-3.566373990656719,0.009920974201040588
8650,-3.6165504760603713,0.009920974201040588
8651,-4.8480921329859505,0.009920974201040588
8652,-5.121555481232057,0.009920974201040588
8653,-4.963210478320605,0.009920974201040588
8654,-3.7008342869203275,0.009920974201040588
8655,-3.6532101791164786,0.009920974201040588
8656,-3.7712673593789523,0.009920974201040588
8657,-3.8043684350007716,0.009920974201040588
8658,-3.780770422404233,0.009920974201040588
8659,-3.7591234975967796,0.009920974201040588
8660,-4.784877951815214,0.009920974201040588
8661,-4.316255030865021,0.009920974201040588
8662,-5.481969955817033,0.009920974201040588
8663,-4.710224138572776,0.009920974201040588
8664,-4.648248480131125,0.009920974201040588
8665,-5.10124392050936,0.009920974201040588
8666,-5.178068890766457,0.009920974201040588
8667,-4.7834309864403775,0.009920974201040588
8668,-5.422343547215855,0.009920974201040588
8669,-4.537436490837138,0.009920974201040588
8670,-3.770774629270872,0.009920974201040588
8671,-3.7120780623116243,0.009920974201040588
8672,-5.151824328953124,0.009920974201040588
8673,-5.601457073037576,0.009920974201040588
8674,-5.254737472278654,0.009920974201040588
8675,-6.367340481637573,0.009920974201040588
8676,-4.906502972638805,0.009920974201040588
8677,-4.716425964985577,0.009920974201040588
8678,-5.052829847690628,0.009920974201040588
8679,-3.645890277713594,0.009920974201040588
8680,-2.6928811676769002,0.009920974201040588
8681,-3.38526549814481,0.009920974201040588
8682,-2.188545024284733,0.009920974201040588
8683,-5.631403046285513,0.009920974201040588
8684,-2.865743003157,0.009920974201040588
8685,-5.063532135638985,0.009920974201040588
8686,-4.1865500087717065,0.009920974201040588
8687,-2.0774857094739576,0.009920974201040588
8688,-2.553188997188009,0.009920974201040588
8689,-5.491947129897147,0.009920974201040588
8690,-4.971858298600296,0.009920974201040588
8691,-2.7884229739372017,0.009920974201040588
8692,-4.189847127736744,0.009920974201040588
8693,-4.458326465872941,0.009920974201040588
8694,-4.1985424765890205,0.009920974201040588
8695,-5.984856682824322,0.009920974201040588
8696,-5.761187511278026,0.009920974201040588
8697,-5.403701370934373,0.009920974201040588
8698,-6.290559764627122,0.009920974201040588
8699,-4.486983408885726,0.009920974201040588
8700,-2.129779273657034,0.009920974201040588
8701,-4.95566011348585,0.009920974201040588
8702,-7.121277060388911,0.009920974201040588
8703,-4.033582291547096,0.009920974201040588
8704,-2.278364676096587,0.009920974201040588
8705,-2.7329866477814497,0.009920974201040588
8706,-7.757883535308125,0.009920974201040588
8707,-3.9674208713356274,0.009920974201040588
8708,-6.3102342578618895,0.009920974201040588
8709,-6.035072278937972,0.009920974201040588
8710,-2.0103365439254066,0.009920974201040588
8711,-6.151572347401686,0.009920974201040588
8712,-4.790406519031688,0.009920974201040588
8713,-4.970652409599829,0.009920974201040588
8714,-4.999239314432743,0.009920974201040588
8715,-2.4589280805506,0.009920974201040588
8716,-3.407135516044558,0.009920974201040588
8717,-1.2552520308837174,0.009920974201040588
8718,-3.231925228962705,0.009920974201040588
8719,-3.8257020620261857,0.009920974201040588
8720,-4.961856985037118,0.009920974201040588
8721,-2.0426646696902275,0.009920974201040588
8722,-2.291891301612453,0.009920974201040588
8723,-6.328054950209788,0.009920974201040588
8724,-5.204097635163874,0.009920974201040588
8725,-5.724217815568617,0.009920974201040588
8726,-6.059151902143959,0.009920974201040588
8727,-3.750585562223275,0.009920974201040588
8728,-2.049551536104133,0.009920974201040588
8729,-3.8247434997715857,0.009920974201040588
8730,-4.771770954134339,0.009920974201040588
8731,-2.0615511476308113,0.009920974201040588
8732,-3.820110736421017,0.009920974201040588
8733,-3.5419760191352294,0.009920974201040588
8734,-3.5795665348258234,0.009920974201040588
8735,-3.5476299043252677,0.009920974201040588
8736,-4.33564035400717,0.009920974201040588
8737,-5.381169376609906,0.009920974201040588
8738,-4.278394734585728,0.009920974201040588
8739,-5.449208538349026,0.009920974201040588
8740,-4.853548163374423,0.009920974201040588
8741,-5.406185746052189,0.009920974201040588
8742,-3.976590082699949,0.009920974201040588
8743,-5.273622229025769,0.009920974201040588
8744,-4.919060226974231,0.009920974201040588
8745,-2.378926149902393,0.009920974201040588
8746,-4.645404689156406,0.009920974201040588
8747,-4.3944835069442405,0.009920974201040588
8748,-4.508062293529488,0.009920974201040588
8749,-2.3780709701367546,0.009920974201040588
8750,-4.635490310531786,0.009920974201040588
8751,-5.716655138605116,0.009920974201040588
8752,-3.57326888761212,0.009920974201040588
8753,-5.162128249442527,0.009920974201040588
8754,-6.582252668732336,0.009920974201040588
8755,-5.57561969728841,0.009920974201040588
8756,-7.335114220117345,0.009920974201040588
8757,-5.787583447689391,0.009920974201040588
8758,-3.3812618579627403,0.009920974201040588
8759,-4.717414133832804,0.009920974201040588
8760,-3.8028158305844286,0.009920974201040588
8761,-3.417480295334326,0.009920974201040588
8762,-3.7449269907054354,0.009920974201040588
8763,-3.5887942921883766,0.009920974201040588
8764,-3.8443190895185646,0.009920974201040588
8765,-3.5911811432238,0.009920974201040588
8766,-3.7137725077415253,0.009920974201040588
8767,-6.613828285399112,0.009920974201040588
8768,-6.664431748316964,0.009920974201040588
8769,-6.067084063988858,0.009920974201040588
8770,-6.553408527045651,0.009920974201040588
8771,-5.148705724982523,0.009920974201040588
8772,-3.6292434644651648,0.009920974201040588
8773,-3.44000241266552,0.009920974201040588
8774,-3.784630362032374,0.009920974201040588
8775,-6.802886279800603,0.009920974201040588
8776,-4.1542750048505805,0.009920974201040588
8777,-4.606010907918972,0.009920974201040588
8778,-4.52746715187395,0.009920974201040588
8779,-2.368337166417164,0.009920974201040588
8780,-5.710152252504363,0.009920974201040588
8781,-3.312373892976806,0.009920974201040588
8782,-2.021378991607223,0.009920974201040588
8783,-2.2895664687086463,0.009920974201040588
8784,-5.2976888893244265,0.009920974201040588
8785,-2.567182998294882,0.009920974201040588
8786,-3.276562640857707,0.009920974201040588
8787,-2.2101693132254123,0.009920974201040588
8788,-2.5382512048604506,0.009920974201040588
8789,-2.6784765176188547,0.009920974201040588
8790,-5.865262189019782,0.009920974201040588
8791,-2.2602046741318644,0.009920974201040588
8792,-2.2371612634764526,0.009920974201040588
8793,-2.409739432655635,0.009920974201040588
8794,-2.0983856429047893,0.009920974201040588
8795,-4.139578031112253,0.009920974201040588
8796,-5.7203910780759495,0.009920974201040588
8797,-5.16319870152905,0.009920974201040588
8798,-4.554771866750716,0.009920974201040588
8799,-5.086421783258365,0.009920974201040588
8800,-2.9548564802926873,0.009920974201040588
8801,-4.085245412937255,0.009920974201040588
8802,-2.568923004448803,0.009920974201040588
8803,-5.545855241164131,0.009920974201040588
8804,-2.941441433426816,0.009920974201040588
8805,-4.04264679756718,0.009920974201040588
8806,-5.447403138457815,0.009920974201040588
8807,-5.003914309593062,0.009920974201040588
8808,-5.7806732915625165,0.009920974201040588
8809,-5.084527443129303,0.009920974201040588
8810,-5.025005948338868,0.009920974201040588
8811,-6.6833169774583014,0.009920974201040588
8812,-5.695499506688741,0.009920974201040588
8813,-5.94890619757426,0.009920974201040588
8814,-7.399042975453106,0.009920974201040588
8815,-7.703773603620226,0.009920974201040588
8816,-6.567366556698648,0.009920974201040588
8817,-5.31042941967589,0.009920974201040588
8818,-2.0615872383350444,0.009920974201040588
8819,-4.5394457820581815,0.009920974201040588
8820,-4.350536777597238,0.009920974201040588
8821,-5.83367112985776,0.009920974201040588
8822,-5.5650957904378675,0.009920974201040588
8823,-6.055260482950391,0.009920974201040588
8824,-2.4672529140261643,0.009920974201040588
8825,-5.73669139940272,0.009920974201040588
8826,-5.831191465061374,0.009920974201040588
8827,-8.09644346995679,0.009920974201040588
8828,-5.204471370123206,0.009920974201040588
8829,-5.6284616878358715,0.009920974201040588
8830,-5.5107727607147625,0.009920974201040588
8831,-3.4624324325739,0.009920974201040588
8832,-6.274940288469504,0.009920974201040588
8833,-5.55249947979001,0.009920974201040588
8834,-5.168072751611482,0.009920974201040588
8835,-6.862582022954355,0.009920974201040588
8836,-6.768330327127966,0.009920974201040588
8837,-5.288441669014881,0.009920974201040588
8838,-5.940779914341686,0.009920974201040588
8839,-5.452873252844042,0.009920974201040588
8840,-5.8724838066364144,0.009920974201040588
8841,-5.015586255290933,0.009920974201040588
8842,-5.085834843492936,0.009920974201040588
8843,-3.31855359221678,0.009920974201040588
8844,-4.348755887894377,0.009920974201040588
8845,-1.8904178259490851,0.009920974201040588
8846,-1.880290200085269,0.009920974201040588
8847,-1.8854724230218145,0.009920974201040588
8848,-3.3658708697010224,0.009920974201040588
8849,-1.8438472075712493,0.009920974201040588
8850,-5.027240163834352,0.009920974201040588
8851,-5.957300908862264,0.009920974201040588
8852,-6.822700758893017,0.009920974201040588
8853,-1.861860217898414,0.009920974201040588
8854,-5.863265096754556,0.009920974201040588
8855,-5.633372158846985,0.009920974201040588
8856,-5.3541918645112165,0.009920974201040588
8857,-3.3991811060970516,0.009920974201040588
8858,-3.421844404406869,0.009920974201040588
8859,-3.3043784710368937,0.009920974201040588
8860,-3.42022782696397,0.009920974201040588
8861,-3.4062082907887365,0.009920974201040588
8862,-5.385614760966732,0.009920974201040588
8863,-3.425256115075646,0.009920974201040588
8864,-3.4355883255059436,0.009920974201040588
8865,-3.3165637206050684,0.009920974201040588
8866,-6.579511093097368,0.009920974201040588
8867,-3.466839779751421,0.009920974201040588
8868,-5.457370931366622,0.009920974201040588
8869,-6.165018607521276,0.009920974201040588
8870,-3.334025209840994,0.009920974201040588
8871,-5.337925062159973,0.009920974201040588
8872,-5.457175942715341,0.009920974201040588
8873,-3.0174709107003004,0.009920974201040588
8874,-5.877274986812534,0.009920974201040588
8875,-2.188545024284733,0.009920974201040588
8876,-4.780371635339096,0.009920974201040588
8877,-6.018791259997281,0.009920974201040588
8878,-2.3298158584127795,0.009920974201040588
8879,-4.98372653321381,0.009920974201040588
8880,-2.214137354315927,0.009920974201040588
8881,-2.553188997188009,0.009920974201040588
8882,-5.099162237642821,0.009920974201040588
8883,-6.27948373940286,0.009920974201040588
8884,-2.873527487109707,0.009920974201040588
8885,-2.2773023220472006,0.009920974201040588
8886,-5.502271362527231,0.009920974201040588
8887,-6.305076587529225,0.009920974201040588
8888,-6.865058577082838,0.009920974201040588
8889,-5.835897320233473,0.009920974201040588
8890,-5.452221165451663,0.009920974201040588
8891,-5.709731264331935,0.009920974201040588
8892,-6.094891092459644,0.009920974201040588
8893,-4.881234276160735,0.009920974201040588
8894,-2.8150784999363307,0.009920974201040588
8895,-6.732605508753089,0.009920974201040588
8896,-4.000178541519034,0.009920974201040588
8897,-3.7962479665972513,0.009920974201040588
8898,-2.7329866477814497,0.009920974201040588
8899,-7.122725947375018,0.009920974201040588
8900,-2.235627073147978,0.009920974201040588
8901,-6.801534325471661,0.009920974201040588
8902,-6.035072278937972,0.009920974201040588
8903,-4.521280861326202,0.009920974201040588
8904,-6.151572347401686,0.009920974201040588
8905,-5.440364708910641,0.009920974201040588
8906,-5.132111104995939,0.009920974201040588
8907,-5.496929539222973,0.009920974201040588
8908,-5.822002923349194,0.009920974201040588
8909,-5.890486889082246,0.009920974201040588
8910,-3.9408010802644333,0.009920974201040588
8911,-5.521725252387813,0.009920974201040588
8912,-2.02883994641913,0.009920974201040588
8913,-3.4409606967310244,0.009920974201040588
8914,-2.0426646696902275,0.009920974201040588
8915,-3.8934186049254986,0.009920974201040588
8916,-5.307830545796312,0.009920974201040588
8917,-3.8660950927961295,0.009920974201040588
8918,-5.331061877644871,0.009920974201040588
8919,-4.768131448356782,0.009920974201040588
8920,-3.9516111693194826,0.009920974201040588
8921,-2.049551536104133,0.009920974201040588
8922,-5.654863437711933,0.009920974201040588
8923,-4.796582745685938,0.009920974201040588
8924,-4.3590603142534246,0.009920974201040588
8925,-5.36090414447724,0.009920974201040588
8926,-2.066576713709486,0.009920974201040588
8927,-5.41873835320035,0.009920974201040588
8928,-7.436430979881575,0.009920974201040588
8929,-6.135780616246476,0.009920974201040588
8930,-5.92448577561463,0.009920974201040588
8931,-6.0689295965722305,0.009920974201040588
8932,-3.37180135026939,0.009920974201040588
8933,-6.89292935961446,0.009920974201040588
8934,-5.0717745143961945,0.009920974201040588
8935,-6.225379297525764,0.009920974201040588
8936,-4.969345139885252,0.009920974201040588
8937,-4.590643955196981,0.009920974201040588
8938,-5.421863068947037,0.009920974201040588
8939,-3.9652454540463875,0.009920974201040588
8940,-5.399040480273008,0.009920974201040588
8941,-4.189850643350908,0.009920974201040588
8942,-4.902041784073477,0.009920974201040588
8943,-3.9249835312714163,0.009920974201040588
8944,-4.355004394304247,0.009920974201040588
8945,-4.018557737508907,0.009920974201040588
8946,-2.384839154344758,0.009920974201040588
8947,-4.373920211036461,0.009920974201040588
8948,-5.431431735146147,0.009920974201040588
8949,-4.357320518343172,0.009920974201040588
8950,-4.403887290334769,0.009920974201040588
8951,-4.374754291971254,0.009920974201040588
8952,-4.369938306791239,0.009920974201040588
8953,-4.460253019795107,0.009920974201040588
8954,-4.210953022086315,0.009920974201040588
8955,-4.193492423510449,0.009920974201040588
8956,-3.543737883099325,0.009920974201040588
8957,-5.548311036454887,0.009920974201040588
8958,-5.615268761386425,0.009920974201040588
8959,-4.480687026223244,0.009920974201040588
8960,-4.212086824266564,0.009920974201040588
8961,-4.492608637887141,0.009920974201040588
8962,-5.560971340791802,0.009920974201040588
8963,-5.119290552971469,0.009920974201040588
8964,-4.846864941210663,0.009920974201040588
8965,-4.70009684514522,0.009920974201040588
8966,-5.07883255319587,0.009920974201040588
8967,-5.235279430890589,0.009920974201040588
8968,-4.877403513142145,0.009920974201040588
8969,-4.193286797939338,0.009920974201040588
8970,-4.15808977316997,0.009920974201040588
8971,-6.762292951150904,0.009920974201040588
8972,-3.580140854301564,0.009920974201040588
8973,-2.7140168561553497,0.009920974201040588
8974,-1.8690696938341682,0.009920974201040588
8975,-6.153037147543186,0.009920974201040588
8976,-4.926468274828015,0.009920974201040588
8977,-6.12883676826554,0.009920974201040588
8978,-2.215158271214444,0.009920974201040588
8979,-6.05936167927749,0.009920974201040588
8980,-2.4755600186878524,0.009920974201040588
8981,-6.4469906687846,0.009920974201040588
8982,-3.9046278130880365,0.009920974201040588
8983,-4.368717163362018,0.009920974201040588
8984,-4.81376685305068,0.009920974201040588
8985,-2.505814502060557,0.009920974201040588
8986,-6.049170442531006,0.009920974201040588
8987,-7.274275220497621,0.009920974201040588
8988,-2.0287266653958156,0.009920974201040588
8989,-7.124880987263672,0.009920974201040588
8990,-4.834338064308782,0.009920974201040588
8991,-5.0844694443078655,0.009920974201040588
8992,-5.337419998393415,0.009920974201040588
8993,-6.557598464407626,0.009920974201040588
8994,-1.9903416106031453,0.009920974201040588
8995,-3.016328144494948,0.009920974201040588
8996,-6.605602181235221,0.009920974201040588
8997,-4.164795946565011,0.009920974201040588
8998,-6.491533128665554,0.009920974201040588
8999,-6.967301804972612,0.009920974201040588
9000,-6.278761465441916,0.009920974201040588
9001,-6.597341604903448,0.009920974201040588
9002,-3.841228654158985,0.009920974201040588
9003,-2.089388319110277,0.009920974201040588
9004,-2.0737788643188493,0.009920974201040588
9005,-3.884999737918957,0.009920974201040588
9006,-5.487491349038211,0.009920974201040588
9007,-4.920835678194075,0.009920974201040588
9008,-5.104149049109591,0.009920974201040588
9009,-4.174985068538385,0.009920974201040588
9010,-2.305590645988609,0.009920974201040588
9011,-3.8583954599450734,0.009920974201040588
9012,-5.159087718402905,0.009920974201040588
9013,-5.876621857751495,0.009920974201040588
9014,-3.9406765036465243,0.009920974201040588
9015,-2.06735093541211,0.009920974201040588
9016,-2.0890716453348057,0.009920974201040588
9017,-4.261747662018547,0.009920974201040588
9018,-3.901002487159435,0.009920974201040588
9019,-2.0720913746641894,0.009920974201040588
9020,-6.012166138921442,0.009920974201040588
9021,-4.998010947650998,0.009920974201040588
9022,-4.665772903314456,0.009920974201040588
9023,-4.530554882095185,0.009920974201040588
9024,-6.486115679344585,0.009920974201040588
9025,-6.969612959892984,0.009920974201040588
9026,-4.409240062388509,0.009920974201040588
9027,-4.026453038007128,0.009920974201040588
9028,-3.8558890119775233,0.009920974201040588
9029,-4.040332350788523,0.009920974201040588
9030,-4.077501273776684,0.009920974201040588
9031,-4.080908458386508,0.009920974201040588
9032,-3.9485282425601294,0.009920974201040588
9033,-3.9645291721776914,0.009920974201040588
9034,-2.5208487006846454,0.009920974201040588
9035,-4.029391754025639,0.009920974201040588
9036,-5.2859673178581685,0.009920974201040588
9037,-4.758294881790092,0.009920974201040588
9038,-4.0460428235104064,0.009920974201040588
9039,-5.204465836054734,0.009920974201040588
9040,-4.3841757061016775,0.009920974201040588
9041,-4.470192226891227,0.009920974201040588
9042,-5.021373884414576,0.009920974201040588
9043,-3.975862109744735,0.009920974201040588
9044,-2.543457484094661,0.009920974201040588
9045,-4.479323975346451,0.009920974201040588
9046,-4.7732128809317,0.009920974201040588
9047,-6.138919816083549,0.009920974201040588
9048,-5.495774149239053,0.009920974201040588
9049,-5.29225836635542,0.009920974201040588
9050,-6.133600134623054,0.009920974201040588
9051,-6.670257486594745,0.009920974201040588
9052,-5.394851956754066,0.009920974201040588
9053,-4.889652341730486,0.009920974201040588
9054,-4.679875218778394,0.009920974201040588
9055,-4.386773015344479,0.009920974201040588
9056,-4.357234029631547,0.009920974201040588
9057,-4.517429564430949,0.009920974201040588
9058,-4.579985975566714,0.009920974201040588
9059,-4.253111315484195,0.009920974201040588
9060,-5.632232710443592,0.009920974201040588
9061,-5.323988958810844,0.009920974201040588
9062,-5.633104849401429,0.009920974201040588
9063,-4.315054143965257,0.009920974201040588
9064,-4.32223416414094,0.009920974201040588
9065,-5.0631156157959545,0.009920974201040588
9066,-5.36691721271235,0.009920974201040588
9067,-5.182157093862382,0.009920974201040588
9068,-4.464794226995624,0.009920974201040588
9069,-4.65052261486692,0.009920974201040588
9070,-2.2185179370893735,0.009920974201040588
9071,-3.053442735992248,0.009920974201040588
9072,-5.45306344033529,0.009920974201040588
9073,-5.3033087315022325,0.009920974201040588
9074,-2.966742501733862,0.009920974201040588
9075,-5.134374703267666,0.009920974201040588
9076,-5.3173712763984575,0.009920974201040588
9077,-5.144157349997474,0.009920974201040588
9078,-6.905684754270911,0.009920974201040588
9079,-5.711102367548092,0.009920974201040588
9080,-2.847904085158476,0.009920974201040588
9081,-2.597533456512186,0.009920974201040588
9082,-4.810912966035728,0.009920974201040588
9083,-7.826767203553082,0.009920974201040588
9084,-6.085790485449264,0.009920974201040588
9085,-7.1524464333929165,0.009920974201040588
9086,-4.268344414073358,0.009920974201040588
9087,-5.341897250885672,0.009920974201040588
9088,-5.639076892025923,0.009920974201040588
9089,-5.130983037529897,0.009920974201040588
9090,-4.016301170675875,0.009920974201040588
9091,-6.050163880198165,0.009920974201040588
9092,-4.64677463813944,0.009920974201040588
9093,-2.3867566270773386,0.009920974201040588
9094,-4.657516303807938,0.009920974201040588
9095,-6.102934014953043,0.009920974201040588
9096,-2.870781862323047,0.009920974201040588
9097,-5.346059710690335,0.009920974201040588
9098,-4.933301429748473,0.009920974201040588
9099,-1.967379605972818,0.009920974201040588
9100,-6.028903580480016,0.009920974201040588
9101,-3.9890892326084986,0.009920974201040588
9102,-4.262158569110881,0.009920974201040588
9103,-4.269167454771946,0.009920974201040588
9104,-4.750441359900115,0.009920974201040588
9105,-5.513428239859644,0.009920974201040588
9106,-4.398924101131021,0.009920974201040588
9107,-4.904595517669831,0.009920974201040588
9108,-4.365781612677571,0.009920974201040588
9109,-2.785565252993189,0.009920974201040588
9110,-5.930424183972197,0.009920974201040588
9111,-2.853960343242359,0.009920974201040588
9112,-2.7941487056265792,0.009920974201040588
9113,-5.844683146712443,0.009920974201040588
9114,-5.449924300892164,0.009920974201040588
9115,-1.6799060993520432,0.009920974201040588
9116,-2.778819128436221,0.009920974201040588
9117,-5.239588007421475,0.009920974201040588
9118,-2.718518733893107,0.009920974201040588
9119,-5.624586303137655,0.009920974201040588
9120,-2.788000569865545,0.009920974201040588
9121,-5.198456061227829,0.009920974201040588
9122,-2.807414357233073,0.009920974201040588
9123,-5.105415457340339,0.009920974201040588
9124,-5.16034918504405,0.009920974201040588
9125,-5.57096702937442,0.009920974201040588
9126,-3.092590028105069,0.009920974201040588
9127,-3.1588429546159333,0.009920974201040588
9128,-6.250914428671196,0.009920974201040588
9129,-3.2839368212013555,0.009920974201040588
9130,-4.499852265624398,0.009920974201040588
9131,-3.2948949724809333,0.009920974201040588
9132,-3.2307467706691013,0.009920974201040588
9133,-5.4053639525420305,0.009920974201040588
9134,-3.298256224301338,0.009920974201040588
9135,-3.150509110516363,0.009920974201040588
9136,-4.565046687581314,0.009920974201040588
9137,-4.357846199873601,0.009920974201040588
9138,-4.557199204885549,0.009920974201040588
9139,-4.77953053439135,0.009920974201040588
9140,-6.6291733057113404,0.009920974201040588
9141,-6.492116958821832,0.009920974201040588
9142,-3.1059555193968276,0.009920974201040588
9143,-6.155471116851331,0.009920974201040588
9144,-3.2718374375042183,0.009920974201040588
9145,-6.264527024077473,0.009920974201040588
9146,-4.5758878222377035,0.009920974201040588
9147,-5.915517114834123,0.009920974201040588
9148,-3.361237491716888,0.009920974201040588
9149,-5.923245304482128,0.009920974201040588
9150,-4.89543176257698,0.009920974201040588
9151,-3.278470530011603,0.009920974201040588
9152,-5.255317196211004,0.009920974201040588
9153,-6.39532730130554,0.009920974201040588
9154,-5.422898193925943,0.009920974201040588
9155,-9.116243925634627,0.009920974201040588
9156,-7.087263619400764,0.009920974201040588
9157,-5.166189375261415,0.009920974201040588
9158,-5.610668725458804,0.009920974201040588
9159,-3.2669802022894796,0.009920974201040588
9160,-5.246890980078495,0.009920974201040588
9161,-5.706162093378741,0.009920974201040588
9162,-7.032212998280894,0.009920974201040588
9163,-6.8364188682312435,0.009920974201040588
9164,-7.329356904866357,0.009920974201040588
9165,-6.7144556304307965,0.009920974201040588
9166,-5.0095122293387195,0.009920974201040588
9167,-6.3045892679599635,0.009920974201040588
9168,-6.571387256034626,0.009920974201040588
9169,-2.77662007852119,0.009920974201040588
9170,-5.153601515312497,0.009920974201040588
9171,-8.926959151694437,0.009920974201040588
9172,-5.095860483114057,0.009920974201040588
9173,-3.821448371212975,0.009920974201040588
9174,-5.4123893804126,0.009920974201040588
9175,-5.5087432442653075,0.009920974201040588
9176,-5.551849050097828,0.009920974201040588
9177,-5.4161079989461935,0.009920974201040588
9178,-2.7405683293734993,0.009920974201040588
9179,-5.200252138052707,0.009920974201040588
9180,-6.133296659342485,0.009920974201040588
9181,-8.493807696190903,0.009920974201040588
9182,-5.318314401920605,0.009920974201040588
9183,-5.1783717960804765,0.009920974201040588
9184,-3.5629755714937046,0.009920974201040588
9185,-6.098709053571405,0.009920974201040588
9186,-5.784586455943426,0.009920974201040588
9187,-4.331071385505611,0.009920974201040588
9188,-1.8248979777950498,0.009920974201040588
9189,-2.5271613615777557,0.009920974201040588
9190,-6.323423174657248,0.009920974201040588
9191,-3.5714395106758783,0.009920974201040588
9192,-5.057522256084894,0.009920974201040588
9193,-2.815354562037918,0.009920974201040588
9194,-5.434492203253623,0.009920974201040588
9195,-6.816408998290785,0.009920974201040588
9196,-4.510625266978829,0.009920974201040588
9197,-3.740631636190076,0.009920974201040588
9198,-3.842272604902781,0.009920974201040588
9199,-3.8954751381661548,0.009920974201040588
9200,-1.5427633537344523,0.009920974201040588
9201,-4.296209061627593,0.009920974201040588
9202,-4.038099687240218,0.009920974201040588
9203,-4.893441658960198,0.009920974201040588
9204,-5.719609547830306,0.009920974201040588
9205,-5.762148355809488,0.009920974201040588
9206,-2.712518059957257,0.009920974201040588
9207,-4.535739726656944,0.009920974201040588
9208,-5.397337388489079,0.009920974201040588
9209,-5.048991621231291,0.009920974201040588
9210,-6.633929631365986,0.009920974201040588
9211,-4.056066553406277,0.009920974201040588
9212,-5.632108211795988,0.009920974201040588
9213,-5.908261648698389,0.009920974201040588
9214,-1.690316093657227,0.009920974201040588
9215,-1.6806701808742304,0.009920974201040588
9216,-1.6882366998513239,0.009920974201040588
9217,-1.7034220476476571,0.009920974201040588
9218,-6.6285888600346885,0.009920974201040588
9219,-3.3293130784630396,0.009920974201040588
9220,-1.6964128448002604,0.009920974201040588
9221,-3.770770894670976,0.009920974201040588
9222,-3.3663438216691612,0.009920974201040588
9223,-3.337929342154455,0.009920974201040588
9224,-3.357752641672523,0.009920974201040588
9225,-3.3537114474099106,0.009920974201040588
9226,-3.33982094708876,0.009920974201040588
9227,-3.3276975290208997,0.009920974201040588
9228,-4.221250227039905,0.009920974201040588
9229,-4.3184705329500455,0.009920974201040588
9230,-3.3421763743568915,0.009920974201040588
9231,-3.3584114382935226,0.009920974201040588
9232,-4.557198738510297,0.009920974201040588
9233,-4.5545589966643885,0.009920974201040588
9234,-3.3869421896825975,0.009920974201040588
9235,-3.4175062111019088,0.009920974201040588
9236,-3.414029913095238,0.009920974201040588
9237,-3.416037981761618,0.009920974201040588
9238,-3.417240222546236,0.009920974201040588
9239,-3.439262440434356,0.009920974201040588
9240,-4.232134087878502,0.009920974201040588
9241,-3.4378275673174437,0.009920974201040588
9242,-4.167066787601826,0.009920974201040588
9243,-3.432191535067289,0.009920974201040588
9244,-5.725393930039651,0.009920974201040588
9245,-4.3303171084505685,0.009920974201040588
9246,-3.433284442456115,0.009920974201040588
9247,-3.4867954464647104,0.009920974201040588
9248,-2.922555246818012,0.009920974201040588
9249,-3.5001319710926744,0.009920974201040588
9250,-4.3781870671682475,0.009920974201040588
9251,-3.4850282527840775,0.009920974201040588
9252,-3.5118021661268997,0.009920974201040588
9253,-3.501873126942476,0.009920974201040588
9254,-3.5380383133498845,0.009920974201040588
9255,-3.531717130015858,0.009920974201040588
9256,-3.55338367268013,0.009920974201040588
9257,-3.5454352066142945,0.009920974201040588
9258,-3.5248791154304704,0.009920974201040588
9259,-3.5296214477029317,0.009920974201040588
9260,-3.534499840295405,0.009920974201040588
9261,-3.585679374487676,0.009920974201040588
9262,-3.588125066343251,0.009920974201040588
9263,-3.547823070503181,0.009920974201040588
9264,-3.5666650821921886,0.009920974201040588
9265,-3.553055683477373,0.009920974201040588
9266,-5.519575491990713,0.009920974201040588
9267,-3.1590301731554478,0.009920974201040588
9268,-3.67594193436988,0.009920974201040588
9269,-2.936550447624863,0.009920974201040588
9270,-6.354668972679708,0.009920974201040588
9271,-2.4601057974103995,0.009920974201040588
9272,-2.7757378674908018,0.009920974201040588
9273,-3.876685364719905,0.009920974201040588
9274,-9.252558033719335,0.009920974201040588
9275,-4.8316680192016,0.009920974201040588
9276,-2.8801630981964275,0.009920974201040588
9277,-5.97415544153211,0.009920974201040588
9278,-7.386679826430297,0.009920974201040588
9279,-4.569809105597916,0.009920974201040588
9280,-4.629662231849981,0.009920974201040588
9281,-4.2663592769949465,0.009920974201040588
9282,-4.129424414758938,0.009920974201040588
9283,-2.414504415970291,0.009920974201040588
9284,-2.43701696909131,0.009920974201040588
9285,-5.7830913737073235,0.009920974201040588
9286,-4.10303303790526,0.009920974201040588
9287,-5.911250425554988,0.009920974201040588
9288,-3.296013407340387,0.009920974201040588
9289,-2.055140173216621,0.009920974201040588
9290,-3.313052330141055,0.009920974201040588
9291,-4.991023266318912,0.009920974201040588
9292,-6.060688680419584,0.009920974201040588
9293,-4.972791785233709,0.009920974201040588
9294,-5.931726572733048,0.009920974201040588
9295,-3.8740404085857354,0.009920974201040588
9296,-3.2270751172125918,0.009920974201040588
9297,-5.722675265048405,0.009920974201040588
9298,-3.8122156749264327,0.009920974201040588
9299,-3.1527939720214926,0.009920974201040588
9300,-5.768517187530489,0.009920974201040588
9301,-6.644659849344082,0.009920974201040588
9302,-5.246029883179652,0.009920974201040588
9303,-3.0275141304492355,0.009920974201040588
9304,-6.947290101475968,0.009920974201040588
9305,-5.612674903878828,0.009920974201040588
9306,-4.546288256405924,0.009920974201040588
9307,-5.256110313299056,0.009920974201040588
9308,-6.932807622860626,0.009920974201040588
9309,-2.608255855706296,0.009920974201040588
9310,-6.48581276474137,0.009920974201040588
9311,-5.142840299411634,0.009920974201040588
9312,-6.442721021681418,0.009920974201040588
9313,-2.984215757577971,0.009920974201040588
9314,-3.4300621089551635,0.009920974201040588
9315,-3.22549918829389,0.009920974201040588
9316,-2.9528610998024627,0.009920974201040588
9317,-6.001298032211318,0.009920974201040588
9318,-5.457315115510989,0.009920974201040588
9319,-5.273322568701348,0.009920974201040588
9320,-5.211105227187746,0.009920974201040588
9321,-5.240694939722007,0.009920974201040588
9322,-6.323503038956936,0.009920974201040588
9323,-5.036539741023172,0.009920974201040588
9324,-2.2727269775425523,0.009920974201040588
9325,-5.775221098616826,0.009920974201040588
9326,-4.592160258077156,0.009920974201040588
9327,-4.989343493724016,0.009920974201040588
9328,-2.065706173295337,0.009920974201040588
9329,-5.201869175480122,0.009920974201040588
9330,-4.995210871515524,0.009920974201040588
9331,-5.862598630054661,0.009920974201040588
9332,-4.395071200819532,0.009920974201040588
9333,-2.455288090473653,0.009920974201040588
9334,-5.309952110775174,0.009920974201040588
9335,-4.575361126079585,0.009920974201040588
9336,-4.989615522974962,0.009920974201040588
9337,-2.474527395619469,0.009920974201040588
9338,-2.3711721842344486,0.009920974201040588
9339,-4.620449967024873,0.009920974201040588
9340,-2.3954000905115977,0.009920974201040588
9341,-4.594632185421933,0.009920974201040588
9342,-8.185844012413684,0.009920974201040588
9343,-2.3878972879026317,0.009920974201040588
9344,-4.74959193395558,0.009920974201040588
9345,-5.862492842756623,0.009920974201040588
9346,-2.9777548768558573,0.009920974201040588
9347,-4.75367766837777,0.009920974201040588
9348,-4.151277861178069,0.009920974201040588
9349,-4.674124804841354,0.009920974201040588
9350,-2.4012304456493156,0.009920974201040588
9351,-4.67985089034776,0.009920974201040588
9352,-4.679067030686781,0.009920974201040588
9353,-4.621036506596706,0.009920974201040588
9354,-4.6731621136687505,0.009920974201040588
9355,-4.6002962940536865,0.009920974201040588
9356,-5.586810089513606,0.009920974201040588
9357,-7.682924472142453,0.009920974201040588
9358,-4.600294553262651,0.009920974201040588
9359,-4.842907902464368,0.009920974201040588
9360,-5.3927237043062775,0.009920974201040588
9361,-4.6622727347003945,0.009920974201040588
9362,-4.6301948434515925,0.009920974201040588
9363,-5.293307816743825,0.009920974201040588
9364,-2.268692106494541,0.009920974201040588
9365,-2.545848879409856,0.009920974201040588
9366,-2.433711371573491,0.009920974201040588
9367,-5.138154327436928,0.009920974201040588
9368,-2.6011026515194753,0.009920974201040588
9369,-1.692855840260416,0.009920974201040588
9370,-3.9031882494847165,0.009920974201040588
9371,-4.647040269830049,0.009920974201040588
9372,-2.8285903655761353,0.009920974201040588
9373,-2.086280141446144,0.009920974201040588
9374,-6.523849168226505,0.009920974201040588
9375,-3.1052537734723473,0.009920974201040588
9376,-5.196464480928766,0.009920974201040588
9377,-2.698518356789903,0.009920974201040588
9378,-2.391750823055173,0.009920974201040588
9379,-1.825724018892784,0.009920974201040588
9380,-1.7984935479646953,0.009920974201040588
9381,-3.4926187198449172,0.009920974201040588
9382,-5.68412330111077,0.009920974201040588
9383,-4.2049932753257195,0.009920974201040588
9384,-5.170005273588072,0.009920974201040588
9385,-5.162912695065203,0.009920974201040588
9386,-2.455540855963467,0.009920974201040588
9387,-3.51116272873607,0.009920974201040588
9388,-5.0461375110262345,0.009920974201040588
9389,-3.7352585402897303,0.009920974201040588
9390,-3.141983621793935,0.009920974201040588
9391,-4.288208000170652,0.009920974201040588
9392,-2.3413199270848524,0.009920974201040588
9393,-7.0867752130681705,0.009920974201040588
9394,-2.0801146572498133,0.009920974201040588
9395,-3.7225017997363854,0.009920974201040588
9396,-4.2009006970586995,0.009920974201040588
9397,-6.522992195398697,0.009920974201040588
9398,-6.738162690495883,0.009920974201040588
9399,-6.75836122895379,0.009920974201040588
9400,-2.004762288254365,0.009920974201040588
9401,-3.9788667200254633,0.009920974201040588
9402,-3.076603964848095,0.009920974201040588
9403,-4.973521630727856,0.009920974201040588
9404,-6.228150431270199,0.009920974201040588
9405,-4.4941294586136955,0.009920974201040588
9406,-5.017736466684232,0.009920974201040588
9407,-5.22487045444946,0.009920974201040588
9408,-3.732393822225971,0.009920974201040588
9409,-4.325627508705397,0.009920974201040588
9410,-6.42019920254179,0.009920974201040588
9411,-5.541494138007817,0.009920974201040588
9412,-7.883916128190311,0.009920974201040588
9413,-4.4529350749652945,0.009920974201040588
9414,-4.169469794348314,0.009920974201040588
9415,-5.745106877332205,0.009920974201040588
9416,-4.258244039679218,0.009920974201040588
9417,-6.06679608560272,0.009920974201040588
9418,-5.179253914501916,0.009920974201040588
9419,-2.79460425993188,0.009920974201040588
9420,-6.217098299272266,0.009920974201040588
9421,-4.747411736517144,0.009920974201040588
9422,-5.084091565751209,0.009920974201040588
9423,-4.227245893922499,0.009920974201040588
9424,-6.976247821633168,0.009920974201040588
9425,-5.827946980053714,0.009920974201040588
9426,-3.7996563314875527,0.009920974201040588
9427,-4.869444399889782,0.009920974201040588
9428,-2.6029369857623297,0.009920974201040588
9429,-2.2911412175498302,0.009920974201040588
9430,-2.1505727504353698,0.009920974201040588
9431,-2.0477709874362016,0.009920974201040588
9432,-5.4357353320650015,0.009920974201040588
9433,-6.816322581377191,0.009920974201040588
9434,-6.383825551269032,0.009920974201040588
9435,-5.966343816701462,0.009920974201040588
9436,-3.9010310601693723,0.009920974201040588
9437,-3.7075178287513912,0.009920974201040588
9438,-4.26667112351771,0.009920974201040588
9439,-3.743243572734322,0.009920974201040588
9440,-4.469571627962535,0.009920974201040588
9441,-4.970274066855687,0.009920974201040588
9442,-5.044163217087391,0.009920974201040588
9443,-7.015186208052789,0.009920974201040588
9444,-8.396388812244089,0.009920974201040588
9445,-7.9696340852640475,0.009920974201040588
9446,-7.766808523603508,0.009920974201040588
9447,-7.774001602398392,0.009920974201040588
9448,-6.552035294924384,0.009920974201040588
9449,-3.965937541758503,0.009920974201040588
9450,-3.8908990371777623,0.009920974201040588
9451,-3.6773178835685396,0.009920974201040588
9452,-3.789190298704587,0.009920974201040588
9453,-4.493627354242337,0.009920974201040588
9454,-5.210634215943093,0.009920974201040588
9455,-8.482670598137291,0.009920974201040588
9456,-6.360807335445733,0.009920974201040588
9457,-6.068465778765944,0.009920974201040588
9458,-6.4077183137609595,0.009920974201040588
9459,-3.71860442346368,0.009920974201040588
9460,-2.744660123319653,0.009920974201040588
9461,-7.113816848871465,0.009920974201040588
9462,-4.71204133845438,0.009920974201040588
9463,-4.882559027828537,0.009920974201040588
9464,-5.105843487309166,0.009920974201040588
9465,-5.021692662056472,0.009920974201040588
9466,-5.071949667275678,0.009920974201040588
9467,-5.830948569733697,0.009920974201040588
9468,-4.467693599619045,0.009920974201040588
9469,-2.456469814848821,0.009920974201040588
9470,-4.720202607628716,0.009920974201040588
9471,-5.620554422567295,0.009920974201040588
9472,-3.897521090359273,0.009920974201040588
9473,-4.396888215765025,0.009920974201040588
9474,-6.496342886442347,0.009920974201040588
9475,-4.7008111645169395,0.009920974201040588
9476,-3.7006517637401175,0.009920974201040588
9477,-5.52121593955672,0.009920974201040588
9478,-2.8466648346154253,0.009920974201040588
9479,-1.757557149553787,0.009920974201040588
9480,-5.468354253741973,0.009920974201040588
9481,-3.879487132096378,0.009920974201040588
9482,-3.7615706322415816,0.009920974201040588
9483,-2.0157533365851674,0.009920974201040588
9484,-5.254141687752091,0.009920974201040588
9485,-4.748980559662417,0.009920974201040588
9486,-4.029657112616718,0.009920974201040588
9487,-3.464801893703111,0.009920974201040588
9488,-5.190800792650594,0.009920974201040588
9489,-6.454637372222668,0.009920974201040588
9490,-2.456291499900987,0.009920974201040588
9491,-4.3551972366978,0.009920974201040588
9492,-4.403593755855883,0.009920974201040588
9493,-5.409185347368674,0.009920974201040588
9494,-4.882842439390811,0.009920974201040588
9495,-6.4741437415669,0.009920974201040588
9496,-4.0188420664005235,0.009920974201040588
9497,-7.388036718531463,0.009920974201040588
9498,-5.428833069966581,0.009920974201040588
9499,-6.630650499009571,0.009920974201040588
9500,-6.831898295957614,0.009920974201040588
9501,-8.486889264751415,0.009920974201040588
9502,-4.587517392333659,0.009920974201040588
9503,-2.0478425818423256,0.009920974201040588
9504,-5.625417876137381,0.009920974201040588
9505,-4.98463629387198,0.009920974201040588
9506,-5.3364632106808045,0.009920974201040588
9507,-5.582855252890067,0.009920974201040588
9508,-5.0598328985202095,0.009920974201040588
9509,-6.133210741206398,0.009920974201040588
9510,-4.290205004101234,0.009920974201040588
9511,-6.527355010408067,0.009920974201040588
9512,-6.762625824201719,0.009920974201040588
9513,-2.298440308317001,0.009920974201040588
9514,-5.535703953819227,0.009920974201040588
9515,-2.7211691214479483,0.009920974201040588
9516,-6.960734886886489,0.009920974201040588
9517,-4.296019612283879,0.009920974201040588
9518,-5.666147299781436,0.009920974201040588
9519,-4.206088697258032,0.009920974201040588
9520,-4.612534027979142,0.009920974201040588
9521,-4.446959038794415,0.009920974201040588
9522,-5.337370563401679,0.009920974201040588
9523,-4.080737120508301,0.009920974201040588
9524,-1.904540665889924,0.009920974201040588
9525,-5.2883343395247095,0.009920974201040588
9526,-4.397308598724072,0.009920974201040588
9527,-5.901608759733067,0.009920974201040588
9528,-6.826460304901472,0.009920974201040588
9529,-6.959195268425093,0.009920974201040588
9530,-7.5754771207794604,0.009920974201040588
9531,-7.951022274697822,0.009920974201040588
9532,-4.788135883392457,0.009920974201040588
9533,-2.947672965539134,0.009920974201040588
9534,-5.239776830796758,0.009920974201040588
9535,-5.088390490788042,0.009920974201040588
9536,-6.016876466387785,0.009920974201040588
9537,-2.9361668798281526,0.009920974201040588
9538,-4.880817148370854,0.009920974201040588
9539,-7.657007348910625,0.009920974201040588
9540,-6.0715334987094165,0.009920974201040588
9541,-4.736824343475048,0.009920974201040588
9542,-3.6983756645596984,0.009920974201040588
9543,-5.539835645754046,0.009920974201040588
9544,-3.466541249625119,0.009920974201040588
9545,-4.384201260522674,0.009920974201040588
9546,-3.3678767013173525,0.009920974201040588
9547,-4.930998505929261,0.009920974201040588
9548,-4.510766074552107,0.009920974201040588
9549,-3.5593821042658416,0.009920974201040588
9550,-4.823508107996073,0.009920974201040588
9551,-7.046630594736539,0.009920974201040588
9552,-4.870330200901589,0.009920974201040588
9553,-3.5718578090106,0.009920974201040588
9554,-4.917242155813521,0.009920974201040588
9555,-4.630030278147426,0.009920974201040588
9556,-4.9521200624507085,0.009920974201040588
9557,-5.01995050689804,0.009920974201040588
9558,-3.9978429884855045,0.009920974201040588
9559,-4.370599828992939,0.009920974201040588
9560,-3.1435927314797847,0.009920974201040588
9561,-4.589663626820853,0.009920974201040588
9562,-3.66660793975575,0.009920974201040588
9563,-2.6544924922381936,0.009920974201040588
9564,-2.4735647551997633,0.009920974201040588
9565,-5.814436111923252,0.009920974201040588
9566,-2.656671517709184,0.009920974201040588
9567,-3.7866264425856926,0.009920974201040588
9568,-5.432564778757891,0.009920974201040588
9569,-6.807092917754774,0.009920974201040588
9570,-7.569337345057432,0.009920974201040588
9571,-6.356797648618812,0.009920974201040588
9572,-4.744287712605423,0.009920974201040588
9573,-6.034848888193913,0.009920974201040588
9574,-2.463333383907157,0.009920974201040588
9575,-6.110265389021385,0.009920974201040588
9576,-5.288501232176679,0.009920974201040588
9577,-4.934320496421011,0.009920974201040588
9578,-5.189668500770607,0.009920974201040588
9579,-6.912058115624232,0.009920974201040588
9580,-4.9427184039557535,0.009920974201040588
9581,-4.834683722011269,0.009920974201040588
9582,-3.5885437802818307,0.009920974201040588
9583,-5.9559728482183,0.009920974201040588
9584,-4.666202562730637,0.009920974201040588
9585,-6.536094782677747,0.009920974201040588
9586,-3.2099977575855725,0.009920974201040588
9587,-6.014365583715098,0.009920974201040588
9588,-3.7612706481636913,0.009920974201040588
9589,-4.413741710649106,0.009920974201040588
9590,-3.0366190964323625,0.009920974201040588
9591,-5.7527078151877795,0.009920974201040588
9592,-1.618089734085216,0.009920974201040588
9593,-4.115658830225215,0.009920974201040588
9594,-5.78057917926272,0.009920974201040588
9595,-1.5866641235537733,0.009920974201040588
9596,-4.326162114072278,0.009920974201040588
9597,-4.207703259658951,0.009920974201040588
9598,-5.625172813593077,0.009920974201040588
9599,-5.17239585253809,0.009920974201040588
9600,-4.3552415916902305,0.009920974201040588
9601,-4.919285681031971,0.009920974201040588
9602,-1.7237288081026425,0.009920974201040588
9603,-2.210679112326958,0.009920974201040588
9604,-4.0752823650932015,0.009920974201040588
9605,-5.399061132808483,0.009920974201040588
9606,-1.9626847249499892,0.009920974201040588
9607,-3.2132095796503144,0.009920974201040588
9608,-2.898169114237377,0.009920974201040588
9609,-6.1677427326878735,0.009920974201040588
9610,-6.657059534342061,0.009920974201040588
9611,-1.3815087765983938,0.009920974201040588
9612,-5.354883409771395,0.009920974201040588
9613,-3.1747174120762978,0.009920974201040588
9614,-1.410148123319244,0.009920974201040588
9615,-3.1951078937259543,0.009920974201040588
9616,-3.7579851177496213,0.009920974201040588
9617,-3.296636899821764,0.009920974201040588
9618,-5.013565821232387,0.009920974201040588
9619,-5.24382914428498,0.009920974201040588
9620,-7.226715180113995,0.009920974201040588
9621,-5.735352104986623,0.009920974201040588
9622,-6.113610903682227,0.009920974201040588
9623,-5.1157570688528455,0.009920974201040588
9624,-5.185377311944138,0.009920974201040588
9625,-1.7565015998863367,0.009920974201040588
9626,-7.1746534155106465,0.009920974201040588
9627,-5.381849774359006,0.009920974201040588
9628,-2.7965323197480805,0.009920974201040588
9629,-3.784078087253974,0.009920974201040588
9630,-4.420345616295142,0.009920974201040588
9631,-3.342028586866004,0.009920974201040588
9632,-6.006307796949201,0.009920974201040588
9633,-5.874971505962313,0.009920974201040588
9634,-4.003336919404633,0.009920974201040588
9635,-2.8057563085701114,0.009920974201040588
9636,-5.828413477917753,0.009920974201040588
9637,-5.625842646941223,0.009920974201040588
9638,-4.288412848813026,0.009920974201040588
9639,-3.780294661128247,0.009920974201040588
9640,-5.126185381517081,0.009920974201040588
9641,-5.763091970942953,0.009920974201040588
9642,-3.3423612543450743,0.009920974201040588
9643,-3.2138771165146247,0.009920974201040588
9644,-5.763253933955076,0.009920974201040588
9645,-3.5425084384119474,0.009920974201040588
9646,-5.473832992155987,0.009920974201040588
9647,-3.7662863997928167,0.009920974201040588
9648,-5.824737224768196,0.009920974201040588
9649,-6.716919172858036,0.009920974201040588
9650,-6.905772285356351,0.009920974201040588
9651,-3.3513128989766914,0.009920974201040588
9652,-3.3947255987477143,0.009920974201040588
9653,-3.4813930686438126,0.009920974201040588
9654,-3.5922309794968266,0.009920974201040588
9655,-3.4375704951982944,0.009920974201040588
9656,-2.4115658900095998,0.009920974201040588
9657,-2.208366133078014,0.009920974201040588
9658,-2.3420743334344265,0.009920974201040588
9659,-2.6106693282650437,0.009920974201040588
9660,-2.441488560861542,0.009920974201040588
9661,-2.485608270884755,0.009920974201040588
9662,-3.715541665761217,0.009920974201040588
9663,-5.215592299044948,0.009920974201040588
9664,-7.814287931815171,0.009920974201040588
9665,-4.757699504262261,0.009920974201040588
9666,-8.429501281846239,0.009920974201040588
9667,-2.04975994655095,0.009920974201040588
9668,-4.5973710090896756,0.009920974201040588
9669,-7.735086697501891,0.009920974201040588
9670,-6.154273442967094,0.009920974201040588
9671,-6.909185072421871,0.009920974201040588
9672,-2.246352949105135,0.009920974201040588
9673,-8.26286717680207,0.009920974201040588
9674,-5.494959905686786,0.009920974201040588
9675,-6.7744570062969816,0.009920974201040588
9676,-7.305512713290256,0.009920974201040588
9677,-6.52937958826048,0.009920974201040588
9678,-6.439670800580774,0.009920974201040588
9679,-5.4423099603727625,0.009920974201040588
9680,-4.952119082412072,0.009920974201040588
9681,-5.37691119018548,0.009920974201040588
9682,-5.720538977026027,0.009920974201040588
9683,-6.924926542528935,0.009920974201040588
9684,-6.978677560565775,0.009920974201040588
9685,-7.64527976038841,0.009920974201040588
9686,-5.382301172571081,0.009920974201040588
9687,-1.8162815394846787,0.009920974201040588
9688,-5.7769853713677195,0.009920974201040588
9689,-1.8190320786627163,0.009920974201040588
9690,-4.937934305806309,0.009920974201040588
9691,-2.1009710055423025,0.009920974201040588
9692,-2.6487696596544215,0.009920974201040588
9693,-6.30051860011039,0.009920974201040588
9694,-4.661392798611583,0.009920974201040588
9695,-5.212739146050474,0.009920974201040588
9696,-3.750336174160597,0.009920974201040588
9697,-5.479398924171555,0.009920974201040588
9698,-5.960792559592797,0.009920974201040588
9699,-1.921141983895527,0.009920974201040588
9700,-3.531545384353099,0.009920974201040588
9701,-3.564896057455587,0.009920974201040588
9702,-3.561408927816708,0.009920974201040588
9703,-4.483088697090906,0.009920974201040588
9704,-5.707939656877356,0.009920974201040588
9705,-5.285380615782176,0.009920974201040588
9706,-4.412855149403947,0.009920974201040588
9707,-3.4933082136396667,0.009920974201040588
9708,-5.918740663202799,0.009920974201040588
9709,-4.153289502744551,0.009920974201040588
9710,-3.8452177927225164,0.009920974201040588
9711,-6.714669325797892,0.009920974201040588
9712,-4.760113373915089,0.009920974201040588
9713,-4.775192071228349,0.009920974201040588
9714,-4.727920080128442,0.009920974201040588
9715,-8.040837226838514,0.009920974201040588
9716,-5.55858474662692,0.009920974201040588
9717,-6.218764162950406,0.009920974201040588
9718,-5.668917457975441,0.009920974201040588
9719,-3.6835493924631173,0.009920974201040588
9720,-3.515369420117028,0.009920974201040588
9721,-4.34170326759466,0.009920974201040588
9722,-6.1715947874178365,0.009920974201040588
9723,-4.396929661425979,0.009920974201040588
9724,-4.675702431400538,0.009920974201040588
9725,-3.726352655783609,0.009920974201040588
9726,-5.317773257784339,0.009920974201040588
9727,-4.5184719983259605,0.009920974201040588
9728,-6.511889612960175,0.009920974201040588
9729,-7.203852581614892,0.009920974201040588
9730,-5.895759441851541,0.009920974201040588
9731,-4.608272076035768,0.009920974201040588
9732,-4.093173209148955,0.009920974201040588
9733,-5.851363222645631,0.009920974201040588
9734,-3.587487651439761,0.009920974201040588
9735,-4.416166330773402,0.009920974201040588
9736,-4.006114126749592,0.009920974201040588
9737,-4.086519769571824,0.009920974201040588
9738,-3.799025456881519,0.009920974201040588
9739,-3.804509392435512,0.009920974201040588
9740,-3.6162817198559374,0.009920974201040588
9741,-3.917426935560249,0.009920974201040588
9742,-6.3251264625081625,0.009920974201040588
9743,-4.68659942484592,0.009920974201040588
9744,-4.322342924762188,0.009920974201040588
9745,-4.437208277703363,0.009920974201040588
9746,-5.214299629184607,0.009920974201040588
9747,-6.670094313052106,0.009920974201040588
9748,-4.28666136959708,0.009920974201040588
9749,-3.845438629034822,0.009920974201040588
9750,-3.6903422950576537,0.009920974201040588
9751,-4.586861153778336,0.009920974201040588
9752,-2.4099754612914746,0.009920974201040588
9753,-3.65152810998466,0.009920974201040588
9754,-5.596627628039624,0.009920974201040588
9755,-3.752633416300366,0.009920974201040588
9756,-6.865199094214453,0.009920974201040588
9757,-5.717232488241174,0.009920974201040588
9758,-2.6120766493854406,0.009920974201040588
9759,-6.829677270963429,0.009920974201040588
9760,-4.881547732726322,0.009920974201040588
9761,-3.0506591514708807,0.009920974201040588
9762,-1.8090584639238823,0.009920974201040588
9763,-3.7047375155914777,0.009920974201040588
9764,-5.312779425969254,0.009920974201040588
9765,-5.599135481965849,0.009920974201040588
9766,-2.6392177078196024,0.009920974201040588
9767,-5.955540569604434,0.009920974201040588
9768,-4.2074593002522445,0.009920974201040588
9769,-5.430367359828345,0.009920974201040588
9770,-3.827925080189157,0.009920974201040588
9771,-4.893004372262047,0.009920974201040588
9772,-5.257973750816283,0.009920974201040588
9773,-5.375409468797194,0.009920974201040588
9774,-2.4217409650242727,0.009920974201040588
9775,-5.729204989248623,0.009920974201040588
9776,-4.2210797564395826,0.009920974201040588
9777,-5.565112145624119,0.009920974201040588
9778,-5.3855565249098385,0.009920974201040588
9779,-5.19001332354953,0.009920974201040588
9780,-2.6269096885415397,0.009920974201040588
9781,-6.061047557623413,0.009920974201040588
9782,-6.006632539269514,0.009920974201040588
9783,-4.590495444610794,0.009920974201040588
9784,-4.393099565209816,0.009920974201040588
9785,-5.1139818528942875,0.009920974201040588
9786,-2.074409017975345,0.009920974201040588
9787,-5.182499492042505,0.009920974201040588
9788,-4.576101014923675,0.009920974201040588
9789,-2.3224735192943706,0.009920974201040588
9790,-2.627938528663778,0.009920974201040588
9791,-2.6209160629063306,0.009920974201040588
9792,-2.6484102771167555,0.009920974201040588
9793,-4.389631703635725,0.009920974201040588
9794,-6.375011787820614,0.009920974201040588
9795,-4.188958433101317,0.009920974201040588
9796,-2.3489370487567673,0.009920974201040588
9797,-6.690316865809526,0.009920974201040588
9798,-4.73472400285897,0.009920974201040588
9799,-5.495482564287213,0.009920974201040588
9800,-4.677723831764073,0.009920974201040588
9801,-4.189536264000413,0.009920974201040588
9802,-2.3405123397745484,0.009920974201040588
9803,-4.156868288156911,0.009920974201040588
9804,-5.950144896177523,0.009920974201040588
9805,-4.165933109951867,0.009920974201040588
9806,-4.112080312869946,0.009920974201040588
9807,-4.197193665665521,0.009920974201040588
9808,-5.425345628859567,0.009920974201040588
9809,-6.210954295290902,0.009920974201040588
9810,-5.255817636150133,0.009920974201040588
9811,-4.307470345081027,0.009920974201040588
9812,-4.339327276399141,0.009920974201040588
9813,-3.142849364183645,0.009920974201040588
9814,-6.867347808408626,0.009920974201040588
9815,-7.212819075186678,0.009920974201040588
9816,-2.4457930816598727,0.009920974201040588
9817,-5.272443725925611,0.009920974201040588
9818,-4.97351831555101,0.009920974201040588
9819,-5.227311177173274,0.009920974201040588
9820,-4.744464860640256,0.009920974201040588
9821,-5.3318820905098026,0.009920974201040588
9822,-5.49403249088386,0.009920974201040588
9823,-6.109360290559932,0.009920974201040588
9824,-5.182274818916106,0.009920974201040588
9825,-5.485556365754036,0.009920974201040588
9826,-4.507997946078189,0.009920974201040588
9827,-4.160413670491825,0.009920974201040588
9828,-5.971965030410303,0.009920974201040588
9829,-4.641432137283894,0.009920974201040588
9830,-6.54458969356638,0.009920974201040588
9831,-4.818796354148519,0.009920974201040588
9832,-5.266002285531542,0.009920974201040588
9833,-4.499484984906497,0.009920974201040588
9834,-5.192154849292034,0.009920974201040588
9835,-4.310234942814974,0.009920974201040588
9836,-5.573059637985145,0.009920974201040588
9837,-5.481889184609928,0.009920974201040588
9838,-4.43941968543188,0.009920974201040588
9839,-5.500869963878554,0.009920974201040588
9840,-5.117434508786799,0.009920974201040588
9841,-4.0924396683003765,0.009920974201040588
9842,-4.509637894705108,0.009920974201040588
9843,-5.11917200495901,0.009920974201040588
9844,-5.412217010486202,0.009920974201040588
9845,-5.306783636647115,0.009920974201040588
9846,-5.1600183761555165,0.009920974201040588
9847,-6.236502330516453,0.009920974201040588
9848,-4.567935314940462,0.009920974201040588
9849,-4.3271292203376905,0.009920974201040588
9850,-6.832192025425699,0.009920974201040588
9851,-1.9523196426375649,0.009920974201040588
9852,-4.102265532401543,0.009920974201040588
9853,-4.51486739420999,0.009920974201040588
9854,-4.938476699625793,0.009920974201040588
9855,-7.014681316785161,0.009920974201040588
9856,-5.41245231739147,0.009920974201040588
9857,-2.920534532084765,0.009920974201040588
9858,-5.906232445643839,0.009920974201040588
9859,-5.171264463652417,0.009920974201040588
9860,-5.027571083989877,0.009920974201040588
9861,-4.4686501022426,0.009920974201040588
9862,-6.082300074210789,0.009920974201040588
9863,-5.486085318103305,0.009920974201040588
9864,-5.501499674666311,0.009920974201040588
9865,-5.0759469615499535,0.009920974201040588
9866,-6.250650002485548,0.009920974201040588
9867,-4.79288157871077,0.009920974201040588
9868,-4.564960928303995,0.009920974201040588
9869,-3.309167045020554,0.009920974201040588
9870,-2.532810391720454,0.009920974201040588
9871,-1.7945454732909902,0.009920974201040588
9872,-3.03751948577964,0.009920974201040588
9873,-4.936262501095026,0.009920974201040588
9874,-3.5839366456454673,0.009920974201040588
9875,-5.630894652616121,0.009920974201040588
9876,-2.4857803529896003,0.009920974201040588
9877,-4.20817200383954,0.009920974201040588
9878,-3.6460964047544406,0.009920974201040588
9879,-4.053779142133749,0.009920974201040588
9880,-5.703956540105583,0.009920974201040588
9881,-2.3402213970025842,0.009920974201040588
9882,-3.8951571520808197,0.009920974201040588
9883,-2.9068211506806962,0.009920974201040588
9884,-4.208903613195725,0.009920974201040588
9885,-2.3802999540090752,0.009920974201040588
9886,-2.276380485342573,0.009920974201040588
9887,-6.605518897562005,0.009920974201040588
9888,-2.960327235373661,0.009920974201040588
9889,-4.2437856045243505,0.009920974201040588
9890,-5.391015717614476,0.009920974201040588
9891,-4.517864673086493,0.009920974201040588
9892,-2.990198112914508,0.009920974201040588
9893,-1.5626041055318338,0.009920974201040588
9894,-3.026171671283868,0.009920974201040588
9895,-1.571430991054064,0.009920974201040588
9896,-3.7874849219978692,0.009920974201040588
9897,-4.714654672131049,0.009920974201040588
9898,-4.770398936762309,0.009920974201040588
9899,-2.9738143735990312,0.009920974201040588
9900,-5.846233364117079,0.009920974201040588
9901,-2.73625765872677,0.009920974201040588
9902,-4.960089117111346,0.009920974201040588
9903,-4.961021819697765,0.009920974201040588
9904,-2.7387930040014625,0.009920974201040588
9905,-5.770625404605338,0.009920974201040588
9906,-4.771199697819843,0.009920974201040588
9907,-3.05902884280363,0.009920974201040588
9908,-3.0745585259710473,0.009920974201040588
9909,-3.8196158774979807,0.009920974201040588
9910,-3.1286143760977834,0.009920974201040588
9911,-3.123401467823196,0.009920974201040588
9912,-3.1767003534770972,0.009920974201040588
9913,-4.8986267991969825,0.009920974201040588
9914,-5.0458802795500555,0.009920974201040588
9915,-4.864718647534257,0.009920974201040588
9916,-3.1567797425505106,0.009920974201040588
9917,-3.8605277111742113,0.009920974201040588
9918,-3.8950898074892746,0.009920974201040588
9919,-4.567114245579257,0.009920974201040588
9920,-3.2012582253691106,0.009920974201040588
9921,-7.679616996468762,0.009920974201040588
9922,-3.2217703054624396,0.009920974201040588
9923,-4.68111661445676,0.009920974201040588
9924,-5.081111633694688,0.009920974201040588
9925,-6.155616933619561,0.009920974201040588
9926,-3.269045244111464,0.009920974201040588
9927,-3.272149546645353,0.009920974201040588
9928,-4.650444731311105,0.009920974201040588
9929,-6.91323875832726,0.009920974201040588
9930,-3.267159727757337,0.009920974201040588
9931,-3.8118812478543167,0.009920974201040588
9932,-3.2066572216406257,0.009920974201040588
9933,-3.279639079945099,0.009920974201040588
9934,-4.059334724962812,0.009920974201040588
9935,-5.85280823530203,0.009920974201040588
9936,-6.5811500236667895,0.009920974201040588
9937,-5.481625129795213,0.009920974201040588
9938,-4.488674505864372,0.009920974201040588
9939,-4.978658937062218,0.009920974201040588
9940,-5.203519722364634,0.009920974201040588
9941,-4.620261036519544,0.009920974201040588
9942,-3.2611183849957532,0.009920974201040588
9943,-3.255795921952348,0.009920974201040588
9944,-3.3762428143495997,0.009920974201040588
9945,-3.28045665003321,0.009920974201040588
9946,-3.32693022652522,0.009920974201040588
9947,-3.316979256511147,0.009920974201040588
9948,-3.397676578958036,0.009920974201040588
9949,-4.30630093034962,0.009920974201040588
9950,-5.319421557110612,0.009920974201040588
9951,-5.596627628039624,0.009920974201040588
9952,-3.752633416300366,0.009920974201040588
9953,-6.634435853074559,0.009920974201040588
9954,-4.6396330538382085,0.009920974201040588
9955,-4.112983216001133,0.009920974201040588
9956,-6.829677270963429,0.009920974201040588
9957,-4.667535041154467,0.009920974201040588
9958,-3.0506591514708807,0.009920974201040588
9959,-1.8090584639238823,0.009920974201040588
9960,-3.5927807028337204,0.009920974201040588
9961,-6.106917261584276,0.009920974201040588
9962,-3.803114355310992,0.009920974201040588
9963,-2.41504171100056,0.009920974201040588
9964,-2.7838922423890775,0.009920974201040588
9965,-3.823236735516935,0.009920974201040588
9966,-4.312383342582459,0.009920974201040588
9967,-3.5489396657217567,0.009920974201040588
9968,-3.627624062106366,0.009920974201040588
9969,-4.1281121002619345,0.009920974201040588
9970,-3.23868940100469,0.009920974201040588
9971,-2.4217409650242727,0.009920974201040588
9972,-5.729204989248623,0.009920974201040588
9973,-4.2210797564395826,0.009920974201040588
9974,-6.236447135868342,0.009920974201040588
9975,-5.3855565249098385,0.009920974201040588
9976,-5.19001332354953,0.009920974201040588
9977,-5.032236239854515,0.009920974201040588
9978,-5.800599889564211,0.009920974201040588
9979,-4.179087610137374,0.009920974201040588
9980,-4.98647575052501,0.009920974201040588
9981,-4.111605585602192,0.009920974201040588
9982,-4.317361098360086,0.009920974201040588
9983,-2.2163204252705317,0.009920974201040588
9984,-4.1601089035856855,0.009920974201040588
9985,-4.0081711452095,0.009920974201040588
9986,-4.169116300181175,0.009920974201040588
9987,-4.0005311512971815,0.009920974201040588
9988,-4.568029279801481,0.009920974201040588
9989,-4.03303933576126,0.009920974201040588
9990,-4.194993421806995,0.009920974201040588
9991,-4.134270034122698,0.009920974201040588
9992,-2.230109215888278,0.009920974201040588
9993,-4.195941688119124,0.009920974201040588
9994,-4.69041124917977,0.009920974201040588
9995,-7.2812021973765235,0.009920974201040588
9996,-4.661402147189513,0.009920974201040588
9997,-4.8356552484629844,0.009920974201040588
9998,-5.854807606367947,0.009920974201040588
9999,-5.813224730366927,0.009920974201040588
10000,-2.255353013209908,0.009920974201040588
10001,-2.2648610307223334,0.009920974201040588
10002,-4.579055265268348,0.009920974201040588
10003,-4.5272401171996295,0.009920974201040588
10004,-4.497881758001277,0.009920974201040588
10005,-6.084561826305797,0.009920974201040588
10006,-4.2419666504194495,0.009920974201040588
10007,-6.6376100977390715,0.009920974201040588
10008,-4.022713919668634,0.009920974201040588
10009,-4.229463088247291,0.009920974201040588
10010,-4.2585311659009015,0.009920974201040588
10011,-4.044146810074293,0.009920974201040588
10012,-5.426474248938492,0.009920974201040588
10013,-4.677925643848045,0.009920974201040588
10014,-4.694121731711955,0.009920974201040588
10015,-4.231134133916268,0.009920974201040588
10016,-4.172099913882564,0.009920974201040588
10017,-4.391600528122279,0.009920974201040588
10018,-5.38137956519286,0.009920974201040588
10019,-4.345719683251627,0.009920974201040588
10020,-4.351172148676067,0.009920974201040588
10021,-4.431177853408106,0.009920974201040588
10022,-4.517084990707225,0.009920974201040588
10023,-4.369069276000005,0.009920974201040588
10024,-4.227554221907919,0.009920974201040588
10025,-4.208359260059973,0.009920974201040588
10026,-4.136482694355631,0.009920974201040588
10027,-5.360294265674812,0.009920974201040588
10028,-5.410710116838248,0.009920974201040588
10029,-4.326370714397662,0.009920974201040588
10030,-5.174667969694018,0.009920974201040588
10031,-5.325382131545677,0.009920974201040588
10032,-4.559878929323762,0.009920974201040588
10033,-6.129763556362773,0.009920974201040588
10034,-5.923394321238684,0.009920974201040588
10035,-4.225753062709099,0.009920974201040588
10036,-4.269891345890953,0.009920974201040588
10037,-4.454621389575751,0.009920974201040588
10038,-5.1379597956079,0.009920974201040588
10039,-5.757016441756324,0.009920974201040588
10040,-6.163877346612825,0.009920974201040588
10041,-4.817442498290957,0.009920974201040588
10042,-4.494177289658285,0.009920974201040588
10043,-4.309533155713602,0.009920974201040588
10044,-4.280762317515858,0.009920974201040588
10045,-4.580057145475089,0.009920974201040588
10046,-4.341271355961422,0.009920974201040588
10047,-3.163045186116609,0.009920974201040588
10048,-3.38526549814481,0.009920974201040588
10049,-2.330291552231516,0.009920974201040588
10050,-4.952621495393054,0.009920974201040588
10051,-4.344315650998661,0.009920974201040588
10052,-5.123684176267895,0.009920974201040588
10053,-3.975905538472224,0.009920974201040588
10054,-2.214137354315927,0.009920974201040588
10055,-6.796594594494069,0.009920974201040588
10056,-2.3243978058943116,0.009920974201040588
10057,-5.250306659286075,0.009920974201040588
10058,-5.848003080831331,0.009920974201040588
10059,-2.2773023220472006,0.009920974201040588
10060,-6.878486018156229,0.009920974201040588
10061,-2.9133931350700033,0.009920974201040588
10062,-6.639743481226758,0.009920974201040588
10063,-3.5518221640804493,0.009920974201040588
10064,-5.452221165451663,0.009920974201040588
10065,-3.334766387267472,0.009920974201040588
10066,-5.302814825672764,0.009920974201040588
10067,-4.858203619841471,0.009920974201040588
10068,-2.709297324145679,0.009920974201040588
10069,-5.648434620797898,0.009920974201040588
10070,-4.000178541519034,0.009920974201040588
10071,-2.278364676096587,0.009920974201040588
10072,-6.017384382227556,0.009920974201040588
10073,-5.571527039240163,0.009920974201040588
10074,-4.295148034151035,0.009920974201040588
10075,-5.856173092442731,0.009920974201040588
10076,-5.051159466306491,0.009920974201040588
10077,-4.521280861326202,0.009920974201040588
10078,-5.247106593711779,0.009920974201040588
10079,-5.979897935244011,0.009920974201040588
10080,-4.970652409599829,0.009920974201040588
10081,-4.67004124504326,0.009920974201040588
10082,-4.472156198963033,0.009920974201040588
10083,-3.6712036890605426,0.009920974201040588
10084,-1.3092757293872446,0.009920974201040588
10085,-6.909761538380495,0.009920974201040588
10086,-4.813115713169013,0.009920974201040588
10087,-3.013095063617076,0.009920974201040588
10088,-4.1146860822903735,0.009920974201040588
10089,-2.7718492806307236,0.009920974201040588
10090,-2.8766554795837673,0.009920974201040588
10091,-2.8810066217513035,0.009920974201040588
10092,-3.590703806273595,0.009920974201040588
10093,-6.107913572523062,0.009920974201040588
10094,-5.575064999046878,0.009920974201040588
10095,-6.202616246126683,0.009920974201040588
10096,-3.839630574702545,0.009920974201040588
10097,-6.067388021870457,0.009920974201040588
10098,-2.0615511476308113,0.009920974201040588
10099,-6.61080111329468,0.009920974201040588
10100,-2.066576713709486,0.009920974201040588
10101,-2.7726284532431853,0.009920974201040588
10102,-3.994190223725993,0.009920974201040588
10103,-4.5404847449232895,0.009920974201040588
10104,-5.971950896739116,0.009920974201040588
10105,-5.345319545856937,0.009920974201040588
10106,-5.876275255742806,0.009920974201040588
10107,-7.449840817813688,0.009920974201040588
10108,-5.098513797488665,0.009920974201040588
10109,-3.7047988112762695,0.009920974201040588
10110,-3.392174118613652,0.009920974201040588
10111,-3.6390001351634726,0.009920974201040588
10112,-6.789417065991732,0.009920974201040588
10113,-4.7713341891625465,0.009920974201040588
10114,-6.6831985971346715,0.009920974201040588
10115,-3.3715686046906983,0.009920974201040588
10116,-3.413862219411291,0.009920974201040588
10117,-6.867899323870857,0.009920974201040588
10118,-7.646460985221996,0.009920974201040588
10119,-7.7001286412711645,0.009920974201040588
10120,-9.015862343023015,0.009920974201040588
10121,-4.373920211036461,0.009920974201040588
10122,-4.418539916139775,0.009920974201040588
10123,-4.816238033616871,0.009920974201040588
10124,-4.306357807612876,0.009920974201040588
10125,-4.335742498882496,0.009920974201040588
10126,-5.116386915316774,0.009920974201040588
10127,-5.829574887854349,0.009920974201040588
10128,-4.048060055567287,0.009920974201040588
10129,-4.744434792986672,0.009920974201040588
10130,-6.3929299559350365,0.009920974201040588
10131,-5.694801294790491,0.009920974201040588
10132,-4.477170056709974,0.009920974201040588
10133,-4.551395901196616,0.009920974201040588
10134,-4.234030957878989,0.009920974201040588
10135,-4.57550869820075,0.009920974201040588
10136,-5.04025812196501,0.009920974201040588
10137,-4.263340816110078,0.009920974201040588
10138,-4.754961701133271,0.009920974201040588
10139,-4.611100291895971,0.009920974201040588
10140,-7.025228231031022,0.009920974201040588
10141,-5.866994943097268,0.009920974201040588
10142,-5.972434028224251,0.009920974201040588
10143,-5.078497736551846,0.009920974201040588
10144,-4.119077980081213,0.009920974201040588
10145,-5.538958200629286,0.009920974201040588
10146,-4.9946649951554765,0.009920974201040588
10147,-2.394800844308497,0.009920974201040588
10148,-1.9635808226120348,0.009920974201040588
10149,-6.336253654132471,0.009920974201040588
10150,-2.244405113322411,0.009920974201040588
10151,-3.1706451752211953,0.009920974201040588
10152,-6.035623619076942,0.009920974201040588
10153,-2.3866368949286016,0.009920974201040588
10154,-3.1164120993074906,0.009920974201040588
10155,-2.722841423992274,0.009920974201040588
10156,-5.62944212137175,0.009920974201040588
10157,-2.895705683596144,0.009920974201040588
10158,-5.611435666327887,0.009920974201040588
10159,-3.268021164949602,0.009920974201040588
10160,-2.127730123975269,0.009920974201040588
10161,-3.2386432285656945,0.009920974201040588
10162,-3.1613011481162947,0.009920974201040588
10163,-6.536679896364767,0.009920974201040588
10164,-7.943652719621511,0.009920974201040588
10165,-2.9280050383442138,0.009920974201040588
10166,-3.184728717969988,0.009920974201040588
10167,-3.6372587954487114,0.009920974201040588
10168,-2.6940328389295676,0.009920974201040588
10169,-4.60849326512105,0.009920974201040588
10170,-2.5211087136226,0.009920974201040588
10171,-2.0780661718156663,0.009920974201040588
10172,-4.320020569448051,0.009920974201040588
10173,-4.939712049036999,0.009920974201040588
10174,-5.942311398927343,0.009920974201040588
10175,-5.421263368714618,0.009920974201040588
10176,-5.011165284108253,0.009920974201040588
10177,-5.396840871535008,0.009920974201040588
10178,-6.242043723784425,0.009920974201040588
10179,-4.598402966505312,0.009920974201040588
10180,-4.22993882039977,0.009920974201040588
10181,-3.6610342365347104,0.009920974201040588
10182,-5.065195382383161,0.009920974201040588
10183,-6.160164995248591,0.009920974201040588
10184,-7.569443354254671,0.009920974201040588
10185,-3.8773135406820742,0.009920974201040588
10186,-5.742058794542281,0.009920974201040588
10187,-5.6471608548022765,0.009920974201040588
10188,-5.939097526881547,0.009920974201040588
10189,-4.611846979683523,0.009920974201040588
10190,-1.8251500884326572,0.009920974201040588
10191,-2.3298878216807886,0.009920974201040588
10192,-5.813700127062753,0.009920974201040588
10193,-2.8288987328873603,0.009920974201040588
10194,-6.062207385528579,0.009920974201040588
10195,-5.9431568259412355,0.009920974201040588
10196,-2.5039312521240897,0.009920974201040588
10197,-7.799075445240916,0.009920974201040588
10198,-6.435666656111231,0.009920974201040588
10199,-4.996389418480181,0.009920974201040588
10200,-4.3409939188839,0.009920974201040588
10201,-7.012851837947043,0.009920974201040588
10202,-3.4896723911419927,0.009920974201040588
10203,-7.093002052316338,0.009920974201040588
10204,-2.2510621713926944,0.009920974201040588
10205,-5.980337490926214,0.009920974201040588
10206,-5.427214300415228,0.009920974201040588
10207,-4.398286010904596,0.009920974201040588
10208,-3.8527091080873825,0.009920974201040588
10209,-2.962025736795476,0.009920974201040588
10210,-6.1909726897653465,0.009920974201040588
10211,-5.555237586019217,0.009920974201040588
10212,-1.9778739849895053,0.009920974201040588
10213,-2.9798710994471076,0.009920974201040588
10214,-3.9852738858186143,0.009920974201040588
10215,-5.764846508249668,0.009920974201040588
10216,-5.115935202961779,0.009920974201040588
10217,-6.183188130345673,0.009920974201040588
10218,-4.750817883515146,0.009920974201040588
10219,-4.5315613591585215,0.009920974201040588
10220,-5.950873782102578,0.009920974201040588
10221,-4.141995951888517,0.009920974201040588
10222,-4.392326475925328,0.009920974201040588
10223,-1.589270071168279,0.009920974201040588
10224,-6.460731822029836,0.009920974201040588
10225,-1.5893389073436162,0.009920974201040588
10226,-2.459721095355685,0.009920974201040588
10227,-7.519720630348013,0.009920974201040588
10228,-4.018461520770754,0.009920974201040588
10229,-5.571329840948742,0.009920974201040588
10230,-3.0634609883171855,0.009920974201040588
10231,-3.0688176122960975,0.009920974201040588
10232,-7.817047364979204,0.009920974201040588
10233,-3.9603851337272866,0.009920974201040588
10234,-3.700976781292167,0.009920974201040588
10235,-4.453330031885885,0.009920974201040588
10236,-4.685727232488768,0.009920974201040588
10237,-4.075047886988829,0.009920974201040588
10238,-4.028907789755944,0.009920974201040588
10239,-4.1131345096746035,0.009920974201040588
10240,-4.002519316862841,0.009920974201040588
10241,-3.1393808247238004,0.009920974201040588
10242,-1.9697602756081252,0.009920974201040588
10243,-2.443627962604981,0.009920974201040588
10244,-2.6908023727767056,0.009920974201040588
10245,-1.994694250735704,0.009920974201040588
10246,-2.7910884443211956,0.009920974201040588
10247,-2.658016534457173,0.009920974201040588
10248,-2.870506010803642,0.009920974201040588
10249,-4.498981349749084,0.009920974201040588
10250,-4.782048644023861,0.009920974201040588
10251,-2.9086997856970727,0.009920974201040588
10252,-5.112863474208698,0.009920974201040588
10253,-3.4624127668870255,0.009920974201040588
10254,-6.191366852680091,0.009920974201040588
10255,-6.084724156672811,0.009920974201040588
10256,-7.1761104067335495,0.009920974201040588
10257,-3.5561552076056695,0.009920974201040588
10258,-6.63322080447595,0.009920974201040588
10259,-6.655744207256249,0.009920974201040588
10260,-7.054567131255993,0.009920974201040588
10261,-3.469183958474415,0.009920974201040588
10262,-5.449653118938712,0.009920974201040588
10263,-6.820779758338238,0.009920974201040588
10264,-4.657867349808621,0.009920974201040588
10265,-6.893681496471919,0.009920974201040588
10266,-8.906949058707418,0.009920974201040588
10267,-3.8451892491548296,0.009920974201040588
10268,-2.1774426413990016,0.009920974201040588
10269,-2.093106579705734,0.009920974201040588
10270,-4.901243904043671,0.009920974201040588
10271,-3.8416198071434167,0.009920974201040588
10272,-4.481555177065749,0.009920974201040588
10273,-5.19817859581922,0.009920974201040588
10274,-2.132070726724963,0.009920974201040588
10275,-5.381614763704318,0.009920974201040588
10276,-4.567917480549047,0.009920974201040588
10277,-5.747870074006947,0.009920974201040588
10278,-2.1440502333744336,0.009920974201040588
10279,-4.762326247602956,0.009920974201040588
10280,-4.773319751856238,0.009920974201040588
10281,-2.126756225031066,0.009920974201040588
10282,-3.939863991501021,0.009920974201040588
10283,-4.636175678696001,0.009920974201040588
10284,-4.0382447179859655,0.009920974201040588
10285,-2.1442915675481973,0.009920974201040588
10286,-2.1302598551967273,0.009920974201040588
10287,-2.1570548112833565,0.009920974201040588
10288,-4.203394696494529,0.009920974201040588
10289,-3.8349230830217076,0.009920974201040588
10290,-5.124005614752871,0.009920974201040588
10291,-5.222764455690681,0.009920974201040588
10292,-5.514841571903725,0.009920974201040588
10293,-2.4423648246196814,0.009920974201040588
10294,-4.375795542744649,0.009920974201040588
10295,-4.375719085225576,0.009920974201040588
10296,-4.060849707276288,0.009920974201040588
10297,-4.712637263377687,0.009920974201040588
10298,-4.18728863757628,0.009920974201040588
10299,-4.224743908387038,0.009920974201040588
10300,-4.037881012861665,0.009920974201040588
10301,-3.893403709427292,0.009920974201040588
10302,-4.880759933155654,0.009920974201040588
10303,-3.976506393558771,0.009920974201040588
10304,-4.18559233666662,0.009920974201040588
10305,-3.9921899061601653,0.009920974201040588
10306,-4.2089748081727025,0.009920974201040588
10307,-4.797415036201155,0.009920974201040588
10308,-4.204089748770993,0.009920974201040588
10309,-4.668094022538281,0.009920974201040588
10310,-4.569971740833754,0.009920974201040588
10311,-5.762239639202133,0.009920974201040588
10312,-4.186867960685197,0.009920974201040588
10313,-4.924215743777928,0.009920974201040588
10314,-4.10143504336124,0.009920974201040588
10315,-3.9797264534654744,0.009920974201040588
10316,-4.107519577943494,0.009920974201040588
10317,-4.111791568704616,0.009920974201040588
10318,-4.3131174761537565,0.009920974201040588
10319,-3.9626383055527343,0.009920974201040588
10320,-5.74029272127166,0.009920974201040588
10321,-4.755984239793802,0.009920974201040588
10322,-5.735682450004681,0.009920974201040588
10323,-5.310869296239834,0.009920974201040588
10324,-4.147679609071391,0.009920974201040588
10325,-4.875444267876169,0.009920974201040588
10326,-5.592393291759326,0.009920974201040588
10327,-4.2218992519929355,0.009920974201040588
10328,-4.777746714323337,0.009920974201040588
10329,-5.807116481460761,0.009920974201040588
10330,-5.645686033623775,0.009920974201040588
10331,-4.386656697201103,0.009920974201040588
10332,-6.43345230293944,0.009920974201040588
10333,-5.457815522119088,0.009920974201040588
10334,-6.872200855131531,0.009920974201040588
10335,-4.3698253244796526,0.009920974201040588
10336,-4.3704792707897555,0.009920974201040588
10337,-4.154919332125591,0.009920974201040588
10338,-1.995519375963414,0.009920974201040588
10339,-4.995820346328582,0.009920974201040588
10340,-7.370683148238186,0.009920974201040588
10341,-7.066311693612404,0.009920974201040588
10342,-4.76930477860676,0.009920974201040588
10343,-5.977815732777575,0.009920974201040588
10344,-5.267293322052738,0.009920974201040588
10345,-4.945875766477133,0.009920974201040588
10346,-5.692685314012921,0.009920974201040588
10347,-4.956140637187017,0.009920974201040588
10348,-5.327740287749251,0.009920974201040588
10349,-2.9895951603122772,0.009920974201040588
10350,-2.8882621021813355,0.009920974201040588
10351,-7.313225361097158,0.009920974201040588
10352,-5.107678692567831,0.009920974201040588
10353,-3.6808245486815756,0.009920974201040588
10354,-2.891539141177618,0.009920974201040588
10355,-5.611484336240621,0.009920974201040588
10356,-3.560305357256224,0.009920974201040588
10357,-5.855136020798472,0.009920974201040588
10358,-3.613015957447722,0.009920974201040588
10359,-6.412045552524657,0.009920974201040588
10360,-4.637374104968927,0.009920974201040588
10361,-5.091176660751897,0.009920974201040588
10362,-5.735367542555983,0.009920974201040588
10363,-4.368319000315623,0.009920974201040588
10364,-4.692855311231663,0.009920974201040588
10365,-7.235275808199689,0.009920974201040588
10366,-6.7602621450628275,0.009920974201040588
10367,-4.870214980824445,0.009920974201040588
10368,-6.844071712881023,0.009920974201040588
10369,-4.830650924904999,0.009920974201040588
10370,-2.3313403585045553,0.009920974201040588
10371,-5.284566181848911,0.009920974201040588
10372,-5.454430144781195,0.009920974201040588
10373,-3.106545895386728,0.009920974201040588
10374,-2.977281007548002,0.009920974201040588
10375,-5.273970361161163,0.009920974201040588
10376,-6.255928866442723,0.009920974201040588
10377,-6.933193852679706,0.009920974201040588
10378,-5.78748215486341,0.009920974201040588
10379,-5.635497738657678,0.009920974201040588
10380,-5.659730017017624,0.009920974201040588
10381,-7.537682676807659,0.009920974201040588
10382,-1.4614426088216403,0.009920974201040588
10383,-6.072711085652136,0.009920974201040588
10384,-3.781107083113751,0.009920974201040588
10385,-4.111489275519281,0.009920974201040588
10386,-2.4789841527655714,0.009920974201040588
10387,-2.242231087688367,0.009920974201040588
10388,-4.527730380043774,0.009920974201040588
10389,-7.258871997464754,0.009920974201040588
10390,-5.396620492689989,0.009920974201040588
10391,-5.349754083659648,0.009920974201040588
10392,-4.868148995980611,0.009920974201040588
10393,-4.5578937231173136,0.009920974201040588
10394,-3.844320514539606,0.009920974201040588
10395,-2.014123252595342,0.009920974201040588
10396,-2.437586383284424,0.009920974201040588
10397,-2.0184455995320403,0.009920974201040588
10398,-4.452049372887642,0.009920974201040588
10399,-4.920677562717948,0.009920974201040588
10400,-4.650831575759188,0.009920974201040588
10401,-4.813209030459914,0.009920974201040588
10402,-2.173828759831765,0.009920974201040588
10403,-3.7843464705720744,0.009920974201040588
10404,-4.806324557063911,0.009920974201040588
10405,-6.805728070753865,0.009920974201040588
10406,-2.6828908055776908,0.009920974201040588
10407,-5.964605851088317,0.009920974201040588
10408,-5.183863913320185,0.009920974201040588
10409,-5.634450704576046,0.009920974201040588
10410,-6.297197677222985,0.009920974201040588
10411,-6.743295521399457,0.009920974201040588
10412,-4.166252264434472,0.009920974201040588
10413,-7.306582623129723,0.009920974201040588
10414,-4.517199696594292,0.009920974201040588
10415,-3.268814586253944,0.009920974201040588
10416,-4.805218662677916,0.009920974201040588
10417,-3.4230463211951623,0.009920974201040588
10418,-4.734717303014681,0.009920974201040588
10419,-3.9159049359857727,0.009920974201040588
10420,-5.338743847956604,0.009920974201040588
10421,-5.426634726722882,0.009920974201040588
10422,-6.461046532910036,0.009920974201040588
10423,-5.34108655605351,0.009920974201040588
10424,-4.735508410965708,0.009920974201040588
10425,-4.502153651834709,0.009920974201040588
10426,-4.600038764850282,0.009920974201040588
10427,-4.826948616077489,0.009920974201040588
10428,-7.945660257087634,0.009920974201040588
10429,-7.655034132870267,0.009920974201040588
10430,-6.641995781884189,0.009920974201040588
10431,-7.756758881677516,0.009920974201040588
10432,-6.909008301510005,0.009920974201040588
10433,-4.913732266720626,0.009920974201040588
10434,-5.448639364696792,0.009920974201040588
10435,-3.4239684926550247,0.009920974201040588
10436,-3.053442735992248,0.009920974201040588
10437,-4.572354877728918,0.009920974201040588
10438,-5.491432222053141,0.009920974201040588
10439,-2.966742501733862,0.009920974201040588
10440,-5.218143346916888,0.009920974201040588
10441,-2.275607306337206,0.009920974201040588
10442,-5.144157349997474,0.009920974201040588
10443,-6.917160886944652,0.009920974201040588
10444,-5.388718232083908,0.009920974201040588
10445,-2.7717652136887563,0.009920974201040588
10446,-2.597533456512186,0.009920974201040588
10447,-2.0025595952755904,0.009920974201040588
10448,-7.826767203553082,0.009920974201040588
10449,-5.5633727727509354,0.009920974201040588
10450,-6.79603097743578,0.009920974201040588
10451,-4.507318936964957,0.009920974201040588
10452,-5.1940228756651985,0.009920974201040588
10453,-5.2106236078071095,0.009920974201040588
10454,-6.108146729784778,0.009920974201040588
10455,-4.7712896354002705,0.009920974201040588
10456,-6.2850339056619715,0.009920974201040588
10457,-2.128069496204364,0.009920974201040588
10458,-4.052742603561862,0.009920974201040588
10459,-2.23893341923722,0.009920974201040588
10460,-5.172915750116139,0.009920974201040588
10461,-6.022976539608071,0.009920974201040588
10462,-4.110095068413776,0.009920974201040588
10463,-6.135604524693109,0.009920974201040588
10464,-1.967379605972818,0.009920974201040588
10465,-2.4732997806201804,0.009920974201040588
10466,-3.620740536557019,0.009920974201040588
10467,-7.213525599036823,0.009920974201040588
10468,-4.269167454771946,0.009920974201040588
10469,-4.568324072671359,0.009920974201040588
10470,-6.388807856518911,0.009920974201040588
10471,-2.0410306629295403,0.009920974201040588
10472,-4.904595517669831,0.009920974201040588
10473,-4.565651479411785,0.009920974201040588
10474,-8.147464607061588,0.009920974201040588
10475,-1.674956613784833,0.009920974201040588
10476,-3.017767046013588,0.009920974201040588
10477,-7.022498261815047,0.009920974201040588
10478,-6.451942455599446,0.009920974201040588
10479,-4.089802252602922,0.009920974201040588
10480,-4.8614537973902205,0.009920974201040588
10481,-3.1776418364534234,0.009920974201040588
10482,-5.67612567694618,0.009920974201040588
10483,-3.218595865377921,0.009920974201040588
10484,-3.0421770367564704,0.009920974201040588
10485,-3.2003487137102455,0.009920974201040588
10486,-4.051787625843097,0.009920974201040588
10487,-3.183981212760079,0.009920974201040588
10488,-3.1988071403179728,0.009920974201040588
10489,-5.302664018758455,0.009920974201040588
10490,-3.2247374847499355,0.009920974201040588
10491,-3.0735871043534164,0.009920974201040588
10492,-5.821763105369531,0.009920974201040588
10493,-4.4184191792444505,0.009920974201040588
10494,-5.369190455084995,0.009920974201040588
10495,-4.174203531274805,0.009920974201040588
10496,-5.110660297370016,0.009920974201040588
10497,-3.211743846917449,0.009920974201040588
10498,-5.027102989689233,0.009920974201040588
10499,-4.382606938652945,0.009920974201040588
10500,-6.601733739366724,0.009920974201040588
10501,-2.7531955325114543,0.009920974201040588
10502,-5.407564529283785,0.009920974201040588
10503,-2.5918625290214443,0.009920974201040588
10504,-5.56017108245698,0.009920974201040588
10505,-8.880157974094045,0.009920974201040588
10506,-4.642459740978493,0.009920974201040588
10507,-5.206883260399918,0.009920974201040588
10508,-4.977596057260412,0.009920974201040588
10509,-3.2501043363317033,0.009920974201040588
10510,-3.945761432051488,0.009920974201040588
10511,-4.884934803062476,0.009920974201040588
10512,-7.349782262879298,0.009920974201040588
10513,-4.887537456782476,0.009920974201040588
10514,-5.360106321026473,0.009920974201040588
10515,-3.232848365264666,0.009920974201040588
10516,-3.278470530011603,0.009920974201040588
10517,-5.257932187359651,0.009920974201040588
10518,-5.546344372238417,0.009920974201040588
10519,-3.307434964543382,0.009920974201040588
10520,-3.363282245766384,0.009920974201040588
10521,-3.5953479499618135,0.009920974201040588
10522,-2.7616494359574633,0.009920974201040588
10523,-5.265503246433907,0.009920974201040588
10524,-5.141473202305491,0.009920974201040588
10525,-3.425801844107329,0.009920974201040588
10526,-3.281469112775702,0.009920974201040588
10527,-3.4510217304085185,0.009920974201040588
10528,-3.3404626915984954,0.009920974201040588
10529,-4.192459061195604,0.009920974201040588
10530,-4.677133090228922,0.009920974201040588
10531,-4.1547848509782055,0.009920974201040588
10532,-5.774349746172296,0.009920974201040588
10533,-2.8909997346385925,0.009920974201040588
10534,-2.606375107598045,0.009920974201040588
10535,-2.094251681970335,0.009920974201040588
10536,-4.750403426759826,0.009920974201040588
10537,-6.323754864109839,0.009920974201040588
10538,-3.8286572451188765,0.009920974201040588
10539,-7.413742323410942,0.009920974201040588
10540,-5.05151048460845,0.009920974201040588
10541,-6.166810039474635,0.009920974201040588
10542,-5.166426625308377,0.009920974201040588
10543,-5.2650063259629345,0.009920974201040588
10544,-1.917235404962848,0.009920974201040588
10545,-2.71548312719617,0.009920974201040588
10546,-5.469688601133876,0.009920974201040588
10547,-4.674702382526959,0.009920974201040588
10548,-6.928770697905194,0.009920974201040588
10549,-5.68340002288487,0.009920974201040588
10550,-6.771808377125884,0.009920974201040588
10551,-3.886352175262479,0.009920974201040588
10552,-4.363249585543608,0.009920974201040588
10553,-5.723992191495261,0.009920974201040588
10554,-7.0181433692124475,0.009920974201040588
10555,-2.0890074629893913,0.009920974201040588
10556,-5.695243938554271,0.009920974201040588
10557,-4.6477388475682755,0.009920974201040588
10558,-6.134517289286119,0.009920974201040588
10559,-4.3995240349213365,0.009920974201040588
10560,-3.5229723722652984,0.009920974201040588
10561,-5.8608709759653355,0.009920974201040588
10562,-5.279226352182312,0.009920974201040588
10563,-5.983936249795475,0.009920974201040588
10564,-6.004804936520138,0.009920974201040588
10565,-8.382705477665734,0.009920974201040588
10566,-2.29938511836112,0.009920974201040588
10567,-5.291418861039324,0.009920974201040588
10568,-5.354133019161846,0.009920974201040588
10569,-2.0569147688926206,0.009920974201040588
10570,-4.795014791583986,0.009920974201040588
10571,-3.3493217087520497,0.009920974201040588
10572,-1.9944523847587452,0.009920974201040588
10573,-3.7330907145900616,0.009920974201040588
10574,-4.356966795080997,0.009920974201040588
10575,-3.7194201258079893,0.009920974201040588
10576,-3.7682011021944897,0.009920974201040588
10577,-2.074144133388039,0.009920974201040588
10578,-3.7682011021944897,0.009920974201040588
10579,-4.381807584173728,0.009920974201040588
10580,-3.8011576580745152,0.009920974201040588
10581,-2.0672789917549874,0.009920974201040588
10582,-4.751556804907836,0.009920974201040588
10583,-3.7042944151837456,0.009920974201040588
10584,-3.636128387295032,0.009920974201040588
10585,-2.0694233053085873,0.009920974201040588
10586,-4.137773453933896,0.009920974201040588
10587,-3.296699548114444,0.009920974201040588
10588,-5.317929182438598,0.009920974201040588
10589,-6.607738545150989,0.009920974201040588
10590,-4.769544014679126,0.009920974201040588
10591,-7.1565045717650495,0.009920974201040588
10592,-3.8821861622983302,0.009920974201040588
10593,-3.6966313770277974,0.009920974201040588
10594,-6.6004263398552085,0.009920974201040588
10595,-5.579172305985626,0.009920974201040588
10596,-6.421365085939598,0.009920974201040588
10597,-2.7411932290852743,0.009920974201040588
10598,-3.774775724432445,0.009920974201040588
10599,-3.92206329037927,0.009920974201040588
10600,-6.316045716827528,0.009920974201040588
10601,-3.3858704402982367,0.009920974201040588
10602,-3.387367471923894,0.009920974201040588
10603,-3.9416107872993766,0.009920974201040588
10604,-4.009727671880605,0.009920974201040588
10605,-3.736606259128508,0.009920974201040588
10606,-3.7501079501593986,0.009920974201040588
10607,-3.7907672290674412,0.009920974201040588
10608,-4.005712934038752,0.009920974201040588
10609,-3.9083918613446773,0.009920974201040588
10610,-5.4665453301431235,0.009920974201040588
10611,-6.816127160955952,0.009920974201040588
10612,-7.170347930462925,0.009920974201040588
10613,-5.894029909309252,0.009920974201040588
10614,-7.900286516013138,0.009920974201040588
10615,-4.768503491489051,0.009920974201040588
10616,-5.921770364859811,0.009920974201040588
10617,-3.9243755684226405,0.009920974201040588
10618,-3.778547436195824,0.009920974201040588
10619,-3.8382574256021766,0.009920974201040588
10620,-4.093301499634048,0.009920974201040588
10621,-6.063072140159856,0.009920974201040588
10622,-4.482839689809946,0.009920974201040588
10623,-5.349947974237008,0.009920974201040588
10624,-4.002683343381378,0.009920974201040588
10625,-4.06326817202348,0.009920974201040588
10626,-5.877673826711992,0.009920974201040588
10627,-4.089439472468331,0.009920974201040588
10628,-5.217577900664418,0.009920974201040588
10629,-4.800795838336967,0.009920974201040588
10630,-4.155117871911509,0.009920974201040588
10631,-4.191457105805034,0.009920974201040588
10632,-2.744660123319653,0.009920974201040588
10633,-5.467557216776031,0.009920974201040588
10634,-4.087257628525265,0.009920974201040588
10635,-4.934679696428153,0.009920974201040588
10636,-4.944096587137653,0.009920974201040588
10637,-4.9152815224228945,0.009920974201040588
10638,-5.185258450853853,0.009920974201040588
10639,-4.902735381493727,0.009920974201040588
10640,-4.467693599619045,0.009920974201040588
10641,-5.26507656158516,0.009920974201040588
10642,-4.169869881324774,0.009920974201040588
10643,-5.738521502448364,0.009920974201040588
10644,-3.897521090359273,0.009920974201040588
10645,-4.353895402459853,0.009920974201040588
10646,-4.699961915996443,0.009920974201040588
10647,-5.243288214956402,0.009920974201040588
10648,-2.2212527570813885,0.009920974201040588
10649,-4.925027367898073,0.009920974201040588
10650,-2.8466648346154253,0.009920974201040588
10651,-3.5332406631065645,0.009920974201040588
10652,-5.3668891105579375,0.009920974201040588
10653,-3.879487132096378,0.009920974201040588
10654,-3.7615706322415816,0.009920974201040588
10655,-2.1774972815368248,0.009920974201040588
10656,-3.5020215480958035,0.009920974201040588
10657,-5.014239172043906,0.009920974201040588
10658,-4.313968539863637,0.009920974201040588
10659,-3.464801893703111,0.009920974201040588
10660,-5.926222882593013,0.009920974201040588
10661,-6.5783221776411205,0.009920974201040588
10662,-2.456291499900987,0.009920974201040588
10663,-4.16966248046515,0.009920974201040588
10664,-4.110160239853905,0.009920974201040588
10665,-4.7547641079283975,0.009920974201040588
10666,-4.882842439390811,0.009920974201040588
10667,-6.4741437415669,0.009920974201040588
10668,-3.8863144383591175,0.009920974201040588
10669,-6.322364148429271,0.009920974201040588
10670,-5.556383613729599,0.009920974201040588
10671,-5.140930965920067,0.009920974201040588
10672,-5.10437892018869,0.009920974201040588
10673,-3.538584171858707,0.009920974201040588
10674,-1.98848301051959,0.009920974201040588
10675,-4.726066465323272,0.009920974201040588
10676,-5.059981265152015,0.009920974201040588
10677,-4.98463629387198,0.009920974201040588
10678,-1.9369695214499547,0.009920974201040588
10679,-3.3786223400002973,0.009920974201040588
10680,-3.311145972090615,0.009920974201040588
10681,-5.032267058331245,0.009920974201040588
10682,-4.57564776625951,0.009920974201040588
10683,-3.251364967377773,0.009920974201040588
10684,-4.441175099477578,0.009920974201040588
10685,-4.727606585124174,0.009920974201040588
10686,-7.198142801781426,0.009920974201040588
10687,-6.036306049150282,0.009920974201040588
10688,-1.9818035168024046,0.009920974201040588
10689,-1.879096975845593,0.009920974201040588
10690,-6.329319202213589,0.009920974201040588
10691,-4.0346283628080855,0.009920974201040588
10692,-3.2234610410347653,0.009920974201040588
10693,-4.76990364282838,0.009920974201040588
10694,-6.626314335240423,0.009920974201040588
10695,-1.8982132668539449,0.009920974201040588
10696,-4.638420392492918,0.009920974201040588
10697,-3.278216312640603,0.009920974201040588
10698,-5.416628629329012,0.009920974201040588
10699,-6.3849166962661945,0.009920974201040588
10700,-2.8533559153762074,0.009920974201040588
10701,-3.3425927817213608,0.009920974201040588
10702,-3.3674127207710804,0.009920974201040588
10703,-4.377610798303487,0.009920974201040588
10704,-4.603342434227094,0.009920974201040588
10705,-5.601160126044973,0.009920974201040588
10706,-5.250077898702562,0.009920974201040588
10707,-4.702520092446167,0.009920974201040588
10708,-4.39456782155081,0.009920974201040588
10709,-3.488368704469064,0.009920974201040588
10710,-6.101586081445985,0.009920974201040588
10711,-4.766397453721765,0.009920974201040588
10712,-4.711578623434747,0.009920974201040588
10713,-5.026341400629896,0.009920974201040588
10714,-3.556962471068691,0.009920974201040588
10715,-5.327678613732366,0.009920974201040588
10716,-3.490734604084557,0.009920974201040588
10717,-4.412930868943256,0.009920974201040588
10718,-6.154688283580196,0.009920974201040588
10719,-4.872819405482576,0.009920974201040588
10720,-3.5114987229338954,0.009920974201040588
10721,-3.582510464069606,0.009920974201040588
10722,-3.4091022464044496,0.009920974201040588
10723,-3.5696628224919453,0.009920974201040588
10724,-7.260159115480848,0.009920974201040588
10725,-5.333899294062567,0.009920974201040588
10726,-3.849706180167333,0.009920974201040588
10727,-5.398105431876811,0.009920974201040588
10728,-5.175416315873296,0.009920974201040588
10729,-2.5091510461716426,0.009920974201040588
10730,-2.096338182556378,0.009920974201040588
10731,-2.4247990783007354,0.009920974201040588
10732,-2.5772791085435314,0.009920974201040588
10733,-2.404449394563778,0.009920974201040588
10734,-2.431412430212727,0.009920974201040588
10735,-3.621565154050867,0.009920974201040588
10736,-5.7323030459706095,0.009920974201040588
10737,-6.495377828481204,0.009920974201040588
10738,-3.1174904292754206,0.009920974201040588
10739,-7.35164668857097,0.009920974201040588
10740,-2.6981328992997016,0.009920974201040588
10741,-4.572678462246391,0.009920974201040588
10742,-6.667766410599306,0.009920974201040588
10743,-5.037505375625024,0.009920974201040588
10744,-5.934451972768702,0.009920974201040588
10745,-4.644214587519321,0.009920974201040588
10746,-7.6903097436492605,0.009920974201040588
10747,-5.63412524361863,0.009920974201040588
10748,-7.031835840799449,0.009920974201040588
10749,-7.257223160856456,0.009920974201040588
10750,-6.26301928333349,0.009920974201040588
10751,-7.823917949828027,0.009920974201040588
10752,-8.173513845103566,0.009920974201040588
10753,-6.497127317403635,0.009920974201040588
10754,-5.333915143573698,0.009920974201040588
10755,-1.8534363715318447,0.009920974201040588
10756,-3.405362808349885,0.009920974201040588
10757,-1.8031673789285274,0.009920974201040588
10758,-1.8761510465917262,0.009920974201040588
10759,-3.8455509737758993,0.009920974201040588
10760,-3.9145609676958992,0.009920974201040588
10761,-5.7091618812312435,0.009920974201040588
10762,-2.0807743310990956,0.009920974201040588
10763,-5.666789226636686,0.009920974201040588
10764,-4.7044197025345715,0.009920974201040588
10765,-5.781283470011572,0.009920974201040588
10766,-5.777741946578983,0.009920974201040588
10767,-3.4607455367609425,0.009920974201040588
10768,-2.1339161562509306,0.009920974201040588
10769,-4.884479943511101,0.009920974201040588
10770,-6.02699908745476,0.009920974201040588
10771,-6.050314081379261,0.009920974201040588
10772,-7.6503190694793375,0.009920974201040588
10773,-2.7712426604091283,0.009920974201040588
10774,-2.1132238372242527,0.009920974201040588
10775,-6.287762756991635,0.009920974201040588
10776,-7.306851122178916,0.009920974201040588
10777,-6.33757419152291,0.009920974201040588
10778,-6.04114591648232,0.009920974201040588
10779,-5.965812542981219,0.009920974201040588
10780,-3.6143712351743806,0.009920974201040588
10781,-3.6481077512429976,0.009920974201040588
10782,-4.7557431406341895,0.009920974201040588
10783,-3.826553851122485,0.009920974201040588
10784,-3.973007669105285,0.009920974201040588
10785,-5.077437696291453,0.009920974201040588
10786,-3.698399490120778,0.009920974201040588
10787,-4.749409368404148,0.009920974201040588
10788,-3.6567921922020945,0.009920974201040588
10789,-3.5851374276357886,0.009920974201040588
10790,-4.638210666678718,0.009920974201040588
10791,-4.193739972055859,0.009920974201040588
10792,-4.597411921537766,0.009920974201040588
10793,-3.588369937189988,0.009920974201040588
10794,-3.6597633404907475,0.009920974201040588
10795,-3.6349780362207182,0.009920974201040588
10796,-3.60698210036362,0.009920974201040588
10797,-4.06105904571764,0.009920974201040588
10798,-4.414767224181689,0.009920974201040588
10799,-5.090268215038897,0.009920974201040588
10800,-3.67384865197523,0.009920974201040588
10801,-3.8945609621169073,0.009920974201040588
10802,-4.023395478149199,0.009920974201040588
10803,-4.00617552659164,0.009920974201040588
10804,-3.6713352496679583,0.009920974201040588
10805,-3.952268901326268,0.009920974201040588
10806,-4.404198549535423,0.009920974201040588
10807,-3.9088602927493454,0.009920974201040588
10808,-4.74045500705623,0.009920974201040588
10809,-4.38985481114404,0.009920974201040588
10810,-5.9641601150442956,0.009920974201040588
10811,-3.981764050080062,0.009920974201040588
10812,-4.288850617471,0.009920974201040588
10813,-4.722822247322156,0.009920974201040588
10814,-4.35371060297817,0.009920974201040588
10815,-7.399980927960275,0.009920974201040588
10816,-7.091468057303425,0.009920974201040588
10817,-5.38395151706938,0.009920974201040588
10818,-5.542996259274959,0.009920974201040588
10819,-8.367902951138582,0.009920974201040588
10820,-8.567552419011689,0.009920974201040588
10821,-6.410878704445031,0.009920974201040588
10822,-7.480453213042923,0.009920974201040588
10823,-6.77029865850449,0.009920974201040588
10824,-7.934381738302546,0.009920974201040588
10825,-3.213514462879288,0.009920974201040588
10826,-3.0102086759211177,0.009920974201040588
10827,-7.837668743111603,0.009920974201040588
10828,-4.193358709455804,0.009920974201040588
10829,-5.256285522137847,0.009920974201040588
10830,-7.940421176757176,0.009920974201040588
10831,-2.141405228264734,0.009920974201040588
10832,-6.49513701754801,0.009920974201040588
10833,-4.150625956029031,0.009920974201040588
10834,-6.450212789434824,0.009920974201040588
10835,-5.7336600694668665,0.009920974201040588
10836,-3.5610743139784518,0.009920974201040588
10837,-6.204953035780697,0.009920974201040588
10838,-4.835515248536283,0.009920974201040588
10839,-2.502730594597734,0.009920974201040588
10840,-4.54295203466228,0.009920974201040588
10841,-7.166922808250327,0.009920974201040588
10842,-6.103897871388607,0.009920974201040588
10843,-5.310773056878569,0.009920974201040588
10844,-2.760999202691016,0.009920974201040588
10845,-6.139738861173065,0.009920974201040588
10846,-6.777231190075231,0.009920974201040588
10847,-4.806530423882226,0.009920974201040588
10848,-5.097000687576401,0.009920974201040588
10849,-4.975957335899967,0.009920974201040588
10850,-8.285143985911617,0.009920974201040588
10851,-5.518429859401925,0.009920974201040588
10852,-4.320701212593217,0.009920974201040588
10853,-3.2457560790428257,0.009920974201040588
10854,-5.554989665720678,0.009920974201040588
10855,-6.012774625435233,0.009920974201040588
10856,-5.516019469867141,0.009920974201040588
10857,-4.393472691047,0.009920974201040588
10858,-4.649247823722913,0.009920974201040588
10859,-5.091528691951072,0.009920974201040588
10860,-4.325976444337769,0.009920974201040588
10861,-5.52660559758635,0.009920974201040588
10862,-5.897321260668862,0.009920974201040588
10863,-2.701702681464237,0.009920974201040588
10864,-5.547078716515047,0.009920974201040588
10865,-5.319791100203993,0.009920974201040588
10866,-2.1278209321083974,0.009920974201040588
10867,-5.772878649927021,0.009920974201040588
10868,-3.7276159298604634,0.009920974201040588
10869,-3.4094670703351557,0.009920974201040588
10870,-6.9888123000409035,0.009920974201040588
10871,-5.542959745923856,0.009920974201040588
10872,-3.602844751181072,0.009920974201040588
10873,-4.677301403794143,0.009920974201040588
10874,-5.360204992900231,0.009920974201040588
10875,-2.130538200721805,0.009920974201040588
10876,-2.4302333096329587,0.009920974201040588
10877,-2.1366530880859385,0.009920974201040588
10878,-4.734406968348917,0.009920974201040588
10879,-6.229489875743791,0.009920974201040588
10880,-5.817435253555862,0.009920974201040588
10881,-5.0425679790426,0.009920974201040588
10882,-4.744684259056836,0.009920974201040588
10883,-4.992201959523495,0.009920974201040588
10884,-5.9162570776368995,0.009920974201040588
10885,-4.978584203385152,0.009920974201040588
10886,-5.919019250226825,0.009920974201040588
10887,-5.841057056070223,0.009920974201040588
10888,-3.7947023546686016,0.009920974201040588
10889,-2.1977150522025184,0.009920974201040588
10890,-3.1244345421199,0.009920974201040588
10891,-4.803822701689668,0.009920974201040588
10892,-4.344343450241628,0.009920974201040588
10893,-5.052691407264917,0.009920974201040588
10894,-5.815776203271,0.009920974201040588
10895,-7.590170213144738,0.009920974201040588
10896,-6.563583800025521,0.009920974201040588
10897,-3.217866789172456,0.009920974201040588
10898,-6.797007954942531,0.009920974201040588
10899,-5.091272720998043,0.009920974201040588
10900,-4.551541395711979,0.009920974201040588
10901,-5.826609143904124,0.009920974201040588
10902,-4.0116784354553126,0.009920974201040588
10903,-2.900886803010145,0.009920974201040588
10904,-4.154455775171204,0.009920974201040588
10905,-5.908527751054134,0.009920974201040588
10906,-4.66227868929624,0.009920974201040588
10907,-4.5167406158045305,0.009920974201040588
10908,-5.437230978920747,0.009920974201040588
10909,-5.31498073989401,0.009920974201040588
10910,-6.3081510083250505,0.009920974201040588
10911,-4.054160688292564,0.009920974201040588
10912,-6.811934235591432,0.009920974201040588
10913,-5.4370696558578615,0.009920974201040588
10914,-5.752844931593833,0.009920974201040588
10915,-5.8135890953398635,0.009920974201040588
10916,-4.801436904794295,0.009920974201040588
10917,-6.964261402767304,0.009920974201040588
10918,-6.228524415104221,0.009920974201040588
10919,-6.679028289968167,0.009920974201040588
10920,-3.1402192266450157,0.009920974201040588
10921,-6.345771794249683,0.009920974201040588
10922,-7.6395183756003675,0.009920974201040588
10923,-7.397624669414077,0.009920974201040588
10924,-2.6127083328694356,0.009920974201040588
10925,-2.4106758708901928,0.009920974201040588
10926,-4.0545491318272235,0.009920974201040588
10927,-2.670407901890422,0.009920974201040588
10928,-3.713384848497407,0.009920974201040588
10929,-3.1254067339438856,0.009920974201040588
10930,-2.084845687810507,0.009920974201040588
10931,-3.403735877702371,0.009920974201040588
10932,-6.200770895453923,0.009920974201040588
10933,-1.670304338990892,0.009920974201040588
10934,-3.947728911172063,0.009920974201040588
10935,-2.5368812169835526,0.009920974201040588
10936,-4.200258700368629,0.009920974201040588
10937,-5.957828452191809,0.009920974201040588
10938,-4.566621673630094,0.009920974201040588
10939,-5.7090894326335775,0.009920974201040588
10940,-6.783148424524644,0.009920974201040588
10941,-6.854588691920805,0.009920974201040588
10942,-7.334742128942334,0.009920974201040588
10943,-6.324066225888549,0.009920974201040588
10944,-2.346363533988481,0.009920974201040588
10945,-6.387612229855538,0.009920974201040588
10946,-4.544356544687858,0.009920974201040588
10947,-7.794659830426439,0.009920974201040588
10948,-2.0772083251448414,0.009920974201040588
10949,-5.690038418603721,0.009920974201040588
10950,-4.247088956796054,0.009920974201040588
10951,-4.546829751053841,0.009920974201040588
10952,-4.956374617414763,0.009920974201040588
10953,-2.4314309021686764,0.009920974201040588
10954,-3.790320674886437,0.009920974201040588
10955,-5.601678684604133,0.009920974201040588
10956,-2.1321543532187763,0.009920974201040588
10957,-2.132249601937967,0.009920974201040588
10958,-4.334401542143073,0.009920974201040588
10959,-2.1467477784234377,0.009920974201040588
10960,-5.745399881482054,0.009920974201040588
10961,-4.627987861458648,0.009920974201040588
10962,-4.023749955264401,0.009920974201040588
10963,-2.369538039914544,0.009920974201040588
10964,-4.111330175680497,0.009920974201040588
10965,-4.044103654251831,0.009920974201040588
10966,-4.007953697540762,0.009920974201040588
10967,-4.1392825872996015,0.009920974201040588
10968,-5.696971513702637,0.009920974201040588
10969,-6.341813166996161,0.009920974201040588
10970,-5.731207456525885,0.009920974201040588
10971,-6.2911356336563715,0.009920974201040588
10972,-5.466727445226933,0.009920974201040588
10973,-5.829019766881097,0.009920974201040588
10974,-4.780886465948404,0.009920974201040588
10975,-6.247102890410114,0.009920974201040588
10976,-5.337142898001934,0.009920974201040588
10977,-5.70499417044066,0.009920974201040588
10978,-5.572900524991194,0.009920974201040588
10979,-5.44222810600769,0.009920974201040588
10980,-6.045705219565599,0.009920974201040588
10981,-4.338580421435195,0.009920974201040588
10982,-4.240253188305136,0.009920974201040588
10983,-4.011567809430238,0.009920974201040588
10984,-6.0271320382790305,0.009920974201040588
10985,-3.531400005436777,0.009920974201040588
10986,-3.6994733735615597,0.009920974201040588
10987,-3.6638659262398923,0.009920974201040588
10988,-5.220041063264357,0.009920974201040588
10989,-4.352469503538766,0.009920974201040588
10990,-4.13034367518893,0.009920974201040588
10991,-6.027828560197513,0.009920974201040588
10992,-5.737525118549463,0.009920974201040588
10993,-5.676098807579808,0.009920974201040588
10994,-6.638671792624158,0.009920974201040588
10995,-4.150794687618576,0.009920974201040588
10996,-6.391422014197276,0.009920974201040588
10997,-5.32356129936511,0.009920974201040588
10998,-4.867349783533911,0.009920974201040588
10999,-6.301624169321561,0.009920974201040588
11000,-5.888029138043822,0.009920974201040588
11001,-5.497265470532388,0.009920974201040588
11002,-5.563793850932026,0.009920974201040588
11003,-4.258584859832179,0.009920974201040588
11004,-5.7389822368021814,0.009920974201040588
11005,-4.737684880481125,0.009920974201040588
11006,-5.926058764608709,0.009920974201040588
11007,-5.859588629365936,0.009920974201040588
11008,-4.855974068860329,0.009920974201040588
11009,-6.906653270294653,0.009920974201040588
11010,-4.328134874961955,0.009920974201040588
11011,-5.224736876516153,0.009920974201040588
11012,-5.182026784126424,0.009920974201040588
11013,-5.938318887348532,0.009920974201040588
11014,-4.36752591144204,0.009920974201040588
11015,-4.40883961694453,0.009920974201040588
11016,-4.498538027739091,0.009920974201040588
11017,-4.315616996076933,0.009920974201040588
11018,-4.374676973872465,0.009920974201040588
11019,-7.63499720431523,0.009920974201040588
11020,-1.791150499239308,0.009920974201040588
11021,-6.005258832282422,0.009920974201040588
11022,-5.598569343731885,0.009920974201040588
11023,-3.5331835506401967,0.009920974201040588
11024,-4.972752897404389,0.009920974201040588
11025,-5.714615410564765,0.009920974201040588
11026,-5.031481674601348,0.009920974201040588
11027,-6.357841508423602,0.009920974201040588
11028,-6.622773175632907,0.009920974201040588
11029,-4.6462754459968805,0.009920974201040588
11030,-5.301733027348483,0.009920974201040588
11031,-5.136551067835312,0.009920974201040588
11032,-4.8743565840789165,0.009920974201040588
11033,-4.187456340857526,0.009920974201040588
11034,-7.6285780930424085,0.009920974201040588
11035,-4.892433826999986,0.009920974201040588
11036,-2.7449152238602097,0.009920974201040588
11037,-5.796516220053089,0.009920974201040588
11038,-8.316250622048194,0.009920974201040588
11039,-5.009528415441785,0.009920974201040588
11040,-4.176471195787728,0.009920974201040588
11041,-7.091719659696469,0.009920974201040588
11042,-5.181709532337423,0.009920974201040588
11043,-4.666231652293976,0.009920974201040588
11044,-4.891627035873334,0.009920974201040588
11045,-1.7446842470742565,0.009920974201040588
11046,-4.844197087071488,0.009920974201040588
11047,-3.929902199232,0.009920974201040588
11048,-6.4663292391954315,0.009920974201040588
11049,-4.484225050534659,0.009920974201040588
11050,-5.051971264187427,0.009920974201040588
11051,-3.6461193728624903,0.009920974201040588
11052,-2.270482109040515,0.009920974201040588
11053,-4.010938024788256,0.009920974201040588
11054,-5.004210777237974,0.009920974201040588
11055,-5.223211291823217,0.009920974201040588
11056,-6.135906903988527,0.009920974201040588
11057,-1.7715241923712786,0.009920974201040588
11058,-4.555663039913547,0.009920974201040588
11059,-5.886975964065794,0.009920974201040588
11060,-5.819546058500802,0.009920974201040588
11061,-6.712690199548502,0.009920974201040588
11062,-5.814871031332871,0.009920974201040588
11063,-4.791746922985512,0.009920974201040588
11064,-1.4614426088216403,0.009920974201040588
11065,-6.072711085652136,0.009920974201040588
11066,-5.808758544767327,0.009920974201040588
11067,-4.527652085599109,0.009920974201040588
11068,-4.15440106039523,0.009920974201040588
11069,-4.846676832143503,0.009920974201040588
11070,-1.9952022971355463,0.009920974201040588
11071,-4.99356661635871,0.009920974201040588
11072,-5.049115583941019,0.009920974201040588
11073,-4.345767000748685,0.009920974201040588
11074,-4.32414265455418,0.009920974201040588
11075,-5.527297276608756,0.009920974201040588
11076,-5.446968742139603,0.009920974201040588
11077,-4.958422499991229,0.009920974201040588
11078,-5.882395127550804,0.009920974201040588
11079,-2.6065960936515657,0.009920974201040588
11080,-5.8823555261595795,0.009920974201040588
11081,-4.820551338228508,0.009920974201040588
11082,-2.397788758749324,0.009920974201040588
11083,-2.38713530998501,0.009920974201040588
11084,-7.077622202569621,0.009920974201040588
11085,-4.269747976544672,0.009920974201040588
11086,-5.710509136228426,0.009920974201040588
11087,-5.894701010717116,0.009920974201040588
11088,-2.6828908055776908,0.009920974201040588
11089,-7.431595919922788,0.009920974201040588
11090,-4.239184693278836,0.009920974201040588
11091,-5.856561983600584,0.009920974201040588
11092,-7.6660439173585635,0.009920974201040588
11093,-6.688721939164563,0.009920974201040588
11094,-4.348693360774595,0.009920974201040588
11095,-4.816405530346858,0.009920974201040588
11096,-2.51571006401203,0.009920974201040588
11097,-6.1775170836340045,0.009920974201040588
11098,-6.794720136183347,0.009920974201040588
11099,-5.550792034199082,0.009920974201040588
11100,-4.845041887703456,0.009920974201040588
11101,-6.115005190007506,0.009920974201040588
11102,-6.835972957711442,0.009920974201040588
11103,-5.7883016680329185,0.009920974201040588
11104,-5.905085719058981,0.009920974201040588
11105,-6.235494598604276,0.009920974201040588
11106,-5.04199250842162,0.009920974201040588
11107,-4.894304911386537,0.009920974201040588
11108,-4.8106719494369505,0.009920974201040588
11109,-7.676409262150775,0.009920974201040588
11110,-4.362533670496282,0.009920974201040588
11111,-6.601047889849684,0.009920974201040588
11112,-6.2608090714453315,0.009920974201040588
11113,-7.05941698773055,0.009920974201040588
11114,-6.7155547119981165,0.009920974201040588
11115,-7.447299962109634,0.009920974201040588
11116,-5.560166214516875,0.009920974201040588
11117,-7.809343420156765,0.009920974201040588
11118,-2.77662007852119,0.009920974201040588
11119,-4.465179597106713,0.009920974201040588
11120,-9.03026335820537,0.009920974201040588
11121,-3.250152238299355,0.009920974201040588
11122,-3.821448371212975,0.009920974201040588
11123,-5.398344785981195,0.009920974201040588
11124,-5.226469165170445,0.009920974201040588
11125,-5.508613044249422,0.009920974201040588
11126,-6.533509329915239,0.009920974201040588
11127,-2.6681089796942024,0.009920974201040588
11128,-6.256554343940552,0.009920974201040588
11129,-6.029601511895609,0.009920974201040588
11130,-7.433733737335599,0.009920974201040588
11131,-4.5711330781613775,0.009920974201040588
11132,-6.314723422814303,0.009920974201040588
11133,-2.4158997835097313,0.009920974201040588
11134,-6.2677892850548105,0.009920974201040588
11135,-2.662852170020061,0.009920974201040588
11136,-6.083343201689669,0.009920974201040588
11137,-5.793149432483419,0.009920974201040588
11138,-3.944874936483501,0.009920974201040588
11139,-6.686234523798632,0.009920974201040588
11140,-5.876315220193265,0.009920974201040588
11141,-2.7289335230978278,0.009920974201040588
11142,-6.70859049989186,0.009920974201040588
11143,-5.436834925337447,0.009920974201040588
11144,-2.940387935748128,0.009920974201040588
11145,-4.55200426456227,0.009920974201040588
11146,-1.695960593120355,0.009920974201040588
11147,-3.943776106954758,0.009920974201040588
11148,-5.1977242931405065,0.009920974201040588
11149,-3.664233691719092,0.009920974201040588
11150,-2.4127513734916564,0.009920974201040588
11151,-4.480275844125712,0.009920974201040588
11152,-5.388630110362174,0.009920974201040588
11153,-7.420778407019612,0.009920974201040588
11154,-2.711386401412075,0.009920974201040588
11155,-4.403767537888287,0.009920974201040588
11156,-4.322666700733838,0.009920974201040588
11157,-4.935234469532682,0.009920974201040588
11158,-6.753070970356052,0.009920974201040588
11159,-7.638678877285901,0.009920974201040588
11160,-5.355366725513208,0.009920974201040588
11161,-5.632108211795988,0.009920974201040588
11162,-5.908261648698389,0.009920974201040588
11163,-3.185347648146357,0.009920974201040588
11164,-6.030514456828499,0.009920974201040588
11165,-1.6882366998513239,0.009920974201040588
11166,-3.3305542605275753,0.009920974201040588
11167,-6.417404024734645,0.009920974201040588
11168,-2.808475394928031,0.009920974201040588
11169,-3.985346910844234,0.009920974201040588
11170,-5.475505386760643,0.009920974201040588
11171,-4.353179760673374,0.009920974201040588
11172,-5.924154802922347,0.009920974201040588
11173,-3.3663689053639385,0.009920974201040588
11174,-3.349403315564203,0.009920974201040588
11175,-3.9602309614304336,0.009920974201040588
11176,-3.324466430136619,0.009920974201040588
11177,-6.438524414965709,0.009920974201040588
11178,-4.5937156427893004,0.009920974201040588
11179,-6.17256378197132,0.009920974201040588
11180,-2.303384270712665,0.009920974201040588
11181,-6.902765073155345,0.009920974201040588
11182,-4.92292200566048,0.009920974201040588
11183,-5.374456773010471,0.009920974201040588
11184,-2.836378004512257,0.009920974201040588
11185,-5.827591301754495,0.009920974201040588
11186,-2.478807908533698,0.009920974201040588
11187,-5.28069624043945,0.009920974201040588
11188,-2.496174161037407,0.009920974201040588
11189,-4.760071473507247,0.009920974201040588
11190,-6.63820005123206,0.009920974201040588
11191,-6.535376262172231,0.009920974201040588
11192,-6.14209569813367,0.009920974201040588
11193,-6.18636487258028,0.009920974201040588
11194,-4.728443346373107,0.009920974201040588
11195,-5.855224849713326,0.009920974201040588
11196,-6.50527343776154,0.009920974201040588
11197,-6.160201395109963,0.009920974201040588
11198,-6.587323192602187,0.009920974201040588
11199,-5.980072683729762,0.009920974201040588
11200,-4.658317999501669,0.009920974201040588
11201,-2.5094837442400157,0.009920974201040588
11202,-4.593972592225677,0.009920974201040588
11203,-2.527817523673706,0.009920974201040588
11204,-7.50326037657511,0.009920974201040588
11205,-6.58995011399842,0.009920974201040588
11206,-4.755646982580056,0.009920974201040588
11207,-4.434139171393257,0.009920974201040588
11208,-5.470601770007791,0.009920974201040588
11209,-4.451174032399138,0.009920974201040588
11210,-5.725712632678352,0.009920974201040588
11211,-4.973504088204852,0.009920974201040588
11212,-8.464765768282259,0.009920974201040588
11213,-7.095714345927822,0.009920974201040588
11214,-7.515879004068971,0.009920974201040588
11215,-2.2144198998414844,0.009920974201040588
11216,-1.890741354509966,0.009920974201040588
11217,-3.0781376568782983,0.009920974201040588
11218,-7.7877683068292,0.009920974201040588
11219,-2.5311599120627246,0.009920974201040588
11220,-3.028238278175458,0.009920974201040588
11221,-3.6841192800763696,0.009920974201040588
11222,-3.5689723801958944,0.009920974201040588
11223,-3.4108169654178115,0.009920974201040588
11224,-5.444301643644843,0.009920974201040588
11225,-5.533143313246975,0.009920974201040588
11226,-3.463287208608696,0.009920974201040588
11227,-3.815990895959417,0.009920974201040588
11228,-4.096166736481458,0.009920974201040588
11229,-4.7688157121253525,0.009920974201040588
11230,-2.2126942001634418,0.009920974201040588
11231,-4.9842948022161915,0.009920974201040588
11232,-4.055318441219001,0.009920974201040588
11233,-5.346723658232331,0.009920974201040588
11234,-4.5830753671569,0.009920974201040588
11235,-5.147149387214865,0.009920974201040588
11236,-1.633354436665443,0.009920974201040588
11237,-4.702007253288412,0.009920974201040588
11238,-4.848912218613473,0.009920974201040588
11239,-4.763752046457123,0.009920974201040588
11240,-6.013448394532794,0.009920974201040588
11241,-4.72502885474787,0.009920974201040588
11242,-2.5333481556736874,0.009920974201040588
11243,-5.566449956827986,0.009920974201040588
11244,-6.1806461270792274,0.009920974201040588
11245,-3.997300291072966,0.009920974201040588
11246,-5.156221688266092,0.009920974201040588
11247,-5.154953629889112,0.009920974201040588
11248,-4.014741829489242,0.009920974201040588
11249,-3.804358245493458,0.009920974201040588
11250,-5.834121331206516,0.009920974201040588
11251,-4.9607137181687415,0.009920974201040588
11252,-5.615882636873268,0.009920974201040588
11253,-2.4712558469423604,0.009920974201040588
11254,-6.396783589702981,0.009920974201040588
11255,-4.854290422053566,0.009920974201040588
11256,-2.7192448849654367,0.009920974201040588
11257,-2.389415219005893,0.009920974201040588
11258,-4.93155391652214,0.009920974201040588
11259,-4.142192212943904,0.009920974201040588
11260,-4.613599286878815,0.009920974201040588
11261,-1.6725754792320235,0.009920974201040588
11262,-7.13356015769225,0.009920974201040588
11263,-4.006284473277022,0.009920974201040588
11264,-5.909153576313625,0.009920974201040588
11265,-6.872277139500127,0.009920974201040588
11266,-4.916593787322393,0.009920974201040588
11267,-5.971108183522093,0.009920974201040588
11268,-5.9703557097460145,0.009920974201040588
11269,-5.405961029581192,0.009920974201040588
11270,-2.2929637500416638,0.009920974201040588
11271,-4.363562460119593,0.009920974201040588
11272,-5.491237840682873,0.009920974201040588
11273,-5.9582525810171605,0.009920974201040588
11274,-6.224716196993015,0.009920974201040588
11275,-4.674485224261059,0.009920974201040588
11276,-3.8329165017328584,0.009920974201040588
11277,-3.497087621846868,0.009920974201040588
11278,-6.311779213125423,0.009920974201040588
11279,-1.5282465142108288,0.009920974201040588
11280,-6.103623393190674,0.009920974201040588
11281,-4.395128405584368,0.009920974201040588
11282,-4.965593669102848,0.009920974201040588
11283,-5.3767153827091825,0.009920974201040588
11284,-5.2359009629809545,0.009920974201040588
11285,-5.0008138678678264,0.009920974201040588
11286,-2.3333216414324403,0.009920974201040588
11287,-5.990852469872022,0.009920974201040588
11288,-2.105448621154805,0.009920974201040588
11289,-5.352566459912653,0.009920974201040588
11290,-3.5228994910221685,0.009920974201040588
11291,-3.9730534260057078,0.009920974201040588
11292,-4.6241948591309265,0.009920974201040588
11293,-2.1319264571106036,0.009920974201040588
11294,-2.360091291471135,0.009920974201040588
11295,-2.139469496932371,0.009920974201040588
11296,-2.8559277605654803,0.009920974201040588
11297,-5.442653017037531,0.009920974201040588
11298,-2.1542056419830202,0.009920974201040588
11299,-6.106458752006582,0.009920974201040588
11300,-5.287322686719155,0.009920974201040588
11301,-5.323925555217768,0.009920974201040588
11302,-2.149600747437927,0.009920974201040588
11303,-2.160721288463784,0.009920974201040588
11304,-3.74387904982749,0.009920974201040588
11305,-3.821009795530562,0.009920974201040588
11306,-5.8445947946051415,0.009920974201040588
11307,-3.9469239938415512,0.009920974201040588
11308,-4.114288274460975,0.009920974201040588
11309,-5.27799802492947,0.009920974201040588
11310,-3.5697148634391382,0.009920974201040588
11311,-3.5038134769500817,0.009920974201040588
11312,-4.938258180177156,0.009920974201040588
11313,-2.094251681970335,0.009920974201040588
11314,-2.1575930691516145,0.009920974201040588
11315,-6.195751938529369,0.009920974201040588
11316,-6.438091698085451,0.009920974201040588
11317,-6.86058537541788,0.009920974201040588
11318,-4.288936948900121,0.009920974201040588
11319,-5.610911371243442,0.009920974201040588
11320,-6.160391267073735,0.009920974201040588
11321,-4.2393784059999735,0.009920974201040588
11322,-3.470716311301544,0.009920974201040588
11323,-6.3384315943368055,0.009920974201040588
11324,-2.589873620657706,0.009920974201040588
11325,-5.92960087621206,0.009920974201040588
11326,-6.227296833188466,0.009920974201040588
11327,-4.096944370201662,0.009920974201040588
11328,-6.320760212112033,0.009920974201040588
11329,-3.8937631678791758,0.009920974201040588
11330,-1.5001506942673557,0.009920974201040588
11331,-4.721267260071195,0.009920974201040588
11332,-3.1213853659874253,0.009920974201040588
11333,-4.717344176349965,0.009920974201040588
11334,-5.556382443592355,0.009920974201040588
11335,-2.2637282341746516,0.009920974201040588
11336,-5.1047325866390345,0.009920974201040588
11337,-3.1140333870599126,0.009920974201040588
11338,-6.241764743148551,0.009920974201040588
11339,-2.288348348929148,0.009920974201040588
11340,-5.03634096224242,0.009920974201040588
11341,-3.179244069302528,0.009920974201040588
11342,-2.5379827578315886,0.009920974201040588
11343,-3.366790781947115,0.009920974201040588
11344,-2.29938511836112,0.009920974201040588
11345,-5.380693562672253,0.009920974201040588
11346,-2.774275826558756,0.009920974201040588
11347,-6.747037590784318,0.009920974201040588
11348,-4.850380370634557,0.009920974201040588
11349,-3.3493217087520497,0.009920974201040588
11350,-4.213638640327199,0.009920974201040588
11351,-2.0262434080960428,0.009920974201040588
11352,-4.356966795080997,0.009920974201040588
11353,-6.385211647455835,0.009920974201040588
11354,-2.0917791732701145,0.009920974201040588
11355,-3.6539923309014015,0.009920974201040588
11356,-4.701322396148607,0.009920974201040588
11357,-7.589574078087505,0.009920974201040588
11358,-2.0616849721521615,0.009920974201040588
11359,-3.680340096490002,0.009920974201040588
11360,-5.302696237915189,0.009920974201040588
11361,-6.362015436276296,0.009920974201040588
11362,-4.617635792697341,0.009920974201040588
11363,-5.088327639780156,0.009920974201040588
11364,-3.6714417824889143,0.009920974201040588
11365,-6.747646461505102,0.009920974201040588
11366,-2.0994799837572433,0.009920974201040588
11367,-5.6916937436308785,0.009920974201040588
11368,-6.384922732610494,0.009920974201040588
11369,-4.49611976317655,0.009920974201040588
11370,-6.403039812195445,0.009920974201040588
11371,-4.32180338585173,0.009920974201040588
11372,-5.745466502564101,0.009920974201040588
11373,-4.248596118224741,0.009920974201040588
11374,-7.384727052642187,0.009920974201040588
11375,-4.4304689269652435,0.009920974201040588
11376,-4.392861076020077,0.009920974201040588
11377,-4.409936027277804,0.009920974201040588
11378,-3.814378317381335,0.009920974201040588
11379,-3.886118809651493,0.009920974201040588
11380,-5.971085541397192,0.009920974201040588
11381,-5.3680484128455,0.009920974201040588
11382,-3.731784050947134,0.009920974201040588
11383,-4.835197195962614,0.009920974201040588
11384,-5.782640079285681,0.009920974201040588
11385,-4.04392904792023,0.009920974201040588
11386,-5.681086419271955,0.009920974201040588
11387,-3.9099949832988656,0.009920974201040588
11388,-3.957512242405498,0.009920974201040588
11389,-4.862230215443905,0.009920974201040588
11390,-3.9484924066298994,0.009920974201040588
11391,-3.8999832759476636,0.009920974201040588
11392,-3.809102126314775,0.009920974201040588
11393,-4.059681445999416,0.009920974201040588
11394,-4.62676019995949,0.009920974201040588
11395,-7.331197177905288,0.009920974201040588
11396,-4.073012950423065,0.009920974201040588
11397,-4.111211959431735,0.009920974201040588
11398,-6.934856221996791,0.009920974201040588
11399,-2.783260003629146,0.009920974201040588
11400,-6.787096176428612,0.009920974201040588
11401,-7.275634746247897,0.009920974201040588
11402,-6.32445442273133,0.009920974201040588
11403,-6.217598996217677,0.009920974201040588
11404,-5.80905888614459,0.009920974201040588
11405,-7.606117403982397,0.009920974201040588
11406,-6.0070192688986985,0.009920974201040588
11407,-3.8848566213462195,0.009920974201040588
11408,-6.863171078181464,0.009920974201040588
11409,-5.231790892143826,0.009920974201040588
11410,-3.5038134769500817,0.009920974201040588
11411,-2.606375107598045,0.009920974201040588
11412,-1.8360185482429883,0.009920974201040588
11413,-2.1575930691516145,0.009920974201040588
11414,-4.820367518221647,0.009920974201040588
11415,-3.8286572451188765,0.009920974201040588
11416,-7.544852105245076,0.009920974201040588
11417,-4.957110698568976,0.009920974201040588
11418,-5.78342892567052,0.009920974201040588
11419,-5.6430879785068795,0.009920974201040588
11420,-3.2153766587546544,0.009920974201040588
11421,-1.917235404962848,0.009920974201040588
11422,-2.71548312719617,0.009920974201040588
11423,-2.589873620657706,0.009920974201040588
11424,-6.549699800661923,0.009920974201040588
11425,-6.183559883435312,0.009920974201040588
11426,-4.096944370201662,0.009920974201040588
11427,-6.7173474890419484,0.009920974201040588
11428,-3.1215068297916133,0.009920974201040588
11429,-2.540408326931238,0.009920974201040588
11430,-4.931026944494529,0.009920974201040588
11431,-3.1213853659874253,0.009920974201040588
11432,-4.717344176349965,0.009920974201040588
11433,-5.556382443592355,0.009920974201040588
11434,-2.2637282341746516,0.009920974201040588
11435,-4.136735167732149,0.009920974201040588
11436,-5.062048587719471,0.009920974201040588
11437,-6.241764743148551,0.009920974201040588
11438,-2.6235150094375026,0.009920974201040588
11439,-7.026004821433821,0.009920974201040588
11440,-3.179244069302528,0.009920974201040588
11441,-2.5379827578315886,0.009920974201040588
11442,-7.3893568984054046,0.009920974201040588
11443,-2.55013022431341,0.009920974201040588
11444,-5.380693562672253,0.009920974201040588
11445,-2.774275826558756,0.009920974201040588
11446,-2.0569147688926206,0.009920974201040588
11447,-4.96456523228799,0.009920974201040588
11448,-3.3493217087520497,0.009920974201040588
11449,-5.429289948374871,0.009920974201040588
11450,-5.817925760524584,0.009920974201040588
11451,-4.356966795080997,0.009920974201040588
11452,-7.657292951381811,0.009920974201040588
11453,-3.7682011021944897,0.009920974201040588
11454,-2.074144133388039,0.009920974201040588
11455,-3.7682011021944897,0.009920974201040588
11456,-4.381807584173728,0.009920974201040588
11457,-5.47687631040983,0.009920974201040588
11458,-2.0672789917549874,0.009920974201040588
11459,-3.779926981712656,0.009920974201040588
11460,-6.376352815555805,0.009920974201040588
11461,-3.636128387295032,0.009920974201040588
11462,-2.0694233053085873,0.009920974201040588
11463,-5.696116635149844,0.009920974201040588
11464,-4.910340323571001,0.009920974201040588
11465,-2.0994799837572433,0.009920974201040588
11466,-5.667343892924879,0.009920974201040588
11467,-6.016279380529436,0.009920974201040588
11468,-2.078677560013129,0.009920974201040588
11469,-7.216623301927753,0.009920974201040588
11470,-2.0924979974553946,0.009920974201040588
11471,-2.077178551888233,0.009920974201040588
11472,-6.184549847992494,0.009920974201040588
11473,-6.129938249900234,0.009920974201040588
11474,-5.8419488754105044,0.009920974201040588
11475,-2.6383270159835774,0.009920974201040588
11476,-3.862346364246492,0.009920974201040588
11477,-4.7796708967755634,0.009920974201040588
11478,-3.6811082454567132,0.009920974201040588
11479,-5.238582665382038,0.009920974201040588
11480,-4.9712121181704,0.009920974201040588
11481,-5.908162610333897,0.009920974201040588
11482,-4.947618488779784,0.009920974201040588
11483,-2.634102797408898,0.009920974201040588
11484,-5.535269735994718,0.009920974201040588
11485,-3.3482649500496353,0.009920974201040588
11486,-3.5044622749086045,0.009920974201040588
11487,-3.341186533919192,0.009920974201040588
11488,-6.92750168680373,0.009920974201040588
11489,-6.8613481023007825,0.009920974201040588
11490,-7.133684218361052,0.009920974201040588
11491,-8.066087407150548,0.009920974201040588
11492,-4.019603397144713,0.009920974201040588
11493,-4.69956977095257,0.009920974201040588
11494,-4.819545868387326,0.009920974201040588
11495,-4.792918967563461,0.009920974201040588
11496,-4.844833029497927,0.009920974201040588
11497,-4.054826572733534,0.009920974201040588
11498,-5.576406722768004,0.009920974201040588
11499,-4.016601770896796,0.009920974201040588
11500,-3.9049417068907766,0.009920974201040588
11501,-5.010305038818838,0.009920974201040588
11502,-6.142236390050355,0.009920974201040588
11503,-3.906824759008893,0.009920974201040588
11504,-4.089439472468331,0.009920974201040588
11505,-4.1274747093587365,0.009920974201040588
11506,-4.10698669394308,0.009920974201040588
11507,-3.966834602349413,0.009920974201040588
11508,-4.174093030502528,0.009920974201040588
11509,-3.37051005128559,0.009920974201040588
11510,-5.470802443659648,0.009920974201040588
11511,-5.501337499906805,0.009920974201040588
11512,-4.374533981612775,0.009920974201040588
11513,-5.75676675647513,0.009920974201040588
11514,-3.213003136902103,0.009920974201040588
11515,-6.056466912929993,0.009920974201040588
11516,-7.153587648093775,0.009920974201040588
11517,-6.543026198520694,0.009920974201040588
11518,-6.725008637271265,0.009920974201040588
11519,-2.8046476147787067,0.009920974201040588
11520,-4.983195274867503,0.009920974201040588
11521,-6.691103807273075,0.009920974201040588
11522,-2.1828495316435554,0.009920974201040588
11523,-3.218191459111237,0.009920974201040588
11524,-4.819183186599979,0.009920974201040588
11525,-2.8178159763412953,0.009920974201040588
11526,-5.599802009218786,0.009920974201040588
11527,-6.974408009872952,0.009920974201040588
11528,-6.969200949785609,0.009920974201040588
11529,-5.641070715161619,0.009920974201040588
11530,-3.2254303091952927,0.009920974201040588
11531,-5.012094113023453,0.009920974201040588
11532,-3.6052099751347217,0.009920974201040588
11533,-4.980033214688952,0.009920974201040588
11534,-6.477487125739487,0.009920974201040588
11535,-4.774905136588881,0.009920974201040588
11536,-4.963607866015824,0.009920974201040588
11537,-5.181000633709571,0.009920974201040588
11538,-4.635488768339156,0.009920974201040588
11539,-1.878553287785968,0.009920974201040588
11540,-4.75221358402178,0.009920974201040588
11541,-5.595847472429266,0.009920974201040588
11542,-4.3194045190564525,0.009920974201040588
11543,-3.5795348611154463,0.009920974201040588
11544,-6.315420207182429,0.009920974201040588
11545,-4.379444563018991,0.009920974201040588
11546,-3.495046263088491,0.009920974201040588
11547,-5.696255125383761,0.009920974201040588
11548,-4.272558762963973,0.009920974201040588
11549,-4.996401616690882,0.009920974201040588
11550,-5.112080258373357,0.009920974201040588
11551,-5.999052465822897,0.009920974201040588
11552,-2.5362460753857285,0.009920974201040588
11553,-2.7730716018423864,0.009920974201040588
11554,-2.813467615289519,0.009920974201040588
11555,-6.331512609305012,0.009920974201040588
11556,-5.8303433681594345,0.009920974201040588
11557,-2.0047682226993526,0.009920974201040588
11558,-4.824944399100888,0.009920974201040588
11559,-1.7843926521179008,0.009920974201040588
11560,-1.8497139705689196,0.009920974201040588
11561,-1.8315568698145075,0.009920974201040588
11562,-3.7781169266262924,0.009920974201040588
11563,-5.874295210986661,0.009920974201040588
11564,-4.578753450251796,0.009920974201040588
11565,-5.456721164710451,0.009920974201040588
11566,-5.645110110060271,0.009920974201040588
11567,-4.336471515464535,0.009920974201040588
11568,-4.354951550124255,0.009920974201040588
11569,-4.261256524421779,0.009920974201040588
11570,-3.7598657208920176,0.009920974201040588
11571,-3.7320780452559936,0.009920974201040588
11572,-3.714452659850412,0.009920974201040588
11573,-3.823640161068263,0.009920974201040588
11574,-3.8122458919462208,0.009920974201040588
11575,-3.774539750340553,0.009920974201040588
11576,-3.8715402430226122,0.009920974201040588
11577,-4.332811018902677,0.009920974201040588
11578,-3.7772892670128195,0.009920974201040588
11579,-5.558748335189075,0.009920974201040588
11580,-5.29058455987901,0.009920974201040588
11581,-3.959073445585747,0.009920974201040588
11582,-7.292745259024501,0.009920974201040588
11583,-6.287076166526971,0.009920974201040588
11584,-4.08795525903943,0.009920974201040588
11585,-3.7381047228718964,0.009920974201040588
11586,-3.8869686953995473,0.009920974201040588
11587,-3.7531044888163505,0.009920974201040588
11588,-5.826390658355654,0.009920974201040588
11589,-5.050271678226597,0.009920974201040588
11590,-4.6652708549308,0.009920974201040588
11591,-3.802057928056788,0.009920974201040588
11592,-3.3361216612052575,0.009920974201040588
11593,-3.312844129613984,0.009920974201040588
11594,-3.511540655334475,0.009920974201040588
11595,-3.3533818755121994,0.009920974201040588
11596,-3.3721590131193673,0.009920974201040588
11597,-4.536261644803095,0.009920974201040588
11598,-4.412237511486861,0.009920974201040588
11599,-4.400342052059276,0.009920974201040588
11600,-3.6571238670196546,0.009920974201040588
11601,-4.186444522496433,0.009920974201040588
11602,-8.284564583067288,0.009920974201040588
11603,-3.5499665689210897,0.009920974201040588
11604,-4.92351595451246,0.009920974201040588
11605,-3.704593415910392,0.009920974201040588
11606,-2.799970877513579,0.009920974201040588
11607,-3.961875079814256,0.009920974201040588
11608,-2.033630816953097,0.009920974201040588
11609,-4.804353906868814,0.009920974201040588
11610,-6.793853649302373,0.009920974201040588
11611,-4.221749860822188,0.009920974201040588
11612,-7.173544545666865,0.009920974201040588
11613,-2.366638648281655,0.009920974201040588
11614,-3.3713557369176983,0.009920974201040588
11615,-3.1761577754736074,0.009920974201040588
11616,-2.344558062658753,0.009920974201040588
11617,-5.715087099812999,0.009920974201040588
11618,-4.536098758244219,0.009920974201040588
11619,-5.535009301461948,0.009920974201040588
11620,-6.458393669935357,0.009920974201040588
11621,-2.1240543797433564,0.009920974201040588
11622,-4.717604488327562,0.009920974201040588
11623,-1.7577743790479634,0.009920974201040588
11624,-5.06810048656745,0.009920974201040588
11625,-6.671750657729028,0.009920974201040588
11626,-5.914652169867894,0.009920974201040588
11627,-4.7974697822847014,0.009920974201040588
11628,-3.1359404185329294,0.009920974201040588
11629,-5.73556430467908,0.009920974201040588
11630,-4.623938700502943,0.009920974201040588
11631,-5.271513075625416,0.009920974201040588
11632,-6.161521344433593,0.009920974201040588
11633,-4.475711340477508,0.009920974201040588
11634,-5.00170081898976,0.009920974201040588
11635,-6.208073303072892,0.009920974201040588
11636,-1.5298323132415277,0.009920974201040588
11637,-5.692407606673282,0.009920974201040588
11638,-7.614801843858453,0.009920974201040588
11639,-5.008313017160365,0.009920974201040588
11640,-5.379994181977322,0.009920974201040588
11641,-5.279971336727578,0.009920974201040588
11642,-2.871260735126583,0.009920974201040588
11643,-5.506258218935788,0.009920974201040588
11644,-4.930518749943223,0.009920974201040588
11645,-4.888456357191825,0.009920974201040588
11646,-4.804129695166904,0.009920974201040588
11647,-5.585856242932122,0.009920974201040588
11648,-2.52919079596903,0.009920974201040588
11649,-5.905275103634481,0.009920974201040588
11650,-6.013726447957179,0.009920974201040588
11651,-6.265290927353979,0.009920974201040588
11652,-5.60526642458277,0.009920974201040588
11653,-2.182619585215117,0.009920974201040588
11654,-5.218434662602821,0.009920974201040588
11655,-2.941972492840029,0.009920974201040588
11656,-5.221791192894239,0.009920974201040588
11657,-4.245954039661941,0.009920974201040588
11658,-1.481649838702041,0.009920974201040588
11659,-4.928633966366075,0.009920974201040588
11660,-6.342661512163467,0.009920974201040588
11661,-5.75314369207719,0.009920974201040588
11662,-5.422142468997715,0.009920974201040588
11663,-4.5276765997401505,0.009920974201040588
11664,-4.17179504759761,0.009920974201040588
11665,-6.009189007395063,0.009920974201040588
11666,-4.1511202825265645,0.009920974201040588
11667,-1.5012389093903558,0.009920974201040588
11668,-6.13569636554435,0.009920974201040588
11669,-4.176640547379457,0.009920974201040588
11670,-4.666943040240661,0.009920974201040588
11671,-6.625380042964126,0.009920974201040588
11672,-3.038137303004839,0.009920974201040588
11673,-3.968414822497531,0.009920974201040588
11674,-5.559373898995373,0.009920974201040588
11675,-5.312380273386493,0.009920974201040588
11676,-3.067335053333771,0.009920974201040588
11677,-3.070043970184007,0.009920974201040588
11678,-3.070576510278409,0.009920974201040588
11679,-3.071002250761852,0.009920974201040588
11680,-3.073617535203523,0.009920974201040588
11681,-3.079515919634696,0.009920974201040588
11682,-3.0890574632029586,0.009920974201040588
11683,-3.1304521212229224,0.009920974201040588
11684,-3.1076942463797668,0.009920974201040588
11685,-3.123375634381902,0.009920974201040588
11686,-3.137814669441359,0.009920974201040588
11687,-3.1385064448590887,0.009920974201040588
11688,-3.138979405968768,0.009920974201040588
11689,-3.1393430241640647,0.009920974201040588
11690,-3.143343584523192,0.009920974201040588
11691,-3.145895030218909,0.009920974201040588
11692,-3.1459791328562012,0.009920974201040588
11693,-3.16007556174476,0.009920974201040588
11694,-4.271511558781842,0.009920974201040588
11695,-5.369115268797375,0.009920974201040588
11696,-3.177626815930552,0.009920974201040588
11697,-3.183881853487957,0.009920974201040588
11698,-3.1978390429984973,0.009920974201040588
11699,-4.131863905245149,0.009920974201040588
11700,-3.2104117954740934,0.009920974201040588
11701,-3.212925940587673,0.009920974201040588
11702,-2.4356119904494014,0.009920974201040588
11703,-3.2231269107354654,0.009920974201040588
11704,-3.1189646764297096,0.009920974201040588
11705,-3.5231946048219545,0.009920974201040588
11706,-7.144012764818659,0.009920974201040588
11707,-1.7261643508514537,0.009920974201040588
11708,-4.65073752490926,0.009920974201040588
11709,-2.720588183916343,0.009920974201040588
11710,-5.390576604771325,0.009920974201040588
11711,-5.644009585268634,0.009920974201040588
11712,-3.8176485824051536,0.009920974201040588
11713,-5.298887556172815,0.009920974201040588
11714,-5.676007763688214,0.009920974201040588
11715,-6.224987181878553,0.009920974201040588
11716,-6.041062325060089,0.009920974201040588
11717,-5.48659711182239,0.009920974201040588
11718,-7.4400228645950985,0.009920974201040588
11719,-6.371058694300681,0.009920974201040588
11720,-6.75309110135175,0.009920974201040588
11721,-6.278438855173983,0.009920974201040588
11722,-6.266220833900752,0.009920974201040588
11723,-3.321954056082907,0.009920974201040588
11724,-5.135072596501509,0.009920974201040588
11725,-5.3177789930690915,0.009920974201040588
11726,-5.408761568580964,0.009920974201040588
11727,-4.711119463212791,0.009920974201040588
11728,-4.5317863102481475,0.009920974201040588
11729,-7.591595823415475,0.009920974201040588
11730,-5.511555683435558,0.009920974201040588
11731,-5.7255524524683565,0.009920974201040588
11732,-3.726644285349791,0.009920974201040588
11733,-4.200442712862639,0.009920974201040588
11734,-4.604089945335651,0.009920974201040588
11735,-5.138623116222847,0.009920974201040588
11736,-5.911065990152256,0.009920974201040588
11737,-5.304551012699087,0.009920974201040588
11738,-5.950560312379265,0.009920974201040588
11739,-5.833039841051071,0.009920974201040588
11740,-3.462271385624571,0.009920974201040588
11741,-4.923830901158759,0.009920974201040588
11742,-2.10535657188976,0.009920974201040588
11743,-4.1933476266841865,0.009920974201040588
11744,-4.449726811497332,0.009920974201040588
11745,-6.805316789421893,0.009920974201040588
11746,-3.669399509550758,0.009920974201040588
11747,-4.327891490779411,0.009920974201040588
11748,-1.9385434331331286,0.009920974201040588
11749,-4.543159999910776,0.009920974201040588
11750,-5.327026357020889,0.009920974201040588
11751,-4.188523463201982,0.009920974201040588
11752,-4.278673615734275,0.009920974201040588
11753,-4.9441546820527424,0.009920974201040588
11754,-4.542291159472152,0.009920974201040588
11755,-3.6819343276915895,0.009920974201040588
11756,-5.2500144386064145,0.009920974201040588
11757,-2.5622779696990596,0.009920974201040588
11758,-7.916399325548961,0.009920974201040588
11759,-5.285441497246795,0.009920974201040588
11760,-3.6715599275588993,0.009920974201040588
11761,-5.0374387904801186,0.009920974201040588
11762,-3.2264999649187844,0.009920974201040588
11763,-1.7101456733697824,0.009920974201040588
11764,-1.7056830482006506,0.009920974201040588
11765,-4.937588381250471,0.009920974201040588
11766,-4.536976386737161,0.009920974201040588
11767,-2.097514565836626,0.009920974201040588
11768,-5.482057003613489,0.009920974201040588
11769,-4.78237168457367,0.009920974201040588
11770,-5.367674566486647,0.009920974201040588
11771,-6.167017058821252,0.009920974201040588
11772,-4.791593259538095,0.009920974201040588
11773,-2.2935806864595665,0.009920974201040588
11774,-5.598546486097783,0.009920974201040588
11775,-5.934451612094504,0.009920974201040588
11776,-4.948398448916791,0.009920974201040588
11777,-5.687124918832293,0.009920974201040588
11778,-5.962235956648476,0.009920974201040588
11779,-4.336711501530189,0.009920974201040588
11780,-7.107413637419883,0.009920974201040588
11781,-4.582193438791689,0.009920974201040588
11782,-5.224172448595337,0.009920974201040588
11783,-6.3293262077817545,0.009920974201040588
11784,-6.919830231806449,0.009920974201040588
11785,-5.01601403173669,0.009920974201040588
11786,-6.397705268617875,0.009920974201040588
11787,-5.030358416745587,0.009920974201040588
11788,-5.244391415195052,0.009920974201040588
11789,-3.27666223635757,0.009920974201040588
11790,-4.448779609010818,0.009920974201040588
11791,-2.888759168308491,0.009920974201040588
11792,-6.297575812562018,0.009920974201040588
11793,-3.3915423354771406,0.009920974201040588
11794,-3.2563491042541615,0.009920974201040588
11795,-3.3899484526293335,0.009920974201040588
11796,-4.77471074689692,0.009920974201040588
11797,-4.814429984962605,0.009920974201040588
11798,-7.158614650146321,0.009920974201040588
11799,-4.227678154771046,0.009920974201040588
11800,-5.336916279804303,0.009920974201040588
11801,-4.115920875412193,0.009920974201040588
11802,-3.865018499477862,0.009920974201040588
11803,-6.352191623215207,0.009920974201040588
11804,-2.368337166417164,0.009920974201040588
11805,-5.7042384821995515,0.009920974201040588
11806,-5.711541178117699,0.009920974201040588
11807,-3.6469759382289872,0.009920974201040588
11808,-3.7001802445319543,0.009920974201040588
11809,-7.419972213214381,0.009920974201040588
11810,-3.4383028733746626,0.009920974201040588
11811,-7.232312088276878,0.009920974201040588
11812,-4.992393142331529,0.009920974201040588
11813,-2.5382512048604506,0.009920974201040588
11814,-3.939282794392331,0.009920974201040588
11815,-5.523181661244152,0.009920974201040588
11816,-5.797183091152314,0.009920974201040588
11817,-6.953959367741135,0.009920974201040588
11818,-4.786348021631898,0.009920974201040588
11819,-3.502367337593126,0.009920974201040588
11820,-3.954570926389362,0.009920974201040588
11821,-5.653099798528367,0.009920974201040588
11822,-9.899501020611012,0.009920974201040588
11823,-2.1175683848248164,0.009920974201040588
11824,-7.562760766411309,0.009920974201040588
11825,-3.9631034930157183,0.009920974201040588
11826,-5.443301065210317,0.009920974201040588
11827,-3.227606210421074,0.009920974201040588
11828,-3.274998018890332,0.009920974201040588
11829,-3.9820382351681802,0.009920974201040588
11830,-4.5836933467609935,0.009920974201040588
11831,-2.0345553419163886,0.009920974201040588
11832,-6.453435791930334,0.009920974201040588
11833,-2.8869712090879025,0.009920974201040588
11834,-6.733787699095433,0.009920974201040588
11835,-2.312607067459238,0.009920974201040588
11836,-8.081462758096439,0.009920974201040588
11837,-2.673465422918849,0.009920974201040588
11838,-2.1948455526910298,0.009920974201040588
11839,-2.9251192725241846,0.009920974201040588
11840,-9.796481007236375,0.009920974201040588
11841,-7.09977458328492,0.009920974201040588
11842,-4.950225695810022,0.009920974201040588
11843,-2.4965826215454334,0.009920974201040588
11844,-2.0680381615127583,0.009920974201040588
11845,-3.379399101282359,0.009920974201040588
11846,-5.219564420509226,0.009920974201040588
11847,-7.19374136813897,0.009920974201040588
11848,-6.749140017158709,0.009920974201040588
11849,-5.1144264202452865,0.009920974201040588
11850,-5.961117446315483,0.009920974201040588
11851,-2.119023432546311,0.009920974201040588
11852,-6.616633099072315,0.009920974201040588
11853,-5.2910591772278694,0.009920974201040588
11854,-3.757808624529944,0.009920974201040588
11855,-5.637773781901398,0.009920974201040588
11856,-6.1662404922779,0.009920974201040588
11857,-4.399980415495355,0.009920974201040588
11858,-4.681009418269719,0.009920974201040588
11859,-2.372410924478997,0.009920974201040588
11860,-5.524621755649031,0.009920974201040588
11861,-5.97626555706379,0.009920974201040588
11862,-5.5480360452250865,0.009920974201040588
11863,-5.131120983663497,0.009920974201040588
11864,-5.595187418262934,0.009920974201040588
11865,-5.036447196158626,0.009920974201040588
11866,-6.474706075559064,0.009920974201040588
11867,-4.270282807262836,0.009920974201040588
11868,-3.9691652511092186,0.009920974201040588
11869,-3.0561620613823957,0.009920974201040588
11870,-1.8502235515353713,0.009920974201040588
11871,-5.968785255940595,0.009920974201040588
11872,-2.435800597567126,0.009920974201040588
11873,-3.3831288969976994,0.009920974201040588
11874,-6.499571093197169,0.009920974201040588
11875,-5.379481197494869,0.009920974201040588
11876,-4.82798733095539,0.009920974201040588
11877,-5.55741286967575,0.009920974201040588
11878,-5.7218000694692766,0.009920974201040588
11879,-6.228162840682145,0.009920974201040588
11880,-4.194047756845113,0.009920974201040588
11881,-4.425365194343345,0.009920974201040588
11882,-5.02732283715971,0.009920974201040588
11883,-5.218505436502115,0.009920974201040588
11884,-3.318875213966103,0.009920974201040588
11885,-3.434724569893178,0.009920974201040588
11886,-5.922167967873014,0.009920974201040588
11887,-7.552202652146857,0.009920974201040588
11888,-6.922833702179941,0.009920974201040588
11889,-7.818728060788855,0.009920974201040588
11890,-4.8862476840024,0.009920974201040588
11891,-6.950392090444712,0.009920974201040588
11892,-4.20482087033929,0.009920974201040588
11893,-4.14710396010879,0.009920974201040588
11894,-5.854627889655295,0.009920974201040588
11895,-5.843364124006353,0.009920974201040588
11896,-4.812865960294902,0.009920974201040588
11897,-1.9204642488501578,0.009920974201040588
11898,-2.1380766656157664,0.009920974201040588
11899,-2.7967500075291483,0.009920974201040588
11900,-3.7192992436030448,0.009920974201040588
11901,-6.413194735461586,0.009920974201040588
11902,-5.058893052293299,0.009920974201040588
11903,-6.501042069211417,0.009920974201040588
11904,-3.3422551509014453,0.009920974201040588
11905,-5.222956572855824,0.009920974201040588
11906,-4.94814160061797,0.009920974201040588
11907,-6.238680153127254,0.009920974201040588
11908,-4.989397414185279,0.009920974201040588
11909,-4.0037364124761,0.009920974201040588
11910,-4.410836918056026,0.009920974201040588
11911,-3.6011424666775134,0.009920974201040588
11912,-2.6026318379919533,0.009920974201040588
11913,-5.353390584883681,0.009920974201040588
11914,-2.497792624483124,0.009920974201040588
11915,-3.1082309132819526,0.009920974201040588
11916,-6.611457407858682,0.009920974201040588
11917,-3.203614771408547,0.009920974201040588
11918,-4.328499644642666,0.009920974201040588
11919,-5.3797439644614515,0.009920974201040588
11920,-5.874448555513213,0.009920974201040588
11921,-5.691834960591004,0.009920974201040588
11922,-6.288405293559244,0.009920974201040588
11923,-3.887208327267522,0.009920974201040588
11924,-1.2720811912234535,0.009920974201040588
11925,-1.8861632165967297,0.009920974201040588
11926,-4.338718043985647,0.009920974201040588
11927,-4.051713924681431,0.009920974201040588
11928,-4.629853744655973,0.009920974201040588
11929,-5.101212740127014,0.009920974201040588
11930,-4.8340229308034015,0.009920974201040588
11931,-2.0211542966496756,0.009920974201040588
11932,-3.449219737047371,0.009920974201040588
11933,-5.574714077952777,0.009920974201040588
11934,-2.5239341793285495,0.009920974201040588
11935,-5.626088793524854,0.009920974201040588
11936,-5.131965325596097,0.009920974201040588
11937,-3.3755706135389234,0.009920974201040588
11938,-5.124194423528132,0.009920974201040588
11939,-2.513651376239062,0.009920974201040588
11940,-2.519507224855775,0.009920974201040588
11941,-3.991806280478614,0.009920974201040588
11942,-5.370239643263449,0.009920974201040588
11943,-5.54958823318038,0.009920974201040588
11944,-5.873879430167706,0.009920974201040588
11945,-5.707458062414504,0.009920974201040588
11946,-5.126990576684999,0.009920974201040588
11947,-3.88275389022258,0.009920974201040588
11948,-4.937543250457809,0.009920974201040588
11949,-5.083485191740131,0.009920974201040588
11950,-4.544211353503492,0.009920974201040588
11951,-4.793234089713781,0.009920974201040588
11952,-4.781524636756449,0.009920974201040588
11953,-5.3883894406033015,0.009920974201040588
11954,-3.544802524041864,0.009920974201040588
11955,-4.434721145075027,0.009920974201040588
11956,-4.499463251231288,0.009920974201040588
11957,-6.160806324462449,0.009920974201040588
11958,-3.636401256664048,0.009920974201040588
11959,-5.6511694010346165,0.009920974201040588
11960,-3.510165713603799,0.009920974201040588
11961,-4.866930163431379,0.009920974201040588
11962,-5.771173020062419,0.009920974201040588
11963,-5.917336637556925,0.009920974201040588
11964,-5.358587654299585,0.009920974201040588
11965,-3.5811735445976423,0.009920974201040588
11966,-4.806433045491513,0.009920974201040588
11967,-4.61056407331092,0.009920974201040588
11968,-5.776265836981107,0.009920974201040588
11969,-6.6602714808195485,0.009920974201040588
11970,-3.0403089446218403,0.009920974201040588
11971,-4.57454090936515,0.009920974201040588
11972,-6.402793669381548,0.009920974201040588
11973,-4.531406924352099,0.009920974201040588
11974,-3.8050233822305954,0.009920974201040588
11975,-5.583920109605621,0.009920974201040588
11976,-6.449371079854929,0.009920974201040588
11977,-5.034974584122304,0.009920974201040588
11978,-4.60232812401139,0.009920974201040588
11979,-4.648210914178331,0.009920974201040588
11980,-6.102738476070325,0.009920974201040588
11981,-4.47719413642844,0.009920974201040588
11982,-5.418528517424567,0.009920974201040588
11983,-4.88115393895159,0.009920974201040588
11984,-5.382464111615416,0.009920974201040588
11985,-6.600811765327994,0.009920974201040588
11986,-7.489013818202769,0.009920974201040588
11987,-7.4216736353289265,0.009920974201040588
11988,-5.191817512053961,0.009920974201040588
11989,-6.812534526064809,0.009920974201040588
11990,-4.954365200074691,0.009920974201040588
11991,-6.519532431467214,0.009920974201040588
11992,-5.907883853260897,0.009920974201040588
11993,-6.75531380449789,0.009920974201040588
11994,-5.853620420158423,0.009920974201040588
11995,-6.188442183479287,0.009920974201040588
11996,-3.5194559815290116,0.009920974201040588
11997,-3.637738746682092,0.009920974201040588
11998,-4.669422951687265,0.009920974201040588
11999,-9.410931285519954,0.009920974201040588
12000,-3.3278443742259816,0.009920974201040588
12001,-5.38762308160177,0.009920974201040588
12002,-2.744816834976574,0.009920974201040588
12003,-4.405336884075885,0.009920974201040588
12004,-2.7582623293299973,0.009920974201040588
12005,-6.848925256692347,0.009920974201040588
12006,-6.946599388470991,0.009920974201040588
12007,-3.463287208608696,0.009920974201040588
12008,-3.7088417298316156,0.009920974201040588
12009,-3.777691495172277,0.009920974201040588
12010,-2.7626116474243916,0.009920974201040588
12011,-4.177991307274052,0.009920974201040588
12012,-3.8720323365231644,0.009920974201040588
12013,-1.5956263087574007,0.009920974201040588
12014,-5.9378078049803,0.009920974201040588
12015,-4.184322950278561,0.009920974201040588
12016,-6.421868972276651,0.009920974201040588
12017,-1.633354436665443,0.009920974201040588
12018,-4.887851158338749,0.009920974201040588
12019,-2.3087925414313477,0.009920974201040588
12020,-3.8845619467973673,0.009920974201040588
12021,-3.8927071862800804,0.009920974201040588
12022,-4.72502885474787,0.009920974201040588
12023,-2.5333481556736874,0.009920974201040588
12024,-3.052740740338609,0.009920974201040588
12025,-3.9578387511074298,0.009920974201040588
12026,-2.0575537159796045,0.009920974201040588
12027,-5.156221688266092,0.009920974201040588
12028,-10.348405590522312,0.009920974201040588
12029,-4.014741829489242,0.009920974201040588
12030,-3.804358245493458,0.009920974201040588
12031,-9.302337639765764,0.009920974201040588
12032,-8.62954808759885,0.009920974201040588
12033,-3.4671809490506664,0.009920974201040588
12034,-2.4712558469423604,0.009920974201040588
12035,-7.723589635059689,0.009920974201040588
12036,-6.716296170618239,0.009920974201040588
12037,-7.159320642174999,0.009920974201040588
12038,-2.389415219005893,0.009920974201040588
12039,-5.043497197299382,0.009920974201040588
12040,-8.056538339876365,0.009920974201040588
12041,-7.7191591278917695,0.009920974201040588
12042,-1.6725754792320235,0.009920974201040588
12043,-7.459252143201171,0.009920974201040588
12044,-4.006284473277022,0.009920974201040588
12045,-5.909153576313625,0.009920974201040588
12046,-6.661783527582454,0.009920974201040588
12047,-4.916593787322393,0.009920974201040588
12048,-6.677322625150667,0.009920974201040588
12049,-5.9703557097460145,0.009920974201040588
12050,-7.746957748514651,0.009920974201040588
12051,-2.2929637500416638,0.009920974201040588
12052,-3.8838309265858824,0.009920974201040588
12053,-5.491237840682873,0.009920974201040588
12054,-5.843240005907386,0.009920974201040588
12055,-8.003119580749123,0.009920974201040588
12056,-4.674485224261059,0.009920974201040588
12057,-3.8329165017328584,0.009920974201040588
12058,-3.497087621846868,0.009920974201040588
12059,-6.311779213125423,0.009920974201040588
12060,-2.165520788009484,0.009920974201040588
12061,-5.156700711451279,0.009920974201040588
12062,-3.5955904172555466,0.009920974201040588
12063,-5.938350760925711,0.009920974201040588
12064,-5.78755302537564,0.009920974201040588
12065,-6.09837287996518,0.009920974201040588
12066,-6.3009299580460425,0.009920974201040588
12067,-5.595034183053511,0.009920974201040588
12068,-7.032689521688004,0.009920974201040588
12069,-2.105448621154805,0.009920974201040588
12070,-6.134606543329209,0.009920974201040588
12071,-5.585979432129472,0.009920974201040588
12072,-6.038576353078065,0.009920974201040588
12073,-6.139129572020273,0.009920974201040588
12074,-6.564804166865208,0.009920974201040588
12075,-2.3012047915725007,0.009920974201040588
12076,-6.626941308479017,0.009920974201040588
12077,-4.066975195010954,0.009920974201040588
12078,-5.583234102017288,0.009920974201040588
12079,-6.65928595960536,0.009920974201040588
12080,-6.741819735957952,0.009920974201040588
12081,-3.4726287206779913,0.009920974201040588
12082,-7.308347556722625,0.009920974201040588
12083,-6.554348582719896,0.009920974201040588
12084,-6.32203168708698,0.009920974201040588
12085,-8.72903804474193,0.009920974201040588
12086,-3.480762823993844,0.009920974201040588
12087,-6.095549807836356,0.009920974201040588
12088,-6.653691602700443,0.009920974201040588
12089,-2.348793512241164,0.009920974201040588
12090,-6.169003045112243,0.009920974201040588
12091,-6.151194918757012,0.009920974201040588
12092,-5.309086444764413,0.009920974201040588
12093,-5.309006501350708,0.009920974201040588
12094,-5.685654052435979,0.009920974201040588
12095,-3.860383040911777,0.009920974201040588
12096,-5.243221972875467,0.009920974201040588
12097,-6.1447549270696085,0.009920974201040588
12098,-2.5674278490460423,0.009920974201040588
12099,-3.4951697709637184,0.009920974201040588
12100,-7.414461157868455,0.009920974201040588
12101,-7.426052096955278,0.009920974201040588
12102,-4.766236922641957,0.009920974201040588
12103,-5.189825140325389,0.009920974201040588
12104,-6.239439085099395,0.009920974201040588
12105,-3.985603051410769,0.009920974201040588
12106,-4.9834781265366,0.009920974201040588
12107,-7.078302716030902,0.009920974201040588
12108,-8.08480741070639,0.009920974201040588
12109,-6.741161340843592,0.009920974201040588
12110,-2.693688890254072,0.009920974201040588
12111,-5.953603518542889,0.009920974201040588
12112,-5.09317196926702,0.009920974201040588
12113,-3.956818690060704,0.009920974201040588
12114,-4.089725945300721,0.009920974201040588
12115,-5.031883064015796,0.009920974201040588
12116,-5.901129218769636,0.009920974201040588
12117,-1.7419155933875805,0.009920974201040588
12118,-5.444147793657257,0.009920974201040588
12119,-4.225968830948583,0.009920974201040588
12120,-7.029127224487307,0.009920974201040588
12121,-3.775039929318579,0.009920974201040588
12122,-1.5195149292715016,0.009920974201040588
12123,-5.395162776243533,0.009920974201040588
12124,-5.94889977092739,0.009920974201040588
12125,-5.589747869536161,0.009920974201040588
12126,-5.7743924916006915,0.009920974201040588
12127,-1.6799463306866758,0.009920974201040588
12128,-1.7185760414495301,0.009920974201040588
12129,-1.6957892168085946,0.009920974201040588
12130,-5.228932913932485,0.009920974201040588
12131,-1.7187300453365055,0.009920974201040588
12132,-5.885950155967475,0.009920974201040588
12133,-3.2599150595261204,0.009920974201040588
12134,-5.738222402972206,0.009920974201040588
12135,-3.2760253660023597,0.009920974201040588
12136,-3.6369629875025913,0.009920974201040588
12137,-5.232425053699724,0.009920974201040588
12138,-5.568009486584543,0.009920974201040588
12139,-4.888170270569278,0.009920974201040588
12140,-6.824447156922511,0.009920974201040588
12141,-6.738394221644648,0.009920974201040588
12142,-3.2338619452132686,0.009920974201040588
12143,-6.114325146029419,0.009920974201040588
12144,-5.04359377598078,0.009920974201040588
12145,-6.7523702140865005,0.009920974201040588
12146,-6.6839947344293185,0.009920974201040588
12147,-4.424699986370213,0.009920974201040588
12148,-1.73442741682159,0.009920974201040588
12149,-5.416352897796073,0.009920974201040588
12150,-6.436000764085724,0.009920974201040588
12151,-5.0984701299954365,0.009920974201040588
12152,-8.223436720063406,0.009920974201040588
12153,-3.662773155316934,0.009920974201040588
12154,-6.725343320208064,0.009920974201040588
12155,-7.348149270865441,0.009920974201040588
12156,-7.010734625870162,0.009920974201040588
12157,-6.7277473727709,0.009920974201040588
12158,-4.637945615771532,0.009920974201040588
12159,-6.2936741007526695,0.009920974201040588
12160,-6.090768497728091,0.009920974201040588
12161,-7.7946038125253985,0.009920974201040588
12162,-6.515675493492984,0.009920974201040588
12163,-6.055649373057916,0.009920974201040588
12164,-6.436513207827612,0.009920974201040588
12165,-5.906972160515057,0.009920974201040588
12166,-3.567877684527222,0.009920974201040588
12167,-5.386293789375978,0.009920974201040588
12168,-7.233715947915366,0.009920974201040588
12169,-6.615304324299997,0.009920974201040588
12170,-8.920801682421674,0.009920974201040588
12171,-6.526047775977326,0.009920974201040588
12172,-6.072032801488467,0.009920974201040588
12173,-6.102237707574732,0.009920974201040588
12174,-5.936416978009822,0.009920974201040588
12175,-6.901620709631224,0.009920974201040588
12176,-3.1084886441965476,0.009920974201040588
12177,-5.717645286871492,0.009920974201040588
12178,-4.875679480027586,0.009920974201040588
12179,-5.955907262079624,0.009920974201040588
12180,-3.508073798561263,0.009920974201040588
12181,-6.217866243933901,0.009920974201040588
12182,-5.391256517329844,0.009920974201040588
12183,-5.578492946704304,0.009920974201040588
12184,-6.664694816383301,0.009920974201040588
12185,-3.6142787048456295,0.009920974201040588
12186,-5.315423987812518,0.009920974201040588
12187,-5.0377076697863865,0.009920974201040588
12188,-5.924546425897537,0.009920974201040588
12189,-3.631068487119652,0.009920974201040588
12190,-4.017845062559741,0.009920974201040588
12191,-6.730665588906887,0.009920974201040588
12192,-2.0426050552248656,0.009920974201040588
12193,-5.466213543628138,0.009920974201040588
12194,-5.824693398665396,0.009920974201040588
12195,-3.7743993902343567,0.009920974201040588
12196,-6.332156510295468,0.009920974201040588
12197,-4.206518613487233,0.009920974201040588
12198,-5.9548990129291965,0.009920974201040588
12199,-4.692261892708445,0.009920974201040588
12200,-5.0294013245780755,0.009920974201040588
12201,-2.464442859662924,0.009920974201040588
12202,-2.71548312719617,0.009920974201040588
12203,-2.589873620657706,0.009920974201040588
12204,-4.768974593576088,0.009920974201040588
12205,-6.752618938496389,0.009920974201040588
12206,-5.180142077007059,0.009920974201040588
12207,-6.99679196261401,0.009920974201040588
12208,-4.0509550384526225,0.009920974201040588
12209,-1.5001506942673557,0.009920974201040588
12210,-4.889075007609862,0.009920974201040588
12211,-5.816647669912186,0.009920974201040588
12212,-2.1500685443608054,0.009920974201040588
12213,-5.957258851713451,0.009920974201040588
12214,-2.3127056090557847,0.009920974201040588
12215,-6.405362341687309,0.009920974201040588
12216,-4.804257601481389,0.009920974201040588
12217,-8.342383305769925,0.009920974201040588
12218,-5.720412705913785,0.009920974201040588
12219,-7.039725664165887,0.009920974201040588
12220,-6.292877854598102,0.009920974201040588
12221,-2.6013200494630784,0.009920974201040588
12222,-6.501931968642246,0.009920974201040588
12223,-5.8766980322445646,0.009920974201040588
12224,-7.135145424772572,0.009920974201040588
12225,-5.624481178116751,0.009920974201040588
12226,-2.0569147688926206,0.009920974201040588
12227,-2.6463383886583225,0.009920974201040588
12228,-7.277516605396912,0.009920974201040588
12229,-4.412340260179057,0.009920974201040588
12230,-3.766756275628013,0.009920974201040588
12231,-3.5563771350402815,0.009920974201040588
12232,-3.743466955120811,0.009920974201040588
12233,-3.816294760820134,0.009920974201040588
12234,-3.670023550443283,0.009920974201040588
12235,-3.8082791510491933,0.009920974201040588
12236,-4.445103089445859,0.009920974201040588
12237,-7.137284075734575,0.009920974201040588
12238,-5.942118559676973,0.009920974201040588
12239,-6.1732003141514245,0.009920974201040588
12240,-6.638310443981052,0.009920974201040588
12241,-7.173723120577546,0.009920974201040588
12242,-7.205190646719203,0.009920974201040588
12243,-3.8860854247780807,0.009920974201040588
12244,-6.243713742258951,0.009920974201040588
12245,-4.655850044760864,0.009920974201040588
12246,-7.458863980238469,0.009920974201040588
12247,-3.864037908156521,0.009920974201040588
12248,-5.762384693005572,0.009920974201040588
12249,-5.955210588022061,0.009920974201040588
12250,-5.095757927061518,0.009920974201040588
12251,-5.79265189026726,0.009920974201040588
12252,-3.2649259223734766,0.009920974201040588
12253,-5.826689996704578,0.009920974201040588
12254,-3.185284933072195,0.009920974201040588
12255,-3.3971563070018673,0.009920974201040588
12256,-3.862346364246492,0.009920974201040588
12257,-3.867347710017787,0.009920974201040588
12258,-3.6811082454567132,0.009920974201040588
12259,-6.7457617883968695,0.009920974201040588
12260,-5.653713820109088,0.009920974201040588
12261,-5.678704506367309,0.009920974201040588
12262,-5.9663757672449655,0.009920974201040588
12263,-2.634102797408898,0.009920974201040588
12264,-7.6561584240090355,0.009920974201040588
12265,-5.310654388335895,0.009920974201040588
12266,-7.083278309683379,0.009920974201040588
12267,-4.588901187380145,0.009920974201040588
12268,-4.380001616898333,0.009920974201040588
12269,-3.95650801640084,0.009920974201040588
12270,-3.65636227889535,0.009920974201040588
12271,-5.788620778633543,0.009920974201040588
12272,-5.613538640687269,0.009920974201040588
12273,-3.7526276893972748,0.009920974201040588
12274,-3.859429789807305,0.009920974201040588
12275,-3.7689287044706954,0.009920974201040588
12276,-5.769995172982131,0.009920974201040588
12277,-5.231060665291401,0.009920974201040588
12278,-6.181487639992875,0.009920974201040588
12279,-7.859781414783875,0.009920974201040588
12280,-6.959764424824889,0.009920974201040588
12281,-7.099867553336412,0.009920974201040588
12282,-7.1983176508209095,0.009920974201040588
12283,-3.906824759008893,0.009920974201040588
12284,-6.821882721297633,0.009920974201040588
12285,-6.986494644772748,0.009920974201040588
12286,-5.659488502115123,0.009920974201040588
12287,-6.974046537738231,0.009920974201040588
12288,-6.976386733102753,0.009920974201040588
12289,-4.354721664571898,0.009920974201040588
12290,-6.301312239755513,0.009920974201040588
12291,-4.03216238367949,0.009920974201040588
12292,-5.174700883901625,0.009920974201040588
12293,-4.35286769773404,0.009920974201040588
12294,-2.352327927508988,0.009920974201040588
12295,-2.7401002695904686,0.009920974201040588
12296,-5.667781454300705,0.009920974201040588
12297,-5.776476788839323,0.009920974201040588
12298,-5.300166488314883,0.009920974201040588
12299,-3.6439514482860016,0.009920974201040588
12300,-7.647128455774816,0.009920974201040588
12301,-6.315155291716007,0.009920974201040588
12302,-6.179006200897961,0.009920974201040588
12303,-4.520130749798982,0.009920974201040588
12304,-5.675436120946673,0.009920974201040588
12305,-7.63577610411914,0.009920974201040588
12306,-5.939060857309359,0.009920974201040588
12307,-2.6179256587495447,0.009920974201040588
12308,-1.953653466877456,0.009920974201040588
12309,-3.4791672596413252,0.009920974201040588
12310,-5.32233203945094,0.009920974201040588
12311,-5.886952924409903,0.009920974201040588
12312,-5.186692610407469,0.009920974201040588
12313,-3.734883117839551,0.009920974201040588
12314,-4.528323072151531,0.009920974201040588
12315,-6.547129498203308,0.009920974201040588
12316,-4.859256425591115,0.009920974201040588
12317,-5.038052972288586,0.009920974201040588
12318,-6.122109042310626,0.009920974201040588
12319,-5.46902056167945,0.009920974201040588
12320,-4.738525227273852,0.009920974201040588
12321,-2.6959371093017763,0.009920974201040588
12322,-5.7315753730919905,0.009920974201040588
12323,-7.652903512160681,0.009920974201040588
12324,-2.448783842555536,0.009920974201040588
12325,-5.219389410892007,0.009920974201040588
12326,-5.251202170406314,0.009920974201040588
12327,-5.172507700881499,0.009920974201040588
12328,-4.52826159470718,0.009920974201040588
12329,-4.930109317535912,0.009920974201040588
12330,-5.563598270550635,0.009920974201040588
12331,-5.325115350540127,0.009920974201040588
12332,-5.166690599538417,0.009920974201040588
12333,-5.165957220017912,0.009920974201040588
12334,-5.931578991044815,0.009920974201040588
12335,-4.814811901202742,0.009920974201040588
12336,-4.938148956962565,0.009920974201040588
12337,-6.765143415096739,0.009920974201040588
12338,-2.220926021431888,0.009920974201040588
12339,-5.9613393475380745,0.009920974201040588
12340,-5.48343273726282,0.009920974201040588
12341,-5.407104559500814,0.009920974201040588
12342,-5.841445631269535,0.009920974201040588
12343,-5.512322627037219,0.009920974201040588
12344,-2.4959851223720575,0.009920974201040588
12345,-5.280075676657232,0.009920974201040588
12346,-5.332008458965812,0.009920974201040588
12347,-6.038428918396066,0.009920974201040588
12348,-5.984642616642551,0.009920974201040588
12349,-6.487564455331732,0.009920974201040588
12350,-4.65426765521468,0.009920974201040588
12351,-8.923919311053972,0.009920974201040588
12352,-2.1918986810121264,0.009920974201040588
12353,-5.351896323705273,0.009920974201040588
12354,-7.142383588815869,0.009920974201040588
12355,-4.995634188821959,0.009920974201040588
12356,-5.1986423857870605,0.009920974201040588
12357,-5.153103677696034,0.009920974201040588
12358,-4.759240020107483,0.009920974201040588
12359,-4.753001288455596,0.009920974201040588
12360,-5.461977826605059,0.009920974201040588
12361,-5.297440876527901,0.009920974201040588
12362,-5.015266388397926,0.009920974201040588
12363,-7.369022645607116,0.009920974201040588
12364,-6.371863186436213,0.009920974201040588
12365,-5.467919496110745,0.009920974201040588
12366,-8.22168900406507,0.009920974201040588
12367,-5.487696260950846,0.009920974201040588
12368,-4.383886402426147,0.009920974201040588
12369,-4.606076812981325,0.009920974201040588
12370,-6.253495871311049,0.009920974201040588
12371,-5.801095811305363,0.009920974201040588
12372,-6.798482184050291,0.009920974201040588
12373,-4.533437468884064,0.009920974201040588
12374,-4.640424570574066,0.009920974201040588
12375,-4.7111097328644185,0.009920974201040588
12376,-5.14782601452038,0.009920974201040588
12377,-6.273610075962251,0.009920974201040588
12378,-4.670544431340765,0.009920974201040588
12379,-5.9703200054439485,0.009920974201040588
12380,-5.252337582825418,0.009920974201040588
12381,-4.624986928018746,0.009920974201040588
12382,-6.054394396832313,0.009920974201040588
12383,-5.171983759203322,0.009920974201040588
12384,-5.990560536564427,0.009920974201040588
12385,-6.602743184994824,0.009920974201040588
12386,-2.6692277779322833,0.009920974201040588
12387,-4.226144292000188,0.009920974201040588
12388,-4.041850810417303,0.009920974201040588
12389,-1.679017546613893,0.009920974201040588
12390,-5.980208027755933,0.009920974201040588
12391,-6.873756000766902,0.009920974201040588
12392,-2.844144840645236,0.009920974201040588
12393,-4.867770614772376,0.009920974201040588
12394,-6.609027586787336,0.009920974201040588
12395,-1.842433818826905,0.009920974201040588
12396,-2.8371505194473743,0.009920974201040588
12397,-2.475688336621395,0.009920974201040588
12398,-2.0985066832868897,0.009920974201040588
12399,-5.0759469615499535,0.009920974201040588
12400,-5.526537770954382,0.009920974201040588
12401,-5.435431628461932,0.009920974201040588
12402,-5.469115333839626,0.009920974201040588
12403,-2.349222415842136,0.009920974201040588
12404,-2.532810391720454,0.009920974201040588
12405,-1.7945454732909902,0.009920974201040588
12406,-5.00447886082567,0.009920974201040588
12407,-4.936262501095026,0.009920974201040588
12408,-3.5839366456454673,0.009920974201040588
12409,-5.023920902236247,0.009920974201040588
12410,-2.3456534263996134,0.009920974201040588
12411,-4.349615827082761,0.009920974201040588
12412,-1.8445032415275957,0.009920974201040588
12413,-2.04715736888284,0.009920974201040588
12414,-6.035133479848465,0.009920974201040588
12415,-2.436803275100119,0.009920974201040588
12416,-3.8951571520808197,0.009920974201040588
12417,-6.027652085216445,0.009920974201040588
12418,-4.208903613195725,0.009920974201040588
12419,-5.235734683379676,0.009920974201040588
12420,-2.276380485342573,0.009920974201040588
12421,-4.476041858699084,0.009920974201040588
12422,-5.253128598327516,0.009920974201040588
12423,-4.2437856045243505,0.009920974201040588
12424,-5.391015717614476,0.009920974201040588
12425,-2.9785438098637553,0.009920974201040588
12426,-5.620100268700925,0.009920974201040588
12427,-4.984872823722238,0.009920974201040588
12428,-2.673049615474506,0.009920974201040588
12429,-1.571430991054064,0.009920974201040588
12430,-2.9821084007593774,0.009920974201040588
12431,-1.5812351190756684,0.009920974201040588
12432,-3.0052387392856375,0.009920974201040588
12433,-4.536035002857051,0.009920974201040588
12434,-5.983811594975334,0.009920974201040588
12435,-3.081240927228204,0.009920974201040588
12436,-2.711219908916352,0.009920974201040588
12437,-4.820722236216042,0.009920974201040588
12438,-5.332741744853079,0.009920974201040588
12439,-5.806684140988203,0.009920974201040588
12440,-4.651942739019854,0.009920974201040588
12441,-4.801551288353895,0.009920974201040588
12442,-3.9572324636122778,0.009920974201040588
12443,-5.833780109307304,0.009920974201040588
12444,-3.111612537961864,0.009920974201040588
12445,-7.985991394866121,0.009920974201040588
12446,-5.963700042357485,0.009920974201040588
12447,-4.8841185639876645,0.009920974201040588
12448,-3.081916932059864,0.009920974201040588
12449,-4.458592055989576,0.009920974201040588
12450,-3.4843273142897897,0.009920974201040588
12451,-5.035112335777551,0.009920974201040588
12452,-5.066386249247964,0.009920974201040588
12453,-5.9556490283897565,0.009920974201040588
12454,-8.542439626889346,0.009920974201040588
12455,-4.782904698764473,0.009920974201040588
12456,-4.962142836758795,0.009920974201040588
12457,-3.037025464260934,0.009920974201040588
12458,-6.9418194984295045,0.009920974201040588
12459,-6.298113272191519,0.009920974201040588
12460,-7.588959092617714,0.009920974201040588
12461,-7.703222965771562,0.009920974201040588
12462,-5.367308111590189,0.009920974201040588
12463,-7.113277431439431,0.009920974201040588
12464,-5.68140387279412,0.009920974201040588
12465,-6.321068129240034,0.009920974201040588
12466,-5.001401096545891,0.009920974201040588
12467,-6.460730949473817,0.009920974201040588
12468,-6.058069494111356,0.009920974201040588
12469,-6.117408311017732,0.009920974201040588
12470,-5.226032485383442,0.009920974201040588
12471,-6.4963128391840215,0.009920974201040588
12472,-6.126258083844755,0.009920974201040588
12473,-6.096833747535943,0.009920974201040588
12474,-6.136104756135056,0.009920974201040588
12475,-6.139542121267152,0.009920974201040588
12476,-5.7895031575617795,0.009920974201040588
12477,-6.560304272211938,0.009920974201040588
12478,-6.093974520689645,0.009920974201040588
12479,-5.097059559549966,0.009920974201040588
12480,-6.3987316099885145,0.009920974201040588
12481,-6.0833872416241705,0.009920974201040588
12482,-7.3191270423150225,0.009920974201040588
12483,-4.30630093034962,0.009920974201040588
12484,-8.125506944931743,0.009920974201040588
12485,-7.32399640016415,0.009920974201040588
12486,-3.1134294185521787,0.009920974201040588
12487,-8.76980788404682,0.009920974201040588
12488,-5.834869771361897,0.009920974201040588
12489,-2.2469168662414147,0.009920974201040588
12490,-6.829677270963429,0.009920974201040588
12491,-4.881547732726322,0.009920974201040588
12492,-4.497375561843098,0.009920974201040588
12493,-1.8090584639238823,0.009920974201040588
12494,-3.5927807028337204,0.009920974201040588
12495,-5.706007990981418,0.009920974201040588
12496,-3.803114355310992,0.009920974201040588
12497,-3.208464705686713,0.009920974201040588
12498,-2.7838922423890775,0.009920974201040588
12499,-3.823236735516935,0.009920974201040588
12500,-4.384326892728909,0.009920974201040588
12501,-3.6293468078420403,0.009920974201040588
12502,-3.8661282019501,0.009920974201040588
12503,-5.18020627849177,0.009920974201040588
12504,-5.390174099842071,0.009920974201040588
12505,-2.4499732377717827,0.009920974201040588
12506,-3.288189922226815,0.009920974201040588
12507,-4.016224444906195,0.009920974201040588
12508,-3.10993340063642,0.009920974201040588
12509,-5.636167776849462,0.009920974201040588
12510,-5.19001332354953,0.009920974201040588
12511,-6.0982105430024145,0.009920974201040588
12512,-6.748419371351437,0.009920974201040588
12513,-2.0530475184679737,0.009920974201040588
12514,-4.590495444610794,0.009920974201040588
12515,-4.957163945646112,0.009920974201040588
12516,-5.263426939803115,0.009920974201040588
12517,-2.074409017975345,0.009920974201040588
12518,-5.707177033506971,0.009920974201040588
12519,-4.0081711452095,0.009920974201040588
12520,-4.088072382655101,0.009920974201040588
12521,-4.0257849649109865,0.009920974201040588
12522,-5.328620733639421,0.009920974201040588
12523,-8.289930184578562,0.009920974201040588
12524,-6.968103514477114,0.009920974201040588
12525,-4.505488058006513,0.009920974201040588
12526,-5.657216604419538,0.009920974201040588
12527,-4.557098282437829,0.009920974201040588
12528,-4.671569183291942,0.009920974201040588
12529,-4.528748154010154,0.009920974201040588
12530,-6.64039203402764,0.009920974201040588
12531,-6.869691323423737,0.009920974201040588
12532,-2.2395409882706043,0.009920974201040588
12533,-5.414112608878826,0.009920974201040588
12534,-4.445926208661257,0.009920974201040588
12535,-3.7765341811882576,0.009920974201040588
12536,-5.507992991105221,0.009920974201040588
12537,-6.774415178583534,0.009920974201040588
12538,-6.152576834469805,0.009920974201040588
12539,-6.5315684231130895,0.009920974201040588
12540,-6.41784307011319,0.009920974201040588
12541,-4.01989289694737,0.009920974201040588
12542,-4.026754529846842,0.009920974201040588
12543,-4.2335036984254995,0.009920974201040588
12544,-4.262571776079111,0.009920974201040588
12545,-4.0481874202525026,0.009920974201040588
12546,-4.2334929069814295,0.009920974201040588
12547,-6.6617362283683,0.009920974201040588
12548,-5.410558052441708,0.009920974201040588
12549,-4.654412286852251,0.009920974201040588
12550,-8.539076764901214,0.009920974201040588
12551,-6.793037916598644,0.009920974201040588
12552,-4.315693436734001,0.009920974201040588
12553,-4.947466325461074,0.009920974201040588
12554,-4.635722024363087,0.009920974201040588
12555,-4.335286327859422,0.009920974201040588
12556,-7.743608829365735,0.009920974201040588
12557,-5.042659293519045,0.009920974201040588
12558,-4.268970476234559,0.009920974201040588
12559,-5.378530404347261,0.009920974201040588
12560,-4.641432137283894,0.009920974201040588
12561,-6.652704113087859,0.009920974201040588
12562,-5.729429702877066,0.009920974201040588
12563,-4.235433198027145,0.009920974201040588
12564,-4.327292142396223,0.009920974201040588
12565,-6.255620196807891,0.009920974201040588
12566,-4.287934740021085,0.009920974201040588
12567,-6.727018352667719,0.009920974201040588
12568,-6.739937290769507,0.009920974201040588
12569,-5.3944371760798875,0.009920974201040588
12570,-4.460139494312994,0.009920974201040588
12571,-5.496074149709337,0.009920974201040588
12572,-5.364000772051551,0.009920974201040588
12573,-4.236398789388108,0.009920974201040588
12574,-5.436681773273077,0.009920974201040588
12575,-5.102045758199286,0.009920974201040588
12576,-5.541615096775226,0.009920974201040588
12577,-4.313573765891811,0.009920974201040588
12578,-4.2848029276940665,0.009920974201040588
12579,-4.584097755653298,0.009920974201040588
12580,-4.3291495254267955,0.009920974201040588
12581,-1.8320242745841293,0.009920974201040588
12582,-6.005258832282422,0.009920974201040588
12583,-5.159890427514646,0.009920974201040588
12584,-5.250009077963502,0.009920974201040588
12585,-5.126775977232428,0.009920974201040588
12586,-5.340936907784812,0.009920974201040588
12587,-5.020878669835362,0.009920974201040588
12588,-8.719056284774357,0.009920974201040588
12589,-6.655099240454835,0.009920974201040588
12590,-4.859398945231315,0.009920974201040588
12591,-5.3677429379950645,0.009920974201040588
12592,-2.677645598978308,0.009920974201040588
12593,-6.313785251195371,0.009920974201040588
12594,-6.7972898124490175,0.009920974201040588
12595,-5.680865652741712,0.009920974201040588
12596,-5.449164058473256,0.009920974201040588
12597,-3.503948573841474,0.009920974201040588
12598,-2.4741413774400054,0.009920974201040588
12599,-7.827413366894412,0.009920974201040588
12600,-3.1501577733411823,0.009920974201040588
12601,-1.815860730285127,0.009920974201040588
12602,-6.049136423372139,0.009920974201040588
12603,-3.863706012879295,0.009920974201040588
12604,-4.567343481689796,0.009920974201040588
12605,-5.127529554427558,0.009920974201040588
12606,-4.587856636482588,0.009920974201040588
12607,-4.901469165589899,0.009920974201040588
12608,-7.342649133423301,0.009920974201040588
12609,-8.286193500578266,0.009920974201040588
12610,-4.485891409161326,0.009920974201040588
12611,-6.0266797569202195,0.009920974201040588
12612,-5.009454368063376,0.009920974201040588
12613,-4.372200862542369,0.009920974201040588
12614,-4.076016483675069,0.009920974201040588
12615,-5.265371015005474,0.009920974201040588
12616,-6.173251110117734,0.009920974201040588
12617,-5.997285037557132,0.009920974201040588
12618,-4.228452161489052,0.009920974201040588
12619,-2.4121704608479115,0.009920974201040588
12620,-7.894576246306629,0.009920974201040588
12621,-5.834892266251913,0.009920974201040588
12622,-6.0594060790217235,0.009920974201040588
12623,-5.945966948974172,0.009920974201040588
12624,-4.718308651745671,0.009920974201040588
12625,-4.841441887710978,0.009920974201040588
12626,-5.195266696422105,0.009920974201040588
12627,-6.947907770388968,0.009920974201040588
12628,-4.473659010524127,0.009920974201040588
12629,-6.6208251128062905,0.009920974201040588
12630,-4.996580880489401,0.009920974201040588
12631,-5.19706002729844,0.009920974201040588
12632,-5.523009858248226,0.009920974201040588
12633,-5.285468210581968,0.009920974201040588
12634,-2.6063140394833497,0.009920974201040588
12635,-6.9907361162860795,0.009920974201040588
12636,-2.356234771372197,0.009920974201040588
12637,-2.360999810611416,0.009920974201040588
12638,-2.4951904574020998,0.009920974201040588
12639,-4.7632533756843225,0.009920974201040588
12640,-2.2550490936945353,0.009920974201040588
12641,-5.204355269802445,0.009920974201040588
12642,-2.2253401979489396,0.009920974201040588
12643,-4.090898374216327,0.009920974201040588
12644,-6.49498303948466,0.009920974201040588
12645,-6.893539577979079,0.009920974201040588
12646,-4.464615562617762,0.009920974201040588
12647,-2.454900719894849,0.009920974201040588
12648,-5.422107294465809,0.009920974201040588
12649,-2.4153672329843663,0.009920974201040588
12650,-6.3783078834396445,0.009920974201040588
12651,-6.614201107934383,0.009920974201040588
12652,-6.6797369245144695,0.009920974201040588
12653,-6.322724763644533,0.009920974201040588
12654,-5.96460027895082,0.009920974201040588
12655,-6.201611768849417,0.009920974201040588
12656,-4.322646026499621,0.009920974201040588
12657,-6.209020430374888,0.009920974201040588
12658,-4.310906382759699,0.009920974201040588
12659,-6.809910486112097,0.009920974201040588
12660,-5.130954704591115,0.009920974201040588
12661,-4.053317009095232,0.009920974201040588
12662,-4.116812614634394,0.009920974201040588
12663,-4.633772828858076,0.009920974201040588
12664,-4.564844782295836,0.009920974201040588
12665,-3.450459054782222,0.009920974201040588
12666,-4.5886219212749575,0.009920974201040588
12667,-4.843324788355818,0.009920974201040588
12668,-4.546095204456934,0.009920974201040588
12669,-2.981732762774996,0.009920974201040588
12670,-8.511946573947526,0.009920974201040588
12671,-5.208036720520072,0.009920974201040588
12672,-5.592533178739728,0.009920974201040588
12673,-5.607269375417555,0.009920974201040588
12674,-5.822882378849123,0.009920974201040588
12675,-5.2081444181654195,0.009920974201040588
12676,-5.856154515207049,0.009920974201040588
12677,-5.447293846116719,0.009920974201040588
12678,-5.43512783376457,0.009920974201040588
12679,-5.826893747408832,0.009920974201040588
12680,-5.616763658129932,0.009920974201040588
12681,-4.834378754198462,0.009920974201040588
12682,-4.865345665408671,0.009920974201040588
12683,-2.657191188943657,0.009920974201040588
12684,-6.089957755152705,0.009920974201040588
12685,-5.361476721148306,0.009920974201040588
12686,-4.498619408588107,0.009920974201040588
12687,-5.001489251141229,0.009920974201040588
12688,-6.111546590271047,0.009920974201040588
12689,-6.4355427030460985,0.009920974201040588
12690,-3.3392382445851476,0.009920974201040588
12691,-2.270407321592068,0.009920974201040588
12692,-5.016849156452723,0.009920974201040588
12693,-5.599637560880683,0.009920974201040588
12694,-4.459823578035071,0.009920974201040588
12695,-6.573279918673334,0.009920974201040588
12696,-4.115237860692117,0.009920974201040588
12697,-6.003423047031314,0.009920974201040588
12698,-5.579792254334308,0.009920974201040588
12699,-4.149966865904914,0.009920974201040588
12700,-5.0514996841115725,0.009920974201040588
12701,-4.264239217104185,0.009920974201040588
12702,-5.025745767310796,0.009920974201040588
12703,-3.640372411866844,0.009920974201040588
12704,-3.071023350812336,0.009920974201040588
12705,-6.623754558634303,0.009920974201040588
12706,-1.8229480158550802,0.009920974201040588
12707,-5.244361141566937,0.009920974201040588
12708,-5.032057688089826,0.009920974201040588
12709,-4.38578825727783,0.009920974201040588
12710,-4.188777095160751,0.009920974201040588
12711,-3.956237949196389,0.009920974201040588
12712,-6.618763736140446,0.009920974201040588
12713,-5.109502066765748,0.009920974201040588
12714,-4.722209530241278,0.009920974201040588
12715,-5.118862830643244,0.009920974201040588
12716,-2.1355734293237614,0.009920974201040588
12717,-1.68219146892446,0.009920974201040588
12718,-2.0780566555675213,0.009920974201040588
12719,-2.7420329089083855,0.009920974201040588
12720,-2.3215108373612563,0.009920974201040588
12721,-4.424387610838873,0.009920974201040588
12722,-1.9623741823946215,0.009920974201040588
12723,-2.3745563058322285,0.009920974201040588
12724,-3.075132659061122,0.009920974201040588
12725,-4.671797690145676,0.009920974201040588
12726,-6.041800162395578,0.009920974201040588
12727,-6.92181530492093,0.009920974201040588
12728,-2.6692690477602756,0.009920974201040588
12729,-1.7219723235650586,0.009920974201040588
12730,-3.608972238356859,0.009920974201040588
12731,-6.206455163699749,0.009920974201040588
12732,-4.579438444628483,0.009920974201040588
12733,-3.660575434689243,0.009920974201040588
12734,-2.2856661983517546,0.009920974201040588
12735,-5.768181667391419,0.009920974201040588
12736,-3.177958745321415,0.009920974201040588
12737,-5.009658893906197,0.009920974201040588
12738,-5.1692873615849955,0.009920974201040588
12739,-6.5853192703640335,0.009920974201040588
12740,-3.828656004404975,0.009920974201040588
12741,-4.027819338632206,0.009920974201040588
12742,-1.707134932191041,0.009920974201040588
12743,-4.440916898824873,0.009920974201040588
12744,-6.057635806699471,0.009920974201040588
12745,-5.174107594638827,0.009920974201040588
12746,-6.278011826033337,0.009920974201040588
12747,-5.171886945663713,0.009920974201040588
12748,-5.297818034571493,0.009920974201040588
12749,-3.7439931808556466,0.009920974201040588
12750,-5.4217288817008775,0.009920974201040588
12751,-5.095811386750325,0.009920974201040588
12752,-5.077783894455689,0.009920974201040588
12753,-5.272067006602617,0.009920974201040588
12754,-3.269926504537024,0.009920974201040588
12755,-4.945775017942048,0.009920974201040588
12756,-4.500955953755977,0.009920974201040588
12757,-5.439933484586671,0.009920974201040588
12758,-5.758118563189654,0.009920974201040588
12759,-2.8605986322878896,0.009920974201040588
12760,-4.649900170179876,0.009920974201040588
12761,-3.1587466746757453,0.009920974201040588
12762,-5.104754825689721,0.009920974201040588
12763,-5.997890273222343,0.009920974201040588
12764,-7.100119630930244,0.009920974201040588
12765,-7.012471494361619,0.009920974201040588
12766,-8.27485459178534,0.009920974201040588
12767,-3.3430011158797717,0.009920974201040588
12768,-4.457532381348068,0.009920974201040588
12769,-6.401141376168681,0.009920974201040588
12770,-3.0620823453613064,0.009920974201040588
12771,-3.2709171421336074,0.009920974201040588
12772,-3.425100598438767,0.009920974201040588
12773,-3.412496090583267,0.009920974201040588
12774,-6.366071235128436,0.009920974201040588
12775,-6.292831227223712,0.009920974201040588
12776,-2.2822734464635865,0.009920974201040588
12777,-3.2483027179968493,0.009920974201040588
12778,-3.6168656927038576,0.009920974201040588
12779,-2.734068095801033,0.009920974201040588
12780,-2.551859659630409,0.009920974201040588
12781,-1.8773532871850553,0.009920974201040588
12782,-2.5668897754813758,0.009920974201040588
12783,-2.480649362311306,0.009920974201040588
12784,-5.585841920523526,0.009920974201040588
12785,-2.456321754520489,0.009920974201040588
12786,-4.97223370733661,0.009920974201040588
12787,-3.1256744491689625,0.009920974201040588
12788,-6.469355076922122,0.009920974201040588
12789,-2.700525448333161,0.009920974201040588
12790,-6.008463198244277,0.009920974201040588
12791,-4.86966193228176,0.009920974201040588
12792,-3.65352747331573,0.009920974201040588
12793,-3.5561552076056695,0.009920974201040588
12794,-5.678082555150598,0.009920974201040588
12795,-5.933593976540715,0.009920974201040588
12796,-4.884344653170914,0.009920974201040588
12797,-5.775444470799226,0.009920974201040588
12798,-4.7241200129305705,0.009920974201040588
12799,-6.222712676519931,0.009920974201040588
12800,-3.6291760437171616,0.009920974201040588
12801,-6.4327298940487445,0.009920974201040588
12802,-8.307161046977825,0.009920974201040588
12803,-3.62772880548299,0.009920974201040588
12804,-4.722039348147481,0.009920974201040588
12805,-7.321591290270901,0.009920974201040588
12806,-2.1590027380836148,0.009920974201040588
12807,-7.148271688651382,0.009920974201040588
12808,-7.17550545806364,0.009920974201040588
12809,-4.46030870075366,0.009920974201040588
12810,-5.832351867853083,0.009920974201040588
12811,-6.513939103244564,0.009920974201040588
12812,-6.170667096960512,0.009920974201040588
12813,-4.7343868790846075,0.009920974201040588
12814,-4.928279851444587,0.009920974201040588
12815,-7.165540588493125,0.009920974201040588
12816,-6.872323144863832,0.009920974201040588
12817,-6.992893347467159,0.009920974201040588
12818,-7.402326991426461,0.009920974201040588
12819,-8.643193395076821,0.009920974201040588
12820,-8.316804042710825,0.009920974201040588
12821,-7.328127480512684,0.009920974201040588
12822,-3.3329678043518687,0.009920974201040588
12823,-7.001081422495393,0.009920974201040588
12824,-6.196824301642469,0.009920974201040588
12825,-3.4811754359433555,0.009920974201040588
12826,-4.940440912263531,0.009920974201040588
12827,-5.27243671689074,0.009920974201040588
12828,-2.7359189181644243,0.009920974201040588
12829,-5.324627233766718,0.009920974201040588
12830,-6.009963709238516,0.009920974201040588
12831,-6.941880636599569,0.009920974201040588
12832,-5.257356208375393,0.009920974201040588
12833,-2.6193670199408716,0.009920974201040588
12834,-4.691761619442676,0.009920974201040588
12835,-5.575991210928211,0.009920974201040588
12836,-6.784398866479545,0.009920974201040588
12837,-7.103430111690301,0.009920974201040588
12838,-7.24910785085134,0.009920974201040588
12839,-5.866784449767561,0.009920974201040588
12840,-7.624078674851574,0.009920974201040588
12841,-5.302268904996913,0.009920974201040588
12842,-5.760002158989753,0.009920974201040588
12843,-5.955098474377476,0.009920974201040588
12844,-7.455999415501255,0.009920974201040588
12845,-6.841461613376065,0.009920974201040588
12846,-6.734413668656332,0.009920974201040588
12847,-6.6624190168966955,0.009920974201040588
12848,-8.425858901778753,0.009920974201040588
12849,-6.028696818979414,0.009920974201040588
12850,-6.214210748202722,0.009920974201040588
12851,-5.207745597048855,0.009920974201040588
12852,-5.875266235050738,0.009920974201040588
12853,-5.005013947072356,0.009920974201040588
12854,-6.442388117445708,0.009920974201040588
12855,-7.508364129383746,0.009920974201040588
12856,-4.66969885445558,0.009920974201040588
12857,-7.705746921958143,0.009920974201040588
12858,-4.082670903284944,0.009920974201040588
12859,-5.35864376640958,0.009920974201040588
12860,-5.648302437282375,0.009920974201040588
12861,-6.050780597819699,0.009920974201040588
12862,-5.119857549784083,0.009920974201040588
12863,-6.28164971344597,0.009920974201040588
12864,-4.6776165244543595,0.009920974201040588
12865,-4.757306461355155,0.009920974201040588
12866,-5.658751921590512,0.009920974201040588
12867,-6.557010729784063,0.009920974201040588
12868,-4.619965929541609,0.009920974201040588
12869,-5.009722475633094,0.009920974201040588
12870,-6.381233009982908,0.009920974201040588
12871,-5.582422415386334,0.009920974201040588
12872,-5.664185448350564,0.009920974201040588
12873,-5.512820402964838,0.009920974201040588
12874,-2.6127083328694356,0.009920974201040588
12875,-2.4106758708901928,0.009920974201040588
12876,-3.2225204732817803,0.009920974201040588
12877,-2.670407901890422,0.009920974201040588
12878,-4.963924866944777,0.009920974201040588
12879,-2.351938707810941,0.009920974201040588
12880,-1.448865876494908,0.009920974201040588
12881,-3.403735877702371,0.009920974201040588
12882,-6.71615769336118,0.009920974201040588
12883,-1.497876339263755,0.009920974201040588
12884,-4.553853475591938,0.009920974201040588
12885,-2.067109292488364,0.009920974201040588
12886,-5.391907599615168,0.009920974201040588
12887,-8.097838522953918,0.009920974201040588
12888,-5.367879856855542,0.009920974201040588
12889,-3.041837528889045,0.009920974201040588
12890,-6.561508706617323,0.009920974201040588
12891,-7.284263530807133,0.009920974201040588
12892,-6.587073121268895,0.009920974201040588
12893,-4.09326055551932,0.009920974201040588
12894,-3.740974851741881,0.009920974201040588
12895,-7.75504877323114,0.009920974201040588
12896,-6.457121981444605,0.009920974201040588
12897,-3.5222442841864265,0.009920974201040588
12898,-3.124780697339835,0.009920974201040588
12899,-5.562097967051703,0.009920974201040588
12900,-1.8072169386893355,0.009920974201040588
12901,-6.055857254392173,0.009920974201040588
12902,-7.195236783383644,0.009920974201040588
12903,-7.037117886599194,0.009920974201040588
12904,-6.1824105647318675,0.009920974201040588
12905,-4.039975848812255,0.009920974201040588
12906,-2.1321543532187763,0.009920974201040588
12907,-4.878923548525422,0.009920974201040588
12908,-6.267088822486069,0.009920974201040588
12909,-2.1467477784234377,0.009920974201040588
12910,-5.1062228152763485,0.009920974201040588
12911,-6.3236979772618716,0.009920974201040588
12912,-6.2173745733379215,0.009920974201040588
12913,-8.367102627680229,0.009920974201040588
12914,-7.704941357615389,0.009920974201040588
12915,-7.313543569498577,0.009920974201040588
12916,-7.784556101557142,0.009920974201040588
12917,-6.590997687551445,0.009920974201040588
12918,-3.7739177840834808,0.009920974201040588
12919,-5.771426621495918,0.009920974201040588
12920,-6.589362677361905,0.009920974201040588
12921,-4.334366352045486,0.009920974201040588
12922,-5.687144422826517,0.009920974201040588
12923,-5.663009299334906,0.009920974201040588
12924,-5.700646518981756,0.009920974201040588
12925,-5.981764571084609,0.009920974201040588
12926,-5.073235534094982,0.009920974201040588
12927,-5.6804468210239225,0.009920974201040588
12928,-6.3521304132299665,0.009920974201040588
12929,-6.321136551590876,0.009920974201040588
12930,-2.36964037606391,0.009920974201040588
12931,-6.282331369653431,0.009920974201040588
12932,-6.043664434659541,0.009920974201040588
12933,-4.238539764703386,0.009920974201040588
12934,-2.37855895660224,0.009920974201040588
12935,-4.795711765921853,0.009920974201040588
12936,-5.23263162695987,0.009920974201040588
12937,-4.821832893496735,0.009920974201040588
12938,-6.52126513049979,0.009920974201040588
12939,-6.915367606487017,0.009920974201040588
12940,-4.713155846781937,0.009920974201040588
12941,-4.2873552453645445,0.009920974201040588
12942,-7.349007847003806,0.009920974201040588
12943,-6.176040080138166,0.009920974201040588
12944,-6.175666815299688,0.009920974201040588
12945,-4.913233697277217,0.009920974201040588
12946,-5.201880871937838,0.009920974201040588
12947,-7.293141642899739,0.009920974201040588
12948,-6.921496060517914,0.009920974201040588
12949,-5.685268223806371,0.009920974201040588
12950,-5.4769754151952235,0.009920974201040588
12951,-5.987970829266725,0.009920974201040588
12952,-6.144676898856023,0.009920974201040588
12953,-4.997943735015162,0.009920974201040588
12954,-4.1300786136400935,0.009920974201040588
12955,-4.236373341686733,0.009920974201040588
12956,-6.258934267754617,0.009920974201040588
12957,-5.835502729862102,0.009920974201040588
12958,-3.8333953365420177,0.009920974201040588
12959,-4.599589672738899,0.009920974201040588
12960,-5.123012255675332,0.009920974201040588
12961,-4.963850478465761,0.009920974201040588
12962,-4.935301631231125,0.009920974201040588
12963,-4.628232102699755,0.009920974201040588
12964,-7.41017313697188,0.009920974201040588
12965,-4.928256601114159,0.009920974201040588
12966,-6.5364748218382625,0.009920974201040588
12967,-4.364973566158097,0.009920974201040588
12968,-5.205795561714622,0.009920974201040588
12969,-5.468416128089295,0.009920974201040588
12970,-5.456394352273412,0.009920974201040588
12971,-5.585598790410026,0.009920974201040588
12972,-4.537415233380887,0.009920974201040588
12973,-4.9651225094762905,0.009920974201040588
12974,-3.340482000333022,0.009920974201040588
12975,-4.10875792218094,0.009920974201040588
12976,-5.095158342157046,0.009920974201040588
12977,-6.196663741453863,0.009920974201040588
12978,-2.204444650881182,0.009920974201040588
12979,-4.7593602525644805,0.009920974201040588
12980,-1.9189371246209044,0.009920974201040588
12981,-4.760675291743438,0.009920974201040588
12982,-5.987298768771709,0.009920974201040588
12983,-4.01258546877651,0.009920974201040588
12984,-5.204150299023041,0.009920974201040588
12985,-2.029928855156545,0.009920974201040588
12986,-5.364190329690554,0.009920974201040588
12987,-3.8364840227659807,0.009920974201040588
12988,-3.5990581316193553,0.009920974201040588
12989,-5.4360881944048165,0.009920974201040588
12990,-3.7662726565086397,0.009920974201040588
12991,-4.4866868808106215,0.009920974201040588
12992,-3.396587038623745,0.009920974201040588
12993,-6.37015052128482,0.009920974201040588
12994,-7.868923097548457,0.009920974201040588
12995,-3.9584811943383515,0.009920974201040588
12996,-3.68908164188503,0.009920974201040588
12997,-4.651498021743956,0.009920974201040588
12998,-2.244599393817512,0.009920974201040588
12999,-6.087076759267348,0.009920974201040588
13000,-3.757750831206823,0.009920974201040588
13001,-5.425489820080587,0.009920974201040588
13002,-2.538480183280027,0.009920974201040588
13003,-5.495845307673848,0.009920974201040588
13004,-6.680801951803897,0.009920974201040588
13005,-4.337786683889502,0.009920974201040588
13006,-1.9647860180120769,0.009920974201040588
13007,-1.7138232621392293,0.009920974201040588
13008,-3.41697263870815,0.009920974201040588
13009,-3.5991647192377387,0.009920974201040588
13010,-4.311440288236715,0.009920974201040588
13011,-5.49211525830585,0.009920974201040588
13012,-2.0191408288134314,0.009920974201040588
13013,-4.6922510525864745,0.009920974201040588
13014,-6.0907137030420255,0.009920974201040588
13015,-5.690686114755125,0.009920974201040588
13016,-2.891497418348136,0.009920974201040588
13017,-5.90769131845844,0.009920974201040588
13018,-2.6820853270491916,0.009920974201040588
13019,-4.3635114026867425,0.009920974201040588
13020,-1.9425167349195833,0.009920974201040588
13021,-5.557658991273014,0.009920974201040588
13022,-2.537264034833108,0.009920974201040588
13023,-3.3364717141773834,0.009920974201040588
13024,-6.3004441748283595,0.009920974201040588
13025,-5.752275972340749,0.009920974201040588
13026,-2.2935820970885237,0.009920974201040588
13027,-4.694810586484527,0.009920974201040588
13028,-5.214410535967123,0.009920974201040588
13029,-4.146021709829943,0.009920974201040588
13030,-2.1828852741414924,0.009920974201040588
13031,-4.517630551562267,0.009920974201040588
13032,-7.457283379740813,0.009920974201040588
13033,-7.187132237788884,0.009920974201040588
13034,-3.1899772266897637,0.009920974201040588
13035,-3.0590084370891195,0.009920974201040588
13036,-4.444186910017255,0.009920974201040588
13037,-6.947302151024699,0.009920974201040588
13038,-6.130409320208398,0.009920974201040588
13039,-5.649120926834577,0.009920974201040588
13040,-3.212186700294786,0.009920974201040588
13041,-6.72855863874402,0.009920974201040588
13042,-4.483417559674824,0.009920974201040588
13043,-5.5478227455515645,0.009920974201040588
13044,-5.3865823041101795,0.009920974201040588
13045,-5.589221380560524,0.009920974201040588
13046,-2.327277424198801,0.009920974201040588
13047,-6.876316558622552,0.009920974201040588
13048,-1.933452390125981,0.009920974201040588
13049,-2.2992183219847737,0.009920974201040588
13050,-2.301756607892745,0.009920974201040588
13051,-4.275148588454552,0.009920974201040588
13052,-5.248091130686159,0.009920974201040588
13053,-4.1727681676058825,0.009920974201040588
13054,-8.18321654241825,0.009920974201040588
13055,-4.062035869016343,0.009920974201040588
13056,-9.739474535677868,0.009920974201040588
13057,-3.788955464157265,0.009920974201040588
13058,-5.28677652346509,0.009920974201040588
13059,-5.51303717477108,0.009920974201040588
13060,-6.38313745991387,0.009920974201040588
13061,-7.500046770570501,0.009920974201040588
13062,-8.094956409033532,0.009920974201040588
13063,-5.522121930465384,0.009920974201040588
13064,-9.212336457961507,0.009920974201040588
13065,-4.802410296008142,0.009920974201040588
13066,-6.733761818902639,0.009920974201040588
13067,-5.941942178598964,0.009920974201040588
13068,-5.879730044834515,0.009920974201040588
13069,-4.456905900223035,0.009920974201040588
13070,-1.9835983304979456,0.009920974201040588
13071,-2.5460407200412014,0.009920974201040588
13072,-6.015212200350641,0.009920974201040588
13073,-5.2325570105734,0.009920974201040588
13074,-6.400013904810294,0.009920974201040588
13075,-6.2116835115726285,0.009920974201040588
13076,-5.47193185230344,0.009920974201040588
13077,-5.772879129086844,0.009920974201040588
13078,-2.148426512593018,0.009920974201040588
13079,-5.624924940923105,0.009920974201040588
13080,-6.254993384616258,0.009920974201040588
13081,-6.319197430838921,0.009920974201040588
13082,-2.3736346407360545,0.009920974201040588
13083,-3.90370995140412,0.009920974201040588
13084,-5.033119424309686,0.009920974201040588
13085,-4.135420980720699,0.009920974201040588
13086,-5.806082200389213,0.009920974201040588
13087,-4.470967284805515,0.009920974201040588
13088,-2.9187666295349755,0.009920974201040588
13089,-5.252251940588674,0.009920974201040588
13090,-7.6681887216323705,0.009920974201040588
13091,-5.261535875479202,0.009920974201040588
13092,-4.297799478004012,0.009920974201040588
13093,-3.1546449666336143,0.009920974201040588
13094,-6.35601422816402,0.009920974201040588
13095,-3.195381752585356,0.009920974201040588
13096,-6.933666224141985,0.009920974201040588
13097,-5.553302334200705,0.009920974201040588
13098,-6.322195390339068,0.009920974201040588
13099,-1.744655527386675,0.009920974201040588
13100,-5.912091513059249,0.009920974201040588
13101,-4.990736689608861,0.009920974201040588
13102,-2.783483129987093,0.009920974201040588
13103,-1.2165563921007982,0.009920974201040588
13104,-5.710719242773706,0.009920974201040588
13105,-1.225946544003004,0.009920974201040588
13106,-2.4564675228090826,0.009920974201040588
13107,-2.456768475040577,0.009920974201040588
13108,-5.425543557198903,0.009920974201040588
13109,-6.369627982192959,0.009920974201040588
13110,-5.805070856427209,0.009920974201040588
13111,-2.800681977621833,0.009920974201040588
13112,-3.8951362601721584,0.009920974201040588
13113,-4.192851526647234,0.009920974201040588
13114,-5.645024972426511,0.009920974201040588
13115,-5.01999509864796,0.009920974201040588
13116,-5.2252711157143565,0.009920974201040588
13117,-3.9806949751302496,0.009920974201040588
13118,-2.4873413177628145,0.009920974201040588
13119,-5.103044153298592,0.009920974201040588
13120,-2.491311825380064,0.009920974201040588
13121,-4.533916148561056,0.009920974201040588
13122,-2.5229597017479963,0.009920974201040588
13123,-3.0235035411989237,0.009920974201040588
13124,-2.554588415463045,0.009920974201040588
13125,-5.609962151610896,0.009920974201040588
13126,-5.982290637551375,0.009920974201040588
13127,-5.00999592863495,0.009920974201040588
13128,-4.505423706611811,0.009920974201040588
13129,-5.523712050834764,0.009920974201040588
13130,-6.040404095479653,0.009920974201040588
13131,-6.148908939152788,0.009920974201040588
13132,-2.88109217431906,0.009920974201040588
13133,-6.144532308787659,0.009920974201040588
13134,-2.6476108512176566,0.009920974201040588
13135,-2.6541644731257423,0.009920974201040588
13136,-4.2259510148542265,0.009920974201040588
13137,-5.8835994666582145,0.009920974201040588
13138,-6.9348830173266744,0.009920974201040588
13139,-5.869146286869939,0.009920974201040588
13140,-4.56080797622155,0.009920974201040588
13141,-5.4224733528137765,0.009920974201040588
13142,-2.703410224004326,0.009920974201040588
13143,-2.708795184197457,0.009920974201040588
13144,-2.714107132534985,0.009920974201040588
13145,-5.123082272766602,0.009920974201040588
13146,-2.719847271798092,0.009920974201040588
13147,-5.507633586880007,0.009920974201040588
13148,-2.934834524232479,0.009920974201040588
13149,-6.885905491563657,0.009920974201040588
13150,-5.265406910405712,0.009920974201040588
13151,-5.372800126033693,0.009920974201040588
13152,-4.52489172847054,0.009920974201040588
13153,-5.52200009346682,0.009920974201040588
13154,-6.636088110036698,0.009920974201040588
13155,-5.687661807339293,0.009920974201040588
13156,-5.845895041179795,0.009920974201040588
13157,-2.8139008667580305,0.009920974201040588
13158,-5.15308675019068,0.009920974201040588
13159,-2.8467928739183304,0.009920974201040588
13160,-2.8477506056087725,0.009920974201040588
13161,-2.8541368161697913,0.009920974201040588
13162,-2.8725592886670093,0.009920974201040588
13163,-2.8831240876612823,0.009920974201040588
13164,-2.8837123061933623,0.009920974201040588
13165,-2.890170229330967,0.009920974201040588
13166,-4.601650328162208,0.009920974201040588
13167,-4.667600662348502,0.009920974201040588
13168,-5.82634936354865,0.009920974201040588
13169,-8.585336350501999,0.009920974201040588
13170,-2.617161186548838,0.009920974201040588
13171,-5.060410897214586,0.009920974201040588
13172,-3.5332101382101726,0.009920974201040588
13173,-6.3331766442705835,0.009920974201040588
13174,-5.078844077975656,0.009920974201040588
13175,-7.002879426512199,0.009920974201040588
13176,-2.3220318139558254,0.009920974201040588
13177,-3.9721595291146574,0.009920974201040588
13178,-4.333122051019105,0.009920974201040588
13179,-5.981268086233049,0.009920974201040588
13180,-8.02257074784016,0.009920974201040588
13181,-5.894948361123232,0.009920974201040588
13182,-6.1338680549212174,0.009920974201040588
13183,-3.9441795505460457,0.009920974201040588
13184,-5.3150403049922605,0.009920974201040588
13185,-2.662611175249972,0.009920974201040588
13186,-4.283343439231584,0.009920974201040588
13187,-4.989808049607857,0.009920974201040588
13188,-6.269669398599998,0.009920974201040588
13189,-4.601009836433633,0.009920974201040588
13190,-4.6290197488569325,0.009920974201040588
13191,-4.302841272767007,0.009920974201040588
13192,-2.021651778949313,0.009920974201040588
13193,-6.539037603292145,0.009920974201040588
13194,-6.733533368180154,0.009920974201040588
13195,-3.366581629771626,0.009920974201040588
13196,-2.766224305475701,0.009920974201040588
13197,-5.529691383454063,0.009920974201040588
13198,-5.588083237666416,0.009920974201040588
13199,-2.1337737677627806,0.009920974201040588
13200,-7.614875941937232,0.009920974201040588
13201,-4.35550677326148,0.009920974201040588
13202,-1.618089734085216,0.009920974201040588
13203,-1.7218863238113429,0.009920974201040588
13204,-7.168393241622667,0.009920974201040588
13205,-4.04989583828449,0.009920974201040588
13206,-4.281848664951996,0.009920974201040588
13207,-4.636956968989457,0.009920974201040588
13208,-4.017662128907317,0.009920974201040588
13209,-3.00423713695096,0.009920974201040588
13210,-5.949284208892545,0.009920974201040588
13211,-4.745452045979762,0.009920974201040588
13212,-1.3863197012609436,0.009920974201040588
13213,-2.1390679172153964,0.009920974201040588
13214,-3.797015015567402,0.009920974201040588
13215,-5.103621070327312,0.009920974201040588
13216,-2.147854255656423,0.009920974201040588
13217,-2.3822405291837114,0.009920974201040588
13218,-2.898169114237377,0.009920974201040588
13219,-6.310002944354975,0.009920974201040588
13220,-6.657059534342061,0.009920974201040588
13221,-1.3815087765983938,0.009920974201040588
13222,-5.1558255109189,0.009920974201040588
13223,-3.1747174120762978,0.009920974201040588
13224,-2.4130318598061615,0.009920974201040588
13225,-3.048514572257618,0.009920974201040588
13226,-5.452445627589972,0.009920974201040588
13227,-4.316247455763472,0.009920974201040588
13228,-6.5744781696950305,0.009920974201040588
13229,-6.270478670901662,0.009920974201040588
13230,-2.1766802031261956,0.009920974201040588
13231,-3.814038860835935,0.009920974201040588
13232,-3.90824084250285,0.009920974201040588
13233,-4.45781591578668,0.009920974201040588
13234,-4.340289401000501,0.009920974201040588
13235,-1.7565015998863367,0.009920974201040588
13236,-7.4580276796546014,0.009920974201040588
13237,-7.288802575699316,0.009920974201040588
13238,-4.634723065352974,0.009920974201040588
13239,-4.487127853976482,0.009920974201040588
13240,-6.559258016555777,0.009920974201040588
13241,-6.143146752455614,0.009920974201040588
13242,-4.411433272144643,0.009920974201040588
13243,-5.235813896664256,0.009920974201040588
13244,-2.6545805960441022,0.009920974201040588
13245,-2.4561452331925926,0.009920974201040588
13246,-2.5972274015769976,0.009920974201040588
13247,-6.400912302159477,0.009920974201040588
13248,-1.7831016813847342,0.009920974201040588
13249,-3.3513128989766914,0.009920974201040588
13250,-4.940651506818421,0.009920974201040588
13251,-5.8610354186600055,0.009920974201040588
13252,-5.300157770813744,0.009920974201040588
13253,-7.388071310729769,0.009920974201040588
13254,-3.2200779126481534,0.009920974201040588
13255,-3.5425084384119474,0.009920974201040588
13256,-5.023875846190864,0.009920974201040588
13257,-5.598626366885773,0.009920974201040588
13258,-5.117667128215551,0.009920974201040588
13259,-4.668427462670818,0.009920974201040588
13260,-5.624646599129074,0.009920974201040588
13261,-4.133089640470236,0.009920974201040588
13262,-5.569732066860144,0.009920974201040588
13263,-3.9639091986926873,0.009920974201040588
13264,-3.585052496910312,0.009920974201040588
13265,-5.286711517774423,0.009920974201040588
13266,-5.5246882804926,0.009920974201040588
13267,-3.1590301731554478,0.009920974201040588
13268,-3.67594193436988,0.009920974201040588
13269,-2.936550447624863,0.009920974201040588
13270,-6.414721033427029,0.009920974201040588
13271,-2.111243616343565,0.009920974201040588
13272,-3.08350093986754,0.009920974201040588
13273,-3.876685364719905,0.009920974201040588
13274,-6.194069284459652,0.009920974201040588
13275,-4.906581855166155,0.009920974201040588
13276,-3.615770604506824,0.009920974201040588
13277,-8.11817922881978,0.009920974201040588
13278,-8.23105810689513,0.009920974201040588
13279,-4.711308291617019,0.009920974201040588
13280,-3.413776600832538,0.009920974201040588
13281,-5.288953623194574,0.009920974201040588
13282,-4.129424414758938,0.009920974201040588
13283,-2.222779517617237,0.009920974201040588
13284,-2.1592729491496976,0.009920974201040588
13285,-6.206918907394056,0.009920974201040588
13286,-2.0588475443938252,0.009920974201040588
13287,-5.5930252595052865,0.009920974201040588
13288,-5.708909798805074,0.009920974201040588
13289,-4.667392355842942,0.009920974201040588
13290,-3.313052330141055,0.009920974201040588
13291,-4.6249510472897715,0.009920974201040588
13292,-5.4455383629679766,0.009920974201040588
13293,-7.879368240768976,0.009920974201040588
13294,-3.994498126973179,0.009920974201040588
13295,-6.331363001431013,0.009920974201040588
13296,-3.2270751172125918,0.009920974201040588
13297,-5.404066495319219,0.009920974201040588
13298,-6.270420400667465,0.009920974201040588
13299,-5.235309457207381,0.009920974201040588
13300,-5.273284579414836,0.009920974201040588
13301,-6.063483963431349,0.009920974201040588
13302,-2.8971662010638806,0.009920974201040588
13303,-5.426723599254911,0.009920974201040588
13304,-6.195293326537342,0.009920974201040588
13305,-6.110322997741989,0.009920974201040588
13306,-4.911323640930636,0.009920974201040588
13307,-4.951438930889712,0.009920974201040588
13308,-7.790695796854317,0.009920974201040588
13309,-4.329048957078475,0.009920974201040588
13310,-4.747295935433181,0.009920974201040588
13311,-5.176630616805518,0.009920974201040588
13312,-3.1133927208326693,0.009920974201040588
13313,-2.951122338112393,0.009920974201040588
13314,-7.84940302282642,0.009920974201040588
13315,-5.614941408888398,0.009920974201040588
13316,-6.080417194412928,0.009920974201040588
13317,-5.415673936024432,0.009920974201040588
13318,-2.552526171424577,0.009920974201040588
13319,-3.5506644797090985,0.009920974201040588
13320,-4.865410803231736,0.009920974201040588
13321,-5.593844908142726,0.009920974201040588
13322,-6.456947422887474,0.009920974201040588
13323,-4.384596058171567,0.009920974201040588
13324,-5.071685829512903,0.009920974201040588
13325,-7.032890910293149,0.009920974201040588
13326,-4.513846035943389,0.009920974201040588
13327,-5.491815980798984,0.009920974201040588
13328,-6.602585847123122,0.009920974201040588
13329,-4.80541560463085,0.009920974201040588
13330,-3.5846606192153887,0.009920974201040588
13331,-5.3016297650549244,0.009920974201040588
13332,-6.850947997395051,0.009920974201040588
13333,-4.677916159148024,0.009920974201040588
13334,-4.730832119783676,0.009920974201040588
13335,-7.076335742227548,0.009920974201040588
13336,-5.788627120369135,0.009920974201040588
13337,-6.376075072993348,0.009920974201040588
13338,-5.245202139193363,0.009920974201040588
13339,-6.167448831568955,0.009920974201040588
13340,-4.913287942589027,0.009920974201040588
13341,-4.597495749634588,0.009920974201040588
13342,-4.7038455558172725,0.009920974201040588
13343,-6.133629384709666,0.009920974201040588
13344,-7.528975813430345,0.009920974201040588
13345,-9.001727874465416,0.009920974201040588
13346,-7.2860137887088925,0.009920974201040588
13347,-6.929238947224109,0.009920974201040588
13348,-7.105288496860901,0.009920974201040588
13349,-5.772689213584083,0.009920974201040588
13350,-7.663654399063718,0.009920974201040588
13351,-6.3976576384026185,0.009920974201040588
13352,-5.183502370369885,0.009920974201040588
13353,-5.54183669279754,0.009920974201040588
13354,-5.475388321826822,0.009920974201040588
13355,-5.002144429680005,0.009920974201040588
13356,-2.641975510140144,0.009920974201040588
13357,-4.203520824964833,0.009920974201040588
13358,-6.467749504565781,0.009920974201040588
13359,-6.175209352768919,0.009920974201040588
13360,-7.0283654517683125,0.009920974201040588
13361,-4.927327840876401,0.009920974201040588
13362,-3.931419810876094,0.009920974201040588
13363,-6.639582523368443,0.009920974201040588
13364,-6.38254138272487,0.009920974201040588
13365,-4.786114439485079,0.009920974201040588
13366,-4.456470321006198,0.009920974201040588
13367,-7.778697828422407,0.009920974201040588
13368,-4.7294974569223545,0.009920974201040588
13369,-5.127781522579825,0.009920974201040588
13370,-6.144939312701212,0.009920974201040588
13371,-7.371355194662419,0.009920974201040588
13372,-5.315601570120813,0.009920974201040588
13373,-5.6968812944270795,0.009920974201040588
13374,-7.2996630462380345,0.009920974201040588
13375,-5.200252138052707,0.009920974201040588
13376,-8.194770597014303,0.009920974201040588
13377,-8.820745278706164,0.009920974201040588
13378,-5.594172342138908,0.009920974201040588
13379,-5.534215863053637,0.009920974201040588
13380,-2.249569276712415,0.009920974201040588
13381,-6.177310844331185,0.009920974201040588
13382,-2.662852170020061,0.009920974201040588
13383,-4.467993820594905,0.009920974201040588
13384,-5.7615095055238195,0.009920974201040588
13385,-6.254765500577818,0.009920974201040588
13386,-6.188375426089612,0.009920974201040588
13387,-6.001406740861082,0.009920974201040588
13388,-2.7289335230978278,0.009920974201040588
13389,-2.150691378967305,0.009920974201040588
13390,-5.436834925337447,0.009920974201040588
13391,-2.940387935748128,0.009920974201040588
13392,-4.55200426456227,0.009920974201040588
13393,-1.695960593120355,0.009920974201040588
13394,-4.104903852313672,0.009920974201040588
13395,-5.07482282790354,0.009920974201040588
13396,-3.632795193205542,0.009920974201040588
13397,-2.3860763747933333,0.009920974201040588
13398,-4.0661037217362015,0.009920974201040588
13399,-4.918414717210904,0.009920974201040588
13400,-7.420778407019612,0.009920974201040588
13401,-2.711386401412075,0.009920974201040588
13402,-5.715700508744133,0.009920974201040588
13403,-4.535739726656944,0.009920974201040588
13404,-5.397337388489079,0.009920974201040588
13405,-5.048991621231291,0.009920974201040588
13406,-8.99047371442724,0.009920974201040588
13407,-4.937823973396069,0.009920974201040588
13408,-2.657766846446515,0.009920974201040588
13409,-3.7253035719912155,0.009920974201040588
13410,-1.690316093657227,0.009920974201040588
13411,-2.0307574292759742,0.009920974201040588
13412,-5.587774688200008,0.009920974201040588
13413,-2.2956225611820997,0.009920974201040588
13414,-8.278479996066473,0.009920974201040588
13415,-5.282136707204417,0.009920974201040588
13416,-2.292812925567493,0.009920974201040588
13417,-6.1181474978143395,0.009920974201040588
13418,-3.809291079953629,0.009920974201040588
13419,-5.845324047671495,0.009920974201040588
13420,-3.370677037209646,0.009920974201040588
13421,-6.021226649825152,0.009920974201040588
13422,-4.3460417959076425,0.009920974201040588
13423,-2.5565890733602448,0.009920974201040588
13424,-6.114330633192287,0.009920974201040588
13425,-5.295425555060435,0.009920974201040588
13426,-5.325798034725063,0.009920974201040588
13427,-7.182885066710174,0.009920974201040588
13428,-5.148139348806164,0.009920974201040588
13429,-4.447884007085543,0.009920974201040588
13430,-7.097763730356765,0.009920974201040588
13431,-3.4175062111019088,0.009920974201040588
13432,-5.208833191887852,0.009920974201040588
13433,-5.461447714699222,0.009920974201040588
13434,-6.1799464324933595,0.009920974201040588
13435,-3.437108374511502,0.009920974201040588
13436,-6.144010729444576,0.009920974201040588
13437,-8.613457926673085,0.009920974201040588
13438,-6.609923451142949,0.009920974201040588
13439,-5.939405853396821,0.009920974201040588
13440,-5.025643245948684,0.009920974201040588
13441,-4.056945243339031,0.009920974201040588
13442,-6.034756823398404,0.009920974201040588
13443,-4.975603682435182,0.009920974201040588
13444,-6.791821032671964,0.009920974201040588
13445,-7.109129333336723,0.009920974201040588
13446,-7.386735160391355,0.009920974201040588
13447,-2.96424968734442,0.009920974201040588
13448,-6.373556832487459,0.009920974201040588
13449,-5.386776609356452,0.009920974201040588
13450,-4.784522853593396,0.009920974201040588
13451,-6.28872573697743,0.009920974201040588
13452,-8.432395337316434,0.009920974201040588
13453,-4.323538847965582,0.009920974201040588
13454,-6.134477330267476,0.009920974201040588
13455,-5.123260465486146,0.009920974201040588
13456,-6.271264590235591,0.009920974201040588
13457,-5.643677722656928,0.009920974201040588
13458,-4.840256646874424,0.009920974201040588
13459,-6.457722886444028,0.009920974201040588
13460,-8.170013279430226,0.009920974201040588
13461,-5.814562471386042,0.009920974201040588
13462,-2.1998315451351313,0.009920974201040588
13463,-2.8542241563022337,0.009920974201040588
13464,-2.5656807350733914,0.009920974201040588
13465,-6.740124660887188,0.009920974201040588
13466,-4.965076708213099,0.009920974201040588
13467,-7.2222139076814456,0.009920974201040588
13468,-3.2508265247350496,0.009920974201040588
13469,-2.5121862030026296,0.009920974201040588
13470,-2.9012451714172385,0.009920974201040588
13471,-5.208390261331991,0.009920974201040588
13472,-6.596992661613492,0.009920974201040588
13473,-4.6754620681613535,0.009920974201040588
13474,-4.410836918056026,0.009920974201040588
13475,-2.2265172637437063,0.009920974201040588
13476,-2.1363925047212327,0.009920974201040588
13477,-5.353390584883681,0.009920974201040588
13478,-2.497792624483124,0.009920974201040588
13479,-3.21536572117035,0.009920974201040588
13480,-6.742685207871601,0.009920974201040588
13481,-3.4797078148383536,0.009920974201040588
13482,-4.377335233549767,0.009920974201040588
13483,-6.127441647139817,0.009920974201040588
13484,-5.319585249983991,0.009920974201040588
13485,-1.7628326294298606,0.009920974201040588
13486,-5.499529149256349,0.009920974201040588
13487,-4.010306480861974,0.009920974201040588
13488,-4.528834466407542,0.009920974201040588
13489,-2.5168318794700166,0.009920974201040588
13490,-2.5023055136029075,0.009920974201040588
13491,-2.3796197031700093,0.009920974201040588
13492,-2.3332949962913205,0.009920974201040588
13493,-4.472782601162349,0.009920974201040588
13494,-5.006137290619304,0.009920974201040588
13495,-3.857456472910603,0.009920974201040588
13496,-1.8489415660182493,0.009920974201040588
13497,-4.6411975647569506,0.009920974201040588
13498,-6.78197317089674,0.009920974201040588
13499,-5.354961627335268,0.009920974201040588
13500,-2.3280541356823097,0.009920974201040588
13501,-5.839451434724477,0.009920974201040588
13502,-6.435700426166576,0.009920974201040588
13503,-1.884916747006725,0.009920974201040588
13504,-6.5668199775371345,0.009920974201040588
13505,-4.818694726272952,0.009920974201040588
13506,-5.2077529295639415,0.009920974201040588
13507,-4.544607541758807,0.009920974201040588
13508,-4.976454214889982,0.009920974201040588
13509,-5.308076796898899,0.009920974201040588
13510,-3.9598022561562853,0.009920974201040588
13511,-2.5057000871093047,0.009920974201040588
13512,-2.571033832431427,0.009920974201040588
13513,-5.254384642131093,0.009920974201040588
13514,-5.7241008810050555,0.009920974201040588
13515,-4.992594312833057,0.009920974201040588
13516,-3.38372216191114,0.009920974201040588
13517,-5.42356210780663,0.009920974201040588
13518,-7.211106489783244,0.009920974201040588
13519,-5.2965985749710764,0.009920974201040588
13520,-4.429506715167719,0.009920974201040588
13521,-2.590410528396067,0.009920974201040588
13522,-2.407309445670414,0.009920974201040588
13523,-3.860546354099941,0.009920974201040588
13524,-6.507290609917385,0.009920974201040588
13525,-5.293469263957566,0.009920974201040588
13526,-4.76683831988124,0.009920974201040588
13527,-5.479204098633029,0.009920974201040588
13528,-5.369437360477274,0.009920974201040588
13529,-5.68935763010057,0.009920974201040588
13530,-4.961072392742563,0.009920974201040588
13531,-4.764543533491301,0.009920974201040588
13532,-3.1538688167970834,0.009920974201040588
13533,-7.663544705431994,0.009920974201040588
13534,-4.621427516110774,0.009920974201040588
13535,-4.992843097811514,0.009920974201040588
13536,-5.474161535793028,0.009920974201040588
13537,-4.760838019147489,0.009920974201040588
13538,-4.717005394703688,0.009920974201040588
13539,-4.780073466024257,0.009920974201040588
13540,-4.337052067833898,0.009920974201040588
13541,-4.459779361628488,0.009920974201040588
13542,-4.875701629475724,0.009920974201040588
13543,-4.765250642458499,0.009920974201040588
13544,-5.746355158089145,0.009920974201040588
13545,-4.374615283908774,0.009920974201040588
13546,-5.560286772675886,0.009920974201040588
13547,-4.826242999602687,0.009920974201040588
13548,-4.723743352056611,0.009920974201040588
13549,-3.5003616955327663,0.009920974201040588
13550,-3.770774629270872,0.009920974201040588
13551,-4.893068956504187,0.009920974201040588
13552,-5.0310299691306,0.009920974201040588
13553,-4.735593945194433,0.009920974201040588
13554,-3.9689143498160324,0.009920974201040588
13555,-3.758512466531272,0.009920974201040588
13556,-5.266230036825824,0.009920974201040588
13557,-5.2497931656903045,0.009920974201040588
13558,-5.9965765914282265,0.009920974201040588
13559,-5.568351068925287,0.009920974201040588
13560,-2.6127083328694356,0.009920974201040588
13561,-2.884780058097048,0.009920974201040588
13562,-3.4092840077374267,0.009920974201040588
13563,-2.670407901890422,0.009920974201040588
13564,-1.8222605783462185,0.009920974201040588
13565,-2.351938707810941,0.009920974201040588
13566,-1.4018301781499456,0.009920974201040588
13567,-3.403735877702371,0.009920974201040588
13568,-5.833833190555795,0.009920974201040588
13569,-1.4547693393319705,0.009920974201040588
13570,-4.27792299145797,0.009920974201040588
13571,-2.174960232363275,0.009920974201040588
13572,-5.792316449206153,0.009920974201040588
13573,-5.021722391589942,0.009920974201040588
13574,-5.572243877172639,0.009920974201040588
13575,-5.6652258523886285,0.009920974201040588
13576,-6.591342113382398,0.009920974201040588
13577,-7.008042718073202,0.009920974201040588
13578,-5.966783174267002,0.009920974201040588
13579,-6.163104307005286,0.009920974201040588
13580,-6.342030595634122,0.009920974201040588
13581,-5.710733574572654,0.009920974201040588
13582,-6.34466628759798,0.009920974201040588
13583,-3.5222442841864265,0.009920974201040588
13584,-5.911647436174669,0.009920974201040588
13585,-6.944391520899165,0.009920974201040588
13586,-1.8072169386893355,0.009920974201040588
13587,-3.8361631690306783,0.009920974201040588
13588,-3.4291515736950853,0.009920974201040588
13589,-2.1021340306070035,0.009920974201040588
13590,-4.004546577661472,0.009920974201040588
13591,-6.461739134020183,0.009920974201040588
13592,-6.564463057861498,0.009920974201040588
13593,-3.7829324277482828,0.009920974201040588
13594,-6.389745634238862,0.009920974201040588
13595,-5.4895700827421035,0.009920974201040588
13596,-2.869864908808191,0.009920974201040588
13597,-6.551491095844151,0.009920974201040588
13598,-4.8182648815848275,0.009920974201040588
13599,-6.313867293592228,0.009920974201040588
13600,-6.540807826421327,0.009920974201040588
13601,-6.690084660408409,0.009920974201040588
13602,-6.630798413242605,0.009920974201040588
13603,-6.591575134701742,0.009920974201040588
13604,-5.478801430837257,0.009920974201040588
13605,-5.011243624066177,0.009920974201040588
13606,-5.730257109155646,0.009920974201040588
13607,-4.007808755121291,0.009920974201040588
13608,-5.42016052679958,0.009920974201040588
13609,-5.582814959259111,0.009920974201040588
13610,-7.167250877838295,0.009920974201040588
13611,-5.154265496639694,0.009920974201040588
13612,-7.234496768759845,0.009920974201040588
13613,-4.209488286139022,0.009920974201040588
13614,-5.684386195566244,0.009920974201040588
13615,-4.375298875284875,0.009920974201040588
13616,-6.128853797275288,0.009920974201040588
13617,-4.084892650507481,0.009920974201040588
13618,-6.650312213303611,0.009920974201040588
13619,-6.570511081495369,0.009920974201040588
13620,-7.195021178958733,0.009920974201040588
13621,-5.9226164423855,0.009920974201040588
13622,-6.282339645465997,0.009920974201040588
13623,-2.4548933539363103,0.009920974201040588
13624,-5.503743430332223,0.009920974201040588
13625,-6.554527199427881,0.009920974201040588
13626,-4.0638052663334925,0.009920974201040588
13627,-8.599582356035373,0.009920974201040588
13628,-7.5692062822476185,0.009920974201040588
13629,-6.634163299812398,0.009920974201040588
13630,-6.728370948628985,0.009920974201040588
13631,-6.449906778634553,0.009920974201040588
13632,-6.632751150054505,0.009920974201040588
13633,-2.756262287073291,0.009920974201040588
13634,-6.82864143884835,0.009920974201040588
13635,-6.517188543602414,0.009920974201040588
13636,-6.262417969531338,0.009920974201040588
13637,-6.522319764283253,0.009920974201040588
13638,-3.310344620158802,0.009920974201040588
13639,-6.958954883572936,0.009920974201040588
13640,-5.545632178623574,0.009920974201040588
13641,-5.7560350119869135,0.009920974201040588
13642,-4.875675298096017,0.009920974201040588
13643,-6.551282899865775,0.009920974201040588
13644,-3.3155644013240155,0.009920974201040588
13645,-6.6682945315804805,0.009920974201040588
13646,-5.260575379453604,0.009920974201040588
13647,-6.380952215092081,0.009920974201040588
13648,-4.187625019865244,0.009920974201040588
13649,-6.720318473835251,0.009920974201040588
13650,-6.6124870903514115,0.009920974201040588
13651,-5.393903775844634,0.009920974201040588
13652,-5.442857038475395,0.009920974201040588
13653,-5.889558015768465,0.009920974201040588
13654,-5.122281624088751,0.009920974201040588
13655,-5.400850338728612,0.009920974201040588
13656,-2.2719276636025643,0.009920974201040588
13657,-2.1744048835859053,0.009920974201040588
13658,-5.422359212064189,0.009920974201040588
13659,-5.850014405648999,0.009920974201040588
13660,-5.671752267573133,0.009920974201040588
13661,-5.919436120768996,0.009920974201040588
13662,-5.837112827953895,0.009920974201040588
13663,-5.670840405025439,0.009920974201040588
13664,-4.538230833476956,0.009920974201040588
13665,-3.5005356263190905,0.009920974201040588
13666,-4.963880620247559,0.009920974201040588
13667,-3.500263899470224,0.009920974201040588
13668,-3.733148914335577,0.009920974201040588
13669,-5.1001766940122595,0.009920974201040588
13670,-2.0545363560853698,0.009920974201040588
13671,-5.898549235404936,0.009920974201040588
13672,-5.607139924275749,0.009920974201040588
13673,-2.3183894496039374,0.009920974201040588
13674,-4.427337680560341,0.009920974201040588
13675,-4.638300272864548,0.009920974201040588
13676,-6.026145542200085,0.009920974201040588
13677,-6.8499898465952676,0.009920974201040588
13678,-4.824185856232456,0.009920974201040588
13679,-3.202597562031879,0.009920974201040588
13680,-6.137744410369592,0.009920974201040588
13681,-6.327973315508403,0.009920974201040588
13682,-6.722361089531914,0.009920974201040588
13683,-4.621514297130396,0.009920974201040588
13684,-1.228158929528671,0.009920974201040588
13685,-5.358484042039681,0.009920974201040588
13686,-5.044892659481878,0.009920974201040588
13687,-4.636489149854138,0.009920974201040588
13688,-4.389584820347795,0.009920974201040588
13689,-4.579940009948906,0.009920974201040588
13690,-5.372689812837522,0.009920974201040588
13691,-2.2155842157768797,0.009920974201040588
13692,-3.203148188219834,0.009920974201040588
13693,-3.408474828882982,0.009920974201040588
13694,-4.165311681619862,0.009920974201040588
13695,-6.44627271423042,0.009920974201040588
13696,-1.7802000921728443,0.009920974201040588
13697,-1.9914385005882482,0.009920974201040588
13698,-4.5569726845642915,0.009920974201040588
13699,-5.425432204928137,0.009920974201040588
13700,-5.7030614342479975,0.009920974201040588
13701,-3.5752571854466404,0.009920974201040588
13702,-4.895038933789756,0.009920974201040588
13703,-4.687706666835462,0.009920974201040588
13704,-4.7771241283796595,0.009920974201040588
13705,-6.083987478998444,0.009920974201040588
13706,-5.163110895648428,0.009920974201040588
13707,-4.970179042588225,0.009920974201040588
13708,-5.780000323699243,0.009920974201040588
13709,-5.808827958905034,0.009920974201040588
13710,-5.693055683329709,0.009920974201040588
13711,-2.8270418859607735,0.009920974201040588
13712,-2.220416524347203,0.009920974201040588
13713,-4.4542480023308135,0.009920974201040588
13714,-3.76416116050891,0.009920974201040588
13715,-5.207994370318278,0.009920974201040588
13716,-2.7356271532834007,0.009920974201040588
13717,-6.050436470446723,0.009920974201040588
13718,-2.045549105188851,0.009920974201040588
13719,-6.435252037800869,0.009920974201040588
13720,-2.0765113219867066,0.009920974201040588
13721,-4.325854653564443,0.009920974201040588
13722,-5.746816859258104,0.009920974201040588
13723,-3.1676387071180057,0.009920974201040588
13724,-5.002883030717102,0.009920974201040588
13725,-6.274115344248283,0.009920974201040588
13726,-4.333788361678216,0.009920974201040588
13727,-2.7174499552446125,0.009920974201040588
13728,-5.221549360714523,0.009920974201040588
13729,-2.6813412614908367,0.009920974201040588
13730,-5.944825990685014,0.009920974201040588
13731,-3.1864659157073154,0.009920974201040588
13732,-5.304588287307883,0.009920974201040588
13733,-4.146063274059281,0.009920974201040588
13734,-5.499037284950752,0.009920974201040588
13735,-6.321579028555572,0.009920974201040588
13736,-6.343895992930733,0.009920974201040588
13737,-7.112113832342489,0.009920974201040588
13738,-3.8401336571057674,0.009920974201040588
13739,-7.346529161046588,0.009920974201040588
13740,-5.652338869770369,0.009920974201040588
13741,-5.744286117004116,0.009920974201040588
13742,-5.07984681435447,0.009920974201040588
13743,-3.9125747937202853,0.009920974201040588
13744,-5.544823223683851,0.009920974201040588
13745,-4.530163356812538,0.009920974201040588
13746,-3.7680567151446467,0.009920974201040588
13747,-4.021611160282121,0.009920974201040588
13748,-6.164089398882792,0.009920974201040588
13749,-3.996618988794162,0.009920974201040588
13750,-5.714587576894038,0.009920974201040588
13751,-5.1320864698874455,0.009920974201040588
13752,-5.575381791258939,0.009920974201040588
13753,-4.872198665038763,0.009920974201040588
13754,-6.125109544881507,0.009920974201040588
13755,-1.7213117793300898,0.009920974201040588
13756,-5.457607904915323,0.009920974201040588
13757,-3.114245726436027,0.009920974201040588
13758,-6.8504895022308725,0.009920974201040588
13759,-6.122693242878313,0.009920974201040588
13760,-6.36952301754844,0.009920974201040588
13761,-2.215158271214444,0.009920974201040588
13762,-6.368211520429318,0.009920974201040588
13763,-4.4830144746186615,0.009920974201040588
13764,-2.7855008353022486,0.009920974201040588
13765,-3.7890132471490454,0.009920974201040588
13766,-5.143453344951528,0.009920974201040588
13767,-6.5931940785007015,0.009920974201040588
13768,-2.3238447751727214,0.009920974201040588
13769,-5.649313650439327,0.009920974201040588
13770,-8.183884548859222,0.009920974201040588
13771,-4.641205852965731,0.009920974201040588
13772,-6.063176088219642,0.009920974201040588
13773,-5.711741763235894,0.009920974201040588
13774,-5.062346813321707,0.009920974201040588
13775,-5.2932090393777,0.009920974201040588
13776,-6.6212294211776594,0.009920974201040588
13777,-5.135483358524312,0.009920974201040588
13778,-3.2731148868827793,0.009920974201040588
13779,-6.633914693514212,0.009920974201040588
13780,-6.221815069710908,0.009920974201040588
13781,-1.7414729925288819,0.009920974201040588
13782,-6.0685728112781145,0.009920974201040588
13783,-4.088823109384855,0.009920974201040588
13784,-8.799548671704557,0.009920974201040588
13785,-3.841228654158985,0.009920974201040588
13786,-4.037468073321519,0.009920974201040588
13787,-4.1093832987687104,0.009920974201040588
13788,-5.906331214599273,0.009920974201040588
13789,-5.936809253657868,0.009920974201040588
13790,-3.5126479754977455,0.009920974201040588
13791,-4.65221584383928,0.009920974201040588
13792,-2.061256952444099,0.009920974201040588
13793,-4.713240927458113,0.009920974201040588
13794,-5.525348727875118,0.009920974201040588
13795,-6.67938193288685,0.009920974201040588
13796,-2.4717499972912966,0.009920974201040588
13797,-2.479202244737023,0.009920974201040588
13798,-5.943485456334598,0.009920974201040588
13799,-5.958060365189377,0.009920974201040588
13800,-6.214898147350777,0.009920974201040588
13801,-2.3615919766988567,0.009920974201040588
13802,-7.100599062955828,0.009920974201040588
13803,-4.528950531096628,0.009920974201040588
13804,-4.254156527586768,0.009920974201040588
13805,-6.6243118788965205,0.009920974201040588
13806,-4.913825650251837,0.009920974201040588
13807,-7.592509243029283,0.009920974201040588
13808,-5.013437727058692,0.009920974201040588
13809,-4.298214317403922,0.009920974201040588
13810,-2.474985653944101,0.009920974201040588
13811,-3.9533478839008036,0.009920974201040588
13812,-4.641163285608055,0.009920974201040588
13813,-5.303051231310149,0.009920974201040588
13814,-2.5222644375431633,0.009920974201040588
13815,-3.519726223505705,0.009920974201040588
13816,-3.9645291721776914,0.009920974201040588
13817,-2.5208487006846454,0.009920974201040588
13818,-4.864929026044349,0.009920974201040588
13819,-4.0522885207949635,0.009920974201040588
13820,-6.262476578355791,0.009920974201040588
13821,-5.89756585700035,0.009920974201040588
13822,-3.8147347779816396,0.009920974201040588
13823,-4.3841757061016775,0.009920974201040588
13824,-3.1049263974476986,0.009920974201040588
13825,-5.807876998087274,0.009920974201040588
13826,-6.281605031251154,0.009920974201040588
13827,-6.8063183322821015,0.009920974201040588
13828,-4.0814800339314585,0.009920974201040588
13829,-3.9077920542854576,0.009920974201040588
13830,-7.454531387200452,0.009920974201040588
13831,-3.0949092498602857,0.009920974201040588
13832,-5.854646302188259,0.009920974201040588
13833,-4.699832325410934,0.009920974201040588
13834,-6.652808570346677,0.009920974201040588
13835,-5.066961419180984,0.009920974201040588
13836,-6.120203498166678,0.009920974201040588
13837,-3.9846140140098205,0.009920974201040588
13838,-4.194206336412083,0.009920974201040588
13839,-4.193666073476164,0.009920974201040588
13840,-4.113290080262738,0.009920974201040588
13841,-4.252006429183743,0.009920974201040588
13842,-6.144679113955808,0.009920974201040588
13843,-3.7849232931395305,0.009920974201040588
13844,-4.374555624364886,0.009920974201040588
13845,-4.843703119883699,0.009920974201040588
13846,-3.8364660110540574,0.009920974201040588
13847,-3.7941990238897154,0.009920974201040588
13848,-4.313556219141171,0.009920974201040588
13849,-4.73203559637831,0.009920974201040588
13850,-6.033838919776308,0.009920974201040588
13851,-6.524866568910649,0.009920974201040588
13852,-6.361937084676363,0.009920974201040588
13853,-2.2719276636025643,0.009920974201040588
13854,-2.226050518974461,0.009920974201040588
13855,-6.73467244174782,0.009920974201040588
13856,-7.145138401820128,0.009920974201040588
13857,-5.696016252309376,0.009920974201040588
13858,-6.307059741702685,0.009920974201040588
13859,-6.0872854643502095,0.009920974201040588
13860,-3.2861200375170676,0.009920974201040588
13861,-5.8461514870615705,0.009920974201040588
13862,-3.569343038569614,0.009920974201040588
13863,-4.891643424491491,0.009920974201040588
13864,-4.276103252761514,0.009920974201040588
13865,-3.733148914335577,0.009920974201040588
13866,-6.718372035471747,0.009920974201040588
13867,-5.13126782474928,0.009920974201040588
13868,-6.18249424664695,0.009920974201040588
13869,-2.493327085061876,0.009920974201040588
13870,-5.597744583985348,0.009920974201040588
13871,-2.2982109040691547,0.009920974201040588
13872,-6.909001076264229,0.009920974201040588
13873,-5.947363648057591,0.009920974201040588
13874,-6.5940197366279145,0.009920974201040588
13875,-5.258151939271761,0.009920974201040588
13876,-6.385192133752424,0.009920974201040588
13877,-4.218721966784588,0.009920974201040588
13878,-5.728590462778131,0.009920974201040588
13879,-5.211331218946157,0.009920974201040588
13880,-5.8327321660903655,0.009920974201040588
13881,-1.1489193805566607,0.009920974201040588
13882,-2.4059365829800976,0.009920974201040588
13883,-4.926227977084716,0.009920974201040588
13884,-5.191171312644915,0.009920974201040588
13885,-4.386091970508481,0.009920974201040588
13886,-4.609562087371792,0.009920974201040588
13887,-5.437775808948223,0.009920974201040588
13888,-2.2155842157768797,0.009920974201040588
13889,-5.0551938394906735,0.009920974201040588
13890,-3.408474828882982,0.009920974201040588
13891,-6.463293973105681,0.009920974201040588
13892,-6.497207363550289,0.009920974201040588
13893,-3.5614619821836464,0.009920974201040588
13894,-7.310290084081608,0.009920974201040588
13895,-4.560918907281346,0.009920974201040588
13896,-5.442067123877118,0.009920974201040588
13897,-3.469952350658574,0.009920974201040588
13898,-5.7545623127346195,0.009920974201040588
13899,-5.242390895268224,0.009920974201040588
13900,-5.079387242440006,0.009920974201040588
13901,-5.711921419651455,0.009920974201040588
13902,-2.585029794836903,0.009920974201040588
13903,-4.90468806845768,0.009920974201040588
13904,-2.4302333096329587,0.009920974201040588
13905,-5.116487650238284,0.009920974201040588
13906,-4.88241534965661,0.009920974201040588
13907,-3.7413818345498777,0.009920974201040588
13908,-4.243904128126438,0.009920974201040588
13909,-3.807191580917726,0.009920974201040588
13910,-3.7877296582933733,0.009920974201040588
13911,-3.790315085219702,0.009920974201040588
13912,-3.7735305136479536,0.009920974201040588
13913,-3.6089350948091603,0.009920974201040588
13914,-4.942902607398336,0.009920974201040588
13915,-2.045549105188851,0.009920974201040588
13916,-5.070936089835076,0.009920974201040588
13917,-6.225460598569168,0.009920974201040588
13918,-5.153694276473383,0.009920974201040588
13919,-4.8387471615476425,0.009920974201040588
13920,-5.119594294910925,0.009920974201040588
13921,-5.931123189082852,0.009920974201040588
13922,-4.593990369907549,0.009920974201040588
13923,-4.918183474217854,0.009920974201040588
13924,-4.5265721188739745,0.009920974201040588
13925,-3.945077937987476,0.009920974201040588
13926,-3.7219638026440514,0.009920974201040588
13927,-4.075707428932173,0.009920974201040588
13928,-4.710249340096407,0.009920974201040588
13929,-4.893786195181397,0.009920974201040588
13930,-4.678852244504805,0.009920974201040588
13931,-4.803691025477329,0.009920974201040588
13932,-4.866669214853285,0.009920974201040588
13933,-4.68235549370215,0.009920974201040588
13934,-4.626985192424732,0.009920974201040588
13935,-5.907282068713846,0.009920974201040588
13936,-4.8738564077249285,0.009920974201040588
13937,-4.812265169019678,0.009920974201040588
13938,-5.436475051855149,0.009920974201040588
13939,-5.577912787976629,0.009920974201040588
13940,-4.850696821729841,0.009920974201040588
13941,-5.745345686562671,0.009920974201040588
13942,-3.8590074214885384,0.009920974201040588
13943,-5.101638923571712,0.009920974201040588
13944,-4.790550551776883,0.009920974201040588
13945,-6.481373384143114,0.009920974201040588
13946,-6.108692859763501,0.009920974201040588
13947,-5.898099009737717,0.009920974201040588
13948,-5.655975699734066,0.009920974201040588
13949,-3.832865698344214,0.009920974201040588
13950,-5.8767521953156585,0.009920974201040588
13951,-6.234212911630701,0.009920974201040588
13952,-2.070961093350456,0.009920974201040588
13953,-2.545848879409856,0.009920974201040588
13954,-2.2188957909056617,0.009920974201040588
13955,-5.522301828669037,0.009920974201040588
13956,-2.6011026515194753,0.009920974201040588
13957,-3.28900970217696,0.009920974201040588
13958,-5.341912404495293,0.009920974201040588
13959,-6.945069113388258,0.009920974201040588
13960,-2.922260952387241,0.009920974201040588
13961,-5.848625379490442,0.009920974201040588
13962,-5.358786702917497,0.009920974201040588
13963,-3.1052537734723473,0.009920974201040588
13964,-4.012481496029526,0.009920974201040588
13965,-2.2379103980800346,0.009920974201040588
13966,-4.340334532774918,0.009920974201040588
13967,-1.825724018892784,0.009920974201040588
13968,-3.8116474320085536,0.009920974201040588
13969,-4.532083284427525,0.009920974201040588
13970,-2.537345025521245,0.009920974201040588
13971,-2.5273124795012283,0.009920974201040588
13972,-2.948207757199874,0.009920974201040588
13973,-5.09763316146434,0.009920974201040588
13974,-4.731568113580307,0.009920974201040588
13975,-4.729602819843829,0.009920974201040588
13976,-4.18514668769235,0.009920974201040588
13977,-5.969258278004165,0.009920974201040588
13978,-6.7503790786755,0.009920974201040588
13979,-2.244622638371774,0.009920974201040588
13980,-4.578699705198316,0.009920974201040588
13981,-6.700025672474419,0.009920974201040588
13982,-4.6050984219852555,0.009920974201040588
13983,-5.774649489863007,0.009920974201040588
13984,-6.065660955067649,0.009920974201040588
13985,-5.512243370511918,0.009920974201040588
13986,-3.1999457577616965,0.009920974201040588
13987,-7.462417221042932,0.009920974201040588
13988,-4.956699939665292,0.009920974201040588
13989,-3.4483082030424113,0.009920974201040588
13990,-5.245890352156469,0.009920974201040588
13991,-4.53573124985433,0.009920974201040588
13992,-7.33919361925963,0.009920974201040588
13993,-3.8269443622993555,0.009920974201040588
13994,-2.2578274373428715,0.009920974201040588
13995,-2.5911873907968763,0.009920974201040588
13996,-3.526391819006467,0.009920974201040588
13997,-4.246366738760897,0.009920974201040588
13998,-3.1129700642573885,0.009920974201040588
13999,-2.1624568788647025,0.009920974201040588
14000,-5.748288115724311,0.009920974201040588
14001,-4.003311592379926,0.009920974201040588
14002,-4.08708429120517,0.009920974201040588
14003,-4.661762945113308,0.009920974201040588
14004,-4.072763786756538,0.009920974201040588
14005,-6.367157052876371,0.009920974201040588
14006,-5.420707809733434,0.009920974201040588
14007,-2.8551651209110034,0.009920974201040588
14008,-4.99581626481028,0.009920974201040588
14009,-6.2342001430634175,0.009920974201040588
14010,-6.190985526463985,0.009920974201040588
14011,-1.7038411147246453,0.009920974201040588
14012,-5.985593872480894,0.009920974201040588
14013,-6.917906787451152,0.009920974201040588
14014,-5.200037184385465,0.009920974201040588
14015,-6.382241662497803,0.009920974201040588
14016,-2.6960987328000012,0.009920974201040588
14017,-5.535604742845591,0.009920974201040588
14018,-6.7277702359650435,0.009920974201040588
14019,-5.549568628881191,0.009920974201040588
14020,-3.2155574381623016,0.009920974201040588
14021,-5.5779906049028245,0.009920974201040588
14022,-6.929381734313283,0.009920974201040588
14023,-3.181613602393987,0.009920974201040588
14024,-4.635157845848373,0.009920974201040588
14025,-3.7052407692440443,0.009920974201040588
14026,-3.8613301801620152,0.009920974201040588
14027,-2.0693133893866453,0.009920974201040588
14028,-2.3402957423168345,0.009920974201040588
14029,-2.8918752479588736,0.009920974201040588
14030,-5.246394589871272,0.009920974201040588
14031,-4.59326453040983,0.009920974201040588
14032,-6.111352227194779,0.009920974201040588
14033,-6.181862112868938,0.009920974201040588
14034,-5.225024306351936,0.009920974201040588
14035,-6.982658648205418,0.009920974201040588
14036,-4.253056787875525,0.009920974201040588
14037,-3.9111335536677094,0.009920974201040588
14038,-5.372932392058264,0.009920974201040588
14039,-5.51097504481071,0.009920974201040588
14040,-6.829197069317313,0.009920974201040588
14041,-6.53771225736163,0.009920974201040588
14042,-4.881535280854338,0.009920974201040588
14043,-7.630987144216789,0.009920974201040588
14044,-6.262367538047519,0.009920974201040588
14045,-5.322253576570922,0.009920974201040588
14046,-5.994285330891962,0.009920974201040588
14047,-4.179370414826181,0.009920974201040588
14048,-3.9754772712474833,0.009920974201040588
14049,-2.2685439575662327,0.009920974201040588
14050,-4.757801592876106,0.009920974201040588
14051,-5.112885693920113,0.009920974201040588
14052,-4.191227238685286,0.009920974201040588
14053,-5.544972949219836,0.009920974201040588
14054,-4.376981041261221,0.009920974201040588
14055,-2.46330549024738,0.009920974201040588
14056,-3.5876464205679692,0.009920974201040588
14057,-4.123781922818164,0.009920974201040588
14058,-6.299558039631407,0.009920974201040588
14059,-2.0397768641308804,0.009920974201040588
14060,-2.027782815743423,0.009920974201040588
14061,-2.2528109166525003,0.009920974201040588
14062,-2.8130767551450013,0.009920974201040588
14063,-1.7955876612279247,0.009920974201040588
14064,-4.082024069346275,0.009920974201040588
14065,-2.0927501458812334,0.009920974201040588
14066,-4.9332544061945285,0.009920974201040588
14067,-6.8267033951869305,0.009920974201040588
14068,-6.473091016060101,0.009920974201040588
14069,-4.980665938882749,0.009920974201040588
14070,-4.303308179228462,0.009920974201040588
14071,-5.753991185393522,0.009920974201040588
14072,-5.275324954987807,0.009920974201040588
14073,-4.853532969797762,0.009920974201040588
14074,-2.153534480057087,0.009920974201040588
14075,-5.839379894256938,0.009920974201040588
14076,-2.362448898315722,0.009920974201040588
14077,-4.969498971622496,0.009920974201040588
14078,-4.89293783948092,0.009920974201040588
14079,-6.18557376767161,0.009920974201040588
14080,-5.512639758947724,0.009920974201040588
14081,-2.1643284461725973,0.009920974201040588
14082,-4.157555630118896,0.009920974201040588
14083,-5.6270903656634434,0.009920974201040588
14084,-5.10444481563383,0.009920974201040588
14085,-3.9711049113942702,0.009920974201040588
14086,-3.749215978951998,0.009920974201040588
14087,-2.3468647755304533,0.009920974201040588
14088,-2.7025053878303638,0.009920974201040588
14089,-3.2609452573087188,0.009920974201040588
14090,-2.26448043535133,0.009920974201040588
14091,-1.8705824589209032,0.009920974201040588
14092,-8.011749222605811,0.009920974201040588
14093,-4.136315550983408,0.009920974201040588
14094,-2.6207167294357343,0.009920974201040588
14095,-2.3915657664594066,0.009920974201040588
14096,-4.105821641791612,0.009920974201040588
14097,-4.955602425704868,0.009920974201040588
14098,-4.633532925645787,0.009920974201040588
14099,-2.6652772813883865,0.009920974201040588
14100,-2.8046097665789125,0.009920974201040588
14101,-6.115420051553919,0.009920974201040588
14102,-6.753227914779402,0.009920974201040588
14103,-4.378806921414334,0.009920974201040588
14104,-5.305333461066616,0.009920974201040588
14105,-2.777231171899148,0.009920974201040588
14106,-4.071470194760181,0.009920974201040588
14107,-4.16058462382812,0.009920974201040588
14108,-4.304900774584887,0.009920974201040588
14109,-4.258464568763216,0.009920974201040588
14110,-5.534064143445319,0.009920974201040588
14111,-7.590971909479186,0.009920974201040588
14112,-7.287699961374013,0.009920974201040588
14113,-6.535563215923423,0.009920974201040588
14114,-5.35697956451823,0.009920974201040588
14115,-4.780800450418984,0.009920974201040588
14116,-6.509589376939749,0.009920974201040588
14117,-4.543151833536396,0.009920974201040588
14118,-5.230512314850385,0.009920974201040588
14119,-4.876077379668207,0.009920974201040588
14120,-4.50448149778115,0.009920974201040588
14121,-4.2322800842044845,0.009920974201040588
14122,-4.285726373007881,0.009920974201040588
14123,-5.606369349344714,0.009920974201040588
14124,-4.081089415927912,0.009920974201040588
14125,-4.917191919299665,0.009920974201040588
14126,-4.483682164573978,0.009920974201040588
14127,-4.235340319517781,0.009920974201040588
14128,-4.517582031974243,0.009920974201040588
14129,-4.583904000439671,0.009920974201040588
14130,-5.92955241240606,0.009920974201040588
14131,-6.156891099448751,0.009920974201040588
14132,-4.429562938441078,0.009920974201040588
14133,-5.521400918002468,0.009920974201040588
14134,-4.357533878217604,0.009920974201040588
14135,-4.565344910736348,0.009920974201040588
14136,-4.440675133814648,0.009920974201040588
14137,-5.330520802905833,0.009920974201040588
14138,-4.618065432528708,0.009920974201040588
14139,-5.489394410025209,0.009920974201040588
14140,-4.59457725473767,0.009920974201040588
14141,-3.593611414776859,0.009920974201040588
14142,-5.4675152862082586,0.009920974201040588
14143,-5.500202071333268,0.009920974201040588
14144,-7.568125093470243,0.009920974201040588
14145,-2.3341775648145417,0.009920974201040588
14146,-4.012035512642537,0.009920974201040588
14147,-3.9923125592327535,0.009920974201040588
14148,-4.584532525071413,0.009920974201040588
14149,-6.281536826431392,0.009920974201040588
14150,-4.7317596987833195,0.009920974201040588
14151,-4.916978155643296,0.009920974201040588
14152,-4.623682203560311,0.009920974201040588
14153,-6.045737830984194,0.009920974201040588
14154,-4.967824707721411,0.009920974201040588
14155,-4.363241854071283,0.009920974201040588
14156,-5.555562712389791,0.009920974201040588
14157,-4.674727503859305,0.009920974201040588
14158,-4.544688733752962,0.009920974201040588
14159,-5.509233241865955,0.009920974201040588
14160,-4.582420689619047,0.009920974201040588
14161,-5.504122868221478,0.009920974201040588
14162,-4.925027367898073,0.009920974201040588
14163,-5.579238125088411,0.009920974201040588
14164,-3.7948615500097636,0.009920974201040588
14165,-2.145026105187138,0.009920974201040588
14166,-6.390042532632947,0.009920974201040588
14167,-7.618223015865832,0.009920974201040588
14168,-4.937807116655092,0.009920974201040588
14169,-6.187574589677158,0.009920974201040588
14170,-5.432612836833429,0.009920974201040588
14171,-6.0166108214217955,0.009920974201040588
14172,-3.8710075845452065,0.009920974201040588
14173,-6.001140140591286,0.009920974201040588
14174,-6.609243378995734,0.009920974201040588
14175,-5.601685659395349,0.009920974201040588
14176,-4.787405972937808,0.009920974201040588
14177,-5.131464482185995,0.009920974201040588
14178,-6.679594712989031,0.009920974201040588
14179,-5.377882009279048,0.009920974201040588
14180,-5.313560169323148,0.009920974201040588
14181,-3.9743089658649824,0.009920974201040588
14182,-6.637767048782023,0.009920974201040588
14183,-7.192971956030754,0.009920974201040588
14184,-5.701161523869177,0.009920974201040588
14185,-5.245173798550766,0.009920974201040588
14186,-2.851497505966551,0.009920974201040588
14187,-4.5640514943856,0.009920974201040588
14188,-2.817990335201687,0.009920974201040588
14189,-4.987620274425469,0.009920974201040588
14190,-5.842755386483187,0.009920974201040588
14191,-4.422084774757906,0.009920974201040588
14192,-4.418219045123886,0.009920974201040588
14193,-5.4060865547819965,0.009920974201040588
14194,-4.140749400137784,0.009920974201040588
14195,-2.276713384932287,0.009920974201040588
14196,-4.493873931727455,0.009920974201040588
14197,-5.484002813910143,0.009920974201040588
14198,-6.006075077735016,0.009920974201040588
14199,-4.298143289488454,0.009920974201040588
14200,-5.101556317163258,0.009920974201040588
14201,-5.24397488679771,0.009920974201040588
14202,-4.2601460838027565,0.009920974201040588
14203,-4.151996104440705,0.009920974201040588
14204,-3.423630804225339,0.009920974201040588
14205,-7.718795007011927,0.009920974201040588
14206,-2.8838616597330224,0.009920974201040588
14207,-5.973958540579153,0.009920974201040588
14208,-4.415444629565011,0.009920974201040588
14209,-4.560556932436601,0.009920974201040588
14210,-4.13274292595845,0.009920974201040588
14211,-4.109071855671395,0.009920974201040588
14212,-5.289369897437384,0.009920974201040588
14213,-4.7422209192701645,0.009920974201040588
14214,-6.43045870322136,0.009920974201040588
14215,-4.536484588762975,0.009920974201040588
14216,-4.722985541935385,0.009920974201040588
14217,-4.548309457099283,0.009920974201040588
14218,-4.201497560682954,0.009920974201040588
14219,-3.600251112278605,0.009920974201040588
14220,-4.39803348051079,0.009920974201040588
14221,-5.2826299121503135,0.009920974201040588
14222,-5.862509374774465,0.009920974201040588
14223,-6.1934695365807295,0.009920974201040588
14224,-6.587453169143753,0.009920974201040588
14225,-5.453796549917843,0.009920974201040588
14226,-5.136443112799055,0.009920974201040588
14227,-5.344088509204541,0.009920974201040588
14228,-6.234372157049814,0.009920974201040588
14229,-4.293931394560399,0.009920974201040588
14230,-5.281784821038356,0.009920974201040588
14231,-7.340176092920429,0.009920974201040588
14232,-5.406092686914009,0.009920974201040588
14233,-6.724503592426381,0.009920974201040588
14234,-5.701268650632324,0.009920974201040588
14235,-4.967249287302682,0.009920974201040588
14236,-4.5943844042783635,0.009920974201040588
14237,-4.298624963010944,0.009920974201040588
14238,-5.4620091261839105,0.009920974201040588
14239,-4.340130587727188,0.009920974201040588
14240,-4.979399163883123,0.009920974201040588
14241,-6.047179361666204,0.009920974201040588
14242,-2.268692106494541,0.009920974201040588
14243,-2.3477275675301037,0.009920974201040588
14244,-2.433711371573491,0.009920974201040588
14245,-5.054643526946913,0.009920974201040588
14246,-2.6011026515194753,0.009920974201040588
14247,-6.883384676732254,0.009920974201040588
14248,-3.762455300131345,0.009920974201040588
14249,-4.4143169534926034,0.009920974201040588
14250,-5.345418252836977,0.009920974201040588
14251,-2.086280141446144,0.009920974201040588
14252,-6.387781549768182,0.009920974201040588
14253,-2.686424427516147,0.009920974201040588
14254,-5.923392250451561,0.009920974201040588
14255,-2.4787015692634613,0.009920974201040588
14256,-2.366166248050524,0.009920974201040588
14257,-1.825724018892784,0.009920974201040588
14258,-1.7984935479646953,0.009920974201040588
14259,-6.363315669898456,0.009920974201040588
14260,-5.347800831059356,0.009920974201040588
14261,-2.6264196044833517,0.009920974201040588
14262,-5.894002033332061,0.009920974201040588
14263,-5.162912695065203,0.009920974201040588
14264,-2.455540855963467,0.009920974201040588
14265,-3.51116272873607,0.009920974201040588
14266,-5.0461375110262345,0.009920974201040588
14267,-3.7352585402897303,0.009920974201040588
14268,-5.945292660234544,0.009920974201040588
14269,-6.150702648571478,0.009920974201040588
14270,-4.532544421744346,0.009920974201040588
14271,-3.6502708382546625,0.009920974201040588
14272,-4.7666660539273575,0.009920974201040588
14273,-6.498196953164799,0.009920974201040588
14274,-4.2009006970586995,0.009920974201040588
14275,-6.270854537066462,0.009920974201040588
14276,-3.1999457577616965,0.009920974201040588
14277,-6.901223094666381,0.009920974201040588
14278,-2.004762288254365,0.009920974201040588
14279,-5.711108284283705,0.009920974201040588
14280,-6.52224266659822,0.009920974201040588
14281,-4.535238745856052,0.009920974201040588
14282,-5.622116233424134,0.009920974201040588
14283,-1.6471228246622713,0.009920974201040588
14284,-4.028275829833558,0.009920974201040588
14285,-2.5497129230968234,0.009920974201040588
14286,-3.5375806506576524,0.009920974201040588
14287,-5.2090367636967745,0.009920974201040588
14288,-5.244724648561902,0.009920974201040588
14289,-4.96882274096642,0.009920974201040588
14290,-7.883916128190311,0.009920974201040588
14291,-4.477371705269173,0.009920974201040588
14292,-4.0250456312789185,0.009920974201040588
14293,-2.8560313303737983,0.009920974201040588
14294,-5.087370246573369,0.009920974201040588
14295,-6.303526811504508,0.009920974201040588
14296,-5.179253914501916,0.009920974201040588
14297,-2.79460425993188,0.009920974201040588
14298,-6.217098299272266,0.009920974201040588
14299,-4.644980840605458,0.009920974201040588
14300,-4.955917388688762,0.009920974201040588
14301,-4.139520101475675,0.009920974201040588
14302,-5.905925499063737,0.009920974201040588
14303,-3.221155011966631,0.009920974201040588
14304,-5.405720377967996,0.009920974201040588
14305,-4.632889719523424,0.009920974201040588
14306,-2.6029369857623297,0.009920974201040588
14307,-4.085400821331467,0.009920974201040588
14308,-2.1505727504353698,0.009920974201040588
14309,-2.0477709874362016,0.009920974201040588
14310,-5.4357353320650015,0.009920974201040588
14311,-5.867136343877499,0.009920974201040588
14312,-4.041329409004594,0.009920974201040588
14313,-6.1372777097059075,0.009920974201040588
14314,-4.2730297574342515,0.009920974201040588
14315,-4.1485864352171715,0.009920974201040588
14316,-6.169629094564893,0.009920974201040588
14317,-6.87846526676608,0.009920974201040588
14318,-4.235413665031479,0.009920974201040588
14319,-3.9429092586219348,0.009920974201040588
14320,-4.232242453775967,0.009920974201040588
14321,-2.1762033703142065,0.009920974201040588
14322,-6.517089818485479,0.009920974201040588
14323,-4.473006800125324,0.009920974201040588
14324,-2.0782387092412447,0.009920974201040588
14325,-6.417905053529941,0.009920974201040588
14326,-7.172397604432058,0.009920974201040588
14327,-4.360556544882505,0.009920974201040588
14328,-4.2989992726210104,0.009920974201040588
14329,-4.421793800540232,0.009920974201040588
14330,-4.402735785619933,0.009920974201040588
14331,-5.075073694906238,0.009920974201040588
14332,-5.005245579634757,0.009920974201040588
14333,-6.6695841692102515,0.009920974201040588
14334,-3.6914563163804255,0.009920974201040588
14335,-5.236147064790373,0.009920974201040588
14336,-5.384480758420276,0.009920974201040588
14337,-3.71860442346368,0.009920974201040588
14338,-6.211554102112122,0.009920974201040588
14339,-7.9880328626724975,0.009920974201040588
14340,-3.67594193436988,0.009920974201040588
14341,-3.3932378962690066,0.009920974201040588
14342,-6.414721033427029,0.009920974201040588
14343,-2.172958395987201,0.009920974201040588
14344,-4.300742884073146,0.009920974201040588
14345,-3.876685364719905,0.009920974201040588
14346,-5.691771407516491,0.009920974201040588
14347,-6.589435292772333,0.009920974201040588
14348,-2.912718983792121,0.009920974201040588
14349,-4.020635325676257,0.009920974201040588
14350,-8.23105810689513,0.009920974201040588
14351,-4.711308291617019,0.009920974201040588
14352,-7.816541257499165,0.009920974201040588
14353,-5.406280623497148,0.009920974201040588
14354,-7.587544079833552,0.009920974201040588
14355,-2.414504415970291,0.009920974201040588
14356,-3.4921324437497088,0.009920974201040588
14357,-7.266492278126709,0.009920974201040588
14358,-2.0588475443938252,0.009920974201040588
14359,-6.291862110546755,0.009920974201040588
14360,-1.6854943794087711,0.009920974201040588
14361,-4.667392355842942,0.009920974201040588
14362,-5.692076009299326,0.009920974201040588
14363,-4.917914807322344,0.009920974201040588
14364,-5.855716449469534,0.009920974201040588
14365,-7.879368240768976,0.009920974201040588
14366,-3.994498126973179,0.009920974201040588
14367,-6.331363001431013,0.009920974201040588
14368,-5.70146714924264,0.009920974201040588
14369,-5.404066495319219,0.009920974201040588
14370,-6.328241001634417,0.009920974201040588
14371,-3.1527939720214926,0.009920974201040588
14372,-5.327295219796293,0.009920974201040588
14373,-5.5542999744002,0.009920974201040588
14374,-2.8971662010638806,0.009920974201040588
14375,-5.850347415196379,0.009920974201040588
14376,-6.4406327127467256,0.009920974201040588
14377,-5.99162822451527,0.009920974201040588
14378,-4.64268305841366,0.009920974201040588
14379,-4.951438930889712,0.009920974201040588
14380,-7.136874438090867,0.009920974201040588
14381,-4.329048957078475,0.009920974201040588
14382,-4.747295935433181,0.009920974201040588
14383,-2.072640475990083,0.009920974201040588
14384,-6.864093481886791,0.009920974201040588
14385,-2.951122338112393,0.009920974201040588
14386,-7.84940302282642,0.009920974201040588
14387,-5.614941408888398,0.009920974201040588
14388,-5.825484256505122,0.009920974201040588
14389,-5.341138971735015,0.009920974201040588
14390,-2.552526171424577,0.009920974201040588
14391,-3.5506644797090985,0.009920974201040588
14392,-5.110528331079402,0.009920974201040588
14393,-4.092680672910741,0.009920974201040588
14394,-7.0946852855979685,0.009920974201040588
14395,-4.384596058171567,0.009920974201040588
14396,-4.2846466686644025,0.009920974201040588
14397,-5.018420315552783,0.009920974201040588
14398,-4.513846035943389,0.009920974201040588
14399,-5.169115388000204,0.009920974201040588
14400,-5.770125273473025,0.009920974201040588
14401,-5.927304272422515,0.009920974201040588
14402,-5.794462264234928,0.009920974201040588
14403,-5.709963925014927,0.009920974201040588
14404,-7.620576171424599,0.009920974201040588
14405,-4.978463710677563,0.009920974201040588
14406,-4.730832119783676,0.009920974201040588
14407,-4.622128326466594,0.009920974201040588
14408,-4.682470353718345,0.009920974201040588
14409,-4.455863696656901,0.009920974201040588
14410,-6.118901954500091,0.009920974201040588
14411,-5.252808758375783,0.009920974201040588
14412,-4.3200577992785725,0.009920974201040588
14413,-4.4055512256148,0.009920974201040588
14414,-5.385303844084941,0.009920974201040588
14415,-4.494532430410926,0.009920974201040588
14416,-4.665698156245689,0.009920974201040588
14417,-2.811499565694255,0.009920974201040588
14418,-5.289307355311746,0.009920974201040588
14419,-6.441954782245697,0.009920974201040588
14420,-4.705525291126863,0.009920974201040588
14421,-5.8239923057035865,0.009920974201040588
14422,-2.6807715950166977,0.009920974201040588
14423,-4.874634964310644,0.009920974201040588
14424,-5.17678796268881,0.009920974201040588
14425,-6.02174473136746,0.009920974201040588
14426,-4.587570754457536,0.009920974201040588
14427,-4.517189896799799,0.009920974201040588
14428,-5.648997858533076,0.009920974201040588
14429,-2.8135352678465124,0.009920974201040588
14430,-4.903706524388594,0.009920974201040588
14431,-2.6055610267621674,0.009920974201040588
14432,-5.4323944483047075,0.009920974201040588
14433,-4.891212601627954,0.009920974201040588
14434,-5.617573974553864,0.009920974201040588
14435,-4.702959204148529,0.009920974201040588
14436,-1.9536935510434634,0.009920974201040588
14437,-2.226050518974461,0.009920974201040588
14438,-6.45799912845544,0.009920974201040588
14439,-4.193358709455804,0.009920974201040588
14440,-5.256285522137847,0.009920974201040588
14441,-6.127678087741702,0.009920974201040588
14442,-2.141405228264734,0.009920974201040588
14443,-5.887360637656868,0.009920974201040588
14444,-4.247771488167443,0.009920974201040588
14445,-3.674136853378646,0.009920974201040588
14446,-6.2097328024924545,0.009920974201040588
14447,-5.2968263070969925,0.009920974201040588
14448,-3.733148914335577,0.009920974201040588
14449,-6.47388807163132,0.009920974201040588
14450,-2.0545363560853698,0.009920974201040588
14451,-6.488180717095307,0.009920974201040588
14452,-6.984045731135005,0.009920974201040588
14453,-6.103897871388607,0.009920974201040588
14454,-5.221044855105338,0.009920974201040588
14455,-5.704358594180883,0.009920974201040588
14456,-6.135696129939166,0.009920974201040588
14457,-7.58368030561373,0.009920974201040588
14458,-5.088432104697239,0.009920974201040588
14459,-3.202597562031879,0.009920974201040588
14460,-6.137744410369592,0.009920974201040588
14461,-5.639791880505493,0.009920974201040588
14462,-4.654526172895865,0.009920974201040588
14463,-1.9093042384213401,0.009920974201040588
14464,-1.1489193805566607,0.009920974201040588
14465,-2.4059365829800976,0.009920974201040588
14466,-4.926227977084716,0.009920974201040588
14467,-4.817248668970581,0.009920974201040588
14468,-4.393472691047,0.009920974201040588
14469,-4.785937292740715,0.009920974201040588
14470,-5.724626927366216,0.009920974201040588
14471,-4.484453567367945,0.009920974201040588
14472,-5.164194527563273,0.009920974201040588
14473,-5.897321260668862,0.009920974201040588
14474,-4.586731745115987,0.009920974201040588
14475,-3.574980240063488,0.009920974201040588
14476,-4.105078034045766,0.009920974201040588
14477,-4.999636927153204,0.009920974201040588
14478,-1.6606225121825235,0.009920974201040588
14479,-5.3625244786329365,0.009920974201040588
14480,-3.4094670703351557,0.009920974201040588
14481,-7.623557800843283,0.009920974201040588
14482,-4.268814655536335,0.009920974201040588
14483,-4.17584342273267,0.009920974201040588
14484,-6.601775938723479,0.009920974201040588
14485,-4.5194372956444875,0.009920974201040588
14486,-5.839363175501424,0.009920974201040588
14487,-5.711650761196946,0.009920974201040588
14488,-5.700269589994246,0.009920974201040588
14489,-3.9199083803927577,0.009920974201040588
14490,-2.1457187115732546,0.009920974201040588
14491,-5.279327807110068,0.009920974201040588
14492,-5.226310120618238,0.009920974201040588
14493,-2.1587576822836096,0.009920974201040588
14494,-4.8943859198454,0.009920974201040588
14495,-4.514104006889714,0.009920974201040588
14496,-6.2328052324284755,0.009920974201040588
14497,-5.230359885266125,0.009920974201040588
14498,-4.883574250612366,0.009920974201040588
14499,-3.1643067656374875,0.009920974201040588
14500,-3.1483110429340506,0.009920974201040588
14501,-2.63462144169434,0.009920974201040588
14502,-4.435015403668449,0.009920974201040588
14503,-3.7520817966836093,0.009920974201040588
14504,-6.845703443214584,0.009920974201040588
14505,-5.678303140321393,0.009920974201040588
14506,-4.407756084170871,0.009920974201040588
14507,-4.746330686001085,0.009920974201040588
14508,-5.098648316243059,0.009920974201040588
14509,-5.4151731717109595,0.009920974201040588
14510,-3.8000520448314283,0.009920974201040588
14511,-4.2764366799686915,0.009920974201040588
14512,-3.6943958010514955,0.009920974201040588
14513,-4.5337298217304305,0.009920974201040588
14514,-4.639059444296062,0.009920974201040588
14515,-4.5970304772674515,0.009920974201040588
14516,-7.032676680338485,0.009920974201040588
14517,-4.626985192424732,0.009920974201040588
14518,-5.858657825400044,0.009920974201040588
14519,-4.8738564077249285,0.009920974201040588
14520,-6.05570086054597,0.009920974201040588
14521,-5.185122131165501,0.009920974201040588
14522,-7.057471049179588,0.009920974201040588
14523,-2.6998544677326417,0.009920974201040588
14524,-7.064177167340101,0.009920974201040588
14525,-3.997714989826094,0.009920974201040588
14526,-5.562212199431867,0.009920974201040588
14527,-6.07554874765475,0.009920974201040588
14528,-6.070946736501069,0.009920974201040588
14529,-5.9094389943574495,0.009920974201040588
14530,-4.2026539674344505,0.009920974201040588
14531,-6.449908309185922,0.009920974201040588
14532,-5.899938476252057,0.009920974201040588
14533,-4.753496351304457,0.009920974201040588
14534,-6.129081881900001,0.009920974201040588
14535,-1.7213117793300898,0.009920974201040588
14536,-2.807675461239865,0.009920974201040588
14537,-1.694089789638904,0.009920974201040588
14538,-5.4519071670009875,0.009920974201040588
14539,-5.375626522769122,0.009920974201040588
14540,-5.050654229987216,0.009920974201040588
14541,-2.215158271214444,0.009920974201040588
14542,-6.166640982798953,0.009920974201040588
14543,-2.4755600186878524,0.009920974201040588
14544,-5.053760413120686,0.009920974201040588
14545,-3.7890132471490454,0.009920974201040588
14546,-5.143453344951528,0.009920974201040588
14547,-5.734340938256746,0.009920974201040588
14548,-2.505814502060557,0.009920974201040588
14549,-4.471801676717228,0.009920974201040588
14550,-6.4929227418706805,0.009920974201040588
14551,-6.852797847634697,0.009920974201040588
14552,-1.9714084073746119,0.009920974201040588
14553,-2.0176186874268165,0.009920974201040588
14554,-5.3875451161975985,0.009920974201040588
14555,-6.164518823271177,0.009920974201040588
14556,-6.6212294211776594,0.009920974201040588
14557,-4.246918749429588,0.009920974201040588
14558,-3.016328144494948,0.009920974201040588
14559,-2.914642933200903,0.009920974201040588
14560,-5.638057733511005,0.009920974201040588
14561,-1.7414729925288819,0.009920974201040588
14562,-5.934297573195716,0.009920974201040588
14563,-6.026550572725171,0.009920974201040588
14564,-3.32223601418336,0.009920974201040588
14565,-3.841228654158985,0.009920974201040588
14566,-4.389315759390396,0.009920974201040588
14567,-4.380419440515315,0.009920974201040588
14568,-5.984597116534782,0.009920974201040588
14569,-6.014655515053674,0.009920974201040588
14570,-3.84398388997468,0.009920974201040588
14571,-7.82392683733506,0.009920974201040588
14572,-4.802841291305559,0.009920974201040588
14573,-4.598396408392877,0.009920974201040588
14574,-4.576969272632567,0.009920974201040588
14575,-3.9012169343448586,0.009920974201040588
14576,-4.359011327176496,0.009920974201040588
14577,-4.75196867018698,0.009920974201040588
14578,-4.7837986505374985,0.009920974201040588
14579,-3.87420875341166,0.009920974201040588
14580,-3.9851775372347036,0.009920974201040588
14581,-3.716768194661715,0.009920974201040588
14582,-3.9195921556626527,0.009920974201040588
14583,-3.921239364475201,0.009920974201040588
14584,-2.319864155888833,0.009920974201040588
14585,-3.9462248474416506,0.009920974201040588
14586,-3.698468619052772,0.009920974201040588
14587,-6.943396228617684,0.009920974201040588
14588,-5.49262798511849,0.009920974201040588
14589,-5.456669867309285,0.009920974201040588
14590,-8.379375781634335,0.009920974201040588
14591,-4.707623868213021,0.009920974201040588
14592,-5.244773606493327,0.009920974201040588
14593,-5.303051231310149,0.009920974201040588
14594,-4.434792393907363,0.009920974201040588
14595,-4.473471156835251,0.009920974201040588
14596,-5.891104077161896,0.009920974201040588
14597,-5.650540467196501,0.009920974201040588
14598,-4.024377913853554,0.009920974201040588
14599,-6.128081088195875,0.009920974201040588
14600,-4.418928277860617,0.009920974201040588
14601,-3.9317945721687986,0.009920974201040588
14602,-3.8147347779816396,0.009920974201040588
14603,-4.138537703836185,0.009920974201040588
14604,-4.120182344218197,0.009920974201040588
14605,-3.999626231697422,0.009920974201040588
14606,-4.159313582950181,0.009920974201040588
14607,-4.780751544288333,0.009920974201040588
14608,-4.0814800339314585,0.009920974201040588
14609,-3.9077920542854576,0.009920974201040588
14610,-3.8729742097708453,0.009920974201040588
14611,-4.6351958931665616,0.009920974201040588
14612,-4.6044817633203525,0.009920974201040588
14613,-3.667821083988262,0.009920974201040588
14614,-4.182326566546079,0.009920974201040588
14615,-4.051995164989626,0.009920974201040588
14616,-3.860042088735299,0.009920974201040588
14617,-3.9846140140098205,0.009920974201040588
14618,-4.194206336412083,0.009920974201040588
14619,-5.157122076474652,0.009920974201040588
14620,-4.07702604849571,0.009920974201040588
14621,-4.252006429183743,0.009920974201040588
14622,-4.87481445222954,0.009920974201040588
14623,-6.186194116972045,0.009920974201040588
14624,-4.94116172110539,0.009920974201040588
14625,-5.800484222542348,0.009920974201040588
14626,-6.172357342280238,0.009920974201040588
14627,-3.805078233419824,0.009920974201040588
14628,-4.324435428671279,0.009920974201040588
14629,-6.21367753879495,0.009920974201040588
14630,-4.455372027094358,0.009920974201040588
14631,-3.9909502432320627,0.009920974201040588
14632,-5.060090864432945,0.009920974201040588
