episode,reward,epsilon
1,-2.9874573731516536,0.999
2,-5.153077798617384,0.998001
3,-3.9648121702528303,0.997002999
4,-2.940994887889748,0.996005996001
5,-3.0154674130187784,0.995009990004999
6,-1.6376691606180658,0.994014980014994
7,-7.386961469507433,0.993020965034979
8,-3.866717658971246,0.9920279440699441
9,-2.310327072627085,0.9910359161258742
10,-3.866956980717252,0.9900448802097482
11,-6.383553750563195,0.9890548353295385
12,-3.735689465749884,0.988065780494209
13,-3.8436122444601377,0.9870777147137147
14,-3.412154466964737,0.986090636999001
15,-7.439375464280771,0.9851045463620021
16,-8.394177191585914,0.98411944181564
17,-3.6154630269781887,0.9831353223738244
18,-4.693826606852102,0.9821521870514506
19,-3.672187598501237,0.9811700348643991
20,-4.526357867376436,0.9801888648295347
21,-4.192375058646592,0.9792086759647052
22,-8.237582625821167,0.9782294672887405
23,-1.6451121892355975,0.9772512378214517
24,-6.749022964940632,0.9762739865836303
25,-2.3391744623955066,0.9752977125970467
26,-7.53730910894493,0.9743224148844496
27,-5.267194143424817,0.9733480924695651
28,-2.543989838899227,0.9723747443770956
29,-6.440903173109531,0.9714023696327185
30,-5.0571674244864555,0.9704309672630859
31,-2.642265310091983,0.9694605362958227
32,-8.601007359576602,0.9684910757595269
33,-7.061247539392088,0.9675225846837673
34,-8.143662581610386,0.9665550620990835
35,-5.660446333887754,0.9655885070369844
36,-8.911400345269763,0.9646229185299474
37,-6.34354932414908,0.9636582956114175
38,-8.320000080616007,0.9626946373158061
39,-8.175543190157232,0.9617319426784903
40,-6.196440910155674,0.9607702107358118
41,-6.917416313882834,0.959809440525076
42,-2.8753583747316305,0.9588496310845509
43,-6.76141561058259,0.9578907814534664
44,-6.594020604233358,0.9569328906720129
45,-7.07322592474129,0.9559759577813409
46,-7.021459315953644,0.9550199818235596
47,-8.61126577251081,0.9540649618417361
48,-7.683646381500546,0.9531108968798944
49,-6.052241010451871,0.9521577859830145
50,-6.027591360752645,0.9512056281970315
51,-3.4833305499691507,0.9502544225688344
52,-8.469568810434021,0.9493041681462656
53,-2.6928792237503276,0.9483548639781193
54,-6.622616046695105,0.9474065091141411
55,-6.035128954350223,0.946459102605027
56,-6.557264916494897,0.9455126435024219
57,-2.727160459551903,0.9445671308589195
58,-9.663153453081385,0.9436225637280606
59,-8.483802322890428,0.9426789411643326
60,-5.6242064308022135,0.9417362622231683
61,-7.750109765524462,0.9407945259609451
62,-5.206041001399512,0.9398537314349842
63,-8.706384095268975,0.9389138777035492
64,-6.233152104162629,0.9379749638258457
65,-5.350930027821488,0.9370369888620198
66,-7.898966271922239,0.9360999518731578
67,-6.033135352622456,0.9351638519212846
68,-5.678947442864427,0.9342286880693633
69,-6.763318142398414,0.933294459381294
70,-8.804586383218114,0.9323611649219127
71,-9.390788525089109,0.9314288037569908
72,-7.423684350266565,0.9304973749532338
73,-7.394185754352816,0.9295668775782806
74,-5.526473450503097,0.9286373107007023
75,-6.640209289401447,0.9277086733900016
76,-8.044206412043772,0.9267809647166116
77,-6.863234089559738,0.925854183751895
78,-5.056509019732603,0.9249283295681431
79,-7.70720873947574,0.9240034012385749
80,-7.560703447822398,0.9230793978373364
81,-7.315824668303381,0.9221563184394991
82,-5.704371103894937,0.9212341621210596
83,-6.929403285430889,0.9203129279589385
84,-5.752758620144391,0.9193926150309796
85,-4.986716887199992,0.9184732224159486
86,-8.631983818608923,0.9175547491935327
87,-8.170331442583313,0.9166371944443392
88,-7.767472267328124,0.9157205572498949
89,-5.7684849463786065,0.914804836692645
90,-6.830875451187845,0.9138900318559524
91,-6.689615335773663,0.9129761418240965
92,-9.349972797500385,0.9120631656822724
93,-9.09413905942958,0.9111511025165902
94,-7.547407129595479,0.9102399514140735
95,-2.4811619008796386,0.9093297114626595
96,-2.7319096388518305,0.9084203817511969
97,-7.296217469072017,0.9075119613694457
98,-3.511688115742064,0.9066044494080763
99,-3.6936171047691335,0.9056978449586682
100,-2.1793451776265096,0.9047921471137096
101,-5.825041815538537,0.9038873549665959
102,-2.5844855826944055,0.9029834676116293
103,-6.690998183841359,0.9020804841440176
104,-2.8801775071597895,0.9011784036598737
105,-3.6761479595329205,0.9002772252562138
106,-7.94919685534621,0.8993769480309576
107,-4.872169966466597,0.8984775710829266
108,-5.392215385867091,0.8975790935118436
109,-5.351238726493426,0.8966815144183318
110,-7.685721696769159,0.8957848329039134
111,-5.9254083905983865,0.8948890480710096
112,-5.751996369546032,0.8939941590229386
113,-8.253471325828036,0.8931001648639156
114,-5.249090824569349,0.8922070646990518
115,-5.027311719492909,0.8913148576343527
116,-2.499012244544845,0.8904235427767183
117,-3.3705586822974296,0.8895331192339416
118,-6.823766136112679,0.8886435861147077
119,-6.084235735093957,0.887754942528593
120,-2.063155148646548,0.8868671875860644
121,-7.606528383985587,0.8859803203984784
122,-6.037123435483322,0.88509434007808
123,-9.649431786202065,0.8842092457380019
124,-6.085197080373058,0.8833250364922639
125,-5.239743451552172,0.8824417114557717
126,-7.457027374912222,0.8815592697443159
127,-4.825023708697623,0.8806777104745716
128,-5.416432616713503,0.8797970327640969
129,-5.858102209390054,0.8789172357313328
130,-7.041018000382544,0.8780383184956015
131,-6.015394158994885,0.8771602801771059
132,-8.420913367633812,0.8762831198969288
133,-5.121878224066055,0.8754068367770318
134,-8.460954144586157,0.8745314299402548
135,-7.686096804774001,0.8736568985103146
136,-6.138942181656555,0.8727832416118043
137,-6.780699844961849,0.8719104583701925
138,-7.043137077269291,0.8710385479118223
139,-7.2093383286810155,0.8701675093639105
140,-3.317342584187848,0.8692973418545467
141,-7.57769610777864,0.8684280445126921
142,-5.158248515154202,0.8675596164681794
143,-5.1625160552389655,0.8666920568517111
144,-6.070172547113345,0.8658253647948594
145,-5.509617703213747,0.8649595394300645
146,-5.780602915660985,0.8640945798906344
147,-5.969719858423222,0.8632304853107438
148,-6.210077598848516,0.862367254825433
149,-5.17893451292534,0.8615048875706075
150,-8.31104711535485,0.8606433826830369
151,-6.025185349521681,0.8597827393003539
152,-6.681826352879861,0.8589229565610536
153,-7.051677298558312,0.8580640336044925
154,-7.2766970514930716,0.857205969570888
155,-3.794356320349493,0.8563487636013172
156,-6.20980204940113,0.8554924148377159
157,-6.278007152448147,0.8546369224228781
158,-5.743659345119153,0.8537822855004553
159,-5.0105032628240025,0.8529285032149548
160,-6.590355664579389,0.8520755747117399
161,-8.471379271388187,0.8512234991370281
162,-5.369089566590103,0.8503722756378911
163,-7.433799022378176,0.8495219033622532
164,-7.048826213297268,0.8486723814588909
165,-6.198038872911075,0.847823709077432
166,-6.695488743549779,0.8469758853683546
167,-7.378557597882083,0.8461289094829862
168,-5.5547616692049875,0.8452827805735033
169,-5.745647017672113,0.8444374977929298
170,-6.837122219445829,0.8435930602951368
171,-3.1992976210770157,0.8427494672348417
172,-7.610858150898245,0.8419067177676068
173,-8.383990691324287,0.8410648110498392
174,-6.897347604523093,0.8402237462387894
175,-6.947680532096515,0.8393835224925505
176,-6.590816027082029,0.838544138970058
177,-6.698741491420167,0.8377055948310879
178,-5.270840156914856,0.8368678892362568
179,-6.712598974361932,0.8360310213470206
180,-4.446456016464978,0.8351949903256736
181,-5.899307831944489,0.8343597953353479
182,-7.095879777823749,0.8335254355400126
183,-7.665033252458115,0.8326919101044725
184,-5.578656758129908,0.831859218194368
185,-5.525024753446376,0.8310273589761736
186,-6.057631626966867,0.8301963316171974
187,-8.309058844557994,0.8293661352855802
188,-8.696759583425553,0.8285367691502946
189,-7.453770898198492,0.8277082323811443
190,-8.674192226041708,0.8268805241487632
191,-6.875587169160007,0.8260536436246144
192,-3.1385168613976866,0.8252275899809898
193,-7.036331295772724,0.8244023623910088
194,-4.033136998519675,0.8235779600286178
195,-4.564747998986358,0.8227543820685892
196,-9.18058178921478,0.8219316276865206
197,-5.047967658317056,0.8211096960588341
198,-5.69416931620473,0.8202885863627752
199,-4.094091355724288,0.8194682977764125
200,-7.170394997510504,0.818648829478636
201,-2.4472270519758896,0.8178301806491574
202,-8.473640531879386,0.8170123504685082
203,-2.9054652184862375,0.8161953381180397
204,-10.019026534916229,0.8153791427799216
205,-8.901436202795114,0.8145637636371417
206,-4.356108755797428,0.8137491998735046
207,-3.2142065908503072,0.812935450673631
208,-7.661400154012175,0.8121225152229574
209,-4.882956955847568,0.8113103927077344
210,-8.59039213720129,0.8104990823150267
211,-4.488239544715249,0.8096885832327116
212,-3.7208690317923727,0.8088788946494789
213,-7.248677084687657,0.8080700157548294
214,-3.9964503914883807,0.8072619457390746
215,-3.2586812745180485,0.8064546837933355
216,-7.329995066492091,0.8056482291095421
217,-7.586544870289657,0.8048425808804326
218,-5.577085491619396,0.8040377382995522
219,-7.981591701701926,0.8032337005612527
220,-6.9474160782762215,0.8024304668606914
221,-7.007247657718832,0.8016280363938307
222,-8.604755579668545,0.8008264083574369
223,-2.9820673368295085,0.8000255819490795
224,-6.207598066294828,0.7992255563671304
225,-4.277854062440511,0.7984263308107633
226,-7.587105792925131,0.7976279044799526
227,-6.703377383784158,0.7968302765754727
228,-3.966712211132532,0.7960334462988972
229,-7.538544572258403,0.7952374128525983
230,-5.562461276893451,0.7944421754397457
231,-7.02865647655865,0.7936477332643059
232,-7.776430249600447,0.7928540855310416
233,-6.3150704684556125,0.7920612314455105
234,-2.8047340267085525,0.7912691702140651
235,-2.2933362868399483,0.790477901043851
236,-8.834608330401869,0.7896874231428072
237,-5.7301267728350656,0.7888977357196644
238,-7.166832453653996,0.7881088379839447
239,-6.143103124818479,0.7873207291459607
240,-6.990128928048345,0.7865334084168147
241,-3.145616762062177,0.7857468750083979
242,-8.614778731465123,0.7849611281333895
243,-4.258990364456769,0.784176167005256
244,-7.193384825366282,0.7833919908382508
245,-5.947524649548715,0.7826085988474126
246,-8.308825123337797,0.7818259902485653
247,-7.077390992501202,0.7810441642583167
248,-7.763107077009786,0.7802631200940584
249,-8.304542328079322,0.7794828569739644
250,-6.895176015702926,0.7787033741169904
251,-6.961347682502659,0.7779246707428734
252,-6.94093739574698,0.7771467460721305
253,-1.4450761540480412,0.7763695993260584
254,-8.951892214675036,0.7755932297267324
255,-6.867709142566399,0.7748176364970056
256,-6.378596616778911,0.7740428188605086
257,-5.073159213156779,0.7732687760416481
258,-7.893045736215413,0.7724955072656065
259,-7.806579857335286,0.7717230117583408
260,-6.584672485556402,0.7709512887465825
261,-7.844877048593034,0.7701803374578359
262,-6.876956955423476,0.7694101571203781
263,-8.844267875136453,0.7686407469632577
264,-7.520516930584625,0.7678721062162944
265,-6.079824868320708,0.7671042341100781
266,-4.613483784252289,0.766337129875968
267,-6.830888640141919,0.7655707927460921
268,-7.135843001223883,0.764805221953346
269,-5.650593535919872,0.7640404167313927
270,-6.727965320120331,0.7632763763146613
271,-5.461200885983549,0.7625130999383466
272,-7.55562391518518,0.7617505868384082
273,-7.024945304294038,0.7609888362515699
274,-7.835280168165458,0.7602278474153183
275,-9.208797719771617,0.759467619567903
276,-7.480832014545156,0.7587081519483351
277,-4.628162967415091,0.7579494437963867
278,-4.366836249826326,0.7571914943525904
279,-5.924348305047799,0.7564343028582378
280,-3.587541105944015,0.7556778685553796
281,-6.907885319582192,0.7549221906868242
282,-8.322908774331324,0.7541672684961374
283,-3.1754651187535976,0.7534131012276413
284,-2.2075937190057826,0.7526596881264136
285,-4.597958212562009,0.7519070284382872
286,-6.761163575673729,0.7511551214098489
287,-2.5720457506477263,0.750403966288439
288,-3.3398643910348356,0.7496535623221505
289,-2.7597142144920386,0.7489039087598284
290,-3.0041018082059394,0.7481550048510686
291,-8.894605793335808,0.7474068498462175
292,-6.789334155195933,0.7466594429963713
293,-6.511491170892217,0.745912783553375
294,-6.873222302275115,0.7451668707698216
295,-6.225421505628924,0.7444217038990517
296,-8.581920100732837,0.7436772821951526
297,-7.865681629568494,0.7429336049129575
298,-8.70788926898642,0.7421906713080445
299,-4.1314641880692005,0.7414484806367364
300,-4.407492542371411,0.7407070321560997
301,-2.2808930313577456,0.7399663251239436
302,-7.848316262595885,0.7392263587988196
303,-4.405147476272913,0.7384871324400207
304,-5.4559929660460025,0.7377486453075807
305,-5.209227024539516,0.737010896662273
306,-7.032027910271445,0.7362738857656108
307,-6.353462031156296,0.7355376118798452
308,-4.3872393030487356,0.7348020742679654
309,-6.4256869422282215,0.7340672721936974
310,-3.6870347500807705,0.7333332049215037
311,-3.977278597118755,0.7325998717165821
312,-7.8036539635565365,0.7318672718448656
313,-3.2614263191653032,0.7311354045730207
314,-3.01082537458477,0.7304042691684477
315,-9.262219857444027,0.7296738648992792
316,-6.333596274277944,0.7289441910343799
317,-5.824358155097367,0.7282152468433455
318,-6.399388852856606,0.7274870315965022
319,-9.28332633797909,0.7267595445649057
320,-6.8016625581287204,0.7260327850203407
321,-2.094895020462513,0.7253067522353204
322,-4.678316842508603,0.724581445483085
323,-5.278717244795823,0.723856864037602
324,-8.25419668997078,0.7231330071735643
325,-6.346186634576378,0.7224098741663908
326,-9.316495815341218,0.7216874642922244
327,-3.2272579793479297,0.7209657768279322
328,-2.7759498755106136,0.7202448110511043
329,-5.668043858749408,0.7195245662400531
330,-7.014511328983404,0.7188050416738131
331,-6.536866579698769,0.7180862366321393
332,-5.713039446569519,0.7173681503955072
333,-3.0745780063485437,0.7166507822451117
334,-7.7817943378353815,0.7159341314628666
335,-3.2922789910086228,0.7152181973314037
336,-2.8283586208762226,0.7145029791340722
337,-4.319168884169259,0.7137884761549381
338,-6.456112841155431,0.7130746876787832
339,-8.646946623292695,0.7123616129911045
340,-7.390529342681345,0.7116492513781133
341,-8.179710026452666,0.7109376021267352
342,-6.924749331190762,0.7102266645246085
343,-5.404527859247914,0.7095164378600839
344,-6.08346959107905,0.7088069214222238
345,-2.1977026939148696,0.7080981145008015
346,-2.528525944713581,0.7073900163863007
347,-8.127179839372427,0.7066826263699144
348,-5.307195205999468,0.7059759437435444
349,-6.538462166315418,0.7052699677998009
350,-5.722844019845742,0.704564697832001
351,-4.315786454647325,0.7038601331341691
352,-6.944434029961083,0.7031562730010349
353,-4.765803206306979,0.7024531167280339
354,-6.477301421267639,0.7017506636113059
355,-7.190383752850535,0.7010489129476946
356,-4.298916371422862,0.7003478640347469
357,-2.4282393538036278,0.6996475161707122
358,-7.001516590088382,0.6989478686545415
359,-2.445071252216941,0.698248920785887
360,-8.017689515147685,0.6975506718651011
361,-6.040276710475421,0.6968531211932361
362,-6.866701013581073,0.6961562680720428
363,-5.317490240608535,0.6954601118039707
364,-6.245576172084238,0.6947646516921667
365,-6.101200282563921,0.6940698870404746
366,-6.321286368015359,0.6933758171534341
367,-5.444883861429654,0.6926824413362807
368,-5.73263781713073,0.6919897588949444
369,-6.247637748865909,0.6912977691360495
370,-5.992641726964068,0.6906064713669134
371,-7.872775827619893,0.6899158648955466
372,-8.855277125270488,0.689225949030651
373,-8.229330624116178,0.6885367230816204
374,-7.326479652767208,0.6878481863585387
375,-7.99261781108072,0.6871603381721801
376,-3.6582850363087416,0.686473177834008
377,-5.707303490838502,0.685786704656174
378,-5.396185510346434,0.6851009179515178
379,-3.904476985089963,0.6844158170335664
380,-2.6872968005117936,0.6837314012165328
381,-5.728882167519545,0.6830476698153162
382,-3.454852571446671,0.6823646221455009
383,-2.2150398895918033,0.6816822575233553
384,-6.304808929204521,0.6810005752658319
385,-6.919465636964846,0.680319574690566
386,-3.3094179425894494,0.6796392551158754
387,-3.787573901071048,0.6789596158607596
388,-5.643964738312562,0.6782806562448989
389,-8.470284573795972,0.677602375588654
390,-9.181520086767412,0.6769247732130653
391,-7.541976483464667,0.6762478484398523
392,-2.992537757599066,0.6755716005914124
393,-3.7621017023937533,0.674896028990821
394,-4.12163888805121,0.6742211329618302
395,-5.215517516808059,0.6735469118288684
396,-7.432227165999568,0.6728733649170395
397,-5.422661394611721,0.6722004915521225
398,-5.2625740880357315,0.6715282910605703
399,-5.825943473632558,0.6708567627695098
400,-6.047457698754205,0.6701859060067403
401,-6.8920416550818775,0.6695157201007336
402,-7.10282498367872,0.6688462043806328
403,-3.876760636523851,0.6681773581762521
404,-5.716109335364809,0.6675091808180759
405,-4.807266169854951,0.6668416716372578
406,-6.568044988069101,0.6661748299656206
407,-2.457900709768107,0.6655086551356549
408,-4.631506108454939,0.6648431464805192
409,-7.672019950222183,0.6641783033340387
410,-4.819702138193485,0.6635141250307047
411,-5.449386988995692,0.662850610905674
412,-6.106328024889178,0.6621877602947683
413,-6.737469228449713,0.6615255725344735
414,-4.573292281852945,0.660864046961939
415,-6.758330101107772,0.660203182914977
416,-4.782679304110287,0.6595429797320621
417,-6.260338889005238,0.6588834367523301
418,-7.5874180714223805,0.6582245533155777
419,-7.427576409007076,0.6575663287622622
420,-6.604701621915783,0.6569087624334999
421,-6.546229054374837,0.6562518536710664
422,-7.189870820371711,0.6555956018173954
423,-7.154777969432489,0.654940006215578
424,-6.63953976229916,0.6542850662093624
425,-6.1608243418786035,0.6536307811431531
426,-6.565343187053118,0.65297715036201
427,-4.5485146850120195,0.6523241732116479
428,-6.279392800993338,0.6516718490384363
429,-2.67618159132178,0.6510201771893979
430,-6.172996337442423,0.6503691570122084
431,-5.032009154393199,0.6497187878551962
432,-7.136269588396753,0.649069069067341
433,-8.502780437041087,0.6484199999982736
434,-6.913330468267534,0.6477715799982753
435,-7.362481051138788,0.647123808418277
436,-6.648976217082897,0.6464766846098587
437,-6.6208990322752665,0.6458302079252489
438,-5.55080367192453,0.6451843777173236
439,-5.729167462421549,0.6445391933396063
440,-2.4892501250297583,0.6438946541462667
441,-6.866123911840899,0.6432507594921204
442,-4.8590772077943285,0.6426075087326283
443,-8.26647986471908,0.6419649012238956
444,-5.673389494963764,0.6413229363226717
445,-5.861435423382712,0.640681613386349
446,-9.907238388397552,0.6400409317729626
447,-3.4259528166168387,0.6394008908411897
448,-6.819681993952594,0.6387614899503485
449,-6.711921095012838,0.6381227284603982
450,-6.496531281376731,0.6374846057319378
451,-6.46594237262501,0.6368471211262058
452,-4.567196589521332,0.6362102740050796
453,-7.194819285225803,0.6355740637310745
454,-7.309445537135504,0.6349384896673435
455,-7.88450437786559,0.6343035511776761
456,-5.632937091673943,0.6336692476264985
457,-2.9885893758882665,0.6330355783788719
458,-6.379755284993891,0.632402542800493
459,-5.012536717251729,0.6317701402576925
460,-8.714706813471578,0.6311383701174348
461,-6.3322809463068115,0.6305072317473174
462,-6.545692918661154,0.6298767245155701
463,-7.065276899016737,0.6292468477910546
464,-5.443331869673994,0.6286176009432635
465,-5.976327473987871,0.6279889833423202
466,-6.440692294972052,0.6273609943589779
467,-7.002307682929796,0.6267336333646188
468,-3.8523149910409074,0.6261068997312542
469,-5.631265473340783,0.6254807928315229
470,-5.834736842954726,0.6248553120386914
471,-7.401152374519922,0.6242304567266527
472,-5.8289166157313375,0.623606226269926
473,-2.1555761442835566,0.6229826200436561
474,-3.881702401980615,0.6223596374236124
475,-8.765562762235874,0.6217372777861888
476,-5.001186724228869,0.6211155405084027
477,-2.9209983232331673,0.6204944249678943
478,-4.4789650744735665,0.6198739305429264
479,-4.1259672170773145,0.6192540566123834
480,-2.973979582630667,0.6186348025557711
481,-2.6202199770134804,0.6180161677532153
482,-5.479889943249409,0.6173981515854621
483,-1.8272847547206477,0.6167807534338766
484,-2.614521000733211,0.6161639726804428
485,-3.6357436441302924,0.6155478087077623
486,-2.361742370469728,0.6149322608990545
487,-7.422361866914824,0.6143173286381555
488,-2.2395886410947936,0.6137030113095173
489,-3.4209057128590143,0.6130893082982078
490,-2.672581320638227,0.6124762189899097
491,-3.3283161455483907,0.6118637427709198
492,-2.6760640132083306,0.6112518790281489
493,-3.020372517157585,0.6106406271491208
494,-1.873967626604269,0.6100299865219717
495,-2.880916054014116,0.6094199565354498
496,-6.55712991569402,0.6088105365789144
497,-4.646080292475421,0.6082017260423355
498,-6.531177750639845,0.6075935243162931
499,-2.964405058966122,0.6069859307919768
500,-3.306288365649678,0.6063789448611848
501,-3.315456500749931,0.6057725659163237
502,-2.3672182079918573,0.6051667933504074
503,-7.3687846736287845,0.6045616265570569
504,-3.730055596289779,0.6039570649304998
505,-5.924821012685381,0.6033531078655693
506,-7.121189387164689,0.6027497547577038
507,-6.575468463019279,0.602147005002946
508,-6.846589415290864,0.6015448579979431
509,-8.026481604658338,0.6009433131399452
510,-5.054604560621575,0.6003423698268052
511,-3.2699627212275004,0.5997420274569785
512,-7.960107977740634,0.5991422854295215
513,-8.170138607602965,0.598543143144092
514,-7.221647359917139,0.5979446000009478
515,-6.6094987163162084,0.5973466554009469
516,-3.4397936100378783,0.596749308745546
517,-4.890470154399743,0.5961525594368005
518,-6.446799026334277,0.5955564068773637
519,-5.881330205204067,0.5949608504704863
520,-5.672987683748659,0.5943658896200158
521,-7.5620036152571535,0.5937715237303958
522,-2.266932544551631,0.5931777522066654
523,-7.400067276542579,0.5925845744544587
524,-5.310991574698161,0.5919919898800042
525,-2.941346882301399,0.5913999978901242
526,-6.622798742486542,0.590808597892234
527,-3.2840350920179335,0.5902177892943418
528,-2.121371137911359,0.5896275715050474
529,-6.581389573916059,0.5890379439335424
530,-4.652994837777895,0.5884489059896089
531,-5.150538462047035,0.5878604570836192
532,-6.054265985358559,0.5872725966265356
533,-7.224932564847555,0.5866853240299091
534,-5.520353085937375,0.5860986387058792
535,-6.3649194944105005,0.5855125400671733
536,-6.785851809176867,0.5849270275271061
537,-6.29753385289013,0.584342100499579
538,-8.46599200427913,0.5837577583990794
539,-3.910227872616264,0.5831740006406804
540,-6.425902447776352,0.5825908266400397
541,-5.9851866658196515,0.5820082358133997
542,-5.56768863271583,0.5814262275775862
543,-7.081190766157104,0.5808448013500086
544,-8.776814778536131,0.5802639565486586
545,-6.254671358918476,0.57968369259211
546,-5.378065820721108,0.5791040088995179
547,-6.333710607110762,0.5785249048906184
548,-6.575957113112093,0.5779463799857277
549,-6.238737378968594,0.577368433605742
550,-5.4629487814006845,0.5767910651721362
551,-7.392411674826234,0.576214274106964
552,-5.835147955822938,0.5756380598328571
553,-5.683303810377538,0.5750624217730242
554,-8.490175220256905,0.5744873593512512
555,-6.572123606613895,0.5739128719918999
556,-6.643906940659131,0.573338959119908
557,-7.137362606538803,0.572765620160788
558,-6.77485258681572,0.5721928545406272
559,-6.068438952151858,0.5716206616860866
560,-3.790688303938881,0.5710490410244006
561,-3.165024351827408,0.5704779919833761
562,-5.2606577852001735,0.5699075139913927
563,-2.0969910927680835,0.5693376064774013
564,-3.3079005016189282,0.5687682688709239
565,-2.8074110991374557,0.5681995006020529
566,-3.9468112808210987,0.5676313011014509
567,-2.4175429068039573,0.5670636698003494
568,-3.576799900282218,0.5664966061305491
569,-7.324986437644,0.5659301095244186
570,-2.735536458596914,0.5653641794148941
571,-4.8807075778154285,0.5647988152354793
572,-4.4797498336236234,0.5642340164202437
573,-2.5657663540328786,0.5636697824038235
574,-3.815517571629076,0.5631061126214196
575,-1.7239703657540875,0.5625430065087982
576,-2.7118563630863775,0.5619804635022894
577,-4.215969707196945,0.561418483038787
578,-3.6122221846710953,0.5608570645557482
579,-3.5785788603245283,0.5602962074911925
580,-3.0351069566518833,0.5597359112837013
581,-2.36653660609108,0.5591761753724176
582,-6.271677505314436,0.5586169991970452
583,-5.449324374490182,0.5580583821978482
584,-3.2813840871387656,0.5575003238156504
585,-2.9722660013468256,0.5569428234918348
586,-1.7899003923092616,0.5563858806683429
587,-6.430953178602234,0.5558294947876746
588,-7.775533432072167,0.5552736652928869
589,-7.002064496142675,0.5547183916275941
590,-1.5782306316371264,0.5541636732359665
591,-2.4575454490138156,0.5536095095627305
592,-4.371253629554451,0.5530559000531677
593,-5.005890140266672,0.5525028441531146
594,-1.7929803057640576,0.5519503413089615
595,-2.5862990836498505,0.5513983909676525
596,-3.6744604725896495,0.5508469925766849
597,-6.459688309438951,0.5502961455841082
598,-4.007764533524619,0.5497458494385241
599,-6.646482264891615,0.5491961035890855
600,-7.131457410253905,0.5486469074854965
601,-5.393255922070681,0.548098260578011
602,-6.673958027047172,0.547550162317433
603,-8.52071700441969,0.5470026121551156
604,-8.863220151762668,0.5464556095429605
605,-4.10027449987108,0.5459091539334175
606,-6.852841987044444,0.5453632447794842
607,-6.588313646665174,0.5448178815347047
608,-5.874540025360709,0.54427306365317
609,-2.147803392241442,0.5437287905895168
610,-6.238669245035942,0.5431850617989273
611,-6.094398348358479,0.5426418767371284
612,-6.246284130512123,0.5420992348603912
613,-5.611310001534017,0.5415571356255309
614,-7.793518371707423,0.5410155784899053
615,-7.3010875467927585,0.5404745629114154
616,-2.870990566132422,0.539934088348504
617,-5.426998672088528,0.5393941542601555
618,-6.8784108905640515,0.5388547601058953
619,-6.779576588116743,0.5383159053457894
620,-6.825129218433894,0.5377775894404436
621,-7.967878979657092,0.5372398118510032
622,-7.7483607577499205,0.5367025720391522
623,-6.010949107877881,0.536165869467113
624,-5.836803640490938,0.5356297035976458
625,-1.8919885259790639,0.5350940738940482
626,-6.510624893752648,0.5345589798201541
627,-5.3461818251336855,0.534024420840334
628,-9.45808816623307,0.5334903964194936
629,-6.480691645195521,0.5329569060230741
630,-9.129602730731056,0.532423949117051
631,-7.265214042897126,0.531891525167934
632,-6.670473970274421,0.5313596336427661
633,-6.286373577876876,0.5308282740091232
634,-6.7133286303489506,0.5302974457351142
635,-8.265563606052789,0.5297671482893791
636,-6.881951906211271,0.5292373811410898
637,-6.267980296896152,0.5287081437599487
638,-7.812106872877424,0.5281794356161887
639,-7.531965087561712,0.5276512561805725
640,-7.866416067534583,0.5271236049243919
641,-8.292679866808301,0.5265964813194676
642,-8.369596911580677,0.5260698848381481
643,-8.40118448196689,0.5255438149533099
644,-7.487318789101788,0.5250182711383566
645,-7.465303125674721,0.5244932528672183
646,-6.114528971952527,0.5239687596143511
647,-6.852136459753021,0.5234447908547367
648,-6.687956328338248,0.522921346063882
649,-2.946396880676938,0.522398424717818
650,-4.114753883394602,0.5218760262931003
651,-6.151007879806132,0.5213541502668072
652,-5.976826923938863,0.5208327961165404
653,-1.3261768153109534,0.5203119633204238
654,-6.289744874337603,0.5197916513571034
655,-5.332985593461657,0.5192718597057463
656,-2.6090987577147597,0.5187525878460405
657,-2.357483216346152,0.5182338352581944
658,-2.7282436693428163,0.5177156014229363
659,-3.9257922561281284,0.5171978858215134
660,-2.936883530332798,0.5166806879356919
661,-3.537274776693378,0.5161640072477562
662,-7.173623366769332,0.5156478432405085
663,-6.194134862595929,0.515132195397268
664,-7.083633771018431,0.5146170632018707
665,-4.445008881940036,0.5141024461386688
666,-3.675916656021397,0.5135883436925301
667,-7.416739441723948,0.5130747553488376
668,-3.5712716734099934,0.5125616805934888
669,-4.664617782011516,0.5120491189128954
670,-7.502972942579562,0.5115370697939825
671,-6.2041005052204135,0.5110255327241885
672,-3.1305537555392204,0.5105145071914643
673,-7.5249614580363575,0.5100039926842729
674,-5.457090306078102,0.5094939886915886
675,-6.118218756557203,0.508984494702897
676,-2.998123465389153,0.508475510208194
677,-2.3313706237042875,0.5079670346979859
678,-3.7959767368629533,0.5074590676632879
679,-3.457326182628106,0.5069516085956246
680,-7.033705618473874,0.506444656987029
681,-4.974188978408336,0.505938212330042
682,-8.364948396060763,0.505432274117712
683,-7.451859790263253,0.5049268418435943
684,-6.407625331227031,0.5044219150017507
685,-4.198342408166948,0.5039174930867489
686,-3.211130794610514,0.5034135755936622
687,-4.9102611478371,0.5029101620180685
688,-3.8674592527861833,0.5024072518560504
689,-5.304284676432957,0.5019048446041944
690,-3.1605901329183648,0.5014029397595902
691,-5.505579470093544,0.5009015368198305
692,-7.123809517569213,0.5004006352830107
693,-3.509154058443679,0.4999002346477277
694,-5.203463160188568,0.49940033441307996
695,-6.656255962585939,0.49890093407866687
696,-5.439287118932853,0.4984020331445882
697,-6.924908570280859,0.4979036311114436
698,-4.418714934417421,0.4974057274803321
699,-3.7144645163326078,0.49690832175285177
700,-5.710057748704141,0.4964114134310989
701,-5.357172149365189,0.4959150020176678
702,-7.568834289773617,0.49541908701565013
703,-6.335758308775587,0.49492366792863446
704,-5.28493650095986,0.4944287442607058
705,-6.877318168078338,0.4939343155164451
706,-5.524836956638158,0.4934403812009287
707,-7.1801361106210555,0.4929469408197278
708,-7.514619811716597,0.49245399387890804
709,-6.265001193901895,0.4919615398850291
710,-2.643119360342757,0.4914695783451441
711,-4.916154484294837,0.4909781087667989
712,-6.455369599946039,0.4904871306580321
713,-5.968172003456134,0.4899966435273741
714,-2.1380323201423193,0.4895066468838467
715,-7.418779122431178,0.48901714023696286
716,-5.409615352419076,0.4885281230967259
717,-6.433540670666201,0.48803959497362914
718,-5.587898231756945,0.4875515553786555
719,-5.943925430574797,0.48706400382327686
720,-5.513420110294332,0.4865769398194536
721,-5.350326351078408,0.48609036287963414
722,-5.711493554605313,0.48560427251675453
723,-4.246288052112906,0.48511866824423777
724,-7.85469552526738,0.4846335495759935
725,-5.429474821736154,0.4841489160264175
726,-7.050660765240817,0.4836647671103911
727,-6.863013917537359,0.4831811023432807
728,-4.531046886206673,0.4826979212409374
729,-3.46183186375474,0.48221522331969646
730,-5.640082962915827,0.48173300809637676
731,-5.606427716613165,0.48125127508828036
732,-4.538729419223957,0.48077002381319206
733,-1.60370732222112,0.48028925378937887
734,-6.163926783865481,0.47980896453558947
735,-3.7500708480497686,0.4793291555710539
736,-1.5186095413096288,0.47884982641548285
737,-2.385221820024671,0.47837097658906735
738,-8.165188135228105,0.47789260561247826
739,-6.234294259204428,0.4774147130068658
740,-5.719520018877697,0.4769372982938589
741,-6.67437402475376,0.47646036099556505
742,-5.304377915842004,0.47598390063456947
743,-5.2580040206758545,0.4755079167339349
744,-6.622475375307133,0.47503240881720094
745,-5.425756946434132,0.47455737640838375
746,-2.6463602486640045,0.47408281903197536
747,-6.216280083738132,0.47360873621294336
748,-6.308694363249146,0.4731351274767304
749,-4.260636234427311,0.4726619923492537
750,-2.723136503836043,0.47218933035690447
751,-1.8026625767031927,0.47171714102654755
752,-2.5822559148713955,0.471245423885521
753,-8.14110206469715,0.47077417846163544
754,-6.544962564082354,0.4703034042831738
755,-3.443303153082227,0.46983310087889063
756,-8.727996538354443,0.46936326777801174
757,-6.826309937968121,0.4688939045102337
758,-3.5497263689870358,0.4684250106057235
759,-5.5624631885524565,0.46795658559511777
760,-6.504954703446405,0.46748862900952265
761,-4.405188174247214,0.4670211403805131
762,-2.298004986537345,0.4665541192401326
763,-2.494469941658592,0.4660875651208925
764,-2.844687482051494,0.4656214775557716
765,-2.813293801197002,0.46515585607821586
766,-1.668527332755245,0.46469070022213765
767,-5.546786048076135,0.4642260095219155
768,-2.6050155875902266,0.4637617835123936
769,-10.01389342457694,0.46329802172888124
770,-2.9024131170512346,0.46283472370715234
771,-6.706389955219896,0.46237188898344517
772,-2.5835922271854743,0.4619095170944617
773,-3.285968129874627,0.46144760757736725
774,-5.841887241875045,0.46098615996978987
775,-3.8756900460789465,0.46052517380982005
776,-3.01082537458477,0.4600646486360102
777,-2.9755017472813385,0.4596045839873742
778,-5.139620389432692,0.45914497940338683
779,-5.158215623781564,0.4586858344239834
780,-3.3005658389172923,0.45822714858955943
781,-3.8444628215891203,0.45776892144096987
782,-4.926993120077636,0.4573111525195289
783,-1.8714551340531105,0.4568538413670094
784,-5.628126583444791,0.4563969875256424
785,-9.877627259064663,0.45594059053811675
786,-5.461333212385442,0.45548464994757865
787,-4.1920378649774905,0.45502916529763104
788,-5.581100502078115,0.45457413613233344
789,-3.8578719789457976,0.4541195619962011
790,-4.052163920451232,0.4536654424342049
791,-5.360842360446712,0.45321177699177073
792,-6.177462851086687,0.452758565214779
793,-4.8151712029763765,0.4523058066495642
794,-6.8907522422598095,0.45185350084291465
795,-3.0745780063485437,0.4514016473420717
796,-5.77095046807059,0.45095024569472963
797,-2.9584364947526667,0.4504992954490349
798,-5.466610583536889,0.45004879615358584
799,-6.205116321042473,0.44959874735743227
800,-4.2634067367003645,0.4491491486100748
801,-5.839109071561264,0.44869999946146477
802,-5.62749832841073,0.4482512994620033
803,-7.020959926113562,0.4478030481625413
804,-7.630808139452024,0.44735524511437874
805,-6.061089935838561,0.4469078898692644
806,-5.023058077022149,0.4464609819793951
807,-6.624742771187637,0.44601452099741573
808,-6.485468708700125,0.4455685064764183
809,-7.151879444697554,0.4451229379699419
810,-6.395696031871225,0.44467781503197196
811,-5.366925197430259,0.44423313721693997
812,-2.5411875958992702,0.44378890407972305
813,-7.21581103830413,0.44334511517564335
814,-4.238911214066281,0.4429017700604677
815,-6.001762900309764,0.44245886829040726
816,-4.314280274061934,0.44201640942211684
817,-3.959360646142703,0.44157439301269474
818,-7.6688441912258165,0.44113281861968207
819,-5.674806231504844,0.4406916858010624
820,-6.178452103156502,0.4402509941152613
821,-6.689147736924116,0.43981074312114604
822,-8.498174923010872,0.4393709323780249
823,-5.764949670511966,0.4389315614456469
824,-6.478644758053022,0.43849262988420123
825,-6.541120404573275,0.438054137254317
826,-6.999815997991167,0.4376160831170627
827,-6.604207717894019,0.43717846703394564
828,-4.998369490589399,0.4367412885669117
829,-6.628225040017355,0.4363045472783448
830,-3.541853319791615,0.43586824273106645
831,-9.104053815489864,0.4354323744883354
832,-5.272910799031688,0.43499694211384704
833,-5.590914582965757,0.4345619451717332
834,-6.571792161079635,0.43412738322656147
835,-6.790662041055461,0.4336932558433349
836,-5.118180871590345,0.43325956258749154
837,-5.315934776804241,0.43282630302490405
838,-4.104514480819095,0.43239347672187917
839,-3.1163388616414363,0.4319610832451573
840,-5.174596394086218,0.43152912216191214
841,-8.332922202982406,0.4310975930397502
842,-3.0704827954981564,0.43066649544671043
843,-6.772965171395601,0.4302358289512637
844,-7.012681887707808,0.4298055931223125
845,-5.997364172614807,0.42937578752919014
846,-2.78650978530864,0.4289464117416609
847,-3.92206079415953,0.42851746532991924
848,-7.962396343858636,0.42808894786458934
849,-6.467168351688836,0.42766085891672473
850,-5.59109149942034,0.427233198057808
851,-6.3869045577565995,0.4268059648597502
852,-4.621566171633089,0.4263791588948904
853,-5.159919345539279,0.42595277973599555
854,-6.204923095475699,0.42552682695625954
855,-7.115442723563849,0.4251013001293033
856,-3.556234323686084,0.424676198829174
857,-2.873730436496541,0.4242515226303448
858,-7.644802271774317,0.42382727110771445
859,-8.188127797754188,0.4234034438366067
860,-1.8426164888826042,0.4229800403927701
861,-6.578479192094587,0.42255706035237733
862,-5.617749067629571,0.42213450329202495
863,-7.996987502375234,0.4217123687887329
864,-6.300389385075787,0.4212906564199442
865,-2.7832653180643665,0.42086936576352424
866,-3.8247017791693105,0.4204484963977607
867,-5.862209760283632,0.42002804790136294
868,-4.65507695879438,0.4196080198534616
869,-6.495663895157125,0.4191884118336081
870,-2.344742639843597,0.41876922342177453
871,-5.82206970741171,0.41835045419835276
872,-3.2757208102764253,0.4179321037441544
873,-2.212799956508397,0.41751417164041027
874,-6.458706332767645,0.41709665746876984
875,-6.712628966629591,0.4166795608113011
876,-2.281054616167457,0.41626288125048977
877,-2.717910978656952,0.41584661836923925
878,-6.561396915024822,0.41543077175087
879,-5.156690964284927,0.41501534097911913
880,-7.003136108147149,0.41460032563814003
881,-4.959549582682067,0.4141857253125019
882,-5.353879811906101,0.41377153958718943
883,-8.124042853357775,0.4133577680476022
884,-5.455394023391371,0.4129444102795546
885,-3.4165668951585735,0.412531465869275
886,-7.228021802234467,0.41211893440340575
887,-4.167394353858114,0.41170681546900234
888,-5.208776903952084,0.41129510865353336
889,-5.286903552037465,0.41088381354487985
890,-2.413999907925401,0.410472929731335
891,-7.1901496738276265,0.41006245680160364
892,-9.043336852541625,0.40965239434480205
893,-5.820536419501776,0.40924274195045723
894,-6.878689729240204,0.40883349920850676
895,-2.795717930459314,0.40842466570929825
896,-6.1483750229085565,0.40801624104358897
897,-5.8585102305728265,0.4076082248025454
898,-4.32137014974039,0.4072006165777428
899,-6.134794059365802,0.4067934159611651
900,-6.625117248385582,0.4063866225452039
901,-2.047990049608205,0.4059802359226587
902,-7.746676227052516,0.40557425568673605
903,-2.954833273782471,0.40516868143104934
904,-5.125314282849166,0.4047635127496183
905,-8.445126209636507,0.4043587492368687
906,-5.663763816691112,0.4039543904876318
907,-6.404229296243589,0.4035504360971442
908,-6.811327595089744,0.40314688566104706
909,-5.547688983035302,0.402743738775386
910,-5.511777977658464,0.4023409950366106
911,-5.165953102723309,0.401938654041574
912,-6.093697782639365,0.4015367153875324
913,-7.279756573640023,0.4011351786721449
914,-4.3164594840374955,0.40073404349347275
915,-6.873883265737102,0.40033330944997925
916,-5.815168425805253,0.39993297614052925
917,-4.795901982636962,0.3995330431643887
918,-5.316401058052565,0.39913351012122433
919,-6.528070666086827,0.3987343766111031
920,-6.722711418055811,0.398335642234492
921,-4.774463847779424,0.3979373065922575
922,-4.814986402958343,0.39753936928566525
923,-4.525688284937895,0.3971418299163796
924,-8.738814339933299,0.3967446880864632
925,-6.542005067939158,0.3963479433983767
926,-7.097927543778139,0.3959515954549783
927,-8.840925101997078,0.39555564385952335
928,-3.598315010064744,0.39516008821566384
929,-5.261947324280559,0.3947649281274482
930,-3.1399558661420217,0.3943701631993207
931,-8.007374619104487,0.3939757930361214
932,-3.261841670759212,0.3935818172430853
933,-4.161776101371411,0.3931882354258422
934,-2.493248494820843,0.39279504719041636
935,-2.322231682247293,0.39240225214322594
936,-4.567383559595281,0.39200984989108273
937,-4.676944283121226,0.39161784004119166
938,-2.711641850459917,0.39122622220115044
939,-4.061641876671631,0.3908349959789493
940,-4.1687836545285135,0.3904441609829703
941,-2.4715491861919467,0.3900537168219873
942,-2.0541156166056624,0.3896636631051653
943,-3.472810492512538,0.38927399944206015
944,-4.842827237871882,0.3888847254426181
945,-3.436666051515992,0.38849584071717547
946,-6.866515428723824,0.3881073448764583
947,-2.2060309227906725,0.3877192375315819
948,-6.358204824152529,0.3873315182940503
949,-3.937536165356535,0.38694418677575626
950,-4.926337147680886,0.3865572425889805
951,-5.069006155740293,0.38617068534639154
952,-6.029048822129701,0.38578451466104513
953,-2.334164256230408,0.3853987301463841
954,-2.020975061882602,0.3850133314162377
955,-1.9305565217618228,0.3846283180848215
956,-3.744894621762237,0.3842436897667367
957,-1.86155401457593,0.3838594460769699
958,-3.9749308526524767,0.38347558663089293
959,-3.9384488080621702,0.38309211104426205
960,-4.173825648341143,0.3827090189332178
961,-1.7654788666344194,0.38232630991428457
962,-2.4743892762211828,0.38194398360437026
963,-3.4473086826313026,0.3815620396207659
964,-2.6237184809502634,0.38118047758114515
965,-6.947349422039943,0.380799297103564
966,-2.369945637129227,0.3804184978064605
967,-3.221783604519062,0.380038079308654
968,-2.692119770192982,0.3796580412293454
969,-2.535209005731485,0.379278383188116
970,-5.104957135034615,0.3788991048049279
971,-4.994594408464112,0.37852020570012296
972,-1.9044473780028062,0.37814168549442284
973,-2.4666726169305075,0.3777635438089284
974,-3.0685608842542487,0.3773857802651195
975,-3.507149212067554,0.37700839448485435
976,-5.260661540221645,0.3766313860903695
977,-2.671299141409926,0.37625475470427916
978,-2.5635983541420817,0.3758784999495749
979,-6.306809447183581,0.3755026214496253
980,-4.747279637062994,0.3751271188281757
981,-5.721723829218675,0.3747519917093475
982,-4.344159788396519,0.37437723971763814
983,-7.110837692449769,0.37400286247792053
984,-5.979503850366865,0.3736288596154426
985,-5.2867904202399405,0.37325523075582717
986,-2.2264039914643767,0.37288197552507135
987,-3.4861902138733027,0.37250909354954626
988,-6.710817930390785,0.37213658445599673
989,-2.244276968697615,0.3717644478715407
990,-5.597984610991666,0.3713926834236692
991,-2.760197899778224,0.37102129074024554
992,-8.210280761419368,0.3706502694495053
993,-2.713527546141057,0.3702796191800558
994,-6.5865710733657155,0.36990933956087574
995,-6.240755117780993,0.36953943022131486
996,-4.914614741040242,0.3691698907910935
997,-6.862784315673011,0.3688007209003024
998,-5.813641099240438,0.36843192017940213
999,-7.286981267658241,0.36806348825922275
1000,-2.6331247563659566,0.3676954247709635
1001,-3.9383709381339806,0.36732772934619257
1002,-6.112996571142565,0.3669604016168464
1003,-5.6538960793480175,0.3665934412152296
1004,-6.749583294666957,0.3662268477740143
1005,-6.040965377134069,0.36586062092624033
1006,-6.174571802206213,0.3654947603053141
1007,-5.848928222889804,0.36512926554500874
1008,-5.288705739547287,0.36476413627946375
1009,-5.836678585890002,0.3643993721431843
1010,-6.92151555900899,0.36403497277104113
1011,-5.264063932782704,0.3636709377982701
1012,-5.724652860802183,0.3633072668604718
1013,-6.501632318127124,0.36294395959361136
1014,-7.771328511513251,0.36258101563401773
1015,-3.298016398672842,0.3622184346183837
1016,-7.540131409006612,0.36185621618376534
1017,-5.027600670430818,0.36149435996758156
1018,-3.818132589032441,0.361132865607614
1019,-6.1668024202402485,0.36077173274200636
1020,-6.032755142626522,0.36041096100926434
1021,-2.9914577017211714,0.3600505500482551
1022,-3.026668537728369,0.35969049949820686
1023,-6.2617090946501754,0.3593308089987087
1024,-5.844909111525288,0.35897147818971
1025,-2.8194511715268797,0.3586125067115203
1026,-5.581554482740357,0.35825389420480874
1027,-2.096373640000155,0.35789564031060395
1028,-2.8104688070465307,0.35753774467029337
1029,-2.4607435697877253,0.3571802069256231
1030,-2.2918016359957196,0.3568230267186975
1031,-3.9257922561281284,0.3564662036919788
1032,-3.228166287619069,0.35610973748828684
1033,-2.5505168177570505,0.35575362775079855
1034,-3.332805456742948,0.35539787412304774
1035,-3.6342432517034635,0.3550424762489247
1036,-2.3673967726689993,0.3546874337726758
1037,-2.0804120678072615,0.35433274633890316
1038,-7.94289938824718,0.35397841359256427
1039,-4.256626364915518,0.3536244351789717
1040,-7.443363773372656,0.35327081074379274
1041,-4.329164448988168,0.352917539933049
1042,-5.74993982568843,0.3525646223931159
1043,-4.173844511847832,0.3522120577707228
1044,-3.4279499601839354,0.3518598457129521
1045,-5.372377075533112,0.35150798586723914
1046,-7.564033417371878,0.3511564778813719
1047,-5.739220081396082,0.3508053214034905
1048,-3.610784235673134,0.35045451608208705
1049,-2.4394872128687237,0.350104061566005
1050,-7.14079052979395,0.349753957504439
1051,-3.640729649694567,0.3494042035469346
1052,-4.634525862158453,0.3490547993433876
1053,-5.058391684304868,0.34870574454404424
1054,-7.514638318138742,0.3483570387995002
1055,-6.603970828968494,0.3480086817607007
1056,-1.802997575640188,0.34766067307894
1057,-4.9298801549593545,0.34731301240586104
1058,-3.211130794610514,0.3469656993934552
1059,-7.0580581606482085,0.3466187336940617
1060,-4.01380470851681,0.34627211496036764
1061,-6.675063412484619,0.3459258428454073
1062,-4.719741640161593,0.34557991700256185
1063,-4.780847586032735,0.3452343370855593
1064,-8.479950546594711,0.34488910274847373
1065,-6.243410391898356,0.34454421364572524
1066,-6.508564539470441,0.3441996694320795
1067,-5.635339738383662,0.34385546976264747
1068,-6.359977638640322,0.34351161429288485
1069,-3.4211370906432004,0.34316810267859194
1070,-6.4173882972783005,0.34282493457591334
1071,-5.92064818009727,0.3424821096413374
1072,-6.408578141644606,0.3421396275316961
1073,-4.769626953235622,0.34179748790416437
1074,-5.777535224182804,0.3414556904162602
1075,-8.704974646049884,0.34111423472584396
1076,-5.705871762685701,0.34077312049111813
1077,-6.888278016041428,0.340432347370627
1078,-6.572022095736566,0.34009191502325636
1079,-5.679930889499234,0.3397518231082331
1080,-4.78085822027341,0.33941207128512485
1081,-7.19370918558297,0.3390726592138397
1082,-2.643119360342757,0.3387335865546259
1083,-5.616777482357664,0.33839485296807126
1084,-7.3909814262344256,0.3380564581151032
1085,-6.019097293089909,0.33771840165698813
1086,-8.341927895038387,0.33738068325533116
1087,-7.48866860655208,0.3370433025720758
1088,-5.516538677930374,0.33670625926950376
1089,-6.0040079497291785,0.33636955301023425
1090,-4.911582387548343,0.336033183457224
1091,-7.073348756336115,0.3356971502737668
1092,-5.844129230657009,0.335361453123493
1093,-5.3482883558725005,0.3350260916703695
1094,-6.794112678992239,0.33469106557869915
1095,-6.470419813982502,0.33435637451312045
1096,-6.639243782188051,0.3340220181386073
1097,-5.82638611131784,0.33368799612046873
1098,-6.2565151400488,0.33335430812434824
1099,-6.8602685094273275,0.3330209538162239
1100,-5.574221572443808,0.33268793286240766
1101,-6.041589746899463,0.33235524492954527
1102,-5.314359971745385,0.33202288968461574
1103,-3.293075433521265,0.33169086679493115
1104,-6.593449171570696,0.33135917592813624
1105,-5.1398876100450765,0.3310278167522081
1106,-5.271614274334404,0.3306967889354559
1107,-5.645145480238473,0.33036609214652046
1108,-4.184223372394419,0.3300357260543739
1109,-4.182208579639033,0.32970569032831953
1110,-4.6122308876387885,0.3293759846379912
1111,-7.954359465183851,0.3290466086533532
1112,-4.5414928684130444,0.3287175620446999
1113,-6.672266101591546,0.32838884448265515
1114,-5.304614242686288,0.3280604556381725
1115,-3.3668766614523133,0.32773239518253433
1116,-3.460003114962756,0.3274046627873518
1117,-3.433406355930863,0.32707725812456445
1118,-4.0117707075110145,0.32675018086643987
1119,-2.1727702318187103,0.32642343068557345
1120,-4.800255147508606,0.3260970072548879
1121,-2.401078943273428,0.325770910247633
1122,-2.4698875499211694,0.32544513933738534
1123,-3.545057811611821,0.3251196941980479
1124,-2.402918381008942,0.32479457450384985
1125,-8.65412232904118,0.324469779929346
1126,-3.724494450240519,0.32414531014941667
1127,-2.9615687124835293,0.32382116483926726
1128,-2.3988021867591205,0.323497343674428
1129,-1.9663209791496832,0.3231738463307536
1130,-2.2220977851204657,0.32285067248442284
1131,-1.7969273794562555,0.3225278218119384
1132,-5.472887120872076,0.3222052939901265
1133,-2.417307047639718,0.32188308869613635
1134,-2.556616916334975,0.3215612056074402
1135,-3.0476898262826175,0.3212396444018328
1136,-2.484812263133041,0.32091840475743094
1137,-1.669895467089065,0.3205974863526735
1138,-3.703379149354726,0.32027688886632083
1139,-2.477716303205096,0.3199566119774545
1140,-2.7944521848591943,0.31963665536547703
1141,-3.693898361488922,0.31931701871011153
1142,-6.574079011116286,0.3189977016914014
1143,-4.265311474092358,0.31867870398971
1144,-2.089808211448747,0.31836002528572027
1145,-2.7501678155449754,0.31804166526043454
1146,-6.985520149424424,0.3177236235951741
1147,-5.212741434199213,0.3174058999715789
1148,-5.542759325657707,0.31708849407160733
1149,-2.323291597063065,0.31677140557753575
1150,-3.767081041701968,0.31645463417195824
1151,-3.171537297677525,0.3161381795377863
1152,-2.0605720587958114,0.3158220413582485
1153,-2.2381354330908376,0.3155062193168902
1154,-3.7834079575582695,0.31519071309757335
1155,-5.043416790511502,0.3148755223844758
1156,-3.8034711642007655,0.31456064686209134
1157,-2.1246100833622004,0.31424608621522926
1158,-5.5622075677809235,0.31393184012901404
1159,-5.344433482997967,0.31361790828888503
1160,-6.351088489356124,0.31330429038059615
1161,-3.5134372916038754,0.31299098609021553
1162,-6.631005504375317,0.3126779951041253
1163,-2.479259573343592,0.31236531710902116
1164,-6.118923152580457,0.3120529517919121
1165,-6.1098341483543965,0.3117408988401202
1166,-5.129133293387316,0.31142915794128007
1167,-6.223411696595592,0.31111772878333877
1168,-4.689756448177684,0.3108066110545554
1169,-6.426007501852987,0.3104958044435009
1170,-5.65880172505528,0.3101853086390574
1171,-5.607833426301067,0.30987512333041833
1172,-3.6033886134130784,0.3095652482070879
1173,-5.706372988412,0.30925568295888084
1174,-5.900702600618466,0.308946427275922
1175,-9.167693345705297,0.30863748084864606
1176,-7.9932688338429765,0.3083288433677974
1177,-2.9327226907632764,0.30802051452442963
1178,-6.378472379014434,0.3077124940099052
1179,-1.8919885259790639,0.3074047815158953
1180,-5.583518056624896,0.30709737673437937
1181,-5.5050646154546135,0.30679027935764497
1182,-7.414474889679761,0.3064834890782873
1183,-6.1163563804422685,0.306177005589209
1184,-7.831926730203719,0.3058708285836198
1185,-6.390814438003159,0.30556495775503617
1186,-5.763435415719977,0.30525939279728115
1187,-6.032297539684789,0.30495413340448385
1188,-2.7184213801645383,0.3046491792710794
1189,-6.710641225624325,0.3043445300918083
1190,-7.999998374406398,0.30404018556171647
1191,-7.712382702396905,0.30373614537615473
1192,-8.480307766720639,0.3034324092307786
1193,-5.4951519200483485,0.3031289768215478
1194,-2.7724941769256968,0.30282584784472627
1195,-6.710965621641021,0.3025230219968815
1196,-8.45275701251339,0.3022204989748846
1197,-7.972621447063888,0.30191827847590974
1198,-6.010234371775725,0.3016163601974338
1199,-4.6908795211396885,0.3013147438372364
1200,-7.73641827755969,0.3010134290933992
1201,-4.162552216615094,0.3007124156643058
1202,-8.035170242056312,0.30041170324864147
1203,-6.495457891186689,0.30011129154539284
1204,-2.1032303742170977,0.29981118025384745
1205,-6.036998149848332,0.2995113690735936
1206,-5.728021533784816,0.29921185770452
1207,-4.1221328649487825,0.2989126458468155
1208,-4.361992912531447,0.2986137332009687
1209,-4.182370802910565,0.29831511946776773
1210,-3.005918408002396,0.29801680434829997
1211,-6.612482366793365,0.29771878754395165
1212,-2.4708782052979985,0.29742106875640767
1213,-3.5596853022780905,0.29712364768765126
1214,-4.720278954947303,0.2968265240399636
1215,-2.9702118632183363,0.2965296975159237
1216,-4.672995831147622,0.29623316781840775
1217,-7.416454758292231,0.29593693465058934
1218,-4.255002900158649,0.29564099771593877
1219,-5.131757252464445,0.2953453567182228
1220,-1.603913154693825,0.2950500113615046
1221,-8.384313258425385,0.2947549613501431
1222,-5.229126853520389,0.294460206388793
1223,-6.066084962845137,0.2941657461824042
1224,-3.839000827176584,0.2938715804362218
1225,-3.1237880079528932,0.2935777088557856
1226,-4.27627079235025,0.2932841311469298
1227,-6.668429046466409,0.2929908470157829
1228,-2.376703215000982,0.2926978561687671
1229,-2.4742253092419295,0.29240515831259833
1230,-2.7609736633293624,0.29211275315428575
1231,-3.05100027196384,0.2918206404011315
1232,-4.861986723049063,0.29152881976073036
1233,-2.701655539970687,0.2912372909409696
1234,-6.052383472349837,0.2909460536500286
1235,-1.931053981015947,0.2906551075963786
1236,-4.956081561678452,0.2903644524887822
1237,-8.994921358525756,0.2900740880362934
1238,-5.756444064089013,0.28978401394825715
1239,-5.682191543877938,0.2894942299343089
1240,-2.1165329313535173,0.2892047357043746
1241,-7.126672831227174,0.28891553096867023
1242,-6.6482847917832375,0.2886266154377016
1243,-5.803240479461667,0.28833798882226386
1244,-4.9229414368930815,0.2880496508334416
1245,-5.265460229919211,0.28776160118260813
1246,-3.9443951261974033,0.2874738395814255
1247,-4.999079620208532,0.2871863657418441
1248,-2.7849495319122712,0.28689917937610226
1249,-2.56212965642415,0.2866122801967262
1250,-2.0308737824388006,0.28632566791652947
1251,-8.001904790003335,0.28603934224861294
1252,-4.763892867843463,0.2857533029063643
1253,-6.766911543384024,0.28546754960345794
1254,-4.722617880913234,0.2851820820538545
1255,-6.960738848701762,0.2848968999718006
1256,-6.778052066158953,0.2846120030718288
1257,-8.144656366164071,0.284327391068757
1258,-5.09882796950466,0.2840430636776882
1259,-7.804063094981219,0.28375902061401054
1260,-2.4529187171861335,0.28347526159339653
1261,-5.605261807704462,0.28319178633180314
1262,-5.81158899724279,0.28290859454547135
1263,-8.783383420696596,0.28262568595092585
1264,-2.6601211568233523,0.2823430602649749
1265,-6.716461042904951,0.28206071720470993
1266,-6.099036589493531,0.2817786564875052
1267,-7.636026983986046,0.28149687783101773
1268,-5.371870883384854,0.2812153809531867
1269,-5.517138432664524,0.28093416557223355
1270,-5.599489419163479,0.2806532314066613
1271,-3.5525559947082836,0.2803725781752547
1272,-5.841666383856852,0.2800922055970794
1273,-5.989285242412086,0.2798121133914823
1274,-7.078249164582303,0.2795323012780908
1275,-5.8937031689963755,0.2792527689768127
1276,-6.863896852611826,0.2789735162078359
1277,-5.400881792714902,0.2786945426916281
1278,-6.780815261065317,0.27841584814893644
1279,-4.709239735979959,0.2781374323007875
1280,-5.923440868984775,0.27785929486848676
1281,-7.325926214079125,0.27758143557361825
1282,-3.98651870674638,0.27730385413804465
1283,-4.967140357471388,0.2770265502839066
1284,-6.8495847848838025,0.2767495237336227
1285,-4.3525578832906735,0.2764727742098891
1286,-5.101706351599267,0.2761963014356792
1287,-5.469592380047095,0.27592010513424353
1288,-5.206635402035504,0.2756441850291093
1289,-6.468786992291244,0.2753685408440802
1290,-6.5347686596261845,0.2750931723032361
1291,-7.692502756659539,0.27481807913093287
1292,-7.564523275217557,0.27454326105180193
1293,-6.780486973233696,0.2742687177907501
1294,-6.803733192695139,0.2739944490729594
1295,-5.352093209540358,0.27372045462388644
1296,-5.004667320846089,0.2734467341692626
1297,-5.172933877586868,0.27317328743509334
1298,-2.0845729506842647,0.27290011414765825
1299,-4.4103771676909425,0.2726272140335106
1300,-3.8894059457447225,0.27235458681947705
1301,-6.281447041288404,0.2720822322326576
1302,-2.36208493866733,0.2718101500004249
1303,-2.459017781066708,0.27153833985042447
1304,-4.695143801604769,0.27126680151057403
1305,-4.356244190295326,0.27099553470906346
1306,-5.155697311054437,0.2707245391743544
1307,-2.0414822927583613,0.27045381463518003
1308,-6.277446650378138,0.27018336082054484
1309,-2.565624604033672,0.2699131774597243
1310,-8.081753796347662,0.2696432642822646
1311,-1.925913501803621,0.26937362101798235
1312,-4.734514161014147,0.26910424739696437
1313,-5.306888930290843,0.2688351431495674
1314,-1.9323976022275327,0.26856630800641784
1315,-5.688628191576517,0.2682977416984114
1316,-5.055056533113378,0.268029443956713
1317,-2.8354665491098867,0.2677614145127563
1318,-5.782796316232048,0.2674936530982436
1319,-5.042866105312073,0.26722615944514533
1320,-5.016147391019604,0.2669589332857002
1321,-2.4961890466929115,0.2666919743524145
1322,-2.2966123770060873,0.26642528237806207
1323,-2.3901628673781516,0.266158857095684
1324,-2.4482815871580437,0.2658926982385883
1325,-6.354283917496199,0.26562680554034973
1326,-4.6122342326752666,0.26536117873480936
1327,-4.466565242547602,0.26509581755607453
1328,-8.363368703256558,0.26483072173851846
1329,-2.503457728854908,0.26456589101677996
1330,-5.239853414881076,0.2643013251257632
1331,-2.146996677294809,0.2640370238006374
1332,-7.604104491342322,0.2637729867768368
1333,-5.874305750048006,0.26350921379006
1334,-5.204054805052111,0.26324570457626995
1335,-5.94913833424902,0.2629824588716937
1336,-2.7860142489054094,0.262719476412822
1337,-4.198423132701342,0.2624567569364092
1338,-5.4278553308331245,0.26219430017947276
1339,-2.8767659345479535,0.2619321058792933
1340,-3.223725602412223,0.261670173773414
1341,-6.4171589053078915,0.2614085035996406
1342,-3.1945223660593474,0.26114709509604095
1343,-2.2289802483300587,0.2608859480009449
1344,-6.236361787497209,0.26062506205294395
1345,-2.0896094102731877,0.260364436990891
1346,-6.690577868654354,0.2601040725539001
1347,-5.059228123871275,0.2598439684813462
1348,-5.312065989282608,0.2595841245128649
1349,-3.145616762062177,0.259324540388352
1350,-4.779106083536696,0.25906521584796366
1351,-4.283760442574153,0.2588061506321157
1352,-5.450693572156895,0.2585473444814836
1353,-6.211069424230592,0.2582887971370021
1354,-4.704945769148047,0.2580305083398651
1355,-6.571257564241126,0.2577724778315252
1356,-5.953899429763686,0.25751470535369364
1357,-3.01343700232555,0.25725719064833996
1358,-5.87164412999199,0.2569999334576916
1359,-7.850173700094745,0.25674293352423394
1360,-3.2714851873582202,0.2564861905907097
1361,-6.855422138968577,0.256229704400119
1362,-7.888426762227981,0.25597347469571885
1363,-6.677006755954331,0.25571750122102316
1364,-6.5960227386307935,0.25546178371980216
1365,-5.639625661039257,0.25520632193608234
1366,-5.236519003420401,0.25495111561414624
1367,-5.5690917890389855,0.2546961644985321
1368,-3.745449380873388,0.2544414683340336
1369,-5.845958474960931,0.25418702686569955
1370,-6.294567639368916,0.25393283983883386
1371,-6.793470282953749,0.25367890699899504
1372,-4.397412293834171,0.253425228091996
1373,-5.882773201087108,0.253171802863904
1374,-3.549492528437059,0.2529186310610401
1375,-6.067675636568506,0.2526657124299791
1376,-7.360435633729825,0.2524130467175491
1377,-7.256387119931911,0.2521606336708316
1378,-7.277358896457699,0.25190847303716074
1379,-5.656138522370325,0.25165656456412355
1380,-7.320425422611794,0.25140490799955945
1381,-6.376987551283594,0.25115350309155987
1382,-6.059774329584073,0.2509023495884683
1383,-7.648819361879891,0.25065144723887983
1384,-7.882968951180803,0.25040079579164093
1385,-4.749441939194799,0.2501503949958493
1386,-4.2893183805822135,0.24990024460085344
1387,-5.362374753792844,0.24965034435625258
1388,-2.861215275832257,0.24940069401189632
1389,-2.2179435151770863,0.24915129331788444
1390,-4.076113121522062,0.24890214202456656
1391,-4.582167816106304,0.248653239882542
1392,-3.7546512986690996,0.24840458664265946
1393,-3.3603874243123655,0.2481561820560168
1394,-2.788570078839369,0.2479080258739608
1395,-2.4145871507944716,0.24766011784808684
1396,-2.809501099881239,0.24741245773023876
1397,-3.4356163997535396,0.24716504527250852
1398,-2.587597052568508,0.24691788022723601
1399,-3.8788120413233673,0.24667096234700878
1400,-4.369672902506943,0.24642429138466176
1401,-3.243720749072018,0.2461778670932771
1402,-1.9997402846341554,0.24593168922618383
1403,-4.240614295503124,0.24568575753695765
1404,-2.3860548321362978,0.2454400717794207
1405,-4.1891907238256385,0.24519463170764128
1406,-2.6885439091190073,0.24494943707593364
1407,-4.206150334846654,0.24470448763885772
1408,-3.0096196811345197,0.24445978315121886
1409,-2.188024966630008,0.24421532336806764
1410,-3.0868196900939053,0.24397110804469957
1411,-1.8698796070110675,0.24372713693665488
1412,-4.289139527250584,0.24348340979971822
1413,-3.8694272374095644,0.2432399263899185
1414,-4.205712499869103,0.2429966864635286
1415,-3.7048031307023765,0.24275368977706507
1416,-2.565637065284266,0.24251093608728802
1417,-5.454403380313723,0.24226842515120073
1418,-3.971720251712042,0.24202615672604952
1419,-3.958811724367621,0.24178413056932346
1420,-5.889606340911718,0.24154234643875414
1421,-6.760360711933194,0.24130080409231539
1422,-3.634391819020559,0.24105950328822306
1423,-4.182751008896666,0.24081844378493483
1424,-2.531159765270139,0.2405776253411499
1425,-2.917984413313708,0.24033704771580874
1426,-3.1921360531041527,0.24009671066809293
1427,-2.215716240896172,0.23985661395742483
1428,-4.274984343581336,0.2396167573434674
1429,-3.3546784809723973,0.23937714058612394
1430,-3.279735436292173,0.23913776344553783
1431,-3.6254075940513175,0.2388986256820923
1432,-6.16172076286772,0.2386597270564102
1433,-7.352666678109408,0.23842106732935378
1434,-3.016128758524277,0.23818264626202443
1435,-2.414451352563259,0.2379444636157624
1436,-6.676642932567065,0.23770651915214663
1437,-6.005469589854906,0.2374688126329945
1438,-6.089471655170133,0.23723134382036148
1439,-3.5231224909977343,0.23699411247654112
1440,-3.961731144747213,0.23675711836406457
1441,-4.932410966547326,0.2365203612457005
1442,-3.4029114596164702,0.2362838408844548
1443,-3.4857895674139785,0.23604755704357036
1444,-4.193656084271652,0.2358115094865268
1445,-6.606016504588608,0.23557569797704025
1446,-6.378223805252004,0.2353401222790632
1447,-5.47202098938654,0.23510478215678413
1448,-6.868083743725275,0.23486967737462733
1449,-6.135398785904247,0.2346348076972527
1450,-6.8940918382908025,0.23440017288955545
1451,-5.423950273471265,0.2341657727166659
1452,-3.2965046874455046,0.2339316069439492
1453,-6.689203530405079,0.23369767533700525
1454,-5.780956900274727,0.23346397766166824
1455,-5.633663357001111,0.23323051368400657
1456,-2.7347859798368006,0.23299728317032256
1457,-6.8587999746115464,0.23276428588715223
1458,-6.499372655940419,0.23253152160126508
1459,-6.763449768115818,0.23229899007966381
1460,-3.448376283912496,0.23206669108958414
1461,-3.1718888032714823,0.23183462439849456
1462,-7.556555399440606,0.23160278977409607
1463,-4.163052094249105,0.23137118698432196
1464,-8.511753787389972,0.23113981579733764
1465,-7.591993000610659,0.2309086759815403
1466,-4.976413704721785,0.23067776730555875
1467,-6.925901391145488,0.23044708953825319
1468,-7.932846225328056,0.23021664244871493
1469,-5.601659981418636,0.22998642580626621
1470,-4.197613802421494,0.22975643938045995
1471,-8.06760051216671,0.2295266829410795
1472,-4.004807724400546,0.22929715625813843
1473,-2.44671507968874,0.2290678591018803
1474,-4.862558896754951,0.22883879124277842
1475,-7.670627289094861,0.22860995245153565
1476,-3.8750141385115797,0.22838134249908412
1477,-2.9962965399467416,0.22815296115658504
1478,-6.540744072073222,0.22792480819542846
1479,-2.5838644307600567,0.22769688338723304
1480,-3.1144529477569605,0.22746918650384582
1481,-3.3628049825653465,0.22724171731734197
1482,-4.895082928606746,0.22701447560002463
1483,-3.146443674020779,0.2267874611244246
1484,-5.324351737286802,0.22656067366330018
1485,-8.480882494558813,0.22633411298963688
1486,-6.80524027657513,0.22610777887664724
1487,-3.1923655735710867,0.22588167109777058
1488,-2.6957897569984843,0.2256557894266728
1489,-1.951749552250231,0.22543013363724612
1490,-7.026442785850928,0.22520470350360888
1491,-2.0679907147667853,0.2249794988001053
1492,-8.77914688798326,0.2247545193013052
1493,-3.6827579547998233,0.22452976478200387
1494,-2.6805812940799694,0.22430523501722185
1495,-2.286818688637912,0.22408092978220462
1496,-5.28870767706056,0.2238568488524224
1497,-6.355038733549215,0.22363299200356998
1498,-6.710526209732659,0.22340935901156642
1499,-7.341772132121455,0.22318594965255484
1500,-5.863796326856566,0.22296276370290227
1501,-2.6875341909972996,0.22273980093919937
1502,-5.639072970485955,0.22251706113826017
1503,-2.5459119246561106,0.2222945440771219
1504,-4.676067931211826,0.22207224953304477
1505,-8.303792844652383,0.22185017728351172
1506,-3.487141752150262,0.2216283271062282
1507,-2.2517175516212835,0.22140669877912197
1508,-4.991587851556776,0.22118529208034285
1509,-5.433501306461523,0.2209641067882625
1510,-6.88724009637958,0.22074314268147424
1511,-5.465123369435522,0.22052239953879277
1512,-7.6930826724080585,0.22030187713925398
1513,-7.122567442669364,0.22008157526211472
1514,-6.027502905089344,0.2198614936868526
1515,-5.417297406231928,0.21964163219316574
1516,-6.301372404701549,0.21942199056097256
1517,-5.912703029481392,0.2192025685704116
1518,-5.978840579657905,0.21898336600184118
1519,-6.726649015334622,0.21876438263583933
1520,-6.047742644435731,0.21854561825320348
1521,-5.913109227754065,0.21832707263495027
1522,-5.910498566109762,0.21810874556231533
1523,-6.082007960811205,0.217890636816753
1524,-6.261458723862495,0.21767274617993623
1525,-4.684885275340627,0.2174550734337563
1526,-6.2370086727601475,0.21723761836032254
1527,-3.6362215422449404,0.21702038074196223
1528,-5.3669660768527,0.21680336036122028
1529,-5.243242056675129,0.21658655700085905
1530,-2.3583985888580816,0.2163699704438582
1531,-6.532770403601164,0.21615360047341434
1532,-5.969548325855278,0.21593744687294092
1533,-6.101671675247412,0.21572150942606796
1534,-1.9254123498975,0.2155057879166419
1535,-3.995511912468183,0.21529028212872525
1536,-4.797014771812133,0.21507499184659654
1537,-6.953424984591106,0.21485991685474995
1538,-5.538015822789072,0.2146450569378952
1539,-3.373696885317742,0.21443041188095732
1540,-5.1851589622274545,0.21421598146907636
1541,-2.606250264919054,0.21400176548760727
1542,-4.9403268254727015,0.21378776372211966
1543,-5.459911929440091,0.21357397595839755
1544,-5.0649134772200135,0.21336040198243916
1545,-5.319559253949307,0.21314704158045672
1546,-7.124518093685753,0.21293389453887626
1547,-7.056031795354233,0.21272096064433738
1548,-3.4259528166168387,0.21250823968369303
1549,-5.785912786698413,0.21229573144400934
1550,-5.829094374015064,0.21208343571256533
1551,-4.575691080741969,0.21187135227685275
1552,-4.074700624308777,0.2116594809245759
1553,-6.921275300495204,0.21144782144365132
1554,-6.823029368597763,0.21123637362220768
1555,-6.415797266128942,0.21102513724858546
1556,-6.550495839084666,0.21081411211133688
1557,-7.113715130237946,0.21060329799922556
1558,-7.019464091747969,0.21039269470122635
1559,-6.028716739810986,0.21018230200652513
1560,-9.400421514404957,0.2099721197045186
1561,-6.904885779658898,0.20976214758481407
1562,-7.110467444060194,0.20955238543722926
1563,-6.8760321020890816,0.20934283305179202
1564,-5.544441597815474,0.20913349021874023
1565,-4.873409493204587,0.2089243567285215
1566,-2.7509600984883744,0.20871543237179296
1567,-4.764224983408356,0.20850671693942116
1568,-4.577290171479247,0.20829821022248174
1569,-4.954498715388992,0.20808991201225926
1570,-4.529117051081001,0.207881822100247
1571,-6.14463715514383,0.20767394027814676
1572,-5.729353518697959,0.2074662663378686
1573,-4.990106873088146,0.20725880007153075
1574,-5.900715534885203,0.20705154127145922
1575,-6.183462935678797,0.20684448973018776
1576,-2.5221188282505196,0.20663764524045758
1577,-2.4672916918895353,0.20643100759521713
1578,-6.9633768897680595,0.20622457658762192
1579,-3.659823935465377,0.2060183520110343
1580,-3.6844027014955167,0.20581233365902327
1581,-4.201026419447234,0.20560652132536425
1582,-1.8026625767031927,0.20540091480403888
1583,-2.2726525276264318,0.20519551388923485
1584,-6.485981339702181,0.20499031837534562
1585,-2.7684538466454716,0.20478532805697028
1586,-5.464641022583483,0.2045805427289133
1587,-1.6669043668802987,0.20437596218618437
1588,-5.890904991410395,0.2041715862239982
1589,-4.995442780533929,0.2039674146377742
1590,-5.542453059409379,0.20376344722313644
1591,-7.3484570647523135,0.2035596837759133
1592,-2.410030837682351,0.20335612409213738
1593,-2.4550883946900526,0.20315276796804524
1594,-2.6012583968090146,0.2029496152000772
1595,-5.407424554321082,0.20274666558487714
1596,-2.9242356968714693,0.20254391891929227
1597,-1.668527332755245,0.20234137500037297
1598,-5.483645622937195,0.20213903362537258
1599,-8.026696042171379,0.2019368945917472
1600,-7.0748719858110025,0.20173495769715546
1601,-2.5353955691171906,0.2015332227394583
1602,-4.939242889186057,0.20133168951671884
1603,-2.044296840905643,0.20113035782720212
1604,-3.93512061220371,0.20092922746937492
1605,-4.951534226186182,0.20072829824190555
1606,-2.8151556505675193,0.20052756994366364
1607,-3.1809778360710026,0.20032704237371998
1608,-5.431478079270498,0.20012671533134627
1609,-4.665392689995443,0.19992658861601492
1610,-5.811616133600405,0.19972666202739892
1611,-3.4135142928597957,0.19952693536537153
1612,-3.7863639937898896,0.19932740843000615
1613,-6.501852225728321,0.19912808102157614
1614,-5.932515028936241,0.19892895294055457
1615,-4.581205763294685,0.19873002398761402
1616,-6.20667331298384,0.1985312939636264
1617,-2.7479308753669756,0.19833276266966277
1618,-5.619612182746593,0.1981344299069931
1619,-6.656835406429173,0.1979362954770861
1620,-4.514151823933223,0.197738359181609
1621,-2.874224774561041,0.1975406208224274
1622,-8.459008442662551,0.197343080201605
1623,-5.627700975325665,0.19714573712140337
1624,-3.8754443954987354,0.19694859138428197
1625,-4.965571062861272,0.1967516427928977
1626,-3.1599388729233295,0.1965548911501048
1627,-5.067710524272548,0.19635833625895469
1628,-3.4640261369510394,0.19616197792269574
1629,-2.6086024103438037,0.19596581594477305
1630,-4.37694173822933,0.19576985012882828
1631,-4.4588299256020125,0.19557408027869944
1632,-8.610903465942487,0.19537850619842073
1633,-4.929621169637754,0.19518312769222232
1634,-7.015739041190177,0.19498794456453009
1635,-6.2741976494188325,0.19479295661996557
1636,-6.1537135496978514,0.1945981636633456
1637,-5.943773803425492,0.19440356549968224
1638,-4.626923027735095,0.19420916193418256
1639,-5.206343170536466,0.19401495277224837
1640,-5.7847695383261755,0.19382093781947612
1641,-5.408637955639696,0.19362711688165665
1642,-6.211764891541961,0.193433489764775
1643,-2.5926471922562726,0.19324005627501023
1644,-5.950145275104279,0.1930468162187352
1645,-4.32184529383899,0.19285376940251647
1646,-4.801880120664025,0.19266091563311397
1647,-7.106257446780928,0.19246825471748086
1648,-4.0658577433500085,0.1922757864627634
1649,-5.289916405467867,0.1920835106763006
1650,-5.393549067458001,0.19189142716562432
1651,-6.164206903162006,0.1916995357384587
1652,-7.062797138103813,0.19150783620272022
1653,-7.1356983439977055,0.1913163283665175
1654,-6.671428493855429,0.19112501203815097
1655,-6.952104225783147,0.1909338870261128
1656,-5.214915189387096,0.19074295313908668
1657,-5.217263533503477,0.1905522101859476
1658,-7.1835130457415834,0.19036165797576166
1659,-4.722812339489644,0.1901712963177859
1660,-4.184239038840589,0.1899811250214681
1661,-4.784173632277541,0.18979114389644663
1662,-2.315305374361368,0.1896013527525502
1663,-5.401647917019263,0.18941175139979763
1664,-8.944222312209828,0.18922233964839782
1665,-4.427753087986323,0.18903311730874942
1666,-5.106654328210527,0.18884408419144066
1667,-4.437065615821771,0.1886552401072492
1668,-2.2613892276165406,0.18846658486714196
1669,-4.4559887638674525,0.1882781182822748
1670,-2.984597472580901,0.18808984016399252
1671,-5.1752411472077595,0.18790175032382853
1672,-2.884572625462389,0.1877138485735047
1673,-5.732341565447712,0.1875261347249312
1674,-2.0899942490275603,0.1873386085902063
1675,-3.392859002645915,0.18715126998161608
1676,-7.330641540038197,0.18696411871163446
1677,-2.577460482160241,0.18677715459292282
1678,-5.273896406699554,0.1865903774383299
1679,-2.057185612174624,0.18640378706089158
1680,-2.7454139779766575,0.1862173832738307
1681,-5.085212696474556,0.18603116589055688
1682,-1.5516858322255958,0.18584513472466632
1683,-5.782917730940079,0.18565928958994166
1684,-1.919231131554676,0.18547363030035172
1685,-6.580219356389456,0.18528815667005136
1686,-3.0923559580823543,0.1851028685133813
1687,-2.711142141053005,0.18491776564486792
1688,-5.291047512444338,0.18473284787922306
1689,-5.081188056420174,0.18454811503134383
1690,-6.920476180068106,0.18436356691631248
1691,-2.415378185472304,0.18417920334939616
1692,-6.947837412945471,0.18399502414604677
1693,-6.420425395322434,0.18381102912190073
1694,-1.8907867627816461,0.18362721809277882
1695,-5.4842885117746025,0.18344359087468604
1696,-7.450643836031674,0.18326014728381135
1697,-7.397538635931076,0.18307688713652753
1698,-3.2101311947372495,0.182893810249391
1699,-2.3510237519406476,0.1827109164391416
1700,-6.146142936745147,0.18252820552270246
1701,-3.306579748076634,0.18234567731717977
1702,-8.003688896951523,0.1821633316398626
1703,-4.774091983426358,0.18198116830822272
1704,-7.7953680868526805,0.1817991871399145
1705,-3.5407032246013124,0.18161738795277457
1706,-5.295079513704577,0.1814357705648218
1707,-5.673340811093459,0.18125433479425698
1708,-4.599489009208485,0.18107308045946272
1709,-7.361585471118886,0.18089200737900324
1710,-5.313801656748337,0.18071111537162424
1711,-3.3668673094165267,0.1805304042562526
1712,-5.097653141053529,0.18034987385199636
1713,-4.5694057789886156,0.18016952397814437
1714,-5.5002778356498485,0.17998935445416622
1715,-7.842842324874006,0.17980936509971204
1716,-2.9039613659927195,0.17962955573461234
1717,-4.124649216535853,0.17944992617887773
1718,-7.981646472419228,0.17927047625269885
1719,-7.137863136780968,0.17909120577644616
1720,-5.430917105017308,0.17891211457066972
1721,-5.135104414758922,0.17873320245609906
1722,-3.2058614776455707,0.17855446925364296
1723,-7.0040898288825035,0.17837591478438933
1724,-7.271995068531323,0.17819753886960493
1725,-6.916933390623221,0.17801934133073533
1726,-2.873504095296093,0.17784132198940458
1727,-5.556519134126066,0.1776634806674152
1728,-2.224856474032088,0.17748581718674777
1729,-5.634658136144321,0.17730833136956103
1730,-5.7565205544518925,0.17713102303819148
1731,-4.892990361047277,0.1769538920151533
1732,-6.980446059441807,0.17677693812313813
1733,-5.097438161375759,0.17660016118501498
1734,-6.590728706830225,0.17642356102382997
1735,-5.816681248092877,0.17624713746280615
1736,-7.203655322835452,0.17607089032534334
1737,-5.671067105133991,0.175894819435018
1738,-3.979020984318203,0.17571892461558297
1739,-4.788472529277145,0.1755432056909674
1740,-4.765191816090229,0.17536766248527644
1741,-6.837593570784488,0.17519229482279117
1742,-6.860709527008327,0.17501710252796837
1743,-7.289509180326309,0.1748420854254404
1744,-4.5094757375340375,0.17466724334001496
1745,-6.771424583906171,0.17449257609667496
1746,-5.343577941320827,0.1743180835205783
1747,-6.743576390858109,0.1741437654370577
1748,-5.985689093629979,0.17396962167162064
1749,-5.533657099131352,0.173795652049949
1750,-6.750044095051543,0.17362185639789907
1751,-5.408059792299063,0.17344823454150116
1752,-6.3239967338619385,0.17327478630695967
1753,-6.024005874495256,0.1731015115206527
1754,-5.585121074323135,0.17292841000913206
1755,-5.971639342741821,0.17275548159912293
1756,-5.856658254697184,0.17258272611752382
1757,-7.803039227216562,0.17241014339140628
1758,-4.19659167340487,0.1722377332480149
1759,-5.5157923660313015,0.17206549551476688
1760,-6.963464656875919,0.1718934300192521
1761,-6.892096405887768,0.17172153658923286
1762,-2.3777016361564685,0.17154981505264363
1763,-2.996597256592461,0.17137826523759098
1764,-2.06481748968735,0.1712068869723534
1765,-2.493248494820843,0.17103568008538103
1766,-3.355216995550923,0.17086464440529564
1767,-2.1879883107783673,0.17069377976089034
1768,-2.5304285835709632,0.17052308598112945
1769,-3.418061614896199,0.17035256289514833
1770,-1.7664227473114578,0.17018221033225317
1771,-2.2049673575176105,0.17001202812192093
1772,-1.9838747631365796,0.169842016093799
1773,-6.841783027877536,0.1696721740777052
1774,-2.8170838253362684,0.1695025019036275
1775,-3.4708794763122333,0.1693329994017239
1776,-2.8094865376382834,0.16916366640232217
1777,-1.887544761252155,0.16899450273591984
1778,-2.2763833677219067,0.16882550823318393
1779,-2.241341737274093,0.16865668272495074
1780,-2.2465553709696855,0.1684880260422258
1781,-2.956065860251513,0.16831953801618357
1782,-2.6849541555499576,0.16815121847816739
1783,-6.022934394539684,0.16798306725968923
1784,-2.251004852172512,0.16781508419242955
1785,-2.556300803560647,0.16764726910823713
1786,-2.200459645954927,0.1674796218391289
1787,-2.0327908513495445,0.16731214221728977
1788,-2.155988241495556,0.16714483007507247
1789,-2.0176272472156858,0.1669776852449974
1790,-3.9384488080621702,0.1668107075597524
1791,-3.115620146902113,0.16664389685219266
1792,-1.7654788666344194,0.16647725295534047
1793,-2.262865816346841,0.16631077570238512
1794,-2.576744883562483,0.16614446492668272
1795,-2.6237184809502634,0.16597832046175603
1796,-4.958276534542753,0.16581234214129428
1797,-2.397226408669854,0.16564652979915298
1798,-3.137637864675334,0.16548088326935384
1799,-2.692119770192982,0.1653154023860845
1800,-1.745150008690483,0.1651500869836984
1801,-2.3389657301280837,0.1649849368967147
1802,-2.948121719557365,0.164819951959818
1803,-1.9901795742524864,0.16465513200785817
1804,-2.610267848851793,0.1644904768758503
1805,-2.3057723313008633,0.16432598639897444
1806,-2.4070762020742444,0.16416166041257546
1807,-5.109880189520119,0.16399749875216288
1808,-2.5629026766516656,0.16383350125341073
1809,-2.4749638242400525,0.16366966775215733
1810,-5.292329065164028,0.16350599808440516
1811,-6.140919925570828,0.16334249208632076
1812,-2.1730776884385503,0.16317914959423443
1813,-6.861185046588478,0.1630159704446402
1814,-7.150060899771823,0.16285295447419557
1815,-6.555497217035541,0.16269010151972138
1816,-5.526983263366057,0.16252741141820165
1817,-2.2264039914643767,0.16236488400678345
1818,-3.4861902138733027,0.16220251912277667
1819,-5.45786527793805,0.1620403166036539
1820,-2.244276968697615,0.16187827628705023
1821,-2.853715220656064,0.16171639801076318
1822,-3.9259846191666576,0.1615546816127524
1823,-4.264493231157789,0.16139312693113966
1824,-2.713527546141057,0.16123173380420852
1825,-6.987234583438271,0.16107050207040433
1826,-5.772817337791366,0.16090943156833393
1827,-5.231549175667555,0.1607485221367656
1828,-7.423590151214236,0.16058777361462884
1829,-6.26243442326979,0.1604271858410142
1830,-7.758407361600371,0.16026675865517317
1831,-2.6331247563659566,0.160106491896518
1832,-5.252204669279278,0.15994638540462147
1833,-6.112996571142565,0.15978643901921685
1834,-6.1412578618544575,0.15962665258019765
1835,-6.846659154911931,0.15946702592761744
1836,-6.918770364422281,0.15930755890168982
1837,-5.262338229726584,0.15914825134278812
1838,-6.01695752645378,0.15898910309144534
1839,-5.792891655175421,0.1588301139883539
1840,-5.938420441995819,0.15867128387436555
1841,-6.761616274265281,0.15851261259049118
1842,-5.165777388643825,0.1583540999779007
1843,-6.276758658333546,0.1581957458779228
1844,-5.940217416466043,0.15803755013204487
1845,-4.679536113782053,0.15787951258191282
1846,-8.702861873247674,0.1577216330693309
1847,-6.0424266237765885,0.15756391143626158
1848,-2.934907549664091,0.15740634752482532
1849,-4.436022889923573,0.1572489411773005
1850,-4.315326522189592,0.1570916922361232
1851,-6.423258655236553,0.15693460054388708
1852,-3.8217685005279693,0.1567776659433432
1853,-2.057847940473755,0.15662088827739984
1854,-6.585100872492012,0.15646426738912245
1855,-7.66179750512083,0.1563078031217333
1856,-2.9543748541084556,0.15615149531861158
1857,-5.812874817429528,0.15599534382329297
1858,-6.133812681700828,0.15583934847946967
1859,-2.8117751516963057,0.15568350913099022
1860,-2.879309580619261,0.15552782562185924
1861,-7.601050492859557,0.15537229779623737
1862,-4.045048416528079,0.15521692549844113
1863,-3.4310698958716492,0.15506170857294269
1864,-5.8642008309,0.15490664686436975
1865,-5.445099235938849,0.15475174021750537
1866,-6.352520558189107,0.15459698847728787
1867,-4.639664995011549,0.1544423914888106
1868,-7.634212438710049,0.15428794909732177
1869,-3.2472100857370907,0.15413366114822444
1870,-2.0165954663312875,0.15397952748707622
1871,-2.407602995306284,0.15382554795958914
1872,-2.302844119548508,0.15367172241162955
1873,-5.400848355621385,0.15351805068921792
1874,-5.459800665320425,0.1533645326385287
1875,-2.3267324528133666,0.15321116810589017
1876,-6.532540994681799,0.1530579569377843
1877,-5.7805524411186475,0.1529048989808465
1878,-5.561587330555738,0.15275199408186566
1879,-4.272133057699232,0.15259924208778378
1880,-5.22395374272789,0.15244664284569598
1881,-5.289261986718342,0.15229419620285028
1882,-5.5415446722905655,0.15214190200664743
1883,-2.574794513280444,0.15198976010464077
1884,-2.374188861149777,0.15183777034453613
1885,-4.2398993014949475,0.1516859325741916
1886,-3.5013196728173748,0.1515342466416174
1887,-2.4010264592062436,0.1513827123949758
1888,-1.9552603637617794,0.15123132968258082
1889,-6.477213013461577,0.15108009835289823
1890,-2.353774206312871,0.15092901825454533
1891,-2.8186280548088836,0.15077808923629077
1892,-3.645953735906062,0.15062731114705447
1893,-1.7673111777024104,0.1504766838359074
1894,-6.987070283190756,0.15032620715207148
1895,-6.648316341172734,0.1501758809449194
1896,-6.850826122264635,0.15002570506397447
1897,-6.482124211628598,0.1498756793589105
1898,-6.066189357487637,0.14972580367955157
1899,-3.145308829803332,0.14957607787587202
1900,-8.061135268575304,0.14942650179799613
1901,-2.7335490592538787,0.14927707529619813
1902,-3.0669454973769117,0.14912779822090194
1903,-4.237448109597633,0.14897867042268104
1904,-1.159720281946547,0.14882969175225835
1905,-3.5016512588986606,0.1486808620605061
1906,-5.074118607201976,0.14853218119844558
1907,-6.061498263206685,0.14838364901724713
1908,-4.389512074762267,0.14823526536822987
1909,-6.120964825942721,0.14808703010286164
1910,-1.7794296315127012,0.1479389430727588
1911,-7.728781714344784,0.14779100412968604
1912,-3.9807548926857566,0.14764321312555637
1913,-5.159844568698847,0.14749556991243082
1914,-3.5883102082150202,0.1473480743425184
1915,-1.820914110070725,0.14720072626817587
1916,-4.981374640098029,0.1470535255419077
1917,-2.1872775893952183,0.1469064720163658
1918,-5.12035272004888,0.14675956554434944
1919,-5.861018677825971,0.14661280597880508
1920,-5.3165591051102705,0.14646619317282628
1921,-6.099082459747372,0.14631972697965345
1922,-3.0860512544537957,0.1461734072526738
1923,-7.4894721116195555,0.14602723384542113
1924,-7.6631788544868265,0.14588120661157572
1925,-3.579918715977925,0.14573532540496414
1926,-5.27864767288761,0.14558959007955918
1927,-6.498764581672267,0.1454440004894796
1928,-6.0974514120684615,0.14529855648899012
1929,-6.152215288429424,0.14515325793250114
1930,-7.901455215363903,0.14500810467456865
1931,-5.903914520347486,0.14486309656989407
1932,-6.401705755040366,0.1447182334733242
1933,-5.549297825837549,0.14457351523985087
1934,-6.660713441421135,0.14442894172461102
1935,-5.480478690608226,0.1442845127828864
1936,-6.561858413418282,0.1441402282701035
1937,-6.7724477219332355,0.1439960880418334
1938,-4.747580372382224,0.14385209195379156
1939,-5.516905871966175,0.14370823986183776
1940,-5.363014748516355,0.1435645316219759
1941,-6.744811688066088,0.14342096709035393
1942,-7.351348274584569,0.14327754612326357
1943,-4.863788023289712,0.14313426857714032
1944,-3.2429592821043154,0.14299113430856317
1945,-3.164237940365135,0.1428481431742546
1946,-6.411361497022275,0.14270529503108034
1947,-6.3878156989957615,0.14256258973604927
1948,-5.195025299175834,0.14242002714631322
1949,-2.884572625462389,0.1422776071191669
1950,-7.767683088861139,0.14213532951204774
1951,-2.434898501115736,0.1419931941825357
1952,-5.271467584519808,0.14185120098835316
1953,-5.5991327716930375,0.1417093497873648
1954,-2.6246617441873252,0.14156764043757744
1955,-4.076892168475831,0.14142607279713987
1956,-2.057185612174624,0.14128464672434274
1957,-3.7744924131696704,0.1411433620776184
1958,-6.791486330868096,0.14100221871554078
1959,-5.763340143526765,0.14086121649682523
1960,-6.828782592247101,0.14072035528032842
1961,-1.919231131554676,0.1405796349250481
1962,-6.804047713787015,0.14043905529012304
1963,-5.783248801386248,0.14029861623483292
1964,-2.711142141053005,0.1401583176185981
1965,-5.291047512444338,0.1400181593009795
1966,-3.7476212317483193,0.1398781411416785
1967,-4.905590519864058,0.13973826300053682
1968,-3.5032250344168068,0.13959852473753628
1969,-6.957301722847086,0.13945892621279873
1970,-3.609055948086789,0.13931946728658592
1971,-2.0522890560207108,0.13918014781929933
1972,-6.168215006118,0.13904096767148003
1973,-6.6285101024829185,0.13890192670380855
1974,-6.712127296598196,0.13876302477710473
1975,-3.2101311947372495,0.13862426175232762
1976,-2.3510237519406476,0.1384856374905753
1977,-2.156707992445844,0.13834715185308472
1978,-3.306579748076634,0.13820880470123162
1979,-3.3331366353914222,0.1380705958965304
1980,-5.870751201993288,0.13793252530063388
1981,-3.298001225694776,0.13779459277533324
1982,-5.010963456729854,0.1376567981825579
1983,-4.507082090912092,0.13751914138437535
1984,-1.9512242225028449,0.13738162224299097
1985,-4.647686333977271,0.13724424062074797
1986,-8.508388772805123,0.13710699638012722
1987,-5.307622073970407,0.1369698893837471
1988,-3.3668673094165267,0.13683291949436335
1989,-6.256104290486859,0.13669608657486898
1990,-6.596864135246866,0.1365593904882941
1991,-4.380764139526796,0.1364228310978058
1992,-4.6279290502879835,0.13628640826670801
1993,-2.9039613659927195,0.1361501218584413
1994,-7.4652871608197655,0.13601397173658286
1995,-5.830779690597531,0.1358779577648463
1996,-6.390787963186648,0.13574207980708144
1997,-5.021613055932149,0.13560633772727437
1998,-4.263167965468819,0.1354707313895471
1999,-3.0270947430493473,0.13533526065815754
2000,-8.17187145676277,0.1351999253974994
2001,-7.009391368512543,0.13506472547210188
2002,-5.550923689854773,0.1349296607466298
2003,-2.873504095296093,0.13479473108588316
2004,-4.8647800834877,0.13465993635479728
2005,-2.224856474032088,0.13452527641844247
2006,-5.634658136144321,0.13439075114202403
2007,-6.281991951228641,0.134256360390882
2008,-5.099752410763783,0.13412210403049113
2009,-6.724154552494708,0.13398798192646064
2010,-2.6882979371810274,0.13385399394453418
2011,-6.861051156805612,0.13372013995058965
2012,-5.173402642253231,0.13358641981063907
2013,-2.4598550394245153,0.13345283339082842
2014,-5.216533920249527,0.13331938055743758
2015,-4.367874622347938,0.13318606117688014
2016,-7.207238340611711,0.13305287511570327
2017,-5.325668123516681,0.13291982224058757
2018,-5.163773843272901,0.13278690241834698
2019,-5.449637767090335,0.13265411551592862
2020,-5.203742114762565,0.13252146140041268
2021,-6.659672634932452,0.13238893993901227
2022,-5.541448163418547,0.13225655099907327
2023,-5.45644997104089,0.1321242944480742
2024,-5.1491250811506895,0.13199217015362613
2025,-6.490575570951676,0.1318601779834725
2026,-5.8453785544361985,0.13172831780548902
2027,-6.2908557973572155,0.13159658948768352
2028,-5.338345014553284,0.13146499289819583
2029,-4.916762320707574,0.13133352790529762
2030,-5.761552430720394,0.13120219437739233
2031,-5.60721482164653,0.13107099218301493
2032,-4.6196783296823085,0.13093992119083192
2033,-3.328673452249514,0.13080898126964108
2034,-1.804905238638551,0.13067817228837145
2035,-3.8274799248445204,0.13054749411608307
2036,-4.4456833627186985,0.13041694662196698
2037,-6.088220886848827,0.13028652967534501
2038,-4.378979723884129,0.13015624314566968
2039,-2.3777016361564685,0.130026086902524
2040,-2.421000694516068,0.1298960608156215
2041,-2.5988619545447773,0.12976616475480587
2042,-2.7381649684403495,0.12963639859005108
2043,-4.029142739328942,0.12950676219146104
2044,-2.2936241279300296,0.1293772554292696
2045,-2.6378497024520056,0.1292478781738403
2046,-2.512383870773928,0.12911863029566648
2047,-2.2040899432513053,0.12898951166537082
2048,-2.0391578025480332,0.12886052215370544
2049,-2.687470698095416,0.12873166163155172
2050,-1.8272847547206477,0.12860292996992018
2051,-2.729419850741657,0.12847432703995026
2052,-2.2776005079403596,0.12834585271291032
2053,-4.10871880351884,0.12821750686019742
2054,-4.749981877570748,0.12808928935333722
2055,-2.1612818127418447,0.12796120006398387
2056,-2.2550075887436716,0.1278332388639199
2057,-2.486096709715391,0.12770540562505597
2058,-2.0234803636746834,0.1275777002194309
2059,-2.937122121749799,0.12745012251921148
2060,-2.465754696271753,0.12732267239669226
2061,-2.332748249674732,0.12719534972429558
2062,-3.1254956170571737,0.12706815437457128
2063,-2.834214473826021,0.1269410862201967
2064,-1.7362541400948641,0.1268141451339765
2065,-2.413349831012296,0.12668733098884255
2066,-2.8264557196811806,0.12656064365785372
2067,-2.5727557133007473,0.12643408301419587
2068,-3.3083802347672164,0.12630764893118168
2069,-5.29395750991214,0.1261813412822505
2070,-2.765406683634997,0.12605515994096825
2071,-5.112505252153916,0.12592910478102728
2072,-6.438699034035846,0.12580317567624627
2073,-3.0409458259785738,0.12567737250057
2074,-1.8246345648377944,0.12555169512806943
2075,-3.2336525330359995,0.12542614343294137
2076,-2.846694178785006,0.12530071728950842
2077,-2.3474524443732094,0.12517541657221892
2078,-3.356570360752234,0.1250502411556467
2079,-2.092025643980778,0.12492519091449104
2080,-6.681049982698056,0.12480026572357655
2081,-2.332927779663668,0.12467546545785298
2082,-3.528899384579737,0.12455078999239512
2083,-3.544693450910879,0.12442623920240273
2084,-1.570299472073041,0.12430181296320032
2085,-3.5936848286465106,0.12417751115023712
2086,-4.553426452487628,0.12405333363908688
2087,-3.0018761493203674,0.1239292803054478
2088,-5.746476610592321,0.12380535102514234
2089,-2.384689857029097,0.1236815456741172
2090,-5.658014926420858,0.12355786412844308
2091,-4.9527875742478695,0.12343430626431463
2092,-3.055433788999409,0.12331087195805032
2093,-2.914425200782242,0.12318756108609227
2094,-5.395321648464179,0.12306437352500618
2095,-4.961148423694887,0.12294130915148117
2096,-3.16014722210477,0.12281836784232969
2097,-4.681601936468571,0.12269554947448735
2098,-2.6843602322475397,0.12257285392501287
2099,-6.810906321538612,0.12245028107108785
2100,-6.434094441879263,0.12232783079001676
2101,-5.032991848209409,0.12220550295922675
2102,-5.8216030024444505,0.12208329745626752
2103,-4.644813380433744,0.12196121415881125
2104,-6.333047803317132,0.12183925294465245
2105,-6.767980063816885,0.1217174136917078
2106,-3.910227872616264,0.12159569627801609
2107,-7.020308568388539,0.12147410058173808
2108,-5.64452867139411,0.12135262648115634
2109,-4.101469984026475,0.12123127385467519
2110,-6.067874699521266,0.12111004258082052
2111,-5.241891026861895,0.1209889325382397
2112,-6.328046429596176,0.12086794360570145
2113,-5.086894021294775,0.12074707566209575
2114,-6.502655915111857,0.12062632858643366
2115,-4.8079749107860685,0.12050570225784722
2116,-4.057049156134434,0.12038519655558938
2117,-7.7347195087547265,0.12026481135903379
2118,-1.7783343942965222,0.12014454654767476
2119,-5.622306553594955,0.12002440200112709
2120,-6.702709228556117,0.11990437759912596
2121,-6.545881422865355,0.11978447322152684
2122,-6.549450512388514,0.11966468874830531
2123,-6.557147356642208,0.11954502405955701
2124,-4.970422439256312,0.11942547903549745
2125,-5.323841494375421,0.11930605355646196
2126,-4.4182523278473855,0.11918674750290549
2127,-6.010677263113892,0.11906756075540259
2128,-3.858258339812517,0.11894849319464719
2129,-2.057847940473755,0.11882954470145254
2130,-5.540304097195401,0.11871071515675109
2131,-4.164735216700671,0.11859200444159435
2132,-2.9543748541084556,0.11847341243715274
2133,-6.5443069822455175,0.1183549390247156
2134,-7.5249897723189685,0.11823658408569088
2135,-2.8117751516963057,0.11811834750160519
2136,-2.7933097320729674,0.11800022915410358
2137,-8.030411059421482,0.11788222892494947
2138,-5.150701431288572,0.11776434669602452
2139,-3.4310698958716492,0.1176465823493285
2140,-3.1896848849293225,0.11752893576697916
2141,-5.108354672582281,0.11741140683121218
2142,-5.435126537948898,0.11729399542438097
2143,-4.699415209699453,0.11717670142895659
2144,-4.98302818072751,0.11705952472752763
2145,-2.2370238222401513,0.1169424652028001
2146,-4.9760974257903685,0.1168255227375973
2147,-2.407602995306284,0.1167086972148597
2148,-2.103517073599991,0.11659198851764484
2149,-4.8011710960752,0.1164753965291272
2150,-5.713388941654645,0.11635892113259806
2151,-1.8908842533482348,0.11624256221146546
2152,-4.976599883176533,0.116126319649254
2153,-2.3033291719303755,0.11601019332960474
2154,-4.194275141280004,0.11589418313627514
2155,-5.053688579310306,0.11577828895313887
2156,-4.771771610014033,0.11566251066418573
2157,-5.241989864903191,0.11554684815352155
2158,-7.08011800912538,0.11543130130536802
2159,-2.536682554668777,0.11531587000406265
2160,-2.8876944432730283,0.1152005541340586
2161,-6.216049879348745,0.11508535357992454
2162,-3.571460228728289,0.11497026822634461
2163,-2.46541499329664,0.11485529795811826
2164,-2.038189024310736,0.11474044266016015
2165,-6.477544513253416,0.11462570221749999
2166,-2.4665595739255477,0.11451107651528249
2167,-2.878411325120957,0.11439656543876721
2168,-5.37347857552904,0.11428216887332844
2169,-1.8303918880392034,0.11416788670445512
2170,-4.73333666917145,0.11405371881775066
2171,-6.648316341172734,0.11393966509893291
2172,-2.8241091465960544,0.11382572543383399
2173,-6.298687706640738,0.11371189970840015
2174,-6.396452287176388,0.11359818780869176
2175,-3.145308829803332,0.11348458962088306
2176,-6.54893649047594,0.11337110503126219
2177,-1.9493478718010306,0.11325773392623092
2178,-6.3311527777275405,0.1131444761923047
2179,-4.846570101827924,0.11303133171611239
2180,-4.495148430719603,0.11291830038439628
2181,-4.813619451628953,0.11280538208401188
2182,-4.307248789039868,0.11269257670192787
2183,-2.7974541663740697,0.11257988412522593
2184,-4.8757491928251255,0.1124673042411007
2185,-5.866645114795279,0.1123548369368596
2186,-4.6791415249676875,0.11224248209992274
2187,-7.367305287216912,0.11213023961782281
2188,-3.9807548926857566,0.11201810937820499
2189,-4.5110166704312995,0.11190609126882678
2190,-3.1110567539155816,0.11179418517755796
2191,-1.820914110070725,0.1116823909923804
2192,-3.975301322726125,0.11157070860138803
2193,-5.077735198249396,0.11145913789278664
2194,-4.246495316267405,0.11134767875489385
2195,-4.639605448620581,0.11123633107613895
2196,-3.9606295499338056,0.11112509474506281
2197,-6.433776839519691,0.11101396965031775
2198,-3.0860512544537957,0.11090295568066744
2199,-5.644424650958063,0.11079205272498677
2200,-6.176389340336402,0.11068126067226178
2201,-4.944956313383453,0.11057057941158951
2202,-6.299094574490829,0.11046000883217792
2203,-5.790260772413319,0.11034954882334574
2204,-6.0974514120684615,0.1102391992745224
2205,-5.276851866427098,0.11012896007524788
2206,-5.417875243568528,0.11001883111517263
2207,-5.448972355084598,0.10990881228405747
2208,-6.515515513710391,0.10979890347177342
2209,-4.596006056434914,0.10968910456830164
2210,-6.059328539770472,0.10957941546373333
2211,-6.781145297887262,0.1094698360482696
2212,-6.7334429747815605,0.10936036621222132
2213,-6.335370630709914,0.10925100584600911
2214,-2.0890321584365013,0.1091417548401631
2215,-5.7277774071812315,0.10903261308532293
2216,-5.201260143917059,0.1089235804722376
2217,-6.206949471301163,0.10881465689176537
2218,-7.471417916151498,0.1087058422348736
2219,-5.238958234809991,0.10859713639263872
2220,-3.2429592821043154,0.10848853925624609
2221,-2.7568727166474805,0.10838005071698985
2222,-2.9499705226615176,0.10827167066627286
2223,-3.5347420329401893,0.10816339899560658
2224,-1.370175049899344,0.10805523559661097
2225,-3.435191095488735,0.10794718036101436
2226,-2.053263676140193,0.10783923318065335
2227,-2.952704736476131,0.10773139394747269
2228,-2.809501099881239,0.10762366255352522
2229,-3.7192942166542107,0.1075160388909717
2230,-1.9889062590619744,0.10740852285208072
2231,-2.8836701448476805,0.10730111432922863
2232,-2.655324228651407,0.1071938132148994
2233,-2.88595506459022,0.1070866194016845
2234,-1.682376081971802,0.10697953278228281
2235,-2.5995134095846177,0.10687255324950053
2236,-1.772058202629028,0.10676568069625103
2237,-2.7326564040168178,0.10665891501555477
2238,-2.6885439091190073,0.10655225610053921
2239,-4.206150334846654,0.10644570384443867
2240,-2.812478208985479,0.10633925814059424
2241,-2.188024966630008,0.10623291888245365
2242,-3.2350456344997673,0.1061266859635712
2243,-1.8698796070110675,0.10602055927760762
2244,-3.796336947279715,0.10591453871833001
2245,-2.185167426021276,0.10580862417961168
2246,-1.80974598939645,0.10570281555543207
2247,-3.254525436544916,0.10559711273987664
2248,-2.565637065284266,0.10549151562713677
2249,-5.324694388866007,0.10538602411150963
2250,-2.6852056333682794,0.10528063808739813
2251,-4.4242757486343915,0.10517535744931072
2252,-2.8607410221848304,0.10507018209186142
2253,-3.2897793582226584,0.10496511190976955
2254,-3.5517534257633185,0.10486014679785978
2255,-2.3532628265910325,0.10475528665106192
2256,-2.610813896194017,0.10465053136441085
2257,-2.917984413313708,0.10454588083304645
2258,-3.1921360531041527,0.1044413349522134
2259,-3.476908277117176,0.10433689361726119
2260,-4.274984343581336,0.10423255672364393
2261,-2.3451484575437647,0.10412832416692028
2262,-3.279735436292173,0.10402419584275335
2263,-5.523475306294777,0.1039201716469106
2264,-5.653385420510264,0.10381625147526369
2265,-5.334591240512475,0.10371243522378842
2266,-3.016128758524277,0.10360872278856463
2267,-2.414451352563259,0.10350511406577606
2268,-6.292313447496,0.10340160895171029
2269,-4.989056138710269,0.10329820734275857
2270,-6.168331351313501,0.10319490913541582
2271,-3.5231224909977343,0.1030917142262804
2272,-3.961731144747213,0.10298862251205412
2273,-5.84498787249451,0.10288563388954207
2274,-3.4029114596164702,0.10278274825565252
2275,-2.5697995656113006,0.10267996550739687
2276,-4.279398377375917,0.10257728554188948
2277,-6.847427529822257,0.1024747082563476
2278,-3.2008590638423153,0.10237223354809125
2279,-6.029822781006288,0.10226986131454316
2280,-6.987577009287406,0.10216759145322861
2281,-5.890099300842362,0.10206542386177538
2282,-6.745806436379041,0.1019633584379136
2283,-4.313220635221999,0.10186139507947568
2284,-6.630019258482665,0.1017595336843962
2285,-5.861269832786549,0.10165777415071181
2286,-5.819194615809048,0.1015561163765611
2287,-5.609726399933047,0.10145456026018454
2288,-2.7347859798368006,0.10135310569992435
2289,-5.831503110619352,0.10125175259422443
2290,-5.715138316382942,0.10115050084163021
2291,-5.239194748455689,0.10104935034078859
2292,-6.415528492198218,0.1009483009904478
2293,-3.1718888032714823,0.10084735268945735
2294,-5.751699242155438,0.10074650533676789
2295,-5.587136099564276,0.10064575883143112
2296,-7.280190248640102,0.1005451130725997
2297,-5.705542938459189,0.1004445679595271
2298,-5.52187104802336,0.10034412339156756
2299,-5.201838989674144,0.100243779268176
2300,-4.656224304905995,0.10014353548890782
2301,-4.468001459350636,0.10004339195341891
2302,-5.312678319104126,0.09994334856146549
2303,-4.729284645439919,0.09984340521290402
2304,-4.258874458085479,0.09974356180769112
2305,-6.696396467322776,0.09964381824588342
2306,-3.0659881232486623,0.09954417442763754
2307,-3.9185626618137572,0.0994446302532099
2308,-5.343612183666561,0.09934518562295669
2309,-3.423188412172288,0.09924584043733373
2310,-6.468165884561044,0.0991465945968964
2311,-6.166470548550205,0.0990474480022995
2312,-7.045759435612416,0.09894840055429721
2313,-3.352890218804675,0.09884945215374291
2314,-1.8716356301652837,0.09875060270158917
2315,-2.830109405402358,0.09865185209888758
2316,-3.1021089754977824,0.0985532002467887
2317,-2.540413669111026,0.0984546470465419
2318,-2.0328801657453095,0.09835619239949536
2319,-5.6018626522659325,0.09825783620709587
2320,-2.4965378497695334,0.09815957837088878
2321,-7.280668065286008,0.09806141879251788
2322,-6.901422002828725,0.09796335737372537
2323,-5.559268003901454,0.09786539401635165
2324,-4.982625433815661,0.0977675286223353
2325,-1.8670200796474223,0.09766976109371296
2326,-4.874223376671226,0.09757209133261925
2327,-2.3117844482877907,0.09747451924128663
2328,-5.283977623126198,0.09737704472204534
2329,-3.08544803808469,0.0972796676773233
2330,-3.264395342400311,0.09718238800964597
2331,-4.759027361666673,0.09708520562163633
2332,-2.5036442360114295,0.09698812041601469
2333,-2.900258639151774,0.09689113229559868
2334,-2.4742253092419295,0.09679424116330308
2335,-2.7609736633293624,0.09669744692213977
2336,-4.467860484276613,0.09660074947521763
2337,-2.745972642124103,0.09650414872574241
2338,-5.096216099550577,0.09640764457701667
2339,-3.133805958725632,0.09631123693243965
2340,-1.8543143514178233,0.09621492569550721
2341,-4.0281778313314565,0.09611871076981171
2342,-7.061792396023101,0.0960225920590419
2343,-6.306375723735844,0.09592656946698286
2344,-5.910443086687494,0.09583064289751587
2345,-4.403054554422662,0.09573481225461836
2346,-7.195124393977043,0.09563907744236373
2347,-5.344406283796852,0.09554343836492137
2348,-4.903993220219175,0.09544789492655645
2349,-5.086708613265049,0.09535244703162989
2350,-3.4701085148166984,0.09525709458459826
2351,-4.1225745108134415,0.09516183749001367
2352,-5.591236267137342,0.09506667565252365
2353,-2.7849495319122712,0.09497160897687112
2354,-2.56212965642415,0.09487663736789426
2355,-2.0308737824388006,0.09478176073052637
2356,-7.7618775161369165,0.09468697896979585
2357,-4.763892867843463,0.09459229199082606
2358,-6.902133200531244,0.09449769969883523
2359,-4.589910674147378,0.09440320199913639
2360,-5.6934362726857835,0.09430879879713726
2361,-5.852135293468886,0.09421448999834012
2362,-7.010911770250997,0.09412027550834177
2363,-7.097332277305897,0.09402615523283343
2364,-7.393828489760556,0.0939321290776006
2365,-2.4614163874526187,0.093838196948523
2366,-5.255671046858373,0.09374435875157447
2367,-5.649084235000597,0.09365061439282289
2368,-7.863749370694716,0.09355696377843006
2369,-2.0725404873369135,0.09346340681465164
2370,-7.253447606324141,0.09336994340783698
2371,-6.456704121758204,0.09327657346442915
2372,-6.990985185157909,0.09318329689096472
2373,-8.056418712341094,0.09309011359407375
2374,-5.517138432664524,0.09299702348047968
2375,-5.599489419163479,0.0929040264569992
2376,-6.035846449449514,0.09281112243054221
2377,-5.841666383856852,0.09271831130811167
2378,-5.7878586325565795,0.09262559299680356
2379,-7.044050944961901,0.09253296740380676
2380,-5.347144367771278,0.09244043443640296
2381,-5.07199369441525,0.09234799400196655
2382,-5.957092235516794,0.09225564600796458
2383,-6.291595606120357,0.09216339036195662
2384,-4.845177326870797,0.09207122697159466
2385,-6.252498853412259,0.09197915574462306
2386,-7.162968845351575,0.09188717658887845
2387,-5.627008136726541,0.09179528941228957
2388,-5.056458077566859,0.09170349412287727
2389,-6.566726383277175,0.0916117906287544
2390,-5.249386848845381,0.09152017883812565
2391,-5.1425638178862565,0.09142865865928752
2392,-5.237402873435823,0.09133723000062824
2393,-4.8720623396165,0.09124589277062761
2394,-4.7410039670220385,0.09115464687785699
2395,-7.023927760512902,0.09106349223097913
2396,-7.597750118270779,0.09097242873874815
2397,-6.192500722467808,0.0908814563100094
2398,-5.914481789589267,0.0907905748536994
2399,-5.131358860019641,0.0906997842788457
2400,-3.858258339812517,0.09060908449456685
2401,-2.057847940473755,0.09051847541007228
2402,-6.001543109727538,0.09042795693466221
2403,-2.253168638039486,0.09033752897772755
2404,-2.9543748541084556,0.09024719144874982
2405,-5.576373156663999,0.09015694425730107
2406,-7.544993908540113,0.09006678731304377
2407,-2.59778349743544,0.08997672052573072
2408,-2.7933097320729674,0.08988674380520499
2409,-6.4717219337667915,0.08979685706139978
2410,-4.0444057121723365,0.08970706020433838
2411,-3.4310698958716492,0.08961735314413405
2412,-4.650148580687706,0.08952773579098991
2413,-6.377377779982715,0.08943820805519892
2414,-4.8358899376199265,0.08934876984714372
2415,-4.699415209699453,0.08925942107729658
2416,-6.683318302305743,0.08917016165621929
2417,-2.2370238222401513,0.08908099149456307
2418,-2.1102036219769382,0.08899191050306851
2419,-3.01352045966523,0.08890291859256544
2420,-2.4370784808908272,0.08881401567397287
2421,-5.7682366482426115,0.0887252016582989
2422,-4.642033436705622,0.0886364764566406
2423,-3.5181602494644073,0.08854783998018396
2424,-5.649168861717322,0.08845929214020377
2425,-5.09022264781394,0.08837083284806357
2426,-7.310886951738478,0.08828246201521552
2427,-4.0844713562186,0.0881941795532003
2428,-4.73132724563602,0.0881059853736471
2429,-5.211258414821643,0.08801787938827345
2430,-5.59686949702862,0.08792986150888517
2431,-2.536682554668777,0.08784193164737629
2432,-2.436511075004775,0.08775408971572891
2433,-4.9547208213081175,0.08766633562601318
2434,-3.571460228728289,0.08757866929038717
2435,-2.46541499329664,0.08749109062109678
2436,-2.038189024310736,0.08740359953047568
2437,-6.414766876072516,0.0873161959309452
2438,-2.4665595739255477,0.08722887973501425
2439,-2.878411325120957,0.08714165085527924
2440,-5.1626569035336,0.08705450920442395
2441,-5.576975881973269,0.08696745469521953
2442,-3.2009597591625494,0.08688048724052432
2443,-5.449069563985301,0.08679360675328379
2444,-5.580077845838575,0.0867068131465305
2445,-7.021562423054524,0.08662010633338398
2446,-4.786200784013516,0.0865334862270506
2447,-3.145308829803332,0.08644695274082355
2448,-5.048170691243564,0.08636050578808273
2449,-2.7335490592538787,0.08627414528229464
2450,-6.3311527777275405,0.08618787113701235
2451,-4.359271767993237,0.08610168326587533
2452,-3.7877805918654657,0.08601558158260945
2453,-3.5016512588986606,0.08592956600102684
2454,-5.963871918717056,0.08584363643502582
2455,-6.282275683849896,0.08575779279859079
2456,-5.172934038202748,0.0856720350057922
2457,-5.864636666210751,0.0855863629707864
2458,-4.6791415249676875,0.0855007766078156
2459,-7.882334410021827,0.08541527583120778
2460,-6.754852631340341,0.08532986055537657
2461,-5.268929230968741,0.0852445306948212
2462,-4.114102610910053,0.08515928616412638
2463,-1.820914110070725,0.08507412687796226
2464,-4.1002601501333835,0.0849890527510843
2465,-2.1872775893952183,0.08490406369833321
2466,-4.952695217330402,0.08481915963463488
2467,-4.633218316625172,0.08473434047500024
2468,-5.529317359361242,0.08464960613452524
2469,-5.949212059480644,0.08456495652839072
2470,-3.0860512544537957,0.08448039157186232
2471,-5.476469387174268,0.08439591118029047
2472,-7.808681593057017,0.08431151526911018
2473,-3.5466893055553297,0.08422720375384107
2474,-4.513587043075426,0.08414297655008723
2475,-3.826634730593602,0.08405883357353715
2476,-3.6934737781856954,0.0839747747399636
2477,-3.3177542965241207,0.08389079996522364
2478,-5.886516739900841,0.08380690916525842
2479,-5.402240360512227,0.08372310225609315
2480,-5.994695786595983,0.08363937915383707
2481,-4.1339681381486635,0.08355573977468322
2482,-3.3582366667720454,0.08347218403490854
2483,-4.700707198286075,0.08338871185087363
2484,-3.2737500923372718,0.08330532313902275
2485,-5.549294845763055,0.08322201781588373
2486,-2.0890321584365013,0.08313879579806785
2487,-3.3149248618813973,0.08305565700226979
2488,-6.416840288314322,0.08297260134526752
2489,-5.5068661684916655,0.08288962874392225
2490,-7.403306707771494,0.08280673911517833
2491,-7.6074913746237485,0.08272393237606315
2492,-6.662268207345749,0.0826412084436871
2493,-5.708318600587335,0.08255856723524341
2494,-3.129952260242804,0.08247600866800817
2495,-2.6599028078702087,0.08239353265934016
2496,-4.156470384016995,0.08231113912668082
2497,-5.222819022027653,0.08222882798755414
2498,-4.4734052005998155,0.08214659915956658
2499,-3.561218339503694,0.08206445256040702
2500,-6.448789740273208,0.08198238810784661
2501,-4.7988982011286465,0.08190040571973876
2502,-2.109278520994326,0.08181850531401902
2503,-5.033336956164309,0.081736686808705
2504,-5.25903975172257,0.08165495012189629
2505,-6.495498812986285,0.08157329517177439
2506,-4.82537055574919,0.08149172187660261
2507,-4.503385074307331,0.08141023015472601
2508,-3.718270486904448,0.08132881992457128
2509,-4.626606076066818,0.0812474911046467
2510,-4.496256290901938,0.08116624361354205
2511,-6.364627629057986,0.08108507736992851
2512,-3.556234323686084,0.08100399229255859
2513,-2.873730436496541,0.08092298830026602
2514,-2.9036626877375884,0.08084206531196575
2515,-5.359145324925219,0.08076122324665379
2516,-1.8426164888826042,0.08068046202340713
2517,-4.761603610990004,0.08059978156138373
2518,-5.913748650163251,0.08051918177982234
2519,-7.084774608492791,0.08043866259804251
2520,-4.546825431657835,0.08035822393544446
2521,-2.3900307103933307,0.08027786571150902
2522,-3.8247017791693105,0.08019758784579752
2523,-2.245674467756163,0.08011739025795171
2524,-5.519827143760319,0.08003727286769376
2525,-8.382256657152496,0.07995723559482606
2526,-2.344742639843597,0.07987727835923124
2527,-2.101552467399652,0.07979740108087201
2528,-3.0653923795838085,0.07971760367979114
2529,-4.690334550874095,0.07963788607611134
2530,-4.065601792654231,0.07955824819003524
2531,-4.584484432703171,0.0794786899418452
2532,-2.601367894398421,0.07939921125190336
2533,-2.4322347992954283,0.07931981204065146
2534,-8.046455431231564,0.0792404922286108
2535,-4.263152850806778,0.0791612517363822
2536,-5.907224391675067,0.07908209048464582
2537,-4.531427969248327,0.07900300839416118
2538,-6.577047805174325,0.07892400538576702
2539,-3.057672559260087,0.07884508138038125
2540,-3.1629789878135135,0.07876623629900087
2541,-3.146650525632572,0.07868747006270187
2542,-3.884937747488489,0.07860878259263916
2543,-3.918211145277345,0.07853017381004652
2544,-4.069925860909759,0.07845164363623648
2545,-1.7775477653619665,0.07837319199260025
2546,-2.479194739288874,0.07829481880060765
2547,-7.1759083906871,0.07821652398180705
2548,-4.9441748336062314,0.07813830745782524
2549,-5.726638606816779,0.07806016915036741
2550,-7.126478211285012,0.07798210898121705
2551,-2.5259584608992194,0.07790412687223583
2552,-5.949279809095353,0.07782622274536359
2553,-6.549427147781334,0.07774839652261822
2554,-2.688133300819419,0.0776706481260956
2555,-5.375597302352174,0.0775929774779695
2556,-5.091374187351294,0.07751538450049153
2557,-2.047990049608205,0.07743786911599104
2558,-4.604664432873204,0.07736043124687506
2559,-5.051543577054737,0.07728307081562819
2560,-5.206777823904891,0.07720578774481256
2561,-4.597932670615848,0.07712858195706775
2562,-5.760581773481408,0.07705145337511068
2563,-3.8744393882137795,0.07697440192173557
2564,-5.619783329451028,0.07689742751981384
2565,-3.2193431663449235,0.07682053009229402
2566,-5.975494373377996,0.07674370956220172
2567,-5.827068955992889,0.07666696585263952
2568,-4.766940400153561,0.07659029888678688
2569,-5.149136834994735,0.07651370858790009
2570,-3.9249688932284825,0.07643719487931219
2571,-5.96919758892003,0.07636075768443289
2572,-6.593140193157361,0.07628439692674846
2573,-7.012116354165618,0.07620811252982171
2574,-4.96349917444993,0.07613190441729188
2575,-4.923619325832182,0.07605577251287458
2576,-5.640821650646521,0.0759797167403617
2577,-5.475777404017,0.07590373702362134
2578,-6.446492447092401,0.07582783328659772
2579,-3.8703605153418015,0.07575200545331112
2580,-4.39646984810479,0.0756762534478578
2581,-6.394378880483262,0.07560057719440995
2582,-4.309671144431819,0.07552497661721554
2583,-7.903646366091372,0.07544945164059833
2584,-4.406656894041873,0.07537400218895772
2585,-4.939935301321997,0.07529862818676876
2586,-2.6387106159970783,0.07522332955858199
2587,-4.089582162270956,0.0751481062290234
2588,-6.187408410626999,0.07507295812279438
2589,-2.22013135502911,0.07499788516467158
2590,-6.172920586414283,0.07492288727950691
2591,-5.271545847508985,0.0748479643922274
2592,-4.436047049094887,0.07477311642783518
2593,-3.352890218804675,0.07469834331140734
2594,-1.8716356301652837,0.07462364496809594
2595,-2.830109405402358,0.07454902132312784
2596,-6.258312072916606,0.0744744723018047
2597,-2.540413669111026,0.0743999978295029
2598,-6.178863257383323,0.0743255978316734
2599,-4.730362121871147,0.07425127223384173
2600,-2.4965378497695334,0.07417702096160789
2601,-7.539724070315252,0.07410284394064628
2602,-6.403621805237822,0.07402874109670564
2603,-5.052956781652229,0.07395471235560894
2604,-5.346484134812975,0.07388075764325333
2605,-2.7629624208451173,0.07380687688561008
2606,-5.761158299301661,0.07373307000872446
2607,-2.3117844482877907,0.07365933693871574
2608,-6.59063657224294,0.07358567760177702
2609,-2.662436476120615,0.07351209192417524
2610,-3.264395342400311,0.07343857983225106
2611,-4.81900064663904,0.07336514125241882
2612,-6.151748120905083,0.0732917761111664
2613,-2.900258639151774,0.07321848433505523
2614,-2.7780088046925235,0.07314526585072018
2615,-2.7609736633293624,0.07307212058486945
2616,-3.0775796990862436,0.07299904846428458
2617,-2.745972642124103,0.0729260494158203
2618,-4.166874305667623,0.07285312336640448
2619,-5.476504397208236,0.07278027024303808
2620,-4.830055837233929,0.07270748997279504
2621,-4.369176833924434,0.07263478248282225
2622,-7.381886552469702,0.07256214770033943
2623,-6.639489959740232,0.0724895855526391
2624,-6.564823160149887,0.07241709596708645
2625,-2.1165329313535173,0.07234467887111937
2626,-6.051058452424375,0.07227233419224825
2627,-4.367460518524344,0.07220006185805601
2628,-4.92741440419124,0.07212786179619796
2629,-5.22468395887624,0.07205573393440176
2630,-4.38793010047615,0.07198367820046736
2631,-4.418429720748977,0.0719116945222669
2632,-5.752261649056173,0.07183978282774463
2633,-2.7849495319122712,0.07176794304491688
2634,-4.194749685802182,0.07169617510187196
2635,-2.0308737824388006,0.07162447892677008
2636,-7.552660268247349,0.07155285444784332
2637,-5.1157002345780285,0.07148130159339547
2638,-5.037735108261707,0.07140982029180207
2639,-4.566378310150489,0.07133841047151027
2640,-8.011562018408323,0.07126707206103876
2641,-6.096824591151194,0.07119580498897772
2642,-7.08887500211571,0.07112460918398875
2643,-5.266233872245184,0.07105348457480476
2644,-6.335939874085555,0.07098243109022996
2645,-5.263969384085712,0.07091144865913973
2646,-5.979134716007822,0.07084053721048059
2647,-5.795190924869632,0.0707696966732701
2648,-8.757020017367632,0.07069892697659683
2649,-2.0725404873369135,0.07062822804962023
2650,-6.522599336031211,0.0705575998215706
2651,-5.647880096511392,0.07048704222174904
2652,-5.527459280800888,0.07041655517952729
2653,-5.256646074976386,0.07034613862434776
2654,-5.675248416386936,0.07027579248572341
2655,-4.475909115075403,0.07020551669323769
2656,-3.6276914982761275,0.07013531117654445
2657,-4.405631329260073,0.07006517586536791
2658,-5.213915737988934,0.06999511068950254
2659,-6.162861943935275,0.06992511557881304
2660,-6.839759303608158,0.06985519046323423
2661,-5.161292107976834,0.06978533527277099
2662,-4.887472751797116,0.06971554993749822
2663,-2.4041711360085185,0.06964583438756072
2664,-4.7893522978251575,0.06957618855317316
2665,-6.035516424106527,0.06950661236461998
2666,-7.2901170438834075,0.06943710575225537
2667,-4.826719610901472,0.06936766864650311
2668,-3.8448473527534763,0.06929830097785661
2669,-6.8495847848838025,0.06922900267687875
2670,-5.228674771007633,0.06915977367420187
2671,-5.613838965229719,0.06909061390052766
2672,-6.2213392854734515,0.06902152328662714
2673,-4.852567604934048,0.06895250176334052
2674,-2.1249611868773237,0.06888354926157718
2675,-6.832107735149657,0.0688146657123156
2676,-7.692502756659539,0.06874585104660329
2677,-6.664196206449491,0.06867710519555668
2678,-6.014905334387595,0.06860842809036113
2679,-6.488446772692047,0.06853981966227077
2680,-2.7690157395181756,0.06847127984260849
2681,-2.697300760874712,0.06840280856276588
2682,-1.7674327259301514,0.06833440575420312
2683,-2.1428520836906215,0.06826607134844892
2684,-2.1727702318187103,0.06819780527710047
2685,-2.2575851063634857,0.06812960747182337
2686,-2.401078943273428,0.06806147786435154
2687,-2.2685338420087047,0.06799341638648719
2688,-2.819493004586363,0.06792542297010071
2689,-2.402918381008942,0.06785749754713061
2690,-1.9688143293858382,0.06778964004958347
2691,-4.475716132919361,0.06772185040953389
2692,-2.9615687124835293,0.06765412855912437
2693,-2.2846401935960596,0.06758647443056524
2694,-2.464331465294921,0.06751888795613468
2695,-1.9902139240030654,0.06745136906817856
2696,-1.865253351438512,0.06738391769911038
2697,-5.13295893647943,0.06731653378141127
2698,-2.251407143249246,0.06724921724762986
2699,-2.556616916334975,0.06718196803038223
2700,-2.36653660609108,0.06711478606235186
2701,-2.484812263133041,0.06704767127628951
2702,-2.2100683273392607,0.06698062360501322
2703,-2.6463604095434734,0.06691364298140821
2704,-2.404638758564732,0.06684672933842681
2705,-1.6228659720531322,0.06677988260908838
2706,-2.724820391138933,0.06671310272647929
2707,-2.6661698729126546,0.06664638962375281
2708,-4.265311474092358,0.06657974323412906
2709,-2.089808211448747,0.06651316349089494
2710,-2.4865187835786666,0.06644665032740404
2711,-2.4686730394699743,0.06638020367707664
2712,-5.019143054358404,0.06631382347339956
2713,-4.4834993395058795,0.06624750964992616
2714,-1.7992504779437624,0.06618126214027624
2715,-3.767081041701968,0.06611508087813596
2716,-2.199086993222841,0.06604896579725783
2717,-2.0605720587958114,0.06598291683146057
2718,-2.2381354330908376,0.0659169339146291
2719,-3.7834079575582695,0.06585101698071448
2720,-2.41521735957802,0.06578516596373377
2721,-4.272936017452118,0.06571938079777004
2722,-2.1246100833622004,0.06565366141697226
2723,-2.556306128790312,0.06558800775555529
2724,-2.3941965372583,0.06552241974779974
2725,-2.0795087765789892,0.06545689732805193
2726,-3.5134372916038754,0.06539144043072388
2727,-5.832953954535554,0.06532604899029316
2728,-2.2306196732772063,0.06526072294130288
2729,-7.823021384528209,0.06519546221836157
2730,-5.424514825313786,0.06513026675614321
2731,-4.977515429966166,0.06506513648938707
2732,-3.2226064556901677,0.06500007135289768
2733,-4.689756448177684,0.06493507128154478
2734,-6.581009457644463,0.06487013621026325
2735,-5.65880172505528,0.06480526607405299
2736,-3.0315628187884305,0.06474046080797893
2737,-3.6033886134130784,0.06467572034717095
2738,-5.777474316382312,0.06461104462682378
2739,-5.900702600618466,0.06454643358219696
2740,-7.8157603228503705,0.06448188714861476
2741,-8.471511135544855,0.06441740526146615
2742,-2.9327226907632764,0.06435298785620469
2743,-5.014303649413973,0.06428863486834849
2744,-1.8919885259790639,0.06422434623348014
2745,-5.624847798490913,0.06416012188724667
2746,-4.9720342005065055,0.06409596176535942
2747,-7.624688387149438,0.06403186580359406
2748,-6.594188827821101,0.06396783393779047
2749,-6.747671951629487,0.06390386610385268
2750,-6.64020094334574,0.06383996223774882
2751,-6.230365034550442,0.06377612227551108
2752,-7.940160528407578,0.06371234615323557
2753,-6.196267490193533,0.06364863380708233
2754,-7.122106844724925,0.06358498517327525
2755,-8.169079136458826,0.06352140018810197
2756,-6.284665772953293,0.06345787878791387
2757,-4.7773811481761275,0.06339442090912595
2758,-5.4951519200483485,0.06333102648821683
2759,-4.6347328608118765,0.06326769546172861
2760,-4.065172687283491,0.06320442776626688
2761,-5.72678560186567,0.06314122333850061
2762,-4.325676998254755,0.06307808211516211
2763,-3.8956602510575484,0.06301500403304695
2764,-6.192513718846675,0.0629519890290139
2765,-3.8990969902012265,0.06288903703998489
2766,-6.607279032230951,0.0628261480029449
2767,-4.4160343581263835,0.06276332185494196
2768,-5.3392560355700684,0.06270055853308702
2769,-2.22013135502911,0.06263785797455393
2770,-6.172920586414283,0.06257522011657937
2771,-6.369983986176063,0.0625126448964628
2772,-4.1221328649487825,0.062450132251566336
2773,-3.352890218804675,0.062387682119314766
2774,-1.8716356301652837,0.06232529443719545
2775,-2.830109405402358,0.06226296914275825
2776,-3.1021089754977824,0.06220070617361549
2777,-3.855034278739729,0.062138505467441874
2778,-2.0328801657453095,0.06207636696197443
2779,-3.3698098634606897,0.062014290595012456
2780,-5.470323000398773,0.06195227630441744
2781,-7.539724070315252,0.06189032402811302
2782,-6.403621805237822,0.06182843370408491
2783,-5.336050262166237,0.061766605270380824
2784,-4.494440436551104,0.061704838665110444
2785,-1.8670200796474223,0.06164313382644533
2786,-5.483007529969673,0.06158149069261889
2787,-2.3117844482877907,0.06151990920192627
2788,-6.491698478222919,0.06145838929272435
2789,-5.92737740116982,0.061396930903431624
2790,-3.264395342400311,0.061335533972528195
2791,-5.565514859470774,0.061274198438555666
2792,-2.4876065807856156,0.06121292424011711
2793,-2.900258639151774,0.06115171131587699
2794,-2.4742253092419295,0.06109055960456111
2795,-2.7609736633293624,0.06102946904495655
2796,-3.1667659753538002,0.06096843957591159
2797,-2.0028609221413203,0.06090747113633568
2798,-3.7520283657625413,0.06084656366519934
2799,-5.631407984486136,0.06078571710153414
2800,-1.931053981015947,0.06072493138443261
2801,-4.318837221358969,0.060664206453048174
2802,-7.940959563652492,0.06060354224659512
2803,-4.826605120776703,0.06054293870434853
2804,-6.305328715600072,0.06048239576564418
2805,-2.1165329313535173,0.06042191336987854
2806,-5.349873574718677,0.06036149145650866
2807,-4.508366298349808,0.06030112996505215
2808,-7.939847215235167,0.0602408288350871
2809,-4.6873180850545735,0.06018058800625201
2810,-3.4666372927385174,0.06012040741824576
2811,-4.1225745108134415,0.06006028701082751
2812,-5.591236267137342,0.060000226723816684
2813,-2.7849495319122712,0.059940226497092866
2814,-2.56212965642415,0.05988028627059577
2815,-2.0308737824388006,0.05982040598432518
2816,-7.7618775161369165,0.05976058557834085
2817,-4.763892867843463,0.05970082499276251
2818,-5.144460997154055,0.059641124167769746
2819,-5.654873972511206,0.059581483043601974
2820,-5.487710626284645,0.05952190156055837
2821,-6.164145683953924,0.05946237965899782
2822,-7.207592636249435,0.05940291727933882
2823,-5.6400087166499935,0.05934351436205949
2824,-7.393828489760556,0.05928417084769743
2825,-2.4529187171861335,0.05922488667684973
2826,-5.775801453083414,0.05916566179017289
2827,-6.362697900011439,0.059106496128382716
2828,-7.807924341649077,0.05904738963225433
2829,-2.0725404873369135,0.058988342242622074
2830,-6.48529063193369,0.058929353900379455
2831,-6.099036589493531,0.058870424546479075
2832,-7.02969712808347,0.0588115541219326
2833,-5.371870883384854,0.05875274256781066
2834,-5.517138432664524,0.058693989825242855
2835,-5.9090368497400805,0.058635295835417614
2836,-4.725529153025838,0.058576660539582194
2837,-3.7647933372122933,0.058518083879042615
2838,-5.93080454313669,0.05845956579516357
2839,-6.411139674065925,0.05840110622936841
2840,-6.177681954398565,0.05834270512313904
2841,-5.161292107976834,0.058284362418015906
2842,-4.777118399483371,0.05822607805559789
2843,-5.54114245125707,0.05816785197754229
2844,-5.52111593375267,0.05810968412556475
2845,-5.336343790968073,0.058051574441439185
2846,-6.761139204675047,0.05799352286699774
2847,-5.448380879240936,0.057935529344130744
2848,-5.056458077566859,0.05787759381478661
2849,-6.502644671355596,0.057819716220971824
2850,-4.303321969112851,0.05776189650475085
2851,-6.7061181226006354,0.0577041346082461
2852,-5.363462972757858,0.05764643047363786
2853,-5.373515686239501,0.05758878404316422
2854,-4.7410039670220385,0.05753119525912106
2855,-5.668657015423262,0.05747366406386194
2856,-7.266204873737902,0.057416190399798075
2857,-6.591379863464757,0.05735877420939828
2858,-5.607230385967737,0.05730141543518888
2859,-6.750272839893992,0.05724411401975369
2860,-1.552658454708784,0.057186869905733934
2861,-4.640677213499094,0.0571296830358282
2862,-4.568901280167328,0.05707255335279238
2863,-3.194769303023871,0.057015480799439584
2864,-3.9160113040939035,0.05695846531864014
2865,-4.270193744275293,0.0569015068533215
2866,-6.389628349513588,0.05684460534646818
2867,-3.470197521383183,0.05678776074112171
2868,-1.6037434011853142,0.056730972980380594
2869,-2.816721509138266,0.05667424200740021
2870,-3.8701472021709407,0.05661756776539281
2871,-5.072001888171833,0.05656095019762742
2872,-2.174931501248053,0.056504389247429794
2873,-2.6067510169129227,0.05644788485818236
2874,-3.2037104428155203,0.05639143697332418
2875,-2.1901542154857805,0.05633504553635086
2876,-6.264284068003533,0.05627871049081451
2877,-7.225305415523938,0.0562224317803237
2878,-6.307972918450536,0.056166209348543376
2879,-3.3325745597668552,0.056110043139194835
2880,-2.586853301862589,0.05605393309605564
2881,-4.34712355613762,0.055997879162959584
2882,-6.156451718149873,0.055941881283796624
2883,-4.1358966087562585,0.055885939402512824
2884,-2.0150547541520893,0.05583005346311031
2885,-6.347999968668075,0.0557742234096472
2886,-1.9724096497633645,0.055718449186237556
2887,-5.979176904668266,0.055662730737051316
2888,-3.148635196391895,0.055607068006314264
2889,-5.37990538797534,0.05555146093830795
2890,-6.366237123680362,0.05549590947736964
2891,-2.8602095527529654,0.05544041356789227
2892,-2.218150850640276,0.05538497315432438
2893,-5.461528659811746,0.05532958818117005
2894,-2.1082557755311573,0.05527425859298888
2895,-5.682535053155739,0.05521898433439589
2896,-5.749793310553621,0.0551637653500615
2897,-3.014502368063302,0.05510860158471143
2898,-6.277213897802351,0.05505349298312672
2899,-3.5673814876077383,0.054998439490143596
2900,-3.5652402307127398,0.05494344105065345
2901,-1.7184039860018838,0.05488849760960279
2902,-4.202474948253594,0.05483360911199319
2903,-4.324125407961036,0.0547787755028812
2904,-1.9793325530410941,0.054723996727378314
2905,-6.7828180877634,0.054669272730650934
2906,-4.559146858155448,0.05461460345792028
2907,-5.373434951614033,0.054559988854462366
2908,-2.386907069352787,0.054505428865607906
2909,-5.384026906670615,0.0544509234367423
2910,-4.2894865043072805,0.05439647251330556
2911,-6.541581994681371,0.054342076040792255
2912,-5.316367331515974,0.054287733964751464
2913,-8.584178948464965,0.054233446230786714
2914,-4.136510177146868,0.054179212784555925
2915,-5.858966208442244,0.05412503357177137
2916,-4.715577014329401,0.0540709085381996
2917,-5.407507394058719,0.0540168376296614
2918,-3.5366430047851916,0.053962820792031733
2919,-5.163155071822659,0.053908857971239704
2920,-7.310087343722097,0.05385494911326846
2921,-4.94826408076351,0.0538010941641552
2922,-5.6277424200839885,0.05374729306999104
2923,-3.2828131064366017,0.05369354577692105
2924,-5.435027435066351,0.053639852231144126
2925,-6.300888635733862,0.053586212378912985
2926,-5.609273080551167,0.05353262616653407
2927,-3.018659131715646,0.053479093540367534
2928,-3.729151111309451,0.05342561444682717
2929,-2.097385857255336,0.05337218883238034
2930,-3.516533900705552,0.053318816643547956
2931,-2.650755832872327,0.05326549782690441
2932,-4.774391265793719,0.053212232329077506
2933,-6.199172945112032,0.05315902009674843
2934,-7.155259096158828,0.05310586107665168
2935,-5.727216396514746,0.05305275521557503
2936,-2.6602645812885064,0.052999702460359455
2937,-5.948552079217332,0.052946702757899096
2938,-4.908188172585851,0.0528937560551412
2939,-6.046457536227129,0.05284086229908606
2940,-4.829781827326533,0.05278802143678697
2941,-5.199823318268384,0.052735233415350184
2942,-5.57154316216409,0.052682498181934836
2943,-6.042115639223503,0.052629815683752905
2944,-6.611114494984664,0.05257718586806915
2945,-5.7687162621664285,0.05252460868220108
2946,-3.3949318781071707,0.05247208407351888
2947,-6.997326510756815,0.052419611989445364
2948,-6.76593333513347,0.05236719237745592
2949,-3.242010646771392,0.05231482518507846
2950,-3.214110009740443,0.052262510359893384
2951,-3.3048613573615326,0.05221024784953349
2952,-5.479015259772831,0.05215803760168396
2953,-4.665279615212665,0.052105879564082275
2954,-3.261841670759212,0.05205377368451819
2955,-2.8425654615730616,0.052001719910833674
2956,-2.493248494820843,0.05194971819092284
2957,-2.8719844081913553,0.05189776847273191
2958,-2.1879883107783673,0.05184587070425918
2959,-3.150807865494973,0.05179402483355492
2960,-2.644825171707218,0.05174223080872137
2961,-3.108762933117675,0.05169048857791265
2962,-3.4654985893520687,0.051638798089334734
2963,-2.7355003629568633,0.051587159291245396
2964,-2.1547256769089937,0.05153557213195415
2965,-1.7114007029200644,0.0514840365598222
2966,-3.126752205730081,0.05143255252326238
2967,-2.5807817194467346,0.05138111997073912
2968,-1.887544761252155,0.05132973885076838
2969,-2.417088257584375,0.05127840911191761
2970,-2.241341737274093,0.05122713070280569
2971,-1.900163614897584,0.05117590357210289
2972,-2.956065860251513,0.05112472766853079
2973,-1.9992669139078028,0.05107360294086226
2974,-3.125837400290545,0.051022529337921396
2975,-3.017130789385767,0.05097150680858348
2976,-1.9022752078029128,0.05092053530177489
2977,-1.806636844880832,0.050869614766473115
2978,-5.532916673617112,0.05081874515170664
2979,-5.200948110353863,0.050767926406554933
2980,-4.509629006992904,0.05071715848014838
2981,-3.9384488080621702,0.050666441321668226
2982,-3.3149296472492615,0.050615774880346555
2983,-2.823241542175732,0.05056515910546621
2984,-2.232768930307933,0.05051459394636074
2985,-2.1881404052399236,0.050464079352414384
2986,-2.5347187844007095,0.05041361527306197
2987,-2.234241079458073,0.05036320165778891
2988,-4.859711032072942,0.05031283845613112
2989,-3.221783604519062,0.05026252561767499
2990,-2.692119770192982,0.05021226309205731
2991,-1.8135057357249662,0.05016205082896526
2992,-2.3389657301280837,0.05011188877813629
2993,-2.276085415219652,0.05006177688935816
2994,-2.0759117705021666,0.0500117151124688
2995,-2.610267848851793,0.04996170339735633
2996,-2.439367351728568,0.049911741693958976
2997,-3.507149212067554,0.04986182995226502
2998,-5.087630036664693,0.049811968122312755
2999,-2.671299141409926,0.04976215615419044
3000,-2.5635983541420817,0.04971239399803625
3001,-2.4077945917829275,0.049662681604038215
3002,-4.610238889646746,0.04961301892243418
3003,-2.1730776884385503,0.04956340590351174
3004,-5.443912917803692,0.04951384249760823
3005,-7.375644661022141,0.04946432865511062
3006,-6.879305660876131,0.04941486432645551
3007,-5.1492057928318244,0.049365449462129056
3008,-2.2264039914643767,0.049316084012666926
3009,-3.4861902138733027,0.04926676792865426
3010,-5.529118721967601,0.0492175011607256
3011,-2.244276968697615,0.049168283659564875
3012,-2.853715220656064,0.04911911537590531
3013,-2.8424536073835265,0.04906999626052941
3014,-4.264493231157789,0.04902092626426888
3015,-2.713527546141057,0.04897190533800461
3016,-6.590969644788384,0.0489229334326666
3017,-5.510035685702757,0.048874010499233934
3018,-5.5372246121377575,0.048825136488734704
3019,-7.198854432038859,0.04877631135224597
3020,-5.516782929762252,0.04872753504089373
3021,-7.216899698397349,0.048678807505852836
3022,-6.01204933499886,0.048630128698346986
3023,-4.7551400775429205,0.04858149856964864
3024,-5.674561896178453,0.04853291707107899
3025,-6.524396880418063,0.048484384154007916
3026,-6.890501711255013,0.04843589976985391
3027,-5.841116314361544,0.04838746387008405
3028,-5.037984773160436,0.04833907640621397
3029,-5.912949675361613,0.04829073732980775
3030,-5.182406473699123,0.04824244659247794
3031,-4.719195764232768,0.04819420414588547
3032,-6.927029995190344,0.048146009941739586
3033,-5.165777388643825,0.048097863931797845
3034,-5.97560939071456,0.04804976606786605
3035,-6.393233400417027,0.048001716301798183
3036,-6.925954516475411,0.04795371458549638
3037,-1.728060065544467,0.047905760870910884
3038,-4.97620648269132,0.047857855110039975
3039,-6.400799075692294,0.04780999725492994
3040,-5.47272321282891,0.04776218725767501
3041,-6.60082624909619,0.047714425070417336
3042,-7.904342638224552,0.047666710645346916
3043,-2.7360917495952353,0.047619043934701566
3044,-4.437807833931837,0.047571424890766864
3045,-1.8938583345231599,0.0475238534658761
3046,-4.7290511237374435,0.047476329612410224
3047,-3.1282224121552575,0.04742885328279781
3048,-3.4649582143343967,0.04738142442951501
3049,-2.588060747179249,0.047334043005085494
3050,-2.7220585429442465,0.047286708962080405
3051,-4.951483873915649,0.04723942225311833
3052,-2.4218300495877303,0.04719218283086521
3053,-2.6715128654373985,0.047144990648034346
3054,-2.38037433710094,0.04709784565738631
3055,-5.323909694448371,0.047050747811728924
3056,-3.246996988356827,0.047003697063917195
3057,-4.243409898350499,0.04695669336685328
3058,-6.675579040528153,0.04690973667348643
3059,-1.9532182980722992,0.04686282693681294
3060,-6.306206828062301,0.04681596410987613
3061,-3.2425970542033196,0.04676914814576626
3062,-4.833637154784382,0.04672237899762049
3063,-4.865637844208882,0.046675656618622864
3064,-1.8331431806131004,0.04662898096200424
3065,-2.37479249217715,0.046582351981042235
3066,-7.0444200905123715,0.04653576962906119
3067,-4.538891052956605,0.04648923385943213
3068,-4.936770492562159,0.04644274462557269
3069,-2.2733589907965097,0.04639630188094712
3070,-5.481752553900762,0.046349905579066174
3071,-2.2916966849564977,0.04630355567348711
3072,-2.1469998731099396,0.046257252117813626
3073,-4.977618657291185,0.04621099486569581
3074,-4.525759597884174,0.04616478387083012
3075,-7.891198399996935,0.04611861908695929
3076,-5.896252058611006,0.04607250046787233
3077,-2.007447733025937,0.04602642796740446
3078,-5.6842683175161195,0.045980401539437055
3079,-2.8681805430928873,0.04593442113789762
3080,-4.198400540353395,0.04588848671675972
3081,-6.833045843277503,0.04584259823004296
3082,-6.750860628674726,0.045796755631812916
3083,-8.33861449901057,0.0457509588761811
3084,-5.841602917403864,0.04570520791730492
3085,-5.079930313065827,0.04565950270938761
3086,-6.437909559615587,0.045613843206678224
3087,-7.738547371605074,0.045568229363471546
3088,-3.3471838664649356,0.04552266113410808
3089,-2.2816679167797274,0.04547713847297397
3090,-6.827256002398624,0.045431661334501
3091,-5.777075878174719,0.0453862296731665
3092,-3.329684147580752,0.04534084344349334
3093,-5.902881316334338,0.045295502600049845
3094,-5.035382245485257,0.04525020709744979
3095,-6.234120838740554,0.045204956890352345
3096,-7.998478123576151,0.04515975193346199
3097,-7.18152987114788,0.04511459218152853
3098,-2.9288856759149025,0.045069477589347
3099,-5.613139506080497,0.045024408111757654
3100,-3.5339687932128823,0.044979383703645896
3101,-3.124542713421185,0.04493440431994225
3102,-5.559104319264602,0.04488946991562231
3103,-6.3977792688650155,0.04484458044570669
3104,-5.364464558454653,0.04479973586526098
3105,-6.698400081937377,0.04475493612939572
3106,-2.430498280109299,0.04471018119326632
3107,-5.893500277294782,0.044665471012073056
3108,-4.911642598219619,0.04462080554106098
3109,-6.656139808023466,0.04457618473551992
3110,-5.283009604007866,0.0445316085507844
3111,-5.832797547319379,0.04448707694223361
3112,-5.383901357261998,0.04444258986529138
3113,-4.543504714952791,0.044398147275426084
3114,-4.316508786414266,0.044353749128150655
3115,-6.51626322210805,0.0443093953790225
3116,-6.849000138677266,0.04426508598364348
3117,-1.8558298423514306,0.044220820897659836
3118,-5.302730868982254,0.044176600076762176
3119,-2.9305033330682755,0.04413242347668542
3120,-2.807141006729434,0.04408829105320873
3121,-2.1156487677777243,0.044044202762155524
3122,-6.1088983032140645,0.04400015855939337
3123,-4.204602849945171,0.04395615840083398
3124,-5.271801145398535,0.04391220224243315
3125,-7.082179279950417,0.043868290040190716
3126,-5.327833479878871,0.04382442175015053
3127,-4.439922476256809,0.043780597328400374
3128,-4.274123565086246,0.04373681673107197
3129,-3.4618710343753385,0.0436930799143409
3130,-5.778988563396834,0.043649386834426554
3131,-4.433291797257386,0.04360573744759213
3132,-5.226035653652438,0.04356213171014454
3133,-6.0479416295836685,0.04351856957843439
3134,-5.323119519846877,0.04347505100885596
3135,-5.51678865793914,0.0434315759578471
3136,-3.8073769563254163,0.04338814438188925
3137,-2.955892937735216,0.043344756237507366
3138,-2.206843881714061,0.043301411481269855
3139,-3.8301867199903405,0.04325811006978859
3140,-4.144232448703259,0.043214851959718796
3141,-2.145900600823005,0.04317163710775908
3142,-2.285216300758509,0.04312846547065132
3143,-2.152085983868177,0.04308533700518067
3144,-2.0736137750412613,0.04304225166817549
3145,-1.858829556921311,0.04299920941650732
3146,-3.1620297560142836,0.04295621020709081
3147,-2.838715442589041,0.04291325399688372
3148,-2.9615687124835293,0.042870340742886835
3149,-2.2846401935960596,0.04282747040214395
3150,-2.464331465294921,0.042784642931741806
3151,-2.2220977851204657,0.04274185828881007
3152,-2.1234084371154305,0.04269911643052126
3153,-2.676953033405296,0.04265641731409074
3154,-2.251407143249246,0.04261376089677665
3155,-2.5159094907990562,0.042571147135879873
3156,-5.316442365100381,0.042528575988743995
3157,-2.484812263133041,0.04248604741275525
3158,-1.598901914982581,0.0424435613653425
3159,-2.6463604095434734,0.04240111780397716
3160,-2.477716303205096,0.04235871668617318
3161,-1.8762933280905314,0.042316357969487
3162,-2.724820391138933,0.042274041611517515
3163,-5.727619136208016,0.042231767569906
3164,-4.265311474092358,0.042189535802336094
3165,-2.089808211448747,0.042147346266533756
3166,-4.014602218758355,0.04210519892026722
3167,-2.4686730394699743,0.04206309372134695
3168,-2.2104140785326494,0.042021030627625605
3169,-1.7508522898914556,0.041979009596997977
3170,-1.7992504779437624,0.041937030587400975
3171,-3.767081041701968,0.041895093556813576
3172,-2.199086993222841,0.04185319846325676
3173,-2.0605720587958114,0.041811345264793506
3174,-2.2381354330908376,0.041769533919528715
3175,-3.7834079575582695,0.041727764385609184
3176,-4.7536973386679,0.041686036621223575
3177,-4.272936017452118,0.04164435058460235
3178,-4.13022694800158,0.041602706234017746
3179,-3.5952830553955772,0.04156110352778373
3180,-2.3941965372583,0.04151954242425594
3181,-4.996949373143886,0.04147802288183169
3182,-5.852645700552221,0.041436544858949854
3183,-4.523560571265232,0.041395108314090906
3184,-4.856299073093133,0.04135371320577681
3185,-5.8039613070238865,0.04131235949257103
3186,-4.735406702764132,0.04127104713307846
3187,-4.797460121934327,0.041229776085945385
3188,-3.2226064556901677,0.04118854630985944
3189,-4.689756448177684,0.04114735776354959
3190,-5.727819218595759,0.04110621040578604
3191,-5.65880172505528,0.04106510419538025
3192,-3.0315628187884305,0.04102403909118487
3193,-3.6033886134130784,0.04098301505209369
3194,-5.425230376894454,0.040942032037041595
3195,-5.693815475318137,0.04090109000500455
3196,-7.8516817437432485,0.04086018891499955
3197,-8.376541383337303,0.04081932872608455
3198,-2.9327226907632764,0.04077850939735846
3199,-4.785899098896906,0.04073773088796111
3200,-1.8919885259790639,0.04069699315707315
3201,-6.003664516074642,0.04065629616391608
3202,-3.868543429571077,0.040615639867752164
3203,-7.3087305773657345,0.040575024227884414
3204,-5.662052837245895,0.04053444920365653
3205,-6.2920578154700255,0.040493914754452874
3206,-4.676099222873889,0.04045342083969842
3207,-4.901633627746337,0.04041296741885872
3208,-6.585952798485687,0.04037255445143986
3209,-5.447522377856487,0.04033218189698842
3210,-7.124679185797543,0.040291849715091435
3211,-6.365489522278516,0.04025155786537634
3212,-6.7702108812693265,0.04021130630751096
3213,-4.370100204868964,0.04017109500120345
3214,-5.754953890294566,0.040130923906202244
3215,-3.7113507801768097,0.04009079298229604
3216,-2.3821907199302164,0.040050702189313746
3217,-6.303441113705828,0.04001065148712443
3218,-4.167760879583765,0.03997064083563731
3219,-6.694401926100321,0.039930670194801676
3220,-5.068664260920189,0.03989073952460687
3221,-5.5391293579456935,0.039850848785082264
3222,-6.008073460679824,0.03981099793629718
3223,-4.636965716548631,0.03977118693836088
3224,-5.965077434065261,0.03973141575142252
3225,-4.212761456306182,0.0396916843356711
3226,-3.6034807917543583,0.03965199265133543
3227,-3.650787165514538,0.03961234065868409
3228,-4.105271759053395,0.039572728318025406
3229,-2.3528825837874745,0.03953315558970738
3230,-5.470064906502323,0.03949362243411767
3231,-3.2266559517673845,0.03945412881168355
3232,-4.59572083238557,0.03941467468287187
3233,-4.501024207960146,0.03937526000818899
3234,-2.3123673154183146,0.039335884748180804
3235,-6.0931368156735495,0.039296548863432625
3236,-7.78335603539292,0.03925725231456919
3237,-2.6328119699833983,0.039217995062254624
3238,-1.9949614475785804,0.03917877706719237
3239,-6.625707351269824,0.03913959829012518
3240,-2.3954361506363044,0.03910045869183505
3241,-5.425235920210808,0.03906135823314322
3242,-4.836831295240803,0.03902229687491007
3243,-3.556234323686084,0.03898327457803516
3244,-2.873730436496541,0.038944291303457126
3245,-2.6692162312523537,0.03890534701215367
3246,-5.741122616166276,0.03886644166514151
3247,-4.812781323412183,0.03882757522347637
3248,-4.642874191932231,0.038788747648252894
3249,-5.156803261500157,0.03874995890060464
3250,-6.59185034302708,0.03871120894170404
3251,-5.486710915369741,0.03867249773276234
3252,-2.8362547243071337,0.038633825235029576
3253,-3.8247017791693105,0.038595191409794546
3254,-2.245674467756163,0.03855659621838475
3255,-5.4696740129392145,0.03851803962216637
3256,-6.121208137784156,0.0384795215825442
3257,-2.344742639843597,0.03844104206096166
3258,-2.101552467399652,0.0384026010189007
3259,-2.718505722256591,0.0383641984178818
3260,-2.865567449945206,0.03832583421946392
3261,-4.065601792654231,0.03828750838524446
3262,-4.229662205783985,0.03824922087685922
3263,-2.6274326709579157,0.038210971655982355
3264,-2.4322347992954283,0.03817276068432637
3265,-6.016072127347836,0.03813458792364205
3266,-5.430374905959292,0.03809645333571841
3267,-2.150561642400684,0.03805835688238269
3268,-4.600089576037849,0.038020298525500304
3269,-4.809676704431364,0.0379822782269748
3270,-6.074406382826442,0.037944295948747826
3271,-3.965287634161698,0.03790635165279908
3272,-3.4264328034186295,0.037868445301146275
3273,-2.990423868280728,0.03783057685584513
3274,-4.846027187059347,0.037792746278989285
3275,-5.30342275602455,0.03775495353271029
3276,-6.354426189935661,0.03771719857917758
3277,-2.479194739288874,0.0376794813805984
3278,-4.8064393441660345,0.0376418018992178
3279,-7.324215532370783,0.03760416009731858
3280,-6.07127028228106,0.03756655593722126
3281,-6.5613286817827605,0.03752898938128404
3282,-2.5259584608992194,0.03749146039190275
3283,-4.582292857701155,0.037453968931510845
3284,-6.7697580365207815,0.037416514962579334
3285,-2.688133300819419,0.037379098447616756
3286,-7.743588936578207,0.03734171934916914
3287,-5.084623343753778,0.037304377629819974
3288,-2.047990049608205,0.037267073252190155
3289,-6.175401733673403,0.037229806178937966
3290,-5.051543577054737,0.03719257637275903
3291,-5.597613043222357,0.03715538379638627
3292,-4.597932670615848,0.03711822841258988
3293,-6.128029951235996,0.03708111018417729
3294,-5.36465658705746,0.037044029073993116
3295,-4.768609719547358,0.03700698504491912
3296,-3.2193431663449235,0.0369699780598742
3297,-4.378901486469794,0.03693300808181433
3298,-1.9439686976875032,0.036896075073732514
3299,-4.425930893182049,0.03685917899865878
3300,-5.173978908099075,0.036822319819660124
3301,-1.4485663691486512,0.03678549749984046
3302,-5.429596979487296,0.036748712002340624
3303,-3.4941736912973322,0.03671196329033828
3304,-4.654973842143174,0.03667525132704794
3305,-4.768955081660768,0.036638576075720894
3306,-4.36149885853596,0.036601937499645174
3307,-4.134571188519242,0.03656533556214553
3308,-4.093604191554622,0.036528770226583386
3309,-3.9721941773755733,0.0364922414563568
3310,-3.111961242885446,0.03645574921490045
3311,-1.2707919245231025,0.036419293465685544
3312,-4.705998233529189,0.03638287417221986
3313,-3.3442743777288646,0.03634649129804764
3314,-4.137671388807761,0.036310144806749586
3315,-5.170547143639839,0.03627383466194284
3316,-3.364430657928449,0.0362375608272809
3317,-3.4024485509686846,0.03620132326645362
3318,-4.1780505513218404,0.03616512194318716
3319,-3.8217685005279693,0.03612895682124397
3320,-2.057847940473755,0.03609282786442273
3321,-7.633227039087938,0.036056735036558304
3322,-3.240166916127232,0.036020678301521745
3323,-2.9543748541084556,0.03598465762322022
3324,-5.577503811397216,0.035948672965597
3325,-5.011194816255795,0.035912724292631405
3326,-2.8117751516963057,0.03587681156833877
3327,-2.7933097320729674,0.035840934756770436
3328,-2.7235697252838404,0.03580509382201367
3329,-4.836592792248766,0.035769288728191656
3330,-3.4310698958716492,0.035733519439463464
3331,-2.257908636002267,0.035697785920024
3332,-4.6531639454134,0.03566208813410397
3333,-4.328434709477305,0.03562642604596987
3334,-5.82336183718338,0.035590799619923896
3335,-5.539013388175599,0.035555208820303975
3336,-2.2370238222401513,0.035519653611483674
3337,-2.1102036219769382,0.03548413395787219
3338,-5.41218995388641,0.03544864982391432
3339,-2.4370784808908272,0.0354132011740904
3340,-4.8011710960752,0.03537778797291631
3341,-5.713388941654645,0.03534241018494339
3342,-1.8908842533482348,0.03530706777475845
3343,-5.426184190740418,0.03527176070698369
3344,-5.4659994406994725,0.035236488946276706
3345,-5.037816255589824,0.03520125245733043
3346,-2.110237219207379,0.0351660512048731
3347,-4.2032256806527775,0.03513088515366823
3348,-5.214190207754054,0.035095754268514565
3349,-3.700409111871881,0.03506065851424605
3350,-2.536682554668777,0.0350255978557318
3351,-2.374188861149777,0.03499057225787607
3352,-4.10108323418041,0.034955581685618194
3353,-3.5013196728173748,0.034920626103932574
3354,-2.4010264592062436,0.03488570547782864
3355,-2.038189024310736,0.03485081977235081
3356,-5.662172679115466,0.03481596895257846
3357,-2.403015380501703,0.034781152983625885
3358,-3.996012128387288,0.03474637183064226
3359,-3.6158702360077424,0.03471162545881162
3360,-1.7673111777024104,0.03467691383335281
3361,-3.2009597591625494,0.034642236919519453
3362,-6.269788500550615,0.03460759468259993
3363,-6.326865728856545,0.03457298708791733
3364,-5.614981689384727,0.03453841410082942
3365,-6.062922115579383,0.03450387568672859
3366,-3.145308829803332,0.03446937181104186
3367,-5.138541627486234,0.034434902439230815
3368,-1.9493478718010306,0.03440046753679158
3369,-5.184133766183123,0.03436606706925479
3370,-5.88912725170959,0.034331701002185536
3371,-4.704413131354312,0.03429736930118335
3372,-3.3846934216396334,0.03426307193188217
3373,-4.252901575296873,0.034228808859950284
3374,-2.7974541663740697,0.034194580051090336
3375,-4.820978933877294,0.034160385471039244
3376,-5.8649509358912795,0.0341262250855682
3377,-1.9919588757176032,0.03409209886048263
3378,-6.937530851090381,0.03405800676162215
3379,-5.947944076106629,0.03402394875486053
3380,-5.210926236331003,0.033989924806105666
3381,-1.745656214683593,0.03395593488129956
3382,-2.0176685185883425,0.03392197894641826
3383,-6.61058577545673,0.033888056967471845
3384,-2.1872775893952183,0.03385416891050437
3385,-5.448714752823738,0.03382031474159387
3386,-4.625581563388357,0.033786494426852276
3387,-5.735990638329575,0.03375270793242542
3388,-6.099082459747372,0.033718955224492995
3389,-3.0860512544537957,0.033685236269268504
3390,-7.4894721116195555,0.03365155103299924
3391,-7.808681593057017,0.03361789948196624
3392,-5.094604528153747,0.03358428158248427
3393,-5.756413726639524,0.03355069730090179
3394,-5.330910864965169,0.03351714660360088
3395,-6.0974514120684615,0.03348362945699728
3396,-5.490467072906952,0.03345014582754029
3397,-5.886516739900841,0.033416695681712745
3398,-3.7070946428959326,0.03338327898603103
3399,-6.53316997518267,0.033349895707044996
3400,-4.596006056434914,0.03331654581133795
3401,-6.209194681299605,0.03328322926552661
3402,-5.354453564954685,0.03324994603626109
3403,-6.558385253735757,0.033216696090224825
3404,-2.7663174635597962,0.0331834793941346
3405,-4.814881125575047,0.03315029591474047
3406,-5.548107410140652,0.03311714561882573
3407,-4.182268336317345,0.0330840284732069
3408,-4.306735940118414,0.03305094444473369
3409,-5.535689305884695,0.03301789350028896
3410,-7.179735652057161,0.03298487560678867
3411,-5.599602756096155,0.03295189073118188
3412,-3.0044060286295027,0.032918938840450704
3413,-2.5434143895251955,0.032886019901610254
3414,-2.67001442108269,0.03285313388170864
3415,-2.203537312649554,0.03282028074782693
3416,-2.6743775912408405,0.03278746046707911
3417,-2.4687973543204285,0.03275467300661203
3418,-2.512383870773928,0.03272191833360542
3419,-2.354272614591395,0.032689196415271814
3420,-2.0391578025480332,0.032656507218856545
3421,-2.713207252251763,0.03262385071163769
3422,-1.8272847547206477,0.032591226860926054
3423,-2.729419850741657,0.03255863563406513
3424,-3.176484565640271,0.03252607699843106
3425,-2.490200119199758,0.03249355092143263
3426,-2.5172703885337957,0.03246105737051119
3427,-2.1612818127418447,0.032428596313140684
3428,-2.3905349754604543,0.032396167716827545
3429,-2.486096709715391,0.032363771549110715
3430,-2.0234803636746834,0.032331407777561605
3431,-2.057293928985385,0.03229907636978405
3432,-2.5943518303030113,0.03226677729341426
3433,-2.604762523336643,0.03223451051612085
3434,-1.8305492318755254,0.03220227600560473
3435,-2.834214473826021,0.032170073729599125
3436,-1.7362541400948641,0.03213790365586953
3437,-2.413349831012296,0.03210576575221366
3438,-1.8191399900943264,0.032073659986461445
3439,-2.430539745927909,0.03204158632647498
3440,-3.3083802347672164,0.032009544740148506
3441,-2.576100290782855,0.03197753519540836
3442,-2.279794621420445,0.031945557660212946
3443,-2.4089872857545602,0.03191361210255273
3444,-4.490310694922318,0.03188169849045018
3445,-3.0409458259785738,0.03184981679195973
3446,-1.8246345648377944,0.03181796697516777
3447,-2.044717531380174,0.0317861490081926
3448,-2.846694178785006,0.031754362859184405
3449,-1.7805615347771526,0.03172260849632522
3450,-3.356570360752234,0.031690885887828896
3451,-2.119478319898009,0.031659195001941066
3452,-6.480021763109709,0.031627535806939125
3453,-2.332927779663668,0.031595908271132185
3454,-3.528899384579737,0.03156431236286105
3455,-3.544693450910879,0.03153274805049819
3456,-1.570299472073041,0.03150121530244769
3457,-3.5936848286465106,0.031469714087145245
3458,-4.554561580751086,0.0314382443730581
3459,-2.1985047157808175,0.031406806128685044
3460,-6.828926134883097,0.03137539932255636
3461,-2.384689857029097,0.03134402392323381
3462,-6.465192669688944,0.03131267989931057
3463,-4.9527875742478695,0.031281367219411264
3464,-3.055433788999409,0.031250085852191856
3465,-2.914425200782242,0.031218835766339662
3466,-1.954175858935104,0.03118761693057332
3467,-1.865182388264521,0.031156429313642747
3468,-7.182681272942682,0.031125272884329105
3469,-3.6008635609559625,0.031094147611444776
3470,-5.390787849978443,0.03106305346383333
3471,-5.806954214535219,0.031031990410369498
3472,-4.454520806245544,0.03100095841995913
3473,-3.815338491009348,0.03096995746153917
3474,-5.152045210329062,0.03093898750407763
3475,-4.323498874868804,0.030908048516573555
3476,-5.300737692952302,0.030877140468056983
3477,-6.767980063816885,0.030846263327588927
3478,-3.910227872616264,0.030815417064261337
3479,-3.0628917977796672,0.030784601647197075
3480,-5.810926029355162,0.03075381704554988
3481,-1.7705192760329078,0.03072306322850433
3482,-5.610293652731574,0.030692340165275823
3483,-6.296146557503736,0.030661647825110546
3484,-6.1484694016445784,0.030630986177285435
3485,-4.820128827804438,0.03060035519110815
3486,-5.735319762019281,0.03056975483591704
3487,-4.903192235939379,0.030539185081081124
3488,-4.057049156134434,0.030508645896000042
3489,-5.093616718788269,0.030478137250104044
3490,-5.39396523471855,0.03044765911285394
3491,-4.939579126845512,0.030417211453741086
3492,-5.017217132950169,0.030386794242287345
3493,-6.895032247611104,0.030356407448045058
3494,-6.646649762627494,0.03032605104059701
3495,-2.8039805921863477,0.030295724989556416
3496,-5.078909138982922,0.030265429264566858
3497,-7.859513918413318,0.03023516383530229
3498,-5.787746981921249,0.03020492867146699
3499,-5.762393496508771,0.03017472374279552
3500,-2.6855499754398946,0.030144549019052724
3501,-3.19468983994061,0.030114404470033673
3502,-5.163128326673149,0.030084290065563637
3503,-1.9498417299252055,0.030054205775498073
3504,-1.547501488330935,0.030024151569722574
3505,-4.116868876166441,0.02999412741815285
3506,-2.096373640000155,0.029964133290734697
3507,-2.2637579081930475,0.029934169157443964
3508,-2.145016375733303,0.02990423498828652
3509,-2.2918016359957196,0.029874330753298234
3510,-6.29184217609073,0.029844456422544935
3511,-2.658736280051495,0.029814611966122388
3512,-3.345454496465652,0.029784797354156265
3513,-3.332805456742948,0.02975501255680211
3514,-2.5328374992806393,0.029725257544245307
3515,-2.540719738899367,0.029695532286701062
3516,-5.5090396473078584,0.029665836754414362
3517,-3.678900639515,0.029636170917659948
3518,-7.624930486810118,0.029606534746742286
3519,-4.4570259182384735,0.029576928211995545
3520,-1.9138891555867137,0.029547351283783548
3521,-5.581954186163908,0.029517803932499764
3522,-4.226994058202378,0.029488286128567263
3523,-6.902213010941731,0.029458797842438697
3524,-4.928469500869152,0.02942933904459626
3525,-4.441293528397729,0.029399909705551664
3526,-6.0005325408534125,0.02937050979584611
3527,-3.124946143157528,0.029341139286050266
3528,-2.4394872128687237,0.029311798146764215
3529,-4.643711020068698,0.02928248634861745
3530,-3.640729649694567,0.029253203862268835
3531,-4.590214337517683,0.029223950658406567
3532,-2.1810024269497483,0.02919472670774816
3533,-8.527723555955669,0.02916553198104041
3534,-6.665407379219207,0.02913636644905937
3535,-2.6880779844330647,0.02910723008261031
3536,-4.0672402708328566,0.0290781228525277
3537,-3.211130794610514,0.02904904472967517
3538,-5.89347618012077,0.029019995684945496
3539,-3.8674592527861833,0.02899097568926055
3540,-6.06008231531567,0.02896198471357129
3541,-1.9842032844956514,0.028933022728857716
3542,-5.7058166218149555,0.028904089706128858
3543,-2.751975994725725,0.02887518561642273
3544,-5.632452561654536,0.028846310430806307
3545,-6.298056212478119,0.028817464120375502
3546,-5.014014168588169,0.028788646656255128
3547,-5.673278549234267,0.028759858009598873
3548,-3.4211370906432004,0.028731098151589272
3549,-5.412469056049877,0.028702367053437684
3550,-4.710883875892581,0.028673664686384246
3551,-5.756734815658026,0.02864499102169786
3552,-4.744882013300958,0.028616346030676164
3553,-5.756313076806331,0.02858772968464549
3554,-6.574753163116393,0.028559141954960843
3555,-4.834242834025718,0.02853058281300588
3556,-7.016517581351746,0.028502052230192875
3557,-4.641636039976785,0.028473550177962683
3558,-5.789622513042184,0.02844507662778472
3559,-5.835117432014423,0.028416631551156934
3560,-6.780069073289138,0.028388214919605775
3561,-2.643119360342757,0.028359826704686168
3562,-6.124083052783684,0.028331466877981482
3563,-2.3303319060791075,0.028303135411103502
3564,-5.3064167295627875,0.0282748322756924
3565,-5.418857933137897,0.028246557443416708
3566,-7.7365942836009705,0.02821831088597329
3567,-5.193427324260971,0.028190092575087318
3568,-6.1434828481962835,0.02816190248251223
3569,-5.629146188240831,0.02813374058002972
3570,-7.483452060790609,0.02810560683944969
3571,-5.06038706187241,0.028077501232610238
3572,-5.334972611850784,0.02804942373137763
3573,-5.976488894604136,0.02802137430764625
3574,-4.694594456243042,0.027993352933338603
3575,-5.261062397057051,0.027965359580405264
3576,-4.913992647547664,0.02793739422082486
3577,-4.773399808354219,0.027909456826604034
3578,-6.239153531905417,0.02788154736977743
3579,-5.43997293698297,0.027853665822407652
3580,-5.090336143053264,0.027825812156585243
3581,-5.314359971745385,0.02779798634442866
3582,-4.9458151091875955,0.02777018835808423
3583,-4.9771649148762975,0.027742418169726144
3584,-4.586157956111013,0.02771467575155642
3585,-4.950830150608597,0.027686961075804862
3586,-4.946352056717582,0.027659274114729057
3587,-4.106862333077469,0.027631614840614327
3588,-5.837950333657372,0.027603983225773714
3589,-5.413318757622772,0.02757637924254794
3590,-8.004953434803344,0.027548802863305393
3591,-4.551777625124773,0.027521254060442087
3592,-2.6862259223342297,0.027493732806381645
3593,-5.06889372900686,0.027466239073575264
3594,-4.703632642206241,0.02743877283450169
3595,-5.340299421875915,0.027411334061667188
3596,-4.012761942181717,0.02738392272760552
3597,-2.0845729506842647,0.027356538804877914
3598,-4.559118618222911,0.027329182266073036
3599,-2.6187908317289263,0.027301853083806962
3600,-4.102815657987678,0.027274551230723157
3601,-2.36208493866733,0.027247276679492435
3602,-2.0820383567149565,0.027220029402812942
3603,-5.7058178459004445,0.02719280937341013
3604,-4.395714573909047,0.02716561656403672
3605,-4.1038190733467275,0.027138450947472685
3606,-2.9639079857652595,0.027111312496525212
3607,-6.97480992395152,0.027084201184028687
3608,-2.565624604033672,0.02705711698284466
3609,-3.6091204571714086,0.027030059865861815
3610,-2.0853375998442436,0.027003029805995952
3611,-2.9816219860658686,0.026976026776189956
3612,-5.236944262464704,0.026949050749413766
3613,-1.9323976022275327,0.026922101698664352
3614,-5.175454068482646,0.026895179596965687
3615,-5.055056533113378,0.026868284417368722
3616,-2.8354665491098867,0.026841416132951355
3617,-5.782796316232048,0.026814574716818404
3618,-5.234964961738344,0.026787760142101585
3619,-3.7208690317923727,0.026760972381959482
3620,-2.4961890466929115,0.026734211409577522
3621,-2.2514089889944384,0.026707477198167944
3622,-2.3901628673781516,0.026680769720969777
3623,-2.8525016344968037,0.02665408895124881
3624,-4.922333484686051,0.026627434862297558
3625,-4.8520605158768895,0.02660080742743526
3626,-3.5256029189671074,0.026574206620007826
3627,-4.331198879073563,0.02654763241338782
3628,-2.854039228121267,0.02652108478097443
3629,-6.250393255090151,0.026494563696193456
3630,-2.429791495184138,0.026468069132497263
3631,-6.9253905470538255,0.026441601063364767
3632,-4.8136161120848655,0.026415159462301403
3633,-6.707302201819688,0.0263887443028391
3634,-5.396072444874739,0.02636235555853626
3635,-2.5431918247832863,0.026335993202977723
3636,-2.040415216869559,0.026309657209774746
3637,-1.4998027165085035,0.02628334755256497
3638,-2.692384950568506,0.026257064205012406
3639,-3.223725602412223,0.026230807140807395
3640,-6.815909407432834,0.026204576333666588
3641,-2.438516338260222,0.02617837175733292
3642,-2.276998819950509,0.02615219338557559
3643,-6.679972008810948,0.026126041192190013
3644,-2.1738166999268347,0.026099915150997823
3645,-6.824408951962342,0.026073815235846825
3646,-5.931733271737025,0.02604774142061098
3647,-2.4369936677546815,0.02602169367919037
3648,-3.328794156199479,0.025995671985511178
3649,-5.027407853057048,0.025969676313525668
3650,-4.283760442574153,0.02594370663721214
3651,-5.645890700097263,0.02591776293057493
3652,-6.008297322150058,0.025891845167644353
3653,-4.458755718753892,0.02586595332247671
3654,-6.12603840220939,0.025840087369154233
3655,-5.376231734374516,0.02581424728178508
3656,-3.01343700232555,0.025788433034503296
3657,-5.520684203630371,0.025762644601468793
3658,-4.884880239228284,0.025736881956867325
3659,-3.2714851873582202,0.025711145074910458
3660,-5.112236004511158,0.025685433929835546
3661,-8.042709421888112,0.025659748495905712
3662,-6.92485162036407,0.025634088747409807
3663,-6.5960227386307935,0.025608454658662398
3664,-4.926329678109667,0.025582846204003737
3665,-4.91922973826298,0.025557263357799734
3666,-6.558789316086252,0.025531706094441935
3667,-3.834755002177635,0.025506174388347493
3668,-5.684506661497133,0.025480668213959144
3669,-4.668174807444015,0.025455187545745186
3670,-6.836779584492293,0.02542973235819944
3671,-3.6506652404564077,0.02540430262584124
3672,-5.780000943864076,0.0253788983232154
3673,-3.4434214895323834,0.025353519424892185
3674,-4.39755762511923,0.025328165905467295
3675,-6.165280008360954,0.025302837739561827
3676,-5.286871254405762,0.025277534901822264
3677,-6.078333758357886,0.025252257366920442
3678,-4.313209169748511,0.025227005109553523
3679,-6.42319319612689,0.02520177810444397
3680,-6.824397686640997,0.025176576326339524
3681,-3.2047638765690456,0.025151399750013185
3682,-4.952406296612227,0.025126248350263173
3683,-6.4125569494114565,0.02510112210191291
3684,-3.9057541579652533,0.025076020979810997
3685,-6.484046879694649,0.025050944958831187
3686,-7.661728684750453,0.025025894013872355
3687,-6.20658118755329,0.025000868119858483
3688,-5.510246238343452,0.024975867251738625
3689,-5.221486044236908,0.024950891384486886
3690,-6.280860437852294,0.0249259404931024
3691,-4.587537050593344,0.024901014552609298
3692,-2.396034910041144,0.024876113538056688
3693,-4.856240191630892,0.02485123742451863
3694,-2.4452345997983236,0.02482638618709411
3695,-4.925662706307133,0.024801559800907015
3696,-2.2167518806371507,0.024776758241106107
3697,-2.566994546347092,0.024751981482865
3698,-4.690576265375755,0.024727229501382137
3699,-1.9856868376923178,0.024702502271880755
3700,-2.6825417028864527,0.024677799769608873
3701,-5.425701211758323,0.024653121969839265
3702,-1.4843723825038015,0.024628468847869425
3703,-5.72290160601986,0.024603840379021556
3704,-1.8384434534718987,0.024579236538642534
3705,-6.886759281777133,0.02455465730210389
3706,-3.0256993724513817,0.024530102644801786
3707,-2.5945691473419044,0.024505572542156986
3708,-5.65813679536063,0.02448106696961483
3709,-5.649952798578284,0.024456585902645215
3710,-6.097642107133465,0.02443212931674257
3711,-2.628210178822474,0.024407697187425827
3712,-6.486602889423457,0.0243832894902384
3713,-7.007213631195943,0.02435890620074816
3714,-3.17274684827851,0.024334547294547412
3715,-5.8890933921704836,0.024310212747252865
3716,-4.315582556147393,0.02428590253450561
3717,-3.086706192779827,0.024261616631971107
3718,-3.2101311947372495,0.024237355015339135
3719,-2.3510237519406476,0.024213117660323795
3720,-5.390525418440546,0.02418890454266347
3721,-3.2309943850946863,0.024164715638120806
3722,-3.3331366353914222,0.024140550922482684
3723,-4.45833084987928,0.0241164103715602
3724,-1.9091510779456227,0.02409229396118864
3725,-4.967036242754301,0.02406820166722745
3726,-4.7035188442241465,0.024044133465560225
3727,-1.9512242225028449,0.024020089332094666
3728,-6.078350631228769,0.023996069242762572
3729,-7.760536554418809,0.02397207317351981
3730,-5.02628168438005,0.02394810110034629
3731,-3.3668673094165267,0.023924152999245944
3732,-5.127472978036938,0.023900228846246697
3733,-4.62116926572879,0.02387632861740045
3734,-4.659079284518359,0.02385245228878305
3735,-4.544135957730764,0.023828599836494265
3736,-2.8355317772083994,0.023804771236657772
3737,-4.1281932255651865,0.023780966465421115
3738,-5.943781663984442,0.023757185498955693
3739,-6.4333621766165265,0.023733428313456737
3740,-5.3765046640506355,0.02370969488514328
3741,-5.135104414758922,0.02368598519025814
3742,-3.2058614776455707,0.02366229920506788
3743,-7.010959350307267,0.023638636905862813
3744,-7.326049552360007,0.02361499826895695
3745,-5.597840509493137,0.023591383270687993
3746,-2.873504095296093,0.023567791887417304
3747,-4.91247165284446,0.023544224095529885
3748,-2.224856474032088,0.023520679871434354
3749,-6.013207235163824,0.02349715919156292
3750,-4.585433501241299,0.023473662032371355
3751,-5.09601415966047,0.023450188370338982
3752,-6.650270392065549,0.023426738181968644
3753,-5.959440813894108,0.023403311443786677
3754,-6.590728706830225,0.02337990813234289
3755,-8.363359381081032,0.023356528224210547
3756,-5.68681672076294,0.023333171695986338
3757,-5.753587458215836,0.02330983852429035
3758,-5.058621055084106,0.02328652868576606
3759,-5.74473228294389,0.023263242157080293
3760,-4.441641560308451,0.02323997891492321
3761,-6.0004445492944605,0.02321673893600829
3762,-6.43265233361107,0.02319352219707228
3763,-5.003003600748238,0.023170328674875208
3764,-5.059470732891146,0.023147158346200333
3765,-7.0231668260132984,0.02312401118785413
3766,-3.9191967221137167,0.023100887176666276
3767,-4.1706293890163755,0.02307778628948961
3768,-7.387038390723046,0.02305470850320012
3769,-5.8453785544361985,0.023031653794696922
3770,-6.4739035498275666,0.023008622140902227
3771,-4.286351414701736,0.022985613518761324
3772,-2.85378307064818,0.022962627905242564
3773,-5.241610887877861,0.02293966527733732
3774,-3.528417322378807,0.022916725612059985
3775,-5.464701929250401,0.022893808886447924
3776,-4.721144415543572,0.022870915077561477
3777,-4.888553697881489,0.022848044162483917
3778,-3.298031478388802,0.02282519611832143
3779,-5.410161430797403,0.02280237092220311
3780,-5.897563273882947,0.02277956855128091
3781,-4.141483172357942,0.02275678898272963
3782,-2.3777016361564685,0.0227340321937469
3783,-2.732249753894399,0.022711298161553154
3784,-2.311072540487039,0.0226885868633916
3785,-2.7051547001465304,0.02266589827652821
3786,-2.662727224355009,0.022643232378251683
3787,-2.7514006015484314,0.02262058914587343
3788,-2.053263676140193,0.02259796855672756
3789,-2.6865291802125046,0.022575370588170832
3790,-2.809501099881239,0.02255279521758266
3791,-2.7167674533785013,0.02253024242236508
3792,-1.9889062590619744,0.022507712179942713
3793,-2.330563233574708,0.02248520446776277
3794,-2.655324228651407,0.02246271926329501
3795,-2.4065650856382756,0.022440256544031714
3796,-1.682376081971802,0.022417816287487683
3797,-2.5995134095846177,0.022395398471200194
3798,-1.772058202629028,0.022373003072728992
3799,-2.5416838898691303,0.022350630069656263
3800,-2.6885439091190073,0.022328279439586606
3801,-4.206150334846654,0.022305951160147018
3802,-3.0096196811345197,0.02228364520898687
3803,-2.188024966630008,0.022261361563777882
3804,-2.6343292550231174,0.022239100202214104
3805,-1.8698796070110675,0.02221686110201189
3806,-2.117927363534568,0.02219464424090988
3807,-2.185167426021276,0.022172449596668968
3808,-2.303054741757298,0.022150277147072298
3809,-2.2263559542770497,0.022128126869925227
3810,-2.565637065284266,0.022105998743055303
3811,-4.8574519951779465,0.022083892744312248
3812,-2.6852056333682794,0.022061808851567936
3813,-3.2189537941827426,0.022039747042716367
3814,-2.8607410221848304,0.02201770729567365
3815,-3.2897793582226584,0.021995689588377977
3816,-2.090480800565004,0.0219736938987896
3817,-2.6002740222147356,0.02195172020489081
3818,-2.531159765270139,0.02192976848468592
3819,-2.380712945112408,0.021907838716201233
3820,-2.978565381274056,0.02188593087748503
3821,-2.215716240896172,0.021864044946607545
3822,-4.274984343581336,0.021842180901660936
3823,-2.3451484575437647,0.021820338720759277
3824,-3.279735436292173,0.021798518382038518
3825,-2.8187963845640303,0.02177671986365648
3826,-5.830598798433375,0.021754943143792824
3827,-6.1910047391930725,0.02173318820064903
3828,-3.016128758524277,0.02171145501244838
3829,-2.414451352563259,0.02168974355743593
3830,-6.504858868980083,0.021668053813878495
3831,-5.449491325470165,0.021646385760064616
3832,-5.428604319581911,0.021624739374304553
3833,-3.5231224909977343,0.021603114634930247
3834,-3.961731144747213,0.02158151152029532
3835,-4.651742392900274,0.021559930008775024
3836,-3.4029114596164702,0.021538370078766248
3837,-2.5697995656113006,0.02151683170868748
3838,-5.1278097376350615,0.021495314876978793
3839,-6.751578881786375,0.021473819562101815
3840,-3.2008590638423153,0.02145234574253971
3841,-6.086102007976031,0.02143089339679717
3842,-7.174912611086565,0.021409462503400374
3843,-5.559811072748035,0.021388053040896974
3844,-5.912325461832982,0.021366664987856075
3845,-5.370419988963112,0.02134529832286822
3846,-3.2965046874455046,0.02132395302454535
3847,-5.461291761531678,0.021302629071520807
3848,-5.8090921186951405,0.021281326442449285
3849,-5.7757882376215,0.021260045116006834
3850,-2.7347859798368006,0.021238785070890828
3851,-6.027412139269183,0.021217546285819937
3852,-4.645934375048014,0.02119632873953412
3853,-4.839239054631418,0.021175132410794585
3854,-3.448376283912496,0.02115395727838379
3855,-5.822850011812729,0.021132803321105405
3856,-5.122514572329523,0.0211116705177843
3857,-3.2865420856194945,0.021090558847266516
3858,-4.872763959266227,0.02106946828841925
3859,-5.428869726475729,0.02104839882013083
3860,-4.658638567601918,0.0210273504213107
3861,-4.729591260195935,0.02100632307088939
3862,-4.132270453217739,0.0209853167478185
3863,-5.473449861575736,0.02096433143107068
3864,-5.471822034244489,0.020943367099639607
3865,-5.7392381360038405,0.020922423732539965
3866,-5.824685592402581,0.020901501308807423
3867,-5.7567025813749435,0.020880599807498616
3868,-7.259089336006957,0.020859719207691117
3869,-5.795425621777666,0.020838859488483425
3870,-2.971970527331708,0.020818020628994943
3871,-2.697300760874712,0.02079720260836595
3872,-2.206843881714061,0.02077640540575758
3873,-2.1428520836906215,0.020755629000351824
3874,-2.1727702318187103,0.02073487337135147
3875,-2.2575851063634857,0.02071413849798012
3876,-2.8176777534631854,0.02069342435948214
3877,-2.152085983868177,0.020672730935122657
3878,-3.3877285979190033,0.020652058204187532
3879,-2.402918381008942,0.020631406145983345
3880,-2.836376891375101,0.02061077473983736
3881,-2.838715442589041,0.02059016396509752
3882,-2.9615687124835293,0.020569573801132425
3883,-2.2846401935960596,0.020549004227331292
3884,-2.464331465294921,0.02052845522310396
3885,-2.1061558545617656,0.020507926767880855
3886,-2.1234084371154305,0.020487418841112975
3887,-2.676953033405296,0.02046693142227186
3888,-2.251407143249246,0.020446464490849588
3889,-2.556616916334975,0.02042601802635874
3890,-2.36653660609108,0.02040559200833238
3891,-2.484812263133041,0.020385186416324048
3892,-2.2100683273392607,0.020364801229907723
3893,-2.6463604095434734,0.020344436428677816
3894,-2.477716303205096,0.02032409199224914
3895,-2.8917206682752785,0.02030376790025689
3896,-2.724820391138933,0.020283464132356634
3897,-4.850123593717915,0.020263180668224277
3898,-4.265311474092358,0.020242917487556054
3899,-2.1955250577887124,0.0202226745700685
3900,-2.790022863898761,0.02020245189549843
3901,-2.4686730394699743,0.02018224944360293
3902,-2.1190949324240624,0.02016206719415933
3903,-1.7508522898914556,0.02014190512696517
3904,-2.78903607199403,0.020121763221838205
3905,-3.767081041701968,0.020101641458616367
3906,-2.199086993222841,0.02008153981715775
3907,-2.0605720587958114,0.020061458277340592
3908,-2.2381354330908376,0.02004139681906325
3909,-3.7834079575582695,0.02002135542224419
3910,-2.4123729896828623,0.020001334066821943
3911,-3.8034711642007655,0.01998133273275512
3912,-2.1246100833622004,0.019961351400022365
3913,-5.351720833221764,0.019941390048622342
3914,-5.8842590251163,0.01992144865857372
3915,-5.088168150160394,0.019901527209915146
3916,-6.032827877412831,0.019881625682705233
3917,-4.937482519693013,0.019861744057022526
3918,-2.2306196732772063,0.019841882312965502
3919,-6.223044850674732,0.019822040430652537
3920,-4.717938827109569,0.019802218390221886
3921,-4.9266094290925615,0.019782416171831664
3922,-6.032561409654555,0.01976263375565983
3923,-4.689756448177684,0.019742871121904173
3924,-6.063218080855165,0.01972312825078227
3925,-4.751050251164055,0.01970340512253149
3926,-3.0315628187884305,0.019683701717408957
3927,-6.368217299033882,0.019664018015691547
3928,-5.9507191014093435,0.019644353997675855
3929,-6.066466451508341,0.01962470964367818
3930,-7.8516817437432485,0.019605084934034504
3931,-7.982084459084168,0.01958547984910047
3932,-2.9327226907632764,0.01956589436925137
3933,-4.8927474817517425,0.019546328474882118
3934,-1.8919885259790639,0.019526782146407237
3935,-4.103220952383031,0.01950725536426083
3936,-3.641020176116613,0.01948774810889657
3937,-6.182805035258323,0.019468260360787675
3938,-3.8313828497946743,0.01944879210042689
3939,-6.019869646822189,0.019429343308326463
3940,-6.406034231445885,0.019409913965018136
3941,-4.901633627746337,0.019390504051053116
3942,-6.605854077202283,0.019371113547002064
3943,-2.1049969885329185,0.01935174243345506
3944,-5.295335990028417,0.019332390691021606
3945,-6.34317461297096,0.019313058300330584
3946,-4.761240330615369,0.019293745242030255
3947,-5.421506457930892,0.019274451496788223
3948,-4.7524942683324145,0.019255177045291436
3949,-3.3031913751411173,0.019235921868246145
3950,-5.430457017369792,0.019216685946377897
3951,-5.397931582233369,0.01919746926043152
3952,-6.91103400069154,0.019178271791171087
3953,-5.444261643760828,0.019159093519379916
3954,-6.644945070342758,0.019139934425860535
3955,-4.975153600938221,0.019120794491434674
3956,-5.915776572574307,0.01910167369694324
3957,-4.535664481112672,0.019082572023246296
3958,-3.997541401752641,0.01906348945122305
3959,-4.426757564979448,0.01904442596177183
3960,-3.9560358036951433,0.019025381535810057
3961,-2.1323524590148746,0.019006356154274248
3962,-3.477372130576315,0.018987349798119973
3963,-2.5584113098482613,0.018968362448321854
3964,-4.104691284414485,0.018949394085873532
3965,-2.36208493866733,0.01893044469178766
3966,-2.459017781066708,0.018911514247095872
3967,-6.339110863242066,0.018892602732848776
3968,-2.742448324976304,0.018873710130115927
3969,-1.7472414459661025,0.01885483641998581
3970,-2.313910001380758,0.018835981583565822
3971,-3.994522104027716,0.018817145601982256
3972,-2.49554947692891,0.018798328456380273
3973,-4.884476392514885,0.018779530127923893
3974,-1.9969705865489868,0.01876075059779597
3975,-2.9816219860658686,0.018741989847198173
3976,-6.108116697125259,0.018723247857350977
3977,-1.9323976022275327,0.018704524609493626
3978,-6.196028765632734,0.018685820084884133
3979,-4.832376732600839,0.01866713426479925
3980,-2.8354665491098867,0.01864846713053445
3981,-6.276394443960681,0.018629818663403915
3982,-4.636637158592306,0.01861118884474051
3983,-3.7208690317923727,0.01859257765589577
3984,-2.4961890466929115,0.018573985078239874
3985,-2.568552339407556,0.018555411093161635
3986,-2.3901628673781516,0.018536855682068473
3987,-2.4482815871580437,0.018518318826386403
3988,-4.922333484686051,0.018499800507560015
3989,-4.6122342326752666,0.018481300707052454
3990,-3.5256029189671074,0.0184628194063454
3991,-4.331198879073563,0.018444356586939055
3992,-2.503457728854908,0.018425912230352115
3993,-6.61540416309111,0.018407486318121762
3994,-2.146996677294809,0.01838907883180364
3995,-6.844705504727276,0.018370689752971837
3996,-5.348922995347797,0.018352319063218867
3997,-5.204054805052111,0.018333966744155647
3998,-5.362513643118838,0.01831563277741149
3999,-2.5431918247832863,0.01829731714463408
4000,-2.040415216869559,0.018279019827489446
4001,-1.4998027165085035,0.018260740807661956
4002,-2.692384950568506,0.018242480066854295
4003,-3.223725602412223,0.01822423758678744
4004,-6.815909407432834,0.01820601334920065
4005,-2.0965325250930955,0.01818780733585145
4006,-2.276998819950509,0.0181696195285156
4007,-6.19457901852049,0.018151449908987084
4008,-2.1738166999268347,0.018133298459078098
4009,-6.546679621003614,0.01811516516061902
4010,-5.109303217984994,0.0180970499954584
4011,-2.4369936677546815,0.018078952945462943
4012,-3.328794156199479,0.01806087399251748
4013,-5.186789486440946,0.018042813118524962
4014,-4.283760442574153,0.01802477030540644
4015,-5.8893129428038975,0.01800674553510103
4016,-6.0577258237204425,0.01798873878956593
4017,-4.458755718753892,0.017970750050776366
4018,-6.571257564241126,0.01795277930072559
4019,-5.351467593054387,0.017934826521424863
4020,-3.01343700232555,0.017916891694903438
4021,-5.520684203630371,0.017898974803208532
4022,-1.8169646673910913,0.017881075828405323
4023,-3.2714851873582202,0.017863194752576916
4024,-4.041424836455509,0.017845331557824338
4025,-8.042709421888112,0.017827486226266512
4026,-6.653650312758245,0.017809658740040247
4027,-6.058547432848381,0.017791849081300208
4028,-4.826399966385289,0.017774057232218907
4029,-4.012395524169996,0.017756283174986686
4030,-6.326609824170546,0.0177385268918117
4031,-3.896126827887827,0.017720788364919887
4032,-5.584388814690892,0.017703067576554966
4033,-4.655140433135532,0.01768536450897841
4034,-6.8732011679344485,0.01766767914446943
4035,-4.397412293834171,0.017650011465324963
4036,-5.147495483050134,0.017632361453859637
4037,-3.549492528437059,0.017614729092405777
4038,-5.740862052517527,0.01759711436331337
4039,-6.823246967653073,0.017579517248950054
4040,-4.981336514067408,0.017561937731701106
4041,-4.884361034448345,0.017544375793969405
4042,-3.5653374719315662,0.017526831418175435
4043,-6.850980414422033,0.01750930458675726
4044,-6.893534915332594,0.017491795282170503
4045,-6.570968334342041,0.017474303486888332
4046,-5.4194629153966405,0.017456829183401443
4047,-5.501938540106268,0.017439372354218042
4048,-3.3244632451116267,0.017421932981863824
4049,-6.619564764975559,0.01740451104888196
4050,-4.02094791691918,0.017387106537833076
4051,-5.518586207794541,0.01736971943129524
4052,-1.442326894884883,0.017352349711863946
4053,-3.19468983994061,0.01733499736215208
4054,-6.552095505800658,0.01731766236478993
4055,-5.844909111525288,0.017300344702425138
4056,-3.003331971972917,0.017283044357722713
4057,-5.581554482740357,0.01726576131336499
4058,-2.096373640000155,0.017248495552051626
4059,-2.7844665503019472,0.017231247056499574
4060,-2.145016375733303,0.017214015809443074
4061,-2.2918016359957196,0.017196801793633632
4062,-3.9257922561281284,0.01717960499184
4063,-2.658736280051495,0.01716242538684816
4064,-2.0411152757635063,0.01714526296146131
4065,-2.3616496149673964,0.01712811769849985
4066,-2.5328374992806393,0.01711098958080135
4067,-2.540719738899367,0.01709387859122055
4068,-4.005775436015748,0.01707678471262933
4069,-2.86587802492343,0.017059707927916702
4070,-4.256626364915518,0.017042648219988785
4071,-3.7932541815341008,0.017025605571768795
4072,-2.7307857514954903,0.017008579966197025
4073,-5.094739755873505,0.01699157138623083
4074,-3.937888871718732,0.016974579814844598
4075,-3.4279499601839354,0.016957605235029753
4076,-4.133047359571256,0.016940647629794723
4077,-4.606630668659394,0.01692370698216493
4078,-2.4786471580640788,0.016906783275182764
4079,-3.124946143157528,0.016889876491907582
4080,-2.4394872128687237,0.016872986615415676
4081,-5.315990079529895,0.01685611362880026
4082,-3.640729649694567,0.01683925751517146
4083,-3.779160879935033,0.01682241825765629
4084,-2.1810024269497483,0.016805595839398633
4085,-7.178545030896065,0.016788790243559233
4086,-7.151069374036683,0.016772001453315675
4087,-4.76858375624748,0.01675522945186236
4088,-5.047925599276414,0.016738474222410496
4089,-3.211130794610514,0.016721735748188086
4090,-5.663824043358832,0.016705014012439897
4091,-7.329720750215095,0.016688308998427458
4092,-5.3859189571791095,0.01667162068942903
4093,-1.9842032844956514,0.0166549490687396
4094,-5.695863370322453,0.01663829411967086
4095,-2.751975994725725,0.01662165582555119
4096,-5.803579676931419,0.016605034169725637
4097,-4.392956314318859,0.016588429135555912
4098,-5.060806971692289,0.016571840706420357
4099,-5.724174858457674,0.016555268865713936
4100,-6.6571318340806105,0.016538713596848224
4101,-5.369852724771903,0.016522174883251375
4102,-5.085288288502223,0.016505652708368124
4103,-5.344650705459933,0.016489147055659757
4104,-5.134182711039079,0.016472657908604096
4105,-5.346931425598308,0.016456185250695494
4106,-6.574753163116393,0.0164397290654448
4107,-4.788655488003765,0.016423289336379356
4108,-6.259549136483978,0.016406866047042976
4109,-5.303179519999984,0.016390459180995933
4110,-5.647292262443003,0.016374068721814936
4111,-5.852484625923657,0.01635769465309312
4112,-6.6306047497815,0.016341336958440027
4113,-2.5543526587678174,0.016324995621481587
4114,-7.182875307109036,0.016308670625860104
4115,-2.2598578074876303,0.016292361955234244
4116,-5.687012975715067,0.01627606959327901
4117,-5.239018719237377,0.016259793523685732
4118,-7.533851994299756,0.016243533730162046
4119,-5.359845068161445,0.016227290196431883
4120,-6.021257314539668,0.01621106290623545
4121,-4.869351777199611,0.016194851843329215
4122,-7.404951264356034,0.016178656991485886
4123,-4.769404231785053,0.0161624783344944
4124,-5.414767406684841,0.016146315856159905
4125,-6.257628094618418,0.016130169540303746
4126,-5.403269808206459,0.01611403937076344
4127,-5.958061127840423,0.016097925331392676
4128,-5.177011287459202,0.016081827406061285
4129,-5.710073176236133,0.016065745578655224
4130,-6.291603472449479,0.01604967983307657
4131,-4.340008469771213,0.016033630153243494
4132,-4.797339267678473,0.01601759652309025
4133,-5.075363050258382,0.01600157892656716
4134,-4.828349062605621,0.01598557734764059
4135,-3.9922068532464166,0.01596959177029295
4136,-4.542916463385168,0.015953622178522656
4137,-5.169643533385792,0.015937668556344133
4138,-6.043198903359238,0.01592173088778779
4139,-4.184223372394419,0.015905809156900003
4140,-5.612008779084054,0.015889903347743102
4141,-5.169298403580761,0.01587401344439536
4142,-8.064097707127694,0.015858139430950966
4143,-4.626540917819389,0.015842281291520016
4144,-5.023217939994883,0.015826439010228496
4145,-5.364830686520836,0.01581061257121827
4146,-3.1361070537859552,0.01579480195864705
4147,-2.38367736966899,0.015779007156688403
4148,-5.5362128465626315,0.015763228149531714
4149,-2.7847189737213776,0.01574746492138218
4150,-3.5157599079651054,0.0157317174564608
4151,-3.261318478141223,0.01571598573900434
4152,-4.913285847985289,0.015700269753265335
4153,-2.930891304033173,0.01568456948351207
4154,-2.2150398895918033,0.01566888491402856
4155,-3.1676206992046163,0.01565321602911453
4156,-2.7082647930960677,0.015637562813085416
4157,-3.4264703116078126,0.01562192525027233
4158,-2.759549571367224,0.015606303325022058
4159,-1.951749552250231,0.015590697021697035
4160,-4.979965752521493,0.015575106324675339
4161,-2.2979697129845347,0.015559531218350664
4162,-5.976567720888545,0.015543971687132313
4163,-2.8357338565078947,0.015528427715445181
4164,-2.6805812940799694,0.015512899287729736
4165,-2.286818688637912,0.015497386388442006
4166,-4.551890435583463,0.015481889002053564
4167,-6.267660952814577,0.01546640711305151
4168,-5.1580442355124205,0.015450940705938459
4169,-5.5861404790918465,0.01543548976523252
4170,-4.570739278886212,0.015420054275467287
4171,-4.981184249954021,0.015404634221191819
4172,-4.236698987170723,0.015389229586970627
4173,-2.5459119246561106,0.015373840357383657
4174,-3.217708320557176,0.015358466517026274
4175,-5.6987326723549625,0.015343108050509247
4176,-3.487141752150262,0.015327764942458738
4177,-5.380899089939804,0.01531243717751628
4178,-6.084409989686391,0.015297124740338763
4179,-5.825112169438771,0.015281827615598424
4180,-6.270719384411024,0.015266545787982826
4181,-5.000434594641614,0.015251279242194844
4182,-4.42445591303065,0.015236027962952649
4183,-7.122567442669364,0.015220791934989696
4184,-5.572776704165406,0.015205571143054706
4185,-5.402926222463872,0.01519036557191165
4186,-7.037158453539938,0.01517517520633974
4187,-4.363780049255183,0.0151600000311334
4188,-5.191372197123574,0.015144840031102266
4189,-6.721854910224665,0.015129695191071164
4190,-4.7864767942253925,0.015114565495880094
4191,-5.51622212695168,0.015099450930384214
4192,-5.981982782283338,0.01508435147945383
4193,-6.393303077875315,0.015069267127974377
4194,-6.296641974934698,0.015054197860846403
4195,-5.271109305091702,0.015039143662985557
4196,-6.174095581403103,0.015024104519322571
4197,-3.6362215422449404,0.015009080414803248
4198,-5.144928912100726,0.014994071334388445
4199,-5.3839745812353,0.014979077263054056
4200,-2.3583985888580816,0.014964098185791003
4201,-5.980889813414116,0.014949134087605212
4202,-5.116794094488834,0.014934184953517607
4203,-4.494986274631978,0.01491925076856409
4204,-5.571927616569135,0.014904331517795525
4205,-5.156528790519955,0.01488942718627773
4206,-5.1834327540943,0.014874537759091451
4207,-7.3491394155309315,0.014859663221332359
4208,-5.152314955073857,0.014844803558111026
4209,-5.319230423780176,0.014829958754552916
4210,-5.184109199569823,0.014815128795798363
4211,-2.606250264919054,0.014800313667002565
4212,-4.7408064071131495,0.014785513353335562
4213,-6.002986213794941,0.014770727839982227
4214,-4.93727615048652,0.014755957112142245
4215,-5.131716325908623,0.014741201155030102
4216,-7.036526072405701,0.014726459953875072
4217,-6.420952127724492,0.014711733493921197
4218,-3.4259528166168387,0.014697021760427276
4219,-5.938609593616973,0.014682324738666848
4220,-6.128973743935973,0.014667642413928181
4221,-5.427975851559424,0.014652974771514253
4222,-5.344699459123396,0.014638321796742739
4223,-7.112988429144625,0.014623683474945996
4224,-6.697946161281646,0.014609059791471049
4225,-7.588435754872448,0.014594450731679578
4226,-6.32095647347124,0.014579856280947899
4227,-5.224180969296608,0.014565276424666951
4228,-4.277309525739756,0.014550711148242284
4229,-6.013574901351131,0.014536160437094041
4230,-4.9631498270100405,0.014521624276656948
4231,-6.612755008631031,0.014507102652380291
4232,-6.972726672227147,0.014492595549727911
4233,-6.8760321020890816,0.014478102954178184
4234,-6.222445685236237,0.014463624851224006
4235,-5.891350503266928,0.014449161226372782
4236,-4.633301689711416,0.01443471206514641
4237,-6.440692294972052,0.014420277353081263
4238,-5.276448755006289,0.014405857075728182
4239,-5.716688666823366,0.014391451218652453
4240,-4.529117051081001,0.014377059767433802
4241,-5.862962097529515,0.014362682707666368
4242,-6.0685876055371715,0.014348320024958701
4243,-5.115058798295335,0.014333971704933742
4244,-5.317949829149738,0.014319637733228809
4245,-5.432693243611885,0.01430531809549558
4246,-3.1692265985665884,0.014291012777400084
4247,-4.677858078557247,0.014276721764622684
4248,-4.292990040194945,0.014262445042858061
4249,-5.3289537036491215,0.014248182597815203
4250,-2.063817570258298,0.014233934415217388
4251,-2.894267686868276,0.01421970048080217
4252,-1.8026625767031927,0.014205480780321368
4253,-2.5136857081379254,0.014191275299541046
4254,-2.717820722563719,0.014177084024241506
4255,-3.015094018594626,0.014162906940217265
4256,-6.644471853535566,0.014148744033277047
4257,-5.231962190421815,0.014134595289243771
4258,-5.563344742843702,0.014120460693954527
4259,-3.4398159267469364,0.014106340233260573
4260,-5.096359010540502,0.014092233893027313
4261,-4.982713831722867,0.014078141659134286
4262,-2.410030837682351,0.014064063517475151
4263,-2.4550883946900526,0.014049999453957676
4264,-2.4515956922716775,0.014035949454503718
4265,-6.936715021049222,0.014021913505049215
4266,-2.9242356968714693,0.014007891591544166
4267,-1.668527332755245,0.013993883699952622
4268,-1.9635474610776646,0.01397988981625267
4269,-2.7494136278544143,0.013965909926436417
4270,-4.846058902851571,0.013951944016509982
4271,-2.5353955691171906,0.013937992072493471
4272,-2.656389807635627,0.013924054080420977
4273,-2.044296840905643,0.013910130026340556
4274,-2.5189963259309964,0.013896219896314215
4275,-5.7315963122327505,0.013882323676417901
4276,-3.7393747947428264,0.013868441352741484
4277,-3.1809778360710026,0.013854572911388743
4278,-4.544412123520729,0.013840718338477354
4279,-4.42444537226884,0.013826877620138877
4280,-4.672290033035855,0.013813050742518738
4281,-3.4135142928597957,0.013799237691776219
4282,-3.5724365547707237,0.013785438454084442
4283,-6.2691753389641995,0.013771653015630358
4284,-1.9388495670306423,0.013757881362614728
4285,-5.010807415433137,0.013744123481252113
4286,-5.757651277022482,0.01373037935777086
4287,-2.358570411609035,0.01371664897841309
4288,-4.690888542993733,0.013702932329434677
4289,-5.382723628451104,0.013689229397105242
4290,-1.3216225154662489,0.013675540167708137
4291,-2.874224774561041,0.013661864627540429
4292,-2.7389469070890398,0.013648202762912889
4293,-4.888377228002561,0.013634554560149977
4294,-3.865663542453285,0.013620920005589827
4295,-4.990232473570481,0.013607299085584237
4296,-3.1599388729233295,0.013593691786498652
4297,-4.758969979622277,0.013580098094712154
4298,-3.4640261369510394,0.013566517996617442
4299,-2.6086024103438037,0.013552951478620824
4300,-3.859931363837954,0.013539398527142203
4301,-3.9038108392146413,0.01352585912861506
4302,-6.143938946442301,0.013512333269486445
4303,-4.790266516854942,0.013498820936216958
4304,-4.411974477490585,0.01348532211528074
4305,-7.188346692069262,0.01347183679316546
4306,-5.469679618746917,0.013458364956372294
4307,-6.166844231816234,0.013444906591415923
4308,-4.964684552568108,0.013431461684824507
4309,-2.528525944713581,0.013418030223139681
4310,-5.648355870969614,0.013404612192916542
4311,-2.5791971435048593,0.013391207580723626
4312,-4.9964291614862795,0.013377816373142903
4313,-2.5926471922562726,0.01336443855676976
4314,-5.950145275104279,0.01335107411821299
4315,-4.510981522109599,0.013337723044094777
4316,-4.379959457876288,0.013324385321050682
4317,-4.155149911663517,0.01331106093572963
4318,-4.755882210255917,0.013297749874793902
4319,-5.708853331998499,0.013284452124919108
4320,-4.14546785057556,0.013271167672794189
4321,-6.642307804142101,0.013257896505121394
4322,-2.445071252216941,0.013244638608616273
4323,-3.0052165953060426,0.013231393970007657
4324,-4.884517959075267,0.013218162576037648
4325,-5.526184403637666,0.01320494441346161
4326,-4.490293255122914,0.013191739469048148
4327,-5.084375202070738,0.0131785477295791
4328,-6.591670550544914,0.013165369181849521
4329,-4.403936924165194,0.013152203812667672
4330,-3.918903455302059,0.013139051608855005
4331,-3.581060986601199,0.01312591255724615
4332,-3.842449355632371,0.013112786644688904
4333,-3.9844745032818167,0.013099673858044215
4334,-4.338308909170097,0.01308657418418617
4335,-3.4306420374189956,0.013073487610001983
4336,-3.0437944470280165,0.013060414122391981
4337,-5.144891108001974,0.01304735370826959
4338,-2.051298961321306,0.01303430635456132
4339,-2.71007472746721,0.013021272048206758
4340,-2.493248494820843,0.013008250776158551
4341,-2.571474225043493,0.012995242525382393
4342,-2.1879883107783673,0.012982247282857011
4343,-2.5304285835709632,0.012969265035574154
4344,-2.711641850459917,0.012956295770538579
4345,-3.4007286379773007,0.01294333947476804
4346,-2.710633402114157,0.012930396135293273
4347,-3.301858171056274,0.01291746573915798
4348,-2.182750362098955,0.012904548273418822
4349,-1.7114007029200644,0.012891643725145403
4350,-1.7351518628100584,0.012878752081420258
4351,-2.8094865376382834,0.012865873329338837
4352,-1.887544761252155,0.012853007456009499
4353,-2.417088257584375,0.012840154448553489
4354,-2.0153594080324826,0.012827314294104936
4355,-2.2465553709696855,0.012814486979810831
4356,-1.857811658440195,0.01280167249283102
4357,-2.6849541555499576,0.01278887082033819
4358,-3.0322247804733253,0.012776081949517853
4359,-2.187897068586648,0.012763305867568336
4360,-1.9616251348427574,0.012750542561700768
4361,-1.8685966833213272,0.012737792019139067
4362,-1.9681720672385719,0.012725054227119928
4363,-2.155988241495556,0.012712329172892809
4364,-2.0176272472156858,0.012699616843719915
4365,-3.913475073923219,0.012686917226876196
4366,-1.6147710360989487,0.01267423030964932
4367,-1.7654788666344194,0.012661556079339671
4368,-2.8376941805349696,0.012648894523260332
4369,-2.2536311060766434,0.012636245628737072
4370,-2.6237184809502634,0.012623609383108334
4371,-5.710449572480459,0.012610985773725226
4372,-2.318512421018727,0.012598374787951502
4373,-3.137637864675334,0.01258577641316355
4374,-2.692119770192982,0.012573190636750387
4375,-1.8135057357249662,0.012560617446113637
4376,-2.3389657301280837,0.012548056828667524
4377,-2.276085415219652,0.012535508771838856
4378,-2.0759117705021666,0.012522973263067018
4379,-2.610267848851793,0.012510450289803951
4380,-2.439367351728568,0.012497939839514147
4381,-2.4070762020742444,0.012485441899674633
4382,-5.438415662439331,0.012472956457774959
4383,-2.671299141409926,0.012460483501317184
4384,-2.5635983541420817,0.012448023017815866
4385,-2.4077945917829275,0.01243557499479805
4386,-4.549306206505834,0.012423139419803253
4387,-5.2495594244162405,0.01241071628038345
4388,-4.333154688106498,0.012398305564103066
4389,-6.30324579529422,0.012385907258538963
4390,-6.555497217035541,0.012373521351280423
4391,-4.419053009663372,0.012361147829929142
4392,-4.791828977853742,0.012348786682099213
4393,-6.348392555333518,0.012336437895417114
4394,-5.104261785702519,0.012324101457521696
4395,-4.266852189552248,0.012311777356064174
4396,-4.963379646480849,0.01229946557870811
4397,-4.895091211792456,0.012287166113129402
4398,-6.847709302172641,0.012274878947016272
4399,-2.713527546141057,0.012262604068069257
4400,-6.266512211817005,0.012250341464001188
4401,-5.484820327062682,0.012238091122537187
4402,-4.346383666125286,0.012225853031414649
4403,-6.7382202560539906,0.012213627178383235
4404,-3.8546178632979196,0.012201413551204852
4405,-7.039784694343179,0.012189212137653647
4406,-5.554830283814939,0.012177022925515993
4407,-4.9858277631068795,0.012164845902590477
4408,-6.107386082020822,0.012152681056687886
4409,-6.275660740670284,0.012140528375631197
4410,-7.088460587029116,0.012128387847255567
4411,-6.660290401823523,0.01211625945940831
4412,-5.262338229726584,0.012104143199948902
4413,-6.236269565633515,0.012092039056748953
4414,-5.288705739547287,0.012079947017692204
4415,-6.216864177903524,0.012067867070674513
4416,-5.581686418549533,0.012055799203603838
4417,-5.545543812625779,0.012043743404400235
4418,-6.373687453328248,0.012031699660995834
4419,-6.309437588752708,0.012019667961334838
4420,-5.02932923300347,0.012007648293373504
4421,-1.728060065544467,0.01199564064508013
4422,-4.0281604858273825,0.01198364500443505
4423,-6.1764328728822555,0.011971661359430615
4424,-5.095960211936971,0.011959689698071185
4425,-2.5099742891596617,0.011947730008373113
4426,-5.7395746399010505,0.01193578227836474
4427,-2.421000694516068,0.011923846496086375
4428,-2.5988619545447773,0.01191192264959029
4429,-2.7381649684403495,0.0119000107269407
4430,-2.262004477318554,0.011888110716213759
4431,-2.424093058684559,0.011876222605497545
4432,-2.6378497024520056,0.011864346382892048
4433,-2.512383870773928,0.011852482036509156
4434,-2.404333505038091,0.011840629554472647
4435,-2.0391578025480332,0.011828788924918175
4436,-2.765452674360325,0.011816960135993256
4437,-1.8272847547206477,0.011805143175857263
4438,-2.8055622889004272,0.011793338032681407
4439,-2.7974781574652994,0.011781544694648725
4440,-2.490200119199758,0.011769763149954076
4441,-2.638450843442936,0.011757993386804121
4442,-2.6232932900242263,0.011746235393417317
4443,-2.3905349754604543,0.0117344891580239
4444,-2.486096709715391,0.011722754668865876
4445,-2.0234803636746834,0.01171103191419701
4446,-2.894402210912107,0.011699320882282814
4447,-2.5943518303030113,0.01168762156140053
4448,-2.604762523336643,0.01167593393983913
4449,-2.7669337660385067,0.01166425800589929
4450,-2.8208887254433828,0.01165259374789339
4451,-2.915596606382471,0.011640941154145497
4452,-2.4318695859855697,0.01162930021299135
4453,-2.8264557196811806,0.01161767091277836
4454,-2.5727557133007473,0.011606053241865581
4455,-3.3083802347672164,0.011594447188623716
4456,-2.576100290782855,0.011582852741435093
4457,-2.765406683634997,0.011571269888693659
4458,-2.2662192611933385,0.011559698618804966
4459,-4.710984418142018,0.011548138920186161
4460,-2.8227046667226023,0.011536590781265975
4461,-1.8246345648377944,0.01152505419048471
4462,-2.4242930389036377,0.011513529136294224
4463,-3.326696305736092,0.011502015607157929
4464,-1.7805615347771526,0.011490513591550771
4465,-3.356570360752234,0.01147902307795922
4466,-2.119478319898009,0.01146754405488126
4467,-6.242971797991919,0.011456076510826379
4468,-5.092577900287726,0.011444620434315551
4469,-2.5433340077577395,0.011433175813881235
4470,-3.544693450910879,0.011421742638067355
4471,-1.570299472073041,0.011410320895429288
4472,-3.5936848286465106,0.011398910574533858
4473,-5.533211884473603,0.011387511663959324
4474,-2.7818237062824465,0.011376124152295365
4475,-5.808181853711892,0.01136474802814307
4476,-2.384689857029097,0.011353383280114928
4477,-5.658014926420858,0.011342029896834813
4478,-5.537989952053326,0.011330687866937979
4479,-3.055433788999409,0.011319357179071041
4480,-2.914425200782242,0.011308037821891971
4481,-1.954175858935104,0.01129672978407008
4482,-1.865182388264521,0.011285433054286009
4483,-3.16014722210477,0.011274147621231722
4484,-5.135094048756046,0.01126287347361049
4485,-2.6843602322475397,0.01125161060013688
4486,-6.708839861861369,0.011240358989536743
4487,-5.393972365909129,0.011229118630547206
4488,-4.431099871259974,0.011217889511916658
4489,-5.430911433191407,0.011206671622404742
4490,-4.4239638546794575,0.011195464950782337
4491,-5.26753711594155,0.011184269485831554
4492,-6.776840168812948,0.011173085216345722
4493,-3.910227872616264,0.011161912131129376
4494,-3.0628917977796672,0.011150750218998246
4495,-5.845556890982458,0.011139599468779248
4496,-5.84398182399541,0.01112845986931047
4497,-6.17769287298173,0.01111733140944116
4498,-6.296146557503736,0.011106214078031718
4499,-6.1484694016445784,0.011095107863953686
4500,-5.423403780480514,0.011084012756089733
4501,-6.064694727982412,0.011072928743333644
4502,-6.017111383322929,0.01106185581459031
4503,-6.000801688438292,0.01105079395877572
4504,-5.689733566462701,0.011039743164816944
4505,-5.945471402385181,0.011028703421652127
4506,-5.684412578287619,0.011017674718230475
4507,-5.330033412256219,0.011006657043512244
4508,-7.311923050063964,0.010995650386468731
4509,-6.475221590597876,0.010984654736082263
4510,-6.112648751864979,0.010973670081346181
4511,-5.302115429496127,0.010962696411264836
4512,-3.4066918263692063,0.01095173371485357
4513,-5.049652375461621,0.010940781981138717
4514,-4.102340316144053,0.010929841199157578
4515,-2.7360917495952353,0.010918911357958421
4516,-4.437807833931837,0.010907992446600463
4517,-1.8938583345231599,0.010897084454153863
4518,-6.2588699141665405,0.01088618736969971
4519,-2.7369176386396017,0.010875301182330011
4520,-2.9107077156255863,0.010864425881147681
4521,-1.7584499814744745,0.010853561455266534
4522,-2.7220585429442465,0.010842707893811268
4523,-6.664056794487485,0.010831865185917456
4524,-2.4218300495877303,0.01082103332073154
4525,-2.6715128654373985,0.010810212287410808
4526,-2.9961372002952325,0.010799402075123397
4527,-4.187480517749108,0.010788602673048273
4528,-2.7622407147150247,0.010777814070375225
4529,-5.381608492229896,0.01076703625630485
4530,-5.684565253730504,0.010756269220048544
4531,-1.9532182980722992,0.010745512950828496
4532,-5.89278983372866,0.010734767437877667
4533,-3.3358371644471623,0.01072403267043979
4534,-4.759186061332077,0.01071330863776935
4535,-4.835234539767732,0.010702595329131582
4536,-5.146335488572644,0.01069189273380245
4537,-2.4496690783722177,0.010681200841068649
4538,-5.568199787182592,0.01067051964022758
4539,-5.277300825882237,0.010659849120587353
4540,-4.985276167929587,0.010649189271466766
4541,-2.569289620872989,0.0106385400821953
4542,-5.7864603775711405,0.010627901542113105
4543,-2.2916966849564977,0.010617273640570992
4544,-5.776681746696243,0.01060665636693042
4545,-5.141998866000435,0.01059604971056349
4546,-5.767301827757082,0.010585453660852926
4547,-6.63653992106981,0.010574868207192074
4548,-5.8389444557940315,0.01056429333898488
4549,-2.0991276093792828,0.010553729045645896
4550,-6.00327616338344,0.01054317531660025
4551,-2.8681805430928873,0.01053263214128365
4552,-4.257597259375552,0.010522099509142365
4553,-5.841139293636898,0.010511577409633223
4554,-6.705548651726163,0.010501065832223589
4555,-8.017494755139301,0.010490564766391366
4556,-5.578855858680417,0.010480074201624974
4557,-5.640116413230338,0.01046959412742335
4558,-6.4752507006477025,0.010459124533295927
4559,-4.541487877447768,0.01044866540876263
4560,-5.178677189640442,0.010438216743353868
4561,-6.243803936119148,0.010427778526610514
4562,-6.788312156170461,0.010417350748083904
4563,-3.8066845306758776,0.01040693339733582
4564,-3.329684147580752,0.010396526463938485
4565,-6.448895049488318,0.010386129937474547
4566,-4.650427586049187,0.010375743807537072
4567,-5.025810842731914,0.010365368063729535
4568,-6.006644640467698,0.010355002695665807
4569,-6.054297331679936,0.010344647692970142
4570,-2.9288856759149025,0.010334303045277172
4571,-5.427730645932739,0.010323968742231895
4572,-5.999967982722241,0.010313644773489663
4573,-3.124542713421185,0.010303331128716174
4574,-5.559104319264602,0.010293027797587458
4575,-7.583484476280034,0.01028273476978987
4576,-5.364464558454653,0.01027245203502008
4577,-6.839214453792181,0.01026217958298506
4578,-2.430498280109299,0.010251917403402075
4579,-5.893500277294782,0.010241665485998672
4580,-5.558224313893861,0.010231423820512673
4581,-6.843348378186788,0.01022119239669216
4582,-5.4745347942709515,0.010210971204295469
4583,-5.832797547319379,0.010200760233091173
4584,-6.203991145910081,0.010190559472858081
4585,-5.688454944219719,0.010180368913385222
4586,-6.268197030951044,0.010170188544471838
4587,-6.51626322210805,0.010160018355927366
4588,-6.849000138677266,0.010149858337571439
4589,-4.367787564666652,0.010139708479233867
4590,-5.220096061910793,0.010129568770754632
4591,-6.851130867430761,0.010119439201983878
4592,-6.317932525842368,0.010109319762781895
4593,-5.9401865556001585,0.010099210443019114
4594,-8.333270609298463,0.010089111232576095
4595,-3.894853185563907,0.010079022121343519
4596,-6.20637482841034,0.010068943099222174
4597,-7.252416419798292,0.010058874156122952
4598,-5.3621602830849735,0.01004881528196683
4599,-5.602861507144068,0.010038766466684862
4600,-5.7881351658879066,0.010028727700218176
4601,-4.65270036308716,0.010018698972517958
4602,-5.778988563396834,0.01000868027354544
4603,-4.228116513009049,0.009998671593271896
4604,-5.043115121556802,0.009998671593271896
4605,-5.218553843548635,0.009998671593271896
4606,-5.175587226364026,0.009998671593271896
4607,-4.833443498910728,0.009998671593271896
4608,-6.321179963558352,0.009998671593271896
4609,-4.109735007188743,0.009998671593271896
4610,-3.9860276830835963,0.009998671593271896
4611,-2.0845729506842647,0.009998671593271896
4612,-4.775613726700552,0.009998671593271896
4613,-2.545592496757185,0.009998671593271896
4614,-4.171258284279313,0.009998671593271896
4615,-2.36208493866733,0.009998671593271896
4616,-2.0820383567149565,0.009998671593271896
4617,-5.250784828878696,0.009998671593271896
4618,-2.841474378412083,0.009998671593271896
4619,-4.1038190733467275,0.009998671593271896
4620,-4.646339826674471,0.009998671593271896
4621,-4.964653497625403,0.009998671593271896
4622,-2.565624604033672,0.009998671593271896
4623,-5.304194947749341,0.009998671593271896
4624,-2.0853375998442436,0.009998671593271896
4625,-2.9816219860658686,0.009998671593271896
4626,-4.726952059837277,0.009998671593271896
4627,-1.9323976022275327,0.009998671593271896
4628,-7.1290781450984175,0.009998671593271896
4629,-4.832376732600839,0.009998671593271896
4630,-2.8354665491098867,0.009998671593271896
4631,-6.00371535687452,0.009998671593271896
4632,-5.9828224864878585,0.009998671593271896
4633,-3.7208690317923727,0.009998671593271896
4634,-2.4961890466929115,0.009998671593271896
4635,-2.568552339407556,0.009998671593271896
4636,-2.3901628673781516,0.009998671593271896
4637,-2.8525016344968037,0.009998671593271896
4638,-6.629553590228663,0.009998671593271896
4639,-4.6122342326752666,0.009998671593271896
4640,-3.5256029189671074,0.009998671593271896
4641,-5.129336175844077,0.009998671593271896
4642,-2.854039228121267,0.009998671593271896
4643,-5.803591525936306,0.009998671593271896
4644,-2.429791495184138,0.009998671593271896
4645,-5.125713068821284,0.009998671593271896
4646,-4.733449340316946,0.009998671593271896
4647,-4.680671755830792,0.009998671593271896
4648,-5.236236808108176,0.009998671593271896
4649,-2.7860142489054094,0.009998671593271896
4650,-2.040415216869559,0.009998671593271896
4651,-1.4998027165085035,0.009998671593271896
4652,-2.8767659345479535,0.009998671593271896
4653,-3.223725602412223,0.009998671593271896
4654,-6.377134629174979,0.009998671593271896
4655,-2.6934468220537817,0.009998671593271896
4656,-2.276998819950509,0.009998671593271896
4657,-6.142515455232562,0.009998671593271896
4658,-2.1738166999268347,0.009998671593271896
4659,-6.396176828629733,0.009998671593271896
4660,-4.636242200680826,0.009998671593271896
4661,-2.4369936677546815,0.009998671593271896
4662,-3.328794156199479,0.009998671593271896
4663,-3.488546880180354,0.009998671593271896
4664,-4.283760442574153,0.009998671593271896
4665,-4.54426004384243,0.009998671593271896
4666,-4.556384251696791,0.009998671593271896
4667,-3.584333090935986,0.009998671593271896
4668,-5.651026177692964,0.009998671593271896
4669,-5.538835627990387,0.009998671593271896
4670,-3.01343700232555,0.009998671593271896
4671,-4.585630979740243,0.009998671593271896
4672,-4.884880239228284,0.009998671593271896
4673,-3.2714851873582202,0.009998671593271896
4674,-3.4655069419903115,0.009998671593271896
4675,-8.042709421888112,0.009998671593271896
4676,-6.652242614634202,0.009998671593271896
4677,-6.613538866676721,0.009998671593271896
4678,-4.926329678109667,0.009998671593271896
4679,-5.089054692596936,0.009998671593271896
4680,-5.211515258024643,0.009998671593271896
4681,-3.942229955796842,0.009998671593271896
4682,-5.849120803822814,0.009998671593271896
4683,-4.6812091817524975,0.009998671593271896
4684,-6.004482980955224,0.009998671593271896
4685,-4.397412293834171,0.009998671593271896
4686,-4.670658708705691,0.009998671593271896
4687,-3.188118403535559,0.009998671593271896
4688,-2.124121906073045,0.009998671593271896
4689,-5.543700791831313,0.009998671593271896
4690,-4.687766181196563,0.009998671593271896
4691,-4.884361034448345,0.009998671593271896
4692,-3.5653374719315662,0.009998671593271896
4693,-6.306100392990789,0.009998671593271896
4694,-5.833175356959613,0.009998671593271896
4695,-4.366767998854453,0.009998671593271896
4696,-4.4587955088300735,0.009998671593271896
4697,-6.160597097309305,0.009998671593271896
4698,-4.62941633489384,0.009998671593271896
4699,-4.156279795559584,0.009998671593271896
4700,-5.051117070127779,0.009998671593271896
4701,-2.904930670974144,0.009998671593271896
4702,-3.858258339812517,0.009998671593271896
4703,-2.057847940473755,0.009998671593271896
4704,-2.8210536159465063,0.009998671593271896
4705,-4.100776090185424,0.009998671593271896
4706,-2.9543748541084556,0.009998671593271896
4707,-6.460916561328755,0.009998671593271896
4708,-5.348731657638455,0.009998671593271896
4709,-2.6841394213823526,0.009998671593271896
4710,-2.7933097320729674,0.009998671593271896
4711,-2.7235697252838404,0.009998671593271896
4712,-5.221536364653972,0.009998671593271896
4713,-6.140465031789542,0.009998671593271896
4714,-2.9599581918831204,0.009998671593271896
4715,-5.602257278996216,0.009998671593271896
4716,-4.8181388238290594,0.009998671593271896
4717,-4.699415209699453,0.009998671593271896
4718,-5.856289065623351,0.009998671593271896
4719,-2.1778823792785342,0.009998671593271896
4720,-2.1102036219769382,0.009998671593271896
4721,-5.41218995388641,0.009998671593271896
4722,-2.4370784808908272,0.009998671593271896
4723,-4.477524078401087,0.009998671593271896
4724,-5.713388941654645,0.009998671593271896
4725,-2.3267324528133666,0.009998671593271896
4726,-5.426184190740418,0.009998671593271896
4727,-5.414687393647733,0.009998671593271896
4728,-5.834825131864314,0.009998671593271896
4729,-5.301059601026536,0.009998671593271896
4730,-4.2032256806527775,0.009998671593271896
4731,-4.578933831033344,0.009998671593271896
4732,-4.649232985871124,0.009998671593271896
4733,-2.536682554668777,0.009998671593271896
4734,-3.018612075611945,0.009998671593271896
4735,-4.246120345880243,0.009998671593271896
4736,-3.5013196728173748,0.009998671593271896
4737,-2.46541499329664,0.009998671593271896
4738,-2.038189024310736,0.009998671593271896
4739,-5.472650546128982,0.009998671593271896
4740,-2.7280212039811844,0.009998671593271896
4741,-3.3819435968813663,0.009998671593271896
4742,-3.581533013295285,0.009998671593271896
4743,-1.8303918880392034,0.009998671593271896
4744,-3.2009597591625494,0.009998671593271896
4745,-5.674821374255445,0.009998671593271896
4746,-4.791399853528242,0.009998671593271896
4747,-5.299941350534901,0.009998671593271896
4748,-5.867023358283044,0.009998671593271896
4749,-3.145308829803332,0.009998671593271896
4750,-4.752105077113244,0.009998671593271896
4751,-1.9493478718010306,0.009998671593271896
4752,-5.333156146020994,0.009998671593271896
4753,-4.266548296925015,0.009998671593271896
4754,-1.159720281946547,0.009998671593271896
4755,-3.5016512588986606,0.009998671593271896
4756,-1.4734386052011996,0.009998671593271896
4757,-2.7974541663740697,0.009998671593271896
4758,-4.387510497828922,0.009998671593271896
4759,-5.7163893867568785,0.009998671593271896
4760,-1.7794296315127012,0.009998671593271896
4761,-7.502562545578339,0.009998671593271896
4762,-4.335482358857345,0.009998671593271896
4763,-5.806196913283033,0.009998671593271896
4764,-4.114102610910053,0.009998671593271896
4765,-1.820914110070725,0.009998671593271896
4766,-5.216946127861385,0.009998671593271896
4767,-2.1872775893952183,0.009998671593271896
4768,-5.740228274382977,0.009998671593271896
4769,-5.899823277893891,0.009998671593271896
4770,-5.529317359361242,0.009998671593271896
4771,-6.433776839519691,0.009998671593271896
4772,-3.0860512544537957,0.009998671593271896
4773,-7.4894721116195555,0.009998671593271896
4774,-7.893211205326548,0.009998671593271896
4775,-5.290808646101517,0.009998671593271896
4776,-6.147281327921249,0.009998671593271896
4777,-4.428368759978916,0.009998671593271896
4778,-5.771881951348586,0.009998671593271896
4779,-4.632865260267527,0.009998671593271896
4780,-4.377397214670609,0.009998671593271896
4781,-3.689434191839607,0.009998671593271896
4782,-5.83059610227035,0.009998671593271896
4783,-3.8806714655205194,0.009998671593271896
4784,-1.6385156389339104,0.009998671593271896
4785,-4.568052041513042,0.009998671593271896
4786,-3.4340692146317737,0.009998671593271896
4787,-6.222199570249829,0.009998671593271896
4788,-2.0890321584365013,0.009998671593271896
4789,-5.665480856078352,0.009998671593271896
4790,-3.1829365563496936,0.009998671593271896
4791,-4.445249226472203,0.009998671593271896
4792,-5.521894132542458,0.009998671593271896
4793,-2.8705660186088355,0.009998671593271896
4794,-3.08275651911826,0.009998671593271896
4795,-3.1361070537859552,0.009998671593271896
4796,-2.38367736966899,0.009998671593271896
4797,-5.540581289793307,0.009998671593271896
4798,-2.5838644307600567,0.009998671593271896
4799,-3.5430603859265655,0.009998671593271896
4800,-3.261318478141223,0.009998671593271896
4801,-4.789920048843612,0.009998671593271896
4802,-3.273107843072666,0.009998671593271896
4803,-2.2150398895918033,0.009998671593271896
4804,-3.1676206992046163,0.009998671593271896
4805,-3.4262871734520357,0.009998671593271896
4806,-3.4264703116078126,0.009998671593271896
4807,-2.759549571367224,0.009998671593271896
4808,-1.951749552250231,0.009998671593271896
4809,-3.8567184776144545,0.009998671593271896
4810,-2.1047463989924116,0.009998671593271896
4811,-5.976567720888545,0.009998671593271896
4812,-3.6827579547998233,0.009998671593271896
4813,-3.2550833657106772,0.009998671593271896
4814,-2.286818688637912,0.009998671593271896
4815,-5.330513664355592,0.009998671593271896
4816,-5.806327362062728,0.009998671593271896
4817,-5.183390159120982,0.009998671593271896
4818,-7.486682723842572,0.009998671593271896
4819,-5.14720550336671,0.009998671593271896
4820,-5.188723938097139,0.009998671593271896
4821,-4.449077054692342,0.009998671593271896
4822,-2.5459119246561106,0.009998671593271896
4823,-3.217708320557176,0.009998671593271896
4824,-5.712208061312396,0.009998671593271896
4825,-3.4658097458514754,0.009998671593271896
4826,-2.2517175516212835,0.009998671593271896
4827,-5.2122383123323415,0.009998671593271896
4828,-4.451821590525574,0.009998671593271896
4829,-5.139721430044303,0.009998671593271896
4830,-5.045587441424871,0.009998671593271896
4831,-5.256449211516727,0.009998671593271896
4832,-6.659794203832183,0.009998671593271896
4833,-2.7553160198368403,0.009998671593271896
4834,-4.688719084481944,0.009998671593271896
4835,-6.76033740334003,0.009998671593271896
4836,-5.003684355040825,0.009998671593271896
4837,-5.137782453517662,0.009998671593271896
4838,-6.161871938351688,0.009998671593271896
4839,-4.824645548365002,0.009998671593271896
4840,-5.52525695216837,0.009998671593271896
4841,-5.836885851307651,0.009998671593271896
4842,-6.015817105700851,0.009998671593271896
4843,-4.975832952435552,0.009998671593271896
4844,-4.579960213027553,0.009998671593271896
4845,-6.205173835375094,0.009998671593271896
4846,-3.6362215422449404,0.009998671593271896
4847,-4.460377643860799,0.009998671593271896
4848,-5.239837578373528,0.009998671593271896
4849,-2.3583985888580816,0.009998671593271896
4850,-5.928088671199785,0.009998671593271896
4851,-4.20324472719358,0.009998671593271896
4852,-4.142002092353011,0.009998671593271896
4853,-5.129882792334042,0.009998671593271896
4854,-3.9437590760116708,0.009998671593271896
4855,-5.025345077514684,0.009998671593271896
4856,-7.493490269761691,0.009998671593271896
4857,-5.3439097670996,0.009998671593271896
4858,-5.3244480771918425,0.009998671593271896
4859,-4.9012758468365645,0.009998671593271896
4860,-2.606250264919054,0.009998671593271896
4861,-4.7408064071131495,0.009998671593271896
4862,-6.002986213794941,0.009998671593271896
4863,-4.912399206657478,0.009998671593271896
4864,-4.0452895474794,0.009998671593271896
4865,-6.830062533524227,0.009998671593271896
4866,-5.929737446976985,0.009998671593271896
4867,-3.4259528166168387,0.009998671593271896
4868,-5.938609593616973,0.009998671593271896
4869,-6.003758156951321,0.009998671593271896
4870,-5.425213243189082,0.009998671593271896
4871,-4.55225338838262,0.009998671593271896
4872,-6.554501976564384,0.009998671593271896
4873,-6.575761678118717,0.009998671593271896
4874,-5.340477349706296,0.009998671593271896
4875,-6.213572346815768,0.009998671593271896
4876,-2.6265195065783122,0.009998671593271896
4877,-3.123828045359729,0.009998671593271896
4878,-4.286008632973286,0.009998671593271896
4879,-4.9631498270100405,0.009998671593271896
4880,-6.904885779658898,0.009998671593271896
4881,-7.321953162623501,0.009998671593271896
4882,-6.201051932528094,0.009998671593271896
4883,-6.222445685236237,0.009998671593271896
4884,-5.327735855243986,0.009998671593271896
4885,-4.7700716304204125,0.009998671593271896
4886,-5.028392052975996,0.009998671593271896
4887,-4.303864854277499,0.009998671593271896
4888,-5.716688666823366,0.009998671593271896
4889,-3.30671388589871,0.009998671593271896
4890,-2.0917565778815637,0.009998671593271896
4891,-6.0685876055371715,0.009998671593271896
4892,-5.115058798295335,0.009998671593271896
4893,-2.7690157395181756,0.009998671593271896
4894,-3.3673855438677527,0.009998671593271896
4895,-2.206843881714061,0.009998671593271896
4896,-2.1428520836906215,0.009998671593271896
4897,-2.1727702318187103,0.009998671593271896
4898,-3.274390470148092,0.009998671593271896
4899,-2.401078943273428,0.009998671593271896
4900,-2.2685338420087047,0.009998671593271896
4901,-3.1693126264773612,0.009998671593271896
4902,-2.883241668135005,0.009998671593271896
4903,-3.1620297560142836,0.009998671593271896
4904,-2.762375658031854,0.009998671593271896
4905,-2.6487415545541024,0.009998671593271896
4906,-2.2846401935960596,0.009998671593271896
4907,-2.464331465294921,0.009998671593271896
4908,-2.2220977851204657,0.009998671593271896
4909,-1.993524150897005,0.009998671593271896
4910,-2.4227627936561213,0.009998671593271896
4911,-2.251407143249246,0.009998671593271896
4912,-2.2739932715320132,0.009998671593271896
4913,-2.36653660609108,0.009998671593271896
4914,-2.794201072443454,0.009998671593271896
4915,-1.669895467089065,0.009998671593271896
4916,-2.6463604095434734,0.009998671593271896
4917,-2.477716303205096,0.009998671593271896
4918,-1.9283202026564759,0.009998671593271896
4919,-2.724820391138933,0.009998671593271896
4920,-4.902559415483394,0.009998671593271896
4921,-4.265311474092358,0.009998671593271896
4922,-1.9646828918236454,0.009998671593271896
4923,-2.4865187835786666,0.009998671593271896
4924,-2.4686730394699743,0.009998671593271896
4925,-2.2104140785326494,0.009998671593271896
4926,-5.420389013168655,0.009998671593271896
4927,-2.78903607199403,0.009998671593271896
4928,-3.767081041701968,0.009998671593271896
4929,-5.456749840659159,0.009998671593271896
4930,-2.0605720587958114,0.009998671593271896
4931,-2.2381354330908376,0.009998671593271896
4932,-3.7834079575582695,0.009998671593271896
4933,-2.4123729896828623,0.009998671593271896
4934,-3.8034711642007655,0.009998671593271896
4935,-2.6350465114407826,0.009998671593271896
4936,-2.556306128790312,0.009998671593271896
4937,-2.3248492619919143,0.009998671593271896
4938,-2.0795087765789892,0.009998671593271896
4939,-6.4157474840317725,0.009998671593271896
4940,-5.177917155023372,0.009998671593271896
4941,-2.2306196732772063,0.009998671593271896
4942,-4.869923794339862,0.009998671593271896
4943,-4.841555804191646,0.009998671593271896
4944,-4.387518147156403,0.009998671593271896
4945,-3.2226064556901677,0.009998671593271896
4946,-4.689756448177684,0.009998671593271896
4947,-6.490149872352042,0.009998671593271896
4948,-5.65880172505528,0.009998671593271896
4949,-3.0315628187884305,0.009998671593271896
4950,-3.6033886134130784,0.009998671593271896
4951,-5.425230376894454,0.009998671593271896
4952,-6.235549340517913,0.009998671593271896
4953,-7.8157603228503705,0.009998671593271896
4954,-8.11426771817057,0.009998671593271896
4955,-2.9327226907632764,0.009998671593271896
4956,-4.979497478737715,0.009998671593271896
4957,-1.8919885259790639,0.009998671593271896
4958,-6.003664516074642,0.009998671593271896
4959,-3.8537245227288035,0.009998671593271896
4960,-7.6422926631792105,0.009998671593271896
4961,-6.205560189713507,0.009998671593271896
4962,-6.159593307046663,0.009998671593271896
4963,-4.841816930013906,0.009998671593271896
4964,-4.901633627746337,0.009998671593271896
4965,-6.585952798485687,0.009998671593271896
4966,-6.208143346536414,0.009998671593271896
4967,-7.139266053857947,0.009998671593271896
4968,-6.314373318159783,0.009998671593271896
4969,-4.30729088619189,0.009998671593271896
4970,-7.035642836747789,0.009998671593271896
4971,-5.367350410838196,0.009998671593271896
4972,-5.7335214048045255,0.009998671593271896
4973,-6.880450947708281,0.009998671593271896
4974,-6.698667681343997,0.009998671593271896
4975,-5.207973884314168,0.009998671593271896
4976,-5.3354623767459195,0.009998671593271896
4977,-2.7520744589751747,0.009998671593271896
4978,-5.5391293579456935,0.009998671593271896
4979,-6.075084274549438,0.009998671593271896
4980,-6.042359344529736,0.009998671593271896
4981,-1.6188330052447357,0.009998671593271896
4982,-5.505902045615832,0.009998671593271896
4983,-4.946075899798132,0.009998671593271896
4984,-5.551980903305486,0.009998671593271896
4985,-3.9160113040939035,0.009998671593271896
4986,-4.270193744275293,0.009998671593271896
4987,-6.646280796427688,0.009998671593271896
4988,-2.9081718061133928,0.009998671593271896
4989,-1.6775119898041748,0.009998671593271896
4990,-2.816721509138266,0.009998671593271896
4991,-2.0500277381892036,0.009998671593271896
4992,-6.088072440282545,0.009998671593271896
4993,-2.174931501248053,0.009998671593271896
4994,-6.333994203446345,0.009998671593271896
4995,-3.2037104428155203,0.009998671593271896
4996,-2.1901542154857805,0.009998671593271896
4997,-5.728219219545174,0.009998671593271896
4998,-6.3964481995006,0.009998671593271896
4999,-6.875185911948857,0.009998671593271896
5000,-3.3325745597668552,0.009998671593271896
5001,-2.8954705168670416,0.009998671593271896
5002,-4.34712355613762,0.009998671593271896
5003,-6.156451718149873,0.009998671593271896
5004,-4.1358966087562585,0.009998671593271896
5005,-2.6632795808939083,0.009998671593271896
5006,-4.309602282655922,0.009998671593271896
5007,-1.8893168564693434,0.009998671593271896
5008,-6.411118465564982,0.009998671593271896
5009,-3.148635196391895,0.009998671593271896
5010,-5.736989715006899,0.009998671593271896
5011,-6.755449801763138,0.009998671593271896
5012,-2.8602095527529654,0.009998671593271896
5013,-2.983779744047635,0.009998671593271896
5014,-4.604092536992107,0.009998671593271896
5015,-2.1082557755311573,0.009998671593271896
5016,-6.694595864428553,0.009998671593271896
5017,-5.963402476011955,0.009998671593271896
5018,-3.522899847664825,0.009998671593271896
5019,-5.5452610750453335,0.009998671593271896
5020,-3.5673814876077383,0.009998671593271896
5021,-2.4253251948736207,0.009998671593271896
5022,-1.7184039860018838,0.009998671593271896
5023,-4.202474948253594,0.009998671593271896
5024,-4.324125407961036,0.009998671593271896
5025,-1.9793325530410941,0.009998671593271896
5026,-4.739567103641983,0.009998671593271896
5027,-4.03572903301153,0.009998671593271896
5028,-3.0744779832542366,0.009998671593271896
5029,-5.2081073920556005,0.009998671593271896
5030,-5.531395113048447,0.009998671593271896
5031,-2.801741775377011,0.009998671593271896
5032,-6.724913060627422,0.009998671593271896
5033,-5.964160759766434,0.009998671593271896
5034,-7.960296073042937,0.009998671593271896
5035,-7.314965864195539,0.009998671593271896
5036,-5.24843953396781,0.009998671593271896
5037,-3.1954533623499444,0.009998671593271896
5038,-5.968915280393461,0.009998671593271896
5039,-3.75712438591892,0.009998671593271896
5040,-5.191996964131949,0.009998671593271896
5041,-6.684655895077737,0.009998671593271896
5042,-4.589572788271781,0.009998671593271896
5043,-4.080592315837281,0.009998671593271896
5044,-2.049176696437338,0.009998671593271896
5045,-6.724328765671593,0.009998671593271896
5046,-6.050451793679029,0.009998671593271896
5047,-3.3933681501022863,0.009998671593271896
5048,-3.120919489275704,0.009998671593271896
5049,-3.729536760913389,0.009998671593271896
5050,-2.097385857255336,0.009998671593271896
5051,-5.282191952852286,0.009998671593271896
5052,-6.603015604198646,0.009998671593271896
5053,-5.037041850107798,0.009998671593271896
5054,-5.2065116192079905,0.009998671593271896
5055,-6.483992553453608,0.009998671593271896
5056,-6.48819350363836,0.009998671593271896
5057,-5.531833972514587,0.009998671593271896
5058,-5.096677855162671,0.009998671593271896
5059,-4.249654799068165,0.009998671593271896
5060,-3.8278107448605114,0.009998671593271896
5061,-5.137784468134676,0.009998671593271896
5062,-3.105815085252043,0.009998671593271896
5063,-4.377433843601816,0.009998671593271896
5064,-4.629389075810948,0.009998671593271896
5065,-5.16464803078191,0.009998671593271896
5066,-6.179916715689615,0.009998671593271896
5067,-5.025721714360585,0.009998671593271896
5068,-6.587429931298273,0.009998671593271896
5069,-6.631970928022271,0.009998671593271896
5070,-6.798958229027361,0.009998671593271896
5071,-6.40419556471692,0.009998671593271896
5072,-5.242829608415585,0.009998671593271896
5073,-6.495719911632461,0.009998671593271896
5074,-5.176108894645465,0.009998671593271896
5075,-2.621150524179151,0.009998671593271896
5076,-3.19468983994061,0.009998671593271896
5077,-5.780240013571988,0.009998671593271896
5078,-5.368760460699389,0.009998671593271896
5079,-3.003331971972917,0.009998671593271896
5080,-5.581554482740357,0.009998671593271896
5081,-2.067568836089475,0.009998671593271896
5082,-3.4574109221579032,0.009998671593271896
5083,-2.145016375733303,0.009998671593271896
5084,-2.2918016359957196,0.009998671593271896
5085,-3.9257922561281284,0.009998671593271896
5086,-3.228166287619069,0.009998671593271896
5087,-2.6376226266458285,0.009998671593271896
5088,-2.39658134418475,0.009998671593271896
5089,-2.5328374992806393,0.009998671593271896
5090,-2.540719738899367,0.009998671593271896
5091,-3.7866491161708526,0.009998671593271896
5092,-2.604040212306549,0.009998671593271896
5093,-4.529802943818542,0.009998671593271896
5094,-3.3799826145180436,0.009998671593271896
5095,-2.8936369925186245,0.009998671593271896
5096,-5.976867716596649,0.009998671593271896
5097,-4.803346909665279,0.009998671593271896
5098,-3.4279499601839354,0.009998671593271896
5099,-5.184149336562669,0.009998671593271896
5100,-4.740621773886254,0.009998671593271896
5101,-3.579690965522753,0.009998671593271896
5102,-4.134847647863791,0.009998671593271896
5103,-4.01083462006569,0.009998671593271896
5104,-3.820792548797277,0.009998671593271896
5105,-3.640729649694567,0.009998671593271896
5106,-5.327039570063515,0.009998671593271896
5107,-2.1810024269497483,0.009998671593271896
5108,-7.178545030896065,0.009998671593271896
5109,-6.289274990752631,0.009998671593271896
5110,-1.9739354622973881,0.009998671593271896
5111,-5.266149766555179,0.009998671593271896
5112,-3.211130794610514,0.009998671593271896
5113,-4.914135633884358,0.009998671593271896
5114,-4.01380470851681,0.009998671593271896
5115,-3.8052524561226857,0.009998671593271896
5116,-1.9842032844956514,0.009998671593271896
5117,-5.398762479785587,0.009998671593271896
5118,-2.751975994725725,0.009998671593271896
5119,-5.608898949787617,0.009998671593271896
5120,-4.066529973218998,0.009998671593271896
5121,-4.74137310867211,0.009998671593271896
5122,-6.287325422795506,0.009998671593271896
5123,-3.4211370906432004,0.009998671593271896
5124,-4.291560206272935,0.009998671593271896
5125,-4.824338507241077,0.009998671593271896
5126,-4.328533499462329,0.009998671593271896
5127,-4.611476208578478,0.009998671593271896
5128,-5.268966099739579,0.009998671593271896
5129,-5.589477496947751,0.009998671593271896
5130,-3.5470574411972264,0.009998671593271896
5131,-5.806651651234025,0.009998671593271896
5132,-3.320831455923601,0.009998671593271896
5133,-4.685046982869738,0.009998671593271896
5134,-6.250611555423031,0.009998671593271896
5135,-6.298022516255553,0.009998671593271896
5136,-2.643119360342757,0.009998671593271896
5137,-4.42577116715996,0.009998671593271896
5138,-2.3303319060791075,0.009998671593271896
5139,-4.885853638783388,0.009998671593271896
5140,-5.915222530056603,0.009998671593271896
5141,-7.7365942836009705,0.009998671593271896
5142,-4.773073376189968,0.009998671593271896
5143,-5.549863783261894,0.009998671593271896
5144,-4.4477385758462935,0.009998671593271896
5145,-5.897795007610703,0.009998671593271896
5146,-4.479182828507378,0.009998671593271896
5147,-3.3697056222715265,0.009998671593271896
5148,-5.839032361352419,0.009998671593271896
5149,-2.00215757053048,0.009998671593271896
5150,-6.097835288928364,0.009998671593271896
5151,-4.0447114526454415,0.009998671593271896
5152,-3.836918573349938,0.009998671593271896
5153,-4.625974688073688,0.009998671593271896
5154,-4.0073618678228,0.009998671593271896
5155,-4.737205513105825,0.009998671593271896
5156,-3.948714903628886,0.009998671593271896
5157,-3.6979311928191505,0.009998671593271896
5158,-4.003898698024622,0.009998671593271896
5159,-4.542916463385168,0.009998671593271896
5160,-5.689198732228013,0.009998671593271896
5161,-5.200273405448819,0.009998671593271896
5162,-3.790989012026509,0.009998671593271896
5163,-5.612008779084054,0.009998671593271896
5164,-4.888914207473071,0.009998671593271896
5165,-8.012858303454482,0.009998671593271896
5166,-4.5414928684130444,0.009998671593271896
5167,-4.976913395026532,0.009998671593271896
5168,-5.715078872264159,0.009998671593271896
5169,-2.572326979522793,0.009998671593271896
5170,-2.9499705226615176,0.009998671593271896
5171,-2.7051547001465304,0.009998671593271896
5172,-1.6265566714532225,0.009998671593271896
5173,-3.295458413846752,0.009998671593271896
5174,-2.053263676140193,0.009998671593271896
5175,-3.201353867330233,0.009998671593271896
5176,-2.353852863643845,0.009998671593271896
5177,-3.3748643922425003,0.009998671593271896
5178,-2.377219272774192,0.009998671593271896
5179,-2.330563233574708,0.009998671593271896
5180,-2.666557529316019,0.009998671593271896
5181,-2.4065650856382756,0.009998671593271896
5182,-3.0652298916265175,0.009998671593271896
5183,-2.5995134095846177,0.009998671593271896
5184,-1.772058202629028,0.009998671593271896
5185,-1.6805886255233184,0.009998671593271896
5186,-2.6885439091190073,0.009998671593271896
5187,-2.787377338986404,0.009998671593271896
5188,-2.812478208985479,0.009998671593271896
5189,-2.188024966630008,0.009998671593271896
5190,-2.6343292550231174,0.009998671593271896
5191,-3.355721616700069,0.009998671593271896
5192,-2.117927363534568,0.009998671593271896
5193,-2.185167426021276,0.009998671593271896
5194,-2.685197390514577,0.009998671593271896
5195,-2.2263559542770497,0.009998671593271896
5196,-2.565637065284266,0.009998671593271896
5197,-5.285597099078826,0.009998671593271896
5198,-2.6852056333682794,0.009998671593271896
5199,-3.2189537941827426,0.009998671593271896
5200,-2.8607410221848304,0.009998671593271896
5201,-3.2897793582226584,0.009998671593271896
5202,-2.090480800565004,0.009998671593271896
5203,-2.6002740222147356,0.009998671593271896
5204,-2.531159765270139,0.009998671593271896
5205,-2.164568269966415,0.009998671593271896
5206,-3.1921360531041527,0.009998671593271896
5207,-2.215716240896172,0.009998671593271896
5208,-4.274984343581336,0.009998671593271896
5209,-2.3451484575437647,0.009998671593271896
5210,-3.279735436292173,0.009998671593271896
5211,-2.8187963845640303,0.009998671593271896
5212,-6.126254360944731,0.009998671593271896
5213,-5.5238048386547565,0.009998671593271896
5214,-2.63605426100388,0.009998671593271896
5215,-2.414451352563259,0.009998671593271896
5216,-6.329240128870449,0.009998671593271896
5217,-5.307736766403367,0.009998671593271896
5218,-6.094414941387763,0.009998671593271896
5219,-3.5231224909977343,0.009998671593271896
5220,-3.961731144747213,0.009998671593271896
5221,-4.651742392900274,0.009998671593271896
5222,-3.4029114596164702,0.009998671593271896
5223,-2.5697995656113006,0.009998671593271896
5224,-5.295286292208386,0.009998671593271896
5225,-6.490330897442263,0.009998671593271896
5226,-3.2008590638423153,0.009998671593271896
5227,-6.086102007976031,0.009998671593271896
5228,-6.987577009287406,0.009998671593271896
5229,-5.890099300842362,0.009998671593271896
5230,-5.795734507365725,0.009998671593271896
5231,-5.8960035241710305,0.009998671593271896
5232,-3.2965046874455046,0.009998671593271896
5233,-5.703575861732858,0.009998671593271896
5234,-5.8090921186951405,0.009998671593271896
5235,-5.810332442019507,0.009998671593271896
5236,-2.7347859798368006,0.009998671593271896
5237,-6.381286804335145,0.009998671593271896
5238,-4.952734717124935,0.009998671593271896
5239,-6.453478680552225,0.009998671593271896
5240,-6.2829106187391215,0.009998671593271896
5241,-6.736746113049078,0.009998671593271896
5242,-5.006556707366303,0.009998671593271896
5243,-4.363940136511242,0.009998671593271896
5244,-5.131432499069377,0.009998671593271896
5245,-6.250615742185168,0.009998671593271896
5246,-4.98086898848184,0.009998671593271896
5247,-4.8639659293004245,0.009998671593271896
5248,-4.292315717913667,0.009998671593271896
5249,-5.62780705962853,0.009998671593271896
5250,-4.6643140118350015,0.009998671593271896
5251,-5.126852207328087,0.009998671593271896
5252,-2.990959154698061,0.009998671593271896
5253,-4.321906603282768,0.009998671593271896
5254,-3.7444902143517877,0.009998671593271896
5255,-6.474155117752019,0.009998671593271896
5256,-2.2052068245252014,0.009998671593271896
5257,-2.2557764591354417,0.009998671593271896
5258,-5.958730138257171,0.009998671593271896
5259,-2.168815539514381,0.009998671593271896
5260,-2.8635695573381965,0.009998671593271896
5261,-1.8860790284276108,0.009998671593271896
5262,-2.9775276872562686,0.009998671593271896
5263,-2.7953742148060003,0.009998671593271896
5264,-2.310327072627085,0.009998671593271896
5265,-2.4022171097457177,0.009998671593271896
5266,-4.384415818390046,0.009998671593271896
5267,-2.570350325993069,0.009998671593271896
5268,-2.6257738490419937,0.009998671593271896
5269,-2.318334986048693,0.009998671593271896
5270,-1.9666950075664311,0.009998671593271896
5271,-2.3961825356212985,0.009998671593271896
5272,-2.1712525939504315,0.009998671593271896
5273,-2.313379074995499,0.009998671593271896
5274,-2.925742575459106,0.009998671593271896
5275,-2.6144994813874973,0.009998671593271896
5276,-2.8134557765582775,0.009998671593271896
5277,-2.329377947836943,0.009998671593271896
5278,-2.0402193121516863,0.009998671593271896
5279,-3.3395261808025944,0.009998671593271896
5280,-1.9030915581122236,0.009998671593271896
5281,-1.9418791787266392,0.009998671593271896
5282,-5.415175035787017,0.009998671593271896
5283,-2.759913267301627,0.009998671593271896
5284,-2.314745467505172,0.009998671593271896
5285,-3.074575879857819,0.009998671593271896
5286,-3.4114650210610598,0.009998671593271896
5287,-2.6913439193184496,0.009998671593271896
5288,-3.473369956009885,0.009998671593271896
5289,-3.209327277302505,0.009998671593271896
5290,-2.2944736194093602,0.009998671593271896
5291,-2.4853532350918983,0.009998671593271896
5292,-5.172913686856387,0.009998671593271896
5293,-2.043729898616095,0.009998671593271896
5294,-3.504534069658626,0.009998671593271896
5295,-2.793340342550193,0.009998671593271896
5296,-2.9202119821619648,0.009998671593271896
5297,-2.953554475969227,0.009998671593271896
5298,-2.831027743752548,0.009998671593271896
5299,-2.3408325206800584,0.009998671593271896
5300,-6.850551462723352,0.009998671593271896
5301,-4.516334991291125,0.009998671593271896
5302,-3.051728638648253,0.009998671593271896
5303,-5.587331141195758,0.009998671593271896
5304,-2.3101641700763182,0.009998671593271896
5305,-4.5833283886804566,0.009998671593271896
5306,-3.528104295698178,0.009998671593271896
5307,-4.059435899061047,0.009998671593271896
5308,-3.754427298845085,0.009998671593271896
5309,-5.534051653643967,0.009998671593271896
5310,-4.780208541628378,0.009998671593271896
5311,-4.909449703907544,0.009998671593271896
5312,-2.727160459551903,0.009998671593271896
5313,-6.09525497133396,0.009998671593271896
5314,-2.1405670978532028,0.009998671593271896
5315,-6.985218765407731,0.009998671593271896
5316,-2.8481836949171386,0.009998671593271896
5317,-2.6397993264879855,0.009998671593271896
5318,-6.666633108036794,0.009998671593271896
5319,-3.0536395416825193,0.009998671593271896
5320,-4.389647303413215,0.009998671593271896
5321,-3.7694206789248255,0.009998671593271896
5322,-5.542221181164917,0.009998671593271896
5323,-3.365240573603957,0.009998671593271896
5324,-5.797902410469844,0.009998671593271896
5325,-5.526699453046532,0.009998671593271896
5326,-5.682050101178653,0.009998671593271896
5327,-6.261259854153196,0.009998671593271896
5328,-5.479787775954813,0.009998671593271896
5329,-5.474093159506147,0.009998671593271896
5330,-2.379552900270289,0.009998671593271896
5331,-5.0407128861308825,0.009998671593271896
5332,-4.825094376686477,0.009998671593271896
5333,-4.729918993443186,0.009998671593271896
5334,-6.1971378624178035,0.009998671593271896
5335,-7.064869477932312,0.009998671593271896
5336,-6.498829823295734,0.009998671593271896
5337,-4.56366698991822,0.009998671593271896
5338,-4.137357362644334,0.009998671593271896
5339,-5.3048561928121725,0.009998671593271896
5340,-5.233334234686307,0.009998671593271896
5341,-6.583371246360734,0.009998671593271896
5342,-3.900637129758612,0.009998671593271896
5343,-3.256298248770433,0.009998671593271896
5344,-3.6449318191510995,0.009998671593271896
5345,-1.9554625673980524,0.009998671593271896
5346,-1.9904998719354177,0.009998671593271896
5347,-3.728650461589644,0.009998671593271896
5348,-4.520098703732707,0.009998671593271896
5349,-3.1361070537859552,0.009998671593271896
5350,-2.0553869162361402,0.009998671593271896
5351,-5.549024562593159,0.009998671593271896
5352,-2.5838644307600567,0.009998671593271896
5353,-3.5430603859265655,0.009998671593271896
5354,-3.261318478141223,0.009998671593271896
5355,-3.111116289558777,0.009998671593271896
5356,-3.273107843072666,0.009998671593271896
5357,-2.2150398895918033,0.009998671593271896
5358,-3.1676206992046163,0.009998671593271896
5359,-2.7082647930960677,0.009998671593271896
5360,-3.4264703116078126,0.009998671593271896
5361,-2.759549571367224,0.009998671593271896
5362,-1.951749552250231,0.009998671593271896
5363,-5.508575553241014,0.009998671593271896
5364,-2.1047463989924116,0.009998671593271896
5365,-5.976567720888545,0.009998671593271896
5366,-2.569149705206678,0.009998671593271896
5367,-3.2550833657106772,0.009998671593271896
5368,-2.286818688637912,0.009998671593271896
5369,-5.237143824150007,0.009998671593271896
5370,-5.712177450519118,0.009998671593271896
5371,-4.323516663981567,0.009998671593271896
5372,-5.505432043152237,0.009998671593271896
5373,-6.347962967480816,0.009998671593271896
5374,-6.045700827840615,0.009998671593271896
5375,-4.814568803511817,0.009998671593271896
5376,-2.5459119246561106,0.009998671593271896
5377,-3.217708320557176,0.009998671593271896
5378,-5.712208061312396,0.009998671593271896
5379,-1.8556062252825267,0.009998671593271896
5380,-4.854365219874156,0.009998671593271896
5381,-6.0285056218729105,0.009998671593271896
5382,-6.23210809779631,0.009998671593271896
5383,-6.4764299783490795,0.009998671593271896
5384,-5.015485543569366,0.009998671593271896
5385,-4.42445591303065,0.009998671593271896
5386,-7.122567442669364,0.009998671593271896
5387,-5.534829421573777,0.009998671593271896
5388,-5.41379363141986,0.009998671593271896
5389,-6.990651809730421,0.009998671593271896
5390,-5.003684355040825,0.009998671593271896
5391,-4.9823329583831555,0.009998671593271896
5392,-6.161871938351688,0.009998671593271896
5393,-4.7864767942253925,0.009998671593271896
5394,-5.51622212695168,0.009998671593271896
5395,-5.82122586421141,0.009998671593271896
5396,-6.082007960811205,0.009998671593271896
5397,-5.45199654285607,0.009998671593271896
5398,-5.222808593468087,0.009998671593271896
5399,-5.7460145862472,0.009998671593271896
5400,-3.6362215422449404,0.009998671593271896
5401,-5.099335148727807,0.009998671593271896
5402,-5.881885627901664,0.009998671593271896
5403,-2.3583985888580816,0.009998671593271896
5404,-6.5059074639854,0.009998671593271896
5405,-5.1257857752833775,0.009998671593271896
5406,-5.127487413653311,0.009998671593271896
5407,-5.571927616569135,0.009998671593271896
5408,-5.481403643794586,0.009998671593271896
5409,-5.3712808192361114,0.009998671593271896
5410,-7.411406801834081,0.009998671593271896
5411,-5.537135814518038,0.009998671593271896
5412,-5.148353228474113,0.009998671593271896
5413,-5.775526076947033,0.009998671593271896
5414,-2.606250264919054,0.009998671593271896
5415,-4.7408064071131495,0.009998671593271896
5416,-6.330369884419124,0.009998671593271896
5417,-4.912399206657478,0.009998671593271896
5418,-5.326786351028284,0.009998671593271896
5419,-7.035532647215717,0.009998671593271896
5420,-6.373345376911155,0.009998671593271896
5421,-3.4259528166168387,0.009998671593271896
5422,-4.220456940994769,0.009998671593271896
5423,-7.369448104090906,0.009998671593271896
5424,-5.425213243189082,0.009998671593271896
5425,-7.0472997787698946,0.009998671593271896
5426,-7.01375960594056,0.009998671593271896
5427,-6.741120174866481,0.009998671593271896
5428,-6.253184383692213,0.009998671593271896
5429,-6.310045098571827,0.009998671593271896
5430,-5.224180969296608,0.009998671593271896
5431,-4.277309525739756,0.009998671593271896
5432,-5.870958422470728,0.009998671593271896
5433,-4.9631498270100405,0.009998671593271896
5434,-6.612755008631031,0.009998671593271896
5435,-7.026936852047623,0.009998671593271896
5436,-6.8760321020890816,0.009998671593271896
5437,-5.38219969114443,0.009998671593271896
5438,-5.872342536434827,0.009998671593271896
5439,-4.633301689711416,0.009998671593271896
5440,-6.246185254769187,0.009998671593271896
5441,-5.806995912905583,0.009998671593271896
5442,-4.95910306116228,0.009998671593271896
5443,-4.51420709536727,0.009998671593271896
5444,-5.118213013470365,0.009998671593271896
5445,-6.0685876055371715,0.009998671593271896
5446,-4.845718881478674,0.009998671593271896
5447,-3.8333339006266685,0.009998671593271896
5448,-2.057847940473755,0.009998671593271896
5449,-6.287772475420179,0.009998671593271896
5450,-4.100776090185424,0.009998671593271896
5451,-2.9543748541084556,0.009998671593271896
5452,-3.479007066354253,0.009998671593271896
5453,-6.573765946778355,0.009998671593271896
5454,-2.8117751516963057,0.009998671593271896
5455,-2.7933097320729674,0.009998671593271896
5456,-4.9122170656861215,0.009998671593271896
5457,-6.119641167630418,0.009998671593271896
5458,-3.4310698958716492,0.009998671593271896
5459,-6.1879132624135575,0.009998671593271896
5460,-6.289745483149292,0.009998671593271896
5461,-4.8181388238290594,0.009998671593271896
5462,-4.699415209699453,0.009998671593271896
5463,-6.863895019423541,0.009998671593271896
5464,-2.1778823792785342,0.009998671593271896
5465,-4.838646556373371,0.009998671593271896
5466,-2.407602995306284,0.009998671593271896
5467,-2.4370784808908272,0.009998671593271896
5468,-5.742828283114523,0.009998671593271896
5469,-6.33190893587976,0.009998671593271896
5470,-2.3267324528133666,0.009998671593271896
5471,-5.934232475937865,0.009998671593271896
5472,-5.4659994406994725,0.009998671593271896
5473,-6.044502735114104,0.009998671593271896
5474,-4.561533786349338,0.009998671593271896
5475,-5.276540109876326,0.009998671593271896
5476,-5.256515695466576,0.009998671593271896
5477,-4.474344342231571,0.009998671593271896
5478,-2.536682554668777,0.009998671593271896
5479,-2.436511075004775,0.009998671593271896
5480,-4.920529561780141,0.009998671593271896
5481,-3.571460228728289,0.009998671593271896
5482,-2.442511811409883,0.009998671593271896
5483,-2.5849213195599474,0.009998671593271896
5484,-5.505014796556445,0.009998671593271896
5485,-2.4665595739255477,0.009998671593271896
5486,-3.3819435968813663,0.009998671593271896
5487,-3.6867491129161136,0.009998671593271896
5488,-1.8303918880392034,0.009998671593271896
5489,-3.2009597591625494,0.009998671593271896
5490,-5.354878760585731,0.009998671593271896
5491,-4.165652856131237,0.009998671593271896
5492,-5.239741415447622,0.009998671593271896
5493,-5.888825131801699,0.009998671593271896
5494,-3.145308829803332,0.009998671593271896
5495,-4.949221790813085,0.009998671593271896
5496,-1.9493478718010306,0.009998671593271896
5497,-3.0669454973769117,0.009998671593271896
5498,-4.3598660597059595,0.009998671593271896
5499,-1.159720281946547,0.009998671593271896
5500,-3.5016512588986606,0.009998671593271896
5501,-4.307248789039868,0.009998671593271896
5502,-2.7974541663740697,0.009998671593271896
5503,-5.204678782640524,0.009998671593271896
5504,-5.856589506799587,0.009998671593271896
5505,-4.6791415249676875,0.009998671593271896
5506,-7.134135216320585,0.009998671593271896
5507,-5.126514553962291,0.009998671593271896
5508,-5.4485956680632714,0.009998671593271896
5509,-4.114102610910053,0.009998671593271896
5510,-1.820914110070725,0.009998671593271896
5511,-5.167222819030132,0.009998671593271896
5512,-2.1872775893952183,0.009998671593271896
5513,-5.713387761293298,0.009998671593271896
5514,-6.063045477312,0.009998671593271896
5515,-5.529317359361242,0.009998671593271896
5516,-6.099082459747372,0.009998671593271896
5517,-3.0860512544537957,0.009998671593271896
5518,-5.644424650958063,0.009998671593271896
5519,-6.176389340336402,0.009998671593271896
5520,-5.290808646101517,0.009998671593271896
5521,-5.854719351884505,0.009998671593271896
5522,-4.026745484072683,0.009998671593271896
5523,-4.6181826142888305,0.009998671593271896
5524,-3.1418734216800863,0.009998671593271896
5525,-4.239740875505973,0.009998671593271896
5526,-3.6929662820508726,0.009998671593271896
5527,-5.834524243933825,0.009998671593271896
5528,-4.1421158606460695,0.009998671593271896
5529,-1.6385156389339104,0.009998671593271896
5530,-6.106872739569671,0.009998671593271896
5531,-3.4340692146317737,0.009998671593271896
5532,-1.644231318047233,0.009998671593271896
5533,-2.1684361885609227,0.009998671593271896
5534,-3.5610325619725858,0.009998671593271896
5535,-2.988569781969294,0.009998671593271896
5536,-7.628026040894872,0.009998671593271896
5537,-5.533732246784685,0.009998671593271896
5538,-2.0938855917220662,0.009998671593271896
5539,-3.339257044699109,0.009998671593271896
5540,-2.7360917495952353,0.009998671593271896
5541,-4.437807833931837,0.009998671593271896
5542,-1.8938583345231599,0.009998671593271896
5543,-4.593973866905175,0.009998671593271896
5544,-2.7369176386396017,0.009998671593271896
5545,-2.9107077156255863,0.009998671593271896
5546,-2.588060747179249,0.009998671593271896
5547,-2.7220585429442465,0.009998671593271896
5548,-5.244234585056637,0.009998671593271896
5549,-2.4218300495877303,0.009998671593271896
5550,-2.1881618938835907,0.009998671593271896
5551,-2.8146751092826454,0.009998671593271896
5552,-5.093481759751754,0.009998671593271896
5553,-2.61955760263667,0.009998671593271896
5554,-1.7847931565375017,0.009998671593271896
5555,-4.943027051709567,0.009998671593271896
5556,-1.9532182980722992,0.009998671593271896
5557,-4.851859949328551,0.009998671593271896
5558,-2.0189478707746233,0.009998671593271896
5559,-5.167615368370133,0.009998671593271896
5560,-4.879754454998439,0.009998671593271896
5561,-3.6373995636463663,0.009998671593271896
5562,-2.4496690783722177,0.009998671593271896
5563,-5.523556083982577,0.009998671593271896
5564,-5.710915169955802,0.009998671593271896
5565,-5.014582984869104,0.009998671593271896
5566,-2.569289620872989,0.009998671593271896
5567,-4.895065936125418,0.009998671593271896
5568,-2.2916966849564977,0.009998671593271896
5569,-5.283389878276015,0.009998671593271896
5570,-1.777862958316994,0.009998671593271896
5571,-4.947648032525611,0.009998671593271896
5572,-7.238917152770698,0.009998671593271896
5573,-5.098010814604003,0.009998671593271896
5574,-2.0991276093792828,0.009998671593271896
5575,-5.324747105553893,0.009998671593271896
5576,-2.8681805430928873,0.009998671593271896
5577,-4.029755147436098,0.009998671593271896
5578,-6.661749292023341,0.009998671593271896
5579,-6.900070428485453,0.009998671593271896
5580,-7.975628679787935,0.009998671593271896
5581,-5.745790340092357,0.009998671593271896
5582,-3.7070206912781627,0.009998671593271896
5583,-5.64832816277933,0.009998671593271896
5584,-6.397354307337144,0.009998671593271896
5585,-4.781450964477259,0.009998671593271896
5586,-2.851131772945866,0.009998671593271896
5587,-6.227062258221667,0.009998671593271896
5588,-4.2334402021403825,0.009998671593271896
5589,-3.329684147580752,0.009998671593271896
5590,-5.330656238720092,0.009998671593271896
5591,-4.913320995072029,0.009998671593271896
5592,-5.02299992925621,0.009998671593271896
5593,-5.987017800782953,0.009998671593271896
5594,-5.16340465821348,0.009998671593271896
5595,-6.062208056912791,0.009998671593271896
5596,-4.86220224918119,0.009998671593271896
5597,-6.231120541084739,0.009998671593271896
5598,-3.124542713421185,0.009998671593271896
5599,-5.880492750722608,0.009998671593271896
5600,-7.068534789421662,0.009998671593271896
5601,-5.165847419051194,0.009998671593271896
5602,-5.844304066457802,0.009998671593271896
5603,-2.430498280109299,0.009998671593271896
5604,-5.902613382962752,0.009998671593271896
5605,-4.925563006898166,0.009998671593271896
5606,-4.6378959923856895,0.009998671593271896
5607,-5.0681488483184465,0.009998671593271896
5608,-5.70029035408114,0.009998671593271896
5609,-5.417401324169376,0.009998671593271896
5610,-5.766461712076774,0.009998671593271896
5611,-4.448514692671021,0.009998671593271896
5612,-6.517476562297052,0.009998671593271896
5613,-6.849000138677266,0.009998671593271896
5614,-4.66982763316565,0.009998671593271896
5615,-5.142963019832709,0.009998671593271896
5616,-5.8892705686083175,0.009998671593271896
5617,-5.593234558533932,0.009998671593271896
5618,-4.5932623991268375,0.009998671593271896
5619,-6.727212224499798,0.009998671593271896
5620,-4.384738429060997,0.009998671593271896
5621,-2.5236020388793485,0.009998671593271896
5622,-3.9348805245047136,0.009998671593271896
5623,-5.0070085232248225,0.009998671593271896
5624,-1.737358819496421,0.009998671593271896
5625,-4.50943377562042,0.009998671593271896
5626,-3.5175436252924355,0.009998671593271896
5627,-4.586276674558166,0.009998671593271896
5628,-5.372876142263403,0.009998671593271896
5629,-7.639043256040264,0.009998671593271896
5630,-5.464737568256232,0.009998671593271896
5631,-5.7502268816208915,0.009998671593271896
5632,-5.915661965540478,0.009998671593271896
5633,-6.453883420901591,0.009998671593271896
5634,-5.449226484016158,0.009998671593271896
5635,-6.791386793235278,0.009998671593271896
5636,-2.0845729506842647,0.009998671593271896
5637,-4.296530264454526,0.009998671593271896
5638,-2.545592496757185,0.009998671593271896
5639,-4.294687109773975,0.009998671593271896
5640,-2.36208493866733,0.009998671593271896
5641,-2.459017781066708,0.009998671593271896
5642,-5.436462301915158,0.009998671593271896
5643,-4.350928545301362,0.009998671593271896
5644,-3.6710370647192563,0.009998671593271896
5645,-2.0414822927583613,0.009998671593271896
5646,-5.789949454350564,0.009998671593271896
5647,-2.565624604033672,0.009998671593271896
5648,-5.03393084423748,0.009998671593271896
5649,-2.0853375998442436,0.009998671593271896
5650,-2.9816219860658686,0.009998671593271896
5651,-4.726952059837277,0.009998671593271896
5652,-1.9323976022275327,0.009998671593271896
5653,-4.602947156645779,0.009998671593271896
5654,-5.982989564065412,0.009998671593271896
5655,-2.8354665491098867,0.009998671593271896
5656,-5.741359544416003,0.009998671593271896
5657,-5.9828224864878585,0.009998671593271896
5658,-3.7208690317923727,0.009998671593271896
5659,-2.4961890466929115,0.009998671593271896
5660,-2.568552339407556,0.009998671593271896
5661,-2.3386603980709872,0.009998671593271896
5662,-2.8525016344968037,0.009998671593271896
5663,-2.298299736549177,0.009998671593271896
5664,-4.8520605158768895,0.009998671593271896
5665,-3.5256029189671074,0.009998671593271896
5666,-4.326566677959479,0.009998671593271896
5667,-2.007098258419214,0.009998671593271896
5668,-5.803591525936306,0.009998671593271896
5669,-2.547640271273005,0.009998671593271896
5670,-5.125713068821284,0.009998671593271896
5671,-5.268265064934554,0.009998671593271896
5672,-6.211607315016568,0.009998671593271896
5673,-5.236236808108176,0.009998671593271896
5674,-2.7860142489054094,0.009998671593271896
5675,-1.9745143069142244,0.009998671593271896
5676,-1.4998027165085035,0.009998671593271896
5677,-2.8767659345479535,0.009998671593271896
5678,-3.223725602412223,0.009998671593271896
5679,-6.377134629174979,0.009998671593271896
5680,-2.0965325250930955,0.009998671593271896
5681,-2.276998819950509,0.009998671593271896
5682,-5.520680529473228,0.009998671593271896
5683,-2.1738166999268347,0.009998671593271896
5684,-6.409589142926193,0.009998671593271896
5685,-7.328178765157282,0.009998671593271896
5686,-2.4369936677546815,0.009998671593271896
5687,-3.328794156199479,0.009998671593271896
5688,-4.779106083536696,0.009998671593271896
5689,-4.283760442574153,0.009998671593271896
5690,-6.022544594192777,0.009998671593271896
5691,-5.982757814533379,0.009998671593271896
5692,-4.468890611421441,0.009998671593271896
5693,-6.494188682626856,0.009998671593271896
5694,-5.275400851864729,0.009998671593271896
5695,-3.01343700232555,0.009998671593271896
5696,-4.167578845868532,0.009998671593271896
5697,-2.0060829761304677,0.009998671593271896
5698,-3.2714851873582202,0.009998671593271896
5699,-3.936437567299903,0.009998671593271896
5700,-8.042709421888112,0.009998671593271896
5701,-6.758250769598169,0.009998671593271896
5702,-6.454961972381454,0.009998671593271896
5703,-4.926755587548118,0.009998671593271896
5704,-5.995468014390271,0.009998671593271896
5705,-6.438440609847914,0.009998671593271896
5706,-3.862722604093806,0.009998671593271896
5707,-5.754081402526543,0.009998671593271896
5708,-4.933939919996849,0.009998671593271896
5709,-7.680190084464238,0.009998671593271896
5710,-3.6558720735736787,0.009998671593271896
5711,-5.7086561301941305,0.009998671593271896
5712,-3.081983772303477,0.009998671593271896
5713,-4.78528422921787,0.009998671593271896
5714,-6.360855448256961,0.009998671593271896
5715,-7.292056740034262,0.009998671593271896
5716,-6.141642675443702,0.009998671593271896
5717,-4.611767175705891,0.009998671593271896
5718,-6.324999133339984,0.009998671593271896
5719,-7.74217713970835,0.009998671593271896
5720,-3.604389828217896,0.009998671593271896
5721,-4.39783494360298,0.009998671593271896
5722,-4.3768390417346765,0.009998671593271896
5723,-4.749441939194799,0.009998671593271896
5724,-4.241245350164945,0.009998671593271896
5725,-8.898273880836935,0.009998671593271896
5726,-4.92004660254686,0.009998671593271896
5727,-3.261841670759212,0.009998671593271896
5728,-2.06481748968735,0.009998671593271896
5729,-2.493248494820843,0.009998671593271896
5730,-2.571474225043493,0.009998671593271896
5731,-2.1879883107783673,0.009998671593271896
5732,-2.5304285835709632,0.009998671593271896
5733,-2.711641850459917,0.009998671593271896
5734,-3.330449771949089,0.009998671593271896
5735,-2.2049673575176105,0.009998671593271896
5736,-2.7878873760496377,0.009998671593271896
5737,-2.182750362098955,0.009998671593271896
5738,-2.8170838253362684,0.009998671593271896
5739,-4.476969231937952,0.009998671593271896
5740,-2.8094865376382834,0.009998671593271896
5741,-1.887544761252155,0.009998671593271896
5742,-2.417088257584375,0.009998671593271896
5743,-2.241341737274093,0.009998671593271896
5744,-2.2465553709696855,0.009998671593271896
5745,-1.916703350791771,0.009998671593271896
5746,-2.140605047906935,0.009998671593271896
5747,-3.125837400290545,0.009998671593271896
5748,-2.210882544076517,0.009998671593271896
5749,-2.020975061882602,0.009998671593271896
5750,-2.200459645954927,0.009998671593271896
5751,-2.0327908513495445,0.009998671593271896
5752,-2.155988241495556,0.009998671593271896
5753,-2.2878560885685633,0.009998671593271896
5754,-3.9384488080621702,0.009998671593271896
5755,-3.997088683459887,0.009998671593271896
5756,-1.7654788666344194,0.009998671593271896
5757,-2.7348027330290337,0.009998671593271896
5758,-2.261425462012088,0.009998671593271896
5759,-2.6237184809502634,0.009998671593271896
5760,-5.364630882618281,0.009998671593271896
5761,-2.71221909313976,0.009998671593271896
5762,-3.221783604519062,0.009998671593271896
5763,-2.692119770192982,0.009998671593271896
5764,-3.465172032186462,0.009998671593271896
5765,-2.3389657301280837,0.009998671593271896
5766,-2.276085415219652,0.009998671593271896
5767,-2.0759117705021666,0.009998671593271896
5768,-2.610267848851793,0.009998671593271896
5769,-2.439367351728568,0.009998671593271896
5770,-2.4070762020742444,0.009998671593271896
5771,-3.5193486181411036,0.009998671593271896
5772,-2.671299141409926,0.009998671593271896
5773,-2.5635983541420817,0.009998671593271896
5774,-2.4077945917829275,0.009998671593271896
5775,-4.3985402395595665,0.009998671593271896
5776,-2.1730776884385503,0.009998671593271896
5777,-4.384525834005301,0.009998671593271896
5778,-6.30324579529422,0.009998671593271896
5779,-6.277427255361393,0.009998671593271896
5780,-5.1492057928318244,0.009998671593271896
5781,-2.2264039914643767,0.009998671593271896
5782,-3.4861902138733027,0.009998671593271896
5783,-5.529118721967601,0.009998671593271896
5784,-2.244276968697615,0.009998671593271896
5785,-2.853715220656064,0.009998671593271896
5786,-2.8424536073835265,0.009998671593271896
5787,-4.264493231157789,0.009998671593271896
5788,-2.713527546141057,0.009998671593271896
5789,-6.5865710733657155,0.009998671593271896
5790,-6.013962288256273,0.009998671593271896
5791,-4.914614741040242,0.009998671593271896
5792,-7.423590151214236,0.009998671593271896
5793,-5.698784634462328,0.009998671593271896
5794,-7.271560398722446,0.009998671593271896
5795,-2.6331247563659566,0.009998671593271896
5796,-5.975184863423468,0.009998671593271896
5797,-6.112996571142565,0.009998671593271896
5798,-6.525732061811244,0.009998671593271896
5799,-7.78957270948508,0.009998671593271896
5800,-7.1601997682107426,0.009998671593271896
5801,-5.262338229726584,0.009998671593271896
5802,-5.912949675361613,0.009998671593271896
5803,-5.182406473699123,0.009998671593271896
5804,-6.343799823833022,0.009998671593271896
5805,-1.723970199560608,0.009998671593271896
5806,-3.8875384263063064,0.009998671593271896
5807,-5.509762457229083,0.009998671593271896
5808,-5.453569114723571,0.009998671593271896
5809,-8.676590379628616,0.009998671593271896
5810,-6.243340664659262,0.009998671593271896
5811,-6.612559011651783,0.009998671593271896
5812,-3.2167528765458204,0.009998671593271896
5813,-3.328859026252548,0.009998671593271896
5814,-3.8478373111583704,0.009998671593271896
5815,-3.8997380496406535,0.009998671593271896
5816,-2.2052068245252014,0.009998671593271896
5817,-2.2557764591354417,0.009998671593271896
5818,-2.51679370896953,0.009998671593271896
5819,-2.3803499322325865,0.009998671593271896
5820,-2.8635695573381965,0.009998671593271896
5821,-1.8860790284276108,0.009998671593271896
5822,-2.9775276872562686,0.009998671593271896
5823,-2.6384104768574073,0.009998671593271896
5824,-2.2660613951756665,0.009998671593271896
5825,-2.753314602641523,0.009998671593271896
5826,-2.2781665509566547,0.009998671593271896
5827,-2.570350325993069,0.009998671593271896
5828,-2.3775129906327432,0.009998671593271896
5829,-2.318334986048693,0.009998671593271896
5830,-1.9666950075664311,0.009998671593271896
5831,-2.3961825356212985,0.009998671593271896
5832,-2.1712525939504315,0.009998671593271896
5833,-3.316849532785151,0.009998671593271896
5834,-2.6831059957996004,0.009998671593271896
5835,-2.6144994813874973,0.009998671593271896
5836,-2.27441340880898,0.009998671593271896
5837,-2.329377947836943,0.009998671593271896
5838,-2.767613817828938,0.009998671593271896
5839,-3.0501531304725122,0.009998671593271896
5840,-2.539694485026692,0.009998671593271896
5841,-1.9652585630726667,0.009998671593271896
5842,-5.415175035787017,0.009998671593271896
5843,-2.759913267301627,0.009998671593271896
5844,-2.329345349403224,0.009998671593271896
5845,-3.1668289363330677,0.009998671593271896
5846,-3.067159662832574,0.009998671593271896
5847,-3.724223748893735,0.009998671593271896
5848,-3.473369956009885,0.009998671593271896
5849,-3.601972808388078,0.009998671593271896
5850,-2.2944736194093602,0.009998671593271896
5851,-2.4853532350918983,0.009998671593271896
5852,-5.877078256754121,0.009998671593271896
5853,-2.043729898616095,0.009998671593271896
5854,-3.504534069658626,0.009998671593271896
5855,-2.793340342550193,0.009998671593271896
5856,-2.3288249557273,0.009998671593271896
5857,-2.953554475969227,0.009998671593271896
5858,-2.4934710709285772,0.009998671593271896
5859,-2.6584215068455435,0.009998671593271896
5860,-7.324783610382702,0.009998671593271896
5861,-4.516334991291125,0.009998671593271896
5862,-3.051728638648253,0.009998671593271896
5863,-6.355020608846743,0.009998671593271896
5864,-2.3101641700763182,0.009998671593271896
5865,-5.181451953334607,0.009998671593271896
5866,-3.528104295698178,0.009998671593271896
5867,-4.059435899061047,0.009998671593271896
5868,-3.754427298845085,0.009998671593271896
5869,-5.845956722745944,0.009998671593271896
5870,-4.8115523998173355,0.009998671593271896
5871,-5.295795732160871,0.009998671593271896
5872,-2.727160459551903,0.009998671593271896
5873,-6.470508972940234,0.009998671593271896
5874,-2.1405670978532028,0.009998671593271896
5875,-5.92968294296322,0.009998671593271896
5876,-2.8481836949171386,0.009998671593271896
5877,-2.6397993264879855,0.009998671593271896
5878,-7.155851962663479,0.009998671593271896
5879,-3.0536395416825193,0.009998671593271896
5880,-4.762584955110637,0.009998671593271896
5881,-5.014610007398858,0.009998671593271896
5882,-5.542221181164917,0.009998671593271896
5883,-5.655235363867742,0.009998671593271896
5884,-6.218640535376972,0.009998671593271896
5885,-5.830346479653298,0.009998671593271896
5886,-5.55993239650801,0.009998671593271896
5887,-6.261259854153196,0.009998671593271896
5888,-7.210602007147115,0.009998671593271896
5889,-5.376336212526921,0.009998671593271896
5890,-2.379552900270289,0.009998671593271896
5891,-6.252972464419811,0.009998671593271896
5892,-5.753830195776057,0.009998671593271896
5893,-4.729918993443186,0.009998671593271896
5894,-7.197790811141413,0.009998671593271896
5895,-7.237749824709496,0.009998671593271896
5896,-6.936582693153253,0.009998671593271896
5897,-5.090802431716024,0.009998671593271896
5898,-5.408909413635134,0.009998671593271896
5899,-5.4283294797160355,0.009998671593271896
5900,-5.420506920986958,0.009998671593271896
5901,-6.576713196038071,0.009998671593271896
5902,-3.0365511498179023,0.009998671593271896
5903,-5.275330830542035,0.009998671593271896
5904,-5.245631567087139,0.009998671593271896
5905,-2.8072688484169657,0.009998671593271896
5906,-1.6053015744731673,0.009998671593271896
5907,-2.810455245165965,0.009998671593271896
5908,-6.026495914769537,0.009998671593271896
5909,-1.6188330052447357,0.009998671593271896
5910,-5.98102052430274,0.009998671593271896
5911,-4.594685771437757,0.009998671593271896
5912,-5.911561416827052,0.009998671593271896
5913,-3.9160113040939035,0.009998671593271896
5914,-4.270193744275293,0.009998671593271896
5915,-5.630197120405734,0.009998671593271896
5916,-2.9081718061133928,0.009998671593271896
5917,-1.6775119898041748,0.009998671593271896
5918,-2.816721509138266,0.009998671593271896
5919,-3.8310735530794595,0.009998671593271896
5920,-5.28981551831703,0.009998671593271896
5921,-2.174931501248053,0.009998671593271896
5922,-5.402987980374121,0.009998671593271896
5923,-3.2037104428155203,0.009998671593271896
5924,-2.677284933374209,0.009998671593271896
5925,-5.872468605704618,0.009998671593271896
5926,-4.304657987158123,0.009998671593271896
5927,-6.33291938540783,0.009998671593271896
5928,-3.3325745597668552,0.009998671593271896
5929,-2.8954705168670416,0.009998671593271896
5930,-4.34712355613762,0.009998671593271896
5931,-5.922829458671215,0.009998671593271896
5932,-4.1358966087562585,0.009998671593271896
5933,-2.6632795808939083,0.009998671593271896
5934,-3.9901050826896878,0.009998671593271896
5935,-1.8893168564693434,0.009998671593271896
5936,-6.5658874254788335,0.009998671593271896
5937,-3.148635196391895,0.009998671593271896
5938,-5.779847699812287,0.009998671593271896
5939,-6.755449801763138,0.009998671593271896
5940,-2.8602095527529654,0.009998671593271896
5941,-2.218150850640276,0.009998671593271896
5942,-5.39195117211849,0.009998671593271896
5943,-2.844292615209092,0.009998671593271896
5944,-6.271446749796314,0.009998671593271896
5945,-5.3104540425118625,0.009998671593271896
5946,-2.262371595599808,0.009998671593271896
5947,-4.875624122707617,0.009998671593271896
5948,-3.5673814876077383,0.009998671593271896
5949,-2.4253251948736207,0.009998671593271896
5950,-1.7184039860018838,0.009998671593271896
5951,-4.202474948253594,0.009998671593271896
5952,-4.324125407961036,0.009998671593271896
5953,-1.9793325530410941,0.009998671593271896
5954,-4.739567103641983,0.009998671593271896
5955,-5.251820473000871,0.009998671593271896
5956,-5.919200330336205,0.009998671593271896
5957,-2.386907069352787,0.009998671593271896
5958,-5.198992846131652,0.009998671593271896
5959,-2.801741775377011,0.009998671593271896
5960,-6.9947294900181785,0.009998671593271896
5961,-5.964160759766434,0.009998671593271896
5962,-9.051456156907037,0.009998671593271896
5963,-7.38072433317852,0.009998671593271896
5964,-6.899715270305833,0.009998671593271896
5965,-3.5005370249323993,0.009998671593271896
5966,-4.4682169637086755,0.009998671593271896
5967,-3.4137628077586646,0.009998671593271896
5968,-5.752307334115249,0.009998671593271896
5969,-7.582004914824164,0.009998671593271896
5970,-5.337257607387355,0.009998671593271896
5971,-4.0840722965202785,0.009998671593271896
5972,-3.0957978150404903,0.009998671593271896
5973,-2.2480897398944206,0.009998671593271896
5974,-7.276067550892414,0.009998671593271896
5975,-3.6209857553803477,0.009998671593271896
5976,-4.503040642861764,0.009998671593271896
5977,-5.2522105731725,0.009998671593271896
5978,-2.097385857255336,0.009998671593271896
5979,-5.052142557202986,0.009998671593271896
5980,-5.210200452829593,0.009998671593271896
5981,-4.882772564573276,0.009998671593271896
5982,-5.166701116701995,0.009998671593271896
5983,-6.083780655674438,0.009998671593271896
5984,-4.30899659969335,0.009998671593271896
5985,-2.6602645812885064,0.009998671593271896
5986,-2.7928401607267546,0.009998671593271896
5987,-5.631641253742015,0.009998671593271896
5988,-5.051199203651455,0.009998671593271896
5989,-4.829781827326533,0.009998671593271896
5990,-4.681033304476534,0.009998671593271896
5991,-6.069395849843814,0.009998671593271896
5992,-5.918315627004522,0.009998671593271896
5993,-5.711932612145039,0.009998671593271896
5994,-5.675503811610566,0.009998671593271896
5995,-4.2988922577739395,0.009998671593271896
5996,-6.457225573796671,0.009998671593271896
5997,-7.940920815780191,0.009998671593271896
5998,-3.3675248517958942,0.009998671593271896
5999,-3.361607950377163,0.009998671593271896
6000,-3.4042524838767667,0.009998671593271896
6001,-3.3991335135609972,0.009998671593271896
6002,-3.3422299301880973,0.009998671593271896
6003,-3.0288677374925395,0.009998671593271896
6004,-2.38367736966899,0.009998671593271896
6005,-5.549024562593159,0.009998671593271896
6006,-2.5838644307600567,0.009998671593271896
6007,-3.5430603859265655,0.009998671593271896
6008,-3.261318478141223,0.009998671593271896
6009,-6.453120437302161,0.009998671593271896
6010,-3.273107843072666,0.009998671593271896
6011,-2.2150398895918033,0.009998671593271896
6012,-3.1676206992046163,0.009998671593271896
6013,-3.4262871734520357,0.009998671593271896
6014,-3.4264703116078126,0.009998671593271896
6015,-2.759549571367224,0.009998671593271896
6016,-1.951749552250231,0.009998671593271896
6017,-3.970488395589682,0.009998671593271896
6018,-2.9552209456923544,0.009998671593271896
6019,-5.670131260738515,0.009998671593271896
6020,-2.7588848107631776,0.009998671593271896
6021,-2.6805812940799694,0.009998671593271896
6022,-8.226635299868805,0.009998671593271896
6023,-5.017450638295093,0.009998671593271896
6024,-5.526256476938515,0.009998671593271896
6025,-4.4603625027732825,0.009998671593271896
6026,-4.4679773875860835,0.009998671593271896
6027,-6.171737248491489,0.009998671593271896
6028,-2.277293128288858,0.009998671593271896
6029,-4.449077054692342,0.009998671593271896
6030,-2.5459119246561106,0.009998671593271896
6031,-3.217708320557176,0.009998671593271896
6032,-5.611642677504017,0.009998671593271896
6033,-3.487141752150262,0.009998671593271896
6034,-4.7048866984592195,0.009998671593271896
6035,-4.837747120138781,0.009998671593271896
6036,-5.433501306461523,0.009998671593271896
6037,-5.428548989154163,0.009998671593271896
6038,-4.809184169541728,0.009998671593271896
6039,-5.435484356171431,0.009998671593271896
6040,-6.0479904236169695,0.009998671593271896
6041,-2.7553160198368403,0.009998671593271896
6042,-3.538217135274068,0.009998671593271896
6043,-7.675213057448033,0.009998671593271896
6044,-5.117556676716708,0.009998671593271896
6045,-5.579675421244766,0.009998671593271896
6046,-6.2373583892142594,0.009998671593271896
6047,-6.3936348129859555,0.009998671593271896
6048,-5.571614619666532,0.009998671593271896
6049,-4.73821818805277,0.009998671593271896
6050,-6.141865952454497,0.009998671593271896
6051,-5.82186442166374,0.009998671593271896
6052,-5.923117829199343,0.009998671593271896
6053,-4.2687114842425915,0.009998671593271896
6054,-3.6362215422449404,0.009998671593271896
6055,-5.144928912100726,0.009998671593271896
6056,-5.394002543464991,0.009998671593271896
6057,-2.3583985888580816,0.009998671593271896
6058,-5.987681069500486,0.009998671593271896
6059,-5.1257857752833775,0.009998671593271896
6060,-1.5823717495298677,0.009998671593271896
6061,-2.0554769681494607,0.009998671593271896
6062,-4.567730520961538,0.009998671593271896
6063,-4.928160914410919,0.009998671593271896
6064,-5.335853650586355,0.009998671593271896
6065,-5.454500533435475,0.009998671593271896
6066,-2.7606229289906437,0.009998671593271896
6067,-5.4368670566979365,0.009998671593271896
6068,-2.606250264919054,0.009998671593271896
6069,-4.7408064071131495,0.009998671593271896
6070,-4.8590772077943285,0.009998671593271896
6071,-4.258059513925451,0.009998671593271896
6072,-4.340946570520183,0.009998671593271896
6073,-5.108403867303097,0.009998671593271896
6074,-4.848870951600457,0.009998671593271896
6075,-3.4259528166168387,0.009998671593271896
6076,-2.1630637158821213,0.009998671593271896
6077,-5.063534005655303,0.009998671593271896
6078,-5.446333941057408,0.009998671593271896
6079,-3.941554707940658,0.009998671593271896
6080,-5.764086026976994,0.009998671593271896
6081,-5.465903884508844,0.009998671593271896
6082,-5.281408693949216,0.009998671593271896
6083,-6.213572346815768,0.009998671593271896
6084,-2.6265195065783122,0.009998671593271896
6085,-3.123828045359729,0.009998671593271896
6086,-4.286008632973286,0.009998671593271896
6087,-4.9631498270100405,0.009998671593271896
6088,-6.062469234963375,0.009998671593271896
6089,-5.571728615305297,0.009998671593271896
6090,-4.907754921409253,0.009998671593271896
6091,-6.352896084832574,0.009998671593271896
6092,-4.8603124642733935,0.009998671593271896
6093,-4.418801952047982,0.009998671593271896
6094,-4.764224983408356,0.009998671593271896
6095,-4.550564494548402,0.009998671593271896
6096,-3.8523149910409074,0.009998671593271896
6097,-3.30671388589871,0.009998671593271896
6098,-2.0917565778815637,0.009998671593271896
6099,-4.45463361949496,0.009998671593271896
6100,-2.4520360046605076,0.009998671593271896
6101,-2.8795383805823422,0.009998671593271896
6102,-2.8966072215220726,0.009998671593271896
6103,-2.7051547001465304,0.009998671593271896
6104,-1.6265566714532225,0.009998671593271896
6105,-3.0408355382929733,0.009998671593271896
6106,-2.053263676140193,0.009998671593271896
6107,-2.8888799380453247,0.009998671593271896
6108,-2.353852863643845,0.009998671593271896
6109,-3.3231534151154825,0.009998671593271896
6110,-2.5403569941636848,0.009998671593271896
6111,-2.330563233574708,0.009998671593271896
6112,-2.666557529316019,0.009998671593271896
6113,-2.4065650856382756,0.009998671593271896
6114,-3.0652298916265175,0.009998671593271896
6115,-2.5995134095846177,0.009998671593271896
6116,-1.772058202629028,0.009998671593271896
6117,-1.6805886255233184,0.009998671593271896
6118,-2.6885439091190073,0.009998671593271896
6119,-2.787377338986404,0.009998671593271896
6120,-2.812478208985479,0.009998671593271896
6121,-2.188024966630008,0.009998671593271896
6122,-2.6343292550231174,0.009998671593271896
6123,-2.7147038304148885,0.009998671593271896
6124,-2.117927363534568,0.009998671593271896
6125,-2.185167426021276,0.009998671593271896
6126,-2.685197390514577,0.009998671593271896
6127,-2.2263559542770497,0.009998671593271896
6128,-2.565637065284266,0.009998671593271896
6129,-5.4108850162886455,0.009998671593271896
6130,-2.7154602099552245,0.009998671593271896
6131,-3.2189537941827426,0.009998671593271896
6132,-2.8607410221848304,0.009998671593271896
6133,-3.2897793582226584,0.009998671593271896
6134,-2.090480800565004,0.009998671593271896
6135,-2.6002740222147356,0.009998671593271896
6136,-2.531159765270139,0.009998671593271896
6137,-2.164568269966415,0.009998671593271896
6138,-3.1921360531041527,0.009998671593271896
6139,-2.215716240896172,0.009998671593271896
6140,-4.274984343581336,0.009998671593271896
6141,-2.3451484575437647,0.009998671593271896
6142,-3.279735436292173,0.009998671593271896
6143,-2.8187963845640303,0.009998671593271896
6144,-5.810604266828955,0.009998671593271896
6145,-6.013635964238774,0.009998671593271896
6146,-2.8770023729534344,0.009998671593271896
6147,-2.414451352563259,0.009998671593271896
6148,-6.504858868980083,0.009998671593271896
6149,-5.803651461397865,0.009998671593271896
6150,-5.61173394736657,0.009998671593271896
6151,-3.5231224909977343,0.009998671593271896
6152,-3.961731144747213,0.009998671593271896
6153,-4.651742392900274,0.009998671593271896
6154,-3.4029114596164702,0.009998671593271896
6155,-2.5697995656113006,0.009998671593271896
6156,-5.295286292208386,0.009998671593271896
6157,-6.312962122487965,0.009998671593271896
6158,-3.2008590638423153,0.009998671593271896
6159,-6.086102007976031,0.009998671593271896
6160,-6.884380059573031,0.009998671593271896
6161,-5.890099300842362,0.009998671593271896
6162,-5.348778547990337,0.009998671593271896
6163,-5.8960035241710305,0.009998671593271896
6164,-3.2965046874455046,0.009998671593271896
6165,-5.528804009991619,0.009998671593271896
6166,-5.8090921186951405,0.009998671593271896
6167,-5.7502397370077905,0.009998671593271896
6168,-2.7347859798368006,0.009998671593271896
6169,-6.492281744002865,0.009998671593271896
6170,-5.814234908746926,0.009998671593271896
6171,-5.340197754866075,0.009998671593271896
6172,-5.783102408366351,0.009998671593271896
6173,-3.1718888032714823,0.009998671593271896
6174,-6.663373821723819,0.009998671593271896
6175,-5.2159426980072165,0.009998671593271896
6176,-6.888185544815611,0.009998671593271896
6177,-6.428879627433453,0.009998671593271896
6178,-5.010972738118646,0.009998671593271896
6179,-5.6028095504869455,0.009998671593271896
6180,-3.217595974468971,0.009998671593271896
6181,-3.1707886754210755,0.009998671593271896
6182,-2.611323179557729,0.009998671593271896
6183,-4.238570758561588,0.009998671593271896
6184,-2.6508053629766235,0.009998671593271896
6185,-4.269309351651939,0.009998671593271896
6186,-4.207554011040472,0.009998671593271896
6187,-4.255481717560199,0.009998671593271896
6188,-2.7490022809344685,0.009998671593271896
6189,-4.437807833931837,0.009998671593271896
6190,-2.501107145166893,0.009998671593271896
6191,-6.406623204326534,0.009998671593271896
6192,-3.616617814336483,0.009998671593271896
6193,-2.7788819090941854,0.009998671593271896
6194,-1.7094615358804222,0.009998671593271896
6195,-2.5934997045562946,0.009998671593271896
6196,-6.132512228883838,0.009998671593271896
6197,-2.36030611433436,0.009998671593271896
6198,-2.5869119237550358,0.009998671593271896
6199,-2.747249103360007,0.009998671593271896
6200,-5.054921397736415,0.009998671593271896
6201,-3.1165733156582736,0.009998671593271896
6202,-5.402232805606201,0.009998671593271896
6203,-6.068523521728302,0.009998671593271896
6204,-1.8897641604135678,0.009998671593271896
6205,-4.887779530202142,0.009998671593271896
6206,-3.2425970542033196,0.009998671593271896
6207,-4.631407325259092,0.009998671593271896
6208,-4.865637844208882,0.009998671593271896
6209,-1.8331431806131004,0.009998671593271896
6210,-2.4496690783722177,0.009998671593271896
6211,-5.5797429943953984,0.009998671593271896
6212,-5.7649968899652,0.009998671593271896
6213,-5.258708836660104,0.009998671593271896
6214,-2.5032862506714695,0.009998671593271896
6215,-5.7657039235195295,0.009998671593271896
6216,-1.9083302383427996,0.009998671593271896
6217,-2.1469998731099396,0.009998671593271896
6218,-5.071496048246191,0.009998671593271896
6219,-6.650707639953929,0.009998671593271896
6220,-7.896512961271208,0.009998671593271896
6221,-5.5831874686204035,0.009998671593271896
6222,-2.0991276093792828,0.009998671593271896
6223,-8.206276915582245,0.009998671593271896
6224,-2.8681805430928873,0.009998671593271896
6225,-5.31327582978032,0.009998671593271896
6226,-6.847127569715461,0.009998671593271896
6227,-6.630425584582669,0.009998671593271896
6228,-8.828388429931369,0.009998671593271896
6229,-7.1540278778740785,0.009998671593271896
6230,-5.246208334735958,0.009998671593271896
6231,-5.775866563819557,0.009998671593271896
6232,-5.981017449309512,0.009998671593271896
6233,-5.560320491590303,0.009998671593271896
6234,-2.851131772945866,0.009998671593271896
6235,-6.489883222291973,0.009998671593271896
6236,-3.8066845306758776,0.009998671593271896
6237,-3.329684147580752,0.009998671593271896
6238,-5.863376745774243,0.009998671593271896
6239,-3.9910036139671003,0.009998671593271896
6240,-5.025810842731914,0.009998671593271896
6241,-5.2179637313668525,0.009998671593271896
6242,-5.413355336975176,0.009998671593271896
6243,-2.9288856759149025,0.009998671593271896
6244,-4.801039485409292,0.009998671593271896
6245,-5.072073603693704,0.009998671593271896
6246,-3.124542713421185,0.009998671593271896
6247,-5.855319070345399,0.009998671593271896
6248,-6.744357822354688,0.009998671593271896
6249,-4.101264918541206,0.009998671593271896
6250,-4.97470353640083,0.009998671593271896
6251,-2.430498280109299,0.009998671593271896
6252,-4.469318087645064,0.009998671593271896
6253,-1.9059067653729773,0.009998671593271896
6254,-4.276800581636129,0.009998671593271896
6255,-4.33351004892581,0.009998671593271896
6256,-4.245135561841799,0.009998671593271896
6257,-4.301143611001787,0.009998671593271896
6258,-4.543504714952791,0.009998671593271896
6259,-4.485562584481562,0.009998671593271896
6260,-5.62394919596332,0.009998671593271896
6261,-7.034208060532496,0.009998671593271896
6262,-5.8922868767478285,0.009998671593271896
6263,-4.025473380292762,0.009998671593271896
6264,-2.9305033330682755,0.009998671593271896
6265,-6.047292478054362,0.009998671593271896
6266,-4.956163488317209,0.009998671593271896
6267,-6.337440401057474,0.009998671593271896
6268,-3.9551164371983716,0.009998671593271896
6269,-5.3716799020713015,0.009998671593271896
6270,-4.80177570145441,0.009998671593271896
6271,-4.778285183374884,0.009998671593271896
6272,-3.8741306564024884,0.009998671593271896
6273,-4.588547175556332,0.009998671593271896
6274,-3.44188785246164,0.009998671593271896
6275,-5.211036722552558,0.009998671593271896
6276,-4.439047229473996,0.009998671593271896
6277,-2.6368633813911027,0.009998671593271896
6278,-5.19188853011733,0.009998671593271896
6279,-5.237272151126078,0.009998671593271896
6280,-5.915661965540478,0.009998671593271896
6281,-2.9509427550947036,0.009998671593271896
6282,-5.826288273516909,0.009998671593271896
6283,-3.1692265985665884,0.009998671593271896
6284,-2.3218924555237774,0.009998671593271896
6285,-5.611950940849957,0.009998671593271896
6286,-5.2040812267283165,0.009998671593271896
6287,-2.126729368485015,0.009998671593271896
6288,-2.894267686868276,0.009998671593271896
6289,-1.8026625767031927,0.009998671593271896
6290,-2.5136857081379254,0.009998671593271896
6291,-2.717820722563719,0.009998671593271896
6292,-2.7684538466454716,0.009998671593271896
6293,-5.4390968351300035,0.009998671593271896
6294,-4.2724599251179525,0.009998671593271896
6295,-5.734078138078379,0.009998671593271896
6296,-3.4398159267469364,0.009998671593271896
6297,-2.5623493169337213,0.009998671593271896
6298,-4.982713831722867,0.009998671593271896
6299,-2.410030837682351,0.009998671593271896
6300,-2.4550883946900526,0.009998671593271896
6301,-2.6012583968090146,0.009998671593271896
6302,-2.844687482051494,0.009998671593271896
6303,-2.9242356968714693,0.009998671593271896
6304,-3.2306742045534924,0.009998671593271896
6305,-5.586094966976223,0.009998671593271896
6306,-2.7494136278544143,0.009998671593271896
6307,-4.966914910725466,0.009998671593271896
6308,-2.5353955691171906,0.009998671593271896
6309,-2.656389807635627,0.009998671593271896
6310,-1.9841390570154978,0.009998671593271896
6311,-2.9230985629241726,0.009998671593271896
6312,-5.7935335628084355,0.009998671593271896
6313,-3.7393747947428264,0.009998671593271896
6314,-2.922981803732239,0.009998671593271896
6315,-2.0229306295899727,0.009998671593271896
6316,-3.100706294391242,0.009998671593271896
6317,-4.148533753633639,0.009998671593271896
6318,-2.725856392296226,0.009998671593271896
6319,-2.6569638608073607,0.009998671593271896
6320,-3.857151862299567,0.009998671593271896
6321,-1.9388495670306423,0.009998671593271896
6322,-3.617025993766454,0.009998671593271896
6323,-6.050681083335776,0.009998671593271896
6324,-2.358570411609035,0.009998671593271896
6325,-1.7382499596405339,0.009998671593271896
6326,-5.473795051229724,0.009998671593271896
6327,-3.8919198813556326,0.009998671593271896
6328,-2.5699914750534205,0.009998671593271896
6329,-5.5654436963165015,0.009998671593271896
6330,-6.230475572306138,0.009998671593271896
6331,-3.826964499840069,0.009998671593271896
6332,-5.325222732185004,0.009998671593271896
6333,-3.1599388729233295,0.009998671593271896
6334,-5.131311559478078,0.009998671593271896
6335,-3.4640261369510394,0.009998671593271896
6336,-2.6086024103438037,0.009998671593271896
6337,-4.378941738229329,0.009998671593271896
6338,-6.377845228009187,0.009998671593271896
6339,-6.425501395554889,0.009998671593271896
6340,-5.670497914352385,0.009998671593271896
6341,-5.174281415211533,0.009998671593271896
6342,-7.194702989697019,0.009998671593271896
6343,-6.704036631758783,0.009998671593271896
6344,-6.1274450004073255,0.009998671593271896
6345,-1.8795666385793104,0.009998671593271896
6346,-2.528525944713581,0.009998671593271896
6347,-4.965601733922494,0.009998671593271896
6348,-2.4607392932425434,0.009998671593271896
6349,-6.1309450738002225,0.009998671593271896
6350,-5.66509393883881,0.009998671593271896
6351,-4.317866486044263,0.009998671593271896
6352,-5.97790428241046,0.009998671593271896
6353,-5.071878746472395,0.009998671593271896
6354,-4.316516424388851,0.009998671593271896
6355,-6.188688068327756,0.009998671593271896
6356,-5.1632029083667526,0.009998671593271896
6357,-4.255059335835043,0.009998671593271896
6358,-6.616005039513988,0.009998671593271896
6359,-2.445071252216941,0.009998671593271896
6360,-5.640898749427281,0.009998671593271896
6361,-4.580901794489694,0.009998671593271896
6362,-5.317238838176472,0.009998671593271896
6363,-5.143204105802041,0.009998671593271896
6364,-4.880404122108935,0.009998671593271896
6365,-5.4872596875816555,0.009998671593271896
6366,-4.344711386487063,0.009998671593271896
6367,-3.99056933668466,0.009998671593271896
6368,-5.023139459122822,0.009998671593271896
6369,-4.691340589519438,0.009998671593271896
6370,-4.313918680583817,0.009998671593271896
6371,-6.5765630793438445,0.009998671593271896
6372,-7.756270033078499,0.009998671593271896
6373,-4.666543303005973,0.009998671593271896
6374,-5.633209472242612,0.009998671593271896
6375,-5.286966052047776,0.009998671593271896
6376,-2.908807468575317,0.009998671593271896
6377,-3.6034807917543583,0.009998671593271896
6378,-3.083064868480708,0.009998671593271896
6379,-7.119184491098412,0.009998671593271896
6380,-2.3528825837874745,0.009998671593271896
6381,-3.4500382334828874,0.009998671593271896
6382,-5.354558482725745,0.009998671593271896
6383,-6.347375527308473,0.009998671593271896
6384,-2.9244227131408813,0.009998671593271896
6385,-2.3123673154183146,0.009998671593271896
6386,-5.7370843238494444,0.009998671593271896
6387,-4.943161302567718,0.009998671593271896
6388,-2.6328119699833983,0.009998671593271896
6389,-4.100243651277179,0.009998671593271896
6390,-4.782246972083574,0.009998671593271896
6391,-1.9789371076116025,0.009998671593271896
6392,-4.538303046626089,0.009998671593271896
6393,-5.917617265651256,0.009998671593271896
6394,-3.556234323686084,0.009998671593271896
6395,-2.873730436496541,0.009998671593271896
6396,-2.960315067364848,0.009998671593271896
6397,-5.938970150917693,0.009998671593271896
6398,-1.8426164888826042,0.009998671593271896
6399,-6.16850517896294,0.009998671593271896
6400,-5.217515615318835,0.009998671593271896
6401,-7.060047704193913,0.009998671593271896
6402,-4.546825431657835,0.009998671593271896
6403,-2.7832653180643665,0.009998671593271896
6404,-3.8247017791693105,0.009998671593271896
6405,-2.245674467756163,0.009998671593271896
6406,-5.018836854976364,0.009998671593271896
6407,-6.313932497385352,0.009998671593271896
6408,-2.344742639843597,0.009998671593271896
6409,-2.101552467399652,0.009998671593271896
6410,-2.73000581244516,0.009998671593271896
6411,-2.9618491132767946,0.009998671593271896
6412,-4.065601792654231,0.009998671593271896
6413,-4.903014602523399,0.009998671593271896
6414,-2.601367894398421,0.009998671593271896
6415,-2.4322347992954283,0.009998671593271896
6416,-3.998142370718563,0.009998671593271896
6417,-4.294174701962735,0.009998671593271896
6418,-6.060188436732425,0.009998671593271896
6419,-5.417402929454724,0.009998671593271896
6420,-4.9324285494559525,0.009998671593271896
6421,-3.057672559260087,0.009998671593271896
6422,-3.7575150256355245,0.009998671593271896
6423,-4.965035371829192,0.009998671593271896
6424,-2.990423868280728,0.009998671593271896
6425,-4.915367572515032,0.009998671593271896
6426,-5.199735600398367,0.009998671593271896
6427,-5.346985714352272,0.009998671593271896
6428,-2.479194739288874,0.009998671593271896
6429,-6.635217542572366,0.009998671593271896
6430,-5.805813394807082,0.009998671593271896
6431,-5.799797664458756,0.009998671593271896
6432,-5.837019768899639,0.009998671593271896
6433,-2.5259584608992194,0.009998671593271896
6434,-5.079506834168011,0.009998671593271896
6435,-6.271426590705656,0.009998671593271896
6436,-2.688133300819419,0.009998671593271896
6437,-5.497318526400424,0.009998671593271896
6438,-3.5752110215169233,0.009998671593271896
6439,-2.047990049608205,0.009998671593271896
6440,-4.295682047522095,0.009998671593271896
6441,-5.096625121792942,0.009998671593271896
6442,-5.597613043222357,0.009998671593271896
6443,-4.597932670615848,0.009998671593271896
6444,-5.647498541358754,0.009998671593271896
6445,-6.0400653432286795,0.009998671593271896
6446,-5.232081384597782,0.009998671593271896
6447,-3.2193431663449235,0.009998671593271896
6448,-4.243400911468333,0.009998671593271896
6449,-5.97582848400025,0.009998671593271896
6450,-4.42170282705084,0.009998671593271896
6451,-5.315815637837086,0.009998671593271896
6452,-4.003267011390285,0.009998671593271896
6453,-6.263861381133379,0.009998671593271896
6454,-3.51927162792863,0.009998671593271896
6455,-4.79148396245094,0.009998671593271896
6456,-4.96349917444993,0.009998671593271896
6457,-4.36149885853596,0.009998671593271896
6458,-4.885293280939929,0.009998671593271896
6459,-3.6550755195890705,0.009998671593271896
6460,-3.9721941773755733,0.009998671593271896
6461,-3.111961242885446,0.009998671593271896
6462,-1.2707919245231025,0.009998671593271896
6463,-5.785736705443184,0.009998671593271896
6464,-3.319666339295142,0.009998671593271896
6465,-3.675893982098733,0.009998671593271896
6466,-4.259733638221713,0.009998671593271896
6467,-3.8078401271172533,0.009998671593271896
6468,-3.8824322546655066,0.009998671593271896
6469,-3.3805780595298813,0.009998671593271896
6470,-2.6855499754398946,0.009998671593271896
6471,-3.19468983994061,0.009998671593271896
6472,-5.290385374317912,0.009998671593271896
6473,-5.844909111525288,0.009998671593271896
6474,-3.003331971972917,0.009998671593271896
6475,-5.581554482740357,0.009998671593271896
6476,-2.0916987691137714,0.009998671593271896
6477,-2.2637579081930475,0.009998671593271896
6478,-2.145016375733303,0.009998671593271896
6479,-2.2918016359957196,0.009998671593271896
6480,-3.9257922561281284,0.009998671593271896
6481,-3.228166287619069,0.009998671593271896
6482,-2.0411152757635063,0.009998671593271896
6483,-2.3616496149673964,0.009998671593271896
6484,-2.5328374992806393,0.009998671593271896
6485,-2.540719738899367,0.009998671593271896
6486,-5.400016178714426,0.009998671593271896
6487,-2.86587802492343,0.009998671593271896
6488,-4.529802943818542,0.009998671593271896
6489,-5.028397588294695,0.009998671593271896
6490,-2.7307857514954903,0.009998671593271896
6491,-5.094739755873505,0.009998671593271896
6492,-4.220103827537942,0.009998671593271896
6493,-3.4279499601839354,0.009998671593271896
6494,-5.015692261443417,0.009998671593271896
6495,-4.740621773886254,0.009998671593271896
6496,-2.4786471580640788,0.009998671593271896
6497,-3.124946143157528,0.009998671593271896
6498,-2.4394872128687237,0.009998671593271896
6499,-4.640310652441514,0.009998671593271896
6500,-3.640729649694567,0.009998671593271896
6501,-3.779160879935033,0.009998671593271896
6502,-2.1810024269497483,0.009998671593271896
6503,-7.178545030896065,0.009998671593271896
6504,-5.8482497555941055,0.009998671593271896
6505,-1.9739354622973881,0.009998671593271896
6506,-4.691130331376599,0.009998671593271896
6507,-3.211130794610514,0.009998671593271896
6508,-5.187373728363948,0.009998671593271896
6509,-4.01380470851681,0.009998671593271896
6510,-6.414460404305393,0.009998671593271896
6511,-1.9842032844956514,0.009998671593271896
6512,-5.2924943997056175,0.009998671593271896
6513,-2.751975994725725,0.009998671593271896
6514,-5.261173301194296,0.009998671593271896
6515,-6.4507696404327,0.009998671593271896
6516,-5.019547374792413,0.009998671593271896
6517,-6.359977638640322,0.009998671593271896
6518,-3.4211370906432004,0.009998671593271896
6519,-4.5248994745808835,0.009998671593271896
6520,-4.426913893716761,0.009998671593271896
6521,-5.870225947764196,0.009998671593271896
6522,-4.744882013300958,0.009998671593271896
6523,-5.9438546274830735,0.009998671593271896
6524,-6.167465753440246,0.009998671593271896
6525,-3.765724196283712,0.009998671593271896
6526,-6.5898611332297525,0.009998671593271896
6527,-4.641636039976785,0.009998671593271896
6528,-4.9144403667194805,0.009998671593271896
6529,-5.997637919370167,0.009998671593271896
6530,-6.726507350357112,0.009998671593271896
6531,-2.643119360342757,0.009998671593271896
6532,-4.442913088774355,0.009998671593271896
6533,-2.3303319060791075,0.009998671593271896
6534,-5.3064167295627875,0.009998671593271896
6535,-6.1380463246872505,0.009998671593271896
6536,-7.7365942836009705,0.009998671593271896
6537,-4.771424133939721,0.009998671593271896
6538,-5.536279133932883,0.009998671593271896
6539,-4.531585001080511,0.009998671593271896
6540,-5.6863735777788325,0.009998671593271896
6541,-4.679021258230873,0.009998671593271896
6542,-5.530118230555895,0.009998671593271896
6543,-5.952958724450159,0.009998671593271896
6544,-4.694594456243042,0.009998671593271896
6545,-6.097835288928364,0.009998671593271896
6546,-4.80793104279828,0.009998671593271896
6547,-4.222907830458953,0.009998671593271896
6548,-4.920186056730476,0.009998671593271896
6549,-5.076641628556972,0.009998671593271896
6550,-4.3158564584227115,0.009998671593271896
6551,-3.82046198291052,0.009998671593271896
6552,-3.5757653204089577,0.009998671593271896
6553,-3.9644272904580355,0.009998671593271896
6554,-3.6185876367768515,0.009998671593271896
6555,-4.950830150608597,0.009998671593271896
6556,-4.23862547711238,0.009998671593271896
6557,-3.879961707201255,0.009998671593271896
6558,-2.385221820024671,0.009998671593271896
6559,-4.855542275893677,0.009998671593271896
6560,-6.465300592919296,0.009998671593271896
6561,-4.059102723111307,0.009998671593271896
6562,-6.942254014909149,0.009998671593271896
6563,-4.501089402143318,0.009998671593271896
6564,-3.261841670759212,0.009998671593271896
6565,-2.4173927372264172,0.009998671593271896
6566,-2.493248494820843,0.009998671593271896
6567,-2.571474225043493,0.009998671593271896
6568,-2.1879883107783673,0.009998671593271896
6569,-2.5304285835709632,0.009998671593271896
6570,-2.711641850459917,0.009998671593271896
6571,-3.330449771949089,0.009998671593271896
6572,-2.2049673575176105,0.009998671593271896
6573,-2.7878873760496377,0.009998671593271896
6574,-2.182750362098955,0.009998671593271896
6575,-1.7114007029200644,0.009998671593271896
6576,-1.7351518628100584,0.009998671593271896
6577,-2.8094865376382834,0.009998671593271896
6578,-1.887544761252155,0.009998671593271896
6579,-2.417088257584375,0.009998671593271896
6580,-2.0153594080324826,0.009998671593271896
6581,-2.2465553709696855,0.009998671593271896
6582,-1.916703350791771,0.009998671593271896
6583,-2.6849541555499576,0.009998671593271896
6584,-3.125837400290545,0.009998671593271896
6585,-2.251004852172512,0.009998671593271896
6586,-2.020975061882602,0.009998671593271896
6587,-2.536535397268116,0.009998671593271896
6588,-2.0327908513495445,0.009998671593271896
6589,-2.155988241495556,0.009998671593271896
6590,-2.2878560885685633,0.009998671593271896
6591,-3.9384488080621702,0.009998671593271896
6592,-1.6713446597467676,0.009998671593271896
6593,-1.7654788666344194,0.009998671593271896
6594,-2.212251977060605,0.009998671593271896
6595,-2.261425462012088,0.009998671593271896
6596,-2.6237184809502634,0.009998671593271896
6597,-2.234241079458073,0.009998671593271896
6598,-2.161869586098284,0.009998671593271896
6599,-3.221783604519062,0.009998671593271896
6600,-2.692119770192982,0.009998671593271896
6601,-2.4372096046076392,0.009998671593271896
6602,-2.3759937897901673,0.009998671593271896
6603,-5.220198562436368,0.009998671593271896
6604,-2.0759117705021666,0.009998671593271896
6605,-2.610267848851793,0.009998671593271896
6606,-2.439367351728568,0.009998671593271896
6607,-2.4070762020742444,0.009998671593271896
6608,-5.181461666540875,0.009998671593271896
6609,-2.671299141409926,0.009998671593271896
6610,-2.5635983541420817,0.009998671593271896
6611,-2.4077945917829275,0.009998671593271896
6612,-5.825617972996767,0.009998671593271896
6613,-2.1730776884385503,0.009998671593271896
6614,-5.490410852185281,0.009998671593271896
6615,-6.241555020238723,0.009998671593271896
6616,-6.6796659854619325,0.009998671593271896
6617,-5.047537370142928,0.009998671593271896
6618,-2.2264039914643767,0.009998671593271896
6619,-3.4861902138733027,0.009998671593271896
6620,-5.263306788406611,0.009998671593271896
6621,-2.244276968697615,0.009998671593271896
6622,-2.853715220656064,0.009998671593271896
6623,-2.8424536073835265,0.009998671593271896
6624,-4.264493231157789,0.009998671593271896
6625,-2.713527546141057,0.009998671593271896
6626,-6.46905258472135,0.009998671593271896
6627,-5.976287918149571,0.009998671593271896
6628,-4.601834658686713,0.009998671593271896
6629,-5.496198035196624,0.009998671593271896
6630,-3.9081302505449305,0.009998671593271896
6631,-7.209032438904206,0.009998671593271896
6632,-5.912646562041219,0.009998671593271896
6633,-3.9263126009194202,0.009998671593271896
6634,-5.462314197442721,0.009998671593271896
6635,-6.350340876196995,0.009998671593271896
6636,-6.814955794461507,0.009998671593271896
6637,-5.958719598155327,0.009998671593271896
6638,-5.262338229726584,0.009998671593271896
6639,-5.446691466778036,0.009998671593271896
6640,-5.143738640189083,0.009998671593271896
6641,-1.6948414300340273,0.009998671593271896
6642,-1.723970199560608,0.009998671593271896
6643,-3.748984245481497,0.009998671593271896
6644,-5.97560939071456,0.009998671593271896
6645,-5.556063411976313,0.009998671593271896
6646,-5.025453898940038,0.009998671593271896
6647,-4.699038217298881,0.009998671593271896
6648,-5.015927994980947,0.009998671593271896
6649,-3.2167528765458204,0.009998671593271896
6650,-5.844795923703094,0.009998671593271896
6651,-6.039243508448274,0.009998671593271896
6652,-5.031174366598629,0.009998671593271896
6653,-2.421000694516068,0.009998671593271896
6654,-2.5988619545447773,0.009998671593271896
6655,-2.7381649684403495,0.009998671593271896
6656,-2.262004477318554,0.009998671593271896
6657,-2.424093058684559,0.009998671593271896
6658,-2.6378497024520056,0.009998671593271896
6659,-2.512383870773928,0.009998671593271896
6660,-2.404333505038091,0.009998671593271896
6661,-2.0391578025480332,0.009998671593271896
6662,-2.765452674360325,0.009998671593271896
6663,-1.8272847547206477,0.009998671593271896
6664,-2.729419850741657,0.009998671593271896
6665,-3.176484565640271,0.009998671593271896
6666,-2.490200119199758,0.009998671593271896
6667,-2.638450843442936,0.009998671593271896
6668,-2.6232932900242263,0.009998671593271896
6669,-2.3905349754604543,0.009998671593271896
6670,-2.486096709715391,0.009998671593271896
6671,-2.0234803636746834,0.009998671593271896
6672,-2.8870656719778585,0.009998671593271896
6673,-2.5943518303030113,0.009998671593271896
6674,-2.604762523336643,0.009998671593271896
6675,-2.7719375714352776,0.009998671593271896
6676,-2.8208887254433828,0.009998671593271896
6677,-2.915596606382471,0.009998671593271896
6678,-2.4318695859855697,0.009998671593271896
6679,-2.8264557196811806,0.009998671593271896
6680,-2.5727557133007473,0.009998671593271896
6681,-3.3083802347672164,0.009998671593271896
6682,-2.576100290782855,0.009998671593271896
6683,-2.765406683634997,0.009998671593271896
6684,-2.1141315339730484,0.009998671593271896
6685,-4.490310694922318,0.009998671593271896
6686,-3.0409458259785738,0.009998671593271896
6687,-1.8246345648377944,0.009998671593271896
6688,-4.9452194747717675,0.009998671593271896
6689,-2.846694178785006,0.009998671593271896
6690,-1.7805615347771526,0.009998671593271896
6691,-2.858182757010967,0.009998671593271896
6692,-2.119478319898009,0.009998671593271896
6693,-6.088940546699387,0.009998671593271896
6694,-2.332927779663668,0.009998671593271896
6695,-2.6382944781736803,0.009998671593271896
6696,-2.9009276816497716,0.009998671593271896
6697,-1.570299472073041,0.009998671593271896
6698,-3.5936848286465106,0.009998671593271896
6699,-5.533211884473603,0.009998671593271896
6700,-2.623224438122528,0.009998671593271896
6701,-6.022429122451495,0.009998671593271896
6702,-2.384689857029097,0.009998671593271896
6703,-5.658014926420858,0.009998671593271896
6704,-5.217282712606131,0.009998671593271896
6705,-3.055433788999409,0.009998671593271896
6706,-2.914425200782242,0.009998671593271896
6707,-1.954175858935104,0.009998671593271896
6708,-1.865182388264521,0.009998671593271896
6709,-5.507658267518142,0.009998671593271896
6710,-5.034105672497983,0.009998671593271896
6711,-2.6843602322475397,0.009998671593271896
6712,-5.169926054769654,0.009998671593271896
6713,-5.653280632770636,0.009998671593271896
6714,-4.696449948190037,0.009998671593271896
6715,-5.775364658815174,0.009998671593271896
6716,-5.13958093514441,0.009998671593271896
6717,-5.300737692952302,0.009998671593271896
6718,-6.7371917748260435,0.009998671593271896
6719,-3.910227872616264,0.009998671593271896
6720,-6.383277319098834,0.009998671593271896
6721,-5.480453321165337,0.009998671593271896
6722,-4.303923167155018,0.009998671593271896
6723,-6.041614691202183,0.009998671593271896
6724,-5.933512995823538,0.009998671593271896
6725,-6.42347385754182,0.009998671593271896
6726,-5.3399609635968925,0.009998671593271896
6727,-6.356233831110941,0.009998671593271896
6728,-6.149976665478157,0.009998671593271896
6729,-5.52126541420218,0.009998671593271896
6730,-5.290699390501013,0.009998671593271896
6731,-5.0144970552528685,0.009998671593271896
6732,-5.578329114748042,0.009998671593271896
6733,-5.630232336134549,0.009998671593271896
6734,-6.777958026159041,0.009998671593271896
6735,-4.33653299240035,0.009998671593271896
6736,-2.5834488489610363,0.009998671593271896
6737,-4.7463430342389445,0.009998671593271896
6738,-2.1873782545461222,0.009998671593271896
6739,-6.002347713787061,0.009998671593271896
6740,-3.4352447065317944,0.009998671593271896
6741,-5.482122075176813,0.009998671593271896
6742,-2.908807468575317,0.009998671593271896
6743,-3.6034807917543583,0.009998671593271896
6744,-5.228593826506319,0.009998671593271896
6745,-7.020231205480302,0.009998671593271896
6746,-2.3528825837874745,0.009998671593271896
6747,-5.076790589707983,0.009998671593271896
6748,-5.457365707142108,0.009998671593271896
6749,-5.077701597875393,0.009998671593271896
6750,-2.9244227131408813,0.009998671593271896
6751,-2.3123673154183146,0.009998671593271896
6752,-6.509384451178875,0.009998671593271896
6753,-4.800247011199512,0.009998671593271896
6754,-2.6328119699833983,0.009998671593271896
6755,-3.751323513862482,0.009998671593271896
6756,-4.83110286733024,0.009998671593271896
6757,-1.9789371076116025,0.009998671593271896
6758,-5.155791400844284,0.009998671593271896
6759,-6.486736852117589,0.009998671593271896
6760,-3.556234323686084,0.009998671593271896
6761,-2.873730436496541,0.009998671593271896
6762,-2.960315067364848,0.009998671593271896
6763,-5.708136246198987,0.009998671593271896
6764,-4.3931892485363555,0.009998671593271896
6765,-6.452273322855925,0.009998671593271896
6766,-4.921834863718432,0.009998671593271896
6767,-7.649466223951821,0.009998671593271896
6768,-5.206090828879265,0.009998671593271896
6769,-2.7832653180643665,0.009998671593271896
6770,-3.8247017791693105,0.009998671593271896
6771,-2.245674467756163,0.009998671593271896
6772,-5.834115755351956,0.009998671593271896
6773,-6.336168337209326,0.009998671593271896
6774,-2.344742639843597,0.009998671593271896
6775,-2.101552467399652,0.009998671593271896
6776,-2.718505722256591,0.009998671593271896
6777,-2.865567449945206,0.009998671593271896
6778,-6.6093578013834495,0.009998671593271896
6779,-5.118807581260697,0.009998671593271896
6780,-2.6274326709579157,0.009998671593271896
6781,-2.4322347992954283,0.009998671593271896
6782,-6.569257044896416,0.009998671593271896
6783,-5.205776556755156,0.009998671593271896
6784,-6.060188436732425,0.009998671593271896
6785,-4.634883231866759,0.009998671593271896
6786,-5.44573795672704,0.009998671593271896
6787,-5.9147853355049955,0.009998671593271896
6788,-5.2374740781459925,0.009998671593271896
6789,-3.4165668951585735,0.009998671593271896
6790,-3.5198909066643345,0.009998671593271896
6791,-6.397327073819094,0.009998671593271896
6792,-5.649853865420818,0.009998671593271896
6793,-4.075650289679022,0.009998671593271896
6794,-2.479194739288874,0.009998671593271896
6795,-7.504017319917676,0.009998671593271896
6796,-5.837911339617362,0.009998671593271896
6797,-5.473152959526349,0.009998671593271896
6798,-5.972606783107656,0.009998671593271896
6799,-2.5259584608992194,0.009998671593271896
6800,-5.044442366176822,0.009998671593271896
6801,-6.976317391998664,0.009998671593271896
6802,-2.688133300819419,0.009998671593271896
6803,-6.93091692367811,0.009998671593271896
6804,-5.091374187351294,0.009998671593271896
6805,-2.047990049608205,0.009998671593271896
6806,-4.620934685807659,0.009998671593271896
6807,-3.1887795906997036,0.009998671593271896
6808,-4.661197428419138,0.009998671593271896
6809,-4.597932670615848,0.009998671593271896
6810,-5.92102323253048,0.009998671593271896
6811,-5.392098981102847,0.009998671593271896
6812,-5.035962718284948,0.009998671593271896
6813,-3.2193431663449235,0.009998671593271896
6814,-6.334969555186066,0.009998671593271896
6815,-5.632391408309254,0.009998671593271896
6816,-5.2519145355443495,0.009998671593271896
6817,-5.315815637837086,0.009998671593271896
6818,-4.003267011390285,0.009998671593271896
6819,-6.263861381133379,0.009998671593271896
6820,-4.814503669044211,0.009998671593271896
6821,-5.054647383127875,0.009998671593271896
6822,-5.060014048387782,0.009998671593271896
6823,-5.105867014676134,0.009998671593271896
6824,-5.638245762807333,0.009998671593271896
6825,-4.665992454803899,0.009998671593271896
6826,-5.962355356435902,0.009998671593271896
6827,-3.1004687656189147,0.009998671593271896
6828,-4.760102113044196,0.009998671593271896
6829,-6.271280245126357,0.009998671593271896
6830,-1.9343915806542507,0.009998671593271896
6831,-4.591773325707753,0.009998671593271896
6832,-1.9737205492575849,0.009998671593271896
6833,-3.373700650075625,0.009998671593271896
6834,-4.763647270339728,0.009998671593271896
6835,-4.748055166695491,0.009998671593271896
6836,-2.6855499754398946,0.009998671593271896
6837,-3.19468983994061,0.009998671593271896
6838,-6.363179510038121,0.009998671593271896
6839,-5.403960205841905,0.009998671593271896
6840,-3.675057088706651,0.009998671593271896
6841,-4.640607347014035,0.009998671593271896
6842,-2.0916987691137714,0.009998671593271896
6843,-3.416526719769041,0.009998671593271896
6844,-2.145016375733303,0.009998671593271896
6845,-2.2918016359957196,0.009998671593271896
6846,-3.9257922561281284,0.009998671593271896
6847,-3.5083000103168196,0.009998671593271896
6848,-3.6214086629195665,0.009998671593271896
6849,-2.39658134418475,0.009998671593271896
6850,-2.5328374992806393,0.009998671593271896
6851,-2.540719738899367,0.009998671593271896
6852,-3.7908080183153143,0.009998671593271896
6853,-2.86587802492343,0.009998671593271896
6854,-4.529802943818542,0.009998671593271896
6855,-4.242067059095914,0.009998671593271896
6856,-2.8936369925186245,0.009998671593271896
6857,-5.094739755873505,0.009998671593271896
6858,-1.7673828403379679,0.009998671593271896
6859,-3.4279499601839354,0.009998671593271896
6860,-5.339592857319758,0.009998671593271896
6861,-4.84029800249353,0.009998671593271896
6862,-2.4786471580640788,0.009998671593271896
6863,-2.4997561555062084,0.009998671593271896
6864,-2.4394872128687237,0.009998671593271896
6865,-4.650511755323066,0.009998671593271896
6866,-3.640729649694567,0.009998671593271896
6867,-4.4046339539992605,0.009998671593271896
6868,-2.1810024269497483,0.009998671593271896
6869,-7.865967709487739,0.009998671593271896
6870,-7.064052326843688,0.009998671593271896
6871,-1.9739354622973881,0.009998671593271896
6872,-4.682859297070262,0.009998671593271896
6873,-3.211130794610514,0.009998671593271896
6874,-4.914135633884358,0.009998671593271896
6875,-4.01380470851681,0.009998671593271896
6876,-6.414460404305393,0.009998671593271896
6877,-1.9842032844956514,0.009998671593271896
6878,-5.2924943997056175,0.009998671593271896
6879,-2.751975994725725,0.009998671593271896
6880,-5.408876787950702,0.009998671593271896
6881,-6.4507696404327,0.009998671593271896
6882,-4.922560618445461,0.009998671593271896
6883,-5.579371704320232,0.009998671593271896
6884,-3.4211370906432004,0.009998671593271896
6885,-5.324803858065636,0.009998671593271896
6886,-5.375593490632041,0.009998671593271896
6887,-5.453506988814153,0.009998671593271896
6888,-4.744882013300958,0.009998671593271896
6889,-5.756313076806331,0.009998671593271896
6890,-6.574753163116393,0.009998671593271896
6891,-4.834242834025718,0.009998671593271896
6892,-6.447879504325231,0.009998671593271896
6893,-4.641636039976785,0.009998671593271896
6894,-4.880328685349464,0.009998671593271896
6895,-5.378794543472193,0.009998671593271896
6896,-6.561703618550526,0.009998671593271896
6897,-2.643119360342757,0.009998671593271896
6898,-6.074185307329367,0.009998671593271896
6899,-2.3303319060791075,0.009998671593271896
6900,-5.239173421374206,0.009998671593271896
6901,-4.399315166077223,0.009998671593271896
6902,-7.7365942836009705,0.009998671593271896
6903,-5.220514251089338,0.009998671593271896
6904,-5.522694484603871,0.009998671593271896
6905,-4.917595706099691,0.009998671593271896
6906,-5.777878944297634,0.009998671593271896
6907,-5.255120432701011,0.009998671593271896
6908,-5.42421320398674,0.009998671593271896
6909,-6.279878795383743,0.009998671593271896
6910,-4.694594456243042,0.009998671593271896
6911,-6.097835288928364,0.009998671593271896
6912,-4.80793104279828,0.009998671593271896
6913,-4.222907830458953,0.009998671593271896
6914,-5.783082821142523,0.009998671593271896
6915,-5.207225562653679,0.009998671593271896
6916,-4.8576630653361486,0.009998671593271896
6917,-3.82046198291052,0.009998671593271896
6918,-4.119161868112407,0.009998671593271896
6919,-3.765058904601586,0.009998671593271896
6920,-1.60370732222112,0.009998671593271896
6921,-5.094780405098485,0.009998671593271896
6922,-4.23862547711238,0.009998671593271896
6923,-3.7345380941474597,0.009998671593271896
6924,-2.385221820024671,0.009998671593271896
6925,-4.900171238055761,0.009998671593271896
6926,-7.18233222566189,0.009998671593271896
6927,-4.095532084217838,0.009998671593271896
6928,-6.3495598362998855,0.009998671593271896
6929,-4.27468021105783,0.009998671593271896
6930,-2.7490022809344685,0.009998671593271896
6931,-2.6565720571911093,0.009998671593271896
6932,-3.029460442557281,0.009998671593271896
6933,-5.427642954644689,0.009998671593271896
6934,-3.323191446001481,0.009998671593271896
6935,-2.9107077156255863,0.009998671593271896
6936,-1.7584499814744745,0.009998671593271896
6937,-2.7220585429442465,0.009998671593271896
6938,-4.449298351661373,0.009998671593271896
6939,-2.4218300495877303,0.009998671593271896
6940,-2.6715128654373985,0.009998671593271896
6941,-2.8146751092826454,0.009998671593271896
6942,-4.594877409944994,0.009998671593271896
6943,-2.7321994518752057,0.009998671593271896
6944,-1.741819651466738,0.009998671593271896
6945,-6.068523521728302,0.009998671593271896
6946,-1.9532182980722992,0.009998671593271896
6947,-4.9313844417558474,0.009998671593271896
6948,-2.0189478707746233,0.009998671593271896
6949,-4.529652340314537,0.009998671593271896
6950,-5.270071408546254,0.009998671593271896
6951,-3.572075762528325,0.009998671593271896
6952,-2.4496690783722177,0.009998671593271896
6953,-5.4611895866617335,0.009998671593271896
6954,-4.941340327889442,0.009998671593271896
6955,-5.083100443846531,0.009998671593271896
6956,-2.569289620872989,0.009998671593271896
6957,-4.931824813822055,0.009998671593271896
6958,-2.2916966849564977,0.009998671593271896
6959,-5.334192171164742,0.009998671593271896
6960,-4.745134641479586,0.009998671593271896
6961,-4.5854099975511176,0.009998671593271896
6962,-7.794994149316116,0.009998671593271896
6963,-5.5831874686204035,0.009998671593271896
6964,-2.0991276093792828,0.009998671593271896
6965,-5.6842683175161195,0.009998671593271896
6966,-2.8681805430928873,0.009998671593271896
6967,-5.320467603581889,0.009998671593271896
6968,-6.833045843277503,0.009998671593271896
6969,-6.982037120836558,0.009998671593271896
6970,-8.8235566337733,0.009998671593271896
6971,-5.841602917403864,0.009998671593271896
6972,-5.529692295525358,0.009998671593271896
6973,-5.8098971414309855,0.009998671593271896
6974,-4.591844915205475,0.009998671593271896
6975,-4.889018951586335,0.009998671593271896
6976,-2.851131772945866,0.009998671593271896
6977,-6.4590730133518,0.009998671593271896
6978,-4.2334402021403825,0.009998671593271896
6979,-3.329684147580752,0.009998671593271896
6980,-6.3709736697760695,0.009998671593271896
6981,-5.0439756451252,0.009998671593271896
6982,-5.722334383177454,0.009998671593271896
6983,-6.006644640467698,0.009998671593271896
6984,-6.312141766460784,0.009998671593271896
6985,-2.9288856759149025,0.009998671593271896
6986,-4.86220224918119,0.009998671593271896
6987,-6.742838445170202,0.009998671593271896
6988,-3.124542713421185,0.009998671593271896
6989,-5.855319070345399,0.009998671593271896
6990,-7.144255842504758,0.009998671593271896
6991,-5.647176824305317,0.009998671593271896
6992,-6.672611633103479,0.009998671593271896
6993,-2.430498280109299,0.009998671593271896
6994,-5.525270681441011,0.009998671593271896
6995,-1.9059067653729773,0.009998671593271896
6996,-4.276800581636129,0.009998671593271896
6997,-6.563394836586552,0.009998671593271896
6998,-4.463589174825213,0.009998671593271896
6999,-4.301143611001787,0.009998671593271896
7000,-4.543504714952791,0.009998671593271896
7001,-4.669264888983251,0.009998671593271896
7002,-5.904011826390096,0.009998671593271896
7003,-7.034208060532496,0.009998671593271896
7004,-1.8558298423514306,0.009998671593271896
7005,-4.025473380292762,0.009998671593271896
7006,-2.9305033330682755,0.009998671593271896
7007,-2.807141006729434,0.009998671593271896
7008,-2.1156487677777243,0.009998671593271896
7009,-6.337440401057474,0.009998671593271896
7010,-4.483651241463637,0.009998671593271896
7011,-5.3716799020713015,0.009998671593271896
7012,-7.393574830144209,0.009998671593271896
7013,-5.34275279031604,0.009998671593271896
7014,-4.061283446981263,0.009998671593271896
7015,-4.588547175556332,0.009998671593271896
7016,-3.567966740008224,0.009998671593271896
7017,-5.555713580601811,0.009998671593271896
7018,-4.151692080009289,0.009998671593271896
7019,-2.6368633813911027,0.009998671593271896
7020,-4.9596526800085865,0.009998671593271896
7021,-5.237272151126078,0.009998671593271896
7022,-5.139252381088626,0.009998671593271896
7023,-3.858258339812517,0.009998671593271896
7024,-2.057847940473755,0.009998671593271896
7025,-5.667347975583793,0.009998671593271896
7026,-3.240166916127232,0.009998671593271896
7027,-2.9543748541084556,0.009998671593271896
7028,-6.709748508192552,0.009998671593271896
7029,-5.348731657638455,0.009998671593271896
7030,-2.8117751516963057,0.009998671593271896
7031,-2.9378613625582894,0.009998671593271896
7032,-4.9122170656861215,0.009998671593271896
7033,-5.747543895136169,0.009998671593271896
7034,-3.4310698958716492,0.009998671593271896
7035,-5.984155873637951,0.009998671593271896
7036,-6.420478625921982,0.009998671593271896
7037,-5.915674711525035,0.009998671593271896
7038,-5.207042365074141,0.009998671593271896
7039,-6.371895326017754,0.009998671593271896
7040,-2.1778823792785342,0.009998671593271896
7041,-4.536993814118525,0.009998671593271896
7042,-4.977171667178716,0.009998671593271896
7043,-2.4370784808908272,0.009998671593271896
7044,-5.742270258609099,0.009998671593271896
7045,-6.425756094199736,0.009998671593271896
7046,-2.9149993931127094,0.009998671593271896
7047,-6.069875521423081,0.009998671593271896
7048,-2.4116475983003642,0.009998671593271896
7049,-1.9288795051668406,0.009998671593271896
7050,-5.560779426751756,0.009998671593271896
7051,-3.9829308322370047,0.009998671593271896
7052,-4.787233532356437,0.009998671593271896
7053,-5.603089104298444,0.009998671593271896
7054,-2.6348029906094603,0.009998671593271896
7055,-2.436511075004775,0.009998671593271896
7056,-4.549621894258371,0.009998671593271896
7057,-3.571460228728289,0.009998671593271896
7058,-4.046493332150542,0.009998671593271896
7059,-2.5849213195599474,0.009998671593271896
7060,-5.491700454215228,0.009998671593271896
7061,-2.4665595739255477,0.009998671593271896
7062,-3.3819435968813663,0.009998671593271896
7063,-5.37347857552904,0.009998671593271896
7064,-1.8303918880392034,0.009998671593271896
7065,-3.2009597591625494,0.009998671593271896
7066,-5.377834730817135,0.009998671593271896
7067,-5.666869110649408,0.009998671593271896
7068,-5.998034600692756,0.009998671593271896
7069,-4.74013017146215,0.009998671593271896
7070,-3.145308829803332,0.009998671593271896
7071,-6.575639559198981,0.009998671593271896
7072,-2.417062478613082,0.009998671593271896
7073,-6.3311527777275405,0.009998671593271896
7074,-4.359271767993237,0.009998671593271896
7075,-1.159720281946547,0.009998671593271896
7076,-3.5016512588986606,0.009998671593271896
7077,-1.4734386052011996,0.009998671593271896
7078,-2.7974541663740697,0.009998671593271896
7079,-1.9834110047063827,0.009998671593271896
7080,-5.864636666210751,0.009998671593271896
7081,-4.6791415249676875,0.009998671593271896
7082,-6.922290971991082,0.009998671593271896
7083,-6.2432685209909184,0.009998671593271896
7084,-6.650394968873748,0.009998671593271896
7085,-4.114102610910053,0.009998671593271896
7086,-1.820914110070725,0.009998671593271896
7087,-3.9729020452229022,0.009998671593271896
7088,-2.1872775893952183,0.009998671593271896
7089,-5.713387761293298,0.009998671593271896
7090,-6.04375575307937,0.009998671593271896
7091,-5.889103962429574,0.009998671593271896
7092,-6.099082459747372,0.009998671593271896
7093,-3.0860512544537957,0.009998671593271896
7094,-6.621471075884476,0.009998671593271896
7095,-6.335354909073482,0.009998671593271896
7096,-5.290808646101517,0.009998671593271896
7097,-6.9415716278225235,0.009998671593271896
7098,-5.790260772413319,0.009998671593271896
7099,-4.808199170843558,0.009998671593271896
7100,-4.694415436003146,0.009998671593271896
7101,-4.377397214670609,0.009998671593271896
7102,-5.760848719829523,0.009998671593271896
7103,-7.114550891455005,0.009998671593271896
7104,-5.549297825837549,0.009998671593271896
7105,-2.765009485602648,0.009998671593271896
7106,-6.106872739569671,0.009998671593271896
7107,-6.37612755119981,0.009998671593271896
7108,-5.684842951628248,0.009998671593271896
7109,-2.1684361885609227,0.009998671593271896
7110,-5.444330786525164,0.009998671593271896
7111,-4.992418205136701,0.009998671593271896
7112,-5.263524126971732,0.009998671593271896
7113,-7.235538505330249,0.009998671593271896
7114,-2.7531681251097577,0.009998671593271896
7115,-2.724947556977598,0.009998671593271896
7116,-2.2052068245252014,0.009998671593271896
7117,-2.820760269716129,0.009998671593271896
7118,-2.766120999196183,0.009998671593271896
7119,-2.3803499322325865,0.009998671593271896
7120,-2.8635695573381965,0.009998671593271896
7121,-2.072668867940449,0.009998671593271896
7122,-3.386212061301394,0.009998671593271896
7123,-2.7953742148060003,0.009998671593271896
7124,-2.2660613951756665,0.009998671593271896
7125,-3.0146974538577402,0.009998671593271896
7126,-2.2781665509566547,0.009998671593271896
7127,-2.570350325993069,0.009998671593271896
7128,-3.627142246434913,0.009998671593271896
7129,-2.318334986048693,0.009998671593271896
7130,-1.9666950075664311,0.009998671593271896
7131,-2.5327767149614564,0.009998671593271896
7132,-2.1712525939504315,0.009998671593271896
7133,-3.316849532785151,0.009998671593271896
7134,-2.6831059957996004,0.009998671593271896
7135,-3.1495675524763374,0.009998671593271896
7136,-2.27441340880898,0.009998671593271896
7137,-6.116063569300007,0.009998671593271896
7138,-2.767613817828938,0.009998671593271896
7139,-3.0501531304725122,0.009998671593271896
7140,-2.6880421452843026,0.009998671593271896
7141,-1.9652585630726667,0.009998671593271896
7142,-5.033543733306772,0.009998671593271896
7143,-2.759913267301627,0.009998671593271896
7144,-2.595881257589707,0.009998671593271896
7145,-3.1668289363330677,0.009998671593271896
7146,-3.067159662832574,0.009998671593271896
7147,-2.972553218926074,0.009998671593271896
7148,-3.473369956009885,0.009998671593271896
7149,-2.1521136803331866,0.009998671593271896
7150,-2.67171459043418,0.009998671593271896
7151,-2.4853532350918983,0.009998671593271896
7152,-6.7312467712844954,0.009998671593271896
7153,-2.043729898616095,0.009998671593271896
7154,-3.504534069658626,0.009998671593271896
7155,-2.793340342550193,0.009998671593271896
7156,-2.3288249557273,0.009998671593271896
7157,-2.986317687814277,0.009998671593271896
7158,-2.831027743752548,0.009998671593271896
7159,-2.6584215068455435,0.009998671593271896
7160,-6.951006857727705,0.009998671593271896
7161,-4.516334991291125,0.009998671593271896
7162,-3.051728638648253,0.009998671593271896
7163,-5.2415817661318584,0.009998671593271896
7164,-2.3101641700763182,0.009998671593271896
7165,-5.644122663634231,0.009998671593271896
7166,-3.875792472719026,0.009998671593271896
7167,-4.059435899061047,0.009998671593271896
7168,-2.6927536342065275,0.009998671593271896
7169,-5.634507048648319,0.009998671593271896
7170,-4.780208541628378,0.009998671593271896
7171,-4.909449703907544,0.009998671593271896
7172,-2.727160459551903,0.009998671593271896
7173,-6.593840713118123,0.009998671593271896
7174,-2.1405670978532028,0.009998671593271896
7175,-4.760561959911275,0.009998671593271896
7176,-2.8481836949171386,0.009998671593271896
7177,-2.6397993264879855,0.009998671593271896
7178,-8.877276735275807,0.009998671593271896
7179,-3.0536395416825193,0.009998671593271896
7180,-4.662129560106285,0.009998671593271896
7181,-5.014610007398858,0.009998671593271896
7182,-4.812748090935098,0.009998671593271896
7183,-5.73579319896892,0.009998671593271896
7184,-6.218640535376972,0.009998671593271896
7185,-6.381912957717737,0.009998671593271896
7186,-5.591276254696968,0.009998671593271896
7187,-6.261259854153196,0.009998671593271896
7188,-6.360906710259884,0.009998671593271896
7189,-5.717215836179552,0.009998671593271896
7190,-2.379552900270289,0.009998671593271896
7191,-5.772931545470476,0.009998671593271896
7192,-5.635521263456528,0.009998671593271896
7193,-4.830374388447538,0.009998671593271896
7194,-7.1796157543428105,0.009998671593271896
7195,-7.832940846973305,0.009998671593271896
7196,-6.986988648474622,0.009998671593271896
7197,-5.62694420598042,0.009998671593271896
7198,-4.137357362644334,0.009998671593271896
7199,-6.146104814929835,0.009998671593271896
7200,-5.4528176085155815,0.009998671593271896
7201,-5.475012517606543,0.009998671593271896
7202,-4.032942246235315,0.009998671593271896
7203,-2.8067017171417277,0.009998671593271896
7204,-3.7290726794797457,0.009998671593271896
7205,-4.704284864101142,0.009998671593271896
7206,-5.13779527032367,0.009998671593271896
7207,-3.947853590461988,0.009998671593271896
7208,-6.026495914769537,0.009998671593271896
7209,-2.276171985885325,0.009998671593271896
7210,-3.1118954264789678,0.009998671593271896
7211,-2.51679370896953,0.009998671593271896
7212,-2.4683117377759953,0.009998671593271896
7213,-2.86615616479392,0.009998671593271896
7214,-1.8860790284276108,0.009998671593271896
7215,-3.019807776445982,0.009998671593271896
7216,-3.691722766486324,0.009998671593271896
7217,-2.2660613951756665,0.009998671593271896
7218,-3.340591559861767,0.009998671593271896
7219,-2.2781665509566547,0.009998671593271896
7220,-2.570350325993069,0.009998671593271896
7221,-3.627142246434913,0.009998671593271896
7222,-2.318334986048693,0.009998671593271896
7223,-2.572691795565413,0.009998671593271896
7224,-3.755919589856393,0.009998671593271896
7225,-2.8121220423862328,0.009998671593271896
7226,-2.313379074995499,0.009998671593271896
7227,-3.5859586215798886,0.009998671593271896
7228,-2.6144994813874973,0.009998671593271896
7229,-2.27441340880898,0.009998671593271896
7230,-6.665487461278831,0.009998671593271896
7231,-2.0402193121516863,0.009998671593271896
7232,-2.76056078261006,0.009998671593271896
7233,-1.9030915581122236,0.009998671593271896
7234,-1.9418791787266392,0.009998671593271896
7235,-6.04220596504179,0.009998671593271896
7236,-2.759913267301627,0.009998671593271896
7237,-2.329345349403224,0.009998671593271896
7238,-3.1668289363330677,0.009998671593271896
7239,-2.5333626733929826,0.009998671593271896
7240,-3.724223748893735,0.009998671593271896
7241,-3.473369956009885,0.009998671593271896
7242,-2.874407888961847,0.009998671593271896
7243,-2.8680029106082015,0.009998671593271896
7244,-2.4853532350918983,0.009998671593271896
7245,-6.521746645795577,0.009998671593271896
7246,-2.043729898616095,0.009998671593271896
7247,-3.504534069658626,0.009998671593271896
7248,-2.793340342550193,0.009998671593271896
7249,-2.3288249557273,0.009998671593271896
7250,-2.953554475969227,0.009998671593271896
7251,-2.831027743752548,0.009998671593271896
7252,-2.3408325206800584,0.009998671593271896
7253,-7.324783610382702,0.009998671593271896
7254,-4.516334991291125,0.009998671593271896
7255,-3.051728638648253,0.009998671593271896
7256,-6.355020608846743,0.009998671593271896
7257,-2.3101641700763182,0.009998671593271896
7258,-5.798053469658561,0.009998671593271896
7259,-3.875792472719026,0.009998671593271896
7260,-4.059435899061047,0.009998671593271896
7261,-2.793044151747857,0.009998671593271896
7262,-6.152747335958871,0.009998671593271896
7263,-5.1862148038406755,0.009998671593271896
7264,-5.295795732160871,0.009998671593271896
7265,-2.727160459551903,0.009998671593271896
7266,-6.450984952167509,0.009998671593271896
7267,-2.1405670978532028,0.009998671593271896
7268,-6.85524548904768,0.009998671593271896
7269,-2.8481836949171386,0.009998671593271896
7270,-2.6397993264879855,0.009998671593271896
7271,-6.666633108036794,0.009998671593271896
7272,-3.0536395416825193,0.009998671593271896
7273,-4.662129560106285,0.009998671593271896
7274,-5.189336465479643,0.009998671593271896
7275,-5.542221181164917,0.009998671593271896
7276,-3.365240573603957,0.009998671593271896
7277,-6.218640535376972,0.009998671593271896
7278,-5.827450016505187,0.009998671593271896
7279,-4.356760559195761,0.009998671593271896
7280,-5.787027706493847,0.009998671593271896
7281,-6.360906710259884,0.009998671593271896
7282,-5.534885682534665,0.009998671593271896
7283,-2.379552900270289,0.009998671593271896
7284,-5.841458119475595,0.009998671593271896
7285,-6.356897105982118,0.009998671593271896
7286,-4.4707978182842725,0.009998671593271896
7287,-6.1971378624178035,0.009998671593271896
7288,-7.319623918861205,0.009998671593271896
7289,-6.445377207759467,0.009998671593271896
7290,-5.101606598658712,0.009998671593271896
7291,-5.464941612321464,0.009998671593271896
7292,-5.191942858654292,0.009998671593271896
7293,-5.195730379281936,0.009998671593271896
7294,-5.475012517606543,0.009998671593271896
7295,-1.6100995094780677,0.009998671593271896
7296,-2.8067017171417277,0.009998671593271896
7297,-5.245631567087139,0.009998671593271896
7298,-6.05234017156427,0.009998671593271896
7299,-4.849183466850234,0.009998671593271896
7300,-6.218395653793233,0.009998671593271896
7301,-4.194963064869439,0.009998671593271896
7302,-2.7490022809344685,0.009998671593271896
7303,-2.6565720571911093,0.009998671593271896
7304,-1.8938583345231599,0.009998671593271896
7305,-6.2588699141665405,0.009998671593271896
7306,-2.563986471878825,0.009998671593271896
7307,-2.9107077156255863,0.009998671593271896
7308,-1.7584499814744745,0.009998671593271896
7309,-2.7220585429442465,0.009998671593271896
7310,-3.0492778613716656,0.009998671593271896
7311,-2.4218300495877303,0.009998671593271896
7312,-2.6715128654373985,0.009998671593271896
7313,-2.8146751092826454,0.009998671593271896
7314,-5.093481759751754,0.009998671593271896
7315,-3.246996988356827,0.009998671593271896
7316,-5.381608492229896,0.009998671593271896
7317,-5.684565253730504,0.009998671593271896
7318,-1.9532182980722992,0.009998671593271896
7319,-4.887779530202142,0.009998671593271896
7320,-2.0189478707746233,0.009998671593271896
7321,-6.611916368473363,0.009998671593271896
7322,-4.835234539767732,0.009998671593271896
7323,-3.7066969078827428,0.009998671593271896
7324,-2.841287554690473,0.009998671593271896
7325,-5.217846248433598,0.009998671593271896
7326,-5.7649968899652,0.009998671593271896
7327,-6.236860643048551,0.009998671593271896
7328,-2.569289620872989,0.009998671593271896
7329,-5.7864603775711405,0.009998671593271896
7330,-1.9083302383427996,0.009998671593271896
7331,-5.776681746696243,0.009998671593271896
7332,-5.141998866000435,0.009998671593271896
7333,-5.513228963087798,0.009998671593271896
7334,-6.756117549740959,0.009998671593271896
7335,-5.8389444557940315,0.009998671593271896
7336,-2.0991276093792828,0.009998671593271896
7337,-6.00327616338344,0.009998671593271896
7338,-2.8681805430928873,0.009998671593271896
7339,-4.30778636642143,0.009998671593271896
7340,-6.859317001243671,0.009998671593271896
7341,-6.951288435232916,0.009998671593271896
7342,-8.017494755139301,0.009998671593271896
7343,-5.763482577702652,0.009998671593271896
7344,-5.481677842334191,0.009998671593271896
7345,-5.691712171294622,0.009998671593271896
7346,-6.121082316903459,0.009998671593271896
7347,-6.295024109426525,0.009998671593271896
7348,-2.851131772945866,0.009998671593271896
7349,-6.626885232745863,0.009998671593271896
7350,-5.4045848863070205,0.009998671593271896
7351,-3.329684147580752,0.009998671593271896
7352,-6.775380508988493,0.009998671593271896
7353,-4.177519895322824,0.009998671593271896
7354,-6.13946512220938,0.009998671593271896
7355,-5.2179637313668525,0.009998671593271896
7356,-5.413355336975176,0.009998671593271896
7357,-2.9288856759149025,0.009998671593271896
7358,-5.770631055662408,0.009998671593271896
7359,-5.297861579164618,0.009998671593271896
7360,-3.124542713421185,0.009998671593271896
7361,-5.492192215823524,0.009998671593271896
7362,-7.028274989342484,0.009998671593271896
7363,-4.101264918541206,0.009998671593271896
7364,-4.97470353640083,0.009998671593271896
7365,-2.430498280109299,0.009998671593271896
7366,-6.113882889340902,0.009998671593271896
7367,-1.9059067653729773,0.009998671593271896
7368,-4.276800581636129,0.009998671593271896
7369,-5.283009604007866,0.009998671593271896
7370,-4.463589174825213,0.009998671593271896
7371,-4.756617586601537,0.009998671593271896
7372,-5.748207269364324,0.009998671593271896
7373,-4.448514692671021,0.009998671593271896
7374,-6.517476562297052,0.009998671593271896
7375,-6.835137132321991,0.009998671593271896
7376,-4.66982763316565,0.009998671593271896
7377,-4.025473380292762,0.009998671593271896
7378,-2.9305033330682755,0.009998671593271896
7379,-2.807141006729434,0.009998671593271896
7380,-6.098873004493907,0.009998671593271896
7381,-7.295969236438506,0.009998671593271896
7382,-3.9551164371983716,0.009998671593271896
7383,-5.805665517169965,0.009998671593271896
7384,-5.41937735524608,0.009998671593271896
7385,-5.039624979003212,0.009998671593271896
7386,-4.300405498272034,0.009998671593271896
7387,-5.430284180719829,0.009998671593271896
7388,-4.352949537500875,0.009998671593271896
7389,-5.778988563396834,0.009998671593271896
7390,-4.427536365040775,0.009998671593271896
7391,-6.200573190966908,0.009998671593271896
7392,-5.748498548119048,0.009998671593271896
7393,-5.237272151126078,0.009998671593271896
7394,-6.048155175751662,0.009998671593271896
7395,-2.9509427550947036,0.009998671593271896
7396,-6.411683076470316,0.009998671593271896
7397,-3.1106914322668233,0.009998671593271896
7398,-2.3218924555237774,0.009998671593271896
7399,-5.735822032483285,0.009998671593271896
7400,-3.659823935465377,0.009998671593271896
7401,-2.126729368485015,0.009998671593271896
7402,-2.723136503836043,0.009998671593271896
7403,-1.8026625767031927,0.009998671593271896
7404,-2.5822559148713955,0.009998671593271896
7405,-2.717820722563719,0.009998671593271896
7406,-2.7684538466454716,0.009998671593271896
7407,-4.942531125642008,0.009998671593271896
7408,-4.785354176653607,0.009998671593271896
7409,-5.734078138078379,0.009998671593271896
7410,-3.205597484811889,0.009998671593271896
7411,-2.5623493169337213,0.009998671593271896
7412,-4.982713831722867,0.009998671593271896
7413,-2.410030837682351,0.009998671593271896
7414,-2.4550883946900526,0.009998671593271896
7415,-2.6012583968090146,0.009998671593271896
7416,-2.844687482051494,0.009998671593271896
7417,-2.9242356968714693,0.009998671593271896
7418,-1.668527332755245,0.009998671593271896
7419,-5.555020667167207,0.009998671593271896
7420,-2.7494136278544143,0.009998671593271896
7421,-3.718659686445198,0.009998671593271896
7422,-3.3347172711342,0.009998671593271896
7423,-2.656389807635627,0.009998671593271896
7424,-2.044296840905643,0.009998671593271896
7425,-2.3338161553458328,0.009998671593271896
7426,-6.210079028884253,0.009998671593271896
7427,-3.736643089471652,0.009998671593271896
7428,-3.1809778360710026,0.009998671593271896
7429,-5.511754301961294,0.009998671593271896
7430,-4.778368001319455,0.009998671593271896
7431,-4.588160130138258,0.009998671593271896
7432,-2.725856392296226,0.009998671593271896
7433,-2.6569638608073607,0.009998671593271896
7434,-6.056790500361393,0.009998671593271896
7435,-1.9388495670306423,0.009998671593271896
7436,-5.010807415433137,0.009998671593271896
7437,-6.428305328882542,0.009998671593271896
7438,-2.358570411609035,0.009998671593271896
7439,-5.619612182746593,0.009998671593271896
7440,-5.475129068332172,0.009998671593271896
7441,-4.825850393924882,0.009998671593271896
7442,-2.837582432316404,0.009998671593271896
7443,-4.849439247142993,0.009998671593271896
7444,-5.870645267043825,0.009998671593271896
7445,-3.8754443954987354,0.009998671593271896
7446,-5.325222732185004,0.009998671593271896
7447,-3.1599388729233295,0.009998671593271896
7448,-5.173552542749778,0.009998671593271896
7449,-3.4640261369510394,0.009998671593271896
7450,-2.6086024103438037,0.009998671593271896
7451,-4.37694173822933,0.009998671593271896
7452,-4.980111596033842,0.009998671593271896
7453,-4.566818105408769,0.009998671593271896
7454,-5.655023219531323,0.009998671593271896
7455,-5.174281415211533,0.009998671593271896
7456,-6.388827926625899,0.009998671593271896
7457,-6.696839238540694,0.009998671593271896
7458,-6.146627300479436,0.009998671593271896
7459,-1.8795666385793104,0.009998671593271896
7460,-2.528525944713581,0.009998671593271896
7461,-4.901610375103161,0.009998671593271896
7462,-2.4607392932425434,0.009998671593271896
7463,-5.029371334520736,0.009998671593271896
7464,-4.284729505418763,0.009998671593271896
7465,-4.85770654149385,0.009998671593271896
7466,-4.592834973345327,0.009998671593271896
7467,-3.66804270344317,0.009998671593271896
7468,-3.9732778706128054,0.009998671593271896
7469,-5.432346294523912,0.009998671593271896
7470,-4.247977290683893,0.009998671593271896
7471,-1.492180504730989,0.009998671593271896
7472,-3.223065157487036,0.009998671593271896
7473,-2.445071252216941,0.009998671593271896
7474,-6.5539987194300595,0.009998671593271896
7475,-5.395395026380584,0.009998671593271896
7476,-5.869987635270819,0.009998671593271896
7477,-4.619035111566632,0.009998671593271896
7478,-5.436163035968801,0.009998671593271896
7479,-6.5181703994687705,0.009998671593271896
7480,-5.026773451789506,0.009998671593271896
7481,-5.844962717181876,0.009998671593271896
7482,-5.599858814155558,0.009998671593271896
7483,-1.6798085954256279,0.009998671593271896
7484,-4.975208168577334,0.009998671593271896
7485,-3.4072942303702547,0.009998671593271896
7486,-4.814151105495823,0.009998671593271896
7487,-6.17928706484644,0.009998671593271896
7488,-3.111277002959707,0.009998671593271896
7489,-3.1361070537859552,0.009998671593271896
7490,-2.0553869162361402,0.009998671593271896
7491,-3.9010350646264627,0.009998671593271896
7492,-2.5838644307600567,0.009998671593271896
7493,-3.5734491441652,0.009998671593271896
7494,-2.9959440128421186,0.009998671593271896
7495,-6.453120437302161,0.009998671593271896
7496,-1.857910533765456,0.009998671593271896
7497,-2.2150398895918033,0.009998671593271896
7498,-3.1676206992046163,0.009998671593271896
7499,-6.435992226832246,0.009998671593271896
7500,-3.4264703116078126,0.009998671593271896
7501,-2.835661988685836,0.009998671593271896
7502,-1.951749552250231,0.009998671593271896
7503,-6.786447315346395,0.009998671593271896
7504,-2.2979697129845347,0.009998671593271896
7505,-5.976567720888545,0.009998671593271896
7506,-3.4644923772583085,0.009998671593271896
7507,-3.2550833657106772,0.009998671593271896
7508,-2.286818688637912,0.009998671593271896
7509,-5.330513664355592,0.009998671593271896
7510,-5.806327362062728,0.009998671593271896
7511,-1.9675337773060462,0.009998671593271896
7512,-7.0646795766884845,0.009998671593271896
7513,-6.542537540185141,0.009998671593271896
7514,-2.277293128288858,0.009998671593271896
7515,-5.24573049846868,0.009998671593271896
7516,-2.5459119246561106,0.009998671593271896
7517,-3.217708320557176,0.009998671593271896
7518,-5.6987326723549625,0.009998671593271896
7519,-3.487141752150262,0.009998671593271896
7520,-2.2517175516212835,0.009998671593271896
7521,-5.133133033102093,0.009998671593271896
7522,-4.406611480988038,0.009998671593271896
7523,-5.139721430044303,0.009998671593271896
7524,-4.809184169541728,0.009998671593271896
7525,-5.283167114175314,0.009998671593271896
7526,-6.332855302516718,0.009998671593271896
7527,-2.7553160198368403,0.009998671593271896
7528,-3.695585724201389,0.009998671593271896
7529,-5.3985720142137374,0.009998671593271896
7530,-4.517715183418692,0.009998671593271896
7531,-5.45747839665721,0.009998671593271896
7532,-5.533871980831334,0.009998671593271896
7533,-5.061592289468598,0.009998671593271896
7534,-5.862869328557135,0.009998671593271896
7535,-4.73821818805277,0.009998671593271896
7536,-6.141865952454497,0.009998671593271896
7537,-6.791781066029217,0.009998671593271896
7538,-3.7727608859713997,0.009998671593271896
7539,-4.0343184313854366,0.009998671593271896
7540,-3.6362215422449404,0.009998671593271896
7541,-3.9827302428468725,0.009998671593271896
7542,-6.152556483122615,0.009998671593271896
7543,-2.3583985888580816,0.009998671593271896
7544,-5.988792180611597,0.009998671593271896
7545,-4.20324472719358,0.009998671593271896
7546,-1.5823717495298677,0.009998671593271896
7547,-1.9254123498975,0.009998671593271896
7548,-4.567730520961538,0.009998671593271896
7549,-5.1834327540943,0.009998671593271896
7550,-7.493490269761691,0.009998671593271896
7551,-5.268805860502231,0.009998671593271896
7552,-4.429558377515474,0.009998671593271896
7553,-3.4686789929543753,0.009998671593271896
7554,-2.606250264919054,0.009998671593271896
7555,-2.9686957813742154,0.009998671593271896
7556,-4.861278433274399,0.009998671593271896
7557,-3.1796055446173837,0.009998671593271896
7558,-4.340946570520183,0.009998671593271896
7559,-5.108403867303097,0.009998671593271896
7560,-4.705592541718742,0.009998671593271896
7561,-3.4259528166168387,0.009998671593271896
7562,-2.1630637158821213,0.009998671593271896
7563,-5.063534005655303,0.009998671593271896
7564,-5.238617989196554,0.009998671593271896
7565,-3.941554707940658,0.009998671593271896
7566,-5.764086026976994,0.009998671593271896
7567,-5.465903884508844,0.009998671593271896
7568,-5.281408693949216,0.009998671593271896
7569,-6.213572346815768,0.009998671593271896
7570,-2.6265195065783122,0.009998671593271896
7571,-4.319662001558178,0.009998671593271896
7572,-4.286008632973286,0.009998671593271896
7573,-4.391691613164879,0.009998671593271896
7574,-5.800896765451677,0.009998671593271896
7575,-7.321953162623501,0.009998671593271896
7576,-5.1800454989996645,0.009998671593271896
7577,-6.352896084832574,0.009998671593271896
7578,-5.087691531143655,0.009998671593271896
7579,-4.622279331628755,0.009998671593271896
7580,-5.028392052975996,0.009998671593271896
7581,-4.963393928225985,0.009998671593271896
7582,-4.167078676746199,0.009998671593271896
7583,-3.607310718339976,0.009998671593271896
7584,-5.074035589257219,0.009998671593271896
7585,-6.179758078321578,0.009998671593271896
7586,-4.845718881478674,0.009998671593271896
7587,-4.64220727138307,0.009998671593271896
7588,-4.1118150385856795,0.009998671593271896
7589,-4.009504321891386,0.009998671593271896
7590,-4.750903828437207,0.009998671593271896
7591,-1.9835342203984463,0.009998671593271896
7592,-2.545592496757185,0.009998671593271896
7593,-4.294687109773975,0.009998671593271896
7594,-2.36208493866733,0.009998671593271896
7595,-2.459017781066708,0.009998671593271896
7596,-4.790979104242626,0.009998671593271896
7597,-3.841265772915284,0.009998671593271896
7598,-5.0937750668789885,0.009998671593271896
7599,-2.392402795350314,0.009998671593271896
7600,-4.964653497625403,0.009998671593271896
7601,-2.565624604033672,0.009998671593271896
7602,-4.884476392514885,0.009998671593271896
7603,-1.9969705865489868,0.009998671593271896
7604,-2.9816219860658686,0.009998671593271896
7605,-4.654843761638794,0.009998671593271896
7606,-2.049669583575089,0.009998671593271896
7607,-5.369131297839659,0.009998671593271896
7608,-4.722521930043891,0.009998671593271896
7609,-2.8354665491098867,0.009998671593271896
7610,-5.851063741101221,0.009998671593271896
7611,-5.234964961738344,0.009998671593271896
7612,-3.7208690317923727,0.009998671593271896
7613,-2.4517633887281285,0.009998671593271896
7614,-2.7348510600911915,0.009998671593271896
7615,-2.3901628673781516,0.009998671593271896
7616,-2.4482815871580437,0.009998671593271896
7617,-4.620956880051747,0.009998671593271896
7618,-6.329065004282912,0.009998671593271896
7619,-3.5256029189671074,0.009998671593271896
7620,-4.323478543883423,0.009998671593271896
7621,-2.007098258419214,0.009998671593271896
7622,-4.419596722033985,0.009998671593271896
7623,-2.429791495184138,0.009998671593271896
7624,-6.708271409489237,0.009998671593271896
7625,-4.2302133858544835,0.009998671593271896
7626,-3.78235014344,0.009998671593271896
7627,-4.04659544519202,0.009998671593271896
7628,-3.0891963835777196,0.009998671593271896
7629,-2.040415216869559,0.009998671593271896
7630,-1.4998027165085035,0.009998671593271896
7631,-2.692384950568506,0.009998671593271896
7632,-3.223725602412223,0.009998671593271896
7633,-6.1158445309232565,0.009998671593271896
7634,-2.6934468220537817,0.009998671593271896
7635,-2.276998819950509,0.009998671593271896
7636,-6.679972008810948,0.009998671593271896
7637,-2.1738166999268347,0.009998671593271896
7638,-4.793408767979546,0.009998671593271896
7639,-4.636242200680826,0.009998671593271896
7640,-2.4369936677546815,0.009998671593271896
7641,-3.328794156199479,0.009998671593271896
7642,-4.355763612511435,0.009998671593271896
7643,-4.283760442574153,0.009998671593271896
7644,-4.665533920796426,0.009998671593271896
7645,-5.993504677860084,0.009998671593271896
7646,-3.2126523318412685,0.009998671593271896
7647,-5.112767924746512,0.009998671593271896
7648,-5.314583032153537,0.009998671593271896
7649,-3.01343700232555,0.009998671593271896
7650,-5.753012447604826,0.009998671593271896
7651,-1.8169646673910913,0.009998671593271896
7652,-3.2714851873582202,0.009998671593271896
7653,-3.4655069419903115,0.009998671593271896
7654,-8.042709421888112,0.009998671593271896
7655,-5.406594943936389,0.009998671593271896
7656,-2.333266348405628,0.009998671593271896
7657,-2.1860132116424174,0.009998671593271896
7658,-3.7881962261231714,0.009998671593271896
7659,-5.211515258024643,0.009998671593271896
7660,-3.986976832886447,0.009998671593271896
7661,-5.795123718888291,0.009998671593271896
7662,-3.64944207322485,0.009998671593271896
7663,-6.004482980955224,0.009998671593271896
7664,-1.4822004936828006,0.009998671593271896
7665,-4.511640034667284,0.009998671593271896
7666,-2.9360664704464905,0.009998671593271896
7667,-2.124121906073045,0.009998671593271896
7668,-5.543700791831313,0.009998671593271896
7669,-4.563685139876796,0.009998671593271896
7670,-4.884361034448345,0.009998671593271896
7671,-3.5653374719315662,0.009998671593271896
7672,-5.715827510374778,0.009998671593271896
7673,-5.833175356959613,0.009998671593271896
7674,-1.4142799299465634,0.009998671593271896
7675,-4.39783494360298,0.009998671593271896
7676,-1.9896139390417276,0.009998671593271896
7677,-4.62941633489384,0.009998671593271896
7678,-3.987063142068128,0.009998671593271896
7679,-3.4960420802182077,0.009998671593271896
7680,-1.7189581974368364,0.009998671593271896
7681,-2.421000694516068,0.009998671593271896
7682,-2.5988619545447773,0.009998671593271896
7683,-2.7381649684403495,0.009998671593271896
7684,-2.262004477318554,0.009998671593271896
7685,-2.424093058684559,0.009998671593271896
7686,-2.6378497024520056,0.009998671593271896
7687,-2.452038438925831,0.009998671593271896
7688,-2.973979582630667,0.009998671593271896
7689,-2.0391578025480332,0.009998671593271896
7690,-2.765452674360325,0.009998671593271896
7691,-3.00454270798529,0.009998671593271896
7692,-2.729419850741657,0.009998671593271896
7693,-2.2776005079403596,0.009998671593271896
7694,-2.061621888031591,0.009998671593271896
7695,-2.638450843442936,0.009998671593271896
7696,-2.1612818127418447,0.009998671593271896
7697,-2.3905349754604543,0.009998671593271896
7698,-2.486096709715391,0.009998671593271896
7699,-2.0234803636746834,0.009998671593271896
7700,-2.057293928985385,0.009998671593271896
7701,-2.5943518303030113,0.009998671593271896
7702,-4.846260211882319,0.009998671593271896
7703,-1.8305492318755254,0.009998671593271896
7704,-2.8208887254433828,0.009998671593271896
7705,-1.7362541400948641,0.009998671593271896
7706,-2.413349831012296,0.009998671593271896
7707,-1.8191399900943264,0.009998671593271896
7708,-2.5016477296143282,0.009998671593271896
7709,-3.3083802347672164,0.009998671593271896
7710,-2.576100290782855,0.009998671593271896
7711,-2.765406683634997,0.009998671593271896
7712,-2.6335935950555287,0.009998671593271896
7713,-4.490310694922318,0.009998671593271896
7714,-3.0409458259785738,0.009998671593271896
7715,-1.754035824369616,0.009998671593271896
7716,-2.4871475548176183,0.009998671593271896
7717,-2.846694178785006,0.009998671593271896
7718,-1.7805615347771526,0.009998671593271896
7719,-3.356570360752234,0.009998671593271896
7720,-2.092025643980778,0.009998671593271896
7721,-6.480021763109709,0.009998671593271896
7722,-2.332927779663668,0.009998671593271896
7723,-2.6382944781736803,0.009998671593271896
7724,-2.9009276816497716,0.009998671593271896
7725,-1.570299472073041,0.009998671593271896
7726,-3.5936848286465106,0.009998671593271896
7727,-5.493769541189283,0.009998671593271896
7728,-2.623224438122528,0.009998671593271896
7729,-5.575945631339666,0.009998671593271896
7730,-2.384689857029097,0.009998671593271896
7731,-5.658014926420858,0.009998671593271896
7732,-5.3076529406713275,0.009998671593271896
7733,-3.055433788999409,0.009998671593271896
7734,-2.914425200782242,0.009998671593271896
7735,-1.954175858935104,0.009998671593271896
7736,-1.865182388264521,0.009998671593271896
7737,-5.507658267518142,0.009998671593271896
7738,-5.135094048756046,0.009998671593271896
7739,-2.6843602322475397,0.009998671593271896
7740,-5.484679961330008,0.009998671593271896
7741,-5.393972365909129,0.009998671593271896
7742,-4.696449948190037,0.009998671593271896
7743,-5.8216030024444505,0.009998671593271896
7744,-5.069910956695559,0.009998671593271896
7745,-5.300737692952302,0.009998671593271896
7746,-6.317196911313747,0.009998671593271896
7747,-3.910227872616264,0.009998671593271896
7748,-3.0628917977796672,0.009998671593271896
7749,-5.845556890982458,0.009998671593271896
7750,-5.84398182399541,0.009998671593271896
7751,-6.829078342827274,0.009998671593271896
7752,-6.147612392232519,0.009998671593271896
7753,-6.442507857489652,0.009998671593271896
7754,-4.986209295470307,0.009998671593271896
7755,-6.1604610360878755,0.009998671593271896
7756,-6.3474936300433304,0.009998671593271896
7757,-4.057049156134434,0.009998671593271896
7758,-5.093616718788269,0.009998671593271896
7759,-5.070821910691211,0.009998671593271896
7760,-4.939579126845512,0.009998671593271896
7761,-5.330033412256219,0.009998671593271896
7762,-5.843379052961803,0.009998671593271896
7763,-5.568913570021106,0.009998671593271896
7764,-6.320746999422433,0.009998671593271896
7765,-6.2450830079770006,0.009998671593271896
7766,-6.427810690097506,0.009998671593271896
7767,-6.3871922130717484,0.009998671593271896
7768,-7.695074166682044,0.009998671593271896
7769,-3.858258339812517,0.009998671593271896
7770,-2.057847940473755,0.009998671593271896
7771,-2.8210536159465063,0.009998671593271896
7772,-4.055142339297742,0.009998671593271896
7773,-2.9543748541084556,0.009998671593271896
7774,-5.637214765518173,0.009998671593271896
7775,-6.563794859543307,0.009998671593271896
7776,-2.8117751516963057,0.009998671593271896
7777,-2.7933097320729674,0.009998671593271896
7778,-2.4025630555691215,0.009998671593271896
7779,-4.348692998896637,0.009998671593271896
7780,-3.4310698958716492,0.009998671593271896
7781,-4.594777534981234,0.009998671593271896
7782,-6.436856481524511,0.009998671593271896
7783,-5.915674711525035,0.009998671593271896
7784,-4.99457878714313,0.009998671593271896
7785,-5.791683143110504,0.009998671593271896
7786,-2.1778823792785342,0.009998671593271896
7787,-4.536993814118525,0.009998671593271896
7788,-5.678337876764026,0.009998671593271896
7789,-2.4370784808908272,0.009998671593271896
7790,-5.101080602635945,0.009998671593271896
7791,-6.514187005951211,0.009998671593271896
7792,-2.9149993931127094,0.009998671593271896
7793,-5.934232475937865,0.009998671593271896
7794,-5.208435627527117,0.009998671593271896
7795,-1.9288795051668406,0.009998671593271896
7796,-4.118068898144542,0.009998671593271896
7797,-5.22395374272789,0.009998671593271896
7798,-5.367979305837164,0.009998671593271896
7799,-5.59686949702862,0.009998671593271896
7800,-2.6348029906094603,0.009998671593271896
7801,-2.436511075004775,0.009998671593271896
7802,-4.28543833523644,0.009998671593271896
7803,-3.571460228728289,0.009998671593271896
7804,-2.46541499329664,0.009998671593271896
7805,-2.5849213195599474,0.009998671593271896
7806,-6.477213013461577,0.009998671593271896
7807,-2.4665595739255477,0.009998671593271896
7808,-3.2883520571638725,0.009998671593271896
7809,-5.1626569035336,0.009998671593271896
7810,-1.8303918880392034,0.009998671593271896
7811,-3.2009597591625494,0.009998671593271896
7812,-6.269788500550615,0.009998671593271896
7813,-4.268058093126784,0.009998671593271896
7814,-6.411678312586542,0.009998671593271896
7815,-5.842754519250333,0.009998671593271896
7816,-3.145308829803332,0.009998671593271896
7817,-5.016417233450968,0.009998671593271896
7818,-2.417062478613082,0.009998671593271896
7819,-6.386346251741568,0.009998671593271896
7820,-4.2962074075310355,0.009998671593271896
7821,-3.965119896643575,0.009998671593271896
7822,-3.5016512588986606,0.009998671593271896
7823,-4.252901575296873,0.009998671593271896
7824,-5.269760827100912,0.009998671593271896
7825,-1.9834110047063827,0.009998671593271896
7826,-5.8649509358912795,0.009998671593271896
7827,-1.9919588757176032,0.009998671593271896
7828,-6.974891016909414,0.009998671593271896
7829,-5.134592301172993,0.009998671593271896
7830,-4.987404781477137,0.009998671593271896
7831,-1.745656214683593,0.009998671593271896
7832,-1.820914110070725,0.009998671593271896
7833,-4.33976686399926,0.009998671593271896
7834,-2.1872775893952183,0.009998671593271896
7835,-5.740228274382977,0.009998671593271896
7836,-6.06597921501602,0.009998671593271896
7837,-5.691872670903406,0.009998671593271896
7838,-6.099082459747372,0.009998671593271896
7839,-3.0860512544537957,0.009998671593271896
7840,-7.819098665465383,0.009998671593271896
7841,-8.258289032951062,0.009998671593271896
7842,-3.722304732930271,0.009998671593271896
7843,-6.147281327921249,0.009998671593271896
7844,-5.790260772413319,0.009998671593271896
7845,-6.0974514120684615,0.009998671593271896
7846,-5.276851866427098,0.009998671593271896
7847,-6.3121260728001936,0.009998671593271896
7848,-5.903914520347486,0.009998671593271896
7849,-6.53316997518267,0.009998671593271896
7850,-4.977630628782057,0.009998671593271896
7851,-6.209194681299605,0.009998671593271896
7852,-5.35589578546487,0.009998671593271896
7853,-6.558385253735757,0.009998671593271896
7854,-6.859396789187198,0.009998671593271896
7855,-2.0890321584365013,0.009998671593271896
7856,-5.57646908424625,0.009998671593271896
7857,-4.133266114145512,0.009998671593271896
7858,-4.25773371794658,0.009998671593271896
7859,-5.72930053088683,0.009998671593271896
7860,-5.888723870183446,0.009998671593271896
7861,-3.196188281937065,0.009998671593271896
7862,-2.7490022809344685,0.009998671593271896
7863,-2.6565720571911093,0.009998671593271896
7864,-2.501107145166893,0.009998671593271896
7865,-4.7290511237374435,0.009998671593271896
7866,-2.6350319293146733,0.009998671593271896
7867,-2.9107077156255863,0.009998671593271896
7868,-2.93251470688005,0.009998671593271896
7869,-2.8105845689576037,0.009998671593271896
7870,-5.59614765751868,0.009998671593271896
7871,-2.4218300495877303,0.009998671593271896
7872,-2.6715128654373985,0.009998671593271896
7873,-2.8146751092826454,0.009998671593271896
7874,-5.093481759751754,0.009998671593271896
7875,-2.511981721614511,0.009998671593271896
7876,-5.381608492229896,0.009998671593271896
7877,-5.684565253730504,0.009998671593271896
7878,-1.9532182980722992,0.009998671593271896
7879,-4.711642772612978,0.009998671593271896
7880,-1.9289718668083204,0.009998671593271896
7881,-5.409015087062896,0.009998671593271896
7882,-4.835234539767732,0.009998671593271896
7883,-5.063550910896406,0.009998671593271896
7884,-2.2999159059820817,0.009998671593271896
7885,-5.217846248433598,0.009998671593271896
7886,-4.621303602479528,0.009998671593271896
7887,-4.946376891351845,0.009998671593271896
7888,-2.569289620872989,0.009998671593271896
7889,-5.213741927142099,0.009998671593271896
7890,-2.2916966849564977,0.009998671593271896
7891,-5.784109598686667,0.009998671593271896
7892,-4.364292781588441,0.009998671593271896
7893,-5.603829323692073,0.009998671593271896
7894,-7.666141560052155,0.009998671593271896
7895,-5.5831874686204035,0.009998671593271896
7896,-2.470112776197466,0.009998671593271896
7897,-5.463081649087336,0.009998671593271896
7898,-2.8681805430928873,0.009998671593271896
7899,-5.108262152145288,0.009998671593271896
7900,-6.847127569715461,0.009998671593271896
7901,-6.783935932093014,0.009998671593271896
7902,-8.79176126242353,0.009998671593271896
7903,-6.412308971077932,0.009998671593271896
7904,-6.869795628485985,0.009998671593271896
7905,-6.4752507006477025,0.009998671593271896
7906,-6.347243579745569,0.009998671593271896
7907,-5.178677189640442,0.009998671593271896
7908,-2.851131772945866,0.009998671593271896
7909,-6.626885232745863,0.009998671593271896
7910,-5.4045848863070205,0.009998671593271896
7911,-3.329684147580752,0.009998671593271896
7912,-6.047676543245918,0.009998671593271896
7913,-5.581788668451373,0.009998671593271896
7914,-5.703822335339032,0.009998671593271896
7915,-6.789084212459335,0.009998671593271896
7916,-5.217397988541146,0.009998671593271896
7917,-2.9288856759149025,0.009998671593271896
7918,-5.822905630310375,0.009998671593271896
7919,-5.999967982722241,0.009998671593271896
7920,-3.124542713421185,0.009998671593271896
7921,-5.899638390878288,0.009998671593271896
7922,-7.377537516986514,0.009998671593271896
7923,-5.364464558454653,0.009998671593271896
7924,-6.657257318368319,0.009998671593271896
7925,-2.430498280109299,0.009998671593271896
7926,-6.113882889340902,0.009998671593271896
7927,-4.920922870671983,0.009998671593271896
7928,-5.026969998500624,0.009998671593271896
7929,-5.073117888268446,0.009998671593271896
7930,-5.774729970552617,0.009998671593271896
7931,-4.686558546713387,0.009998671593271896
7932,-5.867209669779296,0.009998671593271896
7933,-4.474075342011243,0.009998671593271896
7934,-6.788161823058551,0.009998671593271896
7935,-6.4888152816520694,0.009998671593271896
7936,-1.8558298423514306,0.009998671593271896
7937,-4.025473380292762,0.009998671593271896
7938,-6.156962976866579,0.009998671593271896
7939,-5.593234558533932,0.009998671593271896
7940,-4.398908601186866,0.009998671593271896
7941,-7.308438855306074,0.009998671593271896
7942,-4.390020590982777,0.009998671593271896
7943,-2.5236020388793485,0.009998671593271896
7944,-5.668588440831922,0.009998671593271896
7945,-5.0070085232248225,0.009998671593271896
7946,-3.9115612145182435,0.009998671593271896
7947,-4.671775580188264,0.009998671593271896
7948,-4.391904873131809,0.009998671593271896
7949,-5.9043821052059435,0.009998671593271896
7950,-4.381997976195302,0.009998671593271896
7951,-5.043115121556802,0.009998671593271896
7952,-5.218553843548635,0.009998671593271896
7953,-5.175587226364026,0.009998671593271896
7954,-4.833443498910728,0.009998671593271896
7955,-3.764485234005136,0.009998671593271896
7956,-3.074503952361027,0.009998671593271896
7957,-2.5230214545921243,0.009998671593271896
7958,-2.042212865192172,0.009998671593271896
7959,-3.2066875440838154,0.009998671593271896
7960,-3.2206012139081373,0.009998671593271896
7961,-2.401078943273428,0.009998671593271896
7962,-2.5847689728023533,0.009998671593271896
7963,-3.6867007295207403,0.009998671593271896
7964,-2.402918381008942,0.009998671593271896
7965,-3.3291093383216874,0.009998671593271896
7966,-2.838715442589041,0.009998671593271896
7967,-2.9615687124835293,0.009998671593271896
7968,-3.004949501906656,0.009998671593271896
7969,-2.464331465294921,0.009998671593271896
7970,-2.2220977851204657,0.009998671593271896
7971,-3.4219650133039594,0.009998671593271896
7972,-2.4227627936561213,0.009998671593271896
7973,-2.8288153933267783,0.009998671593271896
7974,-3.0351069566518833,0.009998671593271896
7975,-2.36653660609108,0.009998671593271896
7976,-2.484812263133041,0.009998671593271896
7977,-1.669895467089065,0.009998671593271896
7978,-2.894925564157163,0.009998671593271896
7979,-2.477716303205096,0.009998671593271896
7980,-3.417804831492232,0.009998671593271896
7981,-3.1813383621846163,0.009998671593271896
7982,-4.571829280606382,0.009998671593271896
7983,-4.265311474092358,0.009998671593271896
7984,-1.9646828918236454,0.009998671593271896
7985,-2.790022863898761,0.009998671593271896
7986,-2.4686730394699743,0.009998671593271896
7987,-2.2104140785326494,0.009998671593271896
7988,-6.087246737782195,0.009998671593271896
7989,-1.7992504779437624,0.009998671593271896
7990,-3.767081041701968,0.009998671593271896
7991,-2.8859095357795552,0.009998671593271896
7992,-2.0605720587958114,0.009998671593271896
7993,-2.2381354330908376,0.009998671593271896
7994,-3.7834079575582695,0.009998671593271896
7995,-2.4123729896828623,0.009998671593271896
7996,-3.8034711642007655,0.009998671593271896
7997,-2.1246100833622004,0.009998671593271896
7998,-2.556306128790312,0.009998671593271896
7999,-2.3941965372583,0.009998671593271896
8000,-4.249587476449044,0.009998671593271896
8001,-3.5134372916038754,0.009998671593271896
8002,-5.5538830300408915,0.009998671593271896
8003,-2.2306196732772063,0.009998671593271896
8004,-5.884463669579052,0.009998671593271896
8005,-4.909391686631418,0.009998671593271896
8006,-5.532749634984272,0.009998671593271896
8007,-3.2226064556901677,0.009998671593271896
8008,-4.689756448177684,0.009998671593271896
8009,-6.063218080855165,0.009998671593271896
8010,-4.528088871100474,0.009998671593271896
8011,-3.0315628187884305,0.009998671593271896
8012,-3.6403028860687607,0.009998671593271896
8013,-5.683271377628779,0.009998671593271896
8014,-5.365596950526186,0.009998671593271896
8015,-7.8516817437432485,0.009998671593271896
8016,-7.8640145750302946,0.009998671593271896
8017,-2.9327226907632764,0.009998671593271896
8018,-4.890531856334123,0.009998671593271896
8019,-1.8919885259790639,0.009998671593271896
8020,-4.103220952383031,0.009998671593271896
8021,-3.868543429571077,0.009998671593271896
8022,-6.4784696299591,0.009998671593271896
8023,-4.843410726760586,0.009998671593271896
8024,-6.292168767739213,0.009998671593271896
8025,-4.715592935221616,0.009998671593271896
8026,-4.809635541709488,0.009998671593271896
8027,-6.359522212085565,0.009998671593271896
8028,-3.827208563690225,0.009998671593271896
8029,-6.695790410209419,0.009998671593271896
8030,-6.365489522278516,0.009998671593271896
8031,-6.244972014361634,0.009998671593271896
8032,-5.517619477308784,0.009998671593271896
8033,-5.539642764957459,0.009998671593271896
8034,-5.489429932513769,0.009998671593271896
8035,-5.671068337150869,0.009998671593271896
8036,-6.03153698409535,0.009998671593271896
8037,-8.412705695638591,0.009998671593271896
8038,-6.30899941877072,0.009998671593271896
8039,-4.1394856705550325,0.009998671593271896
8040,-4.129195558548841,0.009998671593271896
8041,-4.4699311027580375,0.009998671593271896
8042,-4.493065309155975,0.009998671593271896
8043,-3.261841670759212,0.009998671593271896
8044,-2.4173927372264172,0.009998671593271896
8045,-2.493248494820843,0.009998671593271896
8046,-1.926067653992877,0.009998671593271896
8047,-2.1879883107783673,0.009998671593271896
8048,-2.606585705608313,0.009998671593271896
8049,-2.711641850459917,0.009998671593271896
8050,-3.330449771949089,0.009998671593271896
8051,-4.1687836545285135,0.009998671593271896
8052,-2.7878873760496377,0.009998671593271896
8053,-2.6430841755545442,0.009998671593271896
8054,-1.7114007029200644,0.009998671593271896
8055,-1.7351518628100584,0.009998671593271896
8056,-2.8298395214869814,0.009998671593271896
8057,-1.887544761252155,0.009998671593271896
8058,-3.931209052361259,0.009998671593271896
8059,-2.0153594080324826,0.009998671593271896
8060,-2.2465553709696855,0.009998671593271896
8061,-1.916703350791771,0.009998671593271896
8062,-1.948727291011327,0.009998671593271896
8063,-3.125837400290545,0.009998671593271896
8064,-2.9868149856322916,0.009998671593271896
8065,-2.947822208070623,0.009998671593271896
8066,-2.200459645954927,0.009998671593271896
8067,-2.0327908513495445,0.009998671593271896
8068,-2.2514662933243565,0.009998671593271896
8069,-2.2054243306788184,0.009998671593271896
8070,-3.9384488080621702,0.009998671593271896
8071,-1.6713446597467676,0.009998671593271896
8072,-1.7654788666344194,0.009998671593271896
8073,-4.031620195437149,0.009998671593271896
8074,-2.2536311060766434,0.009998671593271896
8075,-2.6237184809502634,0.009998671593271896
8076,-2.234241079458073,0.009998671593271896
8077,-2.4577050745061912,0.009998671593271896
8078,-3.221783604519062,0.009998671593271896
8079,-2.692119770192982,0.009998671593271896
8080,-1.8135057357249662,0.009998671593271896
8081,-2.3759937897901673,0.009998671593271896
8082,-2.276085415219652,0.009998671593271896
8083,-2.0759117705021666,0.009998671593271896
8084,-2.610267848851793,0.009998671593271896
8085,-2.439367351728568,0.009998671593271896
8086,-2.4070762020742444,0.009998671593271896
8087,-4.341742956485746,0.009998671593271896
8088,-2.671299141409926,0.009998671593271896
8089,-2.5635983541420817,0.009998671593271896
8090,-5.719611179625607,0.009998671593271896
8091,-5.825617972996767,0.009998671593271896
8092,-2.1730776884385503,0.009998671593271896
8093,-5.490410852185281,0.009998671593271896
8094,-6.533072038982098,0.009998671593271896
8095,-6.848100214973522,0.009998671593271896
8096,-5.598919852670885,0.009998671593271896
8097,-2.2264039914643767,0.009998671593271896
8098,-3.4861902138733027,0.009998671593271896
8099,-5.851654428422862,0.009998671593271896
8100,-2.244276968697615,0.009998671593271896
8101,-2.853715220656064,0.009998671593271896
8102,-2.8424536073835265,0.009998671593271896
8103,-4.264493231157789,0.009998671593271896
8104,-2.713527546141057,0.009998671593271896
8105,-4.999077111423,0.009998671593271896
8106,-6.051576126668337,0.009998671593271896
8107,-5.231549175667555,0.009998671593271896
8108,-8.470682965070965,0.009998671593271896
8109,-4.168813503262454,0.009998671593271896
8110,-6.184714807404461,0.009998671593271896
8111,-2.6331247563659566,0.009998671593271896
8112,-5.975184863423468,0.009998671593271896
8113,-6.376432838354052,0.009998671593271896
8114,-6.398163100929587,0.009998671593271896
8115,-6.374952136217052,0.009998671593271896
8116,-6.49263154144735,0.009998671593271896
8117,-5.262338229726584,0.009998671593271896
8118,-6.236269565633515,0.009998671593271896
8119,-5.182406473699123,0.009998671593271896
8120,-4.172933216531865,0.009998671593271896
8121,-6.003429820183589,0.009998671593271896
8122,-5.545218955091576,0.009998671593271896
8123,-6.211587169620941,0.009998671593271896
8124,-6.309437588752708,0.009998671593271896
8125,-1.7109405810978249,0.009998671593271896
8126,-6.410883548456682,0.009998671593271896
8127,-1.72287315703257,0.009998671593271896
8128,-4.537916269124073,0.009998671593271896
8129,-4.714114531881722,0.009998671593271896
8130,-5.936873992400763,0.009998671593271896
8131,-3.848226751097994,0.009998671593271896
8132,-5.482122075176813,0.009998671593271896
8133,-3.0219213165754613,0.009998671593271896
8134,-3.6034807917543583,0.009998671593271896
8135,-4.848928695257946,0.009998671593271896
8136,-4.0711326840828175,0.009998671593271896
8137,-2.3528825837874745,0.009998671593271896
8138,-3.4836511832622072,0.009998671593271896
8139,-6.721692138238883,0.009998671593271896
8140,-4.128837758938331,0.009998671593271896
8141,-2.9244227131408813,0.009998671593271896
8142,-2.3123673154183146,0.009998671593271896
8143,-7.191543062984374,0.009998671593271896
8144,-5.57516202066228,0.009998671593271896
8145,-2.6328119699833983,0.009998671593271896
8146,-4.100243651277179,0.009998671593271896
8147,-6.5439113353389935,0.009998671593271896
8148,-6.386685135284756,0.009998671593271896
8149,-4.580867456807706,0.009998671593271896
8150,-5.917617265651256,0.009998671593271896
8151,-3.556234323686084,0.009998671593271896
8152,-2.873730436496541,0.009998671593271896
8153,-2.960315067364848,0.009998671593271896
8154,-5.536312791000228,0.009998671593271896
8155,-4.367478611936081,0.009998671593271896
8156,-5.6350274753681475,0.009998671593271896
8157,-5.393103637396342,0.009998671593271896
8158,-7.315121676748417,0.009998671593271896
8159,-6.300389385075787,0.009998671593271896
8160,-2.7832653180643665,0.009998671593271896
8161,-3.8247017791693105,0.009998671593271896
8162,-2.245674467756163,0.009998671593271896
8163,-5.678726384453483,0.009998671593271896
8164,-6.930449019862629,0.009998671593271896
8165,-2.344742639843597,0.009998671593271896
8166,-5.782823413616295,0.009998671593271896
8167,-3.0893389491026317,0.009998671593271896
8168,-2.9618491132767946,0.009998671593271896
8169,-4.065601792654231,0.009998671593271896
8170,-5.732143918220974,0.009998671593271896
8171,-2.6274326709579157,0.009998671593271896
8172,-2.4322347992954283,0.009998671593271896
8173,-6.66120806985238,0.009998671593271896
8174,-5.286510554465137,0.009998671593271896
8175,-6.060188436732425,0.009998671593271896
8176,-5.4161886602587925,0.009998671593271896
8177,-5.242689525030849,0.009998671593271896
8178,-7.129376576183036,0.009998671593271896
8179,-3.9673468150086992,0.009998671593271896
8180,-6.39992836095248,0.009998671593271896
8181,-2.990423868280728,0.009998671593271896
8182,-2.351703179374637,0.009998671593271896
8183,-5.199735600398367,0.009998671593271896
8184,-4.032754920861054,0.009998671593271896
8185,-2.479194739288874,0.009998671593271896
8186,-6.673180211234369,0.009998671593271896
8187,-5.287069354425137,0.009998671593271896
8188,-5.799797664458756,0.009998671593271896
8189,-5.780850593443422,0.009998671593271896
8190,-2.5259584608992194,0.009998671593271896
8191,-4.427853187082452,0.009998671593271896
8192,-6.35866591953296,0.009998671593271896
8193,-2.688133300819419,0.009998671593271896
8194,-7.5513460475753575,0.009998671593271896
8195,-5.091374187351294,0.009998671593271896
8196,-2.047990049608205,0.009998671593271896
8197,-4.44958627892926,0.009998671593271896
8198,-5.060509146337084,0.009998671593271896
8199,-5.597613043222357,0.009998671593271896
8200,-4.597932670615848,0.009998671593271896
8201,-5.367242281449133,0.009998671593271896
8202,-5.45417256629716,0.009998671593271896
8203,-7.406833608074576,0.009998671593271896
8204,-3.2193431663449235,0.009998671593271896
8205,-6.334969555186066,0.009998671593271896
8206,-5.535951588358721,0.009998671593271896
8207,-5.54335043308176,0.009998671593271896
8208,-5.228519528289086,0.009998671593271896
8209,-4.0978412973235745,0.009998671593271896
8210,-6.233486730653202,0.009998671593271896
8211,-1.6868797471995207,0.009998671593271896
8212,-5.77188444372519,0.009998671593271896
8213,-5.257064968647991,0.009998671593271896
8214,-5.399950369416846,0.009998671593271896
8215,-5.180758557263863,0.009998671593271896
8216,-5.46511949350984,0.009998671593271896
8217,-5.345461709000003,0.009998671593271896
8218,-4.72429475234986,0.009998671593271896
8219,-4.936141102221035,0.009998671593271896
8220,-6.398221682041267,0.009998671593271896
8221,-2.304101092623257,0.009998671593271896
8222,-4.467885595542709,0.009998671593271896
8223,-6.140876745121657,0.009998671593271896
8224,-6.193329459697656,0.009998671593271896
8225,-6.200858970349223,0.009998671593271896
8226,-7.006938943210509,0.009998671593271896
8227,-2.7490022809344685,0.009998671593271896
8228,-4.437807833931837,0.009998671593271896
8229,-2.6945589681994244,0.009998671593271896
8230,-4.83765687944166,0.009998671593271896
8231,-2.7369176386396017,0.009998671593271896
8232,-2.9107077156255863,0.009998671593271896
8233,-1.7584499814744745,0.009998671593271896
8234,-2.8105845689576037,0.009998671593271896
8235,-5.47020536833751,0.009998671593271896
8236,-2.4218300495877303,0.009998671593271896
8237,-2.6715128654373985,0.009998671593271896
8238,-2.8146751092826454,0.009998671593271896
8239,-5.093481759751754,0.009998671593271896
8240,-2.7622407147150247,0.009998671593271896
8241,-5.381608492229896,0.009998671593271896
8242,-5.684565253730504,0.009998671593271896
8243,-1.9532182980722992,0.009998671593271896
8244,-3.3727048562557043,0.009998671593271896
8245,-3.3358371644471623,0.009998671593271896
8246,-4.889536009568477,0.009998671593271896
8247,-4.835234539767732,0.009998671593271896
8248,-5.522515025132085,0.009998671593271896
8249,-2.4496690783722177,0.009998671593271896
8250,-5.217846248433598,0.009998671593271896
8251,-5.277300825882237,0.009998671593271896
8252,-6.328165033512054,0.009998671593271896
8253,-2.55525424175463,0.009998671593271896
8254,-5.7864603775711405,0.009998671593271896
8255,-2.2916966849564977,0.009998671593271896
8256,-2.1469998731099396,0.009998671593271896
8257,-5.071496048246191,0.009998671593271896
8258,-6.299589236266925,0.009998671593271896
8259,-7.075730244378315,0.009998671593271896
8260,-5.5831874686204035,0.009998671593271896
8261,-2.0991276093792828,0.009998671593271896
8262,-5.327598481763424,0.009998671593271896
8263,-2.8681805430928873,0.009998671593271896
8264,-5.09688579324278,0.009998671593271896
8265,-6.103705951862649,0.009998671593271896
8266,-6.787407308624639,0.009998671593271896
8267,-8.390898127616222,0.009998671593271896
8268,-7.163306667772661,0.009998671593271896
8269,-5.246208334735958,0.009998671593271896
8270,-7.335838650370253,0.009998671593271896
8271,-4.591253522953886,0.009998671593271896
8272,-5.247526240609709,0.009998671593271896
8273,-2.851131772945866,0.009998671593271896
8274,-6.338585928874139,0.009998671593271896
8275,-4.280020442964052,0.009998671593271896
8276,-3.688960578778816,0.009998671593271896
8277,-6.366004629826071,0.009998671593271896
8278,-5.635394223131018,0.009998671593271896
8279,-7.569678183405351,0.009998671593271896
8280,-7.609342002289266,0.009998671593271896
8281,-6.340062339780896,0.009998671593271896
8282,-2.9288856759149025,0.009998671593271896
8283,-5.989023839727969,0.009998671593271896
8284,-6.993238709615667,0.009998671593271896
8285,-3.493130483035573,0.009998671593271896
8286,-5.899638390878288,0.009998671593271896
8287,-7.847196643730708,0.009998671593271896
8288,-5.832537205862999,0.009998671593271896
8289,-6.674330051918424,0.009998671593271896
8290,-2.430498280109299,0.009998671593271896
8291,-6.767759020498407,0.009998671593271896
8292,-5.558224313893861,0.009998671593271896
8293,-6.588764140168479,0.009998671593271896
8294,-5.564447049965801,0.009998671593271896
8295,-5.774729970552617,0.009998671593271896
8296,-5.558250876568025,0.009998671593271896
8297,-6.038646557257207,0.009998671593271896
8298,-4.499714631241731,0.009998671593271896
8299,-6.608923930898696,0.009998671593271896
8300,-7.050932695719457,0.009998671593271896
8301,-5.027721525036181,0.009998671593271896
8302,-5.2547599068069895,0.009998671593271896
8303,-6.6905594257787975,0.009998671593271896
8304,-6.844410380177875,0.009998671593271896
8305,-5.365109213646717,0.009998671593271896
8306,-7.0293358270120265,0.009998671593271896
8307,-3.9728473693922335,0.009998671593271896
8308,-5.271801145398535,0.009998671593271896
8309,-5.567945280635492,0.009998671593271896
8310,-5.264182225644111,0.009998671593271896
8311,-4.714145083148535,0.009998671593271896
8312,-1.9258075331147708,0.009998671593271896
8313,-3.4099248023732507,0.009998671593271896
8314,-4.586276674558166,0.009998671593271896
8315,-3.113427760055258,0.009998671593271896
8316,-6.652555443623058,0.009998671593271896
8317,-5.518068195118843,0.009998671593271896
8318,-2.742343108746611,0.009998671593271896
8319,-5.832343871168781,0.009998671593271896
