step,station_loss,portion_loss
1,12.238069534301758,12.061276882886887
2,13.120101869106293,13.672925889492035
3,10.926820546388626,11.722766816616058
4,6.558721631765366,9.111665219068527
5,8.880750332027674,7.120220333337784
6,13.97828004672192,3.576393453113269
7,37.710439240559936,3.7533508432097733
8,8.404807973653078,4.191832260461524
9,11.975760221481323,2.890839393250644
10,30.273933857679367,3.329481393098831
11,5.3362168576568365,1.2313544349744916
12,13.804622128605843,0.9633056590537308
13,8.884377025067806,0.8839013937104028
14,11.106189237907529,1.9815812166780233
15,10.176849193871021,0.8034293085511308
16,17.31468376517296,3.2565874324645847
17,12.730685390532017,0.5830811368796276
18,10.430772960186005,5.9854257851839066
19,12.381212968379259,2.383686128858244
20,10.492357312701643,3.4450821825303137
21,8.837800847366452,2.8214080663315144
22,17.845034960657358,2.958883836865425
23,4.984550070075784,1.112105693668127
24,8.330939948558807,2.987834831699729
25,15.541129916906357,2.9832341227011057
26,9.461306600365788,11.58104710560292
27,5.572768215992255,1.9099198807089124
28,5.89359753561439,5.239169120788574
29,6.22872081771493,2.4650185180362314
30,7.357008893042803,4.071945943829633
31,9.546541258692741,9.09485425055027
32,7.2131814464773925,2.7481274496531114
33,10.389226883882657,2.4809238221496344
34,31.706335281953216,4.768202884588391
35,6.7023573368787766,1.5962032852694392
36,30.295302488841116,5.411102714017034
37,13.590713232755661,4.551377847790718
38,14.499943807721138,5.15027878433466
39,16.177445713430643,2.837372098118067
40,8.118482579942793,4.0035803858190775
41,11.416574673727155,2.4719792855903506
42,11.923893554136157,5.364067395707025
43,12.152430899441242,4.331085032550618
44,6.124656445113942,2.761324303224683
45,8.91651934152469,1.8746197534565
46,5.414559685625136,4.070555568672717
47,11.082772612571716,2.3211728194728494
48,10.806823071092367,3.4815510355401784
49,8.198412749450654,8.19373372924747
50,13.914868846535683,4.353456660639495
51,15.308984549716115,9.32112096529454
52,8.012919617816806,4.179377153515816
53,12.795082808006555,2.3658275473862886
54,19.558015048503876,2.0640482713642996
55,10.407256205283176,1.0644354363648745
56,4.946672387421131,2.856190610793419
57,6.550274759531021,3.8489725661929697
58,9.336566596990451,3.4776088669896126
59,13.063434788025916,4.6218829629942775
60,15.199121444602497,2.5093462094664574
61,19.651980796130374,5.204560458485503
62,12.108550146222115,4.428751764819026
63,9.132845439016819,0.8633650577521621
64,14.52036282978952,4.429448150098324
65,6.525124812265858,4.601692606811412
66,8.114026666851714,5.393366612261161
67,26.710058065131307,6.976368312723935
68,26.763708531856537,4.6603752532973886
69,10.539096221327782,6.161436762660742
70,6.195282094180584,7.240671040890447
71,12.136754098872188,3.359427683055401
72,14.386669367551804,2.9485121351317503
73,7.509977824985981,2.6654796581715345
74,6.187374949222431,3.365252810996026
75,5.948635761626065,1.1564827729016542
76,12.435792103409767,5.661057572157006
77,6.450805656611919,3.8375031240284443
78,7.940587781369686,1.771651500603184
79,6.12287285258617,2.2886919947341084
80,8.996448874939233,5.128360740840435
81,8.923863230040297,5.267370469751768
82,6.255717788822949,0.45978357549756765
83,14.294183693826199,2.627886026049964
84,7.827313917223364,1.175521396100521
85,5.815243819030002,4.375680591794662
86,7.331982781179249,3.3193530975840986
87,11.794790234416723,7.813047361341887
88,11.072968892753124,5.045804016292095
89,3.496149830520153,2.4999559577554464
90,5.9492627158761024,2.549206297378987
91,7.5996376645052806,2.0047968481916882
92,4.650338527746499,2.3319671489298344
93,13.113244684413075,5.521252481266856
94,3.762051832396537,3.2672858648002148
95,7.40071439743042,3.145215405151248
96,8.613493966404349,2.663646852452075
97,11.102958614006639,4.644045881927013
98,8.006685277447104,1.9174707018537447
99,6.231613308191299,6.081117082387209
100,6.7272266782820225,1.68321601790376
101,9.903529000837807,0.9654589309357107
102,8.581295877695084,1.6094872368703363
103,3.327670445665717,0.1836904786021023
104,7.489285722374916,1.3954274433926912
105,4.501730160787702,0.6677127135917544
106,5.394793547689915,1.1084458492696285
107,6.635052382946014,0.7444598748115823
108,6.075532557209954,2.4638786951909424
109,4.367175657302141,4.020082548260689
110,11.82481437176466,4.323586884886026
111,22.871306191198528,5.239133447408676
112,13.315475642681122,2.9132784572429955
113,17.353643976151943,2.558628824306652
114,5.661236758343875,0.9747753217816353
115,5.98401634208858,2.5902648480405333
116,21.67148034274578,4.076273645507172
117,7.963873565196991,3.105995930614881
118,18.66706463182345,2.8174747528973967
119,7.081894256174564,5.911610595881939
120,17.731803126167506,2.5981134025205392
121,5.242706662043929,1.7073635961860418
122,9.893197248224169,4.698838937329128
123,11.87507414445281,3.9872481796192005
124,7.2710693455301225,3.607124062255025
125,14.052921876311302,4.01556477783015
126,3.816486961208284,3.9281664590173477
127,14.494999529910274,2.2740819968748838
128,13.013299905274835,4.036549276672304
129,16.49650076031685,3.413505181670189
130,15.783362805843353,3.5950936519075185
131,4.9458789229393005,3.513107371618389
132,11.755736718769185,3.0777094471268356
133,13.22053172904998,2.293889231979847
134,25.89100190764293,7.052914872765541
135,12.473505482077599,10.820569454954239
136,13.327204281347804,7.358763866926893
137,10.736325614154339,6.679948426783085
138,7.011535063982592,6.72030783444643
139,23.44513937458396,3.9843651354312897
140,19.449228212237358,4.6366879269480705
141,9.14731845161441,4.0319874016568065
142,15.432287078903755,10.341999279335141
143,9.589181888848543,6.866180635988712
144,11.021987796757571,1.6294938279625057
145,13.28662097081542,6.191334456205368
146,10.644037597812712,4.2753066048026085
147,2.4750836458988488,1.803194995969534
148,7.252532037440687,1.1003842391073704
149,6.180542670190334,1.325511310074944
150,11.242773824371397,1.4882474802434444
151,9.2163100191392,9.779516358539695
152,3.3990660198032856,4.029381200671196
153,5.76012721353618,12.583919763565063
154,3.9208662435412407,2.523413906339556
155,7.447768919169903,8.494117617607117
156,4.310438425047323,3.672831729054451
157,6.391314495354891,6.7301760613918304
158,9.376970099285245,3.722209877334535
159,6.005323952063918,4.984854182228446
160,7.017514146864414,2.6232158574275672
161,4.229691305430606,3.535875068977475
162,2.1605005465680733,4.540461339056492
163,2.3968944402959096,1.696513196781325
164,7.27829626284074,2.537497289478779
165,12.891614146530628,2.544265003380133
166,10.283287467784248,3.4565293352352455
167,3.911253297352232,2.251482516527176
168,7.908562391065061,5.73473985074088
169,1.535684673115611,0.8729839939935573
170,7.028760239481926,2.956507478374988
171,4.445639744400978,5.711849197046831
172,5.605343336239457,1.5318877631798387
173,2.359085142001277,1.8869022250719354
174,3.7991477998439223,3.2903216583654284
175,2.0806030324893072,1.1682822428410873
176,0.8322770169033902,0.45414579956559464
177,11.980407525785267,1.798846126330318
178,1.3003234528005123,0.7986556407995522
179,6.0023905001580715,4.412476600147784
180,9.800011622253805,4.732746238820255
181,13.009828798472881,4.2008259748108685
182,7.798822432756424,3.994888914981857
183,8.653912007110193,2.2280419709859416
184,8.746599597856402,1.81960113223613
185,12.897550033638254,3.8047562381252646
186,8.8870308205951,3.705763752805069
187,14.498180566355586,2.4002176988869905
188,10.80608893930912,2.742143432238663
189,15.521423214115202,7.82669491879642
190,5.417518973350525,6.089165380326449
191,6.209712556039449,4.882620803778991
192,10.804252604371868,8.952635293127969
193,23.923101373016834,9.178757220506668
194,20.98283713683486,3.8202717611566186
195,16.49968534708023,5.8847259767353535
196,14.14739032939542,7.257155121769756
197,11.377988494932652,3.316483251110185
198,3.6798646019306034,7.747743129264563
199,8.815410780740422,3.723827724577859
200,13.157158300280571,4.544311066856608
201,9.654094233177602,6.051310689307684
202,11.586029046215117,4.235590766526002
203,2.949597681639716,7.815629964112304
204,7.254704620689154,4.324581666849554
205,7.069682275818195,4.888550281524658
206,9.245392490178347,5.424342669546604
207,10.433789759874344,2.5530852938536555
208,10.857342286035419,1.458370167762041
209,6.061639253050089,10.258918290492147
210,2.630738588011809,2.854433860629797
211,9.167436791583896,10.296159990131855
212,9.812356316368096,21.979611936956644
213,6.794305756688118,11.932911802083254
214,11.182714832419606,7.684572800993919
215,14.621335388161242,6.943416643887758
216,12.619371831417084,2.5166581384837627
217,19.189160630106926,3.5271770507097244
218,28.517678797245026,3.6677965819835663
219,2.60149878077209,2.4495942629873753
220,6.582903944537975,3.525834809988737
221,10.357685811817646,4.153758392205418
222,7.827672362327576,2.165507652447559
223,4.515101071447134,3.036767616868019
224,4.2588832937181,1.7478919588029385
225,5.0773677080869675,5.026799701154232
226,2.7059434708207846,1.4860063204541802
227,2.847468218242284,2.901043962687254
228,2.848353097215295,2.713208365821629
229,2.4066716507077217,0.858229138655588
230,5.7155867256224155,2.967319266492268
231,5.453158882653952,3.0387703685919405
232,6.072666944935918,1.5051757278197329
233,4.7262742556631565,0.925779904704541
234,6.436002312693745,3.3260323191061616
235,2.9103665268048644,1.6180695397779346
236,13.206183451227844,6.051144115626812
237,2.2156125977635384,1.3234560930104635
238,7.271193444132223,4.039163697627373
239,6.3258597776293755,2.657549250870943
240,5.287743846420199,1.0835216742416378
241,4.151393698062748,2.266519546508789
242,4.082903273403645,2.3183396197855473
243,3.3090676525607705,1.1272480329571408
244,5.134112494066358,2.9049753472208977
245,2.873844927526079,2.256260276772082
246,3.244347609579563,1.4920715186744928
247,2.9964602217987704,1.2405605865642428
248,6.867839414341688,2.6637882792274468
249,7.235183224081993,2.7813576018088497
250,10.468146386556327,3.7460210248827934
251,4.5090945437550545,1.706422864459455
252,21.676897601690143,8.720093196257949
253,2.382260102662258,2.4989874809980392
254,3.8327730298042297,1.7063240887364373
255,5.734782800078392,2.7941342249978334
256,19.894116468916373,6.3618307039141655
257,10.296167477034032,2.8093118891119957
258,1.8689735073712654,6.178487304598093
259,6.615354403853416,6.519436905626208
260,6.402550462633371,5.742811419069767
261,6.61195196211338,3.9092756945756264
262,7.239630110561848,0.8006426976662624
263,8.416956968605518,0.7808380868227687
264,8.039006564649753,1.817101902794093
265,2.0771244358620606,1.7322442986769602
266,4.540648787282407,1.3570633666822687
267,2.323646879987791,2.8466310339772463
268,3.751389868441038,3.3607418397441506
269,5.37994471937418,7.114020524430089
270,3.008901199325919,1.1763709118240513
271,1.4804191509028897,2.3922045761719346
272,6.004804741591215,1.4964134917827323
273,7.237442597746849,5.588171053677797
274,9.833760764449835,3.0086022336035967
275,47.408571848645806,4.518746051937342
276,5.32017935719341,3.7924998913076706
277,4.196037977118976,3.5422910733614117
278,3.7635834654793143,3.5780936875380576
279,8.568598741199821,5.525311522651464
280,1.4355500286910683,2.14771902107168
281,6.251155897334684,10.014254560694098
282,7.57362209414714,4.329289739951491
283,2.7678862512111664,4.006519012153149
284,4.5968965999782085,3.784346330096014
285,5.902516238391399,5.684231415390968
286,42.530461167916656,8.275482386350632
287,7.7740259654819965,7.246510073542595
288,7.073682719681528,9.236195567063987
289,4.365963547024876,8.586325585842133
290,10.260266847675666,7.58603960313485
291,8.647039409726858,6.058147192001343
292,7.94033661915455,5.288624256849289
293,10.68016061349772,2.846463668625802
294,8.119048058986664,8.444916165433824
295,7.1835460886359215,3.398334253579378
296,10.51502046501264,6.256031999364495
297,7.981742478907108,9.664441815693863
298,5.118362836539745,6.735543493650766
299,9.65187962912023,3.361495743971318
300,10.211499392986298,10.050394583493471
301,10.811337694525719,14.296542346477509
302,9.681289738044143,7.697150349617004
303,6.554455727338791,12.681710212491453
304,6.423340260982513,2.022797530546086
305,10.555648036301136,9.824960700236261
306,4.862892420962453,3.1727564074099064
307,6.197181269410066,6.732330156490207
308,2.410978574305773,9.082365727139404
309,6.4629867374897,14.523887887597084
310,10.618132142350078,16.326855638995767
311,6.913651965558529,6.534865693189204
312,5.543767368653789,2.9456497598439455
313,15.560089320875704,6.0927645126357675
314,17.402097761631012,9.615030385553837
315,10.119888499379158,6.369932192377746
316,7.742447959841229,3.8476630598306656
317,8.252744644880295,4.717120363629874
318,5.700844630599022,4.1633800922591035
319,12.884404378943145,3.41489945538342
320,17.714836448431015,6.403734160587192
321,8.574041239917278,5.01286509912461
322,13.676887899637222,18.280576209828723
323,12.48591101076454,25.12822999060154
324,13.778300479054451,13.761211950797588
325,14.196224972605705,27.35167784616351
326,12.814678870141506,8.55680775642395
327,5.4292410761117935,2.667232448424329
328,6.908176228404045,8.317660239117686
329,10.833935672417283,12.016098245978355
330,6.50902829185361,5.664986694930121
331,18.750182239338756,5.051969731692225
332,11.759344498201244,5.855374177917838
333,11.915870577096939,6.250876693229657
334,13.894064873456955,8.959781933415798
335,10.102073070593178,4.854561969637871
336,5.098168848082423,4.061375308374409
337,8.793656781315804,11.450941607356071
338,9.38450387492776,5.322943538427353
339,5.2368929056683555,3.409039960242808
340,9.806074943393469,7.78711599111557
341,5.985994472168386,4.612138114869595
342,2.5524050540989265,2.7743227912360453
343,13.240871988236904,2.154310018475371
344,6.24566217768006,1.0899927713471698
345,4.471524081425741,4.0025864485651255
346,5.333147130906582,3.0203100866638124
347,5.595738796982914,6.671422268729657
348,9.256746985018253,3.606493527069688
349,7.524908325634897,5.969887048006058
350,6.908284243196249,4.265406131307827
351,3.639860302209854,5.909114321693778
352,5.8343254274223,8.156954869627953
353,6.423011506529292,1.0719697219319642
354,7.52822002582252,4.294202711433172
355,7.829370390623808,8.13484135696126
356,9.017002624925226,5.57631482187935
357,9.08478200249374,4.576347731053829
358,5.382078733295202,4.7455452010035515
359,8.164808183908463,8.696549590677023
360,12.849717184901237,10.834983624517918
361,3.66248831525445,2.954582781996578
362,4.992899285396561,9.073433324927464
363,3.433352352818474,4.150528257712722
364,8.880983965704218,8.80661348067224
365,26.76232664193958,5.4374787379056215
366,9.295693278312683,2.3182294003199786
367,4.501090665347874,7.354381580837071
368,2.01026369293686,3.0514245643280447
369,32.66598042100668,4.244641380384564
370,3.141736136749387,1.5069457925856113
371,5.427235174691305,2.335544798846513
372,11.263236284255981,4.914144777692854
373,8.720961034297943,6.581830410286784
374,16.950534656643867,1.9565867204219103
375,4.3706052312627435,3.125456698704511
376,11.085273393429816,4.444431848824024
377,3.8289504013955593,1.8306886944919825
378,4.984043614007533,1.8723881159967277
379,6.501452984986827,1.2558016386028612
380,7.849350480362773,2.7701034024357796
381,14.03397673740983,7.2008474804461
382,8.907902158796787,4.450298084993847
383,4.712767849792726,1.6353301377967
384,16.39411562681198,6.484496761113405
385,2.5250453469343483,4.0171854346990585
386,15.738013349473476,16.95743763446808
387,7.743606612086296,8.931091457641742
388,10.462862890213728,9.978808298707008
389,11.715807269283687,7.699242737144232
390,10.290852891703253,8.766865774523467
391,6.500712598673999,3.100443879920931
392,8.697287760674953,3.9388575181365013
393,15.308212703093886,2.9429073370993137
394,7.303161446005106,2.5706340074539185
395,24.76420722901821,7.646474152803421
396,8.81231209076941,5.389756910502911
397,7.319022873416543,5.599729252688121
398,12.735343471169472,17.69546003639698
399,8.977085590362549,4.542196402326226
400,5.4784461334347725,8.452192706765345
401,8.279956615180708,3.883697870071046
402,12.765325486660004,6.113829843699932
403,7.87372225522995,4.763841211795807
404,12.320741210598499,5.221862426027656
405,19.50382912158966,14.786871492862701
406,22.371328473091125,15.455193875357509
407,13.92233470082283,3.8768506082706153
408,18.375941216945648,9.514601320028305
409,11.946361374109983,5.780703317373991
410,15.212313175201416,2.5585873438976705
411,2.0203814692795277,4.365060981363058
412,13.674059968441725,19.56313530728221
413,12.848022438585758,8.317196464457083
414,8.697409199550748,5.943859479390085
415,19.13132755458355,10.12199404835701
416,7.671108461916447,9.218973029404879
417,13.576017633080482,5.289760528015904
418,10.857821554876864,7.027259042733931
419,4.436660439474508,2.634493137600657
420,8.47875614464283,6.408297600224614
421,5.923576682806015,3.1020104370400077
422,4.039653114974499,2.501178041944513
423,6.54033533972688,2.0033821553224698
424,11.231270741671324,4.958587405504659
425,8.067120691295713,4.641932914615609
426,7.8686889234231785,4.342673618346453
427,3.7339719627052546,3.4850367065519094
428,5.66793749073986,7.2030558325350285
429,7.209650720527861,2.2226154506206512
430,3.8121147956699133,3.849143839208409
431,17.082123022526503,6.114708687411621
432,8.645104649011046,5.9961650632321835
433,5.190196149051189,8.44281455874443
434,13.653598171658814,13.79088706150651
435,8.152847429737449,2.213395232334733
436,8.31832226109691,7.264401885835468
437,11.605213016271591,4.190114077180624
438,13.654181480407715,5.1038270546123385
439,10.962706282734871,2.216812800616026
440,11.697694409638643,12.486857786774635
441,8.996998652815819,3.613111690618098
442,10.266426177695394,2.092063831165433
443,25.272540748119354,2.462423187418608
444,8.288212013896555,4.302031485829502
445,6.994670771062374,1.4907797276973724
446,5.182070046663284,4.424679214600474
447,9.016723781824112,4.649538122117519
448,17.14845777163282,3.8254253529012203
449,20.65845676069148,9.616730839014053
450,12.995281776413321,5.5844298005104065
451,8.334853924810886,13.668533325195312
452,15.069782302714884,4.730681665241718
453,7.066456635482609,1.4632584601640701
454,8.099455080926418,5.722758944199086
455,21.86027740407735,8.459239393472672
456,6.650645054425695,4.731976716779172
457,12.79137318348512,4.948456944897771
458,5.587954476475716,2.2143754148855805
459,23.886613182723522,7.655926406383514
460,7.276842366787605,5.192048002558295
461,8.317314432933927,4.94090885668993
462,5.587394431233406,7.094112657010555
463,5.646890688687563,3.959815394016914
464,9.21004570927471,3.5833930522203445
465,7.248896602541208,4.604697165545076
466,9.564013494178653,5.471827881818172
467,16.329754751175642,5.968194656539708
468,10.581543484702706,4.0529957842081785
469,14.023358594626188,10.161519944667816
470,14.922489137505181,6.920463664457202
471,18.327951363753527,15.088490994952735
472,12.966242879629135,4.953779843635857
473,9.055187031626701,10.740436285734177
474,22.877942696213722,11.664555974304676
475,90.9505792632699,12.190259976312518
476,5.453789632576445,2.759088959544897
477,8.450489550828934,5.523152336478233
478,18.02317574620247,10.840077072381973
479,11.586486133019207,12.248203560709953
480,8.536912775598466,6.160808174638078
481,3.6905988175362836,7.413814377039671
482,14.072515344247222,6.514425560832024
483,6.862730392254889,4.096740333363414
484,5.823802098631859,1.758593413978815
485,14.140805959701538,6.008536220062524
486,7.0724255964159966,4.055899450206198
487,6.6743670383693825,5.1940377820283175
488,9.94994091312401,11.683428069576621
489,3.829083571676165,7.137641176581383
490,6.91433613281697,7.71286391094327
491,4.378634915716248,7.463712910190225
492,6.710244344547391,6.917082643136382
493,8.273604091256857,4.695382589939982
494,5.026431024074554,1.712532062549144
495,5.797921918332577,6.8229520954191685
496,7.416473497170955,4.043682765914127
497,12.197629004716873,2.7868252104963176
498,11.95607448904775,2.031561119481921
499,11.414996054023504,7.387467883876525
500,16.992675229907036,7.661249861121178
501,36.81436318543274,10.826705964747816
502,19.158180928236106,9.732014752924442
503,21.338397547602654,9.000304937362671
504,4.144559903070331,3.7985155596397817
505,11.127376706339419,4.969470931217074
506,2.9173901793619734,4.134794731811894
507,9.964104689657688,7.380838114896278
508,4.520714290672913,5.357086975127459
509,3.558523990213871,4.701591780409217
510,2.2538393206195906,2.0051693841814995
511,2.9146219324320555,2.9083995256805792
512,2.47761861118488,1.7272497840458527
513,5.8141893169377,9.858304941561073
514,12.486684914678335,10.863863907754421
515,6.22924365401559,3.62368340510875
516,3.6387879377634818,8.623786810785532
517,8.137426421046257,17.01800114568323
518,2.0003559309989214,3.5580721870064735
519,2.09319573873654,2.695180272043217
520,13.651791786774993,8.230539690703154
521,4.334021435723116,7.48416063003242
522,2.303097380325198,3.5483465529978275
523,5.791293331421912,8.593212666921318
524,3.525937397032976,3.551413666922599
525,3.2499670423567295,8.60741451755166
526,3.3770998418331146,6.165109527297318
527,5.030651748180389,11.019840989261866
528,11.690129641909152,21.73622351884842
529,2.3461435299832374,12.98774860613048
530,7.105015883862507,12.48209922760725
531,8.074658811092377,22.383488833904266
532,4.044473174959421,6.300814930349588
533,5.124696670100093,12.75097300298512
534,15.1279739998281,18.316777423024178
535,8.174049206078053,7.4177643223665655
536,9.536903649568558,9.48064460605383
537,4.825465721078217,8.508293887600303
538,10.206169873476028,16.198584822937846
539,5.410566266713431,6.719523578882217
540,14.338421232998371,8.851501639001071
541,7.288272399455309,2.79044380155392
542,5.809375229466241,2.5173345983494073
543,10.113984387367964,3.833892130787717
544,8.897129221819341,6.300181416911073
545,9.551006905734539,9.807268055155873
546,6.216328584821895,4.085601797327399
547,5.17520900737145,5.879663217812777
548,5.82850868999958,6.326846346259117
549,4.504114255309105,5.56092100776732
550,4.372139566810802,4.860261843539774
551,6.3287544483318925,3.0771200079470873
552,11.101138754049316,7.335891908151098
553,6.2796345967799425,2.979012329131365
554,4.4796616467647254,3.5650914346333593
555,4.49416748713702,2.2664824373205192
556,1.0359028003294952,3.5383126663691655
557,12.20423337444663,7.076965071260929
558,4.597261117771268,7.276080399751663
559,6.073549676220864,5.526382885873318
560,8.242328021566209,3.5815774938091636
561,11.597143365070224,9.312853004783392
562,20.252130510178176,8.832702672894811
563,3.100150675367331,0.9232046715915203
564,8.705383762717247,4.025326719507575
565,2.045942405820824,1.3649034477421083
566,8.131665414199233,5.66927937977016
567,5.075808885507286,4.089158014860004
568,4.091926373541355,0.8440517322160304
569,10.128230561502278,4.213445349596441
570,3.51244705170393,2.3012831090018153
571,4.074745540652657,1.3251649709418416
572,11.473987777746515,4.212967114523053
573,7.9264518879354,2.640224106842652
574,10.511478094147606,2.1876332233659923
575,16.572447188198566,7.984388498123735
576,6.337015222758055,3.200385205551356
577,8.595510776853189,4.142431055632187
578,8.199026890099049,1.925670299679041
579,6.403827719390392,4.756898537278175
580,10.99384968727827,3.2540981407364598
581,8.634748831391335,2.691317558288574
582,9.097734529525042,5.224249117076397
583,7.019730245228857,2.7793564825551584
584,4.672706555575132,1.7308063739183126
585,4.639157194644213,2.625696437433362
586,16.914142810739577,4.863862227648497
587,7.478140426799655,1.8428805209696293
588,4.060433592647314,1.4380346535502326
589,5.374443967361003,2.8091072984825587
590,3.4822456315159798,1.598599759861827
591,10.2959263920784,3.9408914246596396
592,4.231800296242,2.3669155790266814
593,9.776290832814993,2.4165836796164513
594,10.449405569583178,3.3454714994877577
595,24.25442072376609,20.23344106716104
596,19.38400323316455,9.818232402205467
597,5.876028411090374,2.856241898232838
598,7.315602133050561,9.993329133838415
599,7.325061475858092,4.437445970252156
600,6.203976393677294,4.020522704231553
601,15.99062349461019,8.224887205171399
602,6.2137749791145325,25.11841637454927
603,9.809867764655792,2.5457230393076316
604,6.4887195229530334,1.2819140474312007
605,8.193533077836037,2.794543020427227
606,7.838347479701042,4.440186298685148
607,16.693774759070948,7.592700941488147
608,18.42396810464561,4.977877588942647
609,5.816176967266074,7.678515011444688
610,11.540057202801108,5.652282258986816
611,8.317034552979749,5.8913544551614905
612,17.810105569660664,3.633939001709223
613,4.390698080416769,2.0902353818528354
614,1.3252917774952948,2.2618038149084896
615,8.151057089329697,2.47680961136939
616,6.982897435314953,2.9411967997439206
617,7.899212282616645,3.5222211577929556
618,4.3842095859581605,1.3019841918721795
619,7.809140373021364,2.375528876960743
620,12.314405880868435,1.4663708307780325
621,4.308726931689307,1.8517489058431238
622,2.819300295552239,4.438447639287915
623,6.446291819214821,4.945996761263814
624,5.079533480515238,8.406980161982801
625,10.371453365311027,6.289996157516725
626,3.285881851334125,4.12679329328239
627,2.8190494127193233,1.6386714230757207
628,3.0953560546040535,3.7626335471868515
629,8.114055821090005,2.6975300293415785
630,5.804828362539411,0.9258875190862454
631,6.329924462363124,4.451002870686352
632,6.098736707121134,2.6849471734603867
633,7.844766125839669,11.60610608709976
634,6.010055726859719,8.951493751257658
635,15.624223639038973,8.181677299900912
636,6.315557605586946,7.623324781656265
637,4.162667313590646,6.208607052452862
638,2.344329840183491,8.822493433719501
639,8.4078309237957,4.225484952330589
640,21.33914229576476,14.926862671971321
641,3.668095599859953,2.4901320132194087
642,4.990136139560491,4.048213645815849
643,1.9866145800915547,1.0560535619151779
644,4.88136541377753,1.6678633172996342
645,8.627267193762236,3.0688751712441444
646,6.490290646255744,2.3526848359033465
647,8.421435628086329,2.1895799834910576
648,3.986152432858944,1.237874097601889
649,3.8588675623759627,4.839447942556944
650,5.371943358331919,4.522455052938312
651,6.872180625796318,1.813895926286932
652,5.525843424256891,2.3758314568549395
653,5.141860625706613,1.2630894624744542
654,7.198167901544366,1.2868153769522905
655,9.790511963889003,6.76616276986897
656,9.761671269312501,3.017241019336325
657,2.8382507152855396,2.6055007949471474
658,1.808994835242629,1.0855870160739869
659,11.501147530041635,3.7497245334088802
660,11.30025754403323,3.0632439966429956
661,13.86693926062435,5.285130431177095
662,15.662707322277129,8.6153425835073
663,5.04542516800575,1.6879227086901665
664,7.723683669581078,8.15232904185541
665,5.001709619536996,2.8465538499876857
666,2.6645292779430747,0.8628358496644069
667,9.242518305778503,1.5782745517790318
668,3.8179831623747305,1.8540722616016865
669,6.39786097034812,3.2577960058115423
670,4.83452414534986,1.3823756861966103
671,10.296803385019302,2.969379521906376
672,28.391522482037544,4.6803486701101065
673,7.174152473453432,1.9032859625294805
674,8.164380062371492,2.234957355365623
675,10.043760968372226,1.1363789485767484
676,5.631782764568925,1.4349348093383014
677,8.31361322849989,1.8783169873058796
678,9.322440154850483,2.713352121412754
679,4.581680207629688,2.7338965157978237
680,3.547129824757576,1.6179040481802076
681,9.91001471877098,5.487684823572636
682,8.23805499728769,2.668509676819667
683,25.23156551620923,11.338955287006684
684,4.850301788916113,2.305380553472787
685,10.182729237863896,5.680627658963203
686,8.346356272697449,5.272561385296285
687,4.9041053869295865,3.15632260782877
688,14.077531458809972,8.345196351408958
689,3.8129137293435633,2.7233992287365254
690,6.69537098496221,1.5242209733951313
691,12.254958014935255,4.652609277050942
692,8.379235431551933,6.661255911767313
693,5.047554947930621,1.4396212102328718
694,4.834346594288945,1.588051293801982
695,1.803231341065839,4.447010913863778
696,3.071616806089878,1.0484967752854573
697,8.66241573728621,5.653853784315288
698,8.767009019851685,3.7682813732681097
699,0.8629660485312343,1.6675994619727135
700,5.646713788155466,1.551817798288539
701,6.725546756759286,3.743394906327012
702,9.70059786712227,4.581850118003786
703,1.7736054798588157,1.7909701708704233
704,2.285807505628327,2.6551013812422752
705,7.908831092528999,2.497040980782913
706,7.244729330763221,4.801344906911254
707,10.840215736359823,2.9374041501432657
708,13.220912501215935,1.4173243916593492
709,6.28792840735332,3.4556330726481974
710,27.54890039563179,2.600966192781925
711,5.6715602511540055,3.1448454968631268
712,7.009786005597562,1.1586463501735125
713,12.49742902815342,1.6420360315823928
714,5.884217476472259,3.31604175735265
715,9.999616672284901,2.8662549732252955
716,4.761614831164479,1.1686812439002097
717,3.1750985188409686,1.8182283830828965
718,2.936936636455357,4.8786325342953205
719,17.89749593057786,5.462776469066739
720,12.804093480110168,5.74287249147892
721,3.438056603074074,1.584808958643407
722,15.490443665534258,7.355320063245017
723,33.40889396518469,15.926578117592726
724,21.90027478337288,10.220187496393919
725,6.821109121199697,12.49041195306927
726,10.665952809154987,4.986971117090434
727,10.59894036501646,5.021479253657162
728,14.288189440965652,5.4048000540351495
729,18.02031988091767,6.080113324336708
730,4.284094105940312,7.108439244329929
731,4.562717601656914,2.2177487704902887
732,6.859254199778661,4.009586543310434
733,5.717613075859845,7.173004601150751
734,0.6238610653672367,0.5499522844329476
735,3.6493983129039407,4.519844774360536
736,9.759968881146051,9.323548465967178
737,2.365495942533016,4.838786633685231
738,13.184951705508865,1.8355149293784052
739,4.250200787559152,2.0855326019227505
740,12.556225302600069,5.472483247518539
741,7.009817133657634,4.828450992703438
742,18.91418268531561,3.1092847362160683
743,10.680044275708497,9.422273762524128
744,12.61623277142644,5.994028575718403
745,6.321174245327711,2.651265949010849
746,4.8270000256598,4.587260601110756
747,13.702639542520046,6.108902416868659
748,9.66584251075983,4.0860195469576865
749,6.149866001680493,4.280916610034183
750,22.14983736258,6.220324354173954
751,20.311241269111633,15.171877719461918
752,9.456555426120758,9.383798396680504
753,15.854978144168854,12.73288968205452
754,14.52725188061595,7.049014693358913
755,54.196111189201474,7.533479894511402
756,2.232259643264115,3.7683528502311674
757,56.54897373840504,4.714795880019665
758,54.611213341355324,17.671827729784127
759,21.655607979744673,15.753430277109146
760,11.716286075301468,3.666126601397991
761,13.1392120718956,9.875391227717046
762,3.829886810388416,3.570191984064877
763,6.017731308354996,5.7185813672840595
764,10.967809919267893,4.893023982644081
765,5.647687171585858,9.174295442178845
766,18.989943630993366,20.7357510747388
767,9.042495220899582,14.412991777062416
768,1.7709791790693998,6.451159079559147
769,27.45638008415699,9.795038163661957
770,14.291047789156437,20.376815639436245
771,8.190662294626236,21.050430634990335
772,35.0889992127195,11.630760535597801
773,40.613162241876125,17.692129377275705
774,9.838831367436796,4.3920138397370465
775,9.058499816805124,6.116410647518933
776,18.862418219447136,5.020204559899867
777,4.830977225443348,1.7281712067481294
778,7.514210656285286,7.9986574444919825
779,7.478048522025347,1.3241078471764922
780,10.92100025829859,2.3662433234858327
781,13.314775796839967,0.9030949086882174
782,14.250024527311325,7.093571008183062
783,11.701026003604056,4.0534710210049525
784,16.13002220058479,1.8024341326672584
785,1.9784695943817496,4.704770736396313
786,35.45932687912136,5.934140868252143
787,6.293888921383768,2.1700521539896727
788,17.21960724145174,2.310231309849769
789,6.210825689136982,1.3111978084780276
790,26.130561769008636,3.756885658018291
791,2.63540669484064,2.303181536262855
792,6.659152377396822,1.9743041545152664
793,1.5484435694816057,1.8246783129288815
794,5.172545384790283,2.90776656975504
795,6.869971828535199,3.440959718893282
796,5.484518050216138,2.1282165104530577
797,7.26995818130672,1.4488540589809418
798,5.830874936655164,2.8289442191598937
799,6.122647892683744,0.9712838743289467
800,8.107063043862581,2.4066926981322467
801,7.247385832481086,6.041713511571288
802,5.925961445551366,1.6483150469430257
803,1.8660561337092076,3.8572362939594314
804,15.839609056711197,4.206272447103402
805,5.556431839708239,6.933695164974779
806,22.236935150809586,6.961100310087204
807,13.274749904870987,11.176061348989606
808,8.539146039955085,1.2224387416972604
809,6.803155037399847,7.2891834788024426
810,27.86286371946335,18.752638241276145
811,56.62176871113479,4.550004903227091
812,7.45383870229125,12.993131185183302
813,4.468459226191044,5.836175370495766
814,18.380840718746185,13.268685278831981
815,12.60681119817309,4.369637149386108
816,140.0115663362667,26.272952363360673
817,2.7348654472152703,7.6401378978043795
818,2.459969635337785,3.279141139239073
819,4.910172947260435,5.410748481750488
820,3.9867551780189388,6.504758268594742
821,2.440012631152058,4.0998668894171715
822,8.683938801055774,2.6980100153014064
823,5.207558888942003,2.837988323997706
824,14.203892953693867,8.89727795124054
825,6.800206374744448,2.294705197797157
826,4.940752753580455,9.62088867276907
827,5.356637130724266,3.8232921808958054
828,7.548853423446417,6.2904986455105245
829,1.7022534722927958,2.037549851462245
830,2.8106950959190726,1.022709152661264
831,5.931662365794182,7.969581615761854
832,15.304411514429376,3.2598386821337044
833,6.1191082037985325,1.477621644269675
834,4.119374807924032,1.7656571776606143
835,9.745020747184753,4.468317285180092
836,2.8344232477247715,2.669113529380411
837,4.975125625729561,6.021694278344512
838,12.837152093881741,1.7427299865375971
839,6.117485072463751,5.40668261796236
840,23.200455024838448,11.149340838193893
841,5.952110579237342,1.4253473449498415
842,4.087166104465723,0.930678435601294
843,2.860196192323201,3.85598533495795
844,4.361363644711673,2.9506269730627537
845,4.227549799892586,2.5988070426974446
846,3.810776934027672,2.4933063238859177
847,6.449848072603345,6.466344221727923
848,10.598916120827198,8.1753633543849
849,5.161234910716303,7.464833005200489
850,6.372287355130538,5.915808292105794
851,7.53501216595032,6.633362667671463
852,8.755698139313608,7.3297694367938675
853,4.127991039305925,1.6043513849144801
854,6.16896769736195,8.500700687523931
855,4.4506820305250585,1.7876401125686243
856,5.031847948674113,4.043952792882919
857,4.661464427801548,4.480194942094386
858,9.276724644005299,8.930897891521454
859,6.712921220809221,4.025943827815354
860,4.398414973169565,4.040731526911259
861,9.527170515619218,6.170105901546776
862,16.53100679779891,10.830061806293088
863,13.512715176620986,10.541465166490525
864,7.506767605253117,5.686633148696274
865,9.880626179277897,13.8059799131006
866,6.086367845535278,8.515759884845465
867,10.758683801162988,4.904541451483965
868,3.240936426213011,1.6895859871874563
869,11.423699093982577,9.109451174736023
870,3.5988962426781654,3.2647380009293556
871,6.572770077735186,1.4281625277362764
872,3.7198662793962285,2.209555706824176
873,5.7957129017449915,7.580415019765496
874,4.404855504544685,3.999583612778224
875,10.587179738718078,9.233506256714463
876,7.649575482893852,2.06218783184886
877,4.9432743766810745,3.4996305629611015
878,3.4057389283552766,3.6151026487350464
879,1.9812993420055136,5.796219598501921
880,3.8330559879541397,2.341798177920282
881,10.942722252599197,8.784609579946846
882,10.77497723698616,7.723195302300155
883,13.87672694772482,7.6546944689471275
884,1.365743390575517,8.323558196425438
885,9.864936855621636,4.729782106303901
886,5.173006004450144,4.102531598880887
887,1.777341098892066,2.318322077393532
888,4.685562047874555,3.4279632344841957
889,9.959592744038673,5.214137663017027
890,8.099704171298072,2.7425313655403443
891,2.5180411576729966,4.860128473490477
892,5.073775744996965,3.3144360769297236
893,11.894219872541726,14.015822697430849
894,3.865583434700966,4.126204943284392
895,6.307689456269145,5.801821896689944
896,13.166856706142426,3.1545886751264334
897,3.517884071334265,2.8343023788183928
898,3.1640604324638844,2.85140130110085
899,7.412421241402626,6.0222788117825985
900,1.211466496810317,1.893911317223683
901,5.484281908502453,2.5194574407069013
902,3.4420332931622397,4.50715961237438
903,10.527284225448966,5.11535057798028
904,6.485961958765984,3.519715217873454
905,23.02540753548965,7.604999452829361
906,3.5108041781932116,3.4210055283299425
907,8.28195007238537,5.239618732011877
908,4.018694961443543,2.3227715108077973
909,13.163061887025833,6.421799098257907
910,2.6650391333387233,1.4504937189631164
911,17.05476228147745,7.6512023359537125
912,9.547493299469352,5.654117199461325
913,9.801193498075008,4.865704123862088
914,10.388749472796917,4.528101079136832
915,4.575547667220235,1.6371586956083775
916,3.325329700950533,2.01471889403183
917,9.48006045166403,7.242996730608866
918,8.112470212159678,3.4676667319145054
919,10.598821610212326,3.6345693543553352
920,34.3384246006608,7.741999516263604
921,1.3038904732093215,1.2379203156451695
922,26.505713641643524,8.825876665301621
923,15.676190288737416,4.649092018604279
924,2.7754337480291724,0.9643663256720174
925,20.82083715684712,7.6707674488425255
926,4.095447489991784,1.3979897556710057
927,2.2428843518719077,1.1507135713472962
928,10.445403910242021,2.045604980783537
929,3.443620041012764,1.9936145117972046
930,8.013595968484879,3.7132172219644417
931,16.56444982625544,1.032687752333004
932,13.287600132709485,4.162800477817655
933,17.966440603137016,2.8193979465577286
934,33.163263908354566,3.3011852130293846
935,5.3038041442632675,0.8538350751623511
936,35.20101711899042,3.872329644858837
937,33.8516353815794,9.50260510481894
938,21.997018836438656,10.817647093321284
939,6.64347817003727,2.672052389010787
940,2.5267652235925198,4.872519625350833
941,4.946928550489247,3.284552002325654
942,3.269913093885407,1.2598605249077082
943,8.322143658995628,1.6352773969629197
944,16.88123969733715,7.378285997547209
945,3.8615182342473418,1.4763287485111505
946,17.788399550132453,4.064924873411655
947,6.132107116342013,4.609489869326353
948,12.257811632938683,6.987607905641198
949,3.3859352791914716,1.4350817576050758
950,5.837929726112634,2.135068666189909
951,4.21278920059558,0.7536832995247096
952,2.1899592452682555,1.6715312071610242
953,4.965361597016454,1.5389255507616326
954,3.133529134094715,0.9856832646764815
955,2.8965322775766253,1.6457557105459273
956,6.46488506346941,2.430597882834263
957,9.147300808690488,0.9093439589391892
958,5.900454164035182,2.860121764424548
959,14.731085252016783,5.879606646951288
960,7.525900245178491,2.3085986024234444
961,9.456934044173977,1.2388327109001693
962,18.643460508610588,6.901774130761623
963,1.9047538922168314,2.8107242579571903
964,4.0005921721458435,2.143760208040476
965,4.136877438984811,2.67815027985489
966,1.8242882210761309,0.6291222989093512
967,3.4810476351121906,1.5180947564076632
968,2.5313802929595113,1.6842049174010754
969,1.13675597589463,1.680066904053092
970,2.401223426684737,1.4825177495367825
971,12.793494809418917,5.264476705342531
972,4.415706548170419,2.924528621137142
973,6.355057656997815,7.125470537459478
974,1.16592317604227,0.5784648046828806
975,3.279930502641946,1.4374123122543097
976,3.6230461923660187,8.846150659024715
977,1.0890385141246952,1.6208503230009228
978,1.0545935345508042,4.438774012029171
979,1.817397635364614,1.4645122345536947
980,4.488965997472405,3.318732837215066
981,3.239123335108161,4.254617430269718
982,7.0382062590215355,1.0341674569644965
983,2.659729567472823,0.9532746841068729
984,2.723754642298445,3.5058032013475895
985,9.075897206552327,8.585277457808843
986,7.193337179720402,4.972734771668911
987,9.556047968100756,4.537173140794039
988,9.505837753415108,2.5371580556966364
989,2.3098255213117227,2.1233784158248454
990,2.8814772019395605,9.409276712234714
991,11.835259944200516,8.936020702123642
992,5.075120340989088,4.996231047902256
993,5.931168488881667,10.430062912404537
994,14.031032372266054,6.052338019944727
995,17.998851884156466,26.94154836202506
996,5.335021647566464,6.026084195822477
997,5.932249044228229,5.544913444318809
998,26.728790622204542,9.773615956306458
999,33.655781749635935,30.636087049962953
1000,9.76781265437603,18.71498499531299
1001,12.071590753272176,20.68062747269869
1002,2.4886463198636193,9.340954948915169
1003,17.174916107440367,29.511973679065704
1004,11.204589374363422,12.72526539862156
1005,6.337943675927818,10.173502669669688
1006,35.90603634272702,41.77134649991058
1007,2.4878640342503786,9.87713547050953
1008,2.1745264406199567,1.1333051599940518
1009,1.7985869999974966,5.421263586729765
1010,7.1551974185567815,10.212559252977371
1011,11.926232479512691,18.26386885344982
1012,9.571297436952591,13.509986671619117
1013,4.199898164719343,9.769320860505104
1014,8.490301877260208,2.402565699070692
1015,3.4476039223372936,5.718278412357904
1016,4.5880858693271875,2.1692196810618043
1017,6.949318423867226,2.4955016346357297
1018,2.487071471347008,3.9862835784442723
1019,9.632506026799092,2.4565057901199907
1020,21.680678305216134,3.648695064941421
1021,10.054877024143934,4.241934536490589
1022,6.888284914195538,3.458256979472935
1023,6.466125890612602,3.7501026578247547
1024,7.276854659430683,3.7977119274437428
1025,3.9113191009946604,2.688454529386945
1026,5.001826798077673,1.818000813946128
1027,3.5449895933270454,2.2299048178829253
1028,5.187615587492473,3.493571208557114
1029,6.731186340271961,7.552597999572754
1030,4.1013516895473,5.865673151798546
1031,18.554883029311895,6.913442234741524
1032,21.614977054297924,7.370706110727042
1033,2.5389888919889927,2.238517940044403
1034,3.973626815713942,2.6600211057811975
1035,8.503315812326036,2.825828147964785
1036,9.52768372290302,8.51376167126
1037,7.454424634575844,10.15334016084671
1038,5.419644258916378,1.7995267771184444
1039,7.06619992852211,5.634432999417186
1040,4.0770422571804374,2.011044973740354
1041,7.269669929519296,3.698714052385185
1042,6.293966829543933,4.644577985745855
1043,5.313860509544611,2.7878114879131317
1044,8.738586017978378,2.8929250240325928
1045,10.652561658993363,5.972129587084055
1046,3.695213201921433,1.8593524293974042
1047,8.024537280201912,3.5703965621069074
1048,6.744623858015984,2.85268241353333
1049,39.883578818291426,15.13444237736985
1050,13.480498499644455,10.554154603974894
1051,27.624210742971627,5.660083876791759
1052,16.015007093548775,2.370249195024371
1053,6.780242163687944,3.0227517718449235
1054,2.5219064806587994,0.6698845984847139
1055,5.790290206670761,1.0710758138448
1056,6.877812058432028,3.098778617568314
1057,12.244217614497757,4.15581790136639
1058,3.344182903325418,1.6609915136359632
1059,5.653641877754126,1.5855269953608513
1060,48.29369029402733,4.146785497665405
1061,10.67817322909832,4.963067039148882
1062,15.504990622401237,14.736634010449052
1063,5.620575398206711,3.4191769734025
1064,8.557146102190018,3.334604018367827
1065,5.178017406724393,6.038314887846354
1066,33.454807988367975,5.9233109802007675
1067,6.527773376554251,2.708686612546444
1068,4.862841380876489,0.7939686469071603
1069,7.262385227251798,2.732945845928043
1070,42.2661255907733,3.282088689506054
1071,5.454421006143093,4.058344941586256
1072,9.478087874129415,3.2688267920166254
1073,16.222369444556534,8.650664813816547
1074,2.2394777182489634,1.6696265848549956
1075,8.619642264209688,7.164802940562367
1076,0.7849511708081991,3.061436507268809
1077,7.5372044168179855,1.7072749893368382
1078,3.4491024197777733,1.910918208770454
1079,9.478093164027086,4.885527733713388
1080,7.258208680897951,6.017601625062525
1081,2.318100493401289,22.185789736919105
1082,2.0143030248582363,2.3417841866612434
1083,8.006828766316175,12.979318412952125
1084,4.515024183318019,2.212835772894323
1085,9.817637764113897,3.5403901375830173
1086,11.671841502189636,0.3717540016511407
1087,44.227558773825876,1.8901430908590555
1088,4.031706606969237,3.6891971305012703
1089,4.47307036886923,4.030931033459751
1090,3.4617368509061635,3.7917551768914564
1091,4.339464770397171,0.5965784775621614
1092,1.5315811582258902,4.260039433836937
1093,5.016322378069162,1.4416448778938502
1094,5.472804348915815,3.044993171468377
1095,36.57295367307961,2.547876177355647
1096,15.40957690263167,6.628388615325093
1097,33.3876359667629,2.04412329941988
1098,8.540271228179336,2.8896712623536587
1099,13.954961527138948,3.741248966041894
1100,7.09153201058507,3.3601077555213124
1101,2.5502364858984947,0.8843805510550737
1102,27.589340027363505,2.252086562331897
1103,10.726015128195286,2.1682438732823357
1104,2.1573873825836927,2.676395030459389
1105,10.354483813047409,6.110122628509998
1106,9.079761510249227,4.913230602731346
1107,0.5152119300037157,1.8217527344822884
1108,10.055742152035236,9.65714404603932
1109,19.572569272946566,2.469973678817041
1110,32.44871782604605,12.731669191794936
1111,7.970603964497968,2.0430056205950677
1112,6.183900287643155,4.853710362687707
1113,8.78956226282753,4.796666032169014
1114,3.2866475973278284,1.1350043676793575
1115,4.369116206449689,5.2673382721841335
1116,28.670638665556908,4.8456376537214965
1117,8.816235147416592,5.495470100082457
1118,3.1516685315873474,2.210313204675913
1119,2.1735511808619776,1.1973860366269946
1120,2.9434472415596247,4.003341235220432
1121,4.771606229245663,2.4990465566515923
1122,3.3243922400288284,2.8695700764656067
1123,24.641121387016028,2.9984346165438183
1124,4.1423927010037005,3.00883448892273
1125,2.491045788861811,2.4020554222588544
1126,2.2662626057863235,2.6212680800817907
1127,11.933670445345342,3.603475213611091
1128,20.446645258110948,12.91637491766005
1129,10.015488748817006,3.853442481253296
1130,12.86141201807186,8.273349247290753
1131,3.3550150394439697,3.483863480621949
1132,52.57064154371619,21.301945407059975
1133,10.572904825305159,7.317502908408642
1134,3.649401426780969,3.7232837872579694
1135,7.973256874829531,3.63721815822646
1136,6.426064442843199,4.31208806601353
1137,8.010141288861632,3.5202930537052453
1138,7.2132140174508095,2.0132104139775038
1139,12.494469924364239,2.5671267360448837
1140,5.119138347450644,2.7552156457677484
1141,7.418554380536079,2.3596687205135822
1142,6.84801185131073,3.609850866254419
1143,4.391755929100327,1.235830146819353
1144,5.53063627332449,1.4819807845924515
1145,6.589971289969981,4.795026130974293
1146,4.219372237101197,1.1911701019853354
1147,3.112435471266508,1.4693789319135249
1148,11.80174532532692,2.056611333042383
1149,10.998122826636973,4.67495444836095
1150,7.293824685737491,3.752493383246474
1151,1.6722288154996932,3.318633313290775
1152,2.9890197925269604,3.258392927236855
1153,7.321323600364849,2.7336531885084696
1154,9.126643106341362,2.9117484223097563
1155,13.333486716262996,7.320894220843911
1156,9.963118893643696,6.4592132195830345
1157,26.744529897579923,15.286558443680406
1158,17.228840336203575,11.494509994983673
1159,13.451370569411665,7.25992938131094
1160,3.186618477542652,2.5996848568320274
1161,11.033410392701626,5.782528928015381
1162,6.7579874051734805,6.611773437587544
1163,4.6071838811039925,2.7317324951291084
1164,3.657337363591523,3.7632532250718214
1165,7.1520931869745255,9.197331904433668
1166,13.65594453504309,2.7880759611725807
1167,21.553942668717355,5.121886100620031
1168,12.737902015447617,6.6570964977145195
1169,4.666113279759884,3.7497887207427993
1170,6.662093348801136,4.124772906303406
1171,5.989214515926619,3.5150198340415955
1172,3.8371819257736206,1.7856943670776673
1173,5.291221886873245,2.9788944479078054
1174,17.442649200558662,11.872872846201062
1175,7.242861542152241,1.8602658119707485
1176,4.887632071971893,0.9755519090103917
1177,9.88817860931158,3.891146233305335
1178,2.672160499729216,3.2842625656630844
1179,7.57245234772563,2.4716777392895892
1180,8.607517327414826,1.5466464349414082
1181,6.929450659088616,1.8942043534480035
1182,7.564555700868368,4.499140206724405
1183,1.3615950979292393,1.0341020841151476
1184,2.1557768313214183,1.0362631766765844
1185,4.248832502402365,2.2009129316429608
1186,7.9082663375884295,3.462983568198979
1187,5.498171661049128,3.0032755392603576
1188,13.552590679377317,6.2201568249147385
1189,5.910425410605967,1.4339117864146829
1190,2.7873847659211606,0.5469290298642591
1191,1.7243246100842953,1.0127651531947777
1192,6.6363586857914925,3.33649037286591
1193,9.455038821324706,3.6606271024793386
1194,2.500152965881398,1.1239228583872318
1195,5.612711928784847,2.0386385284073185
1196,2.964580606727395,2.3755521457642317
1197,9.77219579834491,3.5040002615060075
1198,9.39801087230444,3.688380603212863
1199,5.835464165546,2.698964248644188
1200,2.1914420537650585,2.1921804510056973
1201,20.15706331282854,3.2962344735860825
1202,10.365030091255903,5.840990612836322
1203,7.787460203049704,3.3099192907102406
1204,4.633222384010878,1.6073195575736463
1205,4.67306550090143,1.1433329435312771
1206,10.348687601275742,4.6216253489255905
1207,3.6597098698839545,3.0645156921818852
1208,5.382534608244896,20.698394975042902
1209,11.155467433854938,2.952218992431881
1210,1.3036139028263278,3.550082564703189
1211,4.054733857512474,2.693503321148455
1212,4.2222708344925195,1.8238518751459196
1213,12.388130785897374,0.8467325565111423
1214,8.877822580281645,2.4820829005911946
1215,2.242406178236706,2.1480093383597705
1216,5.351562015712261,1.0073758251965046
1217,10.290780931711197,3.315924637950957
1218,6.737709747045301,12.413176381960511
1219,13.745394791476429,4.466887034359388
1220,5.434316374361515,4.400280026951805
1221,3.373282819346059,2.7503483919826976
1222,4.186366613022983,1.4716258746557287
1223,4.494286946952343,2.683100228794501
1224,10.940995075041428,3.6007532216608524
1225,5.095837868750095,2.4535118599887937
1226,4.62961158901453,2.5573146045207977
1227,1.6224079887761036,1.202308414503932
1228,10.130969108140562,4.931411951780319
1229,1.2820022804662585,2.340764854103327
1230,4.127745643258095,1.931051392108202
1231,13.773222789168358,2.5371132604777813
1232,4.238445939263329,2.514359574764967
1233,5.888723680167459,1.065836537629366
1234,3.9488296657800674,1.3919602744281292
1235,8.561142058460973,4.874612687155604
1236,1.564461832633242,2.609394054627046
1237,3.2349011041224003,2.3971566781401634
1238,11.189876100048423,6.4448875659145415
1239,8.723930111154914,6.81861837208271
1240,10.034569894924061,8.570633091032505
1241,8.588570579886436,3.4304871382191777
1242,4.212646861793473,1.0398249652935192
1243,3.0397798269987106,1.5417473636334762
1244,3.8874196000397205,2.841908875387162
1245,21.406460653233808,6.780260964529589
1246,8.652862731833011,5.578647114336491
1247,16.645101532638364,2.362833677791059
1248,2.001826333027566,1.7438136342389043
1249,7.505300208926201,2.3265991751104593
1250,3.5283750854432583,1.8096070195897482
1251,2.025770832929993,1.3889768588123843
1252,5.784377528354526,3.9289008416235447
1253,4.284600337035954,2.6408792287111282
1254,5.618223957717419,1.1298968555638567
1255,3.7623920310288668,1.6096607418730855
1256,2.398259428096935,2.8240539832040668
1257,3.375605850596912,2.9961617642547935
1258,2.983623662730679,1.3570213853381574
1259,6.131610058248043,1.8349760714918375
1260,14.600027395877987,7.925806249724701
1261,2.8607508426648565,4.792357618222013
1262,42.62122842669487,6.008271080441773
1263,47.63183034025133,12.123512240126729
1264,9.31041757017374,8.41223531961441
1265,8.22001838684082,6.307833733968437
1266,3.185004072263837,3.381255076266825
1267,19.288380205631256,3.4455677574514993
1268,5.989480301737785,1.2565560989896767
1269,15.682432398200035,8.005923862569034
1270,2.997382279485464,3.5237324265763164
1271,25.902492195367813,4.069292650441639
1272,7.492727827746421,5.723497837781906
1273,12.659726861864328,2.7413114942610264
1274,24.034528356656665,12.729222023801412
1275,16.02911524567753,8.896112376824021
1276,30.97587722213939,3.5505343675613403
1277,6.737031534314156,3.025976672768593
1278,4.687336131930351,1.3176393434405327
1279,12.163490056991577,4.350991922896355
1280,4.596345100551844,2.1449673091992736
1281,4.329440962523222,1.6872158758342266
1282,3.2367883987899404,2.631866988231195
1283,10.565367430448532,2.1144593142089434
1284,7.24862060835585,4.56160973218357
1285,8.956947959959507,3.581721330061555
1286,7.540972713381052,2.0096059083007276
1287,8.485188986058347,5.048006684635766
1288,5.527897048741579,2.0172360576689243
1289,31.70546118915081,9.867177927633747
1290,8.46376647055149,6.214693538844585
1291,10.47535315155983,5.356314722448587
1292,22.465828128159046,12.394873917102814
1293,11.929744329303503,8.806690611309023
1294,9.537087470293045,2.872222828445956
1295,7.18348199914908,4.266821118071675
1296,8.275160500779748,2.8227655505761504
1297,3.284737202891847,3.7423666417598724
1298,38.386537708342075,14.664994548074901
1299,15.47959254309535,5.220456460490823
1300,14.493592665035976,3.140807833522558
1301,21.73311197757721,1.9580409061163664
1302,16.050096951425076,4.2567193555878475
1303,14.843485355377197,4.871105007827282
1304,14.27871816046536,4.350033458322287
1305,8.137852426618338,2.6761844903230667
1306,18.980363309383392,9.216668773442507
1307,43.83424532413483,3.4753869025735185
1308,13.293428286910057,6.632867401232943
1309,10.157003078609705,10.654221385717392
1310,21.75201267376542,3.3787405870389193
1311,7.644693471491337,3.676593722309917
1312,15.72135144751519,4.3068369794636965
1313,47.56141462177038,5.778603519895114
1314,1.2324836235493422,3.698158454411896
1315,5.960251781158149,3.2380767418071628
1316,8.236683811992407,2.414525808100734
1317,9.90197111456655,2.3669510167092085
1318,9.753878399729729,2.6855676436098292
1319,35.091570469465296,8.594761572778225
1320,7.994869448943064,4.7184064500033855
1321,7.624844859121367,4.611651461571455
1322,11.312090376392007,4.354701898992062
1323,1.6752551714889705,1.5346256549237296
1324,7.000563491135836,1.6261071350018028
1325,3.864777130074799,0.9899148456461262
1326,3.4930089144036174,0.7729825349524617
1327,3.834803838923108,1.8699335847049952
1328,9.82209552382119,1.3418009327724576
1329,5.044564427807927,2.3256505699828267
1330,9.12461690697819,2.620421543768316
1331,10.121360297198407,1.7606316498677188
1332,3.372649371623993,2.0761181213892996
1333,4.314924830570817,0.756617205683142
1334,8.093927633017302,0.5027335690247128
1335,4.5502831696931025,1.2842360202921554
1336,9.93468917766586,4.045206897717435
1337,1.9843201524345204,1.2389813046902418
1338,12.361647337675095,4.64041268825531
1339,5.205429270863533,1.978559081966523
1340,5.969187610549852,1.3323419438675046
1341,4.756590239703655,1.7691877745091915
1342,23.44498444162309,4.165121656784322
1343,7.673740826547146,1.0730236917734146
1344,4.889518730342388,1.0404845358934836
1345,22.65381322801113,6.614835779182613
1346,5.195423129945993,2.3584535443224013
1347,10.8744608014822,3.4323032572865486
1348,66.23622512817383,8.25128885731101
1349,10.630626425147057,2.322438789589796
1350,7.838036606088281,1.7200040754978545
1351,4.454925622791052,0.9785982344765216
1352,5.629993295297027,3.8799720872193575
1353,6.767991453409195,3.239152379333973
1354,11.051085897022858,4.700125797651708
1355,5.682464707642794,2.4416850302368402
1356,7.101214420050383,0.5489657181606162
1357,19.36799268424511,7.192531292559579
1358,12.824870750308037,1.2387076701415936
1359,5.5219164323061705,2.1400978099554777
1360,8.16605031490326,4.067196037620306
1361,4.959331506397575,3.8135861283517443
1362,10.068072617053986,5.133468423038721
1363,4.233604405075312,2.508638546860311
1364,11.498005205765367,2.3000519243068993
1365,3.7392455600202084,2.0378142297267914
1366,4.795230057090521,1.1571562947938219
1367,2.9929163586348295,2.5424622636055574
1368,2.4452333776280284,0.8016329304955434
1369,8.133772384375334,3.609179239720106
1370,10.246328767389059,3.5872196684067603
1371,3.6867773439735174,1.7376682357862592
1372,20.081693639745936,2.1870566175784916
1373,7.082254660315812,2.69697653548792
1374,10.140342444181442,1.7481389137683436
1375,17.17909711552784,8.165456456132233
1376,13.970720248878933,3.767752173822373
1377,4.110106840729713,1.8519613528624177
1378,13.307171940803528,11.798644214868546
1379,3.913661165162921,2.7381414556875825
1380,13.84553810954094,5.51233537774533
1381,9.207621097564697,1.8651764900423586
1382,8.214346158147237,4.015505739487708
1383,5.445180008537136,2.8111385963857174
1384,8.510361689608544,2.5671266833669506
1385,39.51798852533102,10.636755272746086
1386,3.4407739664893597,4.172699971590191
1387,8.501583619043231,3.9073141515254974
1388,8.678851240314543,7.02998433727771
1389,14.796578977722675,3.8894620779901743
1390,12.48855160176754,4.5962971691042185
1391,5.594062710180879,1.6337388067040592
1392,14.9755546618253,1.7383447209431324
1393,10.119636451476254,5.400663906475529
1394,11.426931010442786,7.797280180675443
1395,8.501789619214833,1.1489771594060585
1396,25.386779016298533,8.819536548107862
1397,15.972731120884418,6.087861568899825
1398,11.661518416833133,2.359240807592869
1399,10.276774227619171,5.354017302393913
1400,7.137878889217973,3.6256334204226732
1401,12.427822288125753,2.85411487496458
1402,3.030494252918288,1.0618283685762435
1403,17.985223094467074,5.496947226114571
1404,17.1917139403522,2.8136852346360683
1405,2.018912914325483,2.163524436764419
1406,23.601011145859957,11.200788525864482
1407,20.3334335036634,2.693009492009878
1408,6.74084946885705,0.7470924686640501
1409,10.31800147308968,1.7725618476979434
1410,9.270953595638275,4.076717423798982
1411,7.7723069453350035,3.057408527471125
1412,24.355354629456997,1.862887498922646
1413,3.8720151085290127,1.1220273319286207
1414,13.920145705342293,6.547198643092997
1415,10.437611751258373,2.404526191574405
1416,8.890791192650795,5.464342979714274
1417,5.000863172113895,1.6037664578761905
1418,2.291671226732433,1.0182510777376592
1419,8.263999681919813,4.389387680377695
1420,8.628413697704673,3.992386986501515
1421,3.8564297749107936,2.298961613571919
1422,47.535820121644065,4.25105791632086
1423,9.27855054475367,2.012038151267916
1424,8.22108903156186,2.9887028257362545
1425,32.012857377529144,3.0050657903775573
1426,8.319440715014935,1.3433113390929066
1427,16.68606104236096,7.856231224257499
1428,6.7910992205142975,1.0660734991542995
1429,4.030089668929577,1.416578252799809
1430,2.5035791722913245,0.8507675933651626
1431,57.198053246364,2.885039804968983
1432,5.895083751529455,1.573942699469626
1433,34.84279219806194,2.4747236884450103
1434,7.365195848164149,1.329836108143354
1435,21.218327440321445,4.075211055576801
1436,14.881099118269049,2.9001772142219124
1437,10.578506629331969,3.2139198035001755
1438,4.776728171855211,1.729717779729981
1439,30.199155688285828,2.5859184650471434
1440,25.098807781934738,10.649874123744667
1441,48.243727857246995,5.657288803020492
1442,4.901594631868647,3.5045915353111923
1443,18.439617103897035,2.837652104906738
1444,17.029638660605997,6.057459788862616
1445,18.722339510917664,2.7129563284106553
1446,13.915071535855532,3.2483808593824506
1447,7.9343225955963135,1.6549917047377676
1448,29.540482501499355,2.8347547203302383
1449,45.11199125647545,8.2313028764911
1450,10.194836486130953,4.475467852898873
1451,16.359015765134245,3.8638217747211456
1452,6.02426633797586,4.567726453067735
1453,103.08817715828627,15.937312910915352
1454,31.941800579428673,4.598714634776115
1455,40.452047273516655,7.075587736442685
1456,45.5628382563591,8.242924463003874
1457,15.302491837181151,5.681608155369759
1458,9.496023928746581,4.641557669267058
1459,7.671270325779915,5.3611577585179475
1460,11.099120612256229,5.874557912349701
1461,9.476647481322289,3.5499812066555023
1462,15.321995517238975,11.722663447260857
1463,13.680063632316887,4.358932784758508
1464,34.33975452184677,4.669083863147534
1465,24.30830544233322,6.16714612749638
1466,19.15846413373947,2.948280539341795
1467,29.329185772687197,8.21539072250016
1468,9.893512424081564,3.109263909762376
1469,20.750728845596313,2.1889458540827036
1470,4.504892687117717,1.3501591747626662
1471,30.978674545884132,2.1820062391925603
1472,19.254360493272543,3.828838400542736
1473,14.270046086749062,3.6549508322495967
1474,12.83406588435173,3.034578949213028
1475,9.319180395454168,0.7630177875980735
1476,120.65825711004436,15.65064932696987
1477,13.139904964715242,5.013451635837555
1478,6.745282146148384,4.415295813465491
1479,18.496740928385407,7.085319707170129
1480,15.406338005152065,7.084932493977249
1481,3.848099857568741,3.8740800954401493
1482,43.25435009598732,6.225724944844842
1483,12.448859572410583,2.211092266254127
1484,25.36112488503568,5.337220072280616
1485,18.49290843633935,5.023416449024808
1486,4.868321165442467,4.98844157718122
1487,8.250164434313774,2.123285472393036
1488,10.647615648806095,7.891562129370868
1489,39.6195386138279,3.699705772101879
1490,91.1570206284523,7.517689511179924
1491,19.073601527605206,6.999489177018404
1492,47.13171669840813,4.080107066460187
1493,13.481792222708464,5.39832709915936
1494,10.909125966951251,2.8653483116067946
1495,5.1363924434408545,2.896844245493412
1496,128.50125359743834,19.616824394091964
1497,19.63616210129112,60.91420190036297
1498,2.5112382555380464,2.3219816479831934
1499,30.013587445020676,5.175282817333937
1500,84.8864850080572,3.10982896913265
1501,24.244276562298182,4.506324154790491
1502,9.543559592682868,2.2168763319496065
1503,14.53237121924758,1.1472362375352532
1504,8.831072514876723,2.014546498656273
1505,28.095589748583734,2.557163517922163
1506,5.86663221847266,1.8727292623370886
1507,6.265300394035876,2.7887309826910496
1508,14.034817691892385,1.8128442936576903
1509,8.396532973958529,1.6743076282145921
1510,4.292243383126333,1.6880882367258891
1511,2.9813092538388446,1.8840286070480943
1512,2.240411079471528,1.2188305208692327
1513,10.89854639927944,1.500457779475255
1514,2.5552617755020037,1.538300565433019
1515,3.6223645643913187,2.2228447929082904
1516,3.341558982152492,3.143894818262197
1517,5.3418435151688755,2.1227076705545187
1518,23.0333536923863,2.514399304986
1519,12.003897377697285,22.669779024086893
1520,4.03860011510551,2.5978008955717087
1521,15.915457211434841,10.645148180425167
1522,142.43044674769044,8.304104891605675
1523,4.982312612235546,11.70659197247005
1524,15.890472203493118,7.232155486941338
1525,13.42455349676311,3.0591033659875393
1526,38.887400342093315,5.147287245839834
1527,57.2037965990603,5.141223069280386
1528,13.8187248338254,3.316234300727956
1529,8.272188583388925,1.870521907985676
1530,17.30828137008939,8.257543809711933
1531,7.070510070770979,1.2261625199898845
1532,14.816934287548065,2.372319594025612
1533,9.277399415150285,5.338245000690222
1534,9.179734908044338,4.988608669489622
1535,15.34409351251088,2.9310914501547813
1536,37.85684987902641,1.426318297351827
1537,6.9375415267422795,2.8012487009327742
1538,15.06729932129383,8.546257532201707
1539,11.74737731332425,1.1031110340372834
1540,8.446887239813805,4.755831741495058
1541,5.393256860086694,3.6918276454380248
1542,12.831466414005263,1.505747060989961
1543,12.699334044009447,4.61428895033896
1544,7.3568224515765905,2.641547951847315
1545,6.125821519643068,2.614847447257489
1546,18.184527784585953,7.196798011660576
1547,40.62023428082466,11.10027725994587
1548,6.502810798585415,3.423185986466706
1549,17.11508503705238,6.022860151715577
1550,21.725349119864404,4.787457292783074
1551,33.96596661378862,11.096759131643921
1552,12.92875475436449,2.805561074987054
1553,133.29774109995924,7.741590246558189
1554,25.556840972043574,7.197628438472748
1555,41.76305378973484,4.968718541203998
1556,5.338172199291876,2.663126425817609
1557,26.682813443243504,4.032253611367196
1558,12.208305157721043,2.418974951375276
1559,34.34874666715041,5.555357523262501
1560,18.641282498836517,4.9555894657969475
1561,21.467187860282138,2.531225277482008
1562,199.02462150901556,13.473219294101
1563,53.49268750846386,21.13241834938526
1564,31.937459617853165,9.61774680763483
1565,124.25674440572038,11.941099096555263
1566,49.176969959633425,19.34667418897152
1567,38.92721164226532,15.247155675198883
1568,51.13467126013711,2.965049296966754
1569,99.40033432934433,9.483486706390977
1570,32.9323100913316,6.307631881441921
1571,20.231492053717375,3.911237519234419
1572,38.85138024203479,7.154035136569291
1573,11.54876552708447,4.200352067127824
1574,29.41434471681714,12.054124057292938
1575,13.286091709509492,4.182144619524479
1576,14.994421794079244,11.107280507683754
1577,21.295641660690308,6.408874270200613
1578,16.999851366505027,4.514456862467341
1579,9.992783099412918,1.5489046722650528
1580,7.560858299217216,6.395646198187023
1581,17.89990743994713,4.599655382568017
1582,108.3979334384203,18.517853914760053
1583,32.46722233295441,16.023248443379998
1584,4.933999389410019,7.268982110545039
1585,31.797755397856236,11.485869257710874
1586,18.277148338383995,12.866494443267584
1587,19.13911159336567,29.132513344287872
1588,23.345281490503112,7.473079532384872
1589,17.16890750452876,14.386935809627175
1590,43.99772000312805,8.92909869318828
1591,10.473324991762638,2.152137895231135
1592,10.027690529823303,1.5270530208945274
1593,18.65321095380932,2.955323249101639
1594,15.038060650229454,7.884967423975468
1595,21.48412617854774,6.353941681329161
1596,39.22345179482363,9.287531645502895
1597,10.183812648057938,4.995613375212997
1598,7.568780274130404,3.0604200307279825
1599,6.019054216332734,1.5651980412076227
1600,6.575770877301693,2.3047718887683004
1601,6.851932033896446,2.3944831881672144
1602,19.20851799834054,2.1025983308209106
1603,4.522307701408863,3.6711454917967785
1604,4.746240509673953,2.418941644951701
1605,2.5854581501334906,1.1515571235213429
1606,2.263486795127392,1.2922917140313075
1607,2.7832475637696916,1.7646492502572073
1608,3.3891183499945328,3.396480390802026
1609,10.37888661355828,3.4208984561264515
1610,3.6222880772547796,1.4203278343193233
1611,14.679263051453745,4.539749678224325
1612,11.300725640379824,5.68546698987484
1613,4.133285462856293,7.515417558141053
1614,3.308859830372967,2.086668564239517
1615,3.5338344504125416,2.461456999182701
1616,15.985994458198547,3.280095189809799
1617,4.911523312330246,1.3430709522217512
1618,15.217399328947067,5.156508654356003
1619,12.03754979558289,3.142156525689643
1620,5.140786860138178,3.448006183025427
1621,51.34725896763848,13.097497761016712
1622,1.3804294764995575,1.332067783921957
1623,2.3562971763312817,1.8171668554550706
1624,2.7187911570072174,1.4748638207092881
1625,7.06503425113624,2.5708139738999307
1626,76.8454107891157,6.04098562290892
1627,17.097658783197403,2.2430433384142816
1628,6.936878755688667,4.470607769209892
1629,9.76491897701635,4.923961055799737
1630,13.50744527950883,8.685554919298738
1631,68.86542092775926,5.466738734394312
1632,2.1565790619933978,0.7886066595092416
1633,5.267115320304583,2.9245359849883243
1634,12.403906543302583,7.265124021563679
1635,27.922261995263398,7.987414837763936
1636,11.630011480301619,6.551887147128582
1637,6.003779025399126,3.244031485868618
1638,8.966113275848329,1.9234484983317088
1639,1.3687684496399015,1.5449649340007454
1640,6.365405445918441,2.4381445256294683
1641,51.26913774955483,2.349253822583705
1642,35.98215725179762,6.0599673226242885
1643,2.3531796503812075,5.0193946794606745
1644,129.86362928550807,3.0994614707306027
1645,63.63394874567166,1.9816696788757326
1646,18.998403186444193,4.829769395291805
1647,27.977083191275597,2.0453799217939377
1648,5.009728502482176,5.668153405189514
1649,19.992224959656596,3.868753445218317
1650,18.91035895422101,1.8202279713004827
1651,3.1907833396689966,2.2842784919776022
1652,5.16350007526853,2.19405401032418
1653,16.6661388061475,4.475123777985573
1654,7.53767965734005,2.9501849961816333
1655,16.86059509962797,3.1746980249881744
1656,12.577986061573029,5.608728036284447
1657,6.816144522279501,3.9871758641675115
1658,12.817912583239377,11.589711747648835
1659,5.485440984368324,2.8612106586806476
1660,16.651081169955432,7.499802052974701
1661,15.751170849311166,4.3731975930859335
1662,18.493644503876567,2.24088928475976
1663,94.26625547558069,23.375381626188755
1664,5.967644352291245,6.283048644661903
1665,6.499451979994774,8.317183393985033
1666,10.426892846822739,5.392761267954484
1667,8.392843768233433,3.3344494799384847
1668,9.273087311536074,3.3327258902136236
1669,2.432977316551842,1.163918741978705
1670,28.601432361640036,8.244803577661514
1671,15.53779849037528,8.871841263957322
1672,2.68534567207098,4.066431483253837
1673,4.537052884697914,2.907201161258854
1674,7.6500693038105965,5.986102019436657
1675,6.274244852866104,0.3882454716367647
1676,6.043902829289436,1.896603351255635
1677,0.960853994358331,0.7775569749064744
1678,1.4545331573463045,6.129216797184199
1679,9.33342095464468,8.480153107142542
1680,7.295768788697842,2.462789021898061
1681,8.691612122114748,1.5932463086210191
1682,4.730831794440746,2.625628303270787
1683,11.100056290626526,1.1596938717120793
1684,2.360902212327346,1.5402242171694525
1685,12.381490904837847,3.8222009493620135
1686,15.176944078411907,2.4512207824736834
1687,3.320327650755644,1.2093390203735908
1688,18.817787004401907,6.36106788739562
1689,5.6057931408286095,2.8528471868485212
1690,12.18805117761076,1.7897499079081172
1691,8.414374716579914,2.2851840888615698
1692,11.803056858479977,3.734213039278984
1693,27.950728740543127,3.0214509252473363
1694,13.653983354568481,2.277377356775105
1695,24.145573183894157,5.687526702880859
1696,26.35229817777872,2.668314599582118
1697,5.9937138853129,0.9318953219335526
1698,9.723205775022507,2.695728222373873
1699,14.184079315513372,12.911258855834603
1700,5.039149412885308,1.9248882345855236
1701,15.436521746218204,4.745215833187103
1702,3.1905393708730116,1.8906539526687993
1703,4.957127496600151,2.0815080162137747
1704,12.467896445654333,4.643971636891365
1705,7.9647528156638145,3.9129389505833387
1706,10.97196118440479,2.4426726419478655
1707,8.096457174047828,2.390871125739068
1708,3.667185641359538,1.3083218461833894
1709,21.476290721446276,1.845599735599535
1710,26.269016162492335,3.375042788160499
1711,32.31027097767219,4.46036971360445
1712,25.679034542001318,3.5344731202349067
1713,26.88478628359735,1.5083462267648429
1714,8.329073179513216,1.3913599411025643
1715,5.906793667003512,0.35618698806501925
1716,5.600405529507043,4.521949306130409
1717,11.430841138586402,2.90373726002872
1718,6.336850572377443,3.714011168340221
1719,12.461560847703367,1.259631542954594
1720,14.566270831041038,3.869101265241625
1721,3.1147839800687507,2.444484024308622
1722,10.489812076091766,6.732338000787422
1723,6.1909992415749,3.0733177242800593
1724,7.910082035290543,5.8613292027730495
1725,7.5193975906368,1.3926720996387303
1726,6.431825898587704,2.729752693325281
1727,18.671338956803083,2.7229334527801257
1728,6.781131356023252,0.5980310134627871
1729,4.311899786349386,1.6259641591459513
1730,6.108879735061237,2.7923736050724983
1731,12.066331322537735,6.7554032993502915
1732,8.32348330435343,2.709305776137626
1733,2.6382652065949515,4.404053777456284
1734,6.673887453973293,6.995176050812006
1735,3.11631403490901,2.1776818986982107
1736,10.631447855848819,2.4440467262174934
1737,17.325669208788895,3.835951809771359
1738,6.286009952425957,2.5159791309852153
1739,11.621033900417387,1.7314937964547426
1740,3.690184634178877,3.3773812519793864
1741,15.494492603465915,4.129469905048609
1742,3.9922913792543113,1.6314535245765
1743,18.915720623452216,7.634530828217976
1744,0.736378778836297,2.033722019288689
1745,11.630890551256016,1.8159149467028328
1746,1.9712539799511433,1.6856356314965524
1747,10.571973434649408,0.9896459211595356
1748,5.356850630196277,1.6657916052354267
1749,28.4654560983181,1.46019343030639
1750,3.2140482487156987,2.948692894540727
1751,5.9483847245574,1.5696677337400615
1752,55.1715844408609,15.048773869872093
1753,7.71068193949759,3.8856952424685005
1754,6.052917138531484,1.3595814215950668
1755,4.693038381636143,2.0512219625525177
1756,6.624054543673992,2.3502996970873937
1757,23.27499417871877,2.791105502517894
1758,7.904572490602732,1.6653961004922166
1759,9.778642326593399,2.0466248244047165
1760,12.311445225030184,3.3329229475930333
1761,19.329433798789978,1.4659261324704858
1762,15.657090400345623,3.2099369391798973
1763,8.53329049795866,2.283578110858798
1764,2.069764532148838,0.5194943064125255
1765,7.414458647370338,3.6810179171152413
1766,24.428870146162808,8.538377253338695
1767,10.158677972853184,4.254634224518668
1768,7.235252803191543,3.248649867695349
1769,6.486314853653312,1.792296390980482
1770,15.38316298648715,6.127018427476287
1771,10.560867278836668,2.457191789522767
1772,9.757066071033478,6.084168594854873
1773,9.560864301398396,3.299902565777302
1774,10.088507730164565,4.289847461506724
1775,2.7553069358709763,1.919189629261382
1776,9.445889603346586,4.718023873865604
1777,36.17803270928562,9.853229881380685
1778,4.099057871848345,2.297123229247518
1779,6.191049799323082,7.45074944361113
1780,8.803206819109619,1.3921894256491214
1781,60.51336723566055,6.771470928564668
1782,26.679599395021796,3.8759606424719095
1783,24.888192117214203,1.9227461091941223
1784,24.53056827560067,8.733376736752689
1785,13.369696401059628,2.8811306431889534
1786,27.93784087151289,11.256047576665878
1787,19.084877857705578,6.132005497813225
1788,31.69562903046608,7.946765590459108
1789,20.63440629839897,3.3068154007196426
1790,9.754489587488933,1.87382348254323
1791,10.98838596045971,2.282193187798839
1792,32.71947607398033,11.67681492306292
1793,23.639817781746387,4.582652591459919
1794,6.132340207695961,3.1088092420250177
1795,10.58982540667057,4.093219231450348
1796,6.969982359092683,1.8178208600729704
1797,12.585796244442463,2.108516851440072
1798,5.162310698069632,4.098279043333605
1799,25.2758661955595,7.640192716382444
1800,2.7721961215138435,1.8942494317889214
1801,15.613295931369066,2.4904844760894775
1802,7.344459928572178,1.9208718547706667
1803,5.193234816775657,2.2632250442402437
1804,8.908550195861608,3.337452469393611
1805,13.826628541573882,1.1458892199443653
1806,5.026925673475489,0.9898026138544083
1807,9.43134222435765,2.5008264933276223
1808,14.618513875175267,1.5682544100563973
1809,7.7737059141509235,2.5023863210808486
1810,4.657727381680161,2.6180529366247356
1811,9.279835108667612,0.5816288870410062
1812,3.530320258199936,1.3132360614836216
1813,3.6116058754269034,1.471094680367969
1814,14.87348535656929,1.7291626408696175
1815,22.651575598865747,8.432114919647574
1816,11.81753627571743,3.381462887278758
1817,15.22220610640943,3.0114347599446774
1818,16.144322864711285,3.1929750428535044
1819,25.8645079433918,4.665563575923443
1820,11.004761881544255,2.590867148945108
1821,9.398343168199062,2.0424112158361822
1822,12.068724745884538,2.17018327570986
1823,13.108244163217023,2.2719044778496027
1824,6.797834010729275,0.7896357839927077
1825,6.303011626354419,1.6182573662663344
1826,44.287275310605764,5.700553599745035
1827,17.102610798552632,3.2555053532123566
1828,14.852772357873619,2.727513924241066
1829,12.103067385964096,4.050329566001892
1830,5.748693252215162,3.285171538591385
1831,21.31632112711668,4.268227499444038
1832,5.549754051491618,1.4003424665133934
1833,11.68546013534069,3.0289176502265036
1834,16.44865995645523,1.682193087093765
1835,11.49665643274784,3.428114267066121
1836,7.812745003728196,4.318019649304915
1837,38.39339854860009,6.821765661239624
1838,16.52296280860901,2.707602061214857
1839,9.756211493164301,1.9781246986240149
1840,14.662727956660092,2.553192710503936
1841,9.651938965544105,2.0367603902705014
1842,3.8961394054058474,0.6485712444409728
1843,4.9645487787202,2.078053380071651
1844,8.248572513461113,1.4285228652879596
1845,4.70702825859189,1.7542680428596213
1846,4.671613649465144,1.648202883079648
1847,15.688137346878648,3.8422379503026605
1848,13.325584039092064,2.1060857996344566
1849,49.57070517772809,2.33288505487144
1850,25.03072553128004,8.977658995660022
1851,44.777640759944916,6.55251299727388
1852,2.5702967909164727,2.903907890897244
1853,4.460704918950796,1.7329628868028522
1854,8.84685206413269,4.376013029366732
1855,10.292014628648758,5.753320228308439
1856,3.07021508179605,2.455663053828175
1857,24.031094945967197,5.870491694891825
1858,36.04947099322453,4.664615297224373
1859,5.252525091171265,3.245340106310323
1860,21.219225257635117,5.9360225988784805
1861,4.782456268556416,2.5853246846527327
1862,13.789733245968819,2.3858747323974967
1863,10.66692362818867,3.3579941201958547
1864,13.864037118852139,2.286966582214518
1865,5.058696046471596,3.363170772747253
1866,16.4394488716498,4.71066412422806
1867,5.572629760950804,2.164058353751898
1868,29.13579750061035,9.049204667564481
1869,6.839300455292687,1.0591006283757451
1870,3.5792496521025896,1.2465056495275348
1871,54.7534703835845,9.391679694876075
1872,36.156539607771265,10.053591703996062
1873,5.242733908351511,1.8476125721354038
1874,11.815309585650994,2.8523726649582386
1875,11.372133687138557,2.121556406840682
1876,4.4506969302892685,2.3552368115633726
1877,1.4347406881861389,0.9566082787350751
1878,3.1290424646576867,0.6583802904933691
1879,6.031750482972711,1.9823037066089455
1880,11.624458194244653,3.8895441234199097
1881,2.4604429496685043,1.6152561753988266
1882,3.095611584431026,1.717157936654985
1883,6.926911853253841,1.53221819922328
1884,12.555679038167,2.6772063858807087
1885,7.552974320948124,4.238703986397013
1886,23.174373166635633,4.296826163918013
1887,5.168593270384008,3.4228069316595793
1888,10.954894602880813,1.1230619573034346
1889,4.334882967174053,2.7651926912367344
1890,3.12857385026291,1.532101242501085
1891,2.3582245279103518,1.6537618995644152
1892,2.604109140112996,3.206198063446209
1893,2.6095491079613566,3.589061761274934
1894,6.324016331345774,1.9581636026705382
1895,2.9802583516975574,1.4362469166517258
1896,4.973113913089037,3.9370765015482903
1897,11.847393745556474,4.128097105771303
1898,4.914505218621343,2.0350318532437086
1899,19.127184258773923,4.776856045471504
1900,1.835416877642274,1.2912081629037857
1901,7.329517595469952,1.1660311305895448
1902,16.783220581477508,2.136936252936721
1903,2.305976577103138,1.8667835877276957
1904,14.374302707612514,4.982393069192767
1905,17.186999751254916,6.723894897382706
1906,8.771344166598283,1.3925819295691326
1907,4.028336786665022,1.5596081957919523
1908,8.243292478844523,0.7855285651749
1909,1.8601056826882996,0.44565195724135265
1910,5.0568856108002365,0.7782339407131076
1911,29.17016909942322,4.919563666662725
1912,8.668480083346367,0.888878240599297
1913,10.858177632791921,3.3048221618228126
1914,6.296854465035722,1.1161527330987155
1915,17.225318389362656,2.0330766420811415
1916,12.294649933464825,1.8276426810771227
1917,8.08755127270706,8.553394110873342
1918,4.849419558420777,2.479961144272238
1919,9.270165280205703,7.790515867993236
1920,28.482307779835537,2.9604282148648053
1921,2.7156641259789467,1.2053062031045556
1922,1.234248336055316,1.181859583593905
1923,9.358472723513842,3.793839150108397
1924,15.019454235211015,1.1976544792341883
1925,3.0881183594465256,0.5856652221555123
1926,1.7600174169638194,0.8084289915859699
1927,8.24973580124788,1.4607328900601715
1928,4.609795454889536,2.762969270348549
1929,2.4293438992463052,0.6667561271922295
1930,1.8301089345477521,1.7354245059541427
1931,5.2036515672225505,1.2755993753671646
1932,7.482063483679667,2.3063084473105846
1933,6.574291534721851,3.0803119726479053
1934,8.980052843224257,2.3233191184699535
1935,31.341400153934956,3.9295247569680214
1936,10.42609532107599,5.890956083312631
1937,3.90679744631052,5.313807778060436
1938,7.572173394262791,1.9709657305502333
1939,3.921356499195099,1.8435577899217606
1940,2.4268214907497168,1.8954395316541195
1941,4.0559449046850204,5.145932529499987
1942,10.46155497431755,5.297676294110715
1943,25.755325831472874,8.394819408655167
1944,18.42320421210235,4.469615996582434
1945,4.711520538199693,3.873480206471868
1946,5.006327100665658,5.82667929836316
1947,1.9523201851407066,1.7266596762929112
1948,3.097712245536968,2.4720724374055862
1949,10.213092350400984,4.96338365226984
1950,18.586727333255112,4.887943379580975
1951,6.7768538699856435,3.8139753028808627
1952,8.6961624417454,4.334451727569103
1953,11.08191489474848,3.3803278373725334
1954,2.5910664843395352,3.1350190812618166
1955,4.910354660183657,3.7162598557770252
1956,20.387470066547394,1.4059755047783256
1957,0.7678272696211934,1.5503614358603954
1958,10.51756608310825,1.6913779895185144
1959,2.8223900692537427,2.0414678379893303
1960,13.996420382085489,0.7611754909157753
1961,10.284694149158895,2.914179267594591
1962,1.9116327073425055,2.0132852235401515
1963,0.9599141580983996,2.231587563175708
1964,2.490325073245913,3.289510803297162
1965,7.430782216513762,0.8623869209550321
1966,4.682139044394717,1.669798239134252
1967,18.834344419417903,2.68284276034683
1968,1.9622834117835737,1.5699244542629458
1969,4.274946013465524,5.716968187130988
1970,5.18995579960756,2.057936040800996
1971,22.99866431951523,1.6290952939889394
1972,4.521135702729225,3.670883469749242
1973,1.7355150990188122,0.7712594578042626
1974,16.0115644603502,1.2343107227934524
1975,5.208640558179468,2.830671317409724
1976,2.0744432609126306,2.9515775876352564
1977,11.158073160680942,3.270800897385925
1978,29.59540054370882,4.659540488384664
1979,2.400685998611152,1.2048508375883102
1980,8.789244684856385,0.5609044281300157
1981,17.01329151703976,6.314914077334834
1982,3.6597226676531136,1.8759222654625773
1983,1.4255601299810223,1.1276091914623976
1984,6.268620513379574,1.555564699403476
1985,6.076470648869872,2.3310087683494203
1986,17.02099558711052,1.5973592380760238
1987,19.094207373214886,2.3388485927134752
1988,3.368722705170512,0.8199265171133447
1989,4.9283990282565355,1.5122844986617565
1990,4.099807372316718,1.8415566915646195
1991,19.045095685869455,0.6433620045427233
1992,2.184689142741263,0.5729151093837572
1993,2.9752706214785576,1.2113889711908996
1994,3.5744674718007445,1.0796854859218001
1995,1.417891500670521,0.8949639871716499
1996,5.63916638988303,0.7058303383601015
1997,4.691292513627559,0.41291286243358627
1998,2.0060783997178078,0.6413531883154064
1999,13.81565407346352,1.1834992833901197
2000,2.419853819999844,0.6606097621843219
2001,3.451294431279507,0.9870185952167958
2002,2.3706129532656632,2.4157361706602387
2003,3.1118986125220545,2.2410171646624804
2004,9.622371897101402,5.286354310810566
2005,12.453329921354452,5.834589454578236
2006,5.228459561243653,1.8032837682403624
2007,10.081239982508123,4.61388664948754
2008,5.4324778551235795,0.8271225821226835
2009,7.554772947099991,1.6497441763058305
2010,4.9528486838098615,2.124359177891165
2011,11.1844780202955,5.434458359377459
2012,4.523368414491415,1.878863551421091
2013,38.50687587354332,4.711378825828433
2014,2.7249906919896603,1.202553973744216
2015,4.877503582800273,1.7812567509245127
2016,3.4549915783281904,2.007584187675093
2017,20.30399614572525,6.545078858733177
2018,10.14070507033648,2.2930048905545846
2019,10.934888169169426,8.822656373959035
2020,3.657137423986569,1.211537862662226
2021,6.278805196285248,4.760065259644762
2022,3.335833642515354,1.4620828926563263
2023,7.184601954184473,4.523114772513509
2024,18.112722554709762,2.4984452752396464
2025,15.550639167428017,5.031446860637516
2026,6.953490346670151,2.863578834105283
2027,8.021284729242325,1.9646394699811935
2028,5.442193433642387,3.982916943728924
2029,20.649078557034954,5.038344077765942
2030,11.780416682362556,7.1856358759105206
2031,16.14308893913403,4.494917634874582
2032,10.437479700893164,38.253155402839184
2033,10.914687287062407,4.807307380717248
2034,9.725713340914808,18.945084636099637
2035,25.11628062921227,7.794904827198479
2036,10.24637870490551,9.635195387527347
2037,6.012661527842283,5.8618137675803155
2038,7.370972365140915,7.019328702241182
2039,20.889378011226654,13.352303774096072
2040,93.1588846296072,2.1160398991196416
2041,15.248491197824478,3.802721295505762
2042,35.50376422749832,10.013382209755946
2043,109.95121102035046,6.076621910557151
2044,20.8325912989676,16.171199116506614
2045,14.463333602063358,9.34666496515274
2046,16.24561223015189,6.725382998585701
2047,204.1594655213412,11.589884139597416
2048,6.206710979342461,7.994171354177524
2049,38.48451171070337,13.030829529630864
2050,6.3166874554008245,9.181396646425128
2051,25.860914558172226,5.640360170044005
2052,25.514796114061028,4.776849308000237
2053,172.39389058947563,73.64257458318025
2054,17.47479146718979,13.60735601070337
2055,8.79999834409682,8.17888073506765
2056,9.619084511243273,10.62482014298439
2057,24.564219534397125,7.962967650499195
2058,8.187900021672249,6.00033129286021
2059,4.60920460842317,9.817752715200186
2060,4.743878278881311,6.812733940780163
2061,5.733802901231684,5.341144140809774
2062,7.906935321167111,4.615006684674881
2063,2.0747936759144068,3.750610685441643
2064,6.672426998615265,4.3550553768873215
2065,9.493973355740309,3.365852382965386
2066,8.751163594424725,3.188947359099984
2067,10.425904341042042,4.3074118450749665
2068,9.18965858980755,5.039344060700387
2069,12.677006125450134,6.164976311381906
2070,1.1032824172743858,1.7012974917888641
2071,5.23134300235688,3.1794405835680664
2072,4.989730300498195,3.0800254279747605
2073,10.668301090598106,35.13352631777525
2074,4.661418081261218,2.1652293726801872
2075,6.316086926613934,5.582721315469826
2076,3.886625080544036,1.8829337631977978
2077,5.290251239137547,3.8117795325815678
2078,1.0367305246181786,1.054585323727224
2079,4.1949157779163215,6.22405541385524
2080,6.552907974459231,3.7452098671346903
2081,8.167388947680593,5.316834420664236
2082,1.8752974905073643,0.9904764224775136
2083,5.428296277132176,2.060877711744979
2084,6.13114488706924,3.2225462491624057
2085,6.372012784704566,1.2425900488742627
2086,4.5085176676511765,2.561478467658162
2087,14.279989888658747,5.006092524155974
2088,22.09199745208025,2.8906958922743797
2089,8.864670464769006,2.718949757516384
2090,12.296335153281689,1.1966298281331547
2091,4.795311979018152,4.272781823463447
2092,10.932891216129065,0.709183951432351
2093,5.71705515589565,2.2903920225799084
2094,7.049970552325249,1.647964618052356
2095,3.7295142957009375,0.9016117446590215
2096,7.37074308260344,3.467530932277441
2097,3.9204684195574373,3.4372042478062212
2098,3.4929093345999718,3.754326121415943
2099,9.664827345870435,3.324533998966217
2100,13.163222617469728,2.4735587891191244
2101,7.224299788940698,4.527985660359263
2102,2.8944451317656785,4.753881372511387
2103,4.565859462341905,0.5758686759509146
2104,10.23008081491571,15.070970533415675
2105,3.904200652614236,4.611566189909354
2106,8.211467305198312,1.6386614684015512
2107,18.474860545713454,5.446304529905319
2108,11.78296166000655,4.816417535766959
2109,24.942549692466855,4.129084216896445
2110,9.367541718296707,4.916180293271282
2111,6.716303660476115,3.5197392438640236
2112,13.464679777622223,5.111218155361712
2113,5.933821171987802,4.917589747114107
2114,2.1463756724260747,1.4203876499086618
2115,2.4856067921500653,1.7918227182235569
2116,11.617366738151759,9.002578349784017
2117,3.063041310339031,1.2237500369083136
2118,6.811311915924307,2.831228335388005
2119,8.540190051775426,2.607305347919464
2120,11.480524054146372,1.8616590527817607
2121,4.002954862895422,1.2498106337152421
2122,18.38971847295761,5.324746906757355
2123,1.8136302561033517,1.4759044201346114
2124,3.321842709556222,2.261949166189879
2125,5.069644237868488,1.8826076574623585
2126,4.411102746613324,3.1241795050609653
2127,17.92333310842514,2.7080146353691816
2128,17.47819443233311,3.977568528498523
2129,22.560622718185186,10.661218048368028
2130,5.112076878664084,3.7558595165610313
2131,6.777827647631057,1.5440390342846513
2132,5.074428042396903,1.9002868416719139
2133,4.408191503236594,2.371564327273518
2134,8.963219393510371,1.3090699561871588
2135,17.213895850349218,8.479673158377409
2136,48.679378375411034,3.897535958327353
2137,33.95707951486111,12.77812291122973
2138,5.664720440516248,2.124049564357847
2139,2.4760839813388884,2.535470991861075
2140,41.0323952883482,10.000210545957088
2141,4.443763880291954,1.4036003563087434
2142,12.95036455988884,3.804427422583103
2143,13.948938788904343,5.79624647134915
2144,8.995346680982038,1.4913366335676983
2145,4.189989672740921,1.928605355322361
2146,39.666226368397474,21.67085612937808
2147,1.4968120157718658,2.757964475546032
2148,3.126133134588599,2.0499819116666913
2149,34.581487097311765,12.110750223160721
2150,49.3596403726165,3.3642835492501035
2151,26.427279077470303,4.797037521377206
2152,17.058157939463854,11.723862640559673
2153,7.077408019693394,3.714371438953094
2154,10.204042488709092,5.023395890486427
2155,1.93891716375947,3.096714470302686
2156,3.1947588473558426,6.661311965435743
2157,5.598700612783432,5.505643061827868
2158,6.3299643360078335,6.221912547945976
2159,6.25640155817382,2.7339174188673496
2160,3.7603597240522504,3.6028722991177347
2161,6.669059727340937,2.872591707855463
2162,6.831074681133032,4.446825459599495
2163,7.612246448174119,10.987065948545933
2164,10.57888650894165,4.931988073512912
2165,6.639463743194938,1.954879102006089
2166,6.528706656768918,1.6825372576713562
2167,44.08116106502712,13.652932154014707
2168,6.1883978843688965,3.4193651892710477
2169,28.03313441161299,3.1643149703741074
2170,6.515316402539611,4.029637560481206
2171,4.28413363546133,1.4666227232664824
2172,6.861024023965001,4.146820873953402
2173,12.06018751859665,2.5745540857315063
2174,15.224655747413635,2.81613243278116
2175,1.5853133555792738,1.5337609183043242
2176,56.691993713378906,4.389271078631282
2177,3.5285871844389476,2.002380683203228
2178,3.6122597814683104,1.843778507784009
2179,3.8159965239465237,3.081806274938117
2180,6.999004755169153,4.3770308861276135
2181,3.626540116034448,2.6836686335736886
2182,32.29373497515917,3.951052271298977
2183,20.468380212783813,8.465927495621145
2184,24.237671088427305,15.553188993995832
2185,9.458745136857033,3.1719813788076863
2186,13.157180190086365,1.7141662277281284
2187,14.065760675817728,11.365558281773701
2188,14.438049783930182,5.936101188417524
2189,5.1781057100743055,4.514351893682033
2190,8.356606245040894,2.916139787994325
2191,30.932725008126,4.047171074897051
2192,4.861843041609973,1.307974648061645
2193,10.515952691435814,3.9668050035834312
2194,72.9368938356638,4.190402813255787
2195,14.921601114561781,10.657353855669498
2196,13.350318148266524,6.860693104565144
2197,5.89753407612443,0.8847875682113227
2198,9.534981163218617,4.699177876114845
2199,17.403516445308924,4.304414680460468
2200,8.245075315819122,3.462496943771839
2201,3.818641041405499,2.5195599966682494
2202,2.8447023787884973,2.4044748339802027
2203,2.9685867726802826,1.335523122921586
2204,2.981557982042432,3.2743281946895877
2205,17.226079338695854,6.985082045197487
2206,5.423129219561815,2.883412991883233
2207,11.200781881809235,3.9495040476322174
2208,4.606479378882796,2.974930055439472
2209,7.873006418347359,4.287948930636048
2210,1.9854243346489966,1.359823300736025
2211,6.368210280314088,2.9919767901301384
2212,8.872600444592535,3.599075745936716
2213,3.2969375560060143,1.1043169853510335
2214,9.677028538426384,3.4389756845339434
2215,4.426503296941519,3.4906519409269094
2216,5.001845486462116,2.811450689290723
2217,3.526041505858302,4.0877549555152655
2218,3.070216522552073,2.1131883049824864
2219,36.99944398552179,11.923578036130493
2220,14.278805927238864,5.741301436174126
2221,32.41635396331549,19.965019434690475
2222,11.102926895022392,3.7007888108491898
2223,15.998106226325035,3.478302491013892
2224,14.136303408071399,5.5651379572518636
2225,7.059377823024988,4.943743357434869
2226,9.93724849820137,5.690093271434307
2227,14.273982524871826,7.061734423041344
2228,39.34409505594522,14.915922436863184
2229,13.62324080430335,1.9922497905790806
2230,10.5847692117095,4.747337356209755
2231,4.41280884295702,4.183641593903303
2232,10.718072075396776,3.5979651138186455
2233,8.400463506579399,2.860210634768009
2234,13.291325367987156,8.394042313098907
2235,14.479654222726822,6.117143448442221
2236,14.219673812389374,3.1628668080084026
2237,15.487200029194355,6.446044843643904
2238,25.401465341448784,2.0537434574216604
2239,14.339601382613182,2.9031316563487053
2240,13.037180090788752,6.719115931540728
2241,24.213543266057968,5.124000496696681
2242,36.026553998701274,8.625899018719792
2243,12.367015162482858,3.8256618063896894
2244,17.346454948186874,6.966427057981491
2245,16.063918620347977,2.877944841980934
2246,20.332248345017433,2.961963377892971
2247,13.076863830909133,7.69750795525033
2248,20.666032820940018,6.3148840963840485
2249,20.456162199378014,6.9515936728566885
2250,16.7090622484684,3.587777943816036
2251,14.665455240756273,1.3879549033008516
2252,14.734784483909607,3.676954991184175
2253,15.266508706379682,3.0684979120269418
2254,15.96174105629325,1.4631224422773812
2255,10.368465937674046,3.779166866093874
2256,4.483139630407095,1.367683776305057
2257,20.96396165341139,2.3547799848020077
2258,13.325462233624421,5.8683438072912395
2259,16.19574698805809,2.598262774030445
2260,26.179448794573545,4.256602739915252
2261,6.914957690984011,1.2846751464530826
2262,8.764240414835513,2.975076427683234
2263,33.72778108442435,5.183200167492032
2264,16.78047748678364,3.940660336986184
2265,14.518397954292595,1.1516491924412549
2266,5.109918068628758,3.240705201154924
2267,11.322476197958167,4.627738314215094
2268,8.620540734846145,3.925247989827767
2269,6.370407711947337,0.6650752214263775
2270,20.616652324795723,3.8079770002514124
2271,2.3511523455381393,0.7990218887789524
2272,12.71378580853343,2.09818085283041
2273,5.1351427445188165,6.983761064708233
2274,11.887730419635773,3.1337646106258035
2275,21.71286229789257,13.567508781328797
2276,14.29742868617177,2.9176900051534176
2277,4.513413226930425,1.0828040585038252
2278,7.875626385211945,4.4880132377147675
2279,5.0459212604910135,3.9131021081702784
2280,9.107085898518562,2.1621047956869006
2281,5.765414812896779,3.204397381283343
2282,3.669592790698516,0.5231846123933792
2283,2.9561122432351112,5.024942757096142
2284,2.98811451648362,1.550200485275127
2285,5.4779094203258865,1.4000227972865105
2286,8.931712155928835,3.905101729091257
2287,10.83505629003048,2.892100714147091
2288,1.7758028440730413,0.8705320358276367
2289,3.2998647578060627,1.5391089420882054
2290,14.815198346972466,2.681451093405485
2291,5.143575178459287,3.8227897837609817
2292,20.52008852866129,2.3167427491716808
2293,6.523053843528032,1.334510574117303
2294,7.1975414380431175,1.2423658174448065
2295,2.512505680322647,1.7295802365988493
2296,1.5973435807973146,0.38398569938726723
2297,3.368188474327326,1.8361795204691589
2298,3.8500183618161827,1.6670413917308906
2299,46.62497086310759,11.371762733906507
2300,5.772879272699356,1.7897719307802618
2301,3.2905371077358723,1.160928001627326
2302,4.1850549100072385,1.8151639830321074
2303,5.2001158110797405,1.2674035299569368
2304,3.990331875422271,2.4268697640864048
2305,3.7920403856551275,1.0374585003592074
2306,6.664904359728098,2.7737944908440113
2307,15.85676654445706,3.047798367217183
2308,37.18776438385248,1.4659771863371134
2309,11.232357762753963,3.173077091574669
2310,14.7486013174057,4.086732782423496
2311,3.3615301568061113,0.8145055561326444
2312,34.141857385635376,11.39119783975184
2313,11.410621136426926,1.494861346674952
2314,75.18317083269358,7.173297882080078
2315,63.13704741001129,6.906071432575118
2316,72.3801810592413,2.1161893731332384
2317,18.957359090913087,2.773998851473152
2318,11.758887730538845,1.7266048295423388
2319,8.133429825305939,1.0742663154414913
2320,3.981176435947418,0.8852749743673485
2321,14.305312719196081,3.783265409991145
2322,2.209299098700285,0.8616779008880258
2323,46.705162435770035,2.457681673578918
2324,16.570041352853877,2.9357088040560484
2325,24.160424932837486,3.692506855353713
2326,17.61061279475689,2.752451258013025
2327,8.460348166525364,3.459603361785412
2328,11.19927553832531,5.182614894059952
2329,16.27396576711908,2.2586869318038225
2330,8.799175336956978,3.9715817403048277
2331,3.0112060382962227,2.7756923125125468
2332,42.880624277633615,11.727001460123574
2333,6.515334860421717,2.391508649336174
2334,14.173689411021769,4.104416931180822
2335,8.42658926686272,5.729162409901619
2336,13.974488022038713,2.7944510895758867
2337,15.079389877977519,0.875849234405905
2338,40.350166893564165,4.477853866934311
2339,52.44795023649931,2.6704097436740994
2340,51.916989744175225,7.527114972472191
2341,14.25797583675012,3.135373870735748
2342,16.699418179690838,1.8828702811297262
2343,11.656577974346874,0.699417422991246
2344,5.824648377485573,4.341423571808264
2345,15.456349002663046,0.6377226933836937
2346,11.08291047415696,1.2439116513633053
2347,3.433660941431299,1.6825229571259115
2348,3.7492077983915806,1.7515009664930403
2349,1.5351142857372224,1.5651414804160595
2350,2.1475305119529366,0.7008069157600403
2351,39.64313484355807,2.2729905638843775
2352,6.389488544938558,2.2768615800887346
2353,6.393770784139633,2.6582674260498607
2354,3.177296508103609,1.3061231840401888
2355,47.715516462922096,1.313198356423527
2356,18.146479188930243,2.919666651636362
2357,51.376499356672866,0.8890420119278133
2358,6.9697612673044205,1.106513046193868
2359,11.566356219351292,1.3498776210471988
2360,2.2430532071739435,2.118108023889363
2361,26.9659079387784,3.0020166581962258
2362,77.02061654757017,8.213414006633684
2363,43.654488895088434,10.768609835016832
2364,13.343675266718492,3.6070062014186988
2365,8.871714425971732,3.6811114260926843
2366,7.186845298856497,2.2547441602509934
2367,16.17890140041709,4.9770605862140656
2368,2.6784378439188004,2.559773922112072
2369,42.18167965462271,2.4454542237799615
2370,7.786542137153447,4.249836464645341
2371,3.2632946926169097,1.178697699768236
2372,5.38548375852406,2.1606933986768126
2373,2.7539192512631416,0.5373459921684116
2374,9.229243220761418,2.706683747470379
2375,3.9547901647165418,1.743544246579404
2376,8.827306130900979,3.408728729467839
2377,1.766347768716514,1.6440874328836799
2378,10.761230926029384,1.8714681051205844
2379,18.80961938202381,13.67198338493472
2380,5.73451944450062,9.137320809008088
2381,26.4377646073699,4.7281693808618
2382,16.127368941903114,12.962029367685318
2383,15.404248982667923,4.026230257004499
2384,11.142137449234724,7.65682325232774
2385,12.091149477288127,7.603428974747658
2386,14.354811493307352,3.8306411681696773
2387,17.29762864485383,10.125512894243002
2388,29.305460644885898,11.117447817698121
2389,10.269747517071664,2.944667727686465
2390,9.415512748528272,4.574695584829897
2391,10.71438155695796,6.901664093136787
2392,14.032055739313364,3.765846615191549
2393,15.303642177781967,4.122417813632637
2394,13.364441232290119,3.057868246920407
2395,23.582780599594116,2.4896518886089325
2396,7.656336918473244,2.125051708891988
2397,17.656231643632054,3.8848941044852836
2398,20.67163171619177,4.758864063303918
2399,33.88648234307766,6.182363964617252
2400,10.675920754671097,3.990817707963288
2401,18.2881121635437,4.293123619325343
2402,13.320177838206291,5.904759667813778
2403,13.346615806221962,7.820784059353173
2404,24.320293843746185,7.5076297372579575
2405,6.152702982537448,2.0542742908000946
2406,17.136261507868767,3.826450520195067
2407,15.44108222424984,5.0058130994439125
2408,22.83248357474804,3.1565390629693866
2409,50.04945360124111,10.981568051502109
2410,36.93008173443377,6.136193202808499
2411,61.256339840590954,10.337564876303077
2412,14.931446748320013,7.550116132944822
2413,11.370997439342318,3.9553097784519196
2414,5.434390928596258,2.433426535430044
2415,6.09570674598217,2.3248543036170304
2416,10.07445403240854,4.278302462073043
2417,9.079799637198448,4.232821695506573
2418,13.829028000473045,7.782797756153741
2419,11.386766031384468,2.67970684543252
2420,11.9259758584667,3.063452216756559
2421,14.588844936341047,1.8346783982815396
2422,5.816223308444023,2.552916122265742
2423,2.97814755467698,2.132964427699335
2424,7.5471226423978806,2.2719330228865147
2425,16.016094109334517,7.551868088950869
2426,6.841240131063387,4.045482262503356
2427,8.732590895146132,2.430712358269375
2428,11.261544381501153,1.4949358193262015
2429,3.9710255302488804,2.079082521609962
2430,5.480721294879913,1.4278541654348373
2431,9.397093660663813,4.326186068821698
2432,24.012864106334746,16.179226437583566
2433,27.30670629022643,3.8379561696201563
2434,1.1431019037845545,1.0838459841907024
2435,3.1307165596517734,0.5507442149100825
2436,8.741400748491287,3.087109513580799
2437,6.6738441329216585,3.409598292048031
2438,6.445607142883091,4.8554440145380795
2439,4.3807702623307705,3.9988465300993994
2440,9.724216856528074,3.834254660643637
2441,3.848607512190938,1.5213131674099714
2442,3.157107184524648,1.2082371747819707
2443,1.7157731475308537,2.38959400850581
2444,2.692703862067674,1.038718931376934
2445,1.7344965108204633,0.7885332779842429
2446,1.8943924326449633,2.2026790169766173
2447,8.759913730667904,6.977960244752467
2448,30.106046576052904,0.9909065318106514
2449,4.600836661062203,2.115316506708041
2450,2.8590248862747103,1.1167173525318503
2451,13.320993218570948,0.9797172546386719
2452,1.0665180056821555,0.8138115473702783
2453,4.156109725568967,1.972418931312859
2454,5.146665653213859,1.9773164170910604
2455,13.910352590028197,20.662081183865666
2456,3.0703946583380457,3.5880952859297395
2457,3.63914367929101,1.7938924506306648
2458,21.258187598679797,7.873816846637055
2459,2.64687769417651,4.250726058726286
2460,1.6118750583264045,1.3711883183568716
2461,6.064055729657412,5.812015265226364
2462,2.7755753388628364,2.7715220464378945
2463,2.876671331876423,1.7805321454470686
2464,4.461984954163199,2.2419541531126015
2465,4.837049480527639,2.3246540250256658
2466,15.729968397296034,1.2552077663131058
2467,1.9583468344062567,0.8932678326964378
2468,5.530980570940301,4.653542356565595
2469,2.163192799271201,1.9903984690463403
2470,5.147478426340967,1.6105550178326666
2471,5.933542761107674,5.787000954151154
2472,20.031259494833648,3.5620255220273975
2473,2.1389716528356075,3.032123656012118
2474,9.479432601481676,4.742908399552107
2475,28.63170005939901,7.469697833061218
2476,1.2785947745433077,2.359946240670979
2477,4.929688587784767,1.1760549191385508
2478,8.445221733651124,0.6081741801463068
2479,0.7280294913216494,0.5563551096711308
2480,1.0888988762162626,1.876273566042073
2481,0.9635146355285542,0.8775209337472916
2482,3.08259682636708,4.6526472104742425
2483,19.00215136213228,11.69341322220862
2484,12.01019623503089,3.7925974407116883
2485,5.525684459134936,4.403705982957035
2486,4.357879478484392,1.7155125755816698
2487,2.509112101048231,2.4479925557971
2488,5.026633407804184,1.5412110495381057
2489,3.2214859509840608,2.698241447098553
2490,4.289226157590747,1.6003368590027094
2491,4.172296287259087,2.3561078130151145
2492,9.200121908448637,1.3270705359827843
2493,5.0983688328415155,3.9077967496123165
2494,1.1513138050213456,1.3828653451055288
2495,4.912416685372591,3.809998393058777
2496,7.951372563838959,5.200124097871594
2497,3.1391959958709776,1.3136093330249423
2498,9.105788040731568,10.67297347949716
2499,4.818001925945282,1.428837038896745
2500,4.39856484902532,1.4550451133400202
2501,4.882848868146539,3.3364489609375596
2502,27.268855235539377,4.505608146501345
2503,2.652727836742997,0.5985065115255566
2504,8.259669976949226,1.6312119383364916
2505,6.784891754388809,1.5270839994773269
2506,15.52604292333126,5.319148417562246
2507,6.791838344186544,1.1294433791190386
2508,3.595764014607994,2.040651425719261
2509,16.59756838888279,8.275706585496664
2510,1.795892917434685,0.7020448305411264
2511,5.099605791037902,3.250516544096172
2512,5.703329611569643,9.609168260358274
2513,4.291032548993826,2.0841597639082465
2514,5.668053219560534,2.360013165511191
2515,4.967570077627897,3.128255531191826
2516,2.5140030030161142,1.2494066582876258
2517,3.7529026466072537,0.8516800380311906
2518,11.269094833201962,5.800072657992132
2519,11.071873074863106,5.055485136398602
2520,3.775801150535699,3.7637172816321254
2521,2.917933965276461,2.5943900560960174
2522,3.375537922605872,2.3863933899556287
2523,9.556178104132414,4.241735048592091
2524,1.9592749734247263,1.4734324186574668
2525,4.431298510971828,2.7965179216116667
2526,1.0096542886458337,2.3575856411625864
2527,4.744333194568753,4.046706781256944
2528,31.00324195623398,5.966670342255384
2529,8.282439839094877,3.7545572684612125
2530,8.404569464735687,2.6147550102323294
2531,4.765806185081601,2.0599945774301887
2532,31.82907028403133,7.878053522435948
2533,12.724694938166067,6.710986194666475
2534,15.769700065255165,1.9704826241359115
2535,2.348772345110774,1.5708896690048277
2536,12.13360469788313,5.615627534687519
2537,3.687855133553967,1.08910597130307
2538,8.749048555269837,4.553051030263305
2539,5.954305416438729,1.9138858243823051
2540,6.379364842548966,0.6595565997995436
2541,25.622349182143807,6.587340972386301
2542,18.61329101595038,1.3778079062030884
2543,5.3814016580581665,3.3429878188762814
2544,5.045980459079146,6.008701318874955
2545,1.451561007881537,3.1849527857266366
2546,3.5796280317008495,2.8589557092636824
2547,15.629305269569159,8.485084706917405
2548,8.40231797285378,1.890578255057335
2549,12.994959419593215,1.3655455467305728
2550,5.874943411909044,3.2850817716680467
2551,20.070988514460623,3.4897323335608235
2552,11.544085010886192,2.868943722685799
2553,4.964385807514191,2.7463449456263334
2554,14.093006890267134,4.6664947383105755
2555,11.942491669207811,2.8466320573352277
2556,6.1257120138034225,2.6976631148718297
2557,21.754985585808754,3.3304458193597384
2558,23.963491230504587,11.082218338735402
2559,10.00902257207781,2.5900571580277756
2560,10.74094620347023,6.840917600784451
2561,7.644983398262411,5.378228392335586
2562,6.356057785451412,1.3892096215859056
2563,7.53247787617147,1.731607740279287
2564,15.533573159947991,3.051715721900109
2565,6.515248209238052,2.4042159122182056
2566,3.834754736162722,1.743162070401013
2567,9.79677727818489,4.0664917677640915
2568,12.790123425424099,4.606595162302256
2569,14.164069209247828,6.184933581520454
2570,10.740879081044113,4.371337339282036
2571,5.457192974383361,2.4955924541282
2572,10.560439227847382,2.771324645669665
2573,11.077449506148696,2.5924912951595616
2574,4.9678339687525295,4.02792879100889
2575,4.52177681773901,1.0845506675032084
2576,5.226118592021521,3.535586475918535
2577,26.59113196283579,8.531741197803058
2578,5.412831444008361,5.896532638114877
2579,3.540922940708697,3.451467831444461
2580,2.1759181446395814,0.7939636525989044
2581,1.3551989505067468,1.0260717393830419
2582,6.7469097673892975,1.8169491075677797
2583,24.444559063762426,7.686120621860027
2584,7.189184211194515,1.303949978435412
2585,10.401071161031723,2.497995294164866
2586,3.8796163722872734,2.314178322441876
2587,4.094884087331593,3.605704775545746
2588,1.0586562938988209,1.676620814949274
2589,15.745542196091264,2.655742738279514
2590,29.228444951586425,5.941551119089127
2591,12.506182321347296,4.553282558917999
2592,11.556186088360846,2.5263482036534697
2593,24.179286748170853,6.652513035573065
2594,11.049023371189833,3.4100173017650377
2595,3.858898628503084,2.965289569925517
2596,26.23925619572401,7.569580662529916
2597,28.350388579070568,10.73144100792706
2598,11.99333419650793,0.9540657308752998
2599,9.69126480515115,2.8084618786815554
2600,18.65615965775214,1.5937784891575575
2601,5.354123517870903,2.5467745929490775
2602,5.409806491807103,2.0856288876384497
2603,4.2177676364954095,1.3902234079432674
2604,8.082587502896786,2.8136062819103245
2605,29.401775112375617,2.13422378746327
2606,11.949039442704816,1.6197171019739471
2607,2.490904249250889,1.4750267172348686
2608,2.202450320124626,0.70567673019832
2609,5.689147051423788,3.4526279475539923
2610,14.985361333936453,5.842753576034738
2611,4.900976435281336,3.3630441008135676
2612,15.137624458409846,2.4267126019112766
2613,2.7529175337404013,3.9870093620120315
2614,3.8804766945850133,0.7076498664177961
2615,11.505070224404335,5.899031696433667
2616,2.9236264848150313,1.9334963200381026
2617,2.597310711746104,1.617410822538659
2618,10.114070516079664,6.233304648427293
2619,10.758490160806105,8.935414163424866
2620,6.394164711236954,2.480252365814522
2621,1.7411457374691963,0.9057450213003904
2622,5.465950183570385,2.739024203736335
2623,9.54306276817806,3.2174284448847175
2624,16.529560834169388,11.41323836101219
2625,14.723876453470439,7.749103892594576
2626,1.8733906862325966,1.5040293079218827
2627,3.9859424619935453,3.556909335544333
2628,19.48827169276774,5.661523315444356
2629,6.761143455922138,3.867053519934416
2630,11.323513551382348,2.5778968303930014
2631,5.84897756529972,1.5594380982220173
2632,8.384157268330455,2.065522789955139
2633,4.552412044722587,4.186827966012061
2634,19.246302725747228,4.668676853179932
2635,14.012424406595528,6.178875409998
2636,9.500682607293129,4.753178555518389
2637,5.615076269954443,1.4402049798809458
2638,2.5366075970232487,1.9109807373024523
2639,6.688143165782094,3.794455648792791
2640,7.287154570221901,2.1507031098008156
2641,3.6499299705028534,1.741724031046033
2642,9.186346918344498,1.7254106043546926
2643,4.610978896729648,1.630112400976941
2644,6.099667821079493,1.1543671730905771
2645,3.7863944654818624,1.898556696018204
2646,10.885355433056247,4.672223420086084
2647,3.7797357741510496,0.8233262244611979
2648,12.613532103598118,4.524787373840809
2649,24.276106217876077,11.318204630515538
2650,0.9388964403224236,0.8752813823521137
2651,11.61564509566233,3.0589087437838316
2652,5.560086320270784,2.3558633662760258
2653,10.196671384270303,4.294228697195649
2654,6.014469278976321,4.599260043352842
2655,8.533728115260601,3.1379348654299974
2656,2.675859715032857,3.425991754018469
2657,5.634629871696234,3.435748966410756
2658,12.269157312810421,1.6824610178591684
2659,6.571512211114168,2.9465547021245584
2660,9.033298313617706,5.658574448898435
2661,3.4982346158940345,3.063237748341635
2662,7.517229637189303,1.3107745088636875
2663,10.594133326387237,2.743959402665496
2664,9.219479283317924,5.735168568789959
2665,8.763802651315928,2.5567882389295846
2666,6.409146054647863,2.1872861981391907
2667,15.551188748329878,3.552084342110902
2668,7.734627477824688,1.3498512464720989
2669,5.514887197877329,2.8885233425098704
2670,23.599716246128082,8.60519539564848
2671,14.757632583379745,5.161229906138033
2672,11.582411676645279,3.5321622490882874
2673,3.881662948988378,1.2160494791460223
2674,3.0015430506318808,2.134869153960608
2675,13.06094602867961,7.039677858352661
2676,5.367273993266281,0.6185607908300881
2677,5.274821418337524,1.8189937986899167
2678,5.840377930551767,1.8028603391685465
2679,11.994829088449478,6.818838328123093
2680,7.847139906138182,1.9968258130247705
2681,6.760483808815479,3.5813508853316307
2682,17.726598025357816,1.441643526777625
2683,5.629209746839479,4.193818848580122
2684,10.214142555370927,3.501049194484949
2685,2.385270626284182,0.7351673711673357
2686,21.243753999471664,2.843506898254873
2687,10.416362172662048,1.7343181786127388
2688,4.872461849823594,3.0997232645750046
2689,6.594839239504381,2.106334166950546
2690,17.113840971142054,2.898063780972734
2691,6.177125053945929,2.7395279929041862
2692,2.343791242572479,1.516872872132808
2693,11.337730309460312,2.131402070634067
2694,9.026620421558619,1.0475347628234886
2695,8.388281226158142,2.367325602681376
2696,3.481805073097348,2.3140540178865194
2697,1.9426405866397545,0.3753871906810673
2698,3.8280245014466345,1.918866909109056
2699,3.097257270012051,1.8278967273945455
2700,16.39246935108099,0.8397002558922395
2701,21.33241628133692,3.886934137903154
2702,1.07703003694769,2.7727155527099967
2703,3.6423622882939526,1.2276798228392707
2704,2.9928494691848755,0.8974688306916505
2705,24.627868008436053,3.2543861193116754
2706,9.801913306117058,3.5133856952015776
2707,13.151666740595829,3.0098170425917488
2708,3.7247500913217664,2.9435706003569067
2709,6.083259121980518,1.3167199646122754
2710,4.043424151837826,1.3046966370966402
2711,7.1218071933835745,0.8177034434047528
2712,6.908092312602093,0.7183916174690239
2713,4.626978944055736,0.5223211045376956
2714,3.91506471298635,0.5498782515060157
2715,7.790490718558431,1.115596065763384
2716,0.7985089961439371,1.1589603803586215
2717,22.15818635933101,1.2014689380303025
2718,0.9360431234817952,0.8563133781835859
2719,4.288641604362056,1.0390580215025693
2720,1.1999333603307605,1.2797273369033064
2721,13.112945767119527,3.410148312454112
2722,2.3301896094344556,1.640605642227456
2723,2.0168901439756155,0.4639415289275348
2724,11.531834185123444,2.291623494355008
2725,35.77679876238108,1.4258867218450177
2726,6.685734293656424,0.6978518949799764
2727,11.225424627307802,2.6889063133858144
2728,55.21470089913055,6.805513645522296
2729,7.531216367147863,1.1487698428572912
2730,6.635413719341159,1.5014134941156954
2731,5.615939870476723,2.2895837747491896
2732,10.858153447508812,2.3126096045598388
2733,36.74709242396057,7.6221426302799955
2734,3.6478969138115644,0.9143055652966723
2735,1.0002872340846807,1.0867276181234047
2736,23.59237048961222,2.765544967725873
2737,3.987414926290512,1.3577678110450506
2738,39.822445917874575,1.449622440384701
2739,2.9646500360104255,3.4624604054697556
2740,6.743854614207521,3.8812730548670515
2741,11.217811422306113,0.8128653913736343
2742,9.095493841916323,1.33331651694607
2743,7.222113778814673,4.107736501377076
2744,2.1529883556067944,1.4482779555983143
2745,2.220340936910361,1.905160321854055
2746,8.775036599487066,1.217764551838627
2747,1.8622250312473625,1.6658621258102357
2748,26.997682356275618,4.506545044481754
2749,9.570140736177564,3.8850673104825546
2750,5.880645167082548,5.231021605199203
2751,11.160529832355678,7.5361950129736215
2752,8.710118671646342,5.077855854295194
2753,16.647825004998595,8.346104331314564
2754,2.3653069997308194,2.8273722995072603
2755,2.589653231203556,3.780307900669868
2756,5.96760198324435,2.0810093268519267
2757,2.3167610759846866,1.3703457051888108
2758,4.20468494927627,1.8093597686383873
2759,1.6188444350846112,1.5527426287299022
2760,4.417513117194176,1.227330607730437
2761,12.155323576647788,0.7626640909584239
2762,6.456707874778658,10.907466171309352
2763,36.069270299514756,5.14596673566848
2764,2.8630930855870247,0.9435507402522489
2765,11.80316511914134,3.780500869554089
2766,7.383243978023529,2.199206148274243
2767,38.13513502012938,0.5991081832908094
2768,9.023502521740738,7.0629011433502455
2769,46.03600608962006,4.78838777821511
2770,7.411492586135864,34.56282045645639
2771,12.506512546911836,7.216567509109154
2772,6.967166994232684,8.239710100751836
2773,15.832546517252922,3.43298021517694
2774,1.259537482401356,3.2331307527638273
2775,5.039677222899627,3.1770281940698624
2776,14.259870570152998,2.1934265297604725
2777,11.569728206843138,2.08170539396815
2778,7.451584688387811,1.2449183927383274
2779,7.198243424296379,1.8677817681455053
2780,3.091580019958201,2.3302285098470747
2781,4.894056499004364,2.431914320681244
2782,7.39574579289183,2.301172211766243
2783,4.980897494169767,2.0950036494832602
2784,10.118884388357401,1.5247054630890489
2785,15.492698717745952,4.396085284650326
2786,10.897066149642342,3.093546590767801
2787,15.843358243291732,3.7638475466519594
2788,9.618776865303516,1.0631802546558902
2789,26.40223645605147,2.493465855717659
2790,9.88850399851799,2.0388034940697253
2791,8.379630863666534,1.8685380965471268
2792,25.69897533603944,11.64104750007391
2793,13.139948979020119,2.7265681176941143
2794,20.85014610690996,1.7021783601958305
2795,11.775559533853084,8.502447927370667
2796,5.6591749341459945,4.185110330581665
2797,8.368536732625216,7.249346083961427
2798,15.846887899562716,5.173472590744495
2799,11.573824228718877,6.952212244272232
2800,3.6241763172729407,3.978165827691555
2801,10.206941736862063,3.133311942219734
2802,5.076676298864186,4.881796062923968
2803,13.18694215780124,2.8077595927716175
2804,12.485311090946198,5.053130865097046
2805,3.2880725376307964,5.034257419407368
2806,7.1277238689363,1.3707934748381376
2807,0.7407576413825154,2.1128318570554256
2808,3.4566654432564974,2.2659355353098363
2809,1.3754410280380398,10.674337850883603
2810,3.315680251456797,3.4910743578802794
2811,6.011072272311139,5.70800643786788
2812,9.325266449246556,2.3219267297536135
2813,2.331481848086696,3.6997845831210725
2814,5.798965223133564,2.503861761884764
2815,6.286705903708935,2.013651292072609
2816,7.809363750740886,1.416595427552238
2817,3.653869479894638,1.9448929028585553
2818,8.464174032211304,2.6827623192220926
2819,9.549806145951152,2.7222510736901313
2820,5.594944940763526,1.2538254018872976
2821,6.6956353932619095,0.7743798866868019
2822,0.3356448761187494,1.8321356903761625
2823,14.727127833979466,4.08397281402722
2824,10.87416042026598,3.4208053869660944
2825,15.633196294307709,3.1527913101017475
2826,5.9953778851777315,1.7688050554133952
2827,32.27456857264042,5.318569820839912
2828,10.322730284184217,1.9807473968576232
2829,8.303953483700752,1.1465106282848865
2830,10.344119630753994,7.864421809092164
2831,36.913669764995575,6.587229968048632
2832,9.868261436728062,4.6336250295862556
2833,2.7282953682006337,3.7258132584393024
2834,7.851665556430817,1.8231217563152313
2835,5.892808550561313,4.029608842218295
2836,6.658020112197846,1.8602885831933236
2837,8.01998462175834,0.5297813646029681
2838,5.7949387528933585,1.1363122006878257
2839,15.9897701125592,5.00496959593147
2840,5.528408342041075,1.3856922555714846
2841,8.095587685704231,3.771273452148307
2842,8.278278519399464,2.2725338861346245
2843,5.4991567094111815,1.5213013952597976
2844,7.84994912147522,1.302944445546018
2845,4.763105258345604,0.7551101623103023
2846,3.9028226763475686,1.5033371318131685
2847,4.2129360642284155,1.346709489938803
2848,2.4022532985545695,2.0798979829851305
2849,11.561458640731871,2.8971303161233664
2850,6.3193686249433085,3.276111672804973
2851,8.7582708025584,4.003348630769324
2852,10.594713241793215,2.9621988139115274
2853,2.3587300720610074,4.052834501635516
2854,5.887862156410847,2.2279671087849238
2855,9.661601398140192,1.3525546225719154
2856,21.47538028098643,1.8623943850398064
2857,5.219916004687548,1.2416869949083775
2858,4.967055898625404,3.41801717877388
2859,14.145192220807076,7.61980891902931
2860,7.892980657983571,3.088104277383536
2861,5.226640339940786,4.816380776464939
2862,16.327466564252973,7.4888255493715405
2863,24.85699638643746,9.374081230533193
2864,10.942814618349075,7.444435942918062
2865,27.829388642217964,4.088196166791022
2866,8.569669643649831,2.310511995223351
2867,1.9025556510759998,2.6915374863892794
2868,3.4167054163990542,0.8466208716854453
2869,3.091048351256177,1.2279481815057807
2870,5.665627170354128,1.2176159005612135
2871,29.82012228667736,4.016098833177239
2872,10.852145843207836,2.337136521935463
2873,32.440873802639544,2.214247825089842
2874,21.266648560762405,10.029568441212177
2875,17.24908370897174,10.288374935781576
2876,10.826353961601853,3.712546233087778
2877,6.297383856028318,2.0396170765161514
2878,25.549491554498672,8.705446507781744
2879,18.294954299926758,3.352580338716507
2880,13.122737247496843,3.3751964669208974
2881,42.6223792785313,3.1798544954508543
2882,45.93810021877289,11.257760870736092
2883,7.846477910876274,3.8363150181248784
2884,10.55647812737152,8.138274747878313
2885,5.3528926589060575,1.9674155296816025
2886,23.73220833018422,1.8410798904951662
2887,15.017563255503774,7.11157843924957
2888,6.778156526386738,1.6180000372251016
2889,27.158557653427124,4.639855525110761
2890,9.534054205130815,6.27064935863018
2891,47.28961366601288,5.376602142583579
2892,36.24672440885843,12.707305617630482
2893,13.711506180465221,1.8202888562809676
2894,11.849636206869036,3.268175655975938
2895,13.714939966564998,4.870368615724146
2896,8.228793527581729,1.6143473108822946
2897,21.40535208210349,7.6086907149874605
2898,8.490618174546398,2.0206662248820066
2899,51.0676828995347,16.86808881963225
2900,35.39154545776546,8.989553272724152
2901,9.702719059336232,4.841457911999896
2902,6.550643878988922,2.805233210325241
2903,7.193937653210014,2.7025257609784603
2904,12.714624721556902,1.0472370535717346
2905,3.5074706599116325,0.8984582492848858
2906,8.053665697574615,3.444840441137785
2907,16.981900602579117,4.079386100289412
2908,14.807045049965382,7.682870097458363
2909,21.494335174560547,2.5856354031711817
2910,15.784085480496287,4.029219217598438
2911,10.966866173781455,3.41225107496939
2912,21.725976556539536,9.559042232111096
2913,14.966987676918507,3.9424041607417166
2914,19.685178264975548,2.2581201450666413
2915,6.943027188681299,1.7291514435783029
2916,28.415267792064697,8.422378826886415
2917,6.01397006213665,1.141921882983297
2918,8.974023857153952,2.6284383349120617
2919,15.828659486025572,1.1638728971593082
2920,6.686117661185563,3.153106091078371
2921,18.585802625469114,2.8475098912604153
2922,24.594043467193842,1.6819654167629778
2923,36.0638715531677,5.016127100621816
2924,48.74480839911848,10.964945518018794
2925,20.829221790656447,6.7002744525671005
2926,31.504404813051224,7.840528786182404
2927,27.027607798576355,8.833830624585971
2928,12.593051314353943,1.6198649591533467
2929,26.21411475725472,0.4988616549526341
2930,14.857413575053215,1.4477657651295885
2931,29.15890644490719,2.239051700780692
2932,46.06835079193115,14.021728657186031
2933,2.9417475783266127,0.7690673641691319
2934,7.103257058537565,2.4794093078526203
2935,8.360756158828735,3.488189024850726
2936,3.999911844730377,1.7580423632607562
2937,3.199932559466106,3.187804939225316
2938,12.899636629968882,7.45621052198112
2939,7.291828430083115,1.9963378738611937
2940,8.522812486626208,5.301043580635451
2941,23.397735591977835,11.122618168767076
2942,9.696379665285349,9.24232167111768
2943,7.7292853854596615,4.868628777563572
2944,23.252598624676466,12.641272936016321
2945,15.785724436864257,3.417914677411318
2946,17.96383886039257,9.22465158905834
2947,12.311163500417024,3.231172173283994
2948,5.123171885381453,3.833852934621973
2949,7.491124980151653,3.345990956062451
2950,4.670292179129319,2.561477905139327
2951,6.277254678308964,2.228440745268017
2952,8.802151799201965,2.450647186546121
2953,15.275441706180573,6.760910507291555
2954,6.563132483046502,2.230014712024058
2955,16.3268960416317,6.730813950300217
2956,5.051206117204856,1.534092157438863
2957,15.877218046371127,8.071606223005801
2958,10.996505661030824,3.091805743984878
2959,10.3145413082093,8.864936714991927
2960,25.78612962923944,6.877473039552569
2961,6.332355125923641,5.4091548545402475
2962,9.459878206253052,4.617461770772934
2963,6.696042820200091,4.117114969994873
2964,10.828322210116312,4.8493792079389095
2965,7.8106929063797,2.354131016880274
2966,5.282790221273899,7.344199792249128
2967,9.737674370408058,3.4937205584719777
2968,4.997333744540811,1.3470380692742765
2969,15.622369792312384,3.53539917524904
2970,14.506986856460571,3.1871451353654265
2971,12.999345853924751,4.005430169403553
2972,5.670919302850962,3.940299511887133
2973,11.360617961734533,5.111411886289716
2974,5.427225487306714,1.4053092253452633
2975,33.57344950575498,1.786301844753325
2976,10.494756354019046,2.802872975007631
2977,1.2029089014686178,1.8677351446822286
2978,10.549675770103931,3.08722041414876
2979,8.539891108870506,7.5539438324049115
2980,8.601751990616322,1.8578218133188784
2981,8.768614709377289,1.374977143947035
2982,31.230447939827968,10.969562762184069
2983,25.790351517498493,4.9817724038766755
2984,15.558086468838155,1.969087172736181
2985,12.602433294057846,0.7004685880383477
2986,12.194795972434804,2.323444396723062
2987,30.56361100077629,3.178384445607662
2988,30.459064420312643,15.25928790436592
2989,16.44082372635603,4.753016423434019
2990,10.737979497760534,2.117441027192399
2991,25.00710493326187,9.075875302543864
2992,12.797947387676686,1.8090438265353441
2993,10.127999920397997,2.687935814028606
2994,6.387507735518739,5.854117579292506
2995,14.810951821506023,4.576803931035101
2996,23.179093275219202,11.145992752164602
2997,17.365321349352598,4.298547886312008
2998,29.014223348349333,7.27489697188139
2999,31.62272174656391,2.070711291220505
3000,14.50356932336581,5.042545624397462
3001,10.067802779201884,1.0609232864808291
3002,9.565383753273636,4.304250080429483
3003,14.609391405247152,2.3132192249322543
3004,9.120035792700946,4.28094407916069
3005,4.367974316641266,3.1205432265996933
3006,59.52763817412779,1.8568456440116279
3007,21.176232643425465,1.6052818791940808
3008,12.579880252247676,3.325283244252205
3009,7.118400317616761,2.9861198738217354
3010,6.729530083481222,1.7419192288070917
3011,13.181954608066007,5.765334147959948
3012,10.254717409377918,1.5464018642669544
3013,12.400402413455595,4.670732852304354
3014,4.084865728393197,2.587932888418436
3015,2.105117022525519,2.43013265915215
3016,7.106668770313263,3.1189643647521734
3017,6.110107112675905,1.2137823184020817
3018,4.735199707560241,1.7509798649698496
3019,50.43067449005321,8.493629220407456
3020,7.206737749511376,1.878487374226097
3021,7.866370963238296,2.9498723158612847
3022,7.442433153395541,3.6106566889211535
3023,2.2675588512793183,0.7204459048807621
3024,11.2105293283239,1.809009344317019
3025,4.820414796471596,2.1385984487860696
3026,11.849796268972568,1.6815178252581973
3027,3.2468286203220487,2.557729197666049
3028,5.588882813230157,2.407295665354468
3029,4.7965087912161835,2.0520700737833977
3030,15.99254323542118,2.1722455171402544
3031,12.154303320567124,3.1141616506502032
3032,11.418781773885712,2.329996822401881
3033,5.714997164905071,1.51605006121099
3034,13.871323085390031,3.0176045540720224
3035,35.17890931572765,2.7337900698184967
3036,11.249104922637343,0.6983973879832774
3037,4.857628837227821,1.5719671169400726
3038,5.546927931660321,1.8570926953107119
3039,6.405557058751583,1.5485304391477257
3040,39.52934075333178,1.29419315722771
3041,40.4015723465709,1.0435332171618938
3042,13.962953160982579,4.339032854535617
3043,47.44271248579025,0.9305837050778791
3044,11.13073063082993,1.6844174233265221
3045,5.841128253843635,0.8186646057292819
3046,11.078680988401175,2.5648432790445668
3047,17.8855599462986,1.2332562799565494
3048,3.6080618193373084,2.8620966858870815
3049,25.641330137848854,3.252493345644325
3050,2.9291328688850626,0.6750332976391746
3051,5.152680762428645,0.6285403408110142
3052,4.802208322093975,2.9372779636178166
3053,4.123683904103018,0.7373638389981352
3054,36.63729953416623,2.6925355735002086
3055,0.7560922096236027,2.1327232075855136
3056,7.213093913698685,0.6748068481683731
3057,50.377644293010235,8.958866863045841
3058,4.221050973981619,3.0619679437950253
3059,7.6308019664138556,2.4009702460607514
3060,3.428124792058952,3.3352456260472536
3061,9.809828401208506,3.803807870717719
3062,3.0771324820816517,1.1039594262838364
3063,10.025692537426949,5.056974407285452
3064,17.05759545043111,6.985752784414217
3065,5.268029419530649,3.37796441745013
3066,49.603669117204845,9.692688935760088
3067,4.314888549153693,3.1944191500078887
3068,7.62761140614748,1.2912764649663586
3069,8.57529667019844,3.952796764904633
3070,3.3893254790455103,1.931783353078572
3071,6.212043024599552,6.086332349106669
3072,15.94397796690464,5.702102765440941
3073,15.464437924325466,2.3394820149987936
3074,4.053404471836984,1.3813899522647262
3075,14.144506599754095,1.382424205132338
3076,9.87044681981206,2.7931056581437588
3077,5.482834704220295,3.9955320451408625
3078,29.293368630111217,2.8973050732165575
3079,40.20643210876733,9.43625870498363
3080,4.927092844620347,3.585421945899725
3081,5.602558279584628,0.7798867558594793
3082,20.03897330351174,9.429528759792447
3083,6.0679539238335565,5.276611991226673
3084,6.208298391951757,1.168185442686081
3085,1.3685124586336315,1.0091561200097203
3086,11.442188506567618,2.7257721601054072
3087,19.033327538520098,1.9509483656147495
3088,9.178458858281374,2.937898234660679
3089,8.020649114565458,2.2781195393763483
3090,19.122858349233866,4.530820677056909
3091,10.220860978588462,4.432345514302142
3092,11.839593395590782,4.235159917268902
3093,18.028688311576843,2.9525479432195425
3094,10.755919013172388,5.107080087065697
3095,14.152476575225592,12.303649495355785
3096,16.370015025138855,3.512412279844284
3097,10.287113808095455,2.0667953193187714
3098,13.05260956287384,4.151677481597289
3099,36.34795127995312,4.254151010420173
3100,13.795909175882116,8.043435771018267
3101,49.649292796850204,5.817805863916874
3102,8.999826771207154,1.6875783719187893
3103,11.431893471395597,0.7699539646273479
3104,19.972133501782082,2.0946351503953338
3105,8.748286766931415,1.482779768994078
3106,26.752781242132187,6.848494409874547
3107,10.708668317645788,2.317154658259824
3108,8.120194985996932,3.661928622983396
3109,5.283469669520855,2.5185782685875893
3110,9.358024649322033,3.315091559663415
3111,13.70249655842781,5.3968799158828915
3112,42.34486083686352,7.892639234662056
3113,14.06864833086729,2.2299185623487574
3114,24.167433492839336,5.261227086186409
3115,78.02519649267197,5.976541951065883
3116,5.14461800083518,0.2322729105799226
3117,17.37007244490087,3.3832264523134654
3118,11.762393698096275,4.428483432158828
3119,12.764678850769997,4.207490900742414
3120,6.230751116760075,3.9445380959659815
3121,39.58662290871143,0.684044636785984
3122,24.221570598776452,3.0284711577696726
3123,8.270874649868347,1.2376758931786753
3124,23.821130853844807,5.331907213898376
3125,18.903297290205956,4.250301954099996
3126,60.96207545697689,17.26524675358087
3127,25.037789329886436,5.164977570995688
3128,20.38918744842522,5.586626045405865
3129,19.27805759385228,3.6741163744827645
3130,30.910050243139267,12.705267903394997
3131,6.4135595029219985,1.5107034370303154
3132,19.405119376257062,1.39250755996909
3133,6.358796536153022,1.2343592571560293
3134,6.41220822557807,3.998941235244274
3135,24.860543699527625,0.8767102310011978
3136,22.554505705833435,7.278777435421944
3137,7.901472754776478,1.4823688187170774
3138,11.297811024822295,3.7067267410457134
3139,13.363773090124596,4.169867608696222
3140,10.268335013446631,2.240084972814657
3141,6.158024069387466,2.541378107853234
3142,12.357886290177703,3.2934836824824743
3143,14.63889903575182,1.952235297849711
3144,34.044552743434906,10.26199108180299
3145,21.99104081466794,12.093058731174096
3146,9.435813366784714,6.605540029704571
3147,39.81080324109644,5.177756488730665
3148,8.356632128357887,2.8882984593510628
3149,14.74873372912407,1.688435415546337
3150,19.471639424562454,8.378664556890726
3151,3.7756007045900333,1.1889330824487843
3152,1.5516704825568013,3.754345108405687
3153,5.658673316240311,7.183730431832373
3154,6.0389442141568,2.2645177552476525
3155,2.5058617163449526,0.4396391911432147
3156,6.3784631583839655,4.6556629215192515
3157,9.251648472971283,6.3211713208584115
3158,4.312618277966976,0.4487488814047538
3159,3.631995271309279,3.6090404679998755
3160,8.363559213466942,3.4870889335870743
3161,4.525794601737289,3.5116741359233856
3162,8.549963605066296,4.484441597829573
3163,23.16174614429474,4.313841524999589
3164,4.3111005974933505,2.2082814988680184
3165,4.114877786603756,2.4552641017362475
3166,2.557061673462158,1.954906368162483
3167,14.909661136567593,19.216931062663207
3168,31.31626182794571,2.830034965183586
3169,7.074366888962686,3.2514354882296175
3170,15.538906838744879,18.59074041992426
3171,10.659695007139817,5.985849148593843
3172,25.479018971323967,5.743768621061463
3173,16.39197960786987,9.931976204738021
3174,16.13576003839262,5.076857710257173
3175,5.23660845682025,1.7911774907261133
3176,11.096887733787298,3.011124737560749
3177,9.440682202577591,2.1989967934787273
3178,6.973221516236663,2.428358426783234
3179,8.596368718892336,2.2488930757390335
3180,4.536856203339994,6.391622595489025
3181,8.393828623811714,5.586604818701744
3182,15.376954849809408,1.6359683051123284
3183,14.84687574673444,3.984397592023015
3184,17.824410557746887,9.20160442427732
3185,14.381060105282813,9.526676204055548
3186,7.391889076679945,3.98821222782135
3187,20.76091525144875,8.967693731188774
3188,6.7635747015156085,1.4059623614884913
3189,21.938668932765722,9.4858532352373
3190,12.829061269760132,6.437441315501928
3191,7.647441491484642,6.421608984470367
3192,18.72684078104794,5.438053971156478
3193,20.53660809993744,4.2884042374789715
3194,23.202814268854695,7.843111109919846
3195,18.713097110390663,9.92290238616988
3196,34.3416142227652,17.395769585855305
3197,3.6084501445293427,1.8570675675291568
3198,16.28217716841027,4.246691273525357
3199,17.540871736826375,6.05336993560195
3200,5.250817410385935,4.028095965273678
3201,6.993790816515684,2.7086878418922424
3202,28.475879279198125,2.864995703101158
3203,2.7028483695467003,1.7495230178465135
3204,11.398431684821844,3.2940164506435394
3205,2.905926065563108,3.4275213551709385
3206,46.249000526964664,16.64714263327187
3207,2.7250669840723276,2.871858635917306
3208,1.8626021407544613,4.0513158778362595
3209,7.810050198808312,1.8748470973223448
3210,9.688919679261744,1.1377704971237108
3211,5.6748388186097145,2.435738463536836
3212,6.302475340664387,1.3116093400167301
3213,9.92473517358303,5.098203137516975
3214,30.74849120527506,9.533789999783039
3215,5.5993800887372345,1.3896351859439164
3216,36.149901585653424,5.706112079900777
3217,15.584813356399536,11.338414375670254
3218,15.895242424681783,7.529325291048735
3219,9.457427322864532,8.669580985791981
3220,29.47502088546753,2.665514822525438
3221,36.213898112415336,11.478987120091915
3222,15.408534733578563,7.139694303274155
3223,35.17180902412656,8.194389769807458
3224,7.560721702873707,2.0333799005748006
3225,23.517181811388582,14.033322942443192
3226,25.48342322887038,8.124476989381947
3227,11.554271455854177,3.5753122195601463
3228,4.453056866535917,2.4943089951011643
3229,8.61762528307736,1.1819423800243385
3230,20.835750222206116,2.183554316405207
3231,4.81965427682735,1.1255687333177775
3232,7.468860408291221,1.8270070158177987
3233,8.468743193428963,0.7732161749154329
3234,10.182719308650121,10.00165431201458
3235,16.11747405678034,4.710966908372939
3236,9.799235252663493,1.8125673662871122
3237,16.25477035297081,6.054107455536723
3238,9.115444657509215,3.9657876417040825
3239,8.596526487730443,7.355738619342446
3240,19.88095024228096,9.66202688217163
3241,7.519788600504398,2.4405260421335697
3242,42.635503958910704,14.142031729221344
3243,3.5672966217971407,1.5527712060138583
3244,12.304558712989092,3.6943799756609224
3245,8.656861588358879,4.956996462540701
3246,15.396733022294939,4.045007183216512
3247,4.671071024611592,1.3503281837329268
3248,31.112405092833797,16.860267242533155
3249,1.4196254142734688,2.512207913212478
3250,22.202887094113976,3.2894048495218158
3251,4.0146049007889815,3.16928554023616
3252,7.916313249617815,2.3182610161602497
3253,7.627842202782631,0.7538049537688494
3254,2.323197813006118,1.587714255321771
3255,15.341832293139305,3.6235449947416782
3256,23.449499379843473,2.715205617249012
3257,5.260154058225453,1.8579421519098105
3258,15.057602316141129,2.5128882732242346
3259,31.644861042499542,1.6343304067850113
3260,10.371949865482748,7.711091980338097
3261,5.046094036428258,1.7260341721121222
3262,5.265369642293081,0.8329230053059291
3263,11.689094057597686,2.014567531645298
3264,35.64476494863629,10.654778402550164
3265,23.896874018013477,6.006557306100149
3266,4.2799274902790785,3.108607415109873
3267,6.0324002093984745,1.5452339581679553
3268,8.96545351529494,0.7052558079885785
3269,2.332135202316749,0.8636969008148299
3270,4.348904313519597,1.8449276313185692
3271,4.7135723100509495,1.9445795959618408
3272,2.220589317381382,1.2510780431621242
3273,3.7805211221566424,2.0746666491031647
3274,5.322704630234512,0.7275741052799276
3275,6.522244600113481,1.2021430977620184
3276,5.5561469085514545,0.9173645228147507
3277,3.642752264160663,1.4824730539694428
3278,4.476338864667923,1.8817233694717288
3279,7.8450059071183205,3.694858171395026
3280,1.8745221836434212,0.6431574157322757
3281,8.99082374360296,2.361502205953002
3282,4.920800678431988,2.6521510407328606
3283,4.789847806096077,3.3118426706641912
3284,9.207705399952829,2.351260317140259
3285,5.713137595914304,10.140111743799935
3286,17.493108699316508,8.65048548579216
3287,19.295422890456393,2.330881914123893
3288,10.879669964313507,1.7083242610096931
3289,0.7295502219349146,0.2977565233595669
3290,1.684446728322655,0.528966766782105
3291,3.4093317929655313,3.422188456490403
3292,5.945522157475352,0.7335123210214078
3293,4.151931922858694,2.742989331483841
3294,4.827213240321726,0.9912749614049972
3295,3.1869632489979267,2.721570992585839
3296,2.038491893457831,1.8049329994246364
3297,0.9324763088370673,0.6699008808991493
3298,0.5453306050039828,1.1412272432353348
3299,1.2358638066798449,0.900424967519939
3300,6.83024872164242,2.0632018805481493
3301,14.635866589844227,6.793678469955921
3302,5.79513131454587,1.7512110657262383
3303,1.6523888474330306,0.7694681687280536
3304,5.455782262608409,1.4094243476720294
3305,23.502214193344116,9.095384232699871
3306,6.614337071077898,4.514065625146031
3307,3.956201587454416,0.6917161507444689
3308,17.416394687527827,3.557966772466898
3309,4.903162768110633,1.5755947120705969
3310,10.611012021661736,3.1420641471631825
3311,4.069477497600019,1.417916298378259
3312,5.4022281968500465,0.6845125826075673
3313,7.477284648455679,2.2258589600387495
3314,14.924565613269806,2.6307891104370356
3315,12.163045816123486,0.7733743911444435
3316,4.316026271844748,0.5770300136646256
3317,7.4068712294101715,0.6991515979170799
3318,25.76009826234076,2.9606985487043858
3319,19.402777634561062,9.15450894960668
3320,25.060749246855266,3.4590349663048983
3321,3.0095691431779414,1.199282543064328
3322,8.706497143000888,4.500720193609595
3323,8.46949723456055,1.44161570048891
3324,20.335556076373905,1.7562799350416753
3325,12.750639929319732,1.9120989367365837
3326,25.31101910059806,13.85221429973899
3327,12.045419614063576,2.8819986451417208
3328,12.077584497630596,3.250926937907934
3329,10.4418785298476,2.8794045373797417
3330,26.870354890823364,17.044285163283348
3331,8.796716153621674,1.2696729581803083
3332,7.633562437258661,4.270424090791494
3333,5.288463871227577,4.581059883814305
3334,2.1878740675747395,2.4161697309464216
3335,15.774007573723793,2.023410428140778
3336,14.91840404435061,4.404553254629718
3337,2.6385826356709003,2.308583346195519
3338,23.865329379681498,7.317129905801266
3339,5.719838932156563,5.885097296559252
3340,8.474472987581976,3.662114247912541
3341,5.5373088624328375,1.8024944253265858
3342,4.132292195747141,3.940106997266412
3343,8.094891345826909,4.530882071238011
3344,3.6614644030942145,2.1272275735391304
3345,1.4022897444665432,2.739919952582568
3346,7.693387761712074,4.768985481932759
3347,5.130916432477534,1.4103298839181662
3348,6.2699788792779145,2.577901979209855
3349,1.942391875141766,1.7666173854959197
3350,16.419028448406607,1.3879631799354684
3351,13.56694509088993,7.242287453031167
3352,6.393082395676174,1.5465674797305837
3353,4.190496128983796,0.857222412712872
3354,9.570425941185022,3.636682900832966
3355,18.46984776854515,3.7657957253977656
3356,13.31205267261248,0.7636887014377862
3357,17.728624096140265,3.465082040987909
3358,5.2992596222602515,3.5031233257614076
3359,2.8563900760927936,0.8528642393648624
3360,1.3329965928569436,1.9521235169377178
3361,1.9376693032681942,2.9190335609018803
3362,4.625619221013039,2.0760133508592844
3363,3.463497057557106,3.848553848452866
3364,14.694360755383968,3.944956191815436
3365,4.855598965368699,3.3330501082818955
3366,6.551279798150063,0.9591341475024819
3367,10.982685457915068,1.9061646196932998
3368,10.923067864961922,1.225497038627509
3369,9.660891832550988,5.0834934312151745
3370,10.359756585967261,3.2169459186770837
3371,13.684420968405902,1.4805991081520915
3372,11.105522200465202,3.4341757238362334
3373,12.08758096396923,2.7046662904322147
3374,6.530148703255691,1.9305543974041939
3375,33.76640631817281,14.566488695389125
3376,15.614232361316681,2.335962248966098
3377,28.61730995774269,5.515986550599337
3378,9.309438660740852,2.001224648207426
3379,9.423750303685665,2.9301459155976772
3380,13.484275393653661,2.4937950329040177
3381,7.173022652656073,3.283554073423147
3382,5.849055366590619,1.3746995832771063
3383,27.450639083981514,3.2235490567982197
3384,11.273888317402452,2.725485049188137
3385,9.74680657684803,3.463907706347527
3386,20.76994264125824,19.811918816529214
3387,10.361519649624825,4.596861603669822
3388,6.084843814605847,2.6677843204233795
3389,25.168476305902004,4.010805791724124
3390,13.926872509764507,0.3944270284846425
3391,38.17396506667137,33.61338975653052
3392,11.628665957599878,5.046446045860648
3393,18.025798231363297,3.3532284064858686
3394,8.357662118971348,2.087162120726134
3395,25.348125129938126,10.287070758640766
3396,10.187510900199413,3.7580660320818424
3397,14.678651321679354,8.86819245107472
3398,11.857714850455523,8.355020467453869
3399,13.168070703744888,5.461686842521885
3400,12.01153689995408,4.898518127040006
3401,26.937877789139748,18.652863812400028
3402,8.070879327133298,6.62396731626086
3403,11.387445896863937,1.417372215539217
3404,8.013110827188939,8.2056874637492
3405,9.484298608847894,1.3511389445047826
3406,12.921802764292806,1.8670747997239232
3407,8.0374186928384,2.1302893921238137
3408,9.60619093477726,4.097055800491944
3409,20.730305939912796,9.329624613747
3410,9.922672379761934,6.5499744936823845
3411,7.2419162429869175,14.917793335858732
3412,15.782757923007011,8.310775607824326
3413,10.137525260448456,0.7949279230087996
3414,25.4909548163414,3.50546246021986
3415,19.201776176691055,0.8700745375826955
3416,18.43765232153237,2.7152839678437886
3417,22.50436354475096,7.05496084690094
3418,23.30232698097825,4.3661157712340355
3419,16.708792744204402,4.608537854277529
3420,11.120149597525597,1.7028486499164046
3421,11.682109147310257,2.855951524212287
3422,38.158730287104845,5.311477147508413
3423,13.413030366413295,10.095903217428713
3424,16.199249982833862,5.126532666385174
3425,8.627418369054794,2.028937816619873
3426,16.05645488202572,3.044151290669106
3427,30.237926072790287,3.2662781891413033
3428,7.63791897892952,1.1893044851021841
3429,27.301742002367973,2.9217342829797417
3430,21.177075871033594,5.050953928381205
3431,18.46215446293354,2.4963188068941236
3432,16.306298911571503,7.328302294015884
3433,5.68496273085475,3.719456708058715
3434,9.999931871891022,6.1900994358584285
3435,9.710008636116982,2.0193458227440715
3436,4.111357248388231,1.4948206171393394
3437,11.054567746818066,6.372269930085167
3438,6.15023867180571,1.0536652028208664
3439,18.69351377338171,5.294441547244787
3440,6.532650982961059,2.2157866143388674
3441,9.966346651315689,2.290380772203207
3442,46.25378524744883,14.164001807337627
3443,48.60294830799103,12.642739990726113
3444,14.289736907929182,5.0299038245066185
3445,35.29608976840973,3.055088482797146
3446,14.955022037029266,1.4191882392851767
3447,7.341319352388382,2.5813930835574865
3448,9.76208545267582,1.7230518111027777
3449,20.907721053808928,3.0360887135611847
3450,10.889974688179791,4.149415737017989
3451,34.547878846526146,1.5526340554933995
3452,13.670678988099098,2.500903555905097
3453,12.9343005806586,2.231069218367338
3454,3.8598765671486035,3.2485747006721795
3455,3.1961576133035123,1.4174685417674482
3456,3.929193881340325,2.797158721485175
3457,5.842830020934343,1.9050431405194104
3458,20.968116007745266,9.806008888408542
3459,3.8495243210345507,1.4443120090290904
3460,21.716252258978784,7.253980325651355
3461,12.746916804462671,0.9204074358567595
3462,14.971232198178768,3.7261687591671944
3463,8.119456686079502,11.310310132801533
3464,4.472567740245722,1.3626736663281918
3465,12.925127679598518,3.918450217868667
3466,4.339698687355849,3.37015144713223
3467,3.2093452801927924,0.7850463049253449
3468,10.34132769703865,3.471105135977268
3469,11.095886070734196,1.400489916530205
3470,15.451183534227312,1.0257629547477336
3471,2.4146038703620434,0.6348678873619065
3472,17.184421863406897,4.38388492539525
3473,13.835646405816078,3.2466829845052416
3474,5.54808547347784,2.0163585506379604
3475,10.614080399274826,0.8997634832048789
3476,21.704770231619477,1.9723890154855326
3477,9.314975630491972,6.9079974219202995
3478,6.6409828923642635,1.9969751729804557
3479,12.553797863423824,4.557214959058911
3480,7.611718895263039,1.6019223285838962
3481,8.302962624875363,2.6146238723304123
3482,2.2828572653234005,2.306908907608886
3483,4.290215102024376,1.1059188628569245
3484,3.7939997166395187,0.9843634197022766
3485,15.763047510758042,2.9945286037400365
3486,2.49544012080878,1.428239414584823
3487,2.6801148653030396,0.2712496629974339
3488,6.417123734951019,0.5861090333200991
3489,5.2017659321427345,0.8684876895759999
3490,2.0728570809624216,3.805954606315936
3491,12.045728308148682,6.950929678474495
3492,1.4061108119785786,0.8869508436582692
3493,1.7278745553921908,1.0280030354333576
3494,9.197916261480714,1.3488084091804922
3495,4.575976396910846,0.987557084299624
3496,3.2632958577305544,0.7849471224471927
3497,5.791790638118982,1.62900544796139
3498,1.3455978333950043,2.696332255844027
3499,3.998814508318901,1.6619730955426348
3500,3.518335312139243,2.062756491352957
3501,5.7706094780005515,1.3694587501813658
3502,2.064483668655157,2.212396338582039
3503,4.312100676819682,1.941509969998151
3504,0.8398500727489591,0.7599358055740595
3505,10.288745895028114,0.7162118214182556
3506,3.235500044655055,1.353134140605107
3507,3.1120033266488463,1.1368963725399226
3508,6.838169619441032,1.6084367707371712
3509,2.707457254291512,1.447919812053442
3510,9.271637770347297,6.693901737220585
3511,2.0307205353019526,1.148979993071407
3512,14.350408181548119,2.3164157941937447
3513,3.6741789328116283,0.9738158249820117
3514,4.489647178095765,1.2804570141015574
3515,8.188601577654481,4.758425265550613
3516,1.0367668783292174,0.4748902483843267
3517,1.0244571434304817,0.8625330065842718
3518,4.5119609161047265,0.6824444374069571
3519,1.542159860720858,0.7181513188406825
3520,7.871972758322954,1.0592984323156998
3521,2.1316233158577234,1.7492579008830944
3522,6.574446821119636,1.0601553993765265
3523,2.49206830188632,3.421832835301757
3524,1.9883993978146464,1.8721526471781544
3525,14.759073192835785,1.6572862373795942
3526,8.918224456254393,7.558248011395335
3527,16.52167639695108,5.212638845667243
3528,8.799599379301071,2.5994774028658867
3529,2.0266163928899914,0.5488067525438964
3530,7.583979654125869,5.227675452828407
3531,3.5037685067072744,2.445699735544622
3532,2.001784361898899,1.9940836117748404
3533,2.4429511203197762,0.9425175363430753
3534,5.181453896715539,8.893889762694016
3535,2.8118516579270363,4.585120086558163
3536,1.6984239728190005,1.6496976767666638
3537,0.15618735447060317,0.31923149505018955
3538,1.9193300023907796,0.3362248851772165
3539,2.599239633884281,1.6696171499788761
3540,1.601758187636733,0.7813213609042577
3541,2.3605618171422975,2.6003722548484802
3542,2.2195807968382724,2.3615036089904606
3543,4.837080962024629,3.476919800043106
3544,1.8782937820069492,1.1870727808054653
3545,3.63048192858696,3.3019736604765058
3546,2.305983204885706,2.6870429385453463
3547,3.9738877322524786,1.5988985872027115
3548,2.803684355778387,3.7713055154308677
3549,3.9784295940080483,0.5823067679884844
3550,4.538900978863239,1.470105948857963
3551,2.5609513447852805,1.170734120067209
3552,2.8596931801876053,5.521248620003462
3553,2.34582993586082,1.7987916058045812
3554,2.5453900741413236,0.5654014489991823
3555,1.042277687607566,1.888485155068338
3556,2.611237534074462,1.178642958868295
3557,3.6202098168432713,2.0515474383719265
3558,6.025381334125996,1.1661077961325645
3559,14.654190447181463,6.747462712228298
3560,3.882513145217672,2.5051223326008767
3561,4.933235810924089,2.588225793093443
3562,1.9198208842426538,0.4278438027249649
3563,2.2698326173704118,4.616533018648624
3564,3.773758214432746,4.410686664516106
3565,1.2448394540697336,1.4095065968576819
3566,2.4311373152013402,2.7476642151887063
3567,3.855513104237616,0.8954482654298772
3568,2.8745092591270804,2.311394508520607
3569,1.5835527442395687,1.1518232077360153
3570,4.932146318256855,1.1509438324719667
3571,13.245224751066417,2.413153789937496
3572,6.3489584578201175,3.3643857989809476
3573,11.845994513947517,1.8100798177765682
3574,6.00438410975039,1.3310857289470732
3575,1.896454400382936,1.8059596018865705
3576,2.0067088222131133,0.8800181518308818
3577,4.209966083057225,3.9309161715209484
3578,0.4577488873619586,1.1087927448097616
3579,6.064331464236602,1.5544234735971258
3580,3.545308166067116,0.7628539488068782
3581,5.620343320071697,3.0433118231594563
3582,14.76689168671146,10.602428315090947
3583,9.867486983537674,5.991909108561231
3584,3.374648896511644,2.6655762242735364
3585,2.458114606226445,1.9115469937678427
3586,2.5658315452747047,1.3164838838856667
3587,1.8149218391918112,1.265929545275867
3588,3.2759930848842487,3.2054229636560194
3589,4.925694219768047,3.8970355056226254
3590,2.8275994594296208,3.999279055518855
3591,5.293409218800662,1.675266528967768
3592,13.423776283860207,8.278259459882975
3593,11.73552866652608,7.838574622262968
3594,3.2078814674168825,3.0771169073414057
3595,6.960222393274307,4.489595679566264
3596,2.3248841715976596,0.4089701084631088
3597,5.760570186190307,1.7240197655264637
3598,4.135031797690317,1.924999065213342
3599,1.5984734579105861,0.3937075455178274
3600,8.129851385951042,2.2882054516812786
3601,6.9284956231713295,0.8851342166308314
3602,10.517474449472502,0.9184231480467133
3603,4.291599606629461,0.7575721949106082
3604,4.348113369196653,0.7552638910710812
3605,5.149767687544227,2.014939419925213
3606,6.922156294982415,0.6961654429778719
3607,5.300357224034087,2.0307467258535326
3608,2.075152212753892,0.4716953389142873
3609,2.4334545760466426,1.6565170506946743
3610,13.315366235521651,1.9117964358301833
3611,2.6414247192442417,1.3818577975034714
3612,9.739832304418087,2.953436934389174
3613,17.09967612910259,2.3858639435929945
3614,16.67056002053141,1.8264672468649223
3615,8.034640029072762,3.0907613356248476
3616,8.452675453852862,3.1290200436487794
3617,1.8375822915695608,1.1277610577672021
3618,7.709915954619646,1.44225119240582
3619,3.4857335425913334,0.8812709134072065
3620,15.329490919597447,7.1695120725780725
3621,15.453155672177672,3.129812115616005
3622,16.12282025255263,2.41728149948176
3623,17.19674822129309,4.2160654263570905
3624,4.148141905665398,2.085056932643056
3625,3.5538488291203976,0.8781601838127244
3626,3.577800676226616,1.1934577468782663
3627,26.857843446545303,5.676137060858309
3628,8.76947488472797,0.9938131990885495
3629,7.562275629490614,1.7626953171566129
3630,11.1131152510643,0.8515595216304064
3631,21.854124479345046,11.263086758553982
3632,3.348803775385022,2.5096328842482762
3633,9.808651575120166,6.855692323297262
3634,4.175251822452992,2.0578255597501993
3635,1.774310260079801,3.004861081019044
3636,5.074691528374842,2.7666078882830334
3637,7.591062746942043,8.13109447566967
3638,5.7207371247932315,3.546227551996708
3639,9.965666042640805,4.446026367135346
3640,5.138088025007164,4.336208787135547
3641,9.564671073108912,2.893270216882229
3642,5.663992279209197,7.92341866903007
3643,2.971564401872456,2.818480546982755
3644,9.692751791328192,6.174523671157658
3645,6.610668243840337,1.4946740418672562
3646,8.571906853467226,6.962962869554758
3647,7.487357649952173,3.7319461749866605
3648,6.38315886259079,1.2464784565345326
3649,4.7157261073589325,1.7888647287618369
3650,4.224523492157459,1.21548412903212
3651,3.440700433766324,3.5517267901450396
3652,7.644545428454876,2.7542480730917305
3653,12.289477065205574,9.486291380948387
3654,4.549738216213882,1.1876181215411634
3655,14.561027994845062,1.238844496110687
3656,15.600190249716889,4.918682363815606
3657,6.563788683153689,4.490871876478195
3658,5.1248634327203035,1.1309923175413132
3659,9.962549734860659,1.8644239164423198
3660,4.245464849169366,1.1196281043812633
3661,6.9196185022592545,6.024829339236021
3662,14.721569569432177,1.9211943173286272
3663,6.798152046278119,1.88411183655262
3664,1.5697553381323814,0.7721204994886648
3665,5.031065022572875,1.8340986859984696
3666,8.17567334510386,2.6874407175928354
3667,1.1493653047946282,1.5058367904275656
3668,6.938260993920267,1.8605096376268193
3669,6.57596073129983,3.9410988581366837
3670,4.167517057154328,2.6124462760053575
3671,5.2254521287977695,1.9515054249204695
3672,2.9237104580406594,1.7695320448838174
3673,9.821887774392962,4.978032199898735
3674,4.301147641337593,1.7334426399320364
3675,5.6592740677297115,1.21806765999645
3676,1.3532211523270234,0.6308652383740991
3677,20.452853629760284,8.489054218412093
3678,5.9730526357889175,1.2332615610212088
3679,4.773106104083126,0.9302371782250702
3680,10.42147775972262,4.837483551353216
3681,9.971392792183906,5.269117197021842
3682,9.22744157165289,1.2624619649723172
3683,4.504952558927471,1.8296407090965658
3684,2.81661793589592,4.122195968404412
3685,10.742189917713404,1.4080892615020275
3686,17.455366199836135,2.404222973389551
3687,8.629447726532817,4.049294702708721
3688,23.698356320441235,5.8823480588343955
3689,11.376079864799976,1.579095920547843
3690,4.915388681576587,2.21888901659986
3691,6.388299903514053,21.312304349849
3692,21.634987039491534,8.058095524087548
3693,21.625203446134492,3.6933740942258737
3694,8.138776943087578,0.3825955025386065
3695,4.586121037602425,1.6236404618676943
3696,11.031428389251232,1.414929901366122
3697,7.091472930333111,1.4675385933369398
3698,10.867712024599314,1.040789395570755
3699,22.75094376783818,7.588528107332877
3700,10.027569778263569,3.4802518486976624
3701,6.5089078226010315,3.8003484591772576
3702,10.992823868989944,2.5037238877266645
3703,11.706650763750076,0.7587660391582176
3704,5.438429824294872,2.6989059438030836
3705,5.218780570896342,4.671921411558287
3706,5.426618785206301,1.3843359621241689
3707,9.087563123553991,0.8159103794023395
3708,5.4466910334303975,1.5132515783770941
3709,12.666531990806106,5.017186891658639
3710,19.200334083288908,3.613656146917492
3711,7.283536815317348,4.4685227470472455
3712,11.875763026881032,1.433593237248715
3713,8.834572564810514,1.8204251145944
3714,8.867641307413578,0.6123771243774172
3715,11.35199573636055,2.789859067648649
3716,18.125122100114822,3.9084296971559525
3717,22.776572395581752,8.80200912617147
3718,6.107688300777227,2.2294673062860966
3719,12.75834389263764,2.0353688481263816
3720,6.5420897379517555,1.428380347788334
3721,13.95930452644825,5.731695779424626
3722,5.988987703341991,1.2941632786532864
3723,16.40218553226441,5.739287751095617
3724,5.4702212661504745,1.3217725553549826
3725,8.931133151054382,1.0959693063050508
3726,6.28550542332232,1.272951320046559
3727,2.084532408043742,0.6480650044977665
3728,6.770667054108344,0.6260421838669572
3729,32.935710767284036,6.504658141173422
3730,13.284852027893066,2.4045197796076536
3731,2.1488438453525305,4.044264268130064
3732,5.746999638387933,1.381058655679226
3733,5.005003736354411,3.3278749035671353
3734,6.4027621522545815,1.3175060814246535
3735,5.764744981192052,2.3072514697851148
3736,2.1654362780973315,0.921089529071196
3737,4.6062643229961395,1.015158714260906
3738,3.3044445833656937,0.5449419990181923
3739,7.372240020096797,0.8931704364949837
3740,4.967017998918891,3.2098301327059744
3741,14.484002754092216,4.810077950358391
3742,5.387109220027924,2.259463516296819
3743,0.9322169721126556,0.800347964737739
3744,4.366606326482724,3.169836013812983
3745,5.967951780185103,1.181277731899172
3746,5.7244643496815115,1.2065258304864983
3747,15.597251253391732,1.0775835351087153
3748,10.975039745666436,1.3478086594259366
3749,12.49519437039271,3.182262317277491
3750,1.3639884096046444,1.1880837949465786
3751,2.4657434290274978,0.6135726666543633
3752,1.925324005773291,3.9003614974208176
3753,4.350744612806011,2.670263536972925
3754,0.5042138863354921,0.8640592731535435
3755,7.544940746389329,0.9578333543613553
3756,7.287744086701423,1.1970593058795203
3757,3.076566086267121,1.8354552164673805
3758,4.031420842511579,0.7402280499227345
3759,6.653160098590888,0.9736039824783802
3760,12.440651440701913,1.2003388887969777
3761,2.3840369507088326,1.2244610688649118
3762,6.14930464909412,2.787096976302564
3763,8.431126267649233,4.689743763767183
3764,6.7841679491102695,0.630730167481488
3765,3.397053047316149,2.2849739438315737
3766,3.2257339553470956,1.277851817489136
3767,15.74465661123395,3.9177632654900663
3768,15.484380014240742,7.69348930940032
3769,14.399044600962952,6.681697204243392
3770,2.7630934909102507,1.935155971441418
3771,1.5463243201375008,1.1654455186799169
3772,1.751214010102558,0.9409226961433887
3773,0.6020917613059282,0.9439256601035595
3774,10.120078949519666,0.32173644575232174
3775,8.51786542031914,6.212040765443817
3776,1.8197459023358533,0.8116028076638031
3777,3.4833898530341685,2.6624326333403587
3778,4.269177172333002,1.3184380412567407
3779,7.03364866017364,2.4243108371738344
3780,5.059808443540533,2.2094632201478817
3781,2.482996314764023,0.8293103219475597
3782,2.7450300629716367,2.3446058109402657
3783,5.1794674172997475,3.737544730800437
3784,5.129666835551802,3.454001696780324
3785,1.262377629056573,3.270212209026795
3786,1.8646393740200438,0.8474392552743666
3787,1.8414340373128653,1.0495458958041581
3788,7.0784026850014925,9.91887766146101
3789,0.4822815245715901,0.4145142982597463
3790,3.5046860817819834,2.2142963279038668
3791,5.083219293504953,3.308857426047325
3792,6.309432641603053,12.373895548284054
3793,2.7116203866899014,3.890488850302063
3794,4.229496009647846,3.2437699262518436
3795,2.4254023984540254,4.153108587488532
3796,1.7679504276020452,0.9206550223752856
3797,1.5402283566072583,1.6003309132065624
3798,3.26630590215791,2.4643136779777706
3799,0.24572039047257022,0.7159716763999313
3800,13.11176730133593,1.2036622638406698
3801,14.042259292211384,11.757911205291748
3802,1.9444294351460485,2.8941841032356024
3803,12.38076556159649,4.762558134272695
3804,1.7115401178598404,2.219254863448441
3805,4.58505686186254,0.6561651324154809
3806,14.260484207421541,8.064737685024738
3807,1.7908540199761092,1.6281382404267788
3808,3.6863705103169195,3.7146169785410166
3809,1.969404871808365,1.8856598963029683
3810,3.518526650033891,1.1069686319679022
3811,1.9921811489621177,1.3092462635795528
3812,0.824993256945163,0.38378220338881874
3813,14.225964659824967,5.188456399831921
3814,4.247988471528515,4.009233080316335
3815,3.314463205228094,2.0279938569292426
3816,1.8392916004831932,1.6737068725924473
3817,2.206567246001214,1.1111640069939313
3818,10.404446165659465,1.3728792107394838
3819,1.4688768970227102,0.8142778205510695
3820,19.67106072755996,10.652831073384732
3821,2.0094026202568784,1.4724282938987017
3822,4.466104049235582,2.7399793318472803
3823,4.3492783308029175,5.360701454337686
3824,4.56205704738386,3.061467772044125
3825,10.342112799844472,1.7310732128098607
3826,2.1360182045027614,1.8164933281950653
3827,5.803929493762553,7.356967692472608
3828,3.119490477256477,2.9203834431100404
3829,3.6765856614802033,4.488283500541002
3830,4.014082125388086,2.5913119993638247
3831,2.053117886185646,2.3005785344867036
3832,3.535195416305214,1.8357899341499433
3833,6.3724421337246895,2.8658210476860404
3834,3.7433106303215027,1.4866306139156222
3835,14.52695204387419,7.944860612042248
3836,3.320870526134968,1.5110524233314209
3837,15.309157853713259,2.921105266548693
3838,5.2854776829481125,1.2959354324848391
3839,13.06465507671237,5.608419278636575
3840,4.329104190459475,1.640717251226306
3841,7.396595920436084,2.3048340630775783
3842,5.365754045546055,1.8211041696122265
3843,9.721866014413536,4.96295625763014
3844,3.588658036198467,1.0473988335579634
3845,5.120247246697545,3.823544009414036
3846,22.04168664291501,9.708632185356691
3847,7.236199997365475,0.6409189772748505
3848,11.865580876226886,4.117613413371146
3849,5.666607886552811,1.8011499932035804
3850,13.809358906000853,4.921268403530121
3851,2.8672768140677363,2.372162915766239
3852,2.098783945373725,0.8232842134311795
3853,6.290836995351128,2.157378258416429
3854,3.7851077076629736,1.8877086164429784
3855,10.193655843795568,4.656305840180721
3856,1.4933940852060914,0.9347104663320351
3857,3.4006108774919994,0.46611688064876944
3858,4.1602982226759195,0.2307432666711975
3859,15.667550846468657,3.858977950818371
3860,7.116460161283612,0.5976973816286772
3861,10.374091469682753,7.423059230670333
3862,4.126743318513036,1.0029383617365966
3863,7.039912434236612,2.176038682751823
3864,22.351499766111374,8.848045460646972
3865,3.541796808131039,2.139687309972942
3866,4.917820706963539,2.9360189399612864
3867,3.328029815107584,2.9456592136994004
3868,11.497587084770203,3.380222847685218
3869,14.520360618829727,4.159335187636316
3870,11.496888561174273,5.603941841633059
3871,4.387796577997506,1.5386339306132868
3872,1.658326843607938,1.3467581355944276
3873,3.9449431374669075,1.6676875384000596
3874,4.941214395221323,1.6091284300200641
3875,6.47280329442583,1.675594361498952
3876,13.216000337153673,6.00663464423269
3877,13.818496204912663,5.308131235651672
3878,6.6630141865462065,1.2093736511305906
3879,16.90552790806396,3.631356669957313
3880,5.883771405555308,1.2912884475081228
3881,11.132629808038473,5.054096688982099
3882,12.336524159647524,1.725645324215293
3883,11.070058091543615,1.065695165656507
3884,1.8774289656430483,0.9367569522000849
3885,6.785301377996802,1.6093857660889626
3886,8.99177048355341,4.8810653681866825
3887,8.2979107350111,4.686433489434421
3888,3.945027634501457,0.8806016513408395
3889,9.069342311704531,3.385931119322777
3890,7.292236465960741,3.8159313555806875
3891,6.939322733611334,1.302413996134419
3892,9.779620749875903,0.9473645358812064
3893,6.389931042678654,1.4220345709472895
3894,7.9081713277846575,1.9164851736277342
3895,6.359738533385098,0.5721922757802531
3896,10.987811078550294,1.1290506850928068
3897,4.801081793382764,1.2176352431997657
3898,12.048408098518848,2.9254021791930427
3899,7.939621872268617,2.370673314202577
3900,3.407730184495449,7.0584163303065
3901,3.6089756237342954,1.5977598573081195
3902,4.649188065328417,1.0930793734150939
3903,9.454555980861187,3.9362151977984468
3904,26.840726676862687,4.996734856991679
3905,15.576283341273665,1.6131849851226434
3906,72.85204273462296,13.75972943380475
3907,14.543933801352978,3.8053638827987015
3908,6.724032582656946,3.7983072428614832
3909,12.051702566444874,0.8477820176631212
3910,24.47749005490914,3.118430410482688
3911,4.697755906556267,1.8921317952190293
3912,1.1098397211171687,2.086870471946895
3913,7.224396289791912,0.9767128704697825
3914,1.6698216931981733,1.2018314047854801
3915,6.895112394442549,1.7070686874794774
3916,5.776962146162987,1.6572598949860549
3917,7.344407242257148,1.3285394621780142
3918,3.212403206154704,1.0507772024720907
3919,4.028275042772293,2.9106122576631606
3920,4.092353251762688,0.83335159602575
3921,0.6576364801730961,1.863737019826658
3922,1.4313359847292304,1.3032715180888772
3923,8.536017540376633,4.023112374260563
3924,2.2286260123364627,1.2822792933147866
3925,7.16419479995966,1.4684068475617096
3926,2.210054636001587,1.1072001224383712
3927,7.783150280825794,1.661197671899572
3928,2.766243238002062,1.1210801620036364
3929,2.4408854560751934,1.0934660997590981
3930,3.5979684198100585,0.8970463473306154
3931,1.5160206058062613,1.3168651023879647
3932,3.5893246056512,0.6803835588834772
3933,17.812871344038285,5.057835676241666
3934,3.065093031618744,2.100568328052759
3935,13.028338585718302,2.7382005547115114
3936,6.551716435758863,2.298668394330889
3937,2.8719291572342627,1.0474912320496514
3938,39.49698219576385,12.428326562978327
3939,4.983727329410613,6.701815210282803
3940,18.38601977424696,8.033190629183082
3941,3.387734595016809,3.2892138439638074
3942,9.656766884028912,3.1931526272092015
3943,1.946402960922569,0.9757390532176942
3944,20.839234202634543,6.4493914043578116
3945,12.527387634851038,2.4449471295811236
3946,1.0903002563863993,2.512526379810879
3947,5.425452270545065,3.640780649788212
3948,1.6636086030630395,0.6251588202430867
3949,7.04358889197465,3.941325403749943
3950,10.496837143757148,3.5582828386686742
3951,14.045815641060472,1.3061566483229399
3952,2.6014283359982073,1.3520775189390406
3953,3.5430038827471435,3.737573040649295
3954,8.453824640251696,0.9672363175122882
3955,3.0069070612080395,1.0102727152698208
3956,11.2996428819024,3.501013284898363
3957,2.074827902019024,3.1594325529877096
3958,2.537260502576828,1.4515850227326155
3959,2.503349332138896,1.491350364871323
3960,11.602835866753594,10.319547531711578
3961,3.52422129464685,2.388730854203459
3962,6.234539923258126,1.0385729609552072
3963,3.3693546548020095,2.9397864751517773
3964,4.911540146917105,1.4936435546260327
3965,15.610740430653095,3.201913289085496
3966,3.0947807393968105,2.684189759660512
3967,7.715103652561083,3.540373373289185
3968,2.6804297850758303,1.600445327876514
3969,3.923072377918288,1.6444626431912184
3970,11.867678068636451,4.852132924041541
3971,6.96901874942705,4.824188665836118
3972,3.112084130058065,1.369402083888417
3973,7.066112740430981,1.5408846671052743
3974,7.595839221030474,0.8578827674500644
3975,3.940036433872592,3.202377514751788
3976,4.84715919662267,2.3890690308180638
3977,4.762864985736087,2.6453954915050417
3978,3.291456622071564,1.2012720305938274
3979,5.891703320667148,2.859784370753914
3980,5.841296389698982,0.7889933297119569
3981,10.821781933307648,4.36150669620838
3982,9.332272683735937,3.8926273845136166
3983,9.303559829480946,4.050481669604778
3984,1.4294243915210245,0.761689085746184
3985,12.11205670190975,3.035817847427097
3986,14.301683684810996,3.723717538639903
3987,9.37419269559905,0.5767791439429857
3988,4.151812378317118,2.870122615218861
3989,13.842465203546453,2.5082251690982957
3990,6.4567328887060285,1.349368589464575
3991,3.3819919442757964,2.4943501790985465
3992,3.30470792070264,2.334810148924589
3993,10.367060543387197,3.9076625937595963
3994,10.085504164686427,2.314347007777542
3995,2.7052741434890777,1.122394785284996
3996,12.163765783892018,3.643111791461706
3997,6.505952178304142,0.5279722865670919
3998,0.18730287213111296,0.8677596894301587
3999,1.2807470498082694,1.183553880895488
4000,0.6816177366999909,0.22415649908361956
4001,0.6242909096913536,2.3666275390423834
4002,10.880374073982239,3.777513049542904
4003,8.074593102093786,2.9518575755064376
4004,11.141539214644581,5.945439487695694
4005,4.236925637349486,0.671980970480945
4006,12.359771122562165,4.757661483250558
4007,6.057770674233325,3.5525759358424693
4008,1.6501611340863747,2.0127529754827265
4009,12.566516257124022,1.7187419312540442
4010,2.43902319483459,0.4491362079279497
4011,2.439707558225564,0.6358861238331883
4012,6.790039286177489,2.5919880964793265
4013,4.818773692473769,1.5542764341225848
4014,15.624541729688644,2.3585998092312366
4015,14.469686512835324,3.2313846959732473
4016,2.7621447928249836,0.7658527459134348
4017,2.063916904223447,2.771666791290045
4018,14.32861214946388,3.0162420079577714
4019,1.5288598724420126,0.5379346162080765
4020,9.017663276405074,3.0080240787938237
4021,7.292174512636848,1.2488595540635288
4022,11.77656115964055,0.48505584453232586
4023,2.2462862581014633,1.5204580528661609
4024,10.2599619589746,4.4562651524320245
4025,6.727905547246337,2.421976373392681
4026,8.363263996317983,0.9968024477452673
4027,5.078003752976656,1.92201182552526
4028,10.69708166597411,6.177366873482242
4029,3.7257240337203257,2.6657928503118455
4030,15.474172545596957,4.163710985332727
4031,2.9756162052508444,2.820256905783026
4032,3.6713888290105388,3.095352667849511
4033,7.318636363372207,1.2107975877006538
4034,8.11750259436667,2.5003179279738106
4035,5.920050067012198,0.8446496126707643
4036,2.9129847076692386,0.8603461494203657
4037,13.048200051300228,5.541343938326463
4038,6.331232653930783,1.1317405762383714
4039,3.3022033777087927,0.45344390178797767
4040,8.724444964667782,2.311622208915651
4041,24.17352417550137,1.5044690759968944
4042,4.023798840120435,0.8141758949495852
4043,34.47647755820071,4.222445169463754
4044,8.858178354799747,8.069278318900615
4045,8.044099893420935,2.2867080848664045
4046,13.429036684334278,3.3190621690591797
4047,12.440231867134571,3.6126254016762687
4048,30.732286486658268,11.22291772236349
4049,13.658214931492694,4.870234380476177
4050,6.620437574572861,3.2059020625893027
4051,12.781585471937433,5.573233828865341
4052,0.7245601175818592,0.6478466156986542
4053,8.415219712303951,3.702056454232661
4054,2.111575400456786,2.3252531787147745
4055,9.705285056727007,1.1876265019927814
4056,3.4926758743822575,1.899674393871578
4057,11.006179513351526,7.291660782313556
4058,10.383898630738258,2.808287935331464
4059,3.252582539775176,1.6262616213643923
4060,2.0682098132092506,1.982306452235207
4061,3.6750677204108797,0.6297182849957608
4062,6.306397087872028,0.9456383232800363
4063,7.436642627231777,2.5697676931740716
4064,17.316689661005512,5.187018372584134
4065,6.062509998679161,2.974515251815319
4066,7.685122308321297,5.861251532391179
4067,0.880797429010272,0.5797110731364228
4068,6.0951038636267185,1.0331690041348338
4069,2.412275403738022,0.7055581187596545
4070,7.7643182806205004,3.4524858193472028
4071,2.2344947876408696,0.7426025896857027
4072,6.831682743504643,0.4210007451620186
4073,13.224953926168382,4.646505480748601
4074,6.900258582085371,1.3558305710321292
4075,5.266152917814907,3.5166655723005533
4076,5.5173893386963755,0.7307219780050218
4077,3.9778828769922256,0.44786781108996365
4078,1.901048574160086,1.0120890429243445
4079,4.144396420364501,0.8971176532650134
4080,0.6025216409470886,0.879522059676674
4081,4.6336902031325735,1.0805608639493585
4082,2.253532609436661,2.4378344169690536
4083,4.561441814730642,1.7285305969417095
4084,15.836801482364535,1.8972725786188676
4085,10.394784713163972,2.0980032989755273
4086,1.0371275530196726,2.0125948935747147
4087,5.237920414656401,1.0055572438286617
4088,4.397448514588177,0.6554731515934691
4089,10.958755444735289,0.9144529925542884
4090,8.67504383251071,1.391853331198945
4091,2.40483635594137,0.7324029700248502
4092,2.4328751135617495,1.8344683600589633
4093,13.478456852957606,4.297011341899633
4094,31.752901467960328,7.048674514051527
4095,6.756948541849852,0.9304343014955521
4096,2.4195402626210125,1.511507957970025
4097,3.8142517264932394,1.3071059753419831
4098,3.6462890099501237,0.7756214435212314
4099,9.825422896072268,2.4504764548619278
4100,7.323987658135593,2.6006768755614758
4101,31.276051215827465,3.536025530193001
4102,2.6491458088275976,1.9110163222067058
4103,36.34372145682573,14.9595259539783
4104,10.945101514458656,1.9892610623501241
4105,10.622727610170841,3.906640855479054
4106,7.49538599668449,2.3924006186425686
4107,9.092739552259445,1.4041987885721028
4108,12.169695563614368,1.5825828482047655
4109,9.225557953119278,1.8649132293649018
4110,7.303837647312321,3.8505481149768457
4111,16.19950839309604,1.9596533240692224
4112,14.31506082994747,7.122381642460823
4113,13.262625657022,3.5605703964829445
4114,7.029092667158693,1.169000438414514
4115,10.932000681757927,2.020994112826884
4116,5.142961874604225,1.6235287771560252
4117,21.693202160298824,5.650150673982353
4118,15.365264900028706,2.809608329902403
4119,8.147171776741743,2.43850554972596
4120,41.192032516002655,11.277255495049758
4121,17.40298752556555,3.4534118063384085
4122,11.444566575810313,3.355028547346592
4123,27.16652520932257,5.15377352910582
4124,12.880821347236633,3.1773079598206095
4125,10.156235842499882,2.5279471524991095
4126,53.33928982168436,15.351678046863526
4127,29.92360806465149,15.728390011936426
4128,53.0841564014554,7.510858114153962
4129,30.297569398768246,13.30185588914901
4130,13.616665907204151,4.677740469574928
4131,5.813782095909119,1.8354719830676913
4132,14.822715938091278,2.53203983977437
4133,11.0816766358912,1.4818438198417425
4134,7.677317589987069,1.9891936097992584
4135,58.4216757491231,10.323877144604921
4136,5.3181208819150925,2.0309964511543512
4137,28.145602313801646,1.517412361339666
4138,28.573555573821068,10.208115833811462
4139,24.98763506859541,8.337643798266072
4140,19.394982025027275,6.57540949434042
4141,21.13820879533887,5.0054545213643
4142,11.952575296163559,4.189252277836204
4143,30.73897112160921,12.714397117495537
4144,12.650996048003435,3.277071059681475
4145,8.77572725340724,3.395575240254402
4146,9.245117127895355,4.8778699560207315
4147,26.85359247017186,6.9986869648892025
4148,6.888027798384428,2.1732948794960976
4149,7.754268622025847,2.272027526050806
4150,8.766513533890247,5.004540916066617
4151,19.347418275661767,5.440966222435236
4152,10.939909279009044,2.960468692064751
4153,4.845656454563141,2.18894291005563
4154,5.826423259451985,1.6422834382392466
4155,18.916139025241137,4.552535300375894
4156,3.667436973353688,1.6121196322346805
4157,7.274458726664307,3.697987202554941
4158,4.453669499984244,1.7950106775388122
4159,1.1765689992680564,1.2964336735059305
4160,1.3145724423229694,2.372016304230783
4161,6.720793108048383,0.8262795680420822
4162,9.147735082953659,2.0565833883956657
4163,2.7661410410646567,1.0309403011779068
4164,30.96773176221177,1.9633003836497664
4165,7.691296433098614,1.5726243031167542
4166,13.218714517133776,7.70570756867528
4167,20.35885031335056,10.00461395084858
4168,6.37493850348983,4.11933820345439
4169,3.4723835901386337,2.310497713580844
4170,6.306798357050866,4.1394949309760705
4171,5.162121339235455,1.2192574680011603
4172,23.168794019147754,2.076011039549485
4173,8.631123102037236,1.4254561141133308
4174,8.764480755664408,1.7459440394304693
4175,3.1325773398857564,0.9123764315154403
4176,14.078661593841389,1.141810534754768
4177,6.926946274936199,4.527591722086072
4178,2.7704906221479177,1.7658332245773636
4179,6.84419819933828,2.4062252447693027
4180,6.922067852690816,2.391562321456149
4181,13.792761468328536,5.394981604069471
4182,10.825970164849423,0.4897260471479967
4183,6.922883959487081,1.918894334230572
4184,5.483737368136644,3.002884041517973
4185,21.84898707550019,3.0129167590057477
4186,3.2462305503431708,1.0221027741208673
4187,9.067879661917686,1.7903820141218603
4188,11.111379243433475,1.7775601968169212
4189,14.254909147042781,6.2068357965908945
4190,29.775099679711275,4.301246734336019
4191,12.618593692779541,3.1763386034872383
4192,9.451112907845527,1.108820321969688
4193,4.513376150280237,2.816906236077557
4194,7.338327456032857,4.383650247938931
4195,14.88302265513994,2.153654270323159
4196,45.21605614293367,15.992767315037781
4197,17.761230893433094,7.246917902957648
4198,5.922993749380112,2.1541106813238002
4199,7.3119805390015244,2.7781672924757004
4200,9.779644815251231,1.041464576613663
4201,28.880174851743504,6.7264261712525695
4202,15.977622287144186,4.5065975077450275
4203,0.6431302660494111,0.6811712277994957
4204,13.703721511992626,2.4149238042373327
4205,5.353225275874138,3.6950076892971992
4206,2.896079183090478,1.9312568639870733
4207,0.5168471649521962,2.171594687504694
4208,1.5178024359047413,1.4797453684732318
4209,3.8551616852273582,2.9601609334349632
4210,3.192133349883079,0.5977548223527265
4211,5.252568425203208,5.143480765167624
4212,10.592701181769371,7.012101177126169
4213,2.6692416692967527,1.5261445865035057
4214,3.5795945497229695,3.2491951901465654
4215,6.072476621717215,4.8031730187358335
4216,0.9507339084520936,1.0077284276485443
4217,2.0391539777629077,2.0081307615619153
4218,15.181195231503807,2.172872666269541
4219,6.244223464280367,1.5166564144892618
4220,1.2375087086111307,1.4497951017692685
4221,16.60121275112033,7.864975620992482
4222,3.7911356301628985,3.025704409181344
4223,5.991560405120254,2.738943624543026
4224,9.529860716313124,0.8886712442617863
4225,1.9145408924669027,1.8238449404943822
4226,2.515129890758544,1.7987155080772936
4227,1.0119147775694728,1.763033869152423
4228,7.496260727290064,1.1541739064268768
4229,11.144840294262394,5.66594555368647
4230,3.1297867600806057,1.1542305867187679
4231,2.6807454712688923,0.9862304693087935
4232,4.571074328152463,3.131970426533371
4233,1.289207118563354,1.042060904801474
4234,8.279505848884583,3.998050417751074
4235,5.9116998091340065,1.863614940084517
4236,3.616298422042746,1.5931173590943217
4237,1.0485649364709388,1.2478245082311332
4238,6.935819445177913,0.6620244600926526
4239,2.787801718339324,2.0122182841878384
4240,4.746631219983101,0.7424102500081062
4241,7.808604136109352,0.4224565753538627
4242,3.511027418076992,1.8834898620843887
4243,3.6285227313637733,1.890507526230067
4244,1.4724498894829594,0.7766302684322
4245,21.509253084659576,8.74755684682168
4246,2.9798856140114367,1.5533008811471518
4247,9.735328221693635,2.6237046605092473
4248,10.716402933001518,0.8815753157032304
4249,0.7396432979876408,1.3903835850796895
4250,2.496532747754827,1.1099914659862407
4251,20.12180512957275,4.856226885429351
4252,4.787157746235607,1.6298327271360904
4253,21.211609156802297,3.199771605315618
4254,4.033253516070545,3.2377385143190622
4255,3.6348106451169997,0.15379565651528537
4256,6.213057627901435,2.721878483775072
4257,1.4744251052034087,1.2823781365295872
4258,23.294088028313126,0.9069546740502119
4259,23.81507412251085,1.552335023530759
4260,1.7927608028403483,1.0724160451209173
4261,3.486543550854549,0.9504639271181077
4262,1.4766522283898667,1.4564372170716524
4263,4.44788155311835,1.1212563756853342
4264,2.658621810376644,1.44091999810189
4265,23.54995078407228,4.345407822213019
4266,27.93855634983629,3.8056592936627567
4267,4.1244418119458715,1.7868880734895356
4268,7.81422465108335,4.292941240826622
4269,1.2211928402175545,0.6206677220761776
4270,1.365731800062349,0.8729244098067284
4271,2.120075909566367,1.2168136518175743
4272,9.410657163709402,1.6683960119262338
4273,59.33960845367983,15.252120126970112
4274,7.279662407934666,1.4537854539230466
4275,21.612660375991254,12.922886829008348
4276,7.115174803882837,1.764264003572407
4277,31.557966724038124,0.40275885368464515
4278,15.11699678376317,7.6256999807665125
4279,3.8020384275587276,0.7387016469147056
4280,40.6961656025378,1.3818572603122448
4281,5.988110138103366,2.932248452678323
4282,33.37065974014695,2.5945129617030034
4283,25.39322603866458,0.8293883660139727
4284,12.748206222429872,0.8860510857775807
4285,8.481254247482866,5.464328949339688
4286,35.46989294886589,10.17028589732945
4287,6.982473939657211,2.014360260684043
4288,6.248300511855632,5.2958039252553135
4289,16.34948979737237,3.959810968255624
4290,47.121888692257926,2.6914539473946206
4291,14.411229126970284,7.251077224704204
4292,4.7379127107560635,2.0119160103495233
4293,7.033355806372128,2.498460571281612
4294,15.95526397228241,2.1914724650559947
4295,5.309902124106884,2.687488952797139
4296,8.189488485455513,5.7592171295545995
4297,34.45876447856426,1.6634181716945022
4298,3.54457082785666,1.6224913522601128
4299,15.24323817959521,12.995545296173077
4300,4.251537039875984,0.6773548917844892
4301,6.262638776097447,2.5764968637377024
4302,8.416251678288972,5.986080096568912
4303,4.182207372272387,1.1085541614011163
4304,35.69724141713232,13.470578327775002
4305,9.40378999337554,4.725816369988024
4306,6.171396201418247,3.8240813915690524
4307,56.60874508693814,7.183478452265263
4308,7.769083119172137,4.118765398074174
4309,15.407957661896944,6.5570703496050555
4310,102.34617921952304,21.774524789536372
4311,11.865817707264796,23.03996362041653
4312,31.212507056538016,7.750026686582714
4313,4.94765267521143,3.3967056050896645
4314,5.02717911452055,2.6690151463262737
4315,6.251221859361976,1.2704078870592639
4316,7.259286498550864,2.7877335846424103
4317,10.678880976513028,2.9059691404399928
4318,4.9672092902474105,3.1211624431889504
4319,0.9462648387998343,1.6472153941285796
4320,2.9543851297348738,2.594845226034522
4321,1.1473641176708043,0.7490213626297191
4322,6.798129752278328,6.002836602419848
4323,6.5156630501151085,5.562692717307073
4324,42.62113436497748,4.168438481996418
4325,14.918170731514692,4.285629995167255
4326,6.68849984992994,1.6532799303531647
4327,18.551834095618688,12.291751767654205
4328,5.96734654980537,5.069504503160715
4329,3.0086643869872205,2.086240893055219
4330,9.090616270899773,1.9086127816699445
4331,25.67339723816258,6.647550712805241
4332,8.57997708208859,2.627088811714202
4333,4.5261721052229404,1.204077173024416
4334,17.44986734725535,6.914067946374416
4335,1.841206066776067,0.6381740462966263
4336,5.305365438573062,5.128620755696829
4337,4.5606148114893585,1.6214171641040593
4338,36.88326393906027,9.063412128522032
4339,26.131738346943166,7.111445907270536
4340,1.7547624316066504,1.2571554202622792
4341,19.16091051697731,5.351056455634534
4342,5.15943641634658,2.6790708219632506
4343,2.2423604934010655,3.1151977537665516
4344,2.3838074132800102,1.6965184230357409
4345,11.783151961863041,7.387061078101397
4346,2.5321490350179374,0.7161783798946999
4347,3.8250206622178666,5.044237581569178
4348,3.109114285558462,3.8480219366028905
4349,18.331259799655527,2.431314083507459
4350,8.077790714800358,2.80339966021711
4351,17.17579311359441,4.131528675730806
4352,1.1257739752763882,1.6267681114841253
4353,16.383231167397753,7.989844258874655
4354,2.62706031370908,0.6859077309563872
4355,10.03227036492899,4.743756729699953
4356,11.730880126415286,1.1696069510653615
4357,4.5706655834801495,4.014416165649891
4358,4.374614179134369,2.328044743742794
4359,5.047193885140587,1.2863968305755407
4360,24.94266495830405,1.138727033045143
4361,2.435409341007471,1.293872520327568
4362,43.69007564894855,9.2833376021008
4363,19.983639121055603,3.345499351620674
4364,7.796674489683937,3.659446870908141
4365,5.170848566107452,3.461664085429021
4366,4.964561816774221,1.7827871995978057
4367,24.134064896963537,2.0025374572724104
4368,25.569670577067882,1.5508841965347528
4369,2.931539694778621,2.6010809056460857
4370,2.689210747652396,1.3472295594401658
4371,2.567240330390632,3.8681697525898926
4372,2.5360521115362644,2.0713131488737417
4373,14.178548615425825,3.7790712811784033
4374,15.05363018187927,8.706297100288793
4375,2.816800876054913,1.0350889908149838
4376,3.3644326732028276,0.7710034782066941
4377,9.02615848230198,3.373503294074908
4378,8.672267243266106,1.5846851095557213
4379,13.247839991003275,1.9019172764383256
4380,19.41008639894426,4.5676053408533335
4381,16.62611793942051,1.3459872995736077
4382,3.131215274275746,2.739806279540062
4383,9.369659223593771,3.5311221601441503
4384,34.4342593960464,5.6712589068338275
4385,26.858324696309865,9.042851153761148
4386,9.240761287976056,5.5408810414373875
4387,0.8799979069153778,1.7707771784625947
4388,2.471398427616805,2.4552758652716875
4389,14.944261461496353,2.517992328190303
4390,15.567130502313375,3.447472759988159
4391,4.66076470608823,3.1657038589473814
4392,2.550920683890581,2.4831012510694563
4393,0.8693642456782982,0.3855761152226478
4394,4.014676713442896,1.8032738687470555
4395,4.516064462251961,2.1105868553277105
4396,5.597866449505091,1.456440047824799
4397,1.0475567542016506,2.4341058637946844
4398,12.883281972259283,4.2842829511500895
4399,2.0263559409067966,0.6258213476758101
4400,3.267823719943408,0.2884632435309413
4401,4.342254177667201,2.9123483895673417
4402,3.179073501378298,2.6539490455397754
4403,4.864044104702771,2.776272464543581
4404,9.068204055976821,1.6371347792446613
4405,3.8614504924044013,1.3675384584348649
4406,18.556878969073296,1.1512097048107535
4407,7.333202637732029,2.410427924245596
4408,2.1125566009432077,0.6898565494921058
4409,3.5946847224840894,1.9691104963421822
4410,5.311914269346744,4.429242351441644
4411,34.313827350735664,4.0986000671982765
4412,5.815685570240021,2.403028787113726
4413,1.4334976909449324,0.3787788220215589
4414,2.019285929191028,2.2390562538057566
4415,8.538673667237163,1.377521518850699
4416,6.665053233504295,2.0322215678170323
4417,7.727354254573584,8.13190211931942
4418,2.326520309841726,1.446159124840051
4419,10.67292725900188,5.578584730625153
4420,2.402378346188925,2.05876891547814
4421,19.79971924982965,0.8291025813668966
4422,23.759166706353426,3.4526834855787456
4423,23.750573162920773,1.7135224353987724
4424,8.771342299543903,3.2577205096022226
4425,9.94629249771242,3.9691569238784723
4426,5.538982835132629,3.0845702420920134
4427,4.618420520331711,0.6686666446039453
4428,5.184697065502405,1.4467556152085308
4429,7.61377783784701,5.970779915340245
4430,5.915571277961135,1.8748696949332952
4431,16.492171864490956,4.362541254609823
4432,12.593331709504128,2.7472917437553406
4433,23.116907238960266,12.293379608541727
4434,16.093234995380044,3.5253669827943668
4435,44.107321977615356,5.127410975284874
4436,18.17854941356927,2.1088802581653
4437,31.732067491393536,3.771586099639535
4438,9.005762234330177,0.8762372341006994
4439,62.38919526338577,3.967292722314596
4440,20.819625351577997,3.2586670983582735
4441,24.576107734814286,5.833760985638946
4442,20.4399573802948,3.909556290600449
4443,10.957337781786919,2.3320925580337644
4444,11.983678136020899,2.9263076269999146
4445,30.988967134151608,8.633407698012888
4446,10.820732735097408,4.351329767378047
4447,70.63616516441107,4.440465334402688
4448,13.27917756140232,5.172464422881603
4449,27.95997381210327,3.761844545137137
4450,17.03012628480792,12.625421129632741
4451,90.03224388883973,0.9888771325349808
4452,10.165257044136524,1.738346929429099
4453,48.04942072927952,5.005365765128772
4454,35.62382638454437,19.255564279854298
4455,8.987318740226328,8.623521814638025
4456,20.69422448799014,3.9486716594547033
4457,140.12456262856722,19.6667514257133
4458,13.3909228220582,3.127403118647635
4459,126.6157643571496,4.303070129128173
4460,11.943782635964453,5.031409004237503
4461,26.846476380480453,4.747382052242756
4462,3.7337447233730927,2.2727026139036752
4463,47.233865445363335,19.361377277818974
4464,5.255846124797245,1.754054487682879
4465,11.894704795442522,8.633834548061714
4466,3.050006524194032,3.0988801727071404
4467,40.04593226546422,0.8161853759811493
4468,11.202820253092796,5.462985955460255
4469,3.8368791108950973,3.665165893442463
4470,4.592584043741226,0.9164581551849551
4471,4.4632096129935235,2.226154482923448
4472,6.680396002717316,3.0573868197388947
4473,7.746269188821316,3.2917229372251313
4474,3.6082902355119586,1.3522551058558747
4475,1.7511625605256995,1.6142310136929154
4476,1.701313063269481,1.3149126414209604
4477,5.3289784556254745,3.446874964982271
4478,18.464812393765897,6.0246293395757675
4479,18.14519989793189,7.3928496048320085
4480,37.82576100365259,33.309916590340436
4481,1.7029237101960462,1.9061798352049664
4482,20.66503009200096,22.543340750038624
4483,5.429377090185881,3.882192607037723
4484,14.335953183472157,15.434190467000008
4485,9.371268823742867,9.715188667178154
4486,28.793815776705742,5.5964799001812935
4487,8.066322177648544,2.5009342099074274
4488,55.922340624034405,51.33367399126291
4489,17.12704683933407,3.911933228140697
4490,6.474854152649641,8.56824815273285
4491,16.994125850498676,6.031858608592302
4492,3.609145348891616,3.6704060109332204
4493,17.39463164843619,30.910670724813826
4494,11.211179427802563,2.612285889685154
4495,9.164945491953404,4.021172752138227
4496,6.24621263332665,3.907933920621872
4497,4.687092111911625,12.63049316033721
4498,15.973509789735544,10.622050285339355
4499,15.812710277445149,2.907415215857327
4500,17.318034455180168,9.149124158429913
4501,3.188000584137626,2.767957507632673
4502,5.325895048677921,1.9146297519546351
4503,6.584429532289505,1.845207218080759
4504,3.2783629409968853,4.077187687158585
4505,4.436983773484826,3.747613027691841
4506,2.762736232485622,2.685776937752962
4507,1.9043142572045326,2.708362827077508
4508,9.16987770156993,9.255044071585871
4509,1.6616746746003628,3.5633621141314507
4510,4.835746433585882,4.218400583602488
4511,7.127351493574679,0.9059743148973212
4512,8.008233887667302,8.731473945081234
4513,5.765349159235484,2.38634723238647
4514,24.7412308731582,13.763957880903035
4515,0.9182666250853799,0.7155960366362706
4516,10.882434265688062,4.138880658359994
4517,1.1880661875475198,1.239093864638562
4518,3.853152299299836,5.1907989624887705
4519,2.2204760313034058,4.918781418353319
4520,3.01643153572968,1.5520377503708005
4521,28.593864107737318,15.503613016102463
4522,4.4247310992650455,4.760690376162529
4523,5.117274398216978,1.2268840844044462
4524,19.1504575998988,1.776846120133996
4525,5.127209321246482,0.7573770719172899
4526,6.127966577951156,1.743959914019797
4527,4.729738902300596,3.501761734485626
4528,41.19248615950346,10.488050359301269
4529,4.616883989423513,2.9728447645902634
4530,3.6455527991056442,1.1299733337946236
4531,18.19226912036538,5.15154237812385
4532,4.928814718266949,1.193638848606497
4533,26.168733494821936,9.77940391562879
4534,2.195367816835642,1.6969576239443995
4535,4.515812756181731,1.3087714834837243
4536,10.12085385993123,2.662754774093628
4537,9.828000326640904,2.5885632692370564
4538,7.425713968928903,3.069586231315043
4539,2.7020452935248613,1.701532791601494
4540,1.9822528055228759,2.0748078383039683
4541,5.465004547382705,0.6630091732367873
4542,5.162357079738285,2.6269397696014494
4543,6.117149516474456,1.9889894147636369
4544,29.163984179554973,7.506513654894661
4545,5.382856261945562,3.607761097358889
4546,3.004194244451355,0.7362269535197186
4547,8.800202114507556,4.174955424852669
4548,9.512950107455254,3.90946832485497
4549,4.158771153539419,1.5478675188496709
4550,1.3178141652606428,1.5313304965384305
4551,1.5551700473879464,0.6053198613226414
4552,0.6388392534572631,1.3220661344239488
4553,4.571132060074888,1.5847164042061195
4554,13.068690576859808,0.9831516679842025
4555,12.936698950827122,4.8616748445201665
4556,2.2518182769417763,1.3779611513018608
4557,27.53118029795587,4.462722447235137
4558,5.4462167443707585,1.8171075452119112
4559,2.059033166617155,2.3819811521098018
4560,0.6590078638400882,0.376841647841502
4561,18.396620325744152,6.507621691754139
4562,8.80018274160102,4.690938159823418
4563,5.151189900934696,8.48935742676258
4564,22.830579891306115,4.425237599760294
4565,3.203084088396281,2.9454604246420786
4566,4.7411586936686945,0.6794134266674519
4567,4.711413006298244,4.286585053618182
4568,15.646244982257485,1.4071521842852235
4569,5.020196574740112,4.229767925105989
4570,3.1431132704019547,2.873666268773377
4571,4.849615283310413,3.137633171863854
4572,1.4893183870008215,1.2271019391482696
4573,1.4925086703151464,0.34594340884359553
4574,1.125178624264663,2.4118614143226296
4575,3.754804700613022,0.9155571981100366
4576,2.716450186970178,2.1281267320591724
4577,0.9479595060984138,1.9167408437933773
4578,5.097068436443806,0.8917779529001564
4579,2.8991541089490056,1.7574547855183482
4580,2.089752594009042,0.9794468600302935
4581,2.1255177184939384,1.1193361105397344
4582,2.3955604233779013,1.070233589023701
4583,21.630961285205558,0.8264605897129513
4584,2.011244807392359,0.5132787860675307
4585,4.873384231701493,2.7405583425424993
4586,4.254620235413313,2.101163867395371
4587,1.715772409021156,0.5115119041875005
4588,0.7026577501092106,0.5446483835112303
4589,4.610444060061127,1.749465363100171
4590,28.32440912122547,1.609910943545401
4591,1.231033117044717,0.880854029150214
4592,2.0926048264154815,0.48065843672156916
4593,2.3703112875919032,0.7586724131979281
4594,0.30675662236171775,0.8091718066443718
4595,3.824588871546439,1.4263783523347229
4596,3.778732338862028,2.6754575662780553
4597,2.1856370718451217,1.1356518076213433
4598,0.3024544643703848,0.392532038182253
4599,9.678881101310253,2.9860222004354
4600,11.997100449829304,0.6569225021157763
4601,7.138437191024423,1.9143345425636653
4602,1.9401155137456954,0.898752074688673
4603,19.326759740477428,6.276505915406233
4604,6.385180991142988,1.825321911543142
4605,3.8285434804856777,2.9232482941588387
4606,4.704867071656736,1.1175509115446403
4607,1.8722379136597738,0.958456356296665
4608,32.143528448883444,9.865818300982937
4609,4.439660488511436,2.821976623032242
4610,5.233169775689021,2.719340180279687
4611,28.565744251944125,9.249604720052957
4612,4.646680874750018,2.546484809368849
4613,2.3881367594003677,4.448501910082996
4614,2.7307964779320173,1.7786449664272368
4615,24.694744374370202,6.615818919613957
4616,15.124217034433968,3.2184189650652115
4617,2.133866922929883,0.3694769675930729
4618,41.285605089506134,16.224723960272968
4619,3.8223652746528387,4.499777645803988
4620,22.507885992527008,3.3550641123438254
4621,5.120150402188301,1.032307486377249
4622,11.894558325169783,0.712788684759289
4623,26.551830887794495,1.8937652186737068
4624,2.4229819704778492,1.3464924960717326
4625,4.0365537407342345,3.8015633373870514
4626,3.7205880265682936,1.5546276232489618
4627,2.871579149039462,0.3604752490064129
4628,20.733383813008004,1.0896343513595639
4629,10.59088194835931,2.8496255764039233
4630,6.698071431834251,0.7526586384046823
4631,12.234994264319539,5.219222283223644
4632,3.433359384071082,0.8369591064547421
4633,6.66487031704014,2.5969554783987405
4634,2.3345712950103916,1.1587807062041975
4635,1.9361293613910675,0.4684482719749212
4636,6.300032873637974,6.284657631884329
4637,17.10584917569713,5.281003857497126
4638,2.1121881936705904,0.5719114157836884
4639,7.544506572186947,2.4527289213147014
4640,1.6689755756524391,0.8244071774688564
4641,6.497133305296302,1.7404131349176168
4642,25.226597160100937,4.821636623004451
4643,5.926032961404417,4.672087008722428
4644,6.360729704538244,4.336783800274134
4645,11.660880208015442,1.3554425015354354
4646,1.6037246572668664,0.6699525042204186
4647,5.503922946751118,0.6447797987493686
4648,13.540570121258497,3.506342157255858
4649,2.2945075957104564,1.734545923420228
4650,7.852725959382951,1.9568457184359431
4651,4.525789866223931,2.302243819227442
4652,2.1065716221928596,1.2507533201533079
4653,8.432829640805721,3.4642202514223754
4654,17.52696818485856,2.432013299316168
4655,2.9194730850867927,1.2712923633371247
4656,4.443424739874899,1.4101545878802426
4657,5.22776977380272,1.531336646527052
4658,21.68082148116082,6.5775026741903275
4659,7.195406060665846,2.523161856457591
4660,2.5495335434097797,0.4606383964419365
4661,2.942457598135661,1.7981471023522317
4662,1.610080175101757,2.395790108072106
4663,1.651342248374931,1.3125273743644357
4664,4.923993682605214,1.3297038162127137
4665,4.472141150967218,3.048102851054864
4666,3.854417960625142,1.69255562624312
4667,0.728176433884073,2.017373103648424
4668,11.331728970631957,5.853879027068615
4669,7.648191424144898,4.264230272267014
4670,5.160219710320234,1.328891668934375
4671,3.340246319770813,2.138749740202911
4672,2.367977313697338,1.371163830626756
4673,3.929191433126107,0.4880031426437199
4674,8.93997836112976,2.6147576350776944
4675,6.957175201736391,2.1054422869347036
4676,21.306945145130157,1.352522339875577
4677,3.8022252870505326,3.2678518595639616
4678,20.031105958856642,4.649823306128383
4679,4.8952073603868484,0.5071984842652455
4680,4.237785946577787,0.6678264567744918
4681,6.752755867317319,0.6722210580483079
4682,20.35255959467031,8.700531579670496
4683,9.828990032227011,3.2807610196177848
4684,5.0785827287472785,3.5629430767148733
4685,6.590234683826566,1.5924396640621126
4686,19.03917908668518,7.638538020662963
4687,8.439663724973798,2.965973829384893
4688,7.179095510393381,3.399881232471671
4689,4.442247544415295,1.7043563875804466
4690,7.593337326310575,5.295118758454919
4691,4.162644130177796,2.272152131114588
4692,6.102282400242984,0.8154399894410744
4693,5.194762013852596,2.868017943314044
4694,15.760804001241922,3.3337557336199097
4695,3.071372739970684,1.0107153019635007
4696,3.78413742990233,0.17723892400681507
4697,2.8042681321676355,1.096499884268269
4698,25.761846493929625,5.08900825958699
4699,6.246536945531261,2.5602264031767845
4700,10.75489398944228,1.48937531048432
4701,14.20643809530884,0.5374066249369207
4702,3.2525641231331974,0.7136996262270259
4703,0.8660836080089211,0.2950055700785015
4704,2.0683531621471047,3.003763695829548
4705,7.19519221666269,2.9206726541306125
4706,3.768286431208253,3.513903841288993
4707,6.9252314295154065,1.5718370570393745
4708,11.820966454222798,5.527862577699125
4709,26.395454010926187,9.351060228583492
4710,2.520772233605385,4.2941425571916625
4711,4.117044374601392,2.403015115414746
4712,3.9749618499190547,2.0917234510052367
4713,3.428516536682423,3.226860610593576
4714,1.7657579090446234,0.4401617089242791
4715,2.1650200709700584,0.7469956395216286
4716,5.410011811181903,1.5335494855244178
4717,28.510469254106283,4.305653851479292
4718,8.021101157763042,3.383776169270277
4719,7.915155535563827,0.6039103055372834
4720,2.4310487024486065,1.1306948866695166
4721,8.112716102972627,1.1302262080134824
4722,28.947457722970285,2.2566874796757475
4723,5.260745033621788,2.1718949786227313
4724,6.5450957887806,1.725917650735937
4725,5.980898615438491,3.111889172811061
4726,27.950596461538225,0.8475715699605644
4727,37.48837139457464,9.695421025622636
4728,16.141871773288585,0.4796076822094619
4729,6.1504156028386205,4.764771714806557
4730,8.23862450569868,2.9143404476344585
4731,9.542472831904888,1.965290398336947
4732,27.149690721184015,2.58921860717237
4733,28.029155796393752,7.101659642532468
4734,4.309840632136911,3.0352356111689005
4735,4.861837839707732,2.980133925564587
4736,4.545482747256756,3.6920108757913113
4737,6.296367894858122,5.668140287045389
4738,7.583705925164395,5.376045711804181
4739,4.350717756897211,4.548534827306867
4740,6.231145391240716,29.905411886051297
4741,1.6836115581390914,4.784793429076672
4742,4.2741536195972,4.363312480971217
4743,8.980051890946925,3.949393466580659
4744,22.466865924783633,8.006495182913568
4745,3.196369129116647,0.9080464073922485
4746,4.530801173299551,3.2445857767015696
4747,32.36451652739197,2.131329438649118
4748,1.0493679161882028,1.7833568747155368
4749,5.054249670356512,2.879612450604327
4750,8.037554636597633,6.022751385346055
4751,1.4016489165951498,0.573044145538006
4752,32.18317348428536,1.4725557453930378
4753,5.422858688056294,4.086405035307962
4754,3.7270729161837153,0.890659687545849
4755,11.398207410374198,0.6236830527795973
4756,4.473786728340201,1.2885380403604358
4757,1.1197170140221715,1.3264656421670225
4758,26.541368508711457,2.281844181357883
4759,5.57670216774568,1.7952837871853262
4760,7.235726916696876,1.803057293407619
4761,5.013617891818285,2.3823175355792046
4762,6.71506779268384,1.397437929699663
4763,8.583474412560463,3.2369704735465348
4764,15.006631404161453,5.250727761536837
4765,4.922283783555031,5.257505293935537
4766,8.932957019048445,3.1760499626398087
4767,54.31197603046894,14.587978359311819
4768,7.273965549189597,1.5792694333940744
4769,5.079176851431839,0.9828506229678169
4770,81.81841265643016,2.36645507056528
4771,21.89437123220705,4.817499826371204
4772,1.7731711454689503,0.750488443649374
4773,71.81115493283141,11.345608725892816
4774,10.61796781992598,11.748151313911876
4775,13.339382463833317,8.146615564124659
4776,12.426903377996496,9.407947808504105
4777,4.258295552805066,2.1081936694681644
4778,17.617799887433648,2.7573027089238167
4779,17.234599947929382,2.014383974019438
4780,19.826936542987823,5.964745657052845
4781,24.296751257032156,12.174012019730071
4782,12.599231317639351,2.3765716087073088
4783,11.703747622668743,2.2059687828295864
4784,7.034696515649557,1.6554053334402852
4785,17.635472387075424,0.5226045529125258
4786,10.645162926986814,3.6275150222645607
4787,3.7526781207270687,4.238644307944924
4788,28.084891080856323,7.204926972158319
4789,16.338547468185425,0.5240219486877322
4790,10.902665354311466,4.2807273720391095
4791,16.88094592107518,4.134295805823058
4792,9.152552120387554,1.7968491471838206
4793,16.7222760617733,2.4425440957420506
4794,54.565909603610635,2.719869719585404
4795,28.76354283094406,3.748969236165067
4796,14.645767658948898,1.357069977093488
4797,21.32340669631958,1.5833190460689366
4798,47.261057913303375,4.201044541711326
4799,9.82921114563942,1.6905768885626458
4800,7.219041869044304,2.2023580693639815
4801,66.82921782648191,14.817834028508514
4802,25.680566664785147,6.8475951654836535
4803,32.85671549662948,4.108726463964558
4804,15.260417938232422,3.568071364017669
4805,12.164154455065727,2.941105216741562
4806,31.65275612473488,5.07390989549458
4807,20.66178247332573,5.403611292131245
4808,11.058650091290474,6.012029422447085
4809,8.86566250748001,7.7409140625968575
4810,14.916144703049213,2.5050198098178953
4811,7.83750262320973,1.9467990298289806
4812,8.357655823230743,1.4643115898525139
4813,7.008116379380226,2.4097872618585825
4814,4.0267143519595265,1.9993823990225792
4815,4.922134947264567,1.5057788246776909
4816,1.8748820791952312,2.9611640726216137
4817,1.5861704244744033,1.1890831441705814
4818,2.207670978299575,1.5863840719684958
4819,2.833706217817962,0.7255920930765569
4820,16.07771456055343,0.669371236115694
4821,11.269835188984871,1.2046611928089987
4822,18.26982155069709,1.3317766109248623
4823,0.4584363957219466,2.7998331105336547
4824,9.20251233316958,5.051286863163114
4825,2.708869840949774,2.5992372008040547
4826,2.420486423186958,1.257185814814875
4827,3.6818855931051075,3.408589032944292
4828,15.128085730597377,1.5732555286958814
4829,2.593713393318467,1.8536317963153124
4830,2.6642088766602683,2.7507543503306806
4831,9.057231838465668,6.430349860340357
4832,0.5501532405614853,1.185193554032594
4833,22.21121809631586,15.265819341409951
4834,18.439053953625262,7.088196246884763
4835,2.413196184206754,1.465453558601439
4836,3.397990630294771,3.8852506114635617
4837,5.680745831690729,1.2813553466403391
4838,2.5452607937622815,0.9637813158333302
4839,4.308191513177007,0.7776345489546657
4840,2.7057867366820574,1.8931012721732259
4841,14.01887333067134,2.910333626670763
4842,10.299798090010881,3.118546217214316
4843,7.042339026927948,5.061082389205694
4844,2.9800530411303043,1.3438683273816423
4845,18.25956610031426,2.7187091224477626
4846,8.064561877399683,2.5740848816931248
4847,6.228429117705673,2.6711268215440214
4848,7.561862852424383,2.999446302652359
4849,1.0864692144332366,1.2417279600485926
4850,4.21012126840651,1.4201133800670505
4851,28.617069706320763,21.2111152560974
4852,3.276109659578651,3.8456195247126743
4853,2.6850082259625196,6.585301719605923
4854,11.832346316426992,12.00997868925333
4855,10.723720338195562,5.213236385956407
4856,6.858592656441033,3.1975589571520686
4857,3.31218353100121,0.7003734889440238
4858,5.843510149046779,1.7718392577953637
4859,9.418950339779258,0.39505180352716707
4860,8.580357708618976,4.483942493308859
4861,18.806133192032576,12.229606966953725
4862,8.059810562059283,3.3492994159460068
4863,2.4190486322622746,2.812572967086453
4864,11.731713938061148,1.5029763550701318
4865,31.940867083147168,7.3038505762815475
4866,4.416796151548624,6.353627464734018
4867,21.009526452515274,7.0549105503596365
4868,27.15413157455623,13.26489189453423
4869,5.938862282782793,3.4656018097884953
4870,1.4121300338301808,1.4191733542829752
4871,10.8400690369308,10.556711468845606
4872,6.787298648734577,1.2878113165206742
4873,12.410921663045883,10.56420712172985
4874,29.878012344241142,11.082154153649753
4875,5.046304661547765,3.3170983539894223
4876,4.201978193596005,5.124486973858438
4877,27.502021319727646,5.763289333786815
4878,3.2318419139446632,1.0387454998854082
4879,24.28437601402402,1.9025080297142267
4880,8.108354460840928,2.5951497380629007
4881,16.059455847367644,7.612781484203879
4882,10.335102297365665,6.642587508405995
4883,6.317427941830829,0.8909087248612195
4884,10.291940599679947,12.427889390441123
4885,16.18027114123106,6.5845445822924376
4886,22.755885169724934,3.818425619509071
4887,9.405421122908592,7.653595678508282
4888,3.8677112609148026,2.7893187063746154
4889,17.901798591949046,9.955026925017592
4890,6.294241422554478,8.450050989165902
4891,7.578314014710486,8.398182794451714
4892,11.960135525121586,6.45388732171341
4893,2.768955630250275,1.6140670108998165
4894,1.9286875538527966,4.451324972411385
4895,0.4475787675473839,0.6604470196180046
4896,9.662494130432606,2.2565455213189125
4897,1.951989024761133,1.7608136541675776
4898,8.223955396795645,2.4019189937971532
4899,4.735848063603044,1.251434767153114
4900,37.45733278989792,6.391994091682136
4901,8.530534634366632,4.71712128049694
4902,5.963494697585702,1.2994993492029607
4903,10.92791310697794,1.2409406067454256
4904,3.3844113857485354,0.8016521792596905
4905,7.073505368549377,5.489231388208282
4906,12.701286731753498,8.600060259923339
4907,4.57208876288496,1.7528436701977625
4908,56.71485736768227,15.167173336725682
4909,40.206215928308666,7.708708330290392
4910,15.67979759722948,5.925561010837555
4911,27.16619708854705,25.137224584963406
4912,44.26013867743313,23.17459158366546
4913,24.028900872915983,9.594687238102779
4914,40.29097714088857,15.972139369696379
4915,7.011943552643061,4.71177778670517
4916,2.0209745074389502,1.731044183834456
4917,24.172760473564267,6.5825704184535425
4918,7.468311287928373,4.496268345043063
4919,5.721428997814655,5.225388966151513
4920,35.72535837069154,13.571880792733282
4921,45.84096542766201,17.070317352889106
4922,6.828928775154054,1.4492829535156488
4923,10.674624159932137,3.5252596209211333
4924,31.291947208344936,3.3951989263296127
4925,23.603495854273206,4.310643569740932
4926,13.866418923484161,3.205925761333674
4927,31.19422472268343,12.061535325541627
4928,26.79274032637477,6.788722981000319
4929,11.730192519724369,3.2334325490519404
4930,11.997189790010452,2.628037264395971
4931,8.016131952404976,1.6237632296979427
4932,23.737118035554886,2.815841103191616
4933,16.57148276269436,3.208888220600784
4934,8.837556655085791,1.9563320698216558
4935,14.734393507242203,3.0746539011597633
4936,34.67388432659209,3.3285010471463465
4937,16.61616787314415,3.8783216774463654
4938,11.338234722148627,3.021038804203272
4939,18.213112592697144,4.874425460316161
4940,12.588411504402757,3.172393240725796
4941,22.76186481723562,4.161638805642724
4942,8.252830810844898,1.3111646203324199
4943,20.02297332882881,1.9327738984720781
4944,7.223891858011484,1.8369877107616048
4945,16.45815008878708,2.8370858996349853
4946,54.510505490005016,8.172959549119696
4947,9.882291585206985,3.3453091693882016
4948,16.576367228874005,2.4323482795152813
4949,38.24298809672473,4.843700524128508
4950,13.166446976363659,2.797867792076431
4951,13.085034700110555,4.253228162648156
4952,10.196692776482507,5.7589051141403615
4953,7.504792034626007,1.2368295391320316
4954,13.514352577680256,1.9047625176608562
4955,15.295184021924797,2.788368640234694
4956,17.550121039152145,2.0500745326280594
4957,8.81490517873317,1.8953278615954332
4958,12.323635093867779,1.1652710549533367
4959,15.445741174626164,2.9029608834534883
4960,6.43871974425565,1.0130844451748544
4961,11.5934694185853,1.2284279563464224
4962,23.81652964092791,1.3203059323132038
4963,15.547034857328981,2.3181504936601414
4964,1.7593103181570768,3.1781240495693055
4965,11.821717157959938,1.2942502200603485
4966,10.371720746159554,1.6675748750567436
4967,14.395844537764788,4.312537566758692
4968,6.510073669851408,6.488776237092679
4969,6.562131500802934,3.6579174218932167
4970,11.645174278877676,1.8801149730570614
4971,12.09964678203687,2.0845292089506984
4972,11.015379589051008,3.9730329886078835
4973,0.7035568933642935,1.172494262456894
4974,22.160214066505432,4.881621725857258
4975,8.904121100902557,0.4438204849138856
4976,12.649219241458923,0.8985810145968571
4977,59.489099159720354,12.826538460394659
4978,14.64941781759262,4.207932984805666
4979,5.387288605794311,0.5068623789088633
4980,10.916212476789951,2.5708738688845187
4981,3.953724372666329,2.078963494859636
4982,8.870637744665146,0.3892478054622188
4983,6.781783163547516,1.077932726522505
4984,25.906970005482435,3.7723383679986
4985,13.499119696207345,6.659929466841277
4986,27.544912116136402,5.889723869971931
4987,18.885729301720858,1.1646002476336434
4988,28.832531072199345,4.963915898930281
4989,29.844737589359283,9.791763078421354
4990,8.366873109713197,4.143033868123894
4991,10.110544182360172,2.399607924744487
4992,7.273168107029051,2.7098657516762614
4993,24.73795461235568,3.224040061235428
4994,9.659483682364225,2.065863201394677
4995,4.2655116219539195,1.171179463621229
4996,9.282776318490505,1.1348195334212505
4997,13.890097979456186,0.7191485670336988
4998,18.90539860795252,4.759078422386665
4999,21.0317139836734,7.267163862939924
5000,22.091855101287365,6.166474077384919
5001,4.322898495942354,1.6620181538164616
5002,22.379664847860113,6.523947760462761
5003,12.213669085758738,4.7268774780095555
5004,7.653991272673011,3.889803941536229
5005,18.25989577989094,2.438988359645009
5006,12.648383473977447,3.2381693825591356
5007,4.449788898229599,0.28037538507487625
5008,23.219504326581955,7.3381073493510485
5009,5.945895501066843,6.253663067007437
5010,29.609724088571966,19.11337724607438
5011,5.430078133940697,2.2056802242263984
5012,20.112532556056976,0.9339692875473702
5013,5.518071216531098,6.359095830237493
5014,5.928856437312788,2.9920314947958104
5015,15.086783152073622,7.962440987701484
5016,5.283134413009975,5.548921747133136
5017,14.71019822359085,2.4038725439459085
5018,21.8344343455974,2.3434911416843534
5019,10.215420923312195,4.631674290401861
5020,13.153520971536636,6.437171137306905
5021,16.512830428779125,3.146038709790446
5022,6.747379676904529,2.9043395884800702
5023,21.544030241668224,4.399093362502754
5024,32.22384822368622,6.013366234488785
5025,22.29489208967425,1.2107863675337285
5026,27.033888041973114,4.59136801387649
5027,20.422449603676796,4.3261863173684105
5028,14.33763775229454,2.6976097722072154
5029,11.526593895629048,2.3342727980343625
5030,34.21088615132612,3.8770001586526632
5031,8.142752337735146,0.32482770641445313
5032,4.9215493854135275,1.822849304528063
5033,25.709535379777662,8.856532389880158
5034,14.82607652246952,1.7651409920072183
5035,5.5158176040276885,1.7070838073268533
5036,10.901630034320988,0.964910124821472
5037,43.57811729982495,4.979837991297245
5038,17.209243446588516,3.3494588839821517
5039,23.579308062791824,3.4999401504173875
5040,9.129363380372524,1.8235020406427793
5041,12.736712682526559,1.126484652981162
5042,10.798175462856307,6.273063930682838
5043,18.6368100438267,3.5606298483908176
5044,8.265753002138808,2.4683562023565173
5045,53.41823531923001,24.445454016327858
5046,18.445032592862844,5.720137570053339
5047,39.61041636019945,3.092243304476142
5048,9.42430137032352,1.3569666883449827
5049,12.117131859413348,0.8356331959366798
5050,1.442491512047127,2.86260328697972
5051,54.67728722002357,1.291987816162873
5052,4.389061839043279,2.586488201050088
5053,12.220736294053495,2.440294033382088
5054,7.9852337369229645,3.842914545239182
5055,1.3149407911114395,0.8989059347659349
5056,12.757603377103806,2.5358645416563377
5057,29.893413938581944,3.262048480915837
5058,55.31766178179532,11.634939872114046
5059,7.926961642690003,1.675587852485478
5060,6.379113804548979,1.5934875702550926
5061,71.50345063209534,8.32295424118638
5062,14.47038236516164,2.0251625877572224
5063,33.19432551896898,7.994138119276613
5064,19.709558963775635,3.629558706537864
5065,11.751312412321568,4.67747579026036
5066,16.471499670296907,5.536666167074145
5067,45.696537733078,7.454648072598502
5068,10.860591631848365,2.3639572866959497
5069,34.95025062561035,8.04386110282212
5070,37.076991587877274,4.713587395846844
5071,27.694614350795746,3.265902937793726
5072,55.376569494605064,25.51826172433357
5073,44.83609335869551,11.68211271520704
5074,30.915429323911667,7.961328386329114
5075,8.312630641274154,1.3072161567397416
5076,33.68049877882004,10.017461031675339
5077,37.22880422137678,6.169871866550238
5078,3.6192008131183684,1.8144823387265205
5079,4.626015704125166,1.100215054815635
5080,20.04602081728808,1.8574034792836756
5081,28.654288076329976,2.0242507198126987
5082,23.419904097914696,3.840359386987984
5083,29.88596271723509,9.44648373266682
5084,9.945101059041917,1.902265646516753
5085,18.485300332307816,2.603041870519519
5086,11.97265346115455,1.3375045154243708
5087,33.97039083437994,4.650237309804652
5088,10.247227504849434,4.397191262360138
5089,7.875224609160796,0.45080552948638797
5090,25.75468410551548,2.755634849015223
5091,13.013498581014574,1.9615155938081443
5092,3.5710769151337445,1.064205355476588
5093,19.750788927078247,1.8561270982027054
5094,21.530838042497635,8.726349441207276
5095,14.987281810375862,0.43140719877555966
5096,23.281284326687455,1.9315195381641388
5097,6.565919496119022,1.0306155787038733
5098,10.08740094321547,1.7690051364479586
5099,15.435981262475252,1.2002681383419258
5100,21.903003746178,1.6241076120641083
5101,11.279258196242154,1.5982854100875556
5102,13.554588697850704,2.478606550143013
5103,17.78239531069994,0.4033185988664627
5104,4.144873536890373,0.8658390563214198
5105,16.91876980662346,0.7738738056505099
5106,21.838679306209087,2.993714176118374
5107,5.6511427585319325,0.8980915721040219
5108,13.622812973801047,1.7665610032490804
5109,28.317640366964042,8.099687973241089
5110,49.32747272402048,7.849981705658138
5111,12.801546747330576,4.1895672767132055
5112,16.267962929676287,3.500014943536371
5113,11.331428065896034,1.649519428377971
5114,29.811788549646735,2.177161651168717
5115,10.023406498134136,3.076505596312927
5116,18.58012045174837,2.5609061672585085
5117,32.82144279778004,4.467185584857361
5118,12.791519645601511,4.743788220919669
5119,7.0339100593701005,0.7054464092943817
5120,26.18679310940206,6.242524571716785
5121,14.152525550685823,1.8103148804220837
5122,10.21131684165448,4.89108576066792
5123,18.881329871015623,0.40734084188261477
5124,18.947290278971195,4.152205392718315
5125,1.2735635410062969,0.49852481158450246
5126,3.8659042888320982,0.6144947172142565
5127,29.62301125843078,10.148215451976284
5128,7.112178081442835,0.7080309148877859
5129,8.449610203504562,4.828748694155365
5130,19.36927865445614,1.4277791486383649
5131,8.623324976302683,1.0454123065574095
5132,2.674177808687091,0.674895933130756
5133,5.47248937189579,0.3136240440362599
5134,4.034203334013,0.9404877964407206
5135,14.552990381154814,7.030982782132924
5136,12.561540553346276,0.957793771638535
5137,14.161505374126136,1.34259045067256
5138,10.304798627272248,3.3387152990326285
5139,13.575773479766212,1.6312200544634834
5140,7.02567957341671,0.6997862285934389
5141,7.663136754184961,1.4870999332342763
5142,5.3384322617203,1.3874641454967787
5143,6.317074442049488,1.227435213048011
5144,7.043019790726248,3.240385244600475
5145,16.457498406991363,1.9937097989022732
5146,11.98736983537674,0.3262441863771528
5147,1.602577199228108,0.3625529380515218
5148,13.06330881267786,2.0437285620719194
5149,23.351366633549333,1.3026075037469127
5150,5.9512509680353105,0.592860490840394
5151,8.396428308449686,1.6610252582613612
5152,5.203582332309452,0.5230328734614886
5153,11.009155467152596,1.8434572909027338
5154,6.261213768273592,2.19737461861223
5155,17.648048222064972,2.4114028052426875
5156,23.92218053340912,1.7840985034126788
5157,16.550955750397407,3.621725750155747
5158,3.767833709716797,0.9265334758092649
5159,4.824130892753601,1.5023083952255547
5160,3.0723085408098996,0.6265735179185867
5161,11.706225901842117,1.9025538247078657
5162,7.998200393747538,0.1654283527750522
5163,35.6605486869812,9.862490870058537
5164,15.025486157462076,5.420131288352422
5165,23.692338541150093,6.867790891425102
5166,15.453194476918725,1.5066717473382596
5167,15.421705797314644,5.47327971085906
5168,13.439307489956263,2.4576683659106493
5169,20.17219887021929,7.682978326221928
5170,9.677841016367893,1.305351426359266
5171,5.053158941445872,0.9585347883403301
5172,12.188069820404053,2.2605826812796295
5173,14.303399513475597,1.6435978459194303
5174,14.174446865916252,0.42057624727021903
5175,24.9886810798198,11.397510247305036
5176,4.540108148008585,0.9083334051538259
5177,17.503595151007175,4.118747467175126
5178,18.109889805316925,2.7060487852431834
5179,2.9619483100250363,1.3783942757872865
5180,4.622586324578151,2.978798130505311
5181,9.174770763143897,3.794558193825651
5182,3.411440454190597,0.9116540807299316
5183,6.6728241592645645,3.566874447511509
5184,25.76994477957487,10.532393376808614
5185,7.098235843703151,8.440737832337618
5186,16.94356853394538,0.8246182361617684
5187,1.6498721745883813,2.117850959446514
5188,1.9485273021273315,1.6577658765017986
5189,16.901796559192007,4.275664604647318
5190,7.309784579825646,0.30802382409456186
5191,4.2701099689584225,2.609887307975441
5192,9.93929499216756,2.4477692558430135
5193,3.667384324595332,2.1893874815141317
5194,16.293427787721157,11.422222195542417
5195,3.500352928764187,0.9904314817395061
5196,11.045726143638603,1.3703282087808475
5197,8.383566167205572,4.792334185954132
5198,2.47072156201466,0.697889915361884
5199,2.0462815496721305,0.8924177214503288
5200,1.4172181910835207,2.61478493292816
5201,6.134699045913294,1.1188743896782398
5202,8.248987035476603,1.0788661320302708
5203,8.179137779399753,0.7752491247374564
5204,5.277107100002468,1.1632106616161764
5205,11.59663959138561,4.248246938106604
5206,4.23232639580965,1.586013524356531
5207,2.55176627432229,2.571836713817902
5208,8.522698251530528,1.3702937615453266
5209,7.31728395447135,1.4815495666116476
5210,19.467254146933556,7.800673879683018
5211,35.367646761238575,6.063191152177751
5212,12.523501515388489,3.7311595937935635
5213,11.916644796729088,3.2884563230909407
5214,10.37661999464035,5.664906992111355
5215,2.1771613247692585,2.720721878344193
5216,9.420091828331351,1.3520144098438323
5217,4.421639064326882,2.6742381572257727
5218,25.774927655234933,3.9940454680472612
5219,13.33629712543916,1.62584581648116
5220,29.45397874340415,12.713835757225752
5221,1.1771001350134611,0.7221740801178385
5222,22.1816968023777,3.4514354383572936
5223,14.54040802270174,1.1329801914980635
5224,13.832930766046047,2.428821250796318
5225,6.019251837424235,1.5158802780788392
5226,13.549761280417442,2.905547727830708
5227,25.340026166290045,3.2653270438313484
5228,6.885867423683976,2.14162924955599
5229,6.279776304960251,3.1223607873544097
5230,11.765340676531196,20.770425628870726
5231,5.841455202549696,6.565846033394337
5232,2.669648019131273,0.5601503497455269
5233,7.3071835758164525,1.4613513592630625
5234,4.693367007188499,1.777683882508427
5235,30.775148115470074,16.546602225746028
5236,7.895821194164455,6.900190081913024
5237,11.161668682470918,2.1926754707528744
5238,6.527736915741116,3.345029729884118
5239,8.942628741264343,3.7506806873716414
5240,6.715274963527918,0.4947855625068769
5241,24.66801162644333,7.609943856019527
5242,30.613035541027784,13.390077600266522
5243,15.16728788614273,7.709111343050608
5244,4.307873001380358,3.0825475733727217
5245,12.552839916199446,7.75412384653464
5246,11.33520584309008,14.021123349666595
5247,3.8852662625722587,3.2461681477725506
5248,8.991752574685961,3.5063844510586932
5249,16.38864994526375,12.298943049274385
5250,33.515212438069284,2.3195027461915743
5251,48.26289351021114,12.54012381634675
5252,5.235071357572451,1.9602665519341826
5253,10.044622391462326,4.448836132884026
5254,21.66804735828191,9.217239366844296
5255,8.654632796999067,0.8980521955527365
5256,4.798657685518265,3.678167700767517
5257,16.793555062264204,3.2860495010972954
5258,20.295196681341622,6.5872943378053606
5259,7.860478462651372,3.8100191373523558
5260,36.36401483416557,9.299958274088567
5261,21.74243763834238,9.46918853186071
5262,10.302515514427796,5.689389300707262
5263,5.790148327127099,2.474721433594823
5264,29.12499945887248,6.247255003079772
5265,16.690285523305647,6.586772075388581
5266,6.962869930808665,2.833384676821879
5267,5.566909499466419,0.9271965106072457
5268,17.06688395711535,8.99213170368239
5269,1.8165022401954047,1.4514686937909573
5270,6.699767088517547,1.6820207511773333
5271,5.521626453846693,2.0371114276349545
5272,6.276489410549402,1.6579033574671485
5273,3.1858173408545554,1.9700161229120567
5274,35.54863833077252,18.230885665863752
5275,4.116820590395946,3.663373474846594
5276,3.9065803308039904,2.8507028196472675
5277,2.3769641406834126,1.4393695127218962
5278,2.4262725031003356,2.184366253670305
5279,4.235925915651023,2.4096879847347736
5280,5.237063511129236,1.3930261390050873
5281,12.537822285667062,0.5863429130745317
5282,23.731031478993827,3.596434559673071
5283,38.28379344008863,19.326160572469234
5284,6.786309821065515,0.7507710057543591
5285,14.123253550031222,6.074566521914676
5286,7.362214580178261,6.117785543203354
5287,2.3838170766830444,1.8799276736099273
5288,2.727988519982773,0.8422868927009404
5289,19.965417962521315,2.114169518579729
5290,6.102435179054737,1.2855322491377592
5291,34.55753260478377,6.3215701304143295
5292,31.03832055069506,10.536288776638685
5293,5.4208964398130774,2.331987363839289
5294,6.607015453511849,0.9181320506249904
5295,4.6824300372973084,3.282591818482615
5296,8.633000059053302,2.9171215321985073
5297,10.847522417316213,2.2467798460274935
5298,4.138364233076572,2.4743830761108256
5299,5.004287344170734,1.3412041907431558
5300,45.06393540138379,11.447375556919724
5301,9.483285818772856,1.074642411491368
5302,6.450439091164299,0.66147684288444
5303,0.3506454507296439,0.9596014665439725
5304,4.224234499270096,1.5291924459525035
5305,3.1890889261849225,1.597746201325208
5306,21.202942945063114,8.029871950740926
5307,26.528431278653443,3.2954199463129044
5308,5.8330523129261564,1.9737793090753257
5309,14.458599757403135,2.5001832245397964
5310,0.3867202973924577,2.273625960573554
5311,6.46849587932229,1.4248356148600578
5312,4.60742821265012,1.3436922189721372
5313,1.9920722817658998,0.6115412570070475
5314,3.326668917783536,1.513701131567359
5315,2.5524303913116455,1.4374335929751396
5316,7.716434547677636,3.046249431092292
5317,10.572251688688993,2.5973193584941328
5318,6.659269307274371,3.141767805442214
5319,6.159004848015684,1.6672581782358975
5320,1.6619895221665502,0.31566525794914924
5321,5.334856531204423,3.305455078065279
5322,22.23096497170627,5.160677359206602
5323,1.668922687327722,1.6620440850965679
5324,4.703994338531629,1.8085768236778677
5325,13.793195037869737,1.8264140900864732
5326,2.653858043719083,0.7942658525425941
5327,5.016006309306249,4.208787269890308
5328,24.161296660546213,1.2883171902503818
5329,32.572184280725196,12.102161366958171
5330,4.096733193844557,3.2219359800219536
5331,23.065163251012564,3.8668339462019503
5332,11.309311786200851,5.982047079131007
5333,6.875995509326458,0.5747473904630169
5334,12.371942348778248,15.459142339212121
5335,7.642809644341469,0.9931685726314754
5336,14.993217158247717,1.4977293584448148
5337,19.80773935338948,3.9072583781089634
5338,2.666613427689299,4.905359217955265
5339,7.411932083778083,2.1888743073213845
5340,20.059081848160076,7.741363048553467
5341,3.546829478815198,1.3905505500733852
5342,21.402592265978456,1.2263165493495762
5343,12.198845933191478,2.4083940889686346
5344,5.615703557785309,1.4047336564813122
5345,7.592300031334162,1.579375407192856
5346,5.206857862882316,3.6096952667139703
5347,2.6020679250359535,1.081958228489384
5348,8.710686198144685,2.5052738632803084
5349,5.241487102175597,2.5253406912088394
5350,5.1197454566136,0.7392521596702863
5351,3.210790815460996,1.409470664046239
5352,15.85849070455879,5.781718772603199
5353,2.1383417002080023,0.7271990009758156
5354,35.919884130358696,4.630068454594948
5355,12.04807348176837,2.591763908509165
5356,11.419106021523476,1.676254496211186
5357,21.722943753004074,2.765149211511016
5358,12.120041219517589,1.6821581456752028
5359,14.83025404624641,2.758265249285614
5360,34.22214584326139,1.1548181837424636
5361,19.563947275280952,6.515853606164455
5362,9.431319750845432,3.384930796921253
5363,8.083586556836963,3.654117750003934
5364,18.394038934260607,1.6891340725123882
5365,8.493028238415718,1.8732474488206208
5366,18.123708724975586,3.616672597825527
5367,28.02779264957644,0.7977531321230344
5368,66.13422169536352,16.9403585777618
5369,13.53121362067759,1.1766637982800603
5370,14.085415869951248,4.34654959756881
5371,14.765130952000618,2.1417095629731193
5372,7.080549940466881,2.028193691978231
5373,28.69030499458313,4.955044627189636
5374,35.61393851041794,2.0685222521424294
5375,8.385127884801477,1.5534891707757197
5376,18.239362061023712,2.201433304697275
5377,15.667466433951631,1.6335543402819894
5378,4.613006838597357,1.3045492935561924
5379,2.504458944313228,0.547087779908253
5380,6.7677197536686435,2.40838255349081
5381,4.853266388177872,0.6913936658620514
5382,14.682846994139254,4.307410659152083
5383,34.139270989224315,7.259210533462465
5384,8.031364431139082,5.480010833591223
5385,10.251728564500809,4.887998882681131
5386,12.909013527911156,8.10765820927918
5387,10.586621930124238,5.515660426579416
5388,13.257043333549518,2.4215864552247695
5389,3.5765697434544563,1.0602381029166281
5390,51.695309832692146,10.136855645105243
5391,23.491029884666204,1.6879402033519
5392,11.686718042008579,3.3830625247210264
5393,4.600159026485926,1.7436786610633135
5394,6.600706467288546,2.396365100857338
5395,34.435137279331684,12.777752727270126
5396,12.617975663393736,3.1106883480551915
5397,7.376848164945841,1.2507780726300552
5398,27.875522685208125,6.756297240965068
5399,6.06069353222847,1.1755619938485324
5400,10.122455548378639,2.314738351618871
5401,17.089346135035157,2.1070218491367996
5402,14.615304989740252,2.5624088757685968
5403,7.5177838569507,0.27262122626416385
5404,17.8527961820364,1.9573409117292613
5405,8.087398832663894,2.772556135430932
5406,3.2655848122303723,2.04795861011371
5407,9.233156839385629,1.2243709629401565
5408,5.266076177358627,0.7456695418659365
5409,9.966024748980999,2.195090595865622
5410,12.359228700399399,2.24397992156446
5411,1.9303740803152323,0.7516280731651932
5412,24.845854607294314,5.731220342102461
5413,41.350170043006074,1.6755085498734843
5414,42.07431999291293,6.7799461729623545
5415,12.707213567712188,1.3683393964165589
5416,9.753848926142382,0.2766203647479415
5417,20.8931221421808,5.090317194655654
5418,13.523054372519255,9.75903737603221
5419,13.525023646652699,3.2033040965907276
5420,74.61961545958184,41.39123001974076
5421,7.090891485102475,0.9885562062263489
5422,6.906610146630555,3.170731117716059
5423,1.776882791891694,2.2856613409821875
5424,19.582694846205413,5.26556761845859
5425,13.103922080248594,5.074828144162893
5426,9.110401407815516,6.076688323169947
5427,19.130899662151933,2.332448410510551
5428,9.617759871995077,7.418247086410702
5429,7.4242792261065915,3.8087536809034646
5430,5.892548607102071,8.549028605222702
5431,5.67245583049953,0.9534983187913895
5432,9.77980800846126,4.590044409229449
5433,33.815126432455145,2.0544050046955817
5434,10.631984720937908,2.904830841347575
5435,49.78800478205085,11.27899731695652
5436,7.515352152986452,3.230827970430255
5437,7.739445356652141,2.8955343533307314
5438,30.823476910591125,8.672806374263018
5439,9.484202057123184,2.966393956914544
5440,16.2244381159544,7.463801157427952
5441,55.53606256842613,2.6539252573420526
5442,12.864744607359171,2.485721066594124
5443,8.55189161002636,1.530044030296267
5444,8.156831274740398,1.3249761098995805
5445,13.863921140320599,2.752682361242478
5446,11.571347169316141,4.637494728900492
5447,11.145634358748794,8.638056269846857
5448,7.793661683797836,2.7726307958364487
5449,9.209759660996497,1.8342522787861526
5450,6.079154618084431,2.4439261651423294
5451,33.40371385589242,9.312551046779845
5452,3.554814885763335,0.38075126172043383
5453,13.581905383616686,1.7151009035296738
5454,18.758052128978306,1.9088123179972172
5455,5.800037920475006,1.5134549063368468
5456,20.07851328793913,2.6165920607745647
5457,8.29476011916995,1.5067411102354527
5458,5.872677796520293,1.1899860212288331
5459,1.0496260225772858,1.6648602695204318
5460,6.829891126602888,0.6486133956350386
5461,9.678791746497154,1.609215280666831
5462,17.37919365882408,3.2409455766901374
5463,10.732108242809772,2.191225149683305
5464,3.1149334982037544,0.3844813263276592
5465,29.929159901337698,8.442359981127083
5466,4.494491006626049,2.843410447239876
5467,20.126349771395326,11.012151196599007
5468,5.775494508532574,5.443245539441705
5469,2.0047892373986542,7.330306066782214
5470,4.173876653832849,3.205927627161145
5471,1.9417556673288345,0.8428443768061697
5472,1.0029484475962818,0.22356737626250833
5473,2.7933237684064807,2.8494704415206797
5474,20.77942369878292,8.612514255626593
5475,2.987197613576427,1.0025348695926368
5476,7.728671960765496,2.806889590989158
5477,7.801045003347099,1.2802670235541882
5478,1.7402298580855131,1.853594308719039
5479,37.09120347350836,10.835742689436302
5480,12.28922081150813,3.18471399480768
5481,14.10515759140253,5.0553763918578625
5482,28.747500325669535,17.260194347065408
5483,6.745114370714873,0.5232706200913526
5484,0.9887892495607957,3.083803202956915
5485,11.626329653896391,2.44257121381861
5486,15.774991910076096,1.8562246523797512
5487,5.867356829345226,1.3608036153018475
5488,7.088182942541607,3.084152691066265
5489,6.5857619401067495,3.915821069967933
5490,12.19544867426157,4.511014081072062
5491,4.427732431329787,2.598766401875764
5492,12.597775101661682,7.232226054184139
5493,12.54886182397604,2.2410567989572883
5494,5.98812777781859,2.880077713634819
5495,5.267647359956754,2.8215340301394463
5496,4.436425256733855,2.4750612617935985
5497,5.9754767146660015,1.9206715885084122
5498,10.41886442527175,1.4399979477748275
5499,4.96578817628324,1.8728785880375654
5500,6.865408525976818,2.0452484972774982
5501,10.806958475150168,4.099859860725701
5502,7.308024746336741,3.327591672539711
5503,4.783062748378143,15.468406775966287
5504,3.5667322585359216,1.6731282817199826
5505,22.969027178354736,4.473816997931863
5506,13.893721916014329,1.1656971802003682
5507,8.594107754528522,2.874255398288369
5508,8.668587617576122,5.489821249386296
5509,5.123193833394907,4.944210769259371
5510,1.6510904058814049,1.4297806778922677
5511,5.309404496889329,1.0560837564989924
5512,27.261513850971824,2.1949387276545167
5513,4.151276628021151,2.084675781428814
5514,5.957352764904499,1.5896277424471918
5515,2.2503795873344643,4.890609592664987
5516,1.0322457875518012,1.194543614750728
5517,4.800517113701517,2.5442228203173727
5518,6.40132071939297,1.3314084655139595
5519,4.771085990127176,0.43923221982549876
5520,4.309924006211077,1.9475942273243732
5521,3.3733940832316875,1.5541197799611837
5522,10.758539602160454,4.100793801359032
5523,3.1271741911768913,1.6742954105138779
5524,7.469581814366393,2.8677714955992997
5525,7.710963069239824,1.9714658167213202
5526,13.845196791924536,2.2897566154570086
5527,30.698252526066426,7.644099608703982
5528,2.7389059753186302,2.0225601114798337
5529,4.7068929990855395,2.6486672928440385
5530,3.8068875651806593,0.25388160155853257
5531,8.133345805108547,2.965035391971469
5532,8.312469905707985,2.004404567182064
5533,9.153945337748155,3.480809056200087
5534,14.60245893150568,1.5224880452033176
5535,3.4875838700681925,0.3689174628816545
5536,7.0823850206434145,2.377735874908467
5537,0.5747890766797354,0.5729910146036445
5538,4.19199082441628,1.6779258613823913
5539,28.51177371479571,2.766502772225067
5540,7.646855945233256,2.81940606799526
5541,18.132239216007292,5.355139683932066
5542,11.280018158257008,5.436981029808521
5543,3.2259703185409307,1.1419718696270138
5544,9.476213909685612,2.416250553447753
5545,22.16451548389159,4.538370621507056
5546,27.427656412124634,2.332326054573059
5547,5.811523824231699,1.08162119978806
5548,2.138304840773344,3.4432138558477163
5549,4.035216932184994,1.2579544459003955
5550,28.278403468168108,3.0730198277160525
5551,29.757550853304565,7.202531870745588
5552,14.793731219295296,4.8570350899826735
5553,17.885541647672653,0.898849541114032
5554,20.112388908863068,5.313677025958896
5555,6.910033273277804,1.790568539116066
5556,7.369195884093642,2.3365458212792873
5557,4.615533508360386,0.8179695592261851
5558,6.19254281220492,3.427822108496912
5559,0.7016423096356448,0.21313139551784843
5560,15.743688770802692,5.021307572722435
5561,1.7685358496382833,1.220258521847427
5562,6.045058220624924,2.424441792536527
5563,3.08021450904198,1.0681953315070132
5564,1.690441340833786,2.114052292163251
5565,2.69220237294212,1.2068295493954793
5566,6.801410710439086,2.6315337428823113
5567,3.270993714220822,0.9189104272518307
5568,1.9167749490588903,0.7634955178946257
5569,6.56918241456151,1.2699274044098274
5570,9.308094879961573,14.7543385932222
5571,1.8538335333578289,0.7430513123254059
5572,3.843859486747533,1.3835706901736557
5573,2.550695173213171,1.547535995254293
5574,4.218354719108902,2.071006192913046
5575,16.599006669595838,2.971266109496355
5576,3.4587478335015476,1.278390140796546
5577,4.5450067119672894,1.7266688540112227
5578,3.484297255985439,1.1452109087258577
5579,8.271823672112077,1.438631533877924
5580,32.733279353007674,11.13386197105865
5581,2.9589430626947433,0.5329576523508877
5582,5.009174359962344,5.952262412730306
5583,40.632683075093155,19.59309590421617
5584,36.69474704264644,7.8732512636634056
5585,26.75289896130562,0.937434626132017
5586,5.3914177899278,1.9232204887084663
5587,13.73419881472364,2.476444399737602
5588,14.979112022292611,4.75009509595111
5589,6.094585368409753,0.9052556098031346
5590,13.632808733731508,1.9039601620752364
5591,3.96228052303195,2.1657885634340346
5592,2.0320450641111165,1.626740730367601
5593,3.480097087332979,1.6012597002554685
5594,1.90756754623726,1.066454628482461
5595,2.6316551874624565,2.8602661351615097
5596,1.9688425466010813,0.7495177970122313
5597,9.89477206247102,4.644442185759544
5598,3.0089209173456766,1.238898690789938
5599,7.3781436160206795,1.6950503680855036
5600,7.676121221855283,2.600592402741313
5601,27.131033565849066,1.0702809295617044
5602,2.862619274354074,1.7593407260719687
5603,8.563441741280258,1.645976534113288
5604,12.843876779079437,1.4795355096575804
5605,11.327297955751419,1.107939385343343
5606,11.848812428157544,1.9735147499013692
5607,8.356322975014336,11.292160075106949
5608,16.315955505822785,5.140392921864986
5609,6.153059139847755,3.092377162538469
5610,27.785767474211752,5.192799850832671
5611,25.109621688723564,3.953079750528559
5612,5.512420772574842,0.6043064659461379
5613,11.176990443840623,1.8407521271146834
5614,2.466183990047284,0.33745593240018934
5615,5.484302122145891,2.7901069725630805
5616,13.190230883192271,4.5234376564621925
5617,4.458818607032299,1.3663367182016373
5618,5.898622749838978,3.233163405500818
5619,18.0038983784616,8.479353336500935
5620,5.892209043726325,4.346584306098521
5621,12.999349221587181,3.553540122695267
5622,3.512178998440504,1.4832161958765937
5623,4.915805935539538,1.1641536056995392
5624,3.8672254058765247,4.297321584075689
5625,3.1422806120244786,0.538642609724775
5626,7.02062622923404,2.036449057981372
5627,6.540044856083114,1.47956108400831
5628,10.563363204710186,1.2589672543108463
5629,2.2519071017595707,1.2258687043795362
5630,24.041995979845524,0.39393339259549975
5631,50.84301868081093,10.868446623906493
5632,12.541974050924182,1.377991852863488
5633,9.704487694427371,3.1560009559616446
5634,2.099368536786642,0.22077958134468645
5635,21.173381835222244,3.0177726224064827
5636,8.947221548296511,6.685789288952947
5637,8.327078565955162,1.898632352706045
5638,3.9096181667409837,1.0008455384522676
5639,10.179020885378122,4.594876193441451
5640,19.688488632440567,1.4039371537510306
5641,27.041015876457095,1.284873561700806
5642,10.99713508784771,4.097866155207157
5643,8.822722947224975,0.9278986561403144
5644,35.22080685850233,10.733045392669737
5645,2.997246171813458,2.1388953495770693
5646,3.548397765856663,0.6732014631852508
5647,14.010674639139324,3.590088138356805
5648,48.850976552814245,13.983699292768506
5649,6.911679964512587,2.040972229093313
5650,5.004597470164299,4.60109514684882
5651,14.938761312048882,0.6948622022628115
5652,16.689620902761817,3.699780533090234
5653,7.720826422053506,2.081951706437394
5654,3.0421080221422017,1.7127481221687049
5655,33.9661374501884,4.766049951611677
5656,32.99399431422353,8.150199563475326
5657,5.346585227176547,3.7252534719737014
5658,2.2232164148954325,1.1021493712905794
5659,4.103167561814189,1.5465374315390363
5660,7.33922453224659,0.5650294921797467
5661,13.529310032725334,4.004874844540609
5662,6.943412936991081,7.366446447791532
5663,3.703910439973697,0.42221971740946174
5664,13.836310404352844,1.8892043493688107
5665,19.951345546884113,0.6565031222999096
5666,13.591945679625496,1.9644583223271184
5667,2.4782369948188716,0.6045515054138377
5668,23.45326819748152,1.5150292811449617
5669,9.544924713671207,2.8852006252855062
5670,7.545276546043169,1.3161028866888955
5671,12.97842261637561,1.6406335961801233
5672,24.054673342965543,7.085975549183786
5673,5.2905139327049255,1.1530640802811831
5674,11.734834961593151,1.9316108826969867
5675,5.931592548266053,2.023853925173171
5676,3.0784057976743497,2.723730861209333
5677,28.09649447805714,3.014737253310159
5678,3.3087058106902987,1.6902938839048147
5679,5.848921050084755,2.026455794526555
5680,2.9337327131070197,0.30372742811232456
5681,51.707732351496816,9.657504762057215
5682,4.1482348050922155,1.4575431719131302
5683,0.9271445844160553,0.5816452063736506
5684,3.337392284228372,2.307339332997799
5685,32.01385620236397,12.91840988676995
5686,5.074410914181499,3.697228235192597
5687,1.953906259109317,1.224935179692693
5688,7.264579278416932,2.1758969807997346
5689,3.055613530566916,0.4375838569831103
5690,2.2294144600164145,1.042318570194766
5691,5.429102049587527,0.719035079178866
5692,14.265392718836665,3.7550908944103867
5693,5.861589450389147,2.960650012944825
5694,6.967310538748279,3.6534251238861373
5695,2.741891918994952,1.550694044912234
5696,6.910447597232633,1.8879689581226557
5697,7.8880399549379945,5.568991514388472
5698,1.21142788650468,1.2783713282842655
5699,3.869025174761191,0.7311914823949337
5700,2.0891001110430807,1.243615080602467
5701,2.399854177652742,1.177623555995524
5702,10.310393515508622,2.4723389995633624
5703,2.147437102161348,1.0347466332896147
5704,5.755728223331971,0.5684898245282284
5705,5.647352475789376,1.1368710459209979
5706,17.22187615185976,1.8490624697878957
5707,6.330621656758012,1.0987928282120265
5708,20.606202073395252,3.332550993654877
5709,10.826521575450897,2.8713433016091585
5710,29.233320839703083,5.169335900805891
5711,18.60799676179886,0.9513728823512793
5712,5.906170549802482,2.748227526433766
5713,2.575537330470979,1.1432402171194553
5714,21.72423677891493,7.300375163555145
5715,3.3724361145868897,0.660794815630652
5716,2.3882728395983577,0.8287578728049994
5717,6.773903913795948,1.3122888089274056
5718,3.0574575913415174,0.8003128945274511
5719,1.015586313791573,0.9095154969836585
5720,5.89267745311372,1.3854558495804667
5721,3.8829533588141203,1.1140116318129003
5722,3.2702173590660095,1.9054593462496996
5723,18.670606239698827,1.1858860375359654
5724,32.764973959187046,4.475184599548811
5725,12.475511388969608,4.0425588469952345
5726,29.584610576741397,11.840371823869646
5727,1.7078695526724914,0.6241372844815487
5728,12.1042406745255,3.4729740984912496
5729,6.631651637493633,3.7805291041731834
5730,5.47940945456503,2.4317895938365837
5731,18.7749047804391,5.884008694440126
5732,28.500819125256385,9.515299268299714
5733,32.27149787917733,10.198226005071774
5734,19.698741963948123,0.8525314493881524
5735,6.225441203452647,3.9346715034916997
5736,39.54296627640724,8.095872811376466
5737,14.459956526756287,14.936168543528765
5738,12.48194027133286,2.9279552549123764
5739,10.313339473679662,3.9178611254901625
5740,10.198300763964653,3.4452095860615373
5741,8.352908296976238,4.072912381961942
5742,42.22451240278315,14.137945480644703
5743,3.4162432784214616,1.394019149709493
5744,1.5423193983733654,1.2884015536983497
5745,17.060319736599922,4.489314684960874
5746,18.389465340413153,2.325385654810816
5747,34.30096136406064,17.78129838767927
5748,2.5778882168233395,2.000928496596316
5749,13.866748791188002,4.0703579132969026
5750,12.723393943160772,2.7001232595666806
5751,29.280884079635143,5.351225147140212
5752,28.475494422018528,14.086116035352461
5753,14.781669341027737,4.45290619507432
5754,8.063510090112686,3.0598581600934267
5755,12.67502148449421,6.317726155743003
5756,11.091443215147592,6.372442577732727
5757,17.4594174483791,9.702728712205499
5758,11.530634987633675,3.9038823507726192
5759,12.589004875160754,17.544456306583015
5760,2.706279469817673,1.7154084974899888
5761,21.86462301760912,6.252777554694376
5762,1.9662433439225424,2.362372439354658
5763,3.714548774063587,2.5981382355093956
5764,6.857269391417503,6.797827617265284
5765,8.51669016253436,7.841794492560439
5766,66.47150334715843,49.34542679716833
5767,9.089324161410332,5.517477014218457
5768,13.396071374358144,9.639274262168328
5769,8.70645620796131,3.689553612843156
5770,11.694161036983132,14.931023979443125
5771,7.793022142053815,0.6257989265577635
5772,1.727967856277246,0.5050833396344387
5773,6.116198793053627,2.3502329513430595
5774,6.413668911904097,2.238323670637328
5775,6.394740029238164,1.7431949619203806
5776,2.4493121701525524,0.4343632566647102
5777,3.2375734334345907,3.1163651062524877
5778,2.7016409672796726,1.249455813318491
5779,28.864758546551457,5.914565021710587
5780,0.7321381755173206,0.4886055998285883
5781,0.9552778154611588,1.71532388048945
5782,1.9025075528770685,1.0481533523187068
5783,7.738713661325164,0.8968394251423888
5784,8.998583203880116,4.6760371509881224
5785,3.8461704906076193,0.5606962288729846
5786,1.5340374587103724,1.6833058707416058
5787,8.373702510580188,2.636272239033133
5788,7.826130050700158,2.608334510587156
5789,28.072318884645938,0.8359354783315212
5790,9.911625040695071,1.5454529779963195
5791,25.653505189635325,3.566036586876635
5792,5.983449205756187,0.6425822940655053
5793,19.018899142742157,6.0847236583940685
5794,31.986902938428102,7.340298724826425
5795,5.8792542070150375,0.36234258813783526
5796,31.2740462704096,13.855306300582015
5797,6.5065922401845455,2.2400218707043678
5798,26.92312293499708,10.250853254809044
5799,15.674430585974733,2.353032073006034
5800,2.296564281510655,0.8431937241111882
5801,9.130616803653538,1.621734009924694
5802,29.106144790071994,10.940895768660994
5803,2.7223741421476007,0.4039543356921058
5804,2.520603818818927,0.7672319416888058
5805,4.194316290318966,2.5519654359668493
5806,1.5049379765987396,0.696571393404156
5807,4.357920117676258,2.0120376516133547
5808,10.142153257969767,1.3336643488146365
5809,11.34920271486044,2.459000620758161
5810,5.321940672583878,0.3425479639554396
5811,23.02161566261202,3.6155014040414244
5812,9.612663060426712,2.5207440075464547
5813,12.614375528602977,2.59582782513462
5814,7.653615863993764,2.561345146255917
5815,3.412513704970479,1.0887691020079728
5816,10.77006223378703,3.0528559850063175
5817,4.039967432618141,0.8703726683743298
5818,39.15077277831733,0.7107810848392546
5819,6.192451037466526,2.7019888535141945
5820,6.632322441786528,2.5386949203675613
5821,6.895458312705159,0.31525693996809423
5822,42.11186775183887,2.934248603065498
5823,6.116489459760487,0.5599341772613116
5824,8.697338511061389,0.9311345647438429
5825,28.731738874688745,6.938427126049646
5826,8.744988732971251,3.0016025125514716
5827,13.024259716272354,2.244085517246276
5828,7.209711695089936,2.0214218460023403
5829,30.55645338515751,2.5324650681577623
5830,5.249284976162016,0.27946019038790837
5831,26.64778824667883,1.817404417321086
5832,15.22733193077147,1.8461606121854857
5833,3.4452274225186557,0.6084880402595445
5834,16.733896538615227,2.0423761578276753
5835,13.589981079101562,2.2832241859287024
5836,19.353004578500986,0.8730882946401834
5837,22.997156808152795,1.1801099988515489
5838,15.289343537762761,5.650083455835556
5839,17.30714278179221,3.5692191172856838
5840,10.979715459048748,3.1967740361578763
5841,20.351988822221756,3.637788607738912
5842,33.88977139350027,3.0382824706903193
5843,18.491767028346658,3.6203490562038496
5844,10.01582669839263,3.9178304185625166
5845,37.86257030069828,17.50547607988119
5846,5.592042498552473,2.387803113553673
5847,9.888980016112328,2.238016535411589
5848,11.533069744706154,2.093672205810435
5849,4.901399007532746,1.8674796746636275
5850,7.986239183694124,4.35625097155571
5851,3.5710154473781586,2.0992590651444516
5852,14.531925594434142,4.379379875957966
5853,20.515837075188756,1.532736636698246
5854,4.9649607464671135,0.7918489498551935
5855,37.79364346712828,15.968239747453481
5856,2.5335580778773874,0.7912705726921558
5857,39.10163206793368,4.240597692230949
5858,2.5621309988200665,2.4277136251330376
5859,10.151917144656181,6.270956039428711
5860,9.019706025719643,0.7618112026248127
5861,5.011469851900529,4.920461405876267
5862,48.720551477745175,15.74418105208315
5863,5.373571015894413,3.1455346699804068
5864,9.436902787536383,3.7859531126450747
5865,11.177472638897598,5.760624477639794
5866,10.015995658934116,4.69608026961032
5867,13.55690575396875,4.75484769186005
5868,28.593125435058028,18.066512246383354
5869,12.938901530476869,4.891190402559005
5870,0.6092518393415958,1.0947323350119404
5871,41.23605463653803,5.481798937544227
5872,1.9894551625766326,1.0614011753350496
5873,6.1306010112166405,0.3849020263296552
5874,12.351555157336406,2.914992032572627
5875,5.708137372974306,2.703014641068876
5876,8.640872940421104,1.8986364277270695
5877,8.48252086341381,4.719044364988804
5878,12.546085767447948,2.1750569343566895
5879,38.27980964165181,7.4631500680116005
5880,19.273681491613388,1.4696602914482355
5881,8.013207943178713,1.4194510960951447
5882,7.732072178274393,0.8802316463079478
5883,4.796488944179146,1.5607199049554765
5884,5.190523476464023,1.2202083054389732
5885,3.861987453419715,1.2800098628213163
5886,7.364199473056942,4.5906507559120655
5887,26.691687270998955,2.8562269349349663
5888,9.15526831150055,4.61827852204442
5889,10.637459703430068,7.160958488646429
5890,14.867636854294688,1.0141788934997749
5891,7.276675697416067,0.5504122693091631
5892,18.24297423288226,3.197152861393988
5893,16.06565662403591,1.6092652953229845
5894,9.79091426031664,2.13512598676607
5895,7.771790152415633,1.2287965483264998
5896,1.8626122903078794,3.9999142962042242
5897,28.49166537169367,3.642595164477825
5898,14.08523075003177,1.680663574486971
5899,13.620753937255358,3.1136559666483663
5900,5.221194785408443,1.6246210661181522
5901,12.004295717924833,1.4526606416329741
5902,35.17410792969167,8.578014669939876
5903,14.468275501159951,8.8164159914013
5904,41.97583705186844,8.72806117683649
5905,3.0423417426645756,1.1343381413025782
5906,17.60747141088359,1.1032502359012142
5907,19.558964870870113,0.5154685168963624
5908,47.06367990108265,5.829318267758936
5909,9.396139590768144,1.4198191649629734
5910,34.969878010451794,2.27690820582211
5911,12.385736173018813,3.1157550122588873
5912,18.686178151518106,6.951707284897566
5913,11.923410190269351,2.60073543083854
5914,12.233887073742153,2.7183086761608592
5915,15.752957373857498,0.719449695199728
5916,1.058969256497221,0.7984082442708313
5917,7.882776907950756,8.289095396874472
5918,4.385612667538226,0.6013668795280864
5919,4.204607247898821,2.296553810403566
5920,12.42255724221468,1.2931131781078875
5921,4.8394409492611885,4.356325140106492
5922,12.043151390738785,3.9002672776114196
5923,7.910584946454037,8.36196199990809
5924,4.398527978453785,3.9887748081237078
5925,5.839105142280459,3.218290289863944
5926,7.968910850584507,0.6343110203742981
5927,3.1878905072808266,0.8937021673773415
5928,28.702160991728306,1.69064318162782
5929,38.94362224615179,2.7468166606468003
5930,24.569254778325558,5.686886032635812
5931,7.076279445551336,1.5101822160650045
5932,5.095065165311098,1.8160891365259886
5933,7.446019918478214,0.6446602421347052
5934,6.272261112957494,4.962656243646052
5935,4.618055630708113,1.7734483182430267
5936,62.34702998146531,19.306810285896063
5937,16.63105107937008,1.675605552948582
5938,19.019969930232037,6.220457319170237
5939,8.555941658623851,5.100417968562397
5940,6.0708215814083815,1.004847104777582
5941,7.974631844088435,1.353906755335629
5942,9.185962538625063,0.6972042550332844
5943,4.570883433450945,0.8608944988809526
5944,9.828070815652609,4.646258345921524
5945,18.899493949953467,8.628461834043264
5946,16.733522728085518,5.074561706744134
5947,8.152471768378746,1.6708449607685907
5948,8.219512170180678,6.49124731682241
5949,7.927078180015087,1.6193569377064705
5950,15.86177216633223,2.0118902315734886
5951,3.8126874677836895,0.48089402879122645
5952,10.36492608860135,1.6597559215224464
5953,15.449232526938431,6.022715199556842
5954,20.39163824636489,16.95965700292436
5955,4.969740250147879,1.1429712670815206
5956,22.07703858613968,3.6786665502004325
5957,25.47858956363052,3.8871162846296556
5958,9.483560461550951,2.5625061999929883
5959,8.644739157345612,1.6513265948742628
5960,17.46296827495098,3.4184524063020945
5961,6.8232447523623705,1.2540033962577581
5962,12.89521235274151,2.998908637324348
5963,19.201849848031998,5.9279871308244765
5964,22.760381100699306,24.709851426421665
5965,6.23547647614032,2.9913920962135307
5966,10.915001115761697,3.479716433212161
5967,3.880300041520968,6.499426922528073
5968,15.591239884495735,6.371022582985461
5969,9.134843427687883,1.8932687076448929
5970,12.582625261857174,6.392000546096824
5971,1.7775399945676327,0.24814020685880678
5972,5.301003288477659,3.948662966955453
5973,22.419514298439026,0.9920702076051384
5974,4.79537119762972,1.289822252932936
5975,10.114658993144985,15.878277875017375
5976,5.176009017974138,1.5350310906069353
5977,5.120536808623001,1.560239935424761
5978,3.9634239193983376,0.6228787740692496
5979,1.010275568580255,0.7746276576363016
5980,5.21084956265986,0.7191775242827134
5981,38.10468962416053,15.801268853247166
5982,7.502408215077594,1.866055660226266
5983,3.974913605954498,2.016863164259405
5984,19.152773047200753,8.88539668545127
5985,8.802792878821492,6.898664848413318
5986,1.3578656982863322,1.3612455213442445
5987,5.186840578215197,2.0167408231645823
5988,4.30077700689435,1.823040472343564
5989,12.073800550555461,1.1602455568645382
5990,2.186631787808892,0.9835926561499946
5991,2.2080950852832757,0.4810023877362255
5992,1.1157458522357047,0.6590006561018527
5993,8.024501443840563,0.8947227263706736
5994,4.002051939634839,1.7081154383195098
5995,12.588603843485544,9.47705615137238
5996,10.883566321339458,1.784280269406736
5997,3.984599848277867,1.2441406468860805
5998,8.072877536062151,2.362531280843541
5999,1.894402747566346,1.7323818380536977
6000,3.4573939859692473,2.1640934022143483
6001,3.8946923268958926,1.758542226627469
6002,5.13108984590508,3.1274745985865593
6003,4.189674686635044,1.304073156323284
6004,1.9588187985355034,3.44594080443494
6005,11.883448267821223,4.685054208935981
6006,6.641739388745918,0.8305626641958952
6007,8.390586255758535,6.173723004285421
6008,5.431053239153698,4.095752137247473
6009,3.4669777358794818,2.1499600803945214
6010,5.362565599381924,7.178682430181652
6011,9.3913575229235,5.669721271886374
6012,28.468708496540785,11.950981302652508
6013,2.5223658978939056,2.9555950058038434
6014,3.429348905570805,1.4631163220542476
6015,0.9793269406072795,2.3049011167604476
6016,0.9149587238957793,0.25488237699028105
6017,9.865323992446065,2.5198943372815847
6018,2.171113907475956,0.6450671406491892
6019,4.969390634447336,5.4856636739568785
6020,18.513701362986467,6.379094959498616
6021,1.5762513191439211,2.3997322805589647
6022,5.321106933057308,4.5191696137189865
6023,7.0119170468829,3.203678100166144
6024,19.251585263758898,8.48525577178225
6025,3.7853317609988153,2.3599478864343837
6026,57.667222544550896,30.508870095014572
6027,4.558585627411958,0.402230902305746
6028,9.400364107549649,11.56848319619894
6029,11.070094354916364,6.931038910057396
6030,6.5729949697852135,3.6135060070082545
6031,44.88692334946245,17.10107545554638
6032,19.38247209927067,11.581465877592564
6033,35.710792535566725,2.4403085308149457
6034,24.410431019961834,7.956366986036301
6035,6.215945803036448,2.346937167458236
6036,5.863925876095891,1.94174543954432
6037,7.363857921154704,2.0743848755955696
6038,26.516347042284906,2.162342478870414
6039,11.052762068808079,3.6153745829728905
6040,2.6076618637889624,2.1377139680553228
6041,45.32272373139858,6.111275157367345
6042,38.76450251042843,2.4123674677684903
6043,8.440486647363286,9.60071139363572
6044,7.11541223549284,4.204198808874935
6045,30.794650171592366,7.45570645108819
6046,9.478517987976375,4.866188878804678
6047,23.086254462599754,1.9368659313768148
6048,71.73516382090747,8.325743691064417
6049,8.55202266573906,2.5748317143332144
6050,7.344952352810651,1.4975143880583346
6051,18.47817057557404,8.588946808129549
6052,23.664217938203365,4.175678636645898
6053,14.928533808328211,5.083181738387793
6054,92.80146275073275,26.395887050020974
6055,7.527858427725732,1.464857626328012
6056,11.833050146698952,2.8137021511793137
6057,58.511161828413606,10.352139802300371
6058,51.70177820324898,27.25518314167857
6059,12.770434721038328,1.4428634634241462
6060,28.61755784600973,21.04933194629848
6061,16.56147027760744,5.6029571643448435
6062,39.83330722525716,21.313464514911175
6063,53.18378832977032,5.262297471985221
6064,76.02166422456503,12.98444844437472
6065,13.008840650785714,7.319745529073771
6066,3.8154740817844868,3.660822584759444
6067,2.634659152943641,1.5239827370969579
6068,19.566138371359557,1.6151109179481864
6069,53.664810455113184,10.111329907085747
6070,43.42386179976165,13.180685750005068
6071,32.51693425094709,4.308580761775374
6072,26.340760245919228,11.29120529955253
6073,4.149649891041918,6.664951099082828
6074,10.60398133751005,3.3090711743570864
6075,8.214217767119408,6.9390426352620125
6076,2.132757756735373,4.67180550377816
6077,13.412047333724331,5.639321417431347
6078,24.31118472968228,6.479856333675826
6079,8.962621727026999,5.027928321389481
6080,4.915783848613501,1.1031236191047356
6081,10.803466189652681,6.48245456488803
6082,2.375981769087957,2.664970878046006
6083,7.51091080904007,2.714139522984624
6084,3.1883251086692326,2.546982205938548
6085,11.904166681770704,5.685311138629913
6086,16.802610859274864,6.57102412043605
6087,3.014316806336865,0.5526757857296616
6088,7.026526829227805,1.0969561166566564
6089,6.313582786358893,0.8457435306627303
6090,19.925845293328166,1.5325531014241278
6091,4.874004530716775,2.658332973718643
6092,3.663092240691185,2.2290438756754156
6093,5.985069294460118,3.5701542894821614
6094,2.3756066556670703,1.0444925976189552
6095,19.582010831683874,5.676516296865884
6096,12.234640010632575,1.3866341970294798
6097,8.263809372314427,0.9935324219986796
6098,3.613732145924587,2.179688316769898
6099,8.003327500075102,1.4188348269090056
6100,10.968955452786759,2.811523452401161
6101,7.999262360623106,1.3879476957954466
6102,18.64077553153038,2.44383589271456
6103,24.687763589201495,6.214805624797009
6104,16.22839005291462,5.594297476694919
6105,8.480861925228965,1.5409093429334462
6106,11.118551201943774,3.408426616806537
6107,7.597428143024445,2.336555055808276
6108,2.426658295560628,1.7497621271177195
6109,27.497053295373917,2.4777785426413175
6110,11.013525621383451,2.1768604200333357
6111,4.2535245306789875,2.1751265564817004
6112,12.12851982936263,2.836770319932839
6113,10.364085709676147,4.442267607199028
6114,18.020197262056172,5.59918191563338
6115,6.791909649968147,0.9277838715352118
6116,9.844834198243916,3.424174224259332
6117,10.715188525617123,4.159591801464558
6118,4.261319474782795,2.52564032189548
6119,3.02550502588565,0.5730433295248076
6120,4.460138044814812,1.1619898891076446
6121,43.62476722896099,12.431856229901314
6122,6.965357955545187,2.424155446467921
6123,15.000222355127335,0.41421291878214106
6124,14.475628730162498,1.7754005398601294
6125,13.255544234067202,2.34592479839921
6126,22.858348755631596,4.5251878027338535
6127,20.97214963287115,5.012780604884028
6128,5.102797019062564,1.668596739997156
6129,23.8405158133246,5.250480028225866
6130,10.097672529693227,0.5913304403657094
6131,9.871892447583377,1.4922710238024592
6132,8.207960637286305,2.291788563132286
6133,10.179884806508198,2.4445643587969244
6134,6.572983838617802,1.6907623503357172
6135,28.021147206425667,3.6010193461552262
6136,32.392129093408585,2.797492983067059
6137,28.383672300726175,9.656687837676145
6138,8.396707006613724,1.6188589084194973
6139,13.751715364633128,2.360446108155884
6140,30.66649137251079,7.555081978440285
6141,3.6268127486109734,1.1402832509484142
6142,15.369070418179035,2.7339671682566404
6143,5.891539384957014,4.289048561428672
6144,11.026712320846855,3.2360933050968015
6145,83.78417215682566,20.616364024579525
6146,14.6975992891239,1.7481919177807868
6147,11.91690771240701,1.4362670357804745
6148,10.707931261975318,2.6455511025706073
6149,24.30618067085743,3.9110495545974118
6150,13.289152464014478,2.2576796144712716
6151,16.270559879019856,3.0020581018179655
6152,8.777118936181068,2.6301838780054823
6153,14.00866973772645,3.1428929252142552
6154,45.52723091095686,1.9288351633649938
6155,29.96171498298645,3.098334774374962
6156,17.625021941959858,2.851438288249483
6157,18.28143834322691,1.4553054373245686
6158,20.694618612527847,19.07994945673272
6159,8.154112383723259,2.4182691806927323
6160,11.854868976399302,0.4978017774410546
6161,15.422088786959648,0.8217657486748067
6162,31.654027998447418,7.589203456533141
6163,8.933725100010633,5.961853858811082
6164,40.828599501401186,2.9607154196419287
6165,20.62812799960375,1.5564847261775867
6166,51.10032932899412,8.673793701454997
6167,23.059034045785666,1.7826269896759186
6168,2.5484780881088227,1.1918437723070383
6169,13.599329069256783,4.056139511754736
6170,4.428593926131725,0.4747983088600449
6171,10.225067740539089,0.8157675033435225
6172,14.217706313356757,1.9567668987438083
6173,12.543259888887405,2.5144666599026095
6174,16.947504074778408,2.5278600779129192
6175,18.496897330507636,3.8552936357446015
6176,24.112277932465076,0.39748451399100304
6177,25.026421001181006,1.8591891933847364
6178,3.8167063989676535,0.7686653395649046
6179,55.04994522035122,9.59940293431282
6180,56.25246345438063,17.477545715519227
6181,83.07484544813633,15.696356751024723
6182,14.586686134338379,2.916487549431622
6183,4.024448037147522,2.2416091992054135
6184,19.788154726848006,1.696032793726772
6185,6.934402633909485,2.9291857481002808
6186,7.020143928006291,1.372866241261363
6187,3.5063424482941628,0.9665967500768602
6188,9.602021786617115,1.7137274444359036
6189,19.207557156682014,0.6298952440265566
6190,24.26245814561844,4.7737033776938915
6191,10.975118912931066,2.7578422791557387
6192,7.640708643011749,0.6015791909167092
6193,3.877317722188309,0.4979810986551456
6194,20.993058465595823,2.239702101331204
6195,8.012067879550159,3.0693196044303477
6196,11.090272914618254,1.8918147505319212
6197,23.099157142452896,0.19432992825750262
6198,3.0162955010600854,1.369136662222445
6199,46.49159888830036,8.77522199228406
6200,34.482258036732674,10.81527315160929
6201,20.076728662475944,2.416337329777889
6202,34.61985208839178,2.759244302753359
6203,43.84309194236994,8.227803129702806
6204,16.731331249698997,7.945458364789374
6205,31.156877654459095,9.507579864934087
6206,20.564588433509925,7.9920493646059185
6207,14.997354798018932,2.977584640495479
6208,15.850687518715858,3.771691544679925
6209,17.83253743359819,1.9022598378360271
6210,33.73355042934418,2.8405093923211098
6211,7.5785971325822175,1.612689562374726
6212,19.068117439746857,0.8860289400836336
6213,8.661965413950384,2.3486088141798973
6214,60.23474698141217,9.518346556345932
6215,12.180235169827938,0.7209585294767749
6216,24.933877906296402,2.9066842175088823
6217,9.233427122235298,1.768986870385561
6218,14.85280890762806,3.090420499444008
6219,16.01776349544525,0.9573544897139072
6220,4.712843764311401,1.8207287550030742
6221,14.676799681037664,3.2776409731595777
6222,4.581499082967639,2.5180676355957985
6223,19.07499034330249,0.9338945552080986
6224,38.23351808357984,5.115050952415913
6225,18.632450693752617,3.778091043292079
6226,5.613926880178042,1.9390697546768934
6227,45.942668691277504,14.695005841495004
6228,9.209876691456884,4.366779011317703
6229,27.022898316383362,8.117168172833772
6230,26.131002375856042,7.293336983770132
6231,18.630281824618578,1.3354384318226948
6232,24.784092859365046,2.7421827791258693
6233,6.520325265209976,2.2115432247519493
6234,11.473675758577883,1.2498353156261146
6235,18.748820367909502,4.321511461632326
6236,6.193205144256353,1.4615690386854112
6237,54.30394870042801,3.9312614610535093
6238,38.28050079856985,2.741971278330311
6239,73.57007465790957,6.619028717279434
6240,29.40913295489736,6.642471262253821
6241,8.663299785926938,7.028757960535586
6242,8.526394963264465,2.71680395049043
6243,20.670960247516632,10.612918198108673
6244,7.205669581424445,6.2934865998031455
6245,17.723520082159666,1.965248682514357
6246,17.004974506795406,6.502248769742437
6247,26.77828929806128,2.55297757871449
6248,12.230959799140692,2.493577840970829
6249,23.06906545296806,1.9994937777519226
6250,9.70099451392889,2.8581972282845527
6251,9.251638315618038,1.1587485964410007
6252,17.251424628324457,0.8473257080186158
6253,19.647098399174865,5.296583318584453
6254,18.55088644963689,2.532716518267989
6255,9.397503025829792,0.37732553062960505
6256,5.704851195332594,1.2724195261253044
6257,2.2370140449347673,0.9376484286040068
6258,7.079162766225636,2.5582423666492105
6259,2.0714547991228756,0.4286102410405874
6260,14.11189717054367,1.9236370013095438
6261,5.682216656859964,1.4249689523130655
6262,8.150606234557927,1.8122451531235129
6263,36.12166755623184,4.037984717083646
6264,4.723051164764911,0.646280849352479
6265,19.78915475308895,5.043935215799138
6266,35.47905112989247,6.382768911847961
6267,6.0000702904653735,1.9384494383702986
6268,22.90702474117279,3.6638690892141312
6269,8.29423442389816,8.41150282556191
6270,22.198249123990536,1.476512997644022
6271,41.1049991697073,6.173184350132942
6272,25.69662347587291,5.351920469069228
6273,3.0372295624110848,1.3719240158102366
6274,5.984975669533014,3.000566280912608
6275,1.7005198642145842,0.9896939508762443
6276,13.496913096983917,2.1755416989326477
6277,1.202149256132543,1.2021058646496385
6278,20.701116129755974,4.29544042609632
6279,20.868339147418737,2.7437877773772925
6280,6.622742101550102,1.6295064005535096
6281,1.5758539212401956,0.3212988487794064
6282,7.45101066242205,4.897090528276749
6283,1.8221558379009366,1.6123446703604714
6284,3.8088739751856338,4.239453865215182
6285,11.041065519719723,3.817477002594387
6286,21.099788068793714,2.42831642798501
6287,7.2653710198937915,5.125427125021815
6288,24.563488186980976,1.471587286767317
6289,1.9309901882661507,0.7751648428384215
6290,30.616830173879862,7.9953655218705535
6291,6.977596021140926,0.7945935423485935
6292,5.5976991332136095,1.876527710352093
6293,8.193070854991674,2.933875608305243
6294,16.219684976676945,8.47513515886385
6295,14.471481293439865,2.5845620574546047
6296,21.15571646153694,1.862144657643512
6297,13.619167409837246,1.116767612460535
6298,9.57109644531738,3.0882570516259875
6299,2.027026440715872,2.93168063176563
6300,3.539190412964672,1.4045720342546701
6301,19.157052237540483,8.754332126118243
6302,13.946030646562576,2.4151397785171866
6303,20.552823804318905,4.551195580512285
6304,1.1782702701748349,1.3130146618932486
6305,3.8179870870662853,1.774006866491618
6306,70.41619490964513,27.532195548526943
6307,7.5023357295722235,1.0670577417495224
6308,10.095383949577808,2.1125556901097298
6309,9.146032830467448,4.934271312318742
6310,3.322159744896453,4.148893078439869
6311,4.015383769175969,3.9875241722911596
6312,15.111148741096258,7.796228282153606
6313,29.062088447622955,13.121490849764086
6314,4.8869637325406075,2.3836415046826005
6315,1.4969473984092474,1.9684622772037983
6316,14.659614730626345,2.4796772645786405
6317,12.41357895888359,4.79574485658668
6318,15.814037386327982,6.00390399992466
6319,4.5681420977343805,1.2904462275955666
6320,5.334297794150189,6.500232096761465
6321,10.20875584762689,2.657116142567247
6322,20.408821606077254,7.827143255621195
6323,9.28041111677885,6.12332680169493
6324,6.722931450232863,2.7813701555132866
6325,13.034117817878723,4.022101536393166
6326,19.630672723054886,5.28114902228117
6327,30.39266734845296,2.091142316639889
6328,14.237398833967745,3.8619543272070587
6329,29.693749899044633,5.073310736566782
6330,4.290139635333617,1.0677489607187454
6331,9.67669022021073,2.0261605239938945
6332,9.515641228295863,3.6332786474376917
6333,47.4884171395679,4.3191042517719325
6334,25.957536324858665,11.319461309496546
6335,11.252526365220547,1.5531680872954894
6336,9.063522323966026,5.416960531845689
6337,43.68171829027415,3.9728557663038373
6338,61.29769659601152,2.582572780549526
6339,35.221898302435875,5.411603031679988
6340,42.49737870693207,6.313314735889435
6341,15.941034272313118,20.623644751962274
6342,31.138866141438484,3.90214805258438
6343,19.612296203151345,4.023638080840101
6344,26.598829093854874,8.532152305589989
6345,22.588110838085413,3.782234814367257
6346,23.614306688308716,2.9817328961362364
6347,25.1421967074275,3.255635490640998
6348,12.590044510550797,1.604992866748944
6349,6.335495784878731,4.79539397964254
6350,2.900632834993303,2.2713634457904845
6351,4.146058201789856,4.800227647356223
6352,5.201552319689654,2.1445198240689933
6353,13.681303730430955,2.0408944273367524
6354,7.057874947786331,6.506237455876544
6355,35.04893037731745,12.304617874324322
6356,7.314496010541916,1.0951302256435156
6357,8.287948854267597,3.8626520584803075
6358,13.803020833991468,4.445915890159085
6359,20.821572276763618,2.662646901451808
6360,6.96746742259711,2.1632112925872207
6361,4.460706707090139,2.260004498064518
6362,5.964802004396915,1.3309629866853356
6363,6.705469541251659,2.3520680256187916
6364,8.680098481243476,1.2572175962850451
6365,9.093805655837059,4.261939998250455
6366,100.2119566895999,26.734033828455722
6367,23.674358586315066,3.367705176162417
6368,8.99403299257392,1.9318122859112918
6369,53.42783402837813,12.556967663578689
6370,51.50917503237724,14.808217078913003
6371,11.310355696452916,1.447999422904104
6372,16.65266041830182,8.368988194968551
6373,35.136345258913934,2.4489443181082606
6374,20.4944024948054,4.281873073428869
6375,4.724945778027177,1.5460701442498248
6376,6.558573225513101,3.8764795151073486
6377,30.047506949864328,8.268812514841557
6378,1.686569177545607,2.979151119478047
6379,38.539244553932804,28.788455487941974
6380,27.518874183297157,13.51789059722796
6381,8.459368294104934,17.86911468207836
6382,11.550352092832327,15.965001022850629
6383,4.472714215517044,1.3742596041411161
6384,2.189215382328257,6.340274154834333
6385,26.44625722616911,35.25651890703011
6386,12.807074205498793,9.29611497069709
6387,11.428339052945375,10.515550589974737
6388,13.481151899322867,3.6709526262711734
6389,26.967257667332888,16.506182224780787
6390,14.359302528202534,11.137196844443679
6391,3.370340882334858,4.022110894322395
6392,8.990280430298299,8.812299280507432
6393,11.168950712657534,5.697595980018377
6394,6.785811137408018,7.845049214549363
6395,6.487314246594906,3.327408260665834
6396,46.36766344308853,14.79767794534564
6397,10.065835846588016,3.135719120502472
6398,30.097580902278423,5.304260089993477
6399,6.782940834760666,6.240693085477687
6400,16.670561343431473,1.7113507874310017
6401,18.131166785489768,17.505603249621345
6402,35.557620546547696,3.3045188039541245
6403,60.15528538823128,10.283327031880617
6404,20.185150489618536,1.830808773112949
6405,26.22412844421342,3.7005460429936647
6406,45.15335338935256,11.656966001843102
6407,6.243231117725372,1.1520595496986061
6408,10.142875387798995,3.347026123199612
6409,31.73901569098234,8.210601781494915
6410,6.5801914650946856,1.5755964802810922
6411,6.0907120406627655,2.546440301463008
6412,1.5810591280460358,1.4358645812608302
6413,8.299993358700249,5.099467039108276
6414,3.763958725230623,1.1759027294622229
6415,40.70393908493861,4.041608016937971
6416,8.065659254061757,1.5609764028340578
6417,6.330514749512076,2.080820796545595
6418,35.89564323052764,2.1167169184191152
6419,48.02055563591421,3.62782553746365
6420,6.195522865280509,1.6737755006179214
6421,3.6811464421698474,1.7098340298980474
6422,16.408452950883657,8.522324428719003
6423,5.45986623949284,3.337909920141101
6424,20.98854879103601,0.8529702314408496
6425,39.29815220460296,24.74575394950807
6426,37.68274557613768,9.261056751644446
6427,2.2496199964371044,3.404114913137164
6428,9.82422197330743,7.426413476467133
6429,6.028151474893093,3.06012973934412
6430,48.34717109706253,1.337689871666953
6431,6.890068704029545,4.194788376751603
6432,19.74334593117237,4.072416320443153
6433,4.599663047119975,2.5497013218700886
6434,5.136424920987338,12.986792889423668
6435,15.350834584794939,4.497504971159287
6436,10.803782653063536,9.674598310142756
6437,18.52334861829877,9.607594625325873
6438,9.523642371757887,3.163954817224294
6439,11.515512946993113,1.5220162840560079
6440,10.898015743587166,3.2267225792165846
6441,11.395470483927056,2.3585614897310734
6442,3.756486234255135,0.5505414126819232
6443,13.210711378604174,1.731592133641243
6444,56.69944825489074,4.424859665101394
6445,10.717714571394026,4.142346104606986
6446,37.81334113050252,1.1504209437407553
6447,13.62772657442838,3.891094958089525
6448,1.3491838172776625,0.631326348753646
6449,2.389408279210329,2.6896204373333603
6450,25.759157305408735,2.4946712118180585
6451,38.97769743553363,3.930189823033288
6452,9.32572921616702,3.925920958892675
6453,1.1617897264659405,0.3905895610805601
6454,11.993531664833426,8.717374759726226
6455,30.11263233749196,5.9443638343364
6456,15.153887038119137,6.102805707603693
6457,31.74375030398369,12.734801799990237
6458,6.363728325755801,6.912463651970029
6459,12.144882746069925,5.641871962696314
6460,8.580424736253917,4.889553392098264
6461,9.615745420567691,1.7333958819508553
6462,5.937151645775884,1.738002397119999
6463,12.960185945034027,7.982150346040726
6464,9.10481622070074,2.621394058689475
6465,38.05992953432724,2.5478329990874045
6466,11.8083191588521,1.5220458952244371
6467,9.930500229820609,1.156664535868913
6468,18.7226020693779,5.111638708447572
6469,5.970125799156449,5.049407493323088
6470,11.036006085574627,3.4432045184075832
6471,3.630543608800508,1.2173151259776205
6472,97.49849672615528,30.28540782025084
6473,23.94048636034131,0.61413783300668
6474,11.751419251784682,2.848561418708414
6475,26.481240732595325,8.00516452917509
6476,36.24669440284924,1.9544061524793506
6477,9.639833563092907,2.076896410435438
6478,39.18546764086932,1.1386209689080715
6479,2.004696107469499,2.625064983032644
6480,23.12662685662508,1.049454388223694
6481,20.270008005201817,3.6524380668997765
6482,18.331239573657513,3.5285574051022195
6483,12.993083093664609,2.7479592473246157
6484,31.386870289687067,1.3357715300189739
6485,5.178825616836548,1.461813212652487
6486,4.43111621029675,2.826596886559855
6487,4.4712832709774375,1.358916656114161
6488,15.1845126086846,1.5822571889148094
6489,16.694032016646815,0.8414453025907278
6490,5.436395572498441,3.4799689294595737
6491,1.8300828251522034,1.1867816398153082
6492,14.540954384952784,4.3507904363796115
6493,48.98242117557675,6.564946205588058
6494,6.21486968373938,6.1871261009946465
6495,5.111532410606742,5.255403353832662
6496,38.18716733157635,17.6070978253847
6497,43.285734930075705,7.048581976443529
6498,2.99440873041749,1.1102105791378563
6499,7.866267571225762,5.725697974208742
6500,27.09928435087204,1.307883290341124
6501,16.68375069834292,2.7560839321813546
6502,11.121361736441031,4.34530351308058
6503,15.091788375983015,5.928871389129199
6504,34.877340883016586,12.991261486895382
6505,6.958943993551657,2.989260250236839
6506,11.493267908852431,4.314693049062043
6507,21.93538356967838,1.5930050201714039
6508,20.22602385468781,3.8758746509884077
6509,42.81866426765919,0.5743010642181616
6510,67.02995061967522,20.882691651232562
6511,6.52109802175255,1.131466358085163
6512,45.75396854430437,7.995500301010907
6513,18.044292017817497,0.5577871955756564
6514,25.03732107579708,8.466996381059289
6515,28.007130694575608,4.753741890192032
6516,16.84775054664351,4.879799445159733
6517,53.71069406658353,3.76855708884068
6518,9.613927714526653,2.3854209785349667
6519,8.250883483793586,7.350229978590619
6520,23.967737640836276,0.44713398319436237
6521,28.61168977034322,5.057748717896175
6522,5.21018537011696,2.263835018617101
6523,3.8159997714683414,0.4058462505345233
6524,3.45240323942744,0.40645681956084445
6525,21.330913241021335,8.3476672321558
6526,10.902787982602604,1.300241905148141
6527,13.878754861652851,3.7838531667366624
6528,20.784192516468465,7.33478139154613
6529,17.39180552959442,4.187473533704178
6530,8.198994849010205,2.0227587036788464
6531,25.408977448940277,22.874891016399488
6532,50.541872166097164,4.059304240101483
6533,14.491055361228064,0.8830159844819718
6534,32.49044461315498,11.735737850656733
6535,19.478482205420732,7.913847858086228
6536,7.967696164520021,1.3093947518505047
6537,2.265735593624413,1.3368210656917654
6538,41.69759678840637,1.8231442137621343
6539,18.525150804780424,7.61996317980811
6540,7.848586230655201,1.217016919337766
6541,43.03356911416631,0.8416857127449475
6542,21.46410396218198,3.802687743678689
6543,4.6690403592947405,2.692894355149548
6544,6.6177907437086105,2.3606628326233476
6545,5.917060337338626,1.4653025777115545
6546,2.0730706229805946,1.1218805462121964
6547,6.215030348394066,2.879910767544061
6548,11.508518060669303,0.2523949355891091
6549,27.656099993735552,1.71499035193483
6550,3.7520676301792264,1.4610218279995024
6551,15.6721513219818,2.7294124052859843
6552,8.986868182368198,0.5315151624381542
6553,4.190499150427058,0.8264365496579558
6554,50.171138510107994,8.002063589170575
6555,29.537068989127874,2.7830873955972493
6556,46.59508890286088,12.745556374837179
6557,9.952900677919388,2.9316937036346644
6558,2.751938782632351,1.296215763053624
6559,16.30368299037218,4.991067230817862
6560,19.067434534430504,2.2535673500970006
6561,59.58766846358776,12.66949114529416
6562,6.754678577184677,1.7709149508737028
6563,2.0311009255237877,0.17890448091202416
6564,13.49534236267209,2.112039858708158
6565,5.381294972496107,0.7986446749418974
6566,4.700799658894539,0.7731701937354956
6567,21.433334017172456,14.525877774285618
6568,32.51150420308113,5.333809381059837
6569,44.51737719661469,6.370597061631997
6570,9.06518886424601,0.9820516160689294
6571,39.10279774366063,8.497667512517182
6572,12.738820374011993,1.4667992109898478
6573,26.899979412555695,8.493427394423634
6574,17.85890842997469,6.248052127775736
6575,11.053839341879211,2.5512562971562147
6576,14.944402873516083,2.7037442019209266
6577,11.671106725465506,4.024666704237461
6578,16.07274434901774,4.634462232235819
6579,46.4841884765774,1.668069003149867
6580,10.982827822677791,0.9523934403332532
6581,7.178550971671939,2.265438927570358
6582,31.152131505310535,2.6454834895557724
6583,21.489194720983505,2.617461261805147
6584,25.16671697795391,4.17418560385704
6585,4.6058022659271955,6.576562050638131
6586,18.470185223966837,4.817546360543929
6587,22.546428117202595,6.728637585300021
6588,27.06572810560465,10.854146623052657
6589,11.72969764471054,4.315957952290773
6590,22.323908112943172,14.580099772661924
6591,71.404065102397,21.371025126427412
6592,3.9957794859074056,4.586319809779525
6593,34.67739761155099,12.41078757122159
6594,16.65651611238718,3.083974303677678
6595,15.014732465147972,1.2396159188665479
6596,6.454332172870636,3.9815796107286587
6597,7.265465439588297,2.2675954725127667
6598,44.77769944764441,3.019413489382714
6599,4.30758340517059,1.3313530610466842
6600,46.618556598667055,3.976312572369352
6601,3.8835933715454303,2.2276566735381493
6602,4.471025060862303,1.4263144172728062
6603,25.138723965734243,7.017781395465136
6604,5.165480794967152,1.7134129314217716
6605,5.340586357749999,1.6123818811029196
6606,7.014253510162234,3.7467745626345277
6607,28.893591284751892,1.3791780192404985
6608,4.1166636273264885,0.3542336712125689
6609,6.942964333109558,1.8852813011035323
6610,19.244890794157982,1.5342339469934814
6611,6.066911682486534,1.9889074321545195
6612,22.723133663879707,20.939418297261
6613,12.374388661235571,5.89559705927968
6614,36.10370755614713,2.022843509912491
6615,16.490060530602932,7.219127789721824
6616,11.090361659647897,5.158842846751213
6617,58.01897858828306,20.68359884619713
6618,55.89777092356235,4.331267790286802
6619,7.268621591851115,3.958313822746277
6620,33.625703854486346,29.116426676511765
6621,57.243871569633484,14.616098493337631
6622,9.352166675555054,7.909634434443433
6623,21.85791903734207,1.4299178781402588
6624,8.380398137611337,4.373656671028584
6625,9.296811688691378,1.8034933410890517
6626,35.66370341682341,10.111826968670357
6627,13.476908326148987,1.743934465572238
6628,23.136614771792665,1.3293737080280152
6629,21.88355342298746,8.141048321966082
6630,49.2845282885246,3.663874199613929
6631,15.115764935035259,5.1302220618817955
6632,17.35498147783801,4.1165759433060884
6633,52.66189215937629,2.394519615918398
6634,8.358928991947323,0.552414258942008
6635,17.581830081529915,1.8702851263806224
6636,11.145110125653446,7.846258175559342
6637,13.69155984185636,0.9781393515295349
6638,29.03376331925392,10.946511314075906
6639,15.37556199717801,3.544208409730345
6640,14.257617940194905,2.0217116558924317
6641,21.98581262305379,4.824141951277852
6642,7.677533795067575,3.0327903921715915
6643,32.468208491802216,6.056352087762207
6644,18.617664649151266,2.277941792825004
6645,7.0509192906320095,2.20327902212739
6646,8.293042540550232,0.3823995850980282
6647,8.087775500898715,0.25174324912950397
6648,11.118206248618662,2.8041496872901917
6649,10.868536593392491,0.6190444009553175
6650,15.324192623607814,2.0286855925805867
6651,4.387408267706633,0.8097063209861517
6652,15.68809112906456,1.9295662427321076
6653,18.391759785125032,2.4305196501736646
6654,14.287782203406096,2.29602200435329
6655,2.6612911376723787,0.7138669090199983
6656,7.540900302585214,1.2841363068437204
6657,58.22934871050529,2.894627642352134
6658,9.589269332587719,1.6983995306363795
6659,10.752896524965763,8.77474433556199
6660,23.19883774081245,2.3202721471898258
6661,27.964009918272495,3.5433740066655446
6662,12.95572717487812,10.704152933787555
6663,6.329615779221058,1.7657671431079507
6664,49.99376535669944,3.401141247624764
6665,10.073355599772185,2.5722448425367475
6666,11.152194887399673,3.4558805376291275
6667,16.70798479951918,3.579675395041704
6668,72.44655440375209,15.733172767795622
6669,8.660806610714644,1.625355213880539
6670,47.08369728922844,11.676698376773857
6671,8.834932724013925,11.689963471202645
6672,7.046148984925821,2.91635688001179
6673,25.562148720026016,4.98172207956668
6674,13.930804362578783,1.7669827323406935
6675,82.46865133009851,6.334064738126472
6676,36.36854213080369,11.400623970665038
6677,21.574937533470802,2.339149937241018
6678,11.712218838045374,1.7427273420616984
6679,15.448104779236019,2.314852109993808
6680,6.489885862916708,2.884862915612757
6681,86.05561303347349,8.914197914302349
6682,9.343797585461289,1.260410157701699
6683,17.850113652297296,1.9145025788457133
6684,29.659209936857224,9.38807026273571
6685,15.319764532148838,4.373102275654674
6686,11.82590558109223,3.9020406170347997
6687,11.866105912366038,6.538376510608941
6688,12.98160883039236,3.6356201079906896
6689,27.423498570919037,4.137778858654201
6690,12.056803234503604,1.682657838537125
6691,29.998198056593537,3.4085623981663957
6692,17.78796171490103,4.79495222550031
6693,92.98695693231275,13.98448782464402
6694,25.193089980108198,9.806145547423512
6695,15.988076277077198,3.1223855993011966
6696,14.33367578778416,1.2283315937966108
6697,9.749982943758368,2.7376304464414716
6698,69.1212989538908,3.510784885911562
6699,17.739420391619205,2.3326479337192723
6700,14.797533649136312,19.243407852947712
6701,12.123940408229828,4.815457352728117
6702,22.220990463043563,2.7655864137923345
6703,3.7276979256421328,2.3409558879211545
6704,8.69228826300241,1.7627157490642276
6705,23.79943648725748,4.953025413269643
6706,20.5540096196346,1.670431014150381
6707,11.450667949160561,4.136429839301854
6708,7.218384835869074,1.398243647068739
6709,10.920493326615542,0.6068462815674138
6710,40.76318917416211,12.511172376071045
6711,14.895855652866885,1.940531307947822
6712,1.4852433102205396,1.4289771491166903
6713,8.496736005472485,1.651956838555634
6714,2.528653577035584,1.3103550397790968
6715,26.445466759847477,2.6084841969422996
6716,49.26904911734164,5.07892952952534
6717,3.505391340237111,0.898923973669298
6718,65.01515945792198,4.914142209044037
6719,30.14595768158324,7.722601033747196
6720,5.4597565663279966,2.2141844951256644
6721,22.953531716484576,1.1901515415593167
6722,7.381700715050101,0.40812661754898727
6723,42.501705288887024,1.4122583494827268
6724,8.622662483714521,7.768877703230828
6725,4.50132462894544,1.3721776178572327
6726,32.990745153976604,6.946593265805859
6727,7.457689562113956,0.8025679917191155
6728,12.209586877375841,1.0436913458397612
6729,4.084605701267719,1.7608141828304724
6730,34.78909060359001,1.6233464377000928
6731,6.162182628177106,0.8484343624586472
6732,5.13054001191631,0.6334453584277071
6733,36.192353557329625,3.482758733909577
6734,25.944761734455824,2.498075593262911
6735,39.56381591409445,13.901842523366213
6736,5.705920898355544,1.3285230563487858
6737,3.050464752858261,0.7401333234738559
6738,33.06245240941644,1.3632368786784355
6739,4.012152853276348,0.6043730434612371
6740,10.291398510569707,3.6097090039402246
6741,2.877823347807862,1.9419560810783878
6742,20.283662929199636,3.521020997548476
6743,1.4192946422845125,2.4995841226773337
6744,22.29283220765376,6.998130901448576
6745,2.307393917813897,1.4742490444332361
6746,11.972057396546006,6.062630582600832
6747,42.405889994930476,13.910324469845364
6748,6.521309583331458,0.3176167607307434
6749,16.955485246377066,2.1518698206637055
6750,13.016461379826069,2.317938878433779
6751,6.350948228035122,2.4137343688853434
6752,1.1691147666424513,1.4851083843968809
6753,7.401923439603706,2.531234233008945
6754,7.589019097387791,1.9129117351258174
6755,3.833352090961853,2.591423070174642
6756,14.759824041742831,3.3548165815882385
6757,3.378610980929807,1.3318304389144942
6758,12.011283664032817,1.1918569700792432
6759,8.56407156502246,5.543526438763365
6760,6.653294981690124,4.117513563716784
6761,7.389833087101579,0.8201658326433972
6762,6.819160965271294,1.0540886135859182
6763,6.908075256331358,0.5582890859805048
6764,8.916977444663644,1.5616005081756157
6765,9.17353080585599,2.1021358310827054
6766,10.273095613869373,1.692043662071228
6767,7.162199632264674,1.2132673953892663
6768,8.309769425773993,4.276360649426351
6769,8.538889190764166,2.7589853033423424
6770,42.5047670789063,1.1847337209619582
6771,30.20431759953499,2.4743579630739987
6772,10.520035922527313,1.4620070083619794
6773,9.960318791680038,1.803300469648093
6774,15.230677958577871,4.23748675105162
6775,2.8333835676312447,1.5493888119235635
6776,51.76839151792228,2.5387102434106055
6777,13.78035406768322,2.196112314821221
6778,38.20334255363241,9.89565699454397
6779,6.078317411243916,2.585849307528406
6780,14.707983490719272,4.726905328563589
6781,53.67284164670855,5.354191899299622
6782,12.27357039891649,1.4392099018441513
6783,3.1307301884517074,1.5130765010835603
6784,3.354924405226484,0.43243452176102437
6785,9.047953828121535,2.6957674883306026
6786,15.875648884102702,6.455616662278771
6787,4.926593153155409,1.8122927940894442
6788,46.03899885021383,5.975232709897682
6789,1.4499003232413088,2.1154646147042513
6790,28.532053677365184,43.518192663788795
6791,12.4019839130342,18.337218241766095
6792,29.43453978258185,3.549876259639859
6793,12.671217760420404,5.091188237071037
6794,9.148969914764166,3.184805506790326
6795,21.322902128100395,6.446183178020874
6796,21.770332148997113,1.6319073903141543
6797,7.1261098294344265,1.728568622842431
6798,16.741048963274807,3.9262422653846443
6799,4.3976424457505345,5.25081880018115
6800,7.797952368855476,1.4702389054000378
6801,10.763650730252266,16.48673698795028
6802,74.13338006986305,0.9291590465581976
6803,17.1744582319443,4.973622535355389
6804,36.09914499542356,2.396882061031647
6805,8.023515107575804,0.9408659904729575
6806,29.168951839208603,3.0520117681007832
6807,23.28843015874736,6.338215897092596
6808,64.58480380475521,5.285380575922318
6809,73.67771428497508,0.31801476211694535
6810,96.9786646720604,12.212052212678827
6811,16.81080467448919,2.5705103066866286
6812,9.341397628188133,2.290823409523
6813,14.583983133314177,1.2328010933742917
6814,6.575799390673637,1.4310542922466993
6815,0.7065767096355557,1.2238849643617868
6816,13.702930725470651,2.7083912789530586
6817,7.764067901298404,1.0390958469361067
6818,35.4745834171772,6.459455229574814
6819,10.51958982780343,1.4042928030830808
6820,7.4068557856662665,2.761983758362476
6821,42.50493244268,10.013866331217287
6822,7.593112797476351,3.115864807739854
6823,4.557850503595546,2.3603723274718504
6824,9.604407989652827,2.037563516292721
6825,3.3925093319267035,1.1628782526240684
6826,8.386906568790437,0.8720883697969839
6827,11.70879367509042,2.704315211158246
6828,9.962959557771683,2.0415699584409595
6829,5.062748661497608,0.379801340168342
6830,6.8141585611738265,1.2605558692011982
6831,10.646274002734572,1.31728102453053
6832,36.148324673296884,7.38377932459116
6833,6.416166979004629,2.0353949666023254
6834,9.770722180604935,1.620774089184124
6835,14.341651129740058,1.4997304109856486
6836,18.819048986391863,6.712217014050111
6837,2.669890759047121,0.6047858456149697
6838,13.078597001731396,3.4525535532302456
6839,1.105961844761623,2.523384897504002
6840,2.808744068723172,1.3408303214237094
6841,25.738086514174938,3.489857201318955
6842,31.883942803367972,0.5979461159731727
6843,18.817190369591117,7.901403124764329
6844,7.2051292303949594,1.7930390983819962
6845,4.710274244658649,1.8871417125046719
6846,3.8478864189237356,2.057897641672753
6847,4.665098236873746,0.7840755335055292
6848,19.915689434856176,4.075699266977608
6849,7.2487241791095585,3.2738085250603035
6850,11.705027715841425,3.5443005961776635
6851,7.15590382181108,0.27325151044442464
6852,13.703161682933569,0.9187190375523642
6853,7.622916787862778,1.978909544472117
6854,7.740215227007866,2.6656939573585987
6855,14.026805888453964,2.710647246221015
6856,3.6794729514513165,1.1630214620381594
6857,4.094536453019828,1.3470940911211073
6858,17.274571039015427,2.1164135213475674
6859,5.825298770025256,1.004202164709568
6860,7.330061599612236,1.363673858344555
6861,54.96162709011696,1.8956368351791753
6862,47.813985702581704,3.388239351585071
6863,52.95974500942975,4.050577761430759
6864,20.868758127093315,3.077817266646889
6865,16.656916972249746,3.2365215588361025
6866,15.072998877614737,2.957735658797901
6867,11.840527999185724,3.301774746272713
6868,1.5892797764390707,0.6287501866463572
6869,44.25728604197502,1.8878208745736629
6870,10.964049734175205,1.1798659493215382
6871,10.00484224781394,1.9072973849251866
6872,16.64566158503294,13.154681427637115
6873,17.182424675673246,3.0367037140531465
6874,12.141517491079867,3.719538356177509
6875,11.419779125601053,1.9551523048430681
6876,40.29916771221906,10.671682569431141
6877,34.729634400137,3.0298727004774264
6878,26.224617545492947,2.8917949209571816
6879,28.165181133546866,4.2482507747918135
6880,3.8393952576443553,1.4031984235625714
6881,33.0607353245141,7.529870836318878
6882,51.05723937880248,4.348048196174204
6883,52.760548315010965,6.232049560872838
6884,42.35551896691322,8.037572726891085
6885,14.894600216299295,2.5134391198589583
6886,18.422476321458817,1.8344274014234543
6887,3.2844813484698534,2.691392486449331
6888,16.43371320515871,3.0570620924504794
6889,13.23915914259851,6.225264256820083
6890,10.272950707309064,1.0874031293787993
6891,23.892749032005668,6.917408989625983
6892,57.89774337410927,2.4538311809301376
6893,2.5675660874694586,0.8151361939962953
6894,11.363475542981178,2.558491718806181
6895,5.692732703639194,2.055830060970038
6896,8.806357111781836,2.042319842381403
6897,15.677638365887105,2.3815894001163542
6898,43.41022181510925,10.764266866695834
6899,10.59362809592858,1.1927738264203072
6900,18.017862115055323,1.512983975932002
6901,28.327640359988436,1.3872067367774434
6902,12.961501707788557,1.4737612241879106
6903,11.30295118317008,0.5561582918744534
6904,6.556643787305802,1.140091322537046
6905,42.16570387139018,6.263177678221837
6906,14.111924921395257,0.6173064389731735
6907,4.032097148708999,0.7932269824377727
6908,2.519315954647027,0.5884125190787017
6909,20.26393448887393,0.8292995907686418
6910,10.71930181607604,0.7038567327836063
6911,9.253622836433351,6.227885894477367
6912,38.7190306186676,3.4161894391290843
6913,5.1355418330058455,1.6066539054736495
6914,6.075926098856144,1.3189777717343532
6915,102.58124271780252,11.603786513907835
6916,15.063607218442485,1.9338666517287493
6917,17.948763081803918,1.038410932291299
6918,6.913331942632794,0.67373871269956
6919,49.69139309041202,11.552868141370709
6920,41.14051153883338,3.2203150410205126
6921,15.228284239768982,1.4521123305894434
6922,11.070211415877566,1.8551255674101412
6923,7.577574510127306,0.7940773236332461
6924,68.33301804959774,7.13686438644072
6925,17.975655417889357,2.6194689674302936
6926,21.026103275828063,2.2508618137799203
6927,24.483551928773522,2.971614531968953
6928,8.895278835708723,1.3541854405775666
6929,17.404411454685032,4.53592077473877
6930,53.81350635550916,2.31312520429492
6931,6.108331164345145,1.4040121752768755
6932,40.156385362148285,9.512948144227266
6933,35.05876256804913,7.634239942766726
6934,25.435089766979218,2.6200501481071115
6935,27.967264636885375,0.7109099545341451
6936,12.123744679614902,1.319893308216706
6937,15.851421912200749,1.5010747771011665
6938,1.711649024829967,0.8639523443052894
6939,21.554036708548665,3.8632085861172527
6940,8.331488945521414,1.5037707798182964
6941,17.055715878028423,4.891630928514132
6942,66.79783375561237,0.4127260686364025
6943,13.876710467389785,3.2385724913328886
6944,51.77936317585409,6.290314548517927
6945,69.76484166912269,3.9922844727989286
6946,12.298620825633407,2.1313323229551315
6947,5.342967639327981,3.7984246930573136
6948,257.7676635533571,22.23008480668068
6949,84.3233027975075,4.485520121641457
6950,9.787626573284797,1.969743507259409
6951,41.81942465901375,7.395427857059985
6952,5.340905785560608,2.4529627065348905
6953,4.9500467628240585,0.7841698541305959
6954,43.85758879594505,2.097487519495189
6955,9.608221689239144,2.918585464009084
6956,2.8093388192355633,0.7839037414523773
6957,11.709056321531534,1.49607323249802
6958,10.951082553714514,7.5390500435605645
6959,92.05987828584432,18.455190642802336
6960,8.642192035913467,2.251457034057239
6961,22.1383380391635,7.1741653994322405
6962,12.12059975110617,1.7998673995025456
6963,12.21816625224892,0.9504746352031361
6964,46.44279446452856,3.571663074195385
6965,2.8355015990673564,0.7157022101137045
6966,4.904507588595152,1.8152541965100681
6967,5.368182661011815,1.714028929676715
6968,7.693702332209796,6.067550138615616
6969,2.11785807582055,0.5101067502982914
6970,11.394618585705757,1.6522216481389478
6971,82.14139389246702,8.360626264922757
6972,20.535631453385577,3.9619544623419642
6973,70.87318293005228,1.723606696818024
6974,5.9116040132939816,6.881144325954665
6975,16.57450007274747,8.530459134242847
6976,5.664277959614992,1.6933838445693254
6977,63.49782800069079,17.66619201215508
6978,33.3887597322464,2.9813607512041926
6979,8.827327892184258,8.283484331564978
6980,6.03807207942009,10.055642694234848
6981,40.34083580225706,3.3539920099719893
6982,6.717962311115116,2.5988148191245273
6983,10.204645246267319,4.346891103865346
6984,31.90678546950221,1.5793157696607523
6985,57.65761187672615,8.980742117390037
6986,41.08698403851304,4.316848199814558
6987,13.308162046712823,1.1835861059371382
6988,49.82880730036413,1.8396639964144015
6989,7.712194949388504,2.417107388173463
6990,3.068882877007127,1.9454246256500483
6991,9.182564733433537,1.1152400916689658
6992,6.946962452959269,1.0445545392576605
6993,59.115078426897526,11.422620303928852
6994,66.83015381492442,2.057452868320979
6995,13.21407493390143,2.5842124210030306
6996,18.581903683778364,4.4539532783092
6997,61.05276351235807,4.147740783169866
6998,37.37671282456722,5.444153637392446
6999,22.554734143195674,1.101283257170735
7000,16.680184016004205,2.6253379830159247
7001,3.1760085113346577,0.7423440383281559
7002,7.48728077228634,2.815191235014936
7003,66.59443156048656,10.215302802622318
7004,5.496201928472146,3.0703546799486503
7005,19.87295340746641,2.887583835516125
7006,16.897706232964993,5.482827741652727
7007,24.232595690060407,3.0537586654536426
7008,43.48847292177379,6.207941181026399
7009,5.992676421999931,8.99937940761447
7010,4.273300645174459,1.169837913766969
7011,36.959939036518335,0.7618146340246312
7012,15.833621090685483,2.8269020430743694
7013,8.783547069877386,1.2677095886319876
7014,12.480190942063928,4.490321529097855
7015,6.8434923542663455,3.9575335159897804
7016,10.37028956785798,8.430984599981457
7017,13.641657590866089,2.7724571636354085
7018,5.979833021759987,1.9014135617762804
7019,7.737554207444191,1.5588187836110592
7020,60.06918534799479,7.295824174769223
7021,37.70938836480491,2.241053284262307
7022,14.763977461901959,1.9803590324008837
7023,21.525801938027143,7.699422464822419
7024,13.278243591057617,4.210274877958
7025,7.917412304785103,0.36492886202177033
7026,5.027248088037595,2.05001639702823
7027,9.927029650658369,1.701540551672224
7028,21.894424855709076,1.4564423048868775
7029,11.485712260240689,0.8279510011197999
7030,19.92992795445025,6.051829180680215
7031,4.412957675755024,2.6094977141183335
7032,24.760913709178567,1.2870601410249947
7033,1.6508891213161405,1.5520999988366384
7034,22.90759490430355,2.332934868244365
7035,1.3648101105354726,0.5233287503942847
7036,3.105926513184386,1.4955374591518193
7037,7.311223374912515,1.3137119746534154
7038,6.4574645310640335,2.379072787007317
7039,8.053620524704456,2.1835492803948
7040,15.338087006850401,0.3844266146188602
7041,36.95361788291484,6.776010885834694
7042,13.17374328232836,0.4917230444261804
7043,14.425004430115223,7.303704575482698
7044,53.6106393635273,6.20083524833899
7045,11.028225572779775,4.359644943322564
7046,11.636547877453268,3.9089950532652438
7047,14.58215145766735,1.4586503356695175
7048,23.85368002951145,2.892234438098967
7049,16.651747476309538,1.0392557834275067
7050,4.145767522364622,1.0724735816475004
7051,12.986661592498422,2.652246756013483
7052,8.065004074946046,0.7920414269901812
7053,10.095082992687821,4.167346155969426
7054,10.98064202722162,2.1090985760092735
7055,14.122826505452394,1.4589837836101651
7056,14.69418200943619,5.722388860071078
7057,6.090083832852542,0.7403204627335072
7058,12.479250296019018,4.68765719444491
7059,18.555657068034634,4.551709018494876
7060,54.12762280553579,4.216818630695343
7061,57.99355345964432,10.142485900825704
7062,17.427904604002833,4.2006052797078155
7063,9.952325718477368,3.715749716386199
7064,8.261044312850572,0.7483237627893686
7065,1.507897085393779,3.491038281332294
7066,24.036936847609468,1.92386344820261
7067,27.927793499082327,1.1332107605412602
7068,11.686602272093296,2.4513062046607956
7069,4.029176378622651,1.3607716729165986
7070,6.851462658494711,1.70370702536065
7071,8.212514408747666,2.466199805960059
7072,23.895757779479027,3.8896606541238725
7073,33.24650982633466,2.4328752420842648
7074,17.32918681576848,2.0094248186796904
7075,5.650009852135554,2.4147063568234444
7076,10.571760821861972,0.7867650957778096
7077,6.801977046756974,2.1997131393291056
7078,10.074989079032093,2.4725861497136066
7079,25.963705697096884,7.319848578423262
7080,10.21480364020681,2.2242746790871024
7081,19.24196842231322,0.8602193279803032
7082,14.212938620708883,2.6542874097358435
7083,24.363425619900227,1.7724183051323052
7084,17.584971699863672,3.4118561481591314
7085,7.356455456465483,4.918575568124652
7086,32.36111317574978,11.91023806668818
7087,100.07301441580057,21.596332650631666
7088,16.54152808105573,1.0183515450626146
7089,56.164820245467126,5.045921823824756
7090,14.839603513479233,1.952203569933772
7091,15.836976878345013,2.2233668452245183
7092,20.327582685276866,4.38427197933197
7093,10.740707889199257,0.1951169793610461
7094,5.868069022893906,3.829675438813865
7095,10.160625670105219,1.4419061290100217
7096,9.61472524702549,10.866234922665171
7097,16.751867180108093,4.367533389129676
7098,10.2197819147259,2.23307996627409
7099,10.125591097399592,2.279765637591481
7100,10.363404432311654,2.209794721362414
7101,34.11417490243912,3.2679726768001274
7102,123.72832413995638,17.53158912435174
7103,9.6606133783539,5.338935237377882
7104,12.46995906822849,5.739284599840175
7105,14.780985206365585,6.088748450179992
7106,8.404607402160764,1.3117331742541865
7107,3.9691603276878595,2.816245786147192
7108,11.488808102440089,0.858733112923801
7109,1.4229803757043555,0.4041845473693684
7110,10.697726336307824,1.1419713371433318
7111,0.7912937961518764,0.6767045072556357
7112,5.679356631590053,2.176428198814392
7113,8.832590682432055,2.149027168750763
7114,10.041962210088968,1.509281718172133
7115,44.85155457025394,6.459811455802992
7116,15.056891606975114,3.9264426762238145
7117,9.450454842299223,2.054212875664234
7118,19.376095252577215,2.0370502158766612
7119,16.30721448501572,1.9235546257114038
7120,38.909635830204934,2.418704990297556
7121,17.182844289578497,3.2464903704822063
7122,14.040752893313766,4.846434226259589
7123,9.639989722520113,4.18971742875874
7124,11.721034789457917,3.330338173545897
7125,81.04913541860878,11.21817072344129
7126,36.66298528481275,4.5324120237492025
7127,20.427782282233238,4.349188549444079
7128,30.753468295792118,5.745385255431756
7129,14.896994556460413,7.784582029096782
7130,16.256017033243552,3.4958536084741354
7131,27.41919270157814,2.7237030719406903
7132,19.688230633735657,6.847104716813192
7133,13.781390100717545,3.457310953643173
7134,18.448205184657127,3.7703463177203957
7135,19.683989358134568,8.384109457954764
7136,38.578001637011766,5.385566868440947
7137,7.926517833024263,1.4077456227969378
7138,7.401209179777652,0.8514324887655675
7139,55.314703181327786,5.756685292115435
7140,4.721126094460487,0.761719832662493
7141,6.476613003760576,4.314952898770571
7142,14.980646491982043,3.1983961341902614
7143,16.409047551453114,0.944141868618317
7144,1.9780236701481044,1.2878030587089597
7145,15.586639500688761,5.035553548725147
7146,14.746814038604498,1.3436740341421682
7147,27.616421103477478,3.789443244226277
7148,36.18119593337178,3.5953160551725887
7149,12.851953778925235,1.0545724094408797
7150,6.199479533359408,2.4518759325146675
7151,14.939939684525598,2.5875765718519688
7152,29.911349393427372,4.243359558749944
7153,30.956862404942513,1.237110833539191
7154,6.092445388436317,1.3088464532393118
7155,24.430384481791407,1.60909110493958
7156,75.50534596352372,15.206695369532099
7157,59.2386243219953,3.374917972832918
7158,56.76617699302733,11.470877992687747
7159,66.98039372172207,2.5867371677886695
7160,28.82316991686821,3.9748132256790996
7161,33.39742303971434,5.606041405815631
7162,44.98911103606224,21.117623049765825
7163,22.990634344518185,39.23708121199161
7164,20.58441946003586,2.2446084106341004
7165,19.72696409933269,10.701873590238392
7166,13.800007047131658,8.890522957546636
7167,34.613098472356796,11.429293770343065
7168,10.052192690024185,4.08414877703035
7169,49.83062159642577,13.31118991971016
7170,46.64503176731523,7.9491326324641705
7171,12.266496730968356,5.322199402377009
7172,9.242756922729313,2.1437017587013543
7173,53.82937400252558,6.3012514968868345
7174,12.071048353100196,5.259025404811837
7175,44.240835055941716,4.591513034298259
7176,35.8762064576149,7.0759533839300275
7177,28.11858234182,7.506421059835702
7178,25.82331347465515,5.485609331633896
7179,48.26944153383374,9.991324802428608
7180,15.002023633569479,0.7356185820618748
7181,11.021216354332864,8.204078935086727
7182,23.617592349648476,3.2535541094839573
7183,74.7709260135889,14.814674690383981
7184,9.075083039700985,3.8569571934749547
7185,8.630551251932047,4.552376309409738
7186,25.68591656163335,3.840987566932199
7187,18.630310223437846,4.862708825618029
7188,17.27570704370737,2.266366369323805
7189,46.78609517682344,16.552946607516787
7190,4.226576352491975,4.321157146070618
7191,23.06861525401473,3.4432914559729397
7192,2.8036112797635724,5.0468142330646515
7193,26.451032981276512,5.368003724358232
7194,15.292958658188581,2.144651286303997
7195,35.732461810112,4.4241868511307985
7196,30.579926386475563,4.828623414970934
7197,17.763941794633865,2.8211020827293396
7198,53.3768511270755,5.748864496999886
7199,37.80762087437324,11.203242864459753
7200,68.86441925168037,11.835939034819603
7201,74.50852586200926,9.269232991617173
7202,42.855725632980466,3.4891352257691324
7203,12.53152488428168,10.053541349247098
7204,31.769787974655628,7.1634626388549805
7205,23.615160405635834,7.62702089548111
7206,83.77133785188198,30.108616068959236
7207,14.836102577392012,4.364971965551376
7208,15.22605009842664,2.991977778990986
7209,23.660481423139572,11.4653835024219
7210,10.579332486726344,4.419206693768501
7211,4.207507234066725,1.1739179850555956
7212,3.7305189047474414,0.9860493615269661
7213,1.7583454176783562,0.6268767943256535
7214,49.748378816992044,10.93666590936482
7215,76.52559415996075,9.09246218483895
7216,2.366086306516081,1.2871157648041844
7217,11.641634899424389,2.422645693499362
7218,11.85331255197525,4.485909870345495
7219,18.483091287314892,11.71496438793838
7220,12.103967569833912,8.043330101296306
7221,11.350813762750477,3.0916531942784786
7222,8.705577105283737,1.2297725579701364
7223,12.062585264444351,8.46679875254631
7224,9.187308924971148,2.7244779355823994
7225,36.128088638186455,4.250175558030605
7226,25.629524117859546,6.682320449501276
7227,4.996994189314137,2.194000504212454
7228,16.604769334197044,2.1356808841228485
7229,4.547770962584764,0.6915497417212464
7230,24.87688127439469,1.071416013985072
7231,7.954065635858569,4.831629533997329
7232,12.57179552828893,1.0035404283553362
7233,22.645093818072382,9.546849882230163
7234,22.71030260808766,3.8631952181458473
7235,12.272501483559608,3.9517701787117403
7236,8.583552286960185,0.989316051825881
7237,26.96117662638426,13.342418042942882
7238,50.75759397633374,9.81834484031424
7239,15.072005907073617,1.3190948921037489
7240,11.70553264580667,4.096701299335109
7241,7.318045645952225,3.9557662694714963
7242,6.964114046888426,1.1594866904561059
7243,7.347006320283981,0.6505721909707063
7244,11.540686218068004,1.2005918683717027
7245,16.252455825801007,2.392112403642386
7246,6.2569116309750825,6.058473365104874
7247,26.855157984187827,6.021775727393106
7248,11.915096275275573,3.2004237143846694
7249,14.61260704882443,2.1773491456115153
7250,9.149584548547864,0.8061101167695597
7251,10.409060208126903,3.650413315743208
7252,21.92154423519969,4.361111904494464
7253,3.062192453420721,1.8459794744849205
7254,26.233877720922465,8.946973798389081
7255,33.60289129707962,9.460526740178466
7256,30.816708266735077,6.205455733463168
7257,15.294897374231368,0.9464967586100101
7258,37.67182945460081,16.335888866335154
7259,17.304536375042517,5.844927215017378
7260,5.680426895618439,0.6419012479236699
7261,17.38620598419402,2.154051289318886
7262,29.25119305634871,4.387370830401778
7263,10.284239930410877,1.346706353360787
7264,10.573176803067327,2.5442887814715505
7265,6.6652385257184505,3.142666040919721
7266,15.985596228856593,4.868839585617025
7267,21.793520242907107,7.466785443015397
7268,23.51325649674982,6.181823993843864
7269,7.808104886236833,1.7003984292969108
7270,20.18153484305367,2.30801475699991
7271,13.037925677141175,6.129612777323928
7272,22.00257197767496,4.051727241683693
7273,18.720264945179224,2.451767309132265
7274,65.37355068045144,30.014590542181395
7275,14.45146324095549,12.962205773219466
7276,10.676301690749824,8.329342008568347
7277,9.891433754004538,8.004740573000163
7278,22.623758636880666,15.051733951084316
7279,29.395123437978327,9.271166776074097
7280,20.701603214063653,3.0051339039346203
7281,11.505974030122161,4.206488203606568
7282,42.293524503707886,1.914440403226763
7283,4.831015687872423,2.6563240033574402
7284,9.97849803045392,2.6617210929834982
7285,9.470376640558243,3.366258289432153
7286,16.64416739344597,4.254715010523796
7287,33.977108469000086,2.0565357860177755
7288,3.2672893963754177,3.276225849171169
7289,6.858777942718007,1.0800735488592181
7290,40.203721798956394,19.386077454313636
7291,10.435433264821768,2.167155395320151
7292,41.689413502812386,23.67545515857637
7293,6.4295588452368975,2.52109956368804
7294,14.47917275200598,3.0952154994010925
7295,14.487476544454694,7.642758607398719
7296,39.18925581872463,15.252902660053223
7297,16.706897567259148,8.439705549739301
7298,27.89317249134183,4.901588961947709
7299,14.081937412440311,6.230579037845018
7300,12.45871613919735,2.4606262110173702
7301,102.25925655290484,45.71131516620517
7302,15.107568207429722,0.9054545927792788
7303,17.61911166459322,4.0708080359986525
7304,5.974298589550017,8.142975199501961
7305,23.25907324196305,1.5065118428319693
7306,22.95902850665152,13.454978809750173
7307,14.498883781954646,3.6090911887586117
7308,19.805052077397704,2.206419270733022
7309,18.559303432703018,20.423996983096004
7310,6.619632741610985,3.2117176497122273
7311,43.664450228214264,13.98543158522807
7312,13.539991023950279,2.0140667613013647
7313,56.26283448562026,1.93029789859429
7314,23.399057906121016,9.757435603998601
7315,18.12603154209569,0.49003494513453916
7316,3.1186556853353977,4.756543068448082
7317,12.200218565762043,4.925778275355697
7318,13.21536472812295,9.41866977873724
7319,15.764645224095148,4.23992152675055
7320,10.50922779366374,0.8847651602700353
7321,2.9290037620812654,3.947096197400242
7322,75.60542905225884,8.753269381450082
7323,19.615494046360254,21.330325067043304
7324,11.57080789282918,1.3806223942447104
7325,5.420503168250434,0.6218074455391616
7326,28.7521784689161,4.232413033023477
7327,30.72010239958763,0.968083154028136
7328,27.61825537495315,4.107061321148649
7329,56.43551639467478,25.27518007379149
7330,14.793032594025135,3.476292751263827
7331,12.29202293882554,3.909451149404049
7332,17.17778928205371,7.7225197898224
7333,18.442748183268122,9.60688408036367
7334,48.06169488537125,20.52523220097646
7335,18.208231089636683,2.0288880783482455
7336,22.143838617950678,1.512383535024128
7337,10.000732105778297,2.702585158869624
7338,26.02432773495093,2.6232448787777685
7339,56.91925104055554,6.679626137018204
7340,16.672395531553775,6.744323905208148
7341,23.460535769350827,3.0285327205783688
7342,3.851340192835778,4.1918002362072
7343,53.442198395729065,27.696354824962327
7344,19.38640010965173,10.619369648396969
7345,23.792937472462654,10.84432218240363
7346,15.111578926444054,9.68553370583686
7347,17.594407498836517,5.715280336327851
7348,11.929709907621145,5.863951820880175
7349,19.187856554985046,18.188554048538208
7350,6.765837766230106,20.013633110327646
7351,45.330666944384575,8.568572420626879
7352,8.215359568595886,3.069803088903427
7353,24.934063881635666,7.746227410621941
7354,42.2296507358551,3.3488027937710285
7355,7.637197883799672,5.134148011915386
7356,20.649556260555983,30.823928114026785
7357,14.995699709281325,4.705507514172496
7358,16.494529993273318,2.8432482071220875
7359,14.302264875732362,1.671853322768584
7360,20.345000051893294,4.185321756376652
7361,28.78935560816899,7.196880280971527
7362,13.429342418909073,1.878149417694658
7363,1.680315193370916,2.1036808596982155
7364,27.71781726181507,17.35747283231467
7365,11.543470418080688,4.457631498575211
7366,30.140396399234305,1.5816817819140851
7367,17.991100220941007,6.321955670486204
7368,16.838140823878348,10.01147692091763
7369,52.70384446904063,15.5138070043904
7370,15.114324398338795,4.013616373285913
7371,10.501018047332764,5.990075322333723
7372,14.277801379561424,1.011826169618871
7373,15.18631431274116,5.0816680318675935
7374,15.055796416243538,1.9589623014908284
7375,16.576913967728615,3.1139989057555795
7376,4.680217679589987,2.8751362951952615
7377,24.485233198851347,3.1064217123821436
7378,28.609849673362987,9.933350602164865
7379,10.443326495354995,9.658388161602488
7380,7.728421781677753,6.165963593870401
7381,18.643565529957414,11.527087358757854
7382,9.554121240973473,1.7145611341111362
7383,15.004087075591087,2.515786409843713
7384,26.799528308212757,1.6318136587215122
7385,9.136601947247982,1.5102781316963956
7386,5.1507090137165505,0.44277522899210453
7387,2.703252609819174,4.354952565860003
7388,8.676240214612335,2.457896703737788
7389,32.173502377117984,4.458497419254854
7390,16.03692244924605,1.7971276989774196
7391,21.012912411242723,0.6223842077306472
7392,15.13416096009314,2.1163066285662353
7393,26.3299765039701,1.0688505469006486
7394,83.04054189648014,16.996857737773098
7395,17.085731629282236,1.7377949502842966
7396,11.282055205371307,5.415521447604988
7397,21.089911475777626,1.4493549428880215
7398,11.164716852043057,4.218449623323977
7399,18.59053504638723,4.005322922952473
7400,23.787621912080795,10.76916293730028
7401,4.971813209122047,2.1427115859551122
7402,7.6439321199432015,2.427389144897461
7403,8.64140427395796,0.4695853701705346
7404,2.5997106987051666,0.5439165444659011
7405,5.337009698385373,1.0802628750116128
7406,36.45106786116958,1.6413968108827248
7407,35.83482768200338,2.8154440661693343
7408,7.112430252280319,5.161006653215736
7409,20.016066981479526,4.450563742080703
7410,7.2261614156886935,0.9193569341441616
7411,17.9832032462582,2.456212565302849
7412,44.22071055532433,1.9836684509646147
7413,2.910592770203948,0.29710917733609676
7414,39.239184756464965,2.525584593997337
7415,60.3968759290874,2.4310063902521506
7416,19.5289571210742,0.6287253992632031
7417,6.870709531009197,2.2865892956324387
7418,22.08313859590271,3.0337938349694014
7419,4.425948589108884,2.673349061049521
7420,1.715519114775816,2.055204464122653
7421,57.29925328772515,18.464950563386083
7422,2.349664454930462,1.6613968098536134
7423,10.089234076440334,1.2452138306107372
7424,16.322706636041403,2.563658652070444
7425,8.342508610803634,5.0320420927600935
7426,8.070463905110955,2.653802350454498
7427,30.306331543251872,3.6209112238138914
7428,23.986180667786357,4.93940578729962
7429,24.373291103169322,3.5867011702794116
7430,43.93486972153187,3.3580266684293747
7431,4.966165687888861,1.021514044579817
7432,11.391283724457026,1.905566161207389
7433,48.392703127115965,13.226784355952987
7434,12.933107420802116,2.761678415350616
7435,16.749900421280472,2.1655803164467216
7436,20.81648756354116,4.055826248601079
7437,11.836120774969459,3.4973153080791235
7438,35.17444477434037,3.9190045281429775
7439,11.65363890932349,4.473146953620017
7440,6.890506658470258,1.9022574070841074
7441,6.569016044726595,2.9506792844622396
7442,6.25687809754163,0.32293952680993243
7443,22.75456464290619,4.151596526615322
7444,21.061157569289207,6.2058170363307
7445,38.25400943309069,4.627973522990942
7446,29.339517831802368,2.3999770711525343
7447,15.047499945037998,7.536100368946791
7448,25.05340490024537,3.6463193530216813
7449,4.9482055976986885,2.3106597964651883
7450,7.1216388791799545,2.2292550611309707
7451,32.60156401619315,9.657455963053508
7452,4.225310849957168,1.2372818058356643
7453,16.56198583357036,5.433399528730661
7454,27.659924631007016,8.476382832683157
7455,14.255863107740879,7.13996310964103
7456,3.1847589027602226,2.0423063638154417
7457,1.9867816995247267,1.4876427527633496
7458,7.3028928861021996,0.9582651848904788
7459,0.7505795734468848,1.0811391063034534
7460,7.336988999508321,8.722730615409091
7461,4.7136228129966184,3.321346906479448
7462,8.023008550982922,0.6670660834497539
7463,3.2206144435331225,2.95864073431585
7464,7.478888814692937,1.1678869030438364
7465,48.23907817155123,15.237226414494216
7466,22.627730674110353,0.5099014985607937
7467,35.94750157138333,3.038160071708262
7468,8.833926652776427,7.504326928326918
7469,2.6770350388251245,1.0029777001473121
7470,18.149709574878216,1.803562285611406
7471,30.201592767611146,12.42601403966546
7472,8.06471835449338,2.549282698892057
7473,24.97329106205143,6.75824442319572
7474,17.391618315130472,4.630415041116066
7475,39.004084058105946,2.6799915791489184
7476,19.46120047941804,2.3148575524082844
7477,37.372984416782856,4.920100161805749
7478,18.956694908440113,3.9916030392050743
7479,24.692260891199112,2.8303269585594535
7480,10.744630260393023,4.373395886621438
7481,11.1272947890684,6.214247990399599
7482,13.406243766788975,1.6951212517014937
7483,89.06022058334202,23.559164030477405
7484,42.495222847908735,3.3973846071694425
7485,18.95140931737842,1.2767064811196178
7486,11.69703833386302,3.0607967422984075
7487,15.307718417141587,2.6907435732427984
7488,48.70373407751322,4.9565962655469775
7489,60.93102451041341,23.882887991145253
7490,42.6362931272015,9.752293053083122
7491,28.157506942749023,6.946616142988205
7492,9.006222501397133,5.312933965120465
7493,10.879764903336763,0.7238799931947142
7494,17.965439708787017,1.514945735951187
7495,5.682440351694822,0.8090599523711717
7496,17.749102979898453,2.5858050298866146
7497,13.002560030668974,0.6157994319219142
7498,4.420507743023336,1.394665057567181
7499,4.847733959555626,1.4048565505618171
7500,39.48886620273697,16.795991338789463
7501,8.143130046410079,0.5725976371468278
7502,24.971299483033363,2.5166046128142625
7503,11.474321812391281,1.311795158078894
7504,10.393722733482718,3.6049147085286677
7505,10.93435515317833,0.9027571660408285
7506,12.199498569592834,2.078293063212186
7507,15.133603786904132,10.856098499149084
7508,15.878754449309781,3.1518589155748487
7509,6.857820653618546,3.377912388416007
7510,24.5084384966176,12.636630939203314
7511,5.10033480450511,1.699246633297662
7512,28.827291095629334,1.960590085014701
7513,27.511632088106126,2.72899273596704
7514,13.916575908660889,1.0438293576589786
7515,7.400480174983386,1.755928561266046
7516,9.70822808612138,3.83998197591427
7517,9.519663496874273,5.0789072988554835
7518,22.791839849203825,0.7533559515140951
7519,10.06272757332772,4.425876901485026
7520,4.53679836075753,1.3635913587204413
7521,14.264833399443887,2.1650476902723312
7522,10.600323950871825,4.6698205914581195
7523,5.701006218791008,1.695893416646868
7524,8.936199405230582,3.554671922698617
7525,29.36358394101262,10.133361173771846
7526,3.189976692199707,1.6185896135866642
7527,11.822604358196259,4.257654196853366
7528,6.991544680669904,4.4316027127206326
7529,8.952871619909274,2.6617920028511435
7530,4.2171413043979555,3.130693254461221
7531,17.019110820256174,7.898203226504847
7532,31.143751392824925,8.941398928873241
7533,17.26967496611178,11.139882884919643
7534,13.53877261839807,10.37287262454629
7535,3.9088066313415766,2.52096893126145
7536,1.269537661341019,3.6784027989069727
7537,3.806620739400387,4.203991389134899
7538,15.18075929582119,3.1176103743055137
7539,2.1851962867658585,1.614614884951152
7540,22.014995515346527,7.102049853652716
7541,19.56244896262433,1.9714510412886739
7542,4.041298354044557,2.027807785269033
7543,5.223610626067966,4.550344986979326
7544,7.075217950157821,4.454146083327942
7545,12.578111200338753,0.9427009935025126
7546,9.747761224622081,1.680629870354096
7547,6.140303545631468,2.994401349220425
7548,6.520231079499354,1.459955601429101
7549,2.4376455629244447,0.7557058200472966
7550,26.457440382800996,12.556366730947047
7551,8.813436669763178,3.353875449858606
7552,3.2771193757653236,1.5724826890509576
7553,5.519811243750155,5.608135548885912
7554,17.662517280783504,14.004601971246302
7555,1.1416997921769507,1.169801629439462
7556,6.102970566396834,1.9192791634704918
7557,4.034728332422674,2.1579186467570253
7558,4.729060978628695,2.518907310673967
7559,20.80520084006639,1.335073795169592
7560,16.106788762961514,5.863796459278092
7561,26.950605322461342,5.922046598789166
7562,18.907325498759747,5.779506738297641
7563,5.290627930313349,4.1569449016824365
7564,1.0533332010963932,3.30124768987298
7565,21.727783569600433,1.376655809028307
7566,0.9969648493606655,1.0282468203804456
7567,6.93903792463243,3.5503438485320657
7568,3.5699613746255636,4.134615259245038
7569,3.186135459691286,14.694307371973991
7570,1.548820197567693,0.6393596291636641
7571,3.228805674239993,3.5405147788114846
7572,4.731235605024267,3.835033444709552
7573,12.860681894861045,3.300122599641327
7574,24.078735465183854,14.637352719357295
7575,7.9879961920232745,1.8930579159059562
7576,28.781517737545073,2.737996243791713
7577,16.32885082438588,6.8224288038909435
7578,7.426387260202318,2.9761885007610545
7579,23.004788314021425,4.123833679128438
7580,22.597224675118923,5.614439256023616
7581,3.0226694494485855,0.4102183100098955
7582,23.313792690634727,15.993053264915943
7583,9.690533244982362,2.701762276243244
7584,2.52092475729296,2.981202594935894
7585,35.49556228145957,3.4720193706452847
7586,27.413229974918067,0.828566441196017
7587,6.29958401620388,3.537004097364843
7588,8.358430050313473,1.2810650640894892
7589,4.9430472954700235,3.0838817516341805
7590,2.9417664894103837,4.154832501430064
7591,15.399690365418792,5.546642147281091
7592,8.191255087986065,7.079589031636715
7593,29.126396091014612,11.699292930075899
7594,41.04622757434845,5.33835618374178
7595,4.770263409242034,5.9896613057208015
7596,7.975671736639924,4.914065266959369
7597,19.17747301980853,10.48110742494464
7598,4.553655529394746,2.167557609267533
7599,5.346485770307481,5.98511035554111
7600,18.196057260618545,17.421841108240187
7601,29.1535955471918,10.224257116744411
7602,4.982409148477018,2.6528072240471374
7603,5.454981416463852,1.860512481071055
7604,9.419784864468966,1.6375238657929003
7605,4.717460757492518,1.0931497495621443
7606,31.39652471151203,1.2917991469148546
7607,5.696824559764536,6.117070486303419
7608,41.81082013621926,5.4609819473698735
7609,58.50080632860772,13.346298389136791
7610,34.70124387741089,7.806721493601799
7611,9.333738178489511,7.681214480660856
7612,14.025808035497903,10.487089097499847
7613,47.99262947961688,12.132473741163267
7614,10.190988567657769,2.8468828424811363
7615,16.49531101156026,12.662740591913462
7616,19.83238273113966,7.604754632047843
7617,12.625504130031914,9.26750924991211
7618,26.636463340371847,10.570602787309326
7619,5.503891460597515,8.675536860682769
7620,6.535917478613555,4.295958645641804
7621,49.3612082824111,32.23837552941404
7622,5.487590178847313,3.993784216232598
7623,11.53315634187311,4.522032666252926
7624,5.647564714774489,5.068781092472818
7625,29.005917836446315,18.506716030999087
7626,19.722445964813232,6.028581828111783
7627,39.45502379123354,17.215728572569788
7628,5.767571324016899,2.3713846880564233
7629,17.570308981463313,12.200320765376091
7630,9.070047914981842,1.3162788935005665
7631,25.92057911027223,9.606873976066709
7632,6.725446343421936,1.704509534189583
7633,12.863522121566348,14.179740216583014
7634,2.5533111707190983,2.87213805061765
7635,10.42951300740242,2.4313009375327965
7636,9.367707795463502,2.345576350693591
7637,15.603235952556133,1.4855924216099083
7638,7.238979676447343,5.528920977143571
7639,2.488039572482535,5.1840539262630045
7640,5.33965620258823,1.5779244276927784
7641,1.7289705094881356,2.283310877159238
7642,6.08987010573037,5.670049977721646
7643,3.2439528844552115,1.0862457354087383
7644,15.303506443277001,6.7494042401522165
7645,8.150137156248093,2.6930129723623395
7646,22.98548191176087,9.843641513085458
7647,24.390505792573094,5.160106649622321
7648,13.80164216257981,2.619709140722989
7649,7.3294661389663815,1.408801750634666
7650,7.76502501219511,3.18508068844676
7651,16.776299476623535,2.430908165872097
7652,31.342455506324768,4.410057429224253
7653,13.279812723398209,4.925166599423392
7654,14.1730050817132,0.8862716695293784
7655,4.8022578079253435,5.165561985922977
7656,10.134142716880888,2.51538455625996
7657,7.913439933210611,0.8669340374524381
7658,1.760416392236948,2.5240713777020574
7659,24.84972520917654,8.300684173649643
7660,29.556689463555813,5.527637262362987
7661,17.713750898838043,7.52632331289351
7662,14.691777758300304,2.137337068794295
7663,14.965662145987153,0.9652595217339694
7664,13.977367606014013,0.7950534566881515
7665,16.65164924133569,2.3478908657561988
7666,8.981700748205185,1.487319067120552
7667,38.15071979071945,2.8823536204290576
7668,19.9558473424986,4.70605566422455
7669,38.66759778466076,3.780129173770547
7670,11.038384049665183,0.6305413348163711
7671,10.917564310133457,4.4058071847539395
7672,28.31255870871246,5.934185990394326
7673,7.058303501922637,1.3113251216709614
7674,5.6944508431479335,1.13661779218819
7675,10.072097847238183,2.93928114650771
7676,20.43149300373625,3.2895885799080133
7677,12.647752222912459,3.519674009643495
7678,19.742972156964242,2.2839570152573287
7679,35.664003856021736,2.5405391585081816
7680,38.636770624667406,1.9652243833988905
7681,23.630767564482085,3.2086169701069593
7682,21.751442573964596,1.8363833592738956
7683,0.62250124104321,1.3514087349176407
7684,3.0988920997479,1.3621605094522238
7685,38.036748588085175,18.90745962894289
7686,70.37003821320832,22.49609270412475
7687,25.554704394191504,0.6451973491348326
7688,7.860250357538462,1.8098745550960302
7689,15.133768528699875,3.8405614774674177
7690,38.77810676768422,17.980640916037373
7691,25.27175697684288,2.816134697990492
7692,6.12427791999653,1.8506215484812856
7693,6.3750081127509475,1.7366799965966493
7694,30.361951063387096,12.540731755783781
7695,12.015732645057142,1.2925397157669067
7696,3.5269258846893763,1.0463595390319824
7697,14.504561141133308,1.2694934117607772
7698,6.029955158941448,1.568169141683029
7699,23.602873280644417,0.9309943509288132
7700,12.411669511348009,1.524825016851537
7701,8.115278167650104,1.5311592645011842
7702,9.656143453088589,2.7866740327021944
7703,4.847488593310118,0.6542962286621332
7704,4.370686122216284,2.5066876369528472
7705,33.701375134289265,2.954682189913001
7706,17.783018825350155,2.00244621411548
7707,15.254098884761333,3.6703486777842045
7708,58.27035862603225,17.46179782471154
7709,27.02734878472984,14.710398730472662
7710,0.7445077747106552,4.150335011965581
7711,12.894623575732112,4.080286763608456
7712,5.466038905084133,3.5879803230054677
7713,26.245863888412714,3.541546086780727
7714,13.408238637377508,3.625302396947518
7715,1.2409288722556084,1.3773067430593073
7716,15.57899502125565,2.531740062258905
7717,0.6373035691212863,0.7992924535647035
7718,3.2260593697428703,0.7097819992341101
7719,5.18996424227953,2.7183482190594077
7720,9.113061578944325,1.2397220234852284
7721,18.459416736848652,14.178585571469739
7722,8.9542424865067,1.4238468445837498
7723,9.328286960721016,2.085418089060113
7724,5.530215697363019,6.539777863770723
7725,14.28432970924814,4.733314414974302
7726,31.33123548142612,6.533432503696531
7727,1.5745387733331881,0.5930173913948238
7728,6.815573174506426,1.5039705140516162
7729,9.41824759915471,1.1706173497950658
7730,4.622153298754711,0.8417854141443968
7731,7.688871797174215,2.651707515207818
7732,35.83495870232582,9.669612060999498
7733,11.277552947402,2.100851145136403
7734,16.09465748560615,1.1344451121985912
7735,5.342796445533168,1.9835674442074378
7736,8.889094471465796,2.4066651477478445
7737,5.385935530124698,1.4842252497328445
7738,21.836171178729273,3.845170266693458
7739,11.54864026978612,1.0114346462942194
7740,4.74684688821435,3.0359875806607306
7741,27.660552488305257,13.517028722446412
7742,34.46688234806061,14.8284775185748
7743,8.074011904071085,1.4609561056131497
7744,19.69513262063265,6.117431342136115
7745,8.64512716466561,6.514845807105303
7746,17.994770910590887,6.129807799428818
7747,14.400720486417413,2.316181591246277
7748,26.29112112428993,6.793110111728311
7749,28.578441816323902,5.238021465018392
7750,14.547429711790755,4.798923733877018
7751,33.07954666763544,11.063960697385482
7752,31.733985973522067,11.849398631951772
7753,26.851239800453186,6.082529795821756
7754,6.229009382426739,4.896497704088688
7755,29.614185869693756,10.310913320397958
7756,9.503294333815575,6.440536688780412
7757,32.752072791568935,10.163548398762941
7758,15.93032993376255,2.725884364452213
7759,7.962761512026191,2.8293638546019793
7760,11.10064710205188,1.3332106483285315
7761,16.580830086022615,5.591047785943374
7762,16.413386065047234,6.6622680756263435
7763,5.942231887020171,4.045452307909727
7764,15.409860815954744,1.0921728475950658
7765,7.822318169288337,3.8731395681453478
7766,5.15200474485755,2.1696596587862587
7767,8.035243406891823,1.804250587709248
7768,9.68806785356719,2.5274365947116166
7769,23.972760402131826,4.580606691539288
7770,7.425161223858595,1.3612414726758288
7771,2.030872391536832,1.191664120182395
7772,7.260047368705273,1.9528168886899948
7773,3.442943688365631,2.6571544337202795
7774,22.811796528287232,12.804933755367529
7775,16.17914152564481,5.352438813773915
7776,6.636716157197952,1.2541269003413618
7777,3.8737353906035423,3.932229778729379
7778,3.293778385967016,4.392385282553732
7779,9.023602601140738,1.0612491937354207
7780,4.886746097603464,2.770229770889273
7781,13.10813627904281,2.0103938803076744
7782,6.920058121904731,2.3154168683104217
7783,17.888945758342743,2.9627693095244467
7784,6.354871187591925,1.0314831077121198
7785,8.56187952205073,2.3254540481138974
7786,6.226358112035086,1.7903940881369635
7787,14.079097303096205,1.1609893046552315
7788,10.560806169523858,0.47531361687288154
7789,4.309585573151708,0.9771219086833298
7790,10.17820855975151,0.806837797164917
7791,19.777214348316193,8.109727831557393
7792,4.320994737558067,3.7043441338464618
7793,7.628576669842005,4.964346284046769
7794,6.494845628116764,13.224730074696708
7795,13.464455388294652,0.7098793200460136
7796,2.3802095673818258,5.230023057200015
7797,4.0958517119288445,1.0860385318519548
7798,2.3982034069485962,1.7558527104093287
7799,6.502707192092203,3.9717728961259127
7800,8.501699464395642,1.029813902452588
7801,1.1718940566352103,1.4345084885135293
7802,23.826675553806126,13.328894372098148
7803,12.465863034783979,1.8216617624857463
7804,6.155977429822087,1.3914217157289386
7805,8.542453609406948,6.0890329740941525
7806,14.271037621423602,9.260711662704125
7807,22.32730134949088,8.481357551412657
7808,6.124095898121595,3.2450209028320387
7809,12.945746779441833,3.6121483692832044
7810,4.469802096486092,2.648221332579851
7811,5.0959894228726625,1.2628865017322823
7812,12.934652637690306,0.9430498675210401
7813,20.48081817291677,5.0282104490324855
7814,5.96628949791193,1.9960538057493977
7815,2.651529271155596,2.8387116773483285
7816,21.170524576678872,3.0059482052456588
7817,22.977692991495132,10.12122442573309
7818,18.29105664335657,2.4485286207782337
7819,12.470637246966362,4.264801947378146
7820,28.81413030810654,12.828625430352986
7821,9.793669899985616,1.0786878385115415
7822,5.568343321792781,2.983629233058309
7823,16.663341272622347,5.42790892906487
7824,6.581952098757029,4.011416044086218
7825,6.30350835621357,6.093206467339769
7826,7.611957661807537,4.0863616690039635
7827,5.641717584682965,2.052076330408454
7828,10.991493274566892,1.3643677020445466
7829,18.969549786299467,5.014509139000438
7830,2.9761806279420853,1.931137676583603
7831,4.44877221994102,3.32149257153651
7832,10.059808019115735,1.477085990145497
7833,8.90194060075919,4.630077318448457
7834,5.116319524589926,1.7074109327513725
7835,4.003511809773045,1.324713348845762
7836,32.9118473213166,18.271368718356825
7837,22.801446974277496,8.6495210994035
7838,7.507976625114679,5.527597322594374
7839,5.685552641531103,7.413778012851253
7840,14.129375133430585,11.907975766807795
7841,4.0893127850140445,0.9891115345526487
7842,10.13104890275281,4.7854829302523285
7843,11.13969717733562,2.70348615385592
7844,4.35448956489563,1.0033279143299296
7845,1.2403681054711342,2.723396824672818
7846,2.250116421841085,0.8517412465735106
7847,1.5808204654604197,1.2805454560002545
7848,20.513187885284424,3.9239888787269592
7849,27.9829469045344,8.935475861653686
7850,6.132518004160374,2.6259461855515838
7851,10.408316089771688,1.2322545587157947
7852,8.390567346825264,1.0195955511298962
7853,22.807603960856795,10.916477693244815
7854,31.12062957882881,10.376551860012114
7855,10.203416424803436,2.3711908908735495
7856,7.712366960942745,2.8182193501852453
7857,9.07567034009844,0.5765423394041136
7858,5.962313152849674,2.911589916795492
7859,20.255854297429323,4.269657136484966
7860,27.798574860324152,10.25176209770143
7861,20.17274184525013,9.061368851194857
7862,3.253071610815823,0.5191871307324618
7863,9.400953299191315,1.9152619370725006
7864,6.625320967985317,6.044501128839329
7865,10.914092737715691,4.552954960730858
7866,6.901658367685741,0.19965189089998603
7867,10.838831115488574,3.9693357451542397
7868,5.670113425236195,3.054712695069611
7869,26.066004171036184,4.221382976043969
7870,1.3677610097220168,0.737506058474537
7871,6.559621026739478,2.617123012430966
7872,4.044977131765336,2.0333622503094375
7873,10.889834691770375,4.796727233566344
7874,16.90980210946873,8.51367762684822
7875,2.846592275891453,0.8308189484523609
7876,6.326637002872303,2.882635413436219
7877,10.181711052078754,3.719366727396846
7878,1.7601281149036367,3.4704036992661713
7879,53.93885683827102,21.11927785165608
7880,11.700616070069373,6.747033405117691
7881,15.892818130552769,6.218811145052314
7882,27.171964114531875,6.788148120278493
7883,22.417713177856058,3.6939643241930753
7884,11.691117043374106,8.917719289660454
7885,6.6437528734095395,25.02895338833332
7886,25.12299437681213,8.325872072950006
7887,4.400562711292878,3.5829161652363837
7888,6.726253045722842,1.0054550636559725
7889,28.84757423074916,11.18168158622575
7890,6.171370148658752,4.116547024619649
7891,14.345801015617326,10.139030679129064
7892,2.932019604369998,8.870198582590092
7893,9.684415050083771,5.18734884262085
7894,6.74703498755116,1.2287340353977925
7895,8.785645321011543,3.9024694189429283
7896,15.21805869167656,3.6829493902623653
7897,10.159471459686756,7.360513195861131
7898,6.394411060959101,3.290358202531934
7899,5.218773900531232,3.130265796557069
7900,19.51628137473017,9.51256135343192
7901,10.649225015193224,5.345603162422776
7902,8.072950426481839,4.166598396139307
7903,5.148422717000358,4.715951713267714
7904,5.512014853768051,1.4505756392609328
7905,3.382504638284445,1.1967365286691347
7906,5.577243836596608,0.7617336770053953
7907,0.8319590936298482,2.5683706561103463
7908,4.821804205920785,4.216714680194855
7909,8.546954520046711,2.5799135176930577
7910,6.863144564907998,1.6349443575600162
7911,2.576235003245529,1.900744647020474
7912,9.230943091213703,5.905048266169615
7913,7.092817431887397,3.2716461411328055
7914,5.825011998414993,2.6142382491379976
7915,9.697565959766507,2.1776342443190515
7916,2.4278980884701014,1.5077115213498473
7917,17.80126939713955,2.6880798088386655
7918,25.228227532003075,12.145446586422622
7919,8.581469883210957,1.6904300505411811
7920,9.889973871409893,2.001726102665998
7921,6.612966205924749,2.321784483647207
7922,4.155154874548316,5.189838827393487
7923,17.319628160446882,6.366946718655527
7924,10.598682902753353,4.509644125588238
7925,11.23701449856162,2.276630280306563
7926,4.9752048179507256,1.3177471528761089
7927,27.017634557094425,2.731073746457696
7928,20.12040239572525,10.35058248275891
7929,28.0403888002038,6.796920138411224
7930,8.613665122538805,5.55005214526318
7931,38.87045243382454,23.6477995805908
7932,31.60469526052475,8.491825787350535
7933,11.220710813999176,7.041895732283592
7934,15.560502827167511,6.01775673776865
7935,17.738801354542375,7.711146855726838
7936,1.9600295890122652,4.126681964844465
7937,15.173783011734486,14.489330349199008
7938,16.488700717687607,0.6422154679894447
7939,10.3272595256567,5.976284977281466
7940,15.46424472524086,2.3877132143825293
7941,5.804366164883504,6.457256550806051
7942,5.75927018521179,2.445792071521282
7943,33.05849653854966,4.261410437524319
7944,14.80841752816923,1.644445724959951
7945,5.4741310217941646,1.731691349799803
7946,8.581738811917603,0.4354830313241109
7947,11.472041707951576,6.908860897296108
7948,9.741200451128975,2.3898732848465443
7949,47.678870828822255,4.025406492408365
7950,13.612701600417495,7.8050094321370125
7951,5.817856177687645,3.3195585140492767
7952,50.334946379531175,3.3190975384786725
7953,37.814141374314204,21.629956048796885
7954,30.744769543220173,7.773058853141265
7955,8.887785522500053,4.117231870623073
7956,36.894156457390636,13.368577752262354
7957,9.747241074917838,7.7952258380828425
7958,2.362730421125889,2.709723792038858
7959,20.587233781814575,7.3509619534015656
7960,19.160914657113608,10.079828891903162
7961,30.053147559519857,14.185972682666034
7962,16.387251839158125,5.3556228200905025
7963,9.434209798899246,5.649086818099022
7964,11.804079044610262,4.701399858895456
7965,4.590802118182182,0.7768136235536076
7966,10.85077490657568,5.552578303962946
7967,19.09452074766159,8.532219756394625
7968,9.069219656288624,3.979354194365442
7969,3.8270322838798165,2.0185000239871442
7970,9.795689012855291,1.3587618311867118
7971,6.626255112405488,2.905606622865889
7972,43.71981540159322,6.302399292588234
7973,14.489568937569857,2.655509758840708
7974,13.900574749801308,5.640756180509925
7975,3.460121372183494,9.557114079594612
7976,11.880736082792282,3.0530301593244076
7977,8.731865240260959,3.4400393664836884
7978,1.120232654735446,1.1914226085500559
7979,16.843418380245566,7.292508015409112
7980,13.60393738001585,2.880521797807887
7981,22.253749076277018,2.1763648928608745
7982,3.4329469079193586,1.5885410525517045
7983,6.990670056082308,2.7218073941767216
7984,39.538894426077604,21.14517195580993
7985,11.376685544848442,4.603094816673547
7986,7.089977172086947,0.9628589501371607
7987,35.543794869910926,10.75418147072196
7988,12.844488993287086,2.646400080542662
7989,29.127352283336222,5.666697452426888
7990,28.11875481903553,12.10287624783814
7991,18.71287377551198,2.4531610487028956
7992,12.043571617570706,5.324806803837419
7993,11.699494184413197,8.79245893098414
7994,11.319174766540527,2.403296738226345
7995,2.565701242070645,1.7423309851437807
7996,19.68671215325594,6.37355347443372
7997,41.3418300524354,8.542451431043446
7998,23.630245603621006,3.2826890537980944
7999,6.501114644110203,3.4796807932434604
8000,13.051224943483248,5.8014649441465735
8001,7.668019637465477,3.283194487914443
8002,22.51857135631144,1.8427763110255455
8003,33.177837452851236,1.7596256979741156
8004,16.26815756969154,1.6420407460536808
8005,2.6093918890692294,1.5686918925493956
8006,5.181839419528842,2.640943539503496
8007,7.647269822657108,1.5632433481514454
8008,1.0714274772908539,0.2766025069868192
8009,3.9805185471195728,0.7028500142041594
8010,6.698394434293732,2.2022394490486477
8011,2.529829884180799,1.3775682601117296
8012,2.044114542193711,1.9919551531784236
8013,8.962657783180475,1.4901385363191366
8014,26.50411245971918,10.762090810225345
8015,3.8628119605682514,1.9022971319500357
8016,5.759482840803685,3.201663412502967
8017,9.413668749271892,4.913491003215313
8018,26.92143263295293,11.663688080385327
8019,9.515881020575762,1.3646272295154631
8020,23.18562277406454,8.936619916930795
8021,5.978661829722114,2.9995630958583206
8022,5.192009948194027,1.941341458586976
8023,4.940148813417181,1.1454346994287334
8024,15.319891373859718,6.258751867877436
8025,10.954594865441322,4.641092010308057
8026,16.5926448877035,2.724046108675793
8027,22.58362825586937,15.561933202203363
8028,5.125927903668526,1.974424627609551
8029,4.341047719120979,5.968508344143629
8030,3.2250992248045804,0.7573084388277493
8031,15.064718798967078,0.37854018167126924
8032,58.03263485431671,23.844381803646684
8033,6.4068184164425475,0.5341653011273593
8034,9.534172017127275,2.4983957526274025
8035,30.221527751535177,4.632122412987883
8036,16.552513755857944,11.927336387336254
8037,8.766734651144361,4.135536685585976
8038,13.118113120086491,3.7043278166092932
8039,8.824364779517055,0.9257525806315243
8040,16.23618870205246,3.7603105360176414
8041,7.26096292026341,2.0841953485341946
8042,9.882550189708127,2.2124818144366145
8043,22.99642020726924,21.353076766245067
8044,42.06664592772722,8.287113190861419
8045,22.986353129148483,7.332536916423123
8046,45.18359895050526,19.632270758971572
8047,20.656761374077178,3.3898356314748526
8048,32.00725581033112,4.432790544495219
8049,4.7560634897090495,2.82272604200989
8050,12.475573390722275,5.836432859301567
8051,5.573288066312671,1.2322655210282392
8052,8.60780781507492,3.2766421837732196
8053,11.597306320210919,4.706339463591576
8054,25.164430772056676,11.831370438681915
8055,3.9135710292030126,2.7357700681313872
8056,24.096641525626183,5.034858162078308
8057,23.570540815591812,6.960242236731574
8058,17.860819731955417,2.8653933734749444
8059,10.798232588917017,2.33319906052202
8060,26.102322708815336,8.057488538324833
8061,9.330037916552328,3.1431792434304953
8062,31.95577012747526,7.647679034300381
8063,45.29103772062808,3.413597004429903
8064,21.749027341604233,3.7337166655051988
8065,33.741864919662476,13.47940610778187
8066,21.171169221401215,7.12971599685261
8067,9.507644490688108,5.311695331365627
8068,7.909743450582027,0.8621450560676749
8069,5.215649435995147,0.7385754274437204
8070,5.533560751238838,1.4584767346968874
8071,11.162349574267864,2.4797724755480886
8072,12.52427114546299,1.029483026934031
8073,15.324618258106057,4.3949955850839615
8074,10.549169023288414,0.47222152120957617
8075,12.255342553311493,0.5739243739517406
8076,5.6429149768082425,1.378412232734263
8077,2.361093897372484,1.6280176900327206
8078,8.323736852034926,1.0883043317007832
8079,23.69843599991873,7.366091920994222
8080,3.5335706025362015,1.62356422211451
8081,8.142087588086724,1.4192650264885742
8082,15.862465009093285,1.9377829108270817
8083,11.673322908114642,0.8418908836320043
8084,23.898365718399873,1.4878208164591342
8085,32.04132106527686,4.5987846329808235
8086,4.7704337276518345,0.7834415128454566
8087,34.65157262216144,3.5205144095234573
8088,34.664274690672755,10.375676411727909
8089,9.068371923291124,1.3689778536208905
8090,17.878614759305492,0.7617479916661978
8091,15.450999182707164,2.7734593376517296
8092,23.012255642563105,2.1096782172098756
8093,10.59567694971338,3.161541410780046
8094,46.54081029840745,1.724134037271142
8095,10.827684578951448,1.6782050300389528
8096,5.315743047744036,0.7473743932714569
8097,19.858930826187134,3.828718435484916
8098,22.561021700501442,5.099081475287676
8099,9.870764440856874,4.682329347124323
8100,63.15869580581784,18.491003682454902
8101,27.47760859131813,3.863124198745936
8102,24.25626613944769,5.066227761562914
8103,4.164107945631258,2.0683061238378286
8104,64.70321032777429,26.464208104356658
8105,16.19607474654913,7.5069459904916584
8106,37.83252942562103,14.529653318146302
8107,27.827033141598804,12.360143712547142
8108,10.229022794868797,2.298742015787866
8109,12.590758964419365,1.889161192579195
8110,2.7932967878878117,1.9384381771087646
8111,9.568848997354507,4.302717289014254
8112,3.479203643859364,2.747870538267307
8113,15.479767747223377,1.1705208905041218
8114,4.071829177439213,3.428558042117402
8115,40.206090457737446,16.421010012738407
8116,4.10850965231657,0.44880060525611043
8117,0.5956895579583943,1.6443598398345785
8118,6.753295853734016,3.3810638777940767
8119,7.482584251090884,2.5838928317825776
8120,14.3142508873716,0.5393356582062552
8121,14.394312601536512,2.3830393400858156
8122,18.701227694749832,3.388387843347118
8123,56.567629816010594,26.236472140648402
8124,17.025076181220356,2.6753142595116515
8125,11.984585357960896,3.3321270172709774
8126,21.43525435164338,4.361994191072881
8127,18.489949957001954,7.371066456777044
8128,5.14454331091838,0.6826085057109594
8129,11.322165672201663,1.504419241744472
8130,28.06160807609558,0.7127841864712536
8131,8.917118914676394,0.4722760055519757
8132,5.026141156442463,1.8297673708293587
8133,42.68846797384322,25.80580243654549
8134,13.47717908967752,9.128259292803705
8135,5.027188967913389,3.359385970979929
8136,4.351573800086044,0.9608853013487533
8137,1.1801945441402495,1.7165648354857694
8138,1.7176582660831627,2.612991926027462
8139,15.086925745010376,0.990983628667891
8140,11.374742625281215,14.989367422327632
8141,5.6273761172742525,3.9657493606209755
8142,0.9932219135807827,1.768204262945801
8143,3.9984243935905397,1.8967386770236772
8144,30.718396750744432,8.160815419978462
8145,6.849629942327738,2.7458031008718535
8146,9.998824588954449,5.300018091456877
8147,2.140702059492469,2.7163742231205106
8148,11.354140672832727,1.9858941538259387
8149,1.323027330567129,3.619360907468945
8150,7.647098652552813,6.220724008511752
8151,36.03640061133774,11.983717392431572
8152,3.735273038968444,6.4821676556020975
8153,2.276151606347412,1.593286193208769
8154,3.5062210066244006,1.7580188099527732
8155,2.3662646212615073,4.553453841806913
8156,5.853651717305183,1.438488721381873
8157,4.842676418367773,0.9675188257242553
8158,3.6313326347153634,0.9043096257373691
8159,9.211361822621257,1.6555487273726612
8160,5.660433128476143,4.394774105046963
8161,2.823842171143042,0.4063500637967081
8162,1.0805438953684643,1.1602599223260768
8163,6.248652002541348,5.14113819389604
8164,4.03171097766608,7.062860112637281
8165,13.597378336227848,10.620493303984404
8166,5.813251183368266,7.163686396554112
8167,1.272053663567931,1.6410497118486091
8168,2.9007623778888956,3.5976157020777464
8169,20.24402340874076,9.274412156257313
8170,7.682539768517017,5.328661273699254
8171,14.246118083945476,5.409957398762344
8172,6.943458076566458,0.8675908292061649
8173,25.671098195016384,0.31035745050758123
8174,1.9402655400335789,3.688371443258802
8175,5.251093879342079,1.643500036559999
8176,3.499518355143664,0.2070310921408236
8177,4.763283234089613,2.766670827753842
8178,4.062602089019492,0.691956998227397
8179,0.9636874651769176,1.170320911332965
8180,6.4546225243248045,3.5477853530319408
8181,8.958274453878403,7.853719010185159
8182,0.5237127328291535,2.6254971069283783
8183,3.0503407809883356,1.0355581752955914
8184,18.04485716111958,5.761438816552982
8185,20.168062647571787,13.69206688576378
8186,5.778554141521454,1.820869229733944
8187,9.498194454237819,1.7322557777551992
8188,12.435450266464613,1.2083032203663606
8189,9.292407713830471,3.9706298597157
8190,7.0093417121097445,4.3516007794532925
8191,8.278420878574252,1.290706516476348
8192,6.613071626983583,6.4329093103297055
8193,5.33364089531824,2.695276306127198
8194,2.2662379499015515,1.1398142259567976
8195,20.410646939490107,2.7633970654369477
8196,20.241712362505496,10.274341891112272
8197,7.6560356598347425,2.644564668647945
8198,20.67243517190218,0.9921184126978915
8199,15.077157043502666,1.3096697882865556
8200,1.2573906481266022,2.2442068808013573
8201,33.646304129157215,7.56019582684894
8202,19.879813954234123,4.796112746698782
8203,5.211460210382938,5.874394458485767
8204,3.4028006810694933,4.099281886679819
8205,4.83791920542717,2.0986771434545517
8206,25.00322350859642,26.024919321985635
8207,1.711941965506412,2.16884620860219
8208,6.88123363815248,0.8493138926278334
8209,9.162726655602455,9.471797213889658
8210,9.92176578566432,13.464590291492641
8211,7.956873765215278,2.799011006951332
8212,6.747759371995926,13.164278311654925
8213,3.4632190432748757,2.1980352594982833
8214,9.61199675872922,5.498185694217682
8215,8.113395108608529,7.310512528754771
8216,16.289966094773263,4.621504288632423
8217,10.770367303838157,5.1282540733518545
8218,30.66797380708158,12.663093524985015
8219,3.5735881391447037,2.0327014410868287
8220,3.1133282482624054,1.8663613301469013
8221,8.347519915318117,10.046406910085352
8222,7.041247628629208,6.2069057654553035
8223,22.832654596306384,9.049182122107595
8224,8.704419028945267,12.093230645172298
8225,12.979072757792892,4.877440936397761
8226,1.7622730690054595,0.3291708147589816
8227,6.187998378649354,6.849313619080931
8228,2.0073907882906497,7.1386545114201
8229,1.6430324092507362,1.058787518826648
8230,23.70304436981678,9.03195708990097
8231,23.25769229233265,3.765164839627687
8232,6.930208222940564,7.978005409240723
8233,6.186697677709162,9.889685759320855
8234,4.538160742260516,3.020153019577265
8235,13.376794308423996,16.414805442094803
8236,4.672256877662221,2.6711386607494205
8237,16.0019272970967,8.728371134027839
8238,7.290225546923466,5.405650410801172
8239,39.86724787950516,43.89424107589002
8240,3.945524487644434,5.246860669925809
8241,5.030115777160972,5.130212779389694
8242,29.8444335446693,4.3144886832960765
8243,8.751546740531921,4.738554239273071
8244,4.915818903478794,1.4223520630039275
8245,34.47283618757501,43.25359949283302
8246,16.979561178013682,18.166702926986545
8247,5.963776927441359,4.111000098637305
8248,20.797345314640552,9.110816423766664
8249,8.89478462934494,8.311233926564455
8250,9.888877283781767,3.705001547234133
8251,8.207893133629113,4.103699967265129
8252,9.126192781608552,4.068125078338198
8253,6.120848501712317,3.1892540119588375
8254,15.477711617015302,12.061757124167343
8255,9.418565161526203,4.448008205741644
8256,10.888019944162806,6.292752944864333
8257,5.6116062875662465,8.230087664473103
8258,2.651764566078782,7.698547209613025
8259,25.904783794656396,8.644412316381931
8260,8.148022972047329,1.3945577469021373
8261,1.299131615407532,3.6693254178389907
8262,1.9798394194804132,25.189250707626343
8263,10.91748780105263,4.46786542236805
8264,5.940170982852578,7.980182383500505
8265,2.2432651007547975,1.9324756069108844
8266,30.80712940171361,23.45203328412026
8267,2.012806272803573,2.309424343518913
8268,11.538760132920288,5.5423144437372684
8269,13.695839304476976,9.327223148196936
8270,6.970612850040197,2.7176834791898727
8271,12.546909142285585,4.016771361231804
8272,18.092868546023965,26.616743287188
8273,6.645510676316917,2.591098147444427
8274,8.702198784798384,2.496081780642271
8275,5.4193676840513945,5.131321787743246
8276,25.77162904292345,6.652720438316464
8277,2.663931071278057,3.2508328082039952
8278,8.174782852471253,0.9091847622767091
8279,5.016591273248196,10.089860360953026
8280,4.100548394024372,0.6649812130417558
8281,6.6965075206098845,3.9379359709564596
8282,5.724388577858917,9.452721782261506
8283,3.0507376456516795,5.4277893617982045
8284,3.2105686615686864,6.133086297668342
8285,18.16580296587199,5.6701953541487455
8286,4.671734621748328,9.463624130934477
8287,8.338271676548175,4.413104351609945
8288,9.792548168450594,6.541083694435656
8289,12.60142482817173,16.48256491869688
8290,2.0309279495850205,3.840557934716344
8291,9.91832132084528,2.2053497582674026
8292,3.01100588432746,3.7823815451411065
8293,6.692939484491944,1.0991203915327787
8294,5.935175433405675,1.923041702248156
8295,0.5297889485955238,0.46710182284004986
8296,3.882815211545676,2.1500250650569797
8297,17.94608537084423,3.3405762586917263
8298,3.1019349098205566,2.31489483139012
8299,3.6532517354935408,1.3149744672700763
8300,1.127394836395979,1.2840292713372037
8301,3.987151295877993,3.8315604851813987
8302,6.985685030929744,2.8347020630462794
8303,14.816320889091003,6.70346160326153
8304,12.279453626833856,9.164667259610724
8305,16.860122259240597,1.3082791967317462
8306,4.170071028978782,3.1521530632162467
8307,3.001170056522824,4.091690507251769
8308,2.111751020886004,3.4037977730622515
8309,1.2928702232893556,7.876374072860926
8310,2.174548836424947,3.480711406795308
8311,3.4490242283791304,5.675195751246065
8312,29.140551211312413,14.282204420363996
8313,24.740929554682225,3.7287357673048973
8314,20.316962994635105,23.351866895332932
8315,1.5970950154587626,1.2781047322787344
8316,3.262807491235435,0.11428942396196362
8317,16.353961162269115,16.93809518857597
8318,5.587202792987227,8.506034626159817
8319,8.072080288082361,2.8373505415511318
8320,1.1406196439638734,0.7172018953574479
8321,24.00326624326408,16.016802040860057
8322,6.065120480605401,0.5519526887219399
8323,2.4999267286621034,1.7814226145856082
8324,15.641076948493719,4.038304154761136
8325,2.972500338451937,3.4144071945920587
8326,3.6824243478477,1.5113820957485586
8327,19.273748080711812,49.15676342905499
8328,8.517919638648891,0.9334491221234202
8329,1.2127975025214255,2.2641044757619966
8330,1.7609198116115294,2.45924365054816
8331,16.350750498473644,6.568024950101972
8332,3.0311561208218336,5.759334739297628
8333,1.1367263231659308,4.192098314182658
8334,9.060529814800248,4.886279720813036
8335,22.221588019747287,24.220075095887296
8336,29.32722532621119,13.034909641370177
8337,10.102869533002377,5.8766727202164475
8338,13.516059428453445,2.5784362787380815
8339,9.045957869850099,1.3905895673669875
8340,7.3962070774286985,3.0285442797467113
8341,4.186477160546929,2.516649821656756
8342,3.561291645048186,2.447858661878854
8343,11.4507537354948,11.387656316626817
8344,15.44217567332089,11.24751514266245
8345,9.089799925684929,4.2825292237102985
8346,3.620144876651466,9.034210225567222
8347,7.455768695101142,6.439490171149373
8348,3.806933163665235,10.656655885279179
8349,21.271935258060694,5.238728625554359
8350,8.194652748759836,7.171002373099327
8351,4.089324611239135,10.77881048899144
8352,3.6510731847956777,4.264301339164376
8353,7.351260011433624,3.0722566815966275
8354,4.505213547497988,5.366745681909379
8355,4.3259120136499405,7.751573588466272
8356,14.981157542672008,12.721519151702523
8357,16.71092510741437,2.7054145634174347
8358,1.6047549210488796,2.123127866187133
8359,3.3103873576619662,4.205635184343919
8360,8.753951378166676,21.64347581056063
8361,20.46674898848869,9.679703247267753
8362,4.700279072025296,3.270061143222847
8363,10.891930180601776,3.097083085682243
8364,32.03571842610836,22.38218021998182
8365,21.513276652956847,17.11691996571608
8366,1.8164550304645672,5.785574609180912
8367,5.595063192304224,4.502289555477546
8368,14.955803003860638,9.689367217943072
8369,37.26676015462726,4.275028622942045
8370,24.131584892747924,2.9857976844068617
8371,15.58373025804758,12.066715529188514
8372,17.573049450293183,17.01397702388931
8373,18.987971340771765,7.4973710597452055
8374,8.828318670392036,2.7864327734569088
8375,13.29364585399162,2.316933242313098
8376,5.750471398234367,3.3798660337924957
8377,29.472386484907474,4.761878871417139
8378,3.9988746367162094,3.1266113228630275
8379,3.3788732811808586,1.13267663680017
8380,13.283810906112194,4.55781430285424
8381,6.57555478240829,2.8307507797144353
8382,8.161443073302507,1.1265510004013777
8383,4.714441520161927,3.2701088211033493
8384,13.76450726017356,7.5517587749200175
8385,16.050598725676537,2.893099535256624
8386,30.920234739780426,1.453200041418313
8387,9.882576468517072,1.579068899154663
8388,19.340825246647,13.335687581566162
8389,24.28441104310332,11.988690961152315
8390,4.012240506242961,1.1547895486583002
8391,12.761823400855064,2.017333447933197
8392,11.675440825521946,1.7281555004883558
8393,7.169344851747155,1.954431788646616
8394,6.04386967793107,4.237716469913721
8395,11.109742761589587,7.9190570041537285
8396,6.051544822752476,4.662303366305423
8397,20.837976038455963,7.144406828912906
8398,26.94560124538839,3.767269069532631
8399,20.113902387209237,11.54403732424089
8400,4.96786312200129,0.8126335529586868
8401,8.480994537472725,2.769878325667861
8402,2.9258957263082266,2.0243539018556476
8403,16.08088570833206,2.825899876654148
8404,4.83246342104394,2.4335777927190065
8405,15.112091705203056,11.882017092248134
8406,13.44860364496708,14.820599004626274
8407,4.044812092120992,0.5243718398851342
8408,8.163259245920926,4.468865406815894
8409,5.081347432191251,2.7157360006822273
8410,29.151940436234327,1.9940173760987818
8411,11.879598781466484,23.746251728851348
8412,5.140645310282707,5.424245718866587
8413,13.608561218949035,2.239278867142275
8414,15.034003235399723,12.440356227685697
8415,7.923894759267569,6.4048121105879545
8416,2.9762828504899517,3.333665725775063
8417,2.1583678059687372,0.18352506784140132
8418,6.646482144948095,5.901294891955331
8419,14.33929151110351,1.5052820490673184
8420,18.525752499699593,8.249093877151608
8421,14.524686977267265,1.0933325236546807
8422,6.860354840056971,1.7206417988345493
8423,18.237791772931814,3.3877110200555762
8424,13.281731958733872,2.0948763915803283
8425,13.866337902843952,6.72092510573566
8426,42.6916656618414,19.559438997908728
8427,1.952078223170247,0.5273149850545451
8428,12.893144982866943,5.079206671565771
8429,8.998759243637323,3.5371103734651115
8430,1.6180304046720266,0.2386671320637106
8431,7.259232431650162,3.2720182061893865
8432,3.912763385102153,1.7237517312169075
8433,11.81203442811966,1.8280139206908643
8434,32.210395734757185,2.870369866490364
8435,42.24358546780422,10.260378597966337
8436,18.379911604088193,3.3036973072084947
8437,8.929061099825049,0.8991448420565575
8438,32.59309564018622,2.5767136299982667
8439,8.425654154270887,1.6579199089901522
8440,4.94217613467481,8.64615551771567
8441,2.8954936005175114,4.395028956234455
8442,2.589226999785751,2.580108896829188
8443,11.385288840159774,7.438538174850692
8444,13.744726081778936,0.8735103653743863
8445,9.196824066573754,3.556680664769374
8446,22.209404166787863,1.6660501547448803
8447,3.168660057010129,0.7433562088990584
8448,12.598397388181183,3.572722053708276
8449,19.591004818677902,2.118717831093818
8450,13.849112136289477,1.8725040181889199
8451,9.436686402186751,10.291612767912738
8452,5.150478155498149,1.080432944581844
8453,8.890174735337496,2.31729996483773
8454,18.069005098659545,4.553292464930564
8455,6.081371653825045,0.7571361575537594
8456,3.253881985321641,1.9360853764228523
8457,5.466842142865062,2.2828892614803635
8458,6.573102377355099,5.535688173957169
8459,23.841543957591057,9.032705614597944
8460,20.65195830538869,2.3939436888322234
8461,6.923055291175842,1.1824476303754636
8462,2.742886190673744,0.7713057661312632
8463,16.596134826773778,2.4042666406021453
8464,4.155110954772681,3.4346126448144787
8465,6.392085531406337,2.257194850826636
8466,8.73146185092628,3.4985322090797126
8467,5.1481427034013905,4.631070871080738
8468,31.889538193121552,3.6151426658034325
8469,6.50031990886464,0.6434953429561574
8470,13.123979860916734,2.5657773396233097
8471,5.984001571778208,3.202138685621321
8472,1.0701554648112506,1.1776942464057356
8473,23.18252876936458,0.7767735311063007
8474,4.786627134308219,2.9223847156390548
8475,2.2471327400999144,0.7670070244930685
8476,14.610372816910967,3.823805743828416
8477,6.32812722271774,1.4445976264541969
8478,4.3458196562714875,1.952507621026598
8479,38.415507824218366,3.6688740542158484
8480,1.1422943814541213,1.0413103536702693
8481,2.61707746546017,0.7053384812315926
8482,1.884790888056159,1.4636788754432928
8483,16.940349551703548,9.733649182016961
8484,1.7835852664138656,0.8739738566800952
8485,4.8212179152760655,5.434163214173168
8486,5.401218777522445,10.89126049168408
8487,8.202870018780231,18.30905430659186
8488,12.737088264897466,38.65699263010174
8489,8.148381859064102,14.152401296421885
8490,43.62359175784513,11.26530878531048
8491,5.829023319063708,2.4299892969429493
8492,22.661386302672327,5.58193355424828
8493,1.8215696886181831,4.496546355308965
8494,3.7110542003065348,0.8238069145008922
8495,51.965480003505945,21.573623424184916
8496,6.388574268348748,9.97229870967567
8497,4.599081063970516,1.482953303380782
8498,3.937875664094463,5.989486146252602
8499,1.7418607126710413,1.8363350150175393
8500,11.30663503613323,10.002688594162464
8501,7.599051667843014,1.72117191972211
8502,25.076575383543968,4.62060974817723
8503,4.344235840020701,2.022993237595074
8504,5.464552127029492,1.4441690968706098
8505,5.764156870543957,3.5112205259501934
8506,7.77143045887351,1.3673093202523887
8507,11.097530528903008,2.4353909073979594
8508,6.543428630568087,1.364142818376422
8509,6.925079707056284,8.316143432632089
8510,13.7520220848819,5.941876978613436
8511,19.445561050903052,1.4433644975943025
8512,8.07874134927988,3.629483043914661
8513,15.846519417129457,3.6888190208701417
8514,1.2048615853204865,2.6960587871726602
8515,10.620086632668972,2.8210754939354956
8516,10.148331771604717,1.2137065916322172
8517,2.47512591839768,4.5910333913052455
8518,16.666481018066406,3.5510661136358976
8519,32.775845889002085,7.201614923775196
8520,10.554359609930543,2.971261869650334
8521,1.795260546838108,1.5858946153894067
8522,10.769089080393314,2.00995294166205
8523,3.832167962566018,0.9963241022196598
8524,7.268624983727932,1.1986168078728952
8525,9.923089794581756,1.8022367879748344
8526,10.894709779880941,1.1248040650243638
8527,30.940936379134655,4.329016786068678
8528,5.0150747848674655,0.4610871111508459
8529,28.381482371129096,17.656459205783904
8530,9.40214131376706,4.366421473678201
8531,8.060468718409538,1.1173024487216026
8532,6.002564810216427,1.0136790182441473
8533,30.05984834942501,20.18897135881707
8534,19.293184808571823,10.28257652791217
8535,4.646769745624624,1.654149348847568
8536,8.613859090954065,6.395135180762736
8537,3.727374378591776,1.122847899387125
8538,2.131695806980133,0.6462455107830465
8539,4.064827529655304,0.5029401310021058
8540,7.7672293074429035,4.943799749948084
8541,9.16204871237278,7.258852703496814
8542,6.201180650503375,2.789058865630068
8543,1.0122103086596326,0.9992019031196833
8544,3.662248927052133,1.8570902289320657
8545,3.1474231663160026,0.4768584954290418
8546,7.019475235021673,1.2846574448049068
8547,11.617307890206575,2.7108258166117594
8548,9.527759878663346,3.2103346209041774
8549,5.67170855216682,2.792389273607114
8550,6.032573584467173,1.5463834796100855
8551,12.889548849314451,1.8059795768931508
8552,0.8267581090331078,0.41279081703396514
8553,18.840832881862298,0.47627477045170963
8554,1.497420736355707,0.7837853617966175
8555,3.0161193795502186,2.7677052291364816
8556,13.127257266896777,3.1737627247493947
8557,9.29432712495327,1.738831264898181
8558,1.7321423729590606,1.363314307294786
8559,10.56174596699202,4.771843646158231
8560,17.48947583755944,9.578827369376086
8561,16.293037451803684,9.227173154824413
8562,17.44741429388523,3.580044772941619
8563,10.437902724195737,2.2818910009227693
8564,12.042752169072628,2.2291308790445328
8565,3.6245917426896312,1.4580183513753582
8566,22.835628017783165,3.7121228159376187
8567,6.086220405995846,3.0515065516519826
8568,7.962796883424744,1.3003320768475533
8569,22.936140974688897,1.1546713683055714
8570,4.270998380845413,0.8467821995727718
8571,5.844608698040247,3.6569907036609948
8572,4.485158245079219,3.393306957324967
8573,25.067738014971837,6.146576773375273
8574,7.929070035926998,4.306420192122459
8575,9.589181041345,4.40821094380226
8576,38.20222534611821,9.543090342180221
8577,8.722050406504422,6.373534997081151
8578,4.674516142345965,0.7458197351224953
8579,7.243453789204068,44.03953188192099
8580,5.981098400108976,2.9169843310373835
8581,2.654820733994711,1.1072899838909507
8582,1.5429835484246723,1.205270629725419
8583,25.641473240037158,2.5428029564209282
8584,15.725768446922302,3.8160230880603194
8585,12.133582534952438,4.617248958675191
8586,4.143641333095729,1.9124734587967396
8587,5.32701590936631,3.6924735200591385
8588,9.446694198995829,3.5157223103792603
8589,5.465248320251703,1.7137187210610136
8590,27.132249034941196,14.868929443342495
8591,34.97898217616603,9.178629138274118
8592,9.396252058970276,1.1862419936805964
8593,9.80235673347488,8.146144410595298
8594,8.687265985528938,2.319366398267448
8595,9.178415924310684,3.063755824994132
8596,4.99799740670278,1.5480419560335577
8597,12.22494589910184,5.909366045147181
8598,12.18822500295937,3.4470929123926908
8599,29.168624058365822,6.596333418041468
8600,7.8810208374634385,2.3703728999826126
8601,3.605440696925143,2.264906570526364
8602,2.382347486622166,0.4144959879486123
8603,5.124246805906296,2.3652311890327837
8604,12.398842578288168,1.6712480918504298
8605,1.1700197977479547,0.9129271800629795
8606,8.896050539653515,3.4654658943513823
8607,12.68986477330327,4.662184756365605
8608,5.192875650711358,1.3074603718705475
8609,7.411390085937455,1.1630168257979676
8610,2.604920402634889,2.384227458962414
8611,16.41856139525771,4.464615119271912
8612,17.389539288513333,2.2297118548303843
8613,3.2731605241424404,1.1625811888370663
8614,4.1907790414988995,1.299119682982564
8615,3.6446174344455358,3.305065762717277
8616,1.7821659930050373,3.460531187360175
8617,9.944962718524039,5.965370923280716
8618,1.7527674024458975,1.5645841914229095
8619,18.14085561595857,0.6891608336009085
8620,6.039285376667976,2.2627428367268294
8621,27.182934869146266,8.2814637712072
8622,21.12225642253179,4.778634540736675
8623,13.66402830556035,0.9725392907857895
8624,5.038115089359962,2.1067730570212007
8625,6.445469232276082,2.7399894085829146
8626,4.241811592131853,7.170733720064163
8627,11.915054170414805,2.7220674159470946
8628,34.137849101563916,15.173941289715003
8629,11.02431460749358,3.205720997066237
8630,7.565413417527452,4.861356091063499
8631,6.635028315708041,1.040393645875156
8632,9.8487194404006,7.384882548940368
8633,2.6794019330245646,0.9419865058735013
8634,21.19812122453004,1.884928054525517
8635,2.979796177474782,1.0526830106973648
8636,9.989776439964771,3.5075421994552016
8637,3.8507689614780247,1.9125299267470837
8638,2.522404143586755,3.112819731235504
8639,30.43634684639983,11.398546622134745
8640,4.908208403736353,0.9901024099672213
8641,3.77841128106229,3.0561916204169393
8642,7.077637314796448,1.2941020001853758
8643,2.285553733818233,2.229378593387082
8644,6.262598864734173,5.517974610207602
8645,5.459837734699249,1.258237154870585
8646,6.793419227004051,1.3856384398241062
8647,4.366939939558506,2.0039089382626116
8648,2.15534136723727,0.6539846832165495
8649,5.987441191806283,6.817340996582061
8650,15.516417218372226,3.72520380782953
8651,6.567504142411053,0.6692442428684444
8652,1.292039762251079,3.600274679774884
8653,1.5452598148258403,2.39399955466115
8654,12.399775002617389,8.23130955081433
8655,16.748395998496562,6.2860816378552045
8656,0.8772804569453001,1.1266572296153754
8657,6.589361123740673,2.2871643335092813
8658,2.653745524585247,0.5198747472604737
8659,4.613139619585127,1.2836139621213078
8660,15.269453391665593,2.5940688091504853
8661,2.99493780292687,0.8064944247016683
8662,16.534547503804788,3.8239070338895544
8663,6.722065398178529,3.926396578521235
8664,10.757805597037077,5.499967308307532
8665,2.751725383219309,0.8689874053379754
8666,8.140415420522913,0.6724258188914973
8667,3.702650498598814,2.7004888029769063
8668,3.1707356242113747,1.1168994607869536
8669,18.061269594356418,11.724423257517628
8670,8.5758566588338,6.692212358117104
8671,1.121002827771008,1.1666207130183466
8672,9.331051476299763,6.157887159613892
8673,17.58701802462383,4.311479939031415
8674,12.504524700343609,5.056522601749748
8675,13.301287285983562,5.733897294849157
8676,18.58813824132085,9.533752895891666
8677,3.2489927681162953,2.209563002921641
8678,14.959160224418156,0.17573984353111882
8679,3.9736111454840284,0.8366180680459365
8680,7.1680199056863785,0.9671205314807594
8681,3.9987502694129944,2.7201936142519116
8682,3.9613557499833405,0.781289084101445
8683,5.795189922326244,2.85234587918967
8684,3.1280019972473383,2.185270457426668
8685,8.451029228046536,2.503619024530053
8686,10.625658394768834,2.274473901838064
8687,5.480826001585228,4.205255783803295
8688,6.431825697422028,2.576877062325366
8689,5.2758767973136855,1.4714441942051053
8690,3.699728556658556,4.45569796313066
8691,25.925009256694466,14.178702594712377
8692,17.759179116226733,2.3236753018572927
8693,10.081701216287911,5.238439297165314
8694,6.450633836677298,3.726615462685004
8695,11.84552441618871,3.781440533683053
8696,8.425242175813764,2.5384048329433426
8697,1.10639708628878,0.5699393693794264
8698,8.112147445324808,7.301646823063493
8699,7.29775916878134,2.5659471675753593
8700,10.298714864999056,3.5212095557199063
8701,10.529775908216834,19.97008318733424
8702,22.054575964808464,5.137761434656568
8703,28.53712832358724,14.264623722236138
8704,7.590263951569796,3.7140088884043507
8705,2.7070151260122657,2.5739001599140465
8706,8.703953706426546,3.3554719830863178
8707,23.00961308926344,2.1349175684154034
8708,3.1028870986774564,0.16611892776563764
8709,35.5227334019728,3.7429824164137244
8710,13.800171058857813,14.333705491386354
8711,7.294076690450311,1.113449702039361
8712,20.130436109036964,8.756511346669868
8713,8.510611305508064,10.544518064707518
8714,19.222718067918322,11.766885361634195
8715,15.125765028875321,10.842404189352237
8716,24.227705653291196,4.528051233450242
8717,3.6850579513411503,1.6303110718727112
8718,22.077223894186318,1.8817641576752067
8719,3.8403795091435313,1.3000693331705406
8720,21.90351875126362,1.353267229278572
8721,5.826247098506428,2.597163110272959
8722,5.540541249327362,2.9041883393656462
8723,3.3296327143907547,1.0787073305109516
8724,1.4708252549171448,0.2549367551400792
8725,1.3082994744181633,2.0980248941341415
8726,8.350512526929379,1.3600307507440448
8727,7.635002767667174,2.8932135105133057
8728,7.285085406154394,2.4725552345626056
8729,11.375153860455612,9.490617339091841
8730,21.07369401725009,0.9645113116130233
8731,6.6350310100242496,1.5559443347156048
8732,2.948272503912449,1.6670200526714325
8733,6.064098261296749,2.1576478894712636
8734,7.376614916138351,4.681926102020952
8735,5.742116700009319,5.048834203902516
8736,4.04772496240912,3.6802446196670644
8737,2.321434163255617,0.6919754284899682
8738,6.653223065659404,1.091023176908493
8739,1.3185331834247336,0.30564992665313184
8740,41.85929747670889,17.221296191215515
8741,28.613354007713497,16.258452273905277
8742,4.114168969914317,2.6660809770182823
8743,24.094254285097122,24.15235804580152
8744,4.280810719355941,0.4757103091105819
8745,0.570203527022386,0.5377474659017025
8746,5.338410633383319,2.433820204169024
8747,6.943593000993133,4.591161066695349
8748,8.221966081706341,4.649796983405395
8749,11.370596006512642,4.1544854577077786
8750,10.149398127570748,3.743657768703997
8751,1.7374124955385923,0.36884800234111026
8752,11.373495178238954,11.933326022932306
8753,8.063040401786566,3.540775299537927
8754,5.433925656601787,3.356283020810224
8755,9.423763121572847,13.402010985650122
8756,17.414729760959744,8.928013678640127
8757,28.168584347935393,6.089588846487459
8758,27.27223981494899,6.946028285543434
8759,2.2952980247791857,1.1873197238019202
8760,4.787680402863771,3.9547980595962144
8761,10.347234191767711,6.755890657193959
8762,1.2587552387267351,1.614872078411281
8763,2.9660209665307775,0.3815819868177641
8764,35.33414882328361,4.694694285055448
8765,1.5327592273242772,0.3268765719840303
8766,1.760570810874924,5.465803463943303
8767,35.80846062488854,3.153254591859877
8768,2.9714507162570953,1.020613383705495
8769,9.596988768229494,37.37616242039803
8770,6.89011718169786,1.6852350439876318
8771,8.533037347719073,11.516923129616771
8772,1.5783608116325922,1.1067355264967773
8773,23.231242345797,15.093557707089559
8774,2.626635237596929,3.8716425041347975
8775,21.36837235908297,7.179225195861363
8776,29.147093527019024,4.539189436007291
8777,1.983511108905077,3.002664878964424
8778,4.378473981283605,2.0623880960047245
8779,4.963087865751731,6.486652433872223
8780,8.27858031145297,4.2973173428326845
8781,39.5126874204725,10.96599965263158
8782,48.20497068762779,16.869342266581953
8783,8.951613865792751,4.472835257649422
8784,4.532774355262518,2.96172315406875
8785,8.910003334283829,15.02096000637539
8786,3.1014073702972382,3.4333242462926137
8787,2.275470264488831,1.8128235857002437
8788,5.054619029164314,1.0886038656462915
8789,46.735793463885784,1.3654679813189432
8790,10.893738463521004,2.6205885223912446
8791,61.82474928162992,5.170161724090576
8792,9.410128982923197,0.8188663451001048
8793,5.3102637368720025,1.6049411249987315
8794,70.81815659999847,15.131356790661812
8795,9.007838627323508,8.672294855407017
8796,9.577897123526782,4.259132578037679
8797,16.545471329445718,3.673783690755954
8798,37.07604610687122,14.93823076802073
8799,58.14808558858931,15.251146566937678
8800,6.695327837020159,1.1519390568137169
8801,22.860691192559898,4.380688729943358
8802,22.346273966133595,11.893432868644595
8803,40.75367149151862,8.929101721209008
8804,13.290697559714317,7.289339229697362
8805,2.526896363211563,1.051687691360712
8806,3.6110632731579244,2.6771561437053606
8807,11.985020680818707,1.977624416933395
8808,4.993564112111926,1.5865414038999006
8809,5.569382585585117,0.31366550040547736
8810,8.66886848998547,0.34441500634420663
8811,11.566037187818438,3.3955657388487452
8812,34.663040259853005,17.089167605387047
8813,21.560553612172953,7.4155885123764165
8814,12.693715386965778,3.0456137003238837
8815,51.54249294775775,2.218061513312932
8816,13.493275130633265,1.4034462776617147
8817,9.396280320361257,3.4057341907173395
8818,18.549437254667282,6.440403531247284
8819,1.6557229758054746,1.7767821159213781
8820,6.891362830996513,4.45268171466887
8821,16.651003357023,1.8559720258926973
8822,2.419749832653906,1.492265862529166
8823,7.229006459583616,2.3577550938352942
8824,5.171372698619962,3.4306294342968613
8825,8.892858028411865,3.7514897286891937
8826,45.07012323103845,3.0258612566103693
8827,6.620949407108128,2.17195916948549
8828,23.960863556712866,0.5732558633608278
8829,22.760141954902792,18.590669570490718
8830,2.988428859738633,3.240252717398107
8831,1.632617935538292,2.129496723297052
8832,9.301248617470264,1.6513214382575825
8833,9.186771024018526,1.574991085624788
8834,4.5198158994317055,0.7983844710979611
8835,4.99369584210217,2.0190673290053383
8836,6.991678036749363,2.1772739594239283
8837,2.139122858643532,0.6222880391869694
8838,7.012311418540776,3.5307371066883206
8839,8.303139409748837,0.8543460350483656
8840,7.3450735956430435,2.643095370847732
8841,18.438159927725792,1.0030175424763002
8842,14.482806520536542,10.270094780251384
8843,30.48664816422388,12.17508241161704
8844,2.6909358095144853,1.2575726541690528
8845,3.3307742593751755,0.7351763774640858
8846,7.246855862438679,1.4427090035751462
8847,6.971986894030124,3.7470629026647657
8848,9.351446501910686,3.000608241651207
8849,7.371615769807249,4.024703153874725
8850,5.072509299963713,0.58938387199305
8851,4.980133086442947,0.8931507200541091
8852,9.251096984371543,12.446725875604898
8853,3.5602965656435117,0.4898162867029896
8854,3.4916511746123433,3.3528752062284184
8855,5.120510224252939,2.00311589895864
8856,1.548433474265039,0.9545716871507466
8857,11.117340004071593,3.240747820120305
8858,3.5045149317011237,2.9821756798774004
8859,2.284593931399286,1.4291349013219588
8860,3.426987699465826,1.15011154732656
8861,11.500380496494472,1.6327717973308609
8862,5.4975166553631425,1.0506698199023958
8863,2.5879821684211493,1.8123186153825372
8864,4.14715801179409,4.563712429255247
8865,1.2027947786264122,0.8225317932665348
8866,5.350386231089942,1.4224920132546686
8867,6.900598882930353,1.861981505251606
8868,4.196878413669765,1.3697501998394728
8869,4.665709302331379,2.0209522540244507
8870,3.7309446471044794,0.8879158368217759
8871,31.77669847069774,7.044875138817588
8872,1.590499356505461,1.8133265180513263
8873,16.196392246056348,3.2160694492049515
8874,15.458094242960215,5.703324455884285
8875,3.9906399715691805,0.5415847934782505
8876,24.160184072330594,12.92128331400454
8877,5.828310632146895,3.46819363697432
8878,27.261674048611894,11.677064388932195
8879,11.330920150998281,5.057829476892948
8880,9.009030946996063,2.2743198169013112
8881,7.527597486972809,1.4357046799268574
8882,2.20911524258554,0.9193964678852353
8883,9.237202621996403,0.29941857093945146
8884,4.971123591065407,3.205164113205683
8885,3.4058178178966045,2.5414773100055754
8886,18.94533607363701,3.44538501650095
8887,5.124766846187413,0.871236502098327
8888,4.396764859789982,1.8578587070805952
8889,2.533991407260629,1.291031755041331
8890,8.191309347748756,4.266127155395225
8891,21.225495235391186,8.312804970890284
8892,14.952072978019714,6.9412718298553955
8893,4.550409694202244,1.1744605421845336
8894,17.008252173662186,2.1247950314427726
8895,11.924881311133504,1.4338480914011598
8896,3.765452981228009,0.948459958191961
8897,21.36705757130403,13.250328550930135
8898,23.626450268318877,13.61042523421338
8899,6.124014121945947,2.6822270139527973
8900,4.961916458232736,0.8840679228305817
8901,9.80442326143384,4.301862184889615
8902,14.807847850606777,7.909224655453727
8903,4.551207201671787,0.5239256785716861
8904,15.250482179340906,4.126768529531546
8905,15.263067694031633,2.836145103443414
8906,11.363649141043425,5.339187948033214
8907,6.692012811545283,1.4799736277091142
8908,13.833423374744598,1.300230874447152
8909,13.84819257631898,0.6606582116801292
8910,18.815870865248144,4.526546956971288
8911,14.739603705820628,3.2347473542322405
8912,15.070402161305537,6.9068629164248705
8913,9.973485557362437,4.405532573349774
8914,8.639407519251108,5.829589135944843
8915,6.059588631149381,2.634097047915475
8916,4.29640001244843,1.1598598181735724
8917,0.7885044711874798,0.22258692816831172
8918,18.67613313230686,3.072786417202252
8919,21.461385376751423,1.5606479699490592
8920,9.296295531094074,1.2347997343167663
8921,7.916585981845856,0.59072987881882
8922,7.341863730922341,17.184500236064196
8923,5.089371042326093,1.887657342478633
8924,8.65468402998522,1.4927402092143893
8925,29.843575986335054,18.381855506449938
8926,6.668191276490688,6.175328899393207
8927,2.256146381070721,1.638903324259445
8928,8.687245490727946,5.146142889629118
8929,11.923287261510268,14.04427502118051
8930,27.49785603582859,27.76787542551756
8931,18.28423234866932,31.67668218910694
8932,45.05406799126649,13.298856565961614
8933,58.17183409631252,7.8779915063641965
8934,18.638155593536794,5.3174977181479335
8935,32.127624673070386,11.68481095682364
8936,4.321329160768073,1.8369117993861437
8937,14.516673736274242,0.7174613982570008
8938,19.44142989127431,2.607816096395254
8939,10.783209670567885,9.649166446644813
8940,9.915702007710934,12.904403753578663
8941,9.859174936078489,1.1096041915006936
8942,2.0198566033213865,2.7654544811230153
8943,4.53332895047788,3.1754348780959845
8944,6.378965402022004,9.218632168602198
8945,16.31357417628169,14.986021972887102
8946,2.185770521638915,2.2695666775107384
8947,3.099160534708062,2.814184452567133
8948,3.822691559791565,3.8044881308596814
8949,20.969511620234698,9.189432622399181
8950,9.739355870871805,1.0070924418978393
8951,12.604926055297256,6.686435134150088
8952,2.7491877544671297,3.918140696361661
8953,25.3575370721519,11.25329463914386
8954,4.897163283021655,1.3342700626035366
8955,10.054114501923323,1.4923474994720891
8956,2.983933687210083,5.006969805806875
8957,3.364270393969491,1.2825199369108304
8958,4.906738215358928,2.246840965002775
8959,3.0814835394266993,1.7563495033537038
8960,1.5043796468153232,2.719370188540779
8961,6.860150095075369,5.718787536025047
8962,8.710898396326229,1.9014659823151305
8963,6.564619830809534,1.1329841362312436
8964,28.15835663350299,2.4060433658305556
8965,10.462685922742821,1.4687594439601526
8966,18.08939499327971,9.328284474555403
8967,10.858056481578387,0.38672366543323733
8968,24.777635576901957,13.473283648490906
8969,5.467101041227579,2.143903370044427
8970,3.5121803694637492,1.2819781859579962
8971,11.1530146721052,5.280565411085263
8972,1.430958536453545,1.286998943251092
8973,4.815080594969913,6.50972667708993
8974,7.177014206536114,2.387535957735963
8975,4.9395854596514255,1.3024261957034469
8976,15.738201720640063,10.786416981369257
8977,9.657022994942963,7.73761547380127
8978,7.616143023129553,13.13776792702265
8979,5.00561782810837,2.165688511915505
8980,0.9032640440855175,0.3136757942265831
8981,6.730879515467677,2.1919890642166138
8982,3.0631501716197818,3.847444619925227
8983,4.39455993915908,2.884554583346471
8984,2.8628348242491484,1.243443216662854
8985,4.322286471026018,3.9298995677381754
8986,3.674359766766429,3.193811235483736
8987,2.1947129365289584,2.647975296131335
8988,7.061573147773743,2.260948639595881
8989,17.302813462913036,1.29616036900552
8990,1.2100299228914082,0.9231925419298932
8991,9.0392968251399,4.7580566377155264
8992,1.6763203936861828,2.3105723685584962
8993,5.535306639678311,7.70721100945957
8994,5.836986829701345,1.8781777815893292
8995,19.803592515556375,0.951271581601759
8996,1.4225202514789999,0.71832067406649
8997,9.663094431860372,1.462886435445398
8998,4.543094508466311,0.9732409401331097
8999,5.8996507814736106,2.6218493244668934
9000,18.737108394503593,7.552813987455465
9001,2.8435485155205242,1.6509515703219222
9002,3.3725608255481347,1.509472980920691
9003,1.7617345183389261,1.6341089274501428
9004,15.900071054697037,2.4839880960062146
9005,3.4528811830095947,3.509844016749412
9006,5.8970401510596275,5.271308824419975
9007,12.13040540723523,13.113791555166245
9008,16.459146070832503,3.122625000658445
9009,13.589561664382927,11.432906292844564
9010,3.8175572886539157,3.0870631792931817
9011,4.338502535014413,25.679105792660266
9012,8.888899020850658,2.38766612787731
9013,0.6453992676251801,3.3364750066539273
9014,32.85208779014647,10.330345934678917
9015,8.54025465561972,3.939056308241561
9016,2.8294975594991456,3.8807331604184583
9017,5.242502606939524,5.955945833586156
9018,3.8175168088637292,2.1511374979818356
9019,6.57832707837224,4.756156157702208
9020,5.2076802756637335,0.7039288461382966
9021,6.999425953254104,2.2080137819284573
9022,8.298466393724084,1.0443783546797931
9023,33.34377034462523,1.0526498761028051
9024,11.325925395824015,13.6086292155087
9025,12.64338171808049,8.709948571398854
9026,3.142259532120079,1.6744910787092522
9027,2.0250131944194436,3.4990720176137984
9028,4.435520878196257,3.2488217747886665
9029,3.684500499017304,4.6192462743929354
9030,17.61521406378597,3.789586263570527
9031,16.540884010028094,6.0640225927345455
9032,9.186391698065563,0.7639494640752673
9033,3.3916604928672314,2.077604230202269
9034,6.2874524258077145,4.70486459787935
9035,5.751918017398566,1.780229824129492
9036,5.031042243728734,4.9314729396719486
9037,1.9480634361663078,1.5050699221901596
9038,5.363031643566501,1.4742973613610957
9039,6.523215161607368,3.113237602636218
9040,33.3627659752965,2.7811712566763163
9041,7.863610562402755,3.9510252736508846
9042,36.54774141526923,13.68081038265882
9043,36.30940081179142,27.27806267471169
9044,7.619577590376139,4.535572305321693
9045,5.071878054062836,1.136761348694563
9046,19.692082464694977,5.498592675256077
9047,2.755773121927632,0.21393312856980629
9048,5.671889552620996,1.2231318911071867
9049,1.7907959492877126,1.491259741364047
9050,14.39624099433422,8.891361260553822
9051,15.191402949392796,4.996009489179414
9052,9.084828045219183,2.421692581876414
9053,9.948759227991104,4.380529421381652
9054,3.483000742490276,1.2590985079295933
9055,3.9053230903546137,1.2999258642139466
9056,6.899420503061265,4.0238657809386496
9057,3.857811802532524,2.314885366940871
9058,8.351638853549957,1.6838426714821253
9059,6.296994049102068,1.2522850007662782
9060,22.71165585448034,3.8009045966900885
9061,1.3700449354946613,0.5606145563724567
9062,21.118822917342186,2.2089604997308925
9063,4.372027015313506,2.5728988759219646
9064,4.846328473417088,1.9179217545315623
9065,4.52240631589666,0.651212153799861
9066,3.0693391565873753,2.128399195149541
9067,7.78092259215191,6.876980658838875
9068,18.38700846582651,0.8773890554148238
9069,5.289156965911388,5.808391556143761
9070,5.936674561351538,1.9416662263683975
9071,14.300308614969254,3.4006831776350737
9072,6.42244130015024,3.242937157396227
9073,4.386267574969679,0.7901034739334136
9074,10.787255749106407,7.444811614695936
9075,8.475441761314869,3.1536354561976623
9076,20.338168248534203,8.809042321052402
9077,4.569699168205261,1.375024864275474
9078,13.678669029846787,6.464602607302368
9079,2.6098738885484636,0.8349005696363747
9080,7.387311457568103,2.788185275159776
9081,0.9273118143901229,0.7297805207781494
9082,9.745577556081116,2.9708481887355447
9083,9.208111297339201,0.7868905266805086
9084,2.191182317212224,1.6869682551059668
9085,30.259836245328188,12.133125383406878
9086,7.269261611159891,1.828010417521
9087,1.26103679244261,3.867289614310721
9088,28.523589748889208,8.20336699063455
9089,3.8137277273926884,2.242079528979957
9090,8.896568333730102,5.007980280555785
9091,7.540202119154856,2.2043044901474786
9092,26.737667030189186,7.246445504948497
9093,1.3718347956582875,3.485759861767292
9094,10.081457175052492,4.218351324467221
9095,25.801760503090918,4.0238143703682
9096,6.636385126970708,3.250586624188145
9097,4.528938375413418,3.1123090386390686
9098,0.9165965763386339,3.140408581821248
9099,31.026879665558226,2.797010761452839
9100,1.8245143042877316,1.240705227246508
9101,8.198971150442958,4.056824877508916
9102,10.341954478994012,7.17413059444516
9103,28.70039685862139,16.936588370241225
9104,7.48211669921875,8.871544952969998
9105,1.5399749929783866,3.5969714226794167
9106,11.941066804749426,4.117167058866471
9107,11.370600717142224,6.386681404430419
9108,3.9984304532408714,6.3893669079989195
9109,0.7595065000568866,0.4977420028299093
9110,1.4413414336158894,2.7061645733192563
9111,6.560517407022417,0.6210233140736818
9112,5.104094845242798,1.2620444158674218
9113,3.9722853330895305,1.3005679436028004
9114,3.385551633546129,5.5601894445717335
9115,1.575257433578372,1.0106738207441595
9116,2.7365787122398615,3.283440625491494
9117,19.945051121525466,15.267589274910279
9118,24.33919555088505,1.2223022544949345
9119,2.1241389616261586,8.992611897061579
9120,5.248546604067087,6.335995528381318
9121,7.601979120634496,1.3581907885381952
9122,7.077864343300462,10.803196090273559
9123,5.40961900469847,4.398654291406274
9124,1.8219911381602287,2.8246737071312964
9125,4.5022838222794235,0.8934105669613928
9126,2.720259672962129,4.498248296556994
9127,10.528295423835516,4.470092166215181
9128,3.3694485360756516,4.210736642322445
9129,0.927759688696824,1.9549723917152733
9130,2.853230534121394,1.5889401189051569
9131,30.115386359393597,21.80095067806542
9132,3.3282392099499702,5.932181438896805
9133,1.4302310849307105,1.1766851107578304
9134,4.664118354618296,8.972911789780483
9135,1.6156457668694202,1.022603761889627
9136,3.9032408175989985,5.081094765104353
9137,11.932243801653385,4.880237579345703
9138,3.3416848117485642,2.64696674188599
9139,3.213265920057893,2.9191139643080533
9140,4.296178111806512,4.701825218042359
9141,2.788969841087237,1.9056353094056249
9142,1.3519302626737044,1.6020672221347922
9143,3.795615214854479,5.447628331428859
9144,1.2846750293629157,1.6563330972203403
9145,3.093007684510667,3.2637649609241635
9146,25.258623149129562,4.583350095432252
9147,10.782169256359339,8.75715131634206
9148,2.4173206097912043,1.4939226924652758
9149,20.065822563832626,2.534750597551465
9150,5.514492409070954,0.37710418706410564
9151,5.249778892335598,3.110267045907676
9152,7.838959041400813,3.4093869496136904
9153,2.1707029298413545,0.7501326657366008
9154,24.267413595458493,13.61284517342574
9155,6.263209029566497,2.204987093806267
9156,6.264729734277353,5.06688853862579
9157,2.948625997076306,4.1124888465274125
9158,3.3417913091834635,0.9602524414658546
9159,6.2048488184809685,3.4673316590487957
9160,19.779381624190137,0.576484599368996
9161,9.784665051382035,3.1907406106357215
9162,1.874618774279952,3.2353718106169254
9163,13.560507723130286,1.4982874555280432
9164,6.240976493805647,10.31870228331536
9165,0.5164861640805611,0.9973100703209639
9166,3.273072420153767,3.3314451596233994
9167,6.866472555557266,3.3306439467705786
9168,26.36782900057733,4.241593379407732
9169,1.8267136530485004,2.8963711869437248
9170,4.141952374018729,2.1996846459805965
9171,2.4688600203953683,1.3131863231537864
9172,1.6859779108781368,3.9271368784829974
9173,7.4385663121938705,1.7403328344225883
9174,3.6755489092320204,2.1082341177389026
9175,1.4625362702645361,1.9772147275216412
9176,35.9192157285288,3.4669194899033755
9177,3.755540589801967,1.1487672738730907
9178,26.61894083407242,16.712216440588236
9179,4.102579729631543,1.0218079671030864
9180,15.252625176915899,3.9616421624086797
9181,3.796789186715614,2.705465695820749
9182,37.80674914899282,15.878030022140592
9183,15.78070705756545,12.107582821976393
9184,12.464791648089886,7.9650776729831705
9185,3.717804494779557,2.2733720494434237
9186,5.414119308930822,0.4903687499650289
9187,2.877506273565814,1.6044087493792176
9188,1.7207547342404723,1.2615969171747565
9189,16.607094574719667,15.727905344218016
9190,3.731402425095439,6.541857526637614
9191,1.1626805209816666,0.400071947457036
9192,1.6807188969105482,1.922784426715225
9193,8.322130029089749,5.463818379153963
9194,0.46832686208654195,1.4620603052426304
9195,1.7158005878172844,2.063753013018868
9196,26.67025675997138,21.479071636567824
9197,8.237524402793497,7.287636603228748
9198,5.891445972549263,3.740313690970652
9199,0.6479153388863779,1.1831318261665729
9200,18.580648232251406,9.439716808032244
9201,5.116741535253823,0.8391084355243947
9202,18.932639481005026,1.3556434814818203
9203,24.26946279266849,4.496807005256414
9204,13.711530322209,8.146417557494715
9205,6.157801994122565,2.8754185419529676
9206,3.9756489447318017,0.686044410103932
9207,1.9752082184422761,3.654527555219829
9208,4.181804541265592,2.1148533346131444
9209,1.5662242178805172,3.0763913577757194
9210,5.01540781930089,5.516058150678873
9211,31.11445880390238,11.135363905500526
9212,1.5416057258844376,2.2911087705288082
9213,2.405365765094757,1.1826243964023888
9214,6.617659717798233,2.3886498499214213
9215,14.08276956609916,2.235576663631946
9216,0.517603354714538,1.3608003364061005
9217,18.903710358732496,9.971921723801643
9218,4.608256129547954,3.8468744810506905
9219,1.6553350584581494,3.6730379941291176
9220,1.888348909211345,0.8479648452749871
9221,12.680041381099727,0.9432410925510339
9222,0.45199133195274044,3.9652637597173452
9223,13.287553880538326,3.2726346995914355
9224,0.7826233846717514,1.3068066498963162
9225,3.175462968832562,3.4861106257885695
9226,1.395822326070629,1.4224998124409467
9227,18.159589626826346,3.3022540789970662
9228,26.308807072833588,1.7865142627852038
9229,7.732988946721889,8.143362440750934
9230,11.110213961190311,16.988781228661537
9231,5.085750922560692,7.497885296586901
9232,1.3315135926750372,2.4976135414326563
9233,20.74951502121985,2.9508731995156268
9234,4.51664306037128,1.5439036096868222
9235,3.5885508973151445,2.1863700751782744
9236,2.290200555291449,1.6749682831577957
9237,5.994433845509775,6.589646080508828
9238,4.229846873065981,6.465331240012347
9239,14.098539479076862,4.76029882254079
9240,1.481989068677649,3.307607732822362
9241,30.498576271696948,8.021136795512575
9242,9.37622477154946,1.0995682501234114
9243,0.9588338080793619,0.3217938218731433
9244,2.52185876792646,1.1457792695437092
9245,6.1631233397638425,2.385554701089859
9246,2.3032243475317955,1.441435942426324
9247,10.427538051910233,9.479396287351847
9248,10.000016383826733,25.1832388572293
9249,1.5404362077824771,0.6654540821909904
9250,3.691435743123293,7.818934946524678
9251,2.148108027293347,2.2964265661357786
9252,23.994216598570347,17.66500693708076
9253,1.1092523934548808,5.325857650954276
9254,0.8041482567496132,0.6796361334854737
9255,3.038740210235119,1.7822161577641964
9256,8.471291471767472,1.4192852083069738
9257,7.766804317710921,0.7468909700546646
9258,4.320557083236054,1.1796599526715
9259,12.441724588163197,5.976269141348894
9260,17.464499444274907,3.187749630851613
9261,3.1174696456291713,1.8339057047560345
9262,12.990866313887636,3.9155127350240946
9263,4.04157240071072,20.409361507277936
9264,2.215162902371958,3.086196914780885
9265,9.371218427550048,1.8381503503769636
9266,1.392437151633203,0.6959640718996525
9267,1.2730497549055144,1.6434401500737295
9268,4.817687636241317,4.794659963808954
9269,8.146568757365458,2.1483539652836043
9270,11.16121421745629,3.5047450214333367
9271,30.219345280667767,10.16717935891188
9272,2.2667570374906063,2.1806383897783235
9273,32.10140845179558,2.4663039557635784
9274,3.593219855800271,9.04592695645988
9275,5.18464957177639,1.6429294857080095
9276,2.4490911735920236,1.6110804070776794
9277,6.951834816019982,0.37985210389345525
9278,2.3362848963588476,6.521677780896425
9279,1.2029350670054555,2.0759026199284563
9280,9.309992605820298,8.27637796709314
9281,6.632418894208968,0.8610354018746875
9282,8.10353789664805,1.272499579936266
9283,42.44726104312576,1.683495911769569
9284,9.401798158069596,4.237832163111307
9285,7.819997393526137,1.168661767616868
9286,4.936702819541097,4.532675736583769
9287,6.523992151021957,3.867954979883507
9288,4.19204655662179,0.48646731075132266
9289,4.756231082603335,1.0681825006840882
9290,7.717388644465245,5.35335779376328
9291,1.7042299285531044,0.6687778292689472
9292,1.715885852696374,2.6653523771674372
9293,2.7986925560981035,2.5590733324643224
9294,4.095337213482708,1.2344212210737169
9295,3.3146771501924377,2.6276212544180453
9296,9.438613884150982,4.879368917267129
9297,8.122898773137422,3.9914591723063495
9298,22.20854457654059,19.012082875240594
9299,4.29493655776605,2.0442063675727695
9300,14.794157667509353,2.241746202111244
9301,8.295817635953426,1.402456451964099
9302,9.755586072802544,4.180076951626688
9303,43.12468917062506,1.4804522020276636
9304,23.006107164546847,2.4068734584143385
9305,9.70354649424553,1.6138527122093365
9306,9.826006557792425,0.8276830574031919
9307,9.42500942380866,1.0786609447095543
9308,9.819578513037413,0.887907687574625
9309,14.415412561036646,5.640389819061966
9310,2.241503579542041,1.00649257079602
9311,35.10921849674196,3.348532481439179
9312,4.42405422963202,0.7946030870079994
9313,6.498192608356476,1.9654459223384038
9314,22.72267600032501,0.8058754419907928
9315,52.019337425008416,17.84258108764334
9316,26.82417489157524,0.9651796397229191
9317,13.606643430888653,3.0941792521625757
9318,23.638348730280995,5.108837414067239
9319,42.67283853888512,5.606729004532099
9320,8.996035081334412,5.58088903024327
9321,10.893888888524089,3.1770249067340046
9322,75.69316933397204,22.1935926633887
9323,49.174256465397775,22.698969701305032
9324,13.017568858340383,4.16843443288235
9325,13.66055228561163,5.141576738562435
9326,51.06614952906966,2.122286345344037
9327,27.440180462785065,19.86858384119114
9328,6.866963007487357,5.072302371729165
9329,14.040307521820068,1.6512645399197936
9330,2.377732037100941,0.7137579006321175
9331,8.47147807944566,21.644248194992542
9332,33.75338178826496,15.554298788192682
9333,60.999150692914554,7.719466748996638
9334,23.33127340581268,4.001061607152224
9335,11.263333854454686,12.013882666477002
9336,4.650628068251535,0.6364247736055404
9337,5.812688076008271,0.5277386293746531
9338,8.473809726536274,28.597585985437036
9339,6.92535325884819,2.115684599732049
9340,20.743596971035004,8.788204132637475
9341,38.04964695498347,11.780616994947195
9342,4.72873330488801,7.438234878703952
9343,10.118650021031499,6.070641419268213
9344,0.9438805314712226,3.3851956236176193
9345,9.773488070815802,15.95250547012995
9346,13.148119169287384,13.947218569694087
9347,42.03730803448707,6.657099493468195
9348,4.20021613733843,0.7864252026192844
9349,28.813927559182048,2.7632497921586037
9350,10.93043587822467,1.6201170198619366
9351,2.596710349433124,1.6592877733055502
9352,19.170217131264508,6.775264384408729
9353,3.615077553316951,0.519151393789798
9354,5.1132888263091445,2.7275274465500843
9355,4.158574810251594,1.6526520082261413
9356,5.834008872509003,1.1289240757469088
9357,5.05687596835196,1.6842470144911204
9358,11.35239153704606,4.646343646978494
9359,13.415658965706825,8.846943102777004
9360,4.003418937092647,2.7119341045618057
9361,9.268847228806408,4.4408651168923825
9362,7.691547207534313,2.5816969415172935
9363,39.88805012591183,26.558314443565905
9364,15.13068138062954,10.778383946511894
9365,56.23202439583838,12.807372631505132
9366,10.337173223495483,5.5193116762675345
9367,24.16098254919052,1.6419616676867008
9368,5.928360417485237,2.977936239913106
9369,7.877637265250087,3.0389406513422728
9370,4.316264200024307,1.8218274212413235
9371,12.867300510406494,4.449443305842578
9372,3.4538845686474815,3.3770551257766783
9373,13.020172100514174,4.539661159273237
9374,4.506246430450119,2.9770560106262565
9375,8.90578839299269,1.8063021251000464
9376,4.271821668226039,3.00066600413993
9377,10.621000558137894,3.9394045402295887
9378,9.904322956688702,5.8606700003147125
9379,1.3972880261499085,1.023256332904566
9380,4.0494016371667385,3.2255210489965975
9381,13.916451397817582,4.914326600730419
9382,19.348677474074066,5.040467772632837
9383,5.18129659537226,2.8945003809349146
9384,8.240586243569851,2.151298654731363
9385,43.72919507650215,5.364158722975844
9386,10.93583962507546,1.7902609522570856
9387,7.53307543322444,0.9520291458320571
9388,3.226664302754216,2.3869177391170524
9389,33.64065844210563,4.818500553257763
9390,11.422285271866713,1.881261246278882
9391,5.077134972438216,3.864761066157371
9392,1.9290130510926247,0.67042577767279
9393,4.174006367218681,5.371266328729689
9394,20.319327294826508,0.9565647293347865
9395,39.05618643760681,11.670697134293789
9396,5.9135207768995315,1.0134106384357437
9397,4.246977892638824,2.6303303744643927
9398,12.560370212420821,2.850701630115509
9399,3.512782920151949,4.106881378218532
9400,3.710063166663076,9.474535390385427
9401,9.150775950402021,1.1378265344901592
9402,21.675221301149577,9.58862544503063
9403,3.9037918597459793,0.7435994936386123
9404,7.134919826617988,6.00986394751817
9405,44.73384337872267,6.965684477239847
9406,13.442413702607155,4.9349210895597935
9407,2.7116776136681437,0.5656492479611188
9408,12.030519135063514,1.1051819982239977
9409,6.919907338917255,1.4929459486156702
9410,1.5702101555652916,2.209296084009111
9411,41.46042191144079,6.560088742058724
9412,0.6413052291609347,0.21467571007087827
9413,2.4748896558303386,4.826839328743517
9414,8.786167052690871,1.9775475163169176
9415,28.555176841531647,1.5423277597874403
9416,2.6625586729496717,0.6383287783246487
9417,3.818519743217621,3.457180022727698
9418,2.9430658085038885,1.748358367010951
9419,3.100168486518669,1.2490531643852592
9420,5.232245782390237,2.6036621313542128
9421,22.95771688222885,4.764209623914212
9422,5.054831126704812,1.474592019803822
9423,7.060259280377068,2.2829015692695975
9424,15.460937748663127,2.741398025304079
9425,6.331422180344816,3.4560981227550656
9426,9.843945443630219,7.444624298717827
9427,32.60597037523985,4.280601935577579
9428,4.664038191025611,1.2019652145681903
9429,11.022689807927236,4.455886379815638
9430,6.568236757302657,4.219243381172419
9431,5.854532605735585,1.6870911777950823
9432,0.686561236041598,0.7970067644491792
9433,4.491411704570055,1.7516756537370384
9434,1.772787660418544,2.2620422579348087
9435,8.419043829082511,1.6828286331146955
9436,8.217398088425398,0.6929761301726103
9437,3.685482743711873,1.5257011409848928
9438,14.851728796958923,8.020234019961208
9439,5.467323288321495,2.902388535439968
9440,22.382152169011533,2.818275743862614
9441,8.242395656299777,8.185636779060587
9442,4.0416772903408855,1.7015864823479205
9443,27.473709706682712,0.281155999051407
9444,6.943341504651471,6.97372267220635
9445,11.148765048012137,42.62643762677908
9446,9.21872427733615,1.0092865796168553
9447,5.533734898548573,4.296292696264572
9448,17.40585994720459,3.587686755694449
9449,3.618521820753813,12.485329928807914
9450,5.869556963443756,3.751141130924225
9451,12.747231289744377,11.672763670794666
9452,10.514754988253117,2.5951739859301597
9453,0.8663946456290432,2.208842314314097
9454,51.35800310224295,21.484572237939574
9455,10.862165689468384,3.1444574895431288
9456,1.5558536876924336,0.33127634617267177
9457,7.201323529239744,1.9352258966537192
9458,4.4349525747820735,11.599215090391226
9459,3.4109884803183377,1.4494408406317234
9460,6.605307161225937,7.588919791916851
9461,4.999103817623109,1.8827309785410762
9462,4.348606511950493,1.7425038410001434
9463,31.88088434934616,11.397754891309887
9464,2.5223323348909616,0.7537950856203679
9465,15.887489784508944,6.956765916198492
9466,1.495485244653537,1.0459290003636852
9467,24.65281165158376,8.84331667330116
9468,9.448886642698199,2.4789865813218057
9469,13.315111950039864,1.9638881211867556
9470,10.079626777209342,12.040075349621475
9471,10.616090405732393,0.8554115379229188
9472,6.697713746805675,6.417776223321198
9473,14.326400311663747,5.250924699008465
9474,4.55276102386415,1.5016593397594988
9475,1.984083347953856,2.720818408881314
9476,13.972737410338596,3.489602529385593
9477,8.934943384956568,14.955035770311952
9478,9.995072079822421,2.041039917123271
9479,13.461736869066954,5.930116513814937
9480,30.949035963974893,4.030493530481181
9481,38.93931322163871,0.9047944160993211
9482,5.175280674244277,5.203854360501282
9483,28.992879225639626,10.126799993970053
9484,9.052272827131674,2.3652828378399136
9485,0.6004525981843472,1.399574989623943
9486,2.9070178565452807,1.4394688331522048
9487,4.684006877243519,3.031278859823942
9488,10.268866841128329,3.717563005979173
9489,3.920201003551483,1.1135917995125055
9490,4.245191054884344,1.2059463812038302
9491,33.83885978876788,14.439887629356235
9492,8.764669593423605,0.3059637155456585
9493,5.89225388597697,0.41910457285121083
9494,2.1239250199869275,1.074538313318044
9495,7.319808186439332,2.446537037874805
9496,3.479416680871509,0.0832022005924955
9497,13.46598705649376,9.028526223497465
9498,2.7540114652365446,1.8387732384726405
9499,4.244288083194988,1.441619586199522
9500,6.458931296132505,3.2146062136162072
9501,19.121768079698086,8.419753404334188
9502,45.0397590479115,11.917045128473546
9503,2.6549073822097853,2.090193580603227
9504,4.442515619157348,8.864963437663391
9505,12.4622702896595,3.4051846717484295
9506,4.443634212948382,0.6064652379136533
9507,8.691534655168653,3.2479666730832832
9508,12.638129826635122,1.1822473376378184
9509,9.093070439994335,4.282686363942048
9510,4.187741185538471,7.297411896288395
9511,2.036198898218572,2.0842537661083043
9512,4.207042977185097,0.6801925725012552
9513,3.7573404577560723,1.1009849376350758
9514,10.068806124851108,4.46232586093538
9515,9.810193943732884,0.8007234581309604
9516,29.719745908747427,2.048234421061352
9517,5.698082827031612,1.4567268248647451
9518,8.394149690167978,4.999611934646964
9519,7.462680619210005,1.5571186269517057
9520,8.443596167722717,1.5266969925141893
9521,11.290844397153705,0.81905717025802
9522,8.015949124237522,0.44693686231039464
9523,40.309242606927,14.132656565230718
9524,4.891763046383858,1.1430577179417014
9525,10.476854413747787,5.02706294041127
9526,7.099833205342293,1.2095573475817218
9527,17.058706030249596,2.41239270567894
9528,8.411700960248709,0.9534547249786556
9529,29.29134352481924,12.230009677354246
9530,8.722162163816392,4.586686244001612
9531,13.274063428863883,5.558272049995139
9532,15.64579363167286,3.000353586863639
9533,36.18524365045596,0.8808499645092525
9534,32.588038977235556,8.874428399372846
9535,2.582876782864332,2.119828207534738
9536,13.297127501107752,2.900343722081743
9537,7.509785573929548,0.44546965486370027
9538,10.196958122774959,0.8604730393922466
9539,35.60601271726773,5.081639416515827
9540,8.914565738523379,0.9969703811220825
9541,15.675619820598513,1.9266295917332172
9542,6.424387232400477,2.7059570665005594
9543,7.523141346871853,2.3326598333660513
9544,23.436142046004534,6.372396748978645
9545,8.881833114150254,0.8229529485106468
9546,21.625201605260372,0.5706344525096938
9547,20.418516896432266,5.382777475693729
9548,9.911334656178951,3.1059139566496015
9549,11.051862279884517,0.8317084456793964
9550,34.78373736143112,4.724785898113623
9551,8.653340976177788,2.498854548379313
9552,6.092349309241399,4.400185551960021
9553,4.390397264447529,1.1235134054441005
9554,13.705933282733895,6.7773884776979685
9555,15.694243289530277,2.117765777744353
9556,15.717176705598831,6.171282222028822
9557,13.175215532071888,2.425864680670202
9558,34.33211461175233,2.6499438522732817
9559,41.136410641949624,2.5232738377526402
9560,18.673280083341524,6.699402742087841
9561,7.0945727452635765,1.6518682539463043
9562,59.062692154664546,30.513868864625692
9563,31.884393479675055,2.8072200464084744
9564,16.09208157658577,8.329816415905952
9565,9.9316213215061,4.63762453943491
9566,23.15951906144619,8.20151036977768
9567,6.007002051919699,3.003219610080123
9568,18.028405437711626,9.488360095769167
9569,47.257310420274734,7.8661489854130195
9570,39.66072325594723,2.794691369672364
9571,49.41445818543434,21.44851699192077
9572,17.332554625347257,0.9880898743867874
9573,15.915798803442158,2.3542225051205605
9574,8.237277461215854,3.3460904471576214
9575,56.25116810860345,11.450524993706495
9576,13.63146224617958,1.4906566953723086
9577,5.0997790694236755,2.986322922515683
9578,18.242962324991822,7.069280999246985
9579,8.030189701123163,3.881739486241713
9580,39.11676043714397,0.75082816981012
9581,19.02694675885141,3.073847632855177
9582,11.45073654782027,2.9457235263512302
9583,58.01603736169636,14.4543261770159
9584,1.400170109467581,2.471498852915829
9585,53.72336998744868,7.714158807008062
9586,56.089429043233395,10.3133672705153
9587,14.238968841731548,4.647010404150933
9588,12.308673478662968,1.5229965866892599
9589,9.897964268922806,7.023050295189023
9590,12.711954686790705,3.7895129690878093
9591,15.287732377648354,1.637923156726174
9592,11.243709019385278,31.29375040566083
9593,14.115032834932208,6.092195997713134
9594,6.698253030888736,1.9239322000648826
9595,6.3298603147268295,4.092773501761258
9596,9.820445396471769,8.745353374630213
9597,6.125710923610313,3.6674065163824707
9598,17.875867024064064,7.461949985489355
9599,8.802804574515903,11.03922307047469
9600,25.831939701922238,12.2831715985958
9601,7.389255415648222,8.14272122766124
9602,15.344757026061416,7.070150590734556
9603,11.043093727901578,5.762462759856135
9604,12.359081327915192,2.913581570086535
9605,14.090294372843346,6.300992305390537
9606,9.126370161771774,5.807625331450254
9607,12.197660786798224,3.8565784766178695
9608,23.241380740189925,2.0612896497841575
9609,3.6378553472459316,0.5100610935951408
9610,53.71898547571618,1.1005835398100317
9611,6.862786411307752,2.0739837917499244
9612,1.7258579395711422,0.48677538946503773
9613,12.823292344808578,3.4239304941147566
9614,40.21646107081324,9.765211615944281
9615,38.22642469918355,1.9363895528949797
9616,9.597250948194414,2.570903160609305
9617,9.376397293061018,4.804181370418519
9618,20.444863464101218,8.100213012570748
9619,0.7076168306030013,1.8212463680756628
9620,5.817886411678046,3.9614672230381984
9621,8.061498891678639,1.697793577623088
9622,1.7743170578032732,1.191813226789236
9623,18.09922862658277,2.30245385580929
9624,2.629213662352413,2.124987184884958
9625,4.995454817544669,1.7288540094159544
9626,4.232681864872575,0.726246481295675
9627,10.604237426072359,0.8299619720937699
9628,3.3660990725038573,0.4940761952802859
9629,34.4244376309216,14.531274470122298
9630,1.1824435659436858,0.6430414994492821
9631,10.3711240272969,1.929709516465664
9632,14.206627768609906,6.843334892691928
9633,11.253207577392459,4.662930615711957
9634,52.70209999126382,4.036361069884151
9635,21.336912117898464,5.275058308470761
9636,61.8773227930069,1.6796554094762541
9637,66.61668881587684,2.2709881906048395
9638,51.21440932969563,24.382626556791365
9639,22.52040722966194,4.626990579068661
9640,28.591672278940678,7.261991064297035
9641,18.23107460141182,3.570807235315442
9642,21.870452269911766,4.727556833997369
9643,21.717378847301006,0.879183713812381
9644,45.90365521982312,19.298534695524722
9645,7.602799094747752,1.0157416519905382
9646,21.7630071695894,9.102525375084952
9647,12.978213522583246,2.1002744390862063
9648,5.749225448817015,1.2951129818793845
9649,32.42331039113924,1.1047954009845853
9650,38.2713423401583,1.5946824353304692
9651,9.562588810222223,0.4529874723962166
9652,25.19062352180481,3.466582616478263
9653,8.560625987360709,1.0531431938288733
9654,9.922708670143038,1.4877641221974045
9655,6.662989854812622,1.9145671762526035
9656,5.246775838837493,0.8592627609614283
9657,9.043901685625315,4.947903861757368
9658,9.383950985968113,0.6097242010274613
9659,9.514790480956435,0.833134725689888
9660,4.648820235161111,0.5133386860870814
9661,10.049752857419662,6.5387284435128095
9662,11.126620216295123,2.5651612151414156
9663,2.419903771020472,0.7713341533526545
9664,23.811742560938,2.6519081781007117
9665,25.997092969715595,5.067002895248152
9666,2.7665611528791487,1.10833076780591
9667,7.522234176751226,0.9148533194093034
9668,3.9615912120061694,0.5181107823882485
9669,35.47592646442354,9.360626133158803
9670,12.661217093467712,3.519965486600995
9671,51.720550775993615,8.445703314966522
9672,7.298600529727992,0.44594856642652303
9673,40.955890354234725,6.1243465901352465
9674,11.507435694336891,0.9482874530367553
9675,5.41195940412581,0.7030074193608016
9676,31.386392981745303,0.7019511303515173
9677,21.45993272587657,5.511362925404683
9678,6.178845816873945,1.8313366945949383
9679,5.276664824457839,0.9703069679808323
9680,26.943377815186977,7.287865441474423
9681,1.6401560860686004,1.3950422816560604
9682,20.86622412450015,3.4451815094798803
9683,9.256406591273844,2.8862164181191474
9684,2.732952605932951,0.5810125634307042
9685,14.398108184337616,2.32427279278636
9686,10.333258323548932,0.9628892334876582
9687,5.2737419224577025,0.580969603266567
9688,37.28608442470431,9.571470823371783
9689,2.8113095052035533,1.3145199846476316
9690,36.58563695149496,3.9200429130578414
9691,7.998614721717786,1.4211316987057216
9692,32.00826270785183,2.090915319044143
9693,4.933676227345131,1.4501818103017285
9694,24.277349163618055,5.991923911496997
9695,45.086357494816184,3.5195089580956846
9696,4.552721229090821,0.5747487470507622
9697,4.364130808971822,1.3513609355322842
9698,26.56021209806204,4.9158199420780875
9699,2.0414545806270326,1.0744482385925949
9700,3.5678642832208425,1.742242295295
9701,6.105943180473332,1.6211837865412235
9702,4.49537215847522,0.8592018615454435
9703,1.0443843402754283,0.3563663529785117
9704,14.038847717223689,1.2702002450823784
9705,3.048497313866392,0.3247461242135614
9706,17.261802380438894,0.7703768024221063
9707,4.716037318110466,1.3240788108378183
9708,2.0223539508879185,0.8663302150089294
9709,7.266099842265248,0.5262176747201011
9710,4.118106115027331,2.591164080426097
9711,11.308481219224632,0.6370801509183366
9712,8.641905626282096,2.262156931159552
9713,6.145193918171572,0.1862248792022001
9714,29.019291593015623,3.141522839468962
9715,29.536904515698552,3.366866357624531
9716,15.33899893623311,3.71152103036286
9717,27.199127569794655,10.549781661320594
9718,12.917274005711079,3.8680438628653064
9719,9.234370660036802,3.5542909239884466
9720,2.956929801061051,1.5730150187155232
9721,4.010902471840382,2.7732182381441817
9722,1.9293716836255044,1.3525174275855534
9723,9.77373019233346,4.222545210272074
9724,25.25214820934343,1.493452293201699
9725,31.58446143567562,2.1998167250858387
9726,6.36057297559455,3.17037295922637
9727,10.469104479183443,1.4212969464442722
9728,4.252683850412723,0.9536950134497602
9729,8.773408338427544,0.9000405378174037
9730,23.999968502670527,5.125733564142138
9731,45.45820420375094,3.676683346799109
9732,5.863639941904694,0.644874382764101
9733,12.943651079229312,4.486705414729386
9734,4.201505485922098,1.0498269196832553
9735,20.100675640627742,0.9485540217719972
9736,0.9295076764537953,2.383567376062274
9737,8.35474089133379,2.6312743392772973
9738,19.850138331297785,12.559083124026074
9739,5.277948919410846,6.21374690765515
9740,9.308902735821903,0.979057396762073
9741,1.6725964224897325,0.983624626416713
9742,3.8625451307743788,4.719494231045246
9743,8.865987888071686,5.348765453069063
9744,1.7724809087521862,1.2796789249405265
9745,3.4790652859956026,0.7201497729547555
9746,7.897316644433886,0.3363176276361628
9747,0.4818532728822902,0.8923859467613511
9748,9.201644220855087,4.087520821367434
9749,24.06566223036498,2.706971822306514
9750,33.639939656879505,17.341785293072462
9751,7.6330751231871545,0.8248933656141162
9752,15.03552714549005,0.4968592532532057
9753,5.091080566868186,0.7505086218006909
9754,22.560992283750693,5.397545160842128
9755,0.4541845442727208,0.2992545187007636
9756,2.249547492712736,0.6305850796634331
9757,12.044352352619171,5.454455686267465
9758,1.9890899494057521,0.9055276126018725
9759,15.83212298154831,1.9904166953638196
9760,5.1994427994359285,3.585101902484894
9761,4.662020606920123,2.1956839745980687
9762,29.303234547827742,7.377823670627549
9763,4.1510194548318395,0.9378188473638147
9764,2.805507699493319,0.6589736461173743
9765,2.445165273733437,1.1571997597347945
9766,10.05260888999328,3.7305316259153187
9767,1.5679064164869487,1.4851280231378041
9768,8.327845256659202,1.8023195564746857
9769,30.009497931227088,15.812505613139365
9770,3.442113169854565,0.6849054564954713
9771,1.5312241897336207,2.643219655379653
9772,3.0581176206760574,0.8448214447125793
9773,3.3913307883776724,3.9209670344134793
9774,22.588259207084775,1.40282377647236
9775,4.041313064284623,0.9741128850728273
9776,9.172492407262325,3.0773485684767365
9777,4.329498463091113,1.1786396273528226
9778,8.035497512319125,6.020259835713659
9779,10.43724738061428,2.2273745303973556
9780,29.54860808700323,8.071059957146645
9781,5.3023551694641355,2.3413086956134066
9782,1.4687198959290981,0.9072661810205318
9783,6.380596035160124,0.37740216637030244
9784,5.779169589455705,1.071805453626439
9785,2.719047436490655,0.28794401900086086
9786,4.875908945163246,2.225659809773788
9787,5.615369698032737,2.1502242106944323
9788,17.635078640887514,0.528609179367777
9789,6.722232162952423,5.593823951669037
9790,3.9782531168311834,2.4148199891205877
9791,2.0087179616093636,1.6574960776488297
9792,3.8802429775241762,2.82234535185853
9793,3.2299206256866455,2.565628470852971
9794,4.175671522971243,4.6924747815101
9795,4.304725935682654,3.2618298195302486
9796,29.710653541609645,1.9587086486862972
9797,1.2694791967514902,1.540951100323582
9798,20.61886099493131,10.383200806099921
9799,3.1147365607321262,0.7029714028485614
9800,1.8420041422359645,0.7273848081822507
9801,14.833498358726501,7.9012197852134705
9802,12.723716277279891,5.167084167478606
9803,3.5370973432436585,2.173272928223014
9804,2.053940331679769,0.9827704853378236
9805,14.450756158679724,0.6021097617631312
9806,19.085376657545567,2.119064733153209
9807,10.959259300492704,2.7610863083973527
9808,29.50408543087542,5.742036542855203
9809,4.248634977499023,1.5510438936762512
9810,0.7470550039361115,1.0427210597554222
9811,4.949472773820162,1.119356187293306
9812,16.143508074223064,8.004277531057596
9813,34.43109542597085,4.0454722456634045
9814,2.1441219188272953,1.6021355991251767
9815,14.224553287960589,7.057758062612265
9816,12.832671617623419,2.244223542511463
9817,24.01981795579195,7.7666329480853165
9818,46.22013244254049,9.891684460337274
9819,5.9669579938054085,1.6142411618639017
9820,8.550252381712198,3.367799857049249
9821,25.413682675454766,4.103074882761575
9822,12.924752861261368,9.279412753880024
9823,19.208621438592672,5.689939009025693
9824,5.804713354631531,3.008781767450273
9825,3.4744783863425255,7.281541718170047
9826,3.1583863887935877,1.1239423698344808
9827,2.817137692356482,0.5761299634032184
9828,5.533932058606297,6.243703277024906
9829,8.445109236985445,0.8651641749311239
9830,20.923796134120494,2.031531186075881
9831,3.066108226776123,0.5226915429811925
9832,10.042293581180274,1.8407527788658626
9833,5.167934964410961,1.4677856858324958
9834,32.869064005091786,8.209155682474375
9835,7.618288020661566,9.336956195258608
9836,0.7617844485212117,0.9431320503354073
9837,2.172362805198645,1.3839790814672597
9838,23.962122350931168,8.334139097509365
9839,20.273856058716774,12.709523126482964
9840,64.60776539519429,35.30010359734297
9841,4.924115464848001,2.295568859670311
9842,24.08602382428944,2.957465344450611
9843,7.61315950518474,4.39311212861503
9844,4.81848476048981,3.6517970431305002
9845,5.0449240412563086,4.246171673653436
9846,4.97224749418092,2.4133660313673317
9847,27.366286863107234,10.607054597930983
9848,1.6521257013082504,0.5271093770898005
9849,5.197325355402427,2.3596904970763717
9850,23.73952703177929,1.6866452067624778
9851,1.2555830741184764,0.8612041927408427
9852,9.654131679213606,1.807001250097528
9853,13.336274519562721,7.254096109303646
9854,7.9248049038869794,5.541193409037078
9855,21.066544964909554,8.85830919072032
9856,1.6858595893718302,1.616354413330555
9857,13.632300751749426,13.951389508423745
9858,29.17520404420793,7.916773950273637
9859,6.289135049795732,2.8409542330773547
9860,18.758968656882644,7.693991349689895
9861,8.33168651163578,4.177231023553759
9862,14.303845519199967,46.5046775873634
9863,1.516427912923973,1.577015281887725
9864,10.284573311477288,0.7885785273974761
9865,17.54160703672096,11.323659567857248
9866,2.620457945158705,2.1408263444900513
9867,9.579871732741594,0.8994531779985664
9868,1.3254192881286144,0.6674323361366987
9869,19.78670066036284,2.315541395917535
9870,7.42979284725152,1.3599224099889398
9871,3.5614433893933892,0.42193045117892325
9872,9.533161908202601,1.7589560513588367
9873,2.902700690785423,1.1124279338255292
9874,2.2672771089710295,0.433978452172596
9875,1.6919042943045497,0.4355480377562344
9876,3.488706116331741,0.9183733814279549
9877,12.919558109353602,1.4056813562492607
9878,2.722684981301427,1.4489919063648813
9879,7.638509422540665,5.513181425514631
9880,0.7900759582407773,1.3113680901005864
9881,1.2423638829495758,0.43586846662219614
9882,21.025132019771263,4.871139182941988
9883,5.143340262817219,1.3592088730074465
9884,4.890764070209116,0.4967849572421983
9885,1.962830911099445,0.2933946166886017
9886,16.42293590400368,1.8353861676878296
9887,6.849453476403141,1.7349760369979776
9888,14.64861524112348,3.345447987318039
9889,7.685908034443855,3.1271422875997814
9890,16.661341507919133,1.8722903671769018
9891,12.67415339499712,6.481499792687828
9892,3.5355452839285135,1.1669186493381858
9893,6.047558507882059,1.4759705935430247
9894,9.457230562344193,1.5436611339973751
9895,3.1280896654352546,0.4837944501778111
9896,3.675404620677,4.550158440135419
9897,15.800119186496431,1.567952767771203
9898,3.243826773017645,1.0794720482081175
9899,26.40115242637694,6.356798707041889
9900,35.61319558881223,7.31670830026269
9901,6.497468210756779,4.850025365673446
9902,11.846561040263623,2.174680001568049
9903,2.0742147272176226,2.4994538528844714
9904,5.827854970470071,7.125618802383542
9905,3.930998422205448,2.4288947144523263
9906,0.7280850724782795,1.6121440953100148
9907,3.811070351381204,2.2131109130568802
9908,18.600450405851007,2.0155228805961087
9909,16.180860348627903,3.6727834632620215
9910,3.4150936510413885,2.498505424708128
9911,17.411161742405966,6.307753084591241
9912,3.205629477277398,0.3491623845839058
9913,3.569581115618348,2.797229331918061
9914,0.7100973000342492,1.8634848706424236
9915,19.01041705906391,2.6185215628356673
9916,3.270237050310243,3.9511734859261196
9917,6.44335693330504,5.881731011788361
9918,2.7527282053561066,3.3933134377002716
9919,4.355428530136123,5.348227764945477
9920,1.072817399573978,1.3510179808363318
9921,19.320595831316496,7.340758953243494
9922,23.33990655792877,12.454824066255242
9923,15.550955809056177,3.197783321957104
9924,11.490910208463902,5.967471478783409
9925,1.9049749430269003,2.3102600765414536
9926,19.705887403339148,1.840874288114719
9927,10.8675354400184,7.98215339705348
9928,2.1928969938308,2.442283894022694
9929,1.6633641637163237,0.9818092384375632
9930,6.572729230858386,2.0394965894520283
9931,2.674977877177298,1.0085886791348457
9932,6.932572312653065,3.538382756523788
9933,9.339349464240513,1.531839411938563
9934,2.6208163611590862,0.8500308580987621
9935,13.50197890563868,2.5234856056049466
9936,2.47091370743874,0.8396408292464912
9937,14.60540533810854,8.412030521780252
9938,4.794747321866453,2.3305767439305782
9939,5.316386329010129,3.9751331643856247
9940,22.719528104906203,10.266966274008155
9941,12.163770772051066,7.19704485105467
9942,5.116094874218106,2.3209691854426637
9943,4.790556700900197,6.566753143211827
9944,4.05731382034719,2.018537998199463
9945,2.273829238722101,0.6226787406181984
9946,4.129236409440637,1.539733280427754
9947,12.192643700167537,4.353345493706001
9948,11.830160353332758,2.4613978106644936
9949,18.492627343162894,0.6475528755981941
9950,25.532665103673935,6.928126960940972
9951,20.043407082557678,9.306356206008786
9952,20.1809036888194,2.3860828765755286
9953,9.390455490894965,4.666059877636144
9954,18.288480807823362,3.3624017405090854
9955,11.933095508720726,1.8004013528116047
9956,22.11379883649363,11.735386229265714
9957,2.578443158767186,1.8459431146038696
9958,5.346230201423168,1.01432959549129
9959,5.45361256133765,0.785500125028193
9960,3.6386355701833963,1.7565759155937783
9961,14.873492954764515,2.707784243668357
9962,21.743556328117847,2.440700016915798
9963,3.1762884711206425,0.5505418775264843
9964,5.0983193926513195,3.131387245375663
9965,7.5733259823173285,1.9929278856143355
9966,1.2786167793674394,2.135347332805395
9967,3.5733165368437767,0.8144825526196655
9968,31.823405518429354,2.9649925967678428
9969,0.8647673685700283,0.6472645775647834
9970,30.06463822977821,0.9494384011504735
9971,3.252917514415458,3.486650932871271
9972,2.3283988311886787,1.5198358425404876
9973,9.360143983736634,1.3590121339075267
9974,0.9302332075312734,0.7076104286825284
9975,2.303125260397792,2.014024610944034
9976,4.142223712988198,2.1250721313990653
9977,1.2165897335362388,1.3112481861608103
9978,2.514570531435311,0.9762179786339402
9979,4.0299601149745286,1.1990199203137308
9980,6.1073108818382025,0.6927569541148841
9981,1.5188071383163333,0.58969793611368
9982,6.710592119023204,8.036437045608182
9983,1.7778276234748773,1.435033880698029
9984,3.9823233131319284,1.4238085467368364
9985,42.78392456937581,2.171054665930569
9986,2.498716725036502,1.5960112386383116
9987,7.228086827439256,2.969620754949574
9988,6.638273804448545,4.562678937043529
9989,1.1956356258015148,0.647372592240572
9990,15.015956598101184,1.7914904691278934
9991,5.969527341017965,0.4301580786705017
9992,2.6185180711909197,0.2767632260292885
9993,26.88374385552015,0.40277244812750723
9994,5.651111453771591,1.3307783021591604
9995,31.870139920152724,2.243671568843183
9996,37.762713422998786,12.822325649205595
9997,10.903355412650853,7.618324913084507
9998,38.927639052737504,4.038687695749104
9999,1.8394774056505412,1.7144049440976232
10000,5.9917249014251865,4.1565978868165985
10001,3.1580111866351217,0.9170248336158693
10002,3.7697085216641426,1.4048441643244587
10003,6.930405426304787,0.6563058826141059
10004,3.399921715259552,20.842086432268843
10005,12.20047992025502,6.579729516284715
10006,19.078321621753275,4.79779115319252
10007,3.2164852414280176,1.7196955438703299
10008,5.6775833517313,2.6877701333723962
10009,5.393724687603026,0.7147454060614109
10010,7.401551803573966,0.6233384615916293
10011,27.01218993542716,7.112683276645839
10012,29.312897680327296,6.7743700772407465
10013,7.205552031286061,1.960907242846588
10014,5.9664236145745235,1.2180715398862958
10015,6.217358196154237,0.39391960244392976
10016,32.608404579543276,0.23143494958640076
10017,7.263459948822856,0.781174632080365
10018,3.4239443846745417,0.9531891604419798
10019,3.4755346411839128,2.019264657050371
10020,1.216278370382497,1.1274881194112822
10021,3.1083440352231264,1.0193196571490262
10022,0.9380474910140038,1.8028098149661673
10023,4.677973933386966,1.1081498351413757
10024,11.685637964721536,2.117381973657757
10025,3.2922376324640936,1.4002748327329755
10026,23.293614637106657,10.670640049211215
10027,6.165519329893868,5.2260999555001035
10028,2.2137706223875284,1.7331077419221401
10029,3.100217793136835,0.29749490945687285
10030,3.5801801848283503,2.7155788690433837
10031,1.2334218412288465,0.506405373394955
10032,48.91458314983174,0.6335769891738892
10033,15.32335449848324,4.905166403383191
10034,3.999389734817669,0.8609994883008767
10035,13.156761196441948,4.316911734640598
10036,10.283409472554922,2.153517264581751
10037,1.5456280233338475,3.134340446209535
10038,6.320923998951912,1.6231267341645434
10039,30.373884176835418,6.664651316124946
10040,2.2354980015661567,1.3997248746454716
10041,3.542514445085544,0.36407974851317704
10042,9.078318562543245,1.733752076048404
10043,68.06304746866226,12.334223546495195
10044,45.36140314550721,0.9338485351909185
10045,5.0182422627694905,1.234892852138728
10046,17.957191238179803,1.6908682867506286
10047,3.3012455999851227,2.033737115561962
10048,1.9996028691530228,0.39658865111414343
10049,7.594812300056219,2.0335611710324883
10050,17.312062435317785,0.7179553919704631
10051,3.318698944640346,0.7522365711629391
10052,45.19204431088292,0.7607677334453911
10053,7.873425342142582,0.18286874660043395
10054,1.419204773468664,0.7176982224918902
10055,25.599528392514912,5.237990447101765
10056,11.036869377829134,1.2295027889776975
10057,2.187785154987978,0.5005579350981861
10058,0.9136168630793691,1.6612907391408953
10059,0.5152379386126995,0.34256018890300766
10060,2.502485878765583,1.7159845996648073
10061,6.525208128412487,6.369156572633074
10062,5.345020623397431,1.5556046784622595
10063,0.9828729897435551,0.6552073516068049
10064,15.3712943711148,0.4575201610568911
10065,7.659852308337577,1.303181478921033
10066,2.9201321293221554,2.6508872907143086
10067,1.6451463178964332,2.141756614204496
10068,26.660627715289593,7.119485036935657
10069,14.514576144516468,7.907842845655978
10070,7.1126264706254005,1.676407785154879
10071,39.691745491698384,4.444331758073531
10072,3.9906969680450857,1.0676152824162273
10073,10.145270529668778,1.020865191356279
10074,9.792598584666848,4.0734769038972445
10075,3.9922545235604048,0.40824954281561077
10076,29.440345469862223,4.317036957480013
10077,54.215695730410516,4.5933313220739365
10078,3.916302841156721,1.709114144090563
10079,8.405285032466054,3.06189129158156
10080,7.373864412307739,1.4172086066100746
10081,20.795221670530736,7.775387715504621
10082,3.309954840777209,1.286066688131541
10083,8.533425650559366,1.6919617587700486
10084,2.3901579358789604,1.254046202644986
10085,44.210299699435836,5.07464336999692
10086,3.326728233441827,1.8034953423775733
10087,6.471235133387381,2.2871102903718565
10088,9.435981388669461,4.308740117180719
10089,3.407658964428265,2.2635198428761214
10090,34.89819182269275,10.100936824455857
10091,10.86483165906975,4.163026532711228
10092,73.1973841367153,12.26175426878035
10093,2.8790156580507755,1.5071765461470932
10094,11.20544122159481,0.5173073478508741
10095,98.52540567635879,28.990673568987404
10096,33.47612796688918,3.3908191062510014
10097,17.200376257300377,1.151092869695276
10098,13.583585151471198,5.339397934265435
10099,24.660248772706836,4.662573965382762
10100,35.3083595215121,1.7252201060127845
10101,15.736074527085293,2.82108211517334
10102,0.2746070170542225,1.8454687446064781
10103,5.07709259231342,0.49171927955467254
10104,42.898357772734016,1.2769415460061282
10105,1.464126780629158,0.6433097664266825
10106,50.63763762987219,3.139150505885482
10107,0.7935898061841726,0.4853601325303316
10108,15.111774076707661,1.259875831194222
10109,7.408288332633674,0.769961922429502
10110,4.745008507743478,2.1813168943626806
10111,6.136902185971849,1.2640317156910896
10112,4.352591456845403,1.4649551939219236
10113,4.844357490539551,1.2625635108415736
10114,3.1809932477772236,2.7950352146290243
10115,2.520504429936409,0.7244792724959552
10116,8.461373841996647,3.9646045193076134
10117,11.319466359899252,2.61366999684833
10118,1.1646781238960102,0.2003264840968768
10119,2.1007654280401766,1.6554904364747927
10120,1.850168950855732,1.0632921978831291
10121,2.984649484977126,0.6995625641429797
10122,3.9698593728244305,2.93761299084872
10123,5.498625222127885,1.317957822318931
10124,26.452431410958525,1.2178570152027532
10125,4.455018240958452,1.1609363816678524
10126,4.3670723317191005,2.5383665076224133
10127,67.39903015410528,28.481837873419863
10128,14.407693709712476,5.036789781595871
10129,3.7537550604029093,5.043159460390598
10130,11.756780061870813,2.9966080945087015
10131,10.630233596610196,1.4991053845733404
10132,12.690182155231014,5.33969984203577
10133,11.460802582092583,2.401226236834191
10134,46.60536369722104,22.20523242233321
10135,11.24576361477375,0.9422840009210631
10136,7.41306558996439,1.1361189894378185
10137,4.352190702222288,5.9234385036397725
10138,3.919440616387874,9.160597851732746
10139,3.288100286037661,14.486192725598812
10140,16.49322576121267,21.07599111495074
10141,22.516308477148414,19.465156482881866
10142,39.25329742580652,18.312436943117063
10143,4.880158373519407,1.0994311075191945
10144,3.545074174180627,0.8403229699470103
10145,23.484172709286213,2.705853655235842
10146,1.6498809390468523,1.7219160224776715
10147,2.2843690253794193,2.2657027250970714
10148,40.791491109877825,16.319712408818305
10149,2.630904691759497,0.981107309111394
10150,4.178817756263015,2.209377226419747
10151,4.800325553864241,2.366888551739976
10152,26.6863012900576,8.266983964596875
10153,3.988614797592163,1.602525727575994
10154,8.588117390871048,1.5440508712199517
10155,3.679553050547838,1.9389562611468136
10156,10.36912501975894,3.4118393659591675
10157,1.9892704318117467,1.0058455761172809
10158,5.341131874956773,1.4296285854652524
10159,3.960140557959676,2.8410870018415153
10160,3.8850818442879245,0.6688104784552706
10161,2.633652614429593,2.0991327231749892
10162,6.043496944010258,0.7910587718361057
10163,10.762008236721158,3.4073748560622334
10164,4.945961136836559,1.2047667785082012
10165,4.94823994487524,0.789385418407619
10166,9.852060087025166,2.4449511719867587
10167,7.281447794288397,1.0613449588418007
10168,11.94405074070528,6.083817319944501
10169,12.97835504473187,3.4327877733157948
10170,11.482633228821214,4.383011019570404
10171,10.029440615326166,1.335351720394101
10172,32.226248528808355,5.378036181849893
10173,1.8266863350290805,1.0673019110108726
10174,25.909889467060566,2.7853277478716336
10175,1.329256131684815,1.9262285197619349
10176,2.4822871044743806,0.34884553763549775
10177,32.77303369248693,0.645160937376204
10178,9.684062716551125,1.3977990453131497
10179,32.225008686305955,4.926536593853598
10180,16.732278745035728,2.4512358123029117
10181,8.73950084396347,1.8824988703709096
10182,5.573792467359453,1.6853675403144734
10183,7.415436604060233,1.3912512545939535
10184,68.09512736630859,23.77934128884226
10185,2.2095136297284625,2.6020361236296594
10186,27.478367461670132,1.6231215668667573
10187,10.573945360491052,6.556910770355898
10188,2.180048843845725,1.0155800736392848
10189,0.8601082562236115,1.7189858919009566
10190,31.852528260089457,0.9194796634837985
10191,25.615951047601925,23.743852979603616
10192,4.164240176789463,0.905319150944706
10193,2.613539812620729,0.9173867131466977
10194,27.607173994299956,0.38418915648799157
10195,9.89465215220116,0.4146085158281494
10196,6.926650302876624,2.1537263356149197
10197,5.927643382921815,1.2004167208942818
10198,14.664822902530432,3.8971580173820257
10199,0.842854970600456,1.585347785236081
10200,15.740395386703312,1.863202542939689
10201,2.243740531965159,0.6781972480530385
10202,39.82927473192103,26.88958187540993
10203,3.5735988933593035,2.754134302958846
10204,5.6252357717603445,4.643044505981379
10205,4.605320858274354,0.6498565655201674
10206,5.330004362826003,2.3369548542605116
10207,17.383451097179204,9.536364533007145
10208,15.657221340457909,6.503915085922927
10209,4.2392931138165295,3.080837331197472
10210,6.668580302968621,2.672806814312935
10211,9.53861947768064,0.3614504676297656
10212,1.3657026032742579,0.2656622790163965
10213,11.56181856081821,2.339500115192095
10214,2.6201233337342273,0.25622868636855856
10215,7.863290881272405,5.52881902558147
10216,11.122056590858847,15.115959036629647
10217,2.617560587124899,2.088841099990532
10218,6.334638835629448,3.2384693808853626
10219,8.748430758714676,7.9957753187045455
10220,23.47866153717041,1.641382333706133
10221,15.78497689217329,13.200683436356485
10222,44.504230826263665,10.9877521651797
10223,0.5149115887470543,1.2491770135238767
10224,3.6424194322898984,1.2625436068410636
10225,6.673969756811857,2.5283619603142142
10226,13.046182872960344,1.8666322262142785
10227,9.153328999353107,1.3765491148806177
10228,47.05058062233729,5.04007375985384
10229,11.248509772587568,26.0797167486744
10230,4.399326230399311,8.45601227413863
10231,4.56909691914916,2.9807229158468544
10232,4.300130974268541,5.456814700446557
10233,8.002882626838982,4.0429299008101225
10234,17.99364449828863,4.677188720786944
10235,8.903418022702681,4.629569038050249
10236,6.212001197316567,1.5500087020918727
10237,73.48626681005408,35.301132537890226
10238,7.837161455536261,1.4001864749006927
10239,5.658653468766715,4.125922940649616
10240,20.44311117148027,5.5465885465964675
10241,32.495852634776384,12.372807819687296
10242,50.32819362712689,0.5296410911832936
10243,25.703639913961524,0.8493981145002181
10244,13.356873388169333,2.2294923653826118
10245,23.91367507725954,3.8445476666092873
10246,8.512232205132023,1.6255725629162043
10247,58.66761423801654,7.140825422480702
10248,7.751630283892155,0.23602985334582627
10249,8.675531283020973,3.205162379425019
10250,2.2870720364153385,1.5825950596481562
10251,32.74157789722085,5.625229672106798
10252,5.3108793050050735,3.6782294349977747
10253,27.559876188635826,6.971914500929415
10254,56.02783353521954,1.929778122343123
10255,17.106199422152713,7.302906790398993
10256,2.811159043572843,3.5473975083996265
10257,11.492501789703965,3.0794701868726406
10258,4.9220791310071945,1.458861450864788
10259,11.982905270298943,2.7676635126699694
10260,4.85150858387351,2.784119949385058
10261,6.6822707868414,1.242272475734353
10262,20.722908309660852,1.5458012868184596
10263,70.42716868279967,11.203180501513998
10264,7.356183391064405,1.4711848237930099
10265,48.55046641593799,22.231616557808593
10266,15.218227723962627,10.198753718286753
10267,26.336453393101692,5.003447018563747
10268,4.777543005067855,3.50259024836123
10269,25.908934260718524,3.3543508360307897
10270,2.0154080351348966,2.544836439192295
10271,53.145171221578494,10.080552677623928
10272,4.867174784652889,1.0019903721986338
10273,7.17026947488921,2.117926323786378
10274,4.152012687176466,3.985127504914999
10275,37.92481990996748,9.951557185151614
10276,25.169875839725137,6.344176803075243
10277,2.4796421402134,1.6867424491792917
10278,0.37701513106003404,0.28336071711964905
10279,6.121949583553942,1.2704975202213973
10280,7.941200357396156,7.703684465144761
10281,4.744409576524049,2.226637509185821
10282,4.006557267159224,1.2693761915434152
10283,2.5828289641067386,2.5609565603881492
10284,3.3260642755776644,0.5171788324369118
10285,3.44113217049744,2.3401004881598055
10286,9.741288151592016,0.8947906746179797
10287,5.319658192340285,6.5638030774425715
10288,5.87977584451437,3.5113009829074144
10289,20.80861956998706,5.526392823085189
10290,5.3651416739448905,1.9580314328486566
10291,29.783080991357565,1.6243854463100433
10292,29.56371613452211,15.995831940555945
10293,7.502840961460606,3.072291429794859
10294,9.597279145182256,4.191874236450531
10295,3.526074154302478,4.253638917347416
10296,12.195125564932823,3.5458436594344676
10297,6.947429534047842,1.5146334458258934
10298,12.939577590674162,8.908684662543237
10299,32.962315356358886,2.6164790615439415
10300,5.458970219711773,3.3738800566643476
10301,16.51503872871399,2.8265434797431226
10302,31.183812394738197,10.9151173629798
10303,30.2109618873219,2.212309760390781
10304,8.694755471777171,1.780648808227852
10305,5.124376117557659,1.081490330863744
10306,25.23646399192512,3.3364130333065987
10307,6.219730499666184,0.5501346195233054
10308,5.698476465186104,3.6915624300017953
10309,0.5746175343665527,3.9710339850280434
10310,5.8011929132044315,4.879722071811557
10311,10.002274978905916,6.831908986932831
10312,11.588936377316713,9.402242463082075
10313,7.505120504763909,1.8509114886401221
10314,2.3342802235856652,3.0975351319648325
10315,20.032126552425325,7.140453004234587
10316,19.67093346826732,9.730073283659294
10317,1.5458457954227924,2.0704822287661955
10318,10.734514511423185,5.799700460396707
10319,5.506722410907969,3.5794921182096004
10320,3.358347720466554,2.6312582823447883
10321,14.98457684693858,5.743655628059059
10322,6.146122425794601,1.5970358131453395
10323,16.87881123565603,9.076372064650059
10324,1.22810000563004,1.9691864175256342
10325,9.221796758822165,5.322143129882534
10326,7.250041215447709,8.011029366170987
10327,4.269314792007208,4.709271905943751
10328,10.830445237632375,5.490565067157149
10329,7.890185485593975,4.3131397711113095
10330,18.50015100836754,1.7057036594487727
10331,29.395265731960535,9.670081631105859
10332,7.67329141125083,9.83122638813802
10333,1.8130834810435772,1.4428099105134606
10334,2.6315718442201614,7.62470053974539
10335,6.710400834679604,1.277512694010511
10336,7.999310058541596,1.2277321107685566
10337,9.713182926177979,6.4426691920962185
10338,3.1864046091213822,3.5867081666365266
10339,2.586018356552813,2.3142941086553037
10340,2.1518236444098875,4.761628774751443
10341,1.4686541007831693,0.622698870167369
10342,18.512954467907548,2.9478331328136846
10343,12.774891632318031,6.398496682755649
10344,17.020434673472664,0.9550115558377001
10345,2.273919764207676,1.499547515064478
10346,5.499054837971926,1.2565168542787433
10347,8.784461136907339,1.6983330320072128
10348,21.491576601052657,11.303806686773896
10349,2.399644325603731,3.6629228247329593
10350,9.088317063055001,8.225410633836873
10351,0.8474901847075671,1.589460714138113
10352,1.0439473048609216,0.9678209612611681
10353,3.6467165849462617,2.6474393531680107
10354,13.627607854781672,1.0246652934001759
10355,4.101282419491326,2.836104918271303
10356,7.566924236249179,0.6552301249466836
10357,8.894777732435614,5.825610330095515
10358,17.94246177255991,8.22450191527605
10359,8.050491810892709,5.1570855136960745
10360,2.101966689690016,1.435271275928244
10361,3.5022798907230026,1.7484257583273575
10362,2.9007571572437882,7.480558646959253
10363,3.371367439016467,3.6010447492590174
10364,4.58423151448369,3.0065191134344786
10365,13.03318858682178,5.606524434871972
10366,1.6540116053074598,0.6967767627991179
10367,2.2290600881678984,1.34477558726212
10368,9.310907449631486,8.892837516788859
10369,8.697211382212117,2.8283869484439492
10370,7.128669781377539,6.377451153355651
10371,2.411021266871785,1.2696116089937277
10372,0.6060539861500729,0.22413833532482386
10373,5.408482959493995,2.5283145748544484
10374,3.623109169770032,3.1560987933735305
10375,4.657289309427142,2.921632318291813
10376,2.6382898297160864,4.483542401343584
10377,15.87716890883894,10.643003146047704
10378,8.372916576681746,0.6325862368685193
10379,1.300224928658281,0.9835123108159678
10380,20.51874898839742,6.552657496766187
10381,7.09691857800135,2.5544210099615157
10382,0.20923219203177723,0.3076747103004891
10383,5.786617501791625,2.6244042700272985
10384,2.3029622181602463,1.462070748442784
10385,1.0823357487097383,1.5399604383856058
10386,1.1505149099975824,1.409744421747746
10387,2.712753891129978,1.6789355121586595
10388,2.2938813257496804,2.0610406794876326
10389,4.4093141942285,7.548827178121428
10390,1.9619543554726988,0.6376117435283959
10391,3.0925044622272253,2.3189305728301406
10392,14.660975344747271,4.742157859378494
10393,2.56961123754445,2.714799527762807
10394,6.652495697140694,6.623360927565955
10395,7.205871588201262,4.248737082000844
10396,12.384381460069562,1.0354345943778753
10397,2.3635231922671665,0.6749850296764635
10398,4.982308660401031,0.3877628752961755
10399,8.186164466664195,5.354053794406354
10400,29.07286475552246,21.703214885803504
10401,2.201673780731653,4.84679287718609
10402,13.105573475113488,9.39644417585805
10403,8.848424308001995,10.451989947352558
10404,10.249982880428433,5.726956491358578
10405,4.488096723668605,2.0106825526163448
10406,22.093577436171472,14.546510106738424
10407,13.245048170501832,13.548851154919248
10408,6.271178967348533,6.252842502624844
10409,15.634201661450788,8.994387806160375
10410,2.4168255164840957,4.342298492323607
10411,2.8590011662454344,2.995629178825766
10412,6.222047665854916,9.007566580548882
10413,27.9999114748789,16.812222542706877
10414,3.3275097764562815,5.074968285480281
10415,2.3298819358460605,6.518540145625593
10416,40.15165571938269,11.519636606797576
10417,2.8969506891444325,7.454474947910057
10418,12.359487767898827,16.660959252534667
10419,4.725515188431018,2.9115345776081085
10420,9.373683259822428,5.655231589451432
10421,17.889042322523892,9.094865011284128
10422,9.149458587316985,2.4022330415900797
10423,4.555655151605606,1.6235588866984472
10424,4.206039406300988,1.4938363060355186
10425,7.371705209397987,2.6732827968662605
10426,5.3084774212911725,3.4546263916417956
10427,18.613444359783898,2.304358090750611
10428,4.960573934018612,2.0625608123262964
10429,3.781816148199141,0.6502303467132151
10430,1.46367069085386,0.8271157331764698
10431,18.58404384505411,4.2013173119485145
10432,52.422282421495765,33.22937741642818
10433,3.3608644635532983,4.076893816527445
10434,20.303486973512918,12.517834576545283
10435,14.104018159210682,15.403028802357085
10436,8.662782996892929,3.9009676920395577
10437,0.6603049095501774,4.106684820377268
10438,6.428811129182577,14.449958716053516
10439,2.5374215468764305,4.506325546652079
10440,22.23484554886818,3.0530946611470426
10441,2.646797846071422,2.6542652351781726
10442,18.06640256335959,4.579432872356847
10443,4.232886819168925,2.089319311431609
10444,0.8138156539062038,1.676147638587281
10445,8.311143850907683,14.85341720818542
10446,1.5723074991255999,2.8168455632403493
10447,0.6953815622255206,2.1984830042056274
10448,2.8181264717131853,1.8144068139081355
10449,0.8952044285833836,1.1484854947775602
10450,18.599536815207102,1.8238514366094023
10451,23.304490519687533,3.3331578198703937
10452,23.519066663924605,3.843494437431218
10453,5.6972439512610435,6.360042133717798
10454,5.352022854145616,4.585769391153008
10455,7.711535586044192,9.002879153937101
10456,1.8303740823466796,7.160173493437469
10457,13.600126838398864,8.405818107316009
10458,4.923435278236866,3.911797599081183
10459,2.5105673024336284,1.792871878715232
10460,0.7864741431549191,2.225930569693446
10461,7.376211183611304,6.269649957073852
10462,10.052433487027884,1.0267460457980633
10463,6.118938591796905,0.9271714612987125
10464,1.073546084575355,2.675557650742121
10465,3.5438610499259084,8.958399757742882
10466,21.78776355660375,17.284122184617445
10467,14.76418981423194,2.4961157217621803
10468,8.926542678149417,4.930544823408127
10469,2.789002870369586,1.2703306766379683
10470,4.285841930017341,1.3370007107732818
10471,0.7752786375349388,0.9120972687378526
10472,23.69155955594033,8.425408608745784
10473,14.934352621436119,11.881670446135104
10474,10.112084720283747,5.0854679641197436
10475,4.585695185698569,1.5416516587138176
10476,2.5955120832659304,2.1651277039200068
10477,5.172473981860094,1.1747472468268825
10478,4.010493575013243,4.22983457276132
10479,4.769555930513889,1.4320313743082806
10480,12.085054155439138,3.2300678531173617
10481,34.865681576542556,25.786208831123076
10482,2.845756637312661,1.6080170660279691
10483,6.129090022295713,2.9037798698991537
10484,5.599513829685748,1.935785225359723
10485,26.01389291859232,1.0884055215865374
10486,13.448682537484274,7.655800952576101
10487,2.585503961890936,1.772507135021442
10488,4.7609982350841165,4.233245002105832
10489,5.827973131090403,0.5803668940789066
10490,5.0585682520177215,2.9931166775131715
10491,10.420801222324371,5.005335383117199
10492,36.15630825608969,18.421063421049553
10493,6.644930118927732,3.6979808867617976
10494,30.782039728481323,17.6631233189255
10495,4.233344789594412,1.5909102855948731
10496,5.10028781555593,1.4482900276780128
10497,7.1019302904605865,3.2790587209165096
10498,9.232706625713035,4.373650306835771
10499,5.1234272450674325,1.2843350007751724
10500,2.3260768819600344,0.48835813692289776
10501,5.7489709332585335,2.055487597361207
10502,10.397264819184784,0.4647890388732776
10503,12.699888110160828,1.6536425819504075
10504,6.3654938116669655,3.31654314417392
10505,2.844246795400977,0.7384468693544477
10506,11.197029300034046,2.2333046450512484
10507,17.752341689541936,1.7069995746714994
10508,41.70922995824367,8.033497964497656
10509,4.192508157342672,0.41799571248702705
10510,13.010156251490116,2.6251964000048247
10511,32.11630323342979,10.783829981824965
10512,7.941100209252909,0.8036278717627283
10513,17.624106764793396,3.212409580941312
10514,19.83637395920232,1.3909986231010407
10515,17.062535599339753,9.541173602454364
10516,41.23544640513137,1.9596511165145785
10517,23.206505398993613,6.336093388497829
10518,9.387419417500496,1.2828441739547998
10519,13.794236840680242,2.251795367221348
10520,8.364383400417864,0.37653546097863
10521,7.595802174415439,0.9322204494274047
10522,6.6612650863826275,3.4369984343647957
10523,6.623769093072042,2.353726908905628
10524,2.433361694216728,0.6887523266197491
10525,9.259384669363499,1.3852734526153654
10526,37.978871748782694,1.183326970320195
10527,28.989730494678952,1.507468743249774
10528,23.620999939739704,20.13098776852712
10529,22.30030786601128,9.54960180685157
10530,4.690315760672092,1.0836011194624007
10531,5.40197378146695,0.9724842123687267
10532,3.824506952361844,1.0195762156508863
10533,10.328016225248575,0.9605586747638881
10534,13.97655862569809,0.240221275438671
10535,13.311462666257285,1.3280944870784879
10536,3.5327426875010133,1.7682683804596309
10537,13.24157565832138,1.4473176125902683
10538,3.45402879267931,1.5126542704019812
10539,16.50750473467633,1.2722075484634843
10540,4.535226123407483,1.4149482088978402
10541,1.365604653954506,0.5564563419029582
10542,5.715965540992329,1.3568073974306571
10543,14.00787285837987,3.4081908742264204
10544,9.812543348409235,5.482758342521265
10545,10.056919964466942,3.6423904761613812
10546,7.542810326383915,1.6477759527624585
10547,22.471325673162937,2.3433920866809785
10548,25.518547236919403,12.164543744787807
10549,11.585084535181522,0.6310214381664991
10550,13.644182059448212,3.211259987205267
10551,11.117274878546596,1.7844369816593826
10552,3.629619196522981,1.1528745972027536
10553,9.11642294563353,0.4217273141257465
10554,6.6200616198020725,2.0660926940618083
10555,13.646931748837233,7.784947510110214
10556,11.767358195967972,2.6968549304438056
10557,2.0790489749633707,2.2721196049824357
10558,3.830955781042576,1.6106330500915647
10559,15.540167327970266,4.915648478454386
10560,19.10782141983509,2.5375351551920176
10561,16.306416392326355,1.2447260050103068
10562,8.73806468048133,3.0908152825941215
10563,1.3678010362491477,0.3000430503989264
10564,0.9387649919372052,1.7588113299570978
10565,4.003850670531392,1.8524033334106207
10566,29.349151230417192,2.7016830649226904
10567,3.9560965697746724,1.4204132594168186
10568,16.129883302375674,1.1064373245462775
10569,10.810717678745277,2.641622927651042
10570,20.111432243371382,1.344819814665243
10571,7.886485718656331,1.0642134704539785
10572,10.16971056908369,4.8306016330661805
10573,13.401843720814213,13.208156516076997
10574,16.93918341398239,7.962700153701007
10575,22.29288238286972,7.4511298830620944
10576,2.247631722837582,1.2988494058517972
10577,11.695011609699577,1.7275353809818625
10578,21.770015619928017,1.4812050535110757
10579,7.420171830570325,2.909996306989342
10580,15.145462683867663,2.9682191500323825
10581,7.208919120952487,1.618957320577465
10582,4.373110352084041,0.6012014233274385
10583,16.233238690532744,10.620831533247838
10584,7.449435785412788,2.4974435716867447
10585,4.130718898493797,0.5317633338272572
10586,16.29786241799593,11.841093708848348
10587,1.4308976247593819,2.0504781039181808
10588,28.884433549828827,2.5854602749459445
10589,9.862312712706625,6.055185824923683
10590,17.45144814066589,15.166199667262845
10591,2.320449937367812,3.956674737855792
10592,9.610261600464582,6.004394827410579
10593,13.858818009495735,7.024001102341572
10594,6.275268952478655,3.927666785661131
10595,6.507768139112159,6.793984125368297
10596,3.0627090715570375,5.506417818367481
10597,23.883244082331657,5.001002778109978
10598,6.728715632023523,1.2442320173140615
10599,3.2421087976545095,1.7239948171190917
10600,2.768403393944027,0.9197829333133996
10601,6.806694842875004,4.948004035977647
10602,4.014823363504547,0.4868121109902859
10603,13.353056367952377,10.978461376391351
10604,3.3526297342032194,3.248951492831111
10605,3.0614578500390053,0.7779679732630029
10606,6.074571067467332,4.322606740519404
10607,7.179749470204115,0.9828414414077997
10608,28.82219179380627,19.678837062092498
10609,23.548893094062805,10.35469313710928
10610,14.128716450592037,11.23199166962877
10611,3.603913566097617,1.5069795348390471
10612,23.512887628749013,18.68382195662707
10613,1.8239347147755325,0.5295964873512276
10614,21.06616471838788,4.16893820338737
10615,5.681546228006482,5.230431912466884
10616,2.1254222625866532,1.7002793040592223
10617,6.2270729397423565,1.5516913524552365
10618,10.56545093189925,3.748349103378132
10619,1.893395378254354,0.8584270146675408
10620,4.5273620723751264,2.1329194623976946
10621,8.527169053442776,0.8376102426555008
10622,5.32465235888958,1.5310836397111416
10623,8.655163060873747,3.5640366170555353
10624,41.09697824716568,1.5803146507532801
10625,9.947528458200395,18.93113840930164
10626,17.09189285337925,10.630051554646343
10627,11.208705749828368,5.023771940381266
10628,4.416502324689645,2.155706760007888
10629,1.293019724311307,5.234965970332269
10630,3.0821842013392597,1.6008849907666445
10631,2.989995578303933,0.7585559533908963
10632,2.7825245589774568,2.8844311381419914
10633,50.095711374655366,5.5869511202472495
10634,7.717965100353467,7.480859587143641
10635,29.878472119686194,3.668169055134058
10636,43.09152883011848,4.03141834307462
10637,9.911549976561219,2.181073684245348
10638,34.06006820057519,12.452851142268628
10639,14.498668313026428,1.7536761690862477
10640,31.972784727811813,3.918691281811334
10641,6.29681783169508,0.6214015432447013
10642,8.872576163848862,7.438392201671377
10643,14.979016307741404,6.853925770148635
10644,5.729893742420245,2.1809417382464744
10645,3.8531794250011444,1.619832043093993
10646,13.462782975257142,3.6788068496389315
10647,26.77674853312783,5.658379296190105
10648,10.124492982286029,7.297603099606931
10649,5.430018820537953,3.7871383329329547
10650,5.522795452801802,3.7900521559786284
10651,41.13590980239678,6.023868145464803
10652,4.052990151569247,1.9153474513441324
10653,29.23831756657455,2.317704304197946
10654,33.07063161069527,6.703239684924483
10655,10.551454928237945,3.759529715345707
10656,10.558094591141526,2.9462114754132926
10657,7.073865197598934,3.765273612458259
10658,34.90708428306971,16.051833564881235
10659,7.0820994084624544,1.084388620161917
10660,14.126200914382935,5.461076762527227
10661,9.152374226599932,1.7642760346643627
10662,10.638870944585506,4.7041514968295814
10663,15.881217807531357,7.478085499256849
10664,8.411898912861943,1.956963258322503
10665,11.151353228837252,1.3123685182072222
10666,2.3226737470249645,0.48038268298842013
10667,25.360128643849748,4.658736348850653
10668,9.233856342732906,1.1780308762099594
10669,17.55598660558462,1.004024149151519
10670,3.413746616221033,1.4679514578310773
10671,10.946753967553377,0.7559531726874411
10672,2.6693652703252155,4.195549166877754
10673,14.622918503824621,6.222814221458975
10674,10.426854835823178,0.6345212971791625
10675,10.515186205506325,2.5109604075551033
10676,36.01423537731171,4.544957166826862
10677,8.809287102892995,0.6537015861758846
10678,8.320978812873363,2.613491665571928
10679,8.957169312052429,1.27555908512295
10680,10.010661978740245,1.138164315780159
10681,9.329932864755392,9.847781550139189
10682,3.013586673885584,1.3357617761939764
10683,2.7569270436943043,0.9371875188080594
10684,39.62284938595258,13.164985510637052
10685,4.177917972207069,1.1098963032563915
10686,14.347156310454011,6.549784139730036
10687,2.6663560532033443,3.2677080125131397
10688,4.271136739698704,0.9973227884620428
10689,47.18801946938038,14.164831340312958
10690,5.139255973641411,3.1465168960858136
10691,7.800507199019194,1.0529292672872543
10692,5.477267712587491,1.1672337522613816
10693,3.563667288981378,0.18520201120594493
10694,1.3244724452961236,1.0942014538450167
10695,27.133429450914264,1.6752599950777949
10696,2.1542727388441563,0.24311282485723495
10697,17.45080598536879,4.466394809889607
10698,5.667201970885799,0.33885358917177655
10699,18.09155286848545,4.91087025924935
10700,7.702399143949151,0.2073891912586987
10701,22.328604387585074,1.2190841572592035
10702,9.149269006215036,6.353670965298079
10703,2.233728224411607,1.3598597743548453
10704,8.764087251664023,4.618419748265296
10705,11.478884085681784,0.5867896681011189
10706,6.440412804484367,0.757972015067935
10707,6.449003200978041,2.691928775049746
10708,16.02732404321432,0.9265638413053239
10709,3.8534093592315912,0.5185926133999601
10710,6.584803552366793,1.1824861832428724
10711,1.3963724449276924,1.6790208552993136
10712,13.455850736238062,6.27695326769026
10713,10.264035606291145,2.297130454564467
10714,13.090579776865525,5.444216315256199
10715,2.1238325871527195,5.153625415872739
10716,20.37209135928424,9.916759776635445
10717,15.181259942473844,2.134847689419985
10718,8.415126770734787,1.899010937398998
10719,12.505501456558704,4.311450085282559
10720,19.801243008696474,0.37409563444089144
10721,7.747805645689368,0.5556704485788941
10722,7.4185979519970715,3.113537901081145
10723,7.068348652450368,5.920389836801405
10724,6.341538686072454,0.9258256495231763
10725,11.309118911623955,1.403355066984659
10726,12.686713963747025,3.480659689521417
10727,28.889150712639093,3.570474121021107
10728,9.48482009768486,2.518754243850708
10729,12.628334429115057,1.7307534265114555
10730,12.586638672277331,5.159558892850782
10731,2.7420358697418123,0.850862204337318
10732,25.53700315207243,7.0359054388682125
10733,9.882577646523714,1.967821923084557
10734,36.17745362780988,12.620649380609393
10735,4.874342174152844,0.6267392886365997
10736,4.890900545928162,2.7242794297635555
10737,19.428212102619,10.845175340364221
10738,4.233861787477508,1.5231316705048812
10739,4.128782821993809,1.4013031031936407
10740,10.621424116310664,3.2922266013920307
10741,6.370128873091744,8.095159854739904
10742,4.192660956759937,0.9123475950327702
10743,18.48630105704069,0.3826598881278187
10744,16.301127548329532,1.451770137064159
10745,32.75319763016887,1.4751710769814963
10746,10.37649267539382,5.206132977153175
10747,9.289709903474431,1.095698878634721
10748,5.229693483561277,2.0197056599427015
10749,5.418194334837608,1.936176411807537
10750,8.008358671329916,2.398673237184994
10751,28.63741366006434,3.0882271717418917
10752,24.951603989000432,15.974325786693953
10753,2.1922921205405146,0.6759623917751014
10754,2.5796520272269845,2.1825682029593736
10755,3.1166341930511408,0.8798700621118769
10756,12.686385588778649,3.1488753454759717
10757,3.384341340046376,4.78590782667743
10758,2.3351301942020655,0.9713303225580603
10759,9.479238256812096,1.5696581885131309
10760,18.379654947668314,8.162763285450637
10761,22.238354176282883,6.096214407705702
10762,3.7367685176432133,1.1864333041012287
10763,35.43787766247988,5.990347224986181
10764,11.831827122725372,0.853921076481079
10765,11.522886324673891,0.7882529273629189
10766,15.602261384250596,4.691148437326774
10767,20.987497303634882,0.9408536700066179
10768,6.583904519677162,2.968726314138621
10769,6.6749203771178145,0.8850708194077015
10770,17.610615224111825,1.558038101065904
10771,25.43173818635114,7.676661992445588
10772,2.6763152873609215,1.141780586913228
10773,10.367351761087775,4.802998840808868
10774,7.839152786880732,1.515885631320998
10775,23.19578118622303,1.3402255489199888
10776,3.6961485892534256,0.8407200936926529
10777,9.510089594870806,2.3834526259452105
10778,39.59221397031797,15.854075852315873
10779,28.11935550905764,8.711683310102671
10780,21.46382505767542,3.0135940858890535
10781,19.446269191801548,1.1924923425540328
10782,24.611977216540254,0.9207700281403959
10783,10.954854338080622,1.7001863369951025
10784,12.745029168203473,0.6171380247687921
10785,5.488811632792931,1.9351131084840745
10786,5.397379692643881,2.083731754217297
10787,12.635728052351624,5.826234894193476
10788,21.351200700737536,2.8962549233770005
10789,4.795641961085494,0.3677565332109225
10790,4.575905189616606,0.8513928337488323
10791,5.413626429741271,2.9978448998299427
10792,5.300165160850156,2.3859880417585373
10793,7.152355831232853,0.8981332867406309
10794,11.030256245285273,7.047786796465516
10795,6.163082672515884,4.609885305435455
10796,17.99919938936364,2.6514236208749935
10797,7.997273281216621,7.352038663990243
10798,7.872618431698356,0.9649842511862516
10799,11.20257017959375,0.8874747445806861
10800,18.330255621112883,5.978212711284868
10801,2.0194030778948218,0.6131003818773024
10802,4.776208938099444,1.7908574004977709
10803,9.979444166645408,4.163625139413853
10804,6.925725333366643,2.5569515751267318
10805,2.4503638895694166,1.189299252233468
10806,6.693882063264027,0.5015546131908195
10807,14.851211324334145,1.240370207466185
10808,8.968132078647614,0.6598746441304684
10809,8.28226030152291,1.2433898214949295
10810,6.554470147006214,1.2678038463345729
10811,4.37567847315222,0.7743799967574887
10812,7.9458997286856174,1.1583311580470763
10813,7.259793854216696,2.5095958040328696
10814,6.716748246923089,1.053356187465397
10815,20.584187671542168,9.89602255821228
10816,9.853765533771366,1.8581643599609379
10817,7.83290854585357,1.4782080922741443
10818,6.07026817050064,0.5616756783565506
10819,19.64650903455913,5.438421877101064
10820,14.577886626124382,4.597236700705253
10821,48.34388752002269,10.054755624063546
10822,5.0838803201884275,1.5298802787438035
10823,14.629101195256226,7.829304668441182
10824,9.496830504387617,2.4430139760952443
10825,29.720483988523483,0.8835188169032335
10826,8.009268410503864,4.1100191426230595
10827,6.25276091764681,2.0129003445617855
10828,3.513400163501501,0.8143554455600679
10829,4.455785585567355,1.1916934226246667
10830,28.511033187299063,0.40275298128835857
10831,22.903790657641366,3.1810305304825306
10832,13.09974019380752,2.7214757399633527
10833,6.217439621686935,1.9525805660814513
10834,14.58784207701683,5.91055608051829
10835,8.721480702981353,1.3163973804330453
10836,16.53085333108902,2.079803568776697
10837,22.370182457379997,7.4992460223293165
10838,6.623037284240127,1.4204110344871879
10839,11.235068388283253,1.59463830065215
10840,7.5670066475868225,5.307358217265573
10841,16.150846175849438,0.7282078748976346
10842,8.216334256110713,12.644286465042114
10843,7.876170969801024,1.7687552453717217
10844,21.51105456147343,10.872783527243882
10845,10.717027977108955,2.8340932530118152
10846,10.33668098715134,2.259448542725295
10847,4.7298821695148945,0.6098973713815212
10848,11.561998426914215,1.9179428122006357
10849,11.820149837061763,5.38509180478286
10850,8.576803222298622,2.845199668779969
10851,6.620116588193923,0.210546343572787
10852,29.4267716340255,1.6092197689868044
10853,29.847727758809924,10.285241995705292
10854,10.748661508812802,1.9570610579103231
10855,14.64419955345511,2.9748876544181257
10856,4.651206351096334,1.2384393215179443
10857,13.9561478114083,2.5067379265092313
10858,9.617791967932135,1.4729011266026646
10859,9.625108275562525,1.0230186156695709
10860,42.2690894305706,7.554548260166484
10861,20.73839052580297,6.955209173145704
10862,9.035427898168564,0.7768560772638011
10863,15.189366269856691,3.1481008118134923
10864,12.624721348285675,8.426504119415767
10865,12.104558430612087,3.0668773828074336
10866,10.20700808102265,2.2429438863837277
10867,10.820849234703928,5.149492912692949
10868,6.892361792735755,4.884862926322967
10869,7.013574510812759,0.8202750824857503
10870,7.914127580177592,2.2411666681000497
10871,11.697515574283898,2.2890433781794854
10872,29.763586774468422,8.204387067642529
10873,14.218242211733013,1.5228718974394724
10874,10.405725970907952,1.702626846730709
10875,1.9167818854984944,1.2567269124847371
10876,11.458425230812281,4.654752355767414
10877,13.201636830577627,1.3286509327590466
10878,9.66354456442059,0.4575908043188974
10879,17.31040133605711,11.217888230457902
10880,9.901122383074835,1.5090309944935143
10881,3.294320815242827,0.7191061005942174
10882,13.283981690183282,2.2823712676763535
10883,18.90551511850208,1.8874705830821767
10884,1.6874289624392986,1.1610683016479015
10885,11.677784527186304,3.1094827726483345
10886,5.31690845254343,1.3096006154082716
10887,2.9135771039291285,0.7710703557895613
10888,4.97870663064532,0.9649772942066193
10889,25.033254193142056,2.0415837538894266
10890,1.1311057750717737,3.1959825474768877
10891,0.776314842980355,0.25546509667958617
10892,13.848555788397789,5.24196338490583
10893,4.9734633810585365,0.688698355370434
10894,10.763838560786098,1.8293982988689095
10895,18.011390139901778,8.606714465597179
10896,34.348021722515114,9.730889088619733
10897,4.154181137215346,2.490894324379042
10898,30.875134569359943,13.615139600355178
10899,10.770260603632778,6.548305553317846
10900,5.035391636192799,6.126680805711658
10901,3.382912981673144,0.4864265979394986
10902,13.530216036830097,2.429118252824992
10903,3.2647801491493738,0.9910347454861039
10904,6.492725626980246,0.9004173506982625
10905,15.79440797585994,3.9204017151205335
10906,5.50776896107709,3.333697664551437
10907,8.91206107288599,4.151062716933666
10908,2.578628747491166,0.5008524509612471
10909,10.63079757988453,5.476521280885208
10910,27.20808120071888,15.396144192200154
10911,7.122324241325259,2.335621406324208
10912,0.79350058385171,0.46415432734647766
10913,1.7876602264586836,0.1570255321857985
10914,27.57914463803172,8.051328754867427
10915,9.549037276534364,5.10002012659379
10916,12.894806953438092,5.663968678563833
10917,15.464767403869047,4.629387409891933
10918,6.915178991854191,2.112244645599276
10919,2.2686769254505634,1.6320617311866954
10920,14.387053556740284,7.3108294531702995
10921,6.512454561656341,1.7234589704312384
10922,21.679915796034038,0.6698416217695922
10923,5.888711282983422,4.939053852809593
10924,6.791545186191797,5.889911303529516
10925,10.828605273738503,5.202691845595837
10926,12.233642403967679,2.979414764791727
10927,4.507542729252236,2.1874972144141793
10928,0.5536253602559782,0.8744624090613797
10929,5.845779394730926,3.2676289402879775
10930,8.945698113180697,1.0188372718985192
10931,8.344629514962435,3.0414291476809012
10932,10.714794620871544,7.045515352860093
10933,11.096050851047039,1.2344435278791934
10934,37.17730451375246,10.459610173478723
10935,24.448465269058943,4.210206146235578
10936,2.6617150134406984,0.6890327218570746
10937,3.5912448747549206,1.4116627071398398
10938,9.917294415658034,0.40948716562706977
10939,15.588516146410257,3.5216653298120946
10940,18.037901219096966,0.8441356737166643
10941,13.69873850978911,1.2766888088472115
10942,21.166056031361222,13.962177634793989
10943,5.880664303935191,1.5105056972242892
10944,16.26853046240285,7.123764818999916
10945,11.705330466036685,0.5219290952954907
10946,6.913470926694572,8.856817397172563
10947,3.4185253285759245,0.7375064343286795
10948,8.755382768809795,3.3875172970583662
10949,8.490720587276883,2.4240906137492857
10950,3.3349753470392898,1.5797742436163844
10951,4.54663024994079,3.1921282129151223
10952,10.827618603594601,2.066494090948254
10953,19.640461198054254,1.120419483340811
10954,15.361616013076855,5.320655155926943
10955,9.476072205230594,3.279004578907916
10956,9.00298591889441,5.367909917840734
10957,9.316398203372955,0.9027175037190318
10958,3.55544888334407,4.357118981060921
10959,24.073956161737442,8.271143074816791
10960,19.379018764942884,3.8419377114623785
10961,8.114244168624282,1.66636015131553
10962,7.119079262018204,4.579670770792291
10963,9.125333433970809,5.062819067388773
10964,0.58410635118355,0.9487495498469798
10965,11.063424651743844,5.397240100428462
10966,6.733818473226165,2.3497361950576305
10967,8.29810683062533,7.548320411937311
10968,0.5035178065882064,1.531131069001276
10969,6.284179151523858,2.8801635230483953
10970,31.710301776911365,0.7010749873588793
10971,1.7625139560550451,0.27637127303751186
10972,4.270558668361446,2.1701128985732794
10973,1.1905276758479886,2.3189461901783943
10974,19.060629371670075,14.353425238863565
10975,3.127785996068269,0.37110504033626057
10976,35.83343529701233,0.43676985143247293
10977,22.941299350874033,10.27635714513599
10978,8.465445598587394,5.109225290827453
10979,10.755534030729905,2.1526140238911466
10980,1.9134435208252398,2.0062444149516523
10981,3.895804763538763,2.1597957937046885
10982,36.33580424915999,3.9940463732928038
10983,12.712466679513454,4.457198761403561
10984,2.48479962721467,2.111788234076812
10985,18.055749458260834,10.340886455240252
10986,29.545362561009824,3.35659249839955
10987,1.6731183230876923,1.4671415509656072
10988,4.015694580040872,3.7925456849479815
10989,3.566317737335339,0.8056870327563956
10990,9.736064821248874,1.971863677172223
10991,56.55639335513115,7.482092095538974
10992,26.340846384409815,11.257507357746363
10993,24.82457909733057,6.700791240189574
10994,2.728352412377717,0.5572020758118015
10995,5.151042485493235,2.69046137928985
10996,11.450178306302405,5.115839245379902
10997,24.712371788918972,10.137278587906621
10998,1.260538206959609,4.475979275768623
10999,6.324319659732282,4.423532400280237
11000,2.7763797270599753,1.7802817304618657
11001,13.921193342655897,1.7370873247273266
11002,18.46548506617546,4.5330680048209615
11003,50.37291532335803,18.60609058337286
11004,8.432082610554062,11.467844251543283
11005,1.0928982316982,0.2066474593593739
11006,21.871602333150804,5.224568847625051
11007,2.860409751534462,4.022969789861236
11008,5.013871829025447,0.5878730794065632
11009,28.64550720527768,5.959972342301626
11010,15.372888197369775,1.3042556466534734
11011,3.530532261604094,0.5241010672798438
11012,6.410284519195557,2.46340269807024
11013,3.3862171736145683,1.23122544772923
11014,7.252894276753068,4.910320121402037
11015,4.111166563234292,5.2432032991200686
11016,3.3518685994204134,2.6566864614142105
11017,14.9283458404243,1.0415554821956903
11018,4.783531130524352,5.471431187354028
11019,17.790702607184357,15.067783181089908
11020,1.0155541681298246,1.2524976003915071
11021,24.621215078055684,11.57884767575888
11022,1.5536007303744555,1.3145682695321739
11023,3.104232984005648,0.507034050533548
11024,4.2772239338373765,1.432270996272564
11025,15.106434279703535,0.16350013692863286
11026,7.627728333696723,2.4789519214755273
11027,4.248496906657238,2.638421307783574
11028,34.85691594814125,5.816940846852958
11029,6.066552583593875,0.6911496585235
11030,2.98554687097203,0.7386276428387646
11031,3.522282383055426,31.022123471368104
11032,19.084815209437267,10.74898770195432
11033,8.406024841780606,1.7877936891889021
11034,3.5118417047197,1.9047539283637889
11035,3.005513148382306,0.18860896094702184
11036,5.111254995688796,1.8199475489454926
11037,21.061517015099525,10.753257356816903
11038,1.6786584888327525,0.6809798629510624
11039,1.7563076171063585,2.8799836342368508
11040,4.065747644752264,7.574971599504352
11041,19.700963030569255,6.728199909906834
11042,14.497467753060846,12.993662977591157
11043,4.33733799867332,1.5862008193817019
11044,2.2828815020620823,2.356403494020924
11045,9.422936277580447,1.3623413490713574
11046,5.371505002491176,4.17250919342041
11047,5.70837283740002,4.703212295193225
11048,18.40304213881882,1.5823057920788415
11049,3.0515725184231997,0.2665576942381449
11050,23.025306666619144,2.3508589694392867
11051,1.8423094203462824,1.4746426975871145
11052,6.040446687140502,6.3509475835599005
11053,6.627713973604841,1.4311869787488831
11054,10.102758912136778,4.63091623224318
11055,21.487041421234608,16.925016081426293
11056,3.7879982015583664,1.0283975457132328
11057,29.57155952975154,0.8099146166350693
11058,14.140384623780847,15.07664061889227
11059,16.407910665875534,9.371244363021106
11060,16.219523862819187,6.457826313110672
11061,12.624606244266033,2.1602278521750122
11062,9.977466234588064,11.272815825417638
11063,1.1666338220238686,0.4461943027708912
11064,7.107710510492325,4.609108089236543
11065,1.9776615854352713,1.6546479909447953
11066,1.5317277554422617,3.196263832040131
11067,2.33726848824881,4.032665928491042
11068,4.503530810587108,2.9831220821943134
11069,39.27092584129423,10.03912672578008
11070,4.392838915928223,2.8281420045532286
11071,10.369446164928377,3.35116383433342
11072,8.580019738525152,1.5633008646327653
11073,12.65481886267662,1.398799383547157
11074,30.700012659886852,5.677418187842704
11075,5.57607336435467,4.726408893824555
11076,26.852308001369238,3.9910568143532146
11077,5.243330722646078,1.5854454971849918
11078,10.68948664033087,2.807717502117157
11079,7.729626928734433,3.964729616884142
11080,3.2243724824511446,0.6097809411003254
11081,5.829531616298482,1.7787082723807544
11082,5.570183485746384,3.0136351510882378
11083,33.604097024333896,4.477841272950172
11084,26.48413864709437,0.896313676959835
11085,5.361181120155379,1.4447868979768828
11086,27.521892341785133,15.320429027080536
11087,7.019356373231858,2.787285255268216
11088,6.042444965802133,1.6685862838858156
11089,42.39183116843924,10.77643508091569
11090,18.180770881474018,13.246636321186088
11091,84.87771741300821,32.938641211017966
11092,28.180241714726435,7.779555384069681
11093,16.525419287383556,2.1384985744953156
11094,30.345291149336845,2.277367729693651
11095,14.488131276506465,2.2503318372764625
11096,25.21805857230902,7.821959178150792
11097,5.714738569804467,2.3684960820683045
11098,3.101562862531864,2.572037659585476
11099,12.849898445419967,10.393036525230855
11100,2.4041363494470716,2.8298314960848074
11101,1.9099878040142357,0.862446429207921
11102,3.8576602786779404,1.3054190354741877
11103,3.408115703612566,7.721824875101447
11104,10.228806182742119,4.895195919845719
11105,1.9463523519953014,6.81216502469033
11106,1.3736839555203915,2.610816328873625
11107,3.0490552559494972,1.9426390567864473
11108,1.8463052152656019,2.8834930676966906
11109,1.1768358024273766,3.235147290091845
11110,2.9395984241273254,2.3495108319912106
11111,0.888507941737771,1.8170790951699018
11112,10.738819209771464,16.373494854862656
11113,3.4256664275890216,0.4131874695485749
11114,19.744284046813846,10.531369829317555
11115,4.330095814628294,5.016346118180081
11116,7.751992091536522,1.4344527581706643
11117,34.00797772593796,2.3282862406776985
11118,1.2196301553631201,1.8243266453500837
11119,0.725584440107923,0.2738750130229164
11120,53.393226589716505,20.60421929869335
11121,5.212397482362576,1.0138683123514056
11122,3.101578509150386,1.6945127422222868
11123,3.3940372786018997,5.420826840912923
11124,22.826386080530938,0.582850269813207
11125,37.81265144050121,0.6437674115004484
11126,33.09348576609045,5.402548719597689
11127,6.3190080561325885,0.7401649535167962
11128,25.085014636584674,0.5325185323454207
11129,7.395275051771023,2.402910691453144
11130,32.40428531682119,2.418486620648764
11131,12.251483470201492,5.433006356150145
11132,5.648546489013825,0.9194821630080696
11133,2.297491005738266,1.261310389265418
11134,9.363055848516524,4.673836086527444
11135,4.339387814965448,2.804404314723797
11136,3.8446452136558946,2.350671588908881
11137,4.750257359817624,1.78994751884602
11138,0.4678372082998976,0.2113817045747055
11139,12.31336443166947,1.6722801830619574
11140,18.916543051600456,1.9554098253138363
11141,4.18532062786835,0.44233246438670903
11142,6.0483369920402765,3.366220044583315
11143,3.937951773405075,1.3694319446804002
11144,4.793385286524426,2.1513396744439888
11145,4.67749997228384,0.26680281752487645
11146,3.4015098929812666,1.3272277865326032
11147,12.849428799003363,3.3656690012212493
11148,4.736557318246923,0.4816439834112316
11149,5.465317003428936,0.770049374550581
11150,8.943543520290405,8.309441885678098
11151,28.53500228256229,2.107095461949939
11152,4.67112535238266,3.253679558634758
11153,4.161951818445232,2.539350409992039
11154,4.622302416712046,2.2747982343425974
11155,6.914290590735618,3.7087010280656045
11156,42.21027272939682,7.434064475237392
11157,1.89339236356318,0.6344144642644096
11158,21.218785494565964,0.6810621977201663
11159,15.649304985068738,3.3685559920866126
11160,5.817581182345748,1.0727372440742329
11161,3.7595871333032846,1.5602640258148313
11162,1.6054845983162522,1.0130346692167222
11163,4.645194176584482,2.625998203526251
11164,35.49337456910871,14.584418787620962
11165,17.911475049797446,0.9107574443914928
11166,26.601535074412823,10.61158154826262
11167,6.348318102769554,1.3076176922768354
11168,2.42709466854285,2.5103914885548875
11169,10.189636562252417,6.2506006703479216
11170,2.5223784148693085,0.3031337830470875
11171,4.656172529794276,1.4813869232311845
11172,4.3866716202646785,1.1189141052600462
11173,3.059656643294147,1.1135229605715722
11174,11.599375127465464,1.7059401007718407
11175,11.46365712583065,1.9304601268377155
11176,20.895591207779944,5.519867620198056
11177,3.755510658957064,0.7415290235730936
11178,6.19206403195858,4.039419051259756
11179,11.914821699261665,2.806132127880119
11180,7.995257934555411,2.96233316231519
11181,8.093912169337273,3.953317904495634
11182,12.60516266868217,2.051937954965979
11183,4.349799025803804,1.722207021783106
11184,29.524724639952183,7.509329853579402
11185,1.8436257038265467,0.6379628917202353
11186,4.472670765593648,1.7948558836960729
11187,14.731337382075594,5.561487205908634
11188,6.758580952882767,3.1118171939451713
11189,13.400729374028742,4.184700674377382
11190,6.984410849399865,2.984468783659395
11191,3.38854331945754,1.8632233632961288
11192,5.679725247435272,0.9127384347957559
11193,4.666193284094334,2.4699048530310392
11194,7.869462880422361,0.8093379436650139
11195,1.3346848748260527,0.12157448183279485
11196,22.2050197198987,1.8244883128791116
11197,5.683869235217571,2.609179752646014
11198,1.1483033522963524,1.4910676991567016
11199,18.34470380325729,2.6695996751077473
11200,0.3779078562511131,0.29253761009138657
11201,7.16750337742269,3.821875060723414
11202,4.738257588076522,0.5808551689842716
11203,1.0851793695474043,0.7093005548485962
11204,9.485974283423275,2.243362244218588
11205,1.9157435875386,0.4489101676081191
11206,5.56877418397562,0.4706315006769728
11207,10.041793946176767,2.966661386191845
11208,17.58873825232149,2.6154149528592825
11209,18.855548070801888,1.1721407221630216
11210,5.344688255339861,6.491755972674582
11211,4.275018310174346,2.0351086986484006
11212,11.05435349966865,7.351810951251537
11213,4.273850938143369,1.6811217582762765
11214,11.276774425059557,1.8570728501072153
11215,4.674593218738664,0.5182454795576632
11216,7.420392126243314,1.9024361346382648
11217,17.111922787502408,9.18399589881301
11218,17.693216945423046,8.381402849570804
11219,9.350039631128311,2.63232233223971
11220,3.0037492532283068,2.3332975015509874
11221,10.937730157747865,3.5046458494034596
11222,7.203325671769562,4.867518049664795
11223,13.5866659283638,0.7026181555120274
11224,12.590557087445632,8.877339737024158
11225,11.567477700766176,1.577950798906386
11226,3.1780663912777527,0.9150027818977833
11227,4.448362124618143,2.3691335935145617
11228,4.802596959023504,1.7548122283769771
11229,11.466438915580511,12.986047759419307
11230,7.436943061649799,0.6559328822258976
11231,19.553273442725185,0.6946326247416437
11232,6.290754206187557,1.7261682134630973
11233,12.825539444340393,11.164136415769462
11234,9.116727823857218,1.4499035973567516
11235,11.018070230376907,5.777879318739224
11236,4.187001921702176,3.8111894839375964
11237,12.3120676279068,0.6445294360310072
11238,3.4946531210443936,0.7782092264387757
11239,6.042590995435603,3.8826511558145285
11240,8.04090798087418,0.26456216210499406
11241,5.014746322412975,2.1381268752884353
11242,23.868268974125385,2.587034164695069
11243,29.45342683122726,1.3991100582643412
11244,11.591399034507049,1.7711513456015382
11245,8.315253810491413,3.17206306848675
11246,5.523163445526734,0.41986507549881935
11247,22.13778320577694,9.813629339449108
11248,5.308321857824922,4.2056678583612666
11249,12.48957521095872,3.1413222933842917
11250,13.357558356423397,0.48295035562478006
11251,4.525366836838657,1.0381600253895158
11252,30.778228818206117,2.1336977157043293
11253,17.13064126810059,1.831527353322599
11254,3.5745256915688515,1.1164929406040756
11255,26.775660840794444,8.484527238731971
11256,8.530021983664483,5.823625316261314
11257,16.872853907756507,6.756348222959787
11258,5.992819018196315,4.2152080475352705
11259,8.74003874041955,2.6529905311763287
11260,17.477130396902794,5.128162239678204
11261,30.454576067626476,2.5975192026235163
11262,7.121940354674734,4.004314858932048
11263,3.4298583903428153,3.641753506330133
11264,5.427793249926253,0.8584786657011136
11265,3.185873799957335,2.1280145152459227
11266,16.59991158451885,6.81155352294445
11267,3.555810196863604,1.8522058781672968
11268,5.719696041890529,1.9585339503828436
11269,3.4910784219391644,1.8963164165616035
11270,22.69632889283821,2.539234849935383
11271,1.3137367961462587,0.6956542426487431
11272,5.629548139870167,2.3451232852548856
11273,18.15991350263357,11.997902250412153
11274,10.295229240320623,3.0716485091252252
11275,7.596841084770858,1.477067586267367
11276,6.834141593193635,1.0167434574104846
11277,18.591232258826494,6.650346292182803
11278,24.57395138591528,15.561949824169005
11279,2.7260445267893374,2.5102057633484947
11280,1.7353251609019935,1.5715183918364346
11281,32.79719076817855,8.808409511111677
11282,38.01839838922024,25.935674600303173
11283,10.852642811834812,2.552512440830469
11284,1.7699074633419514,1.1928747860947624
11285,7.416538572404534,4.388557255733758
11286,8.782177194021642,1.0810601573903114
11287,3.5412231024820358,2.425057662650943
11288,4.901455217150215,5.051757140085101
11289,23.222867292002775,20.50068802945316
11290,5.151661947835237,0.8413090854446637
11291,13.215087408665568,2.252195277251303
11292,2.4686217019334435,3.667501981226451
11293,8.581936791539192,2.1601587819168344
11294,10.139835295431112,4.7407289403936375
11295,4.089796092594042,3.247868960723281
11296,0.500258552692685,0.9544198638759553
11297,1.1249433904886246,1.2778243897482753
11298,16.128450521384366,5.225196001119912
11299,2.5526968836784363,1.1906128317350522
11300,5.965908782673068,5.472055043326691
11301,10.28303807694465,3.0149403062241618
11302,10.472164392471313,1.1564209321513772
11303,4.724932462879224,1.2332226685539354
11304,18.006589992670342,5.12412317097187
11305,12.693781787063926,13.339785849035252
11306,3.212033659219742,2.4094122827336832
11307,15.734110230463557,4.428279152838513
11308,5.915046771879588,3.6649021452467423
11309,7.228729930706322,3.7235019172076136
11310,3.2482413444714666,1.1658116898470325
11311,8.573664329946041,2.255702218911324
11312,7.2674331068992615,2.1779469791799784
11313,5.393794263307427,1.4222910292446613
11314,7.915511649684049,1.2347570224665105
11315,2.3772619347437285,2.657719801645726
11316,1.256886524886795,4.472725743369665
11317,8.065684389250237,5.099787602073775
11318,13.221625503152609,2.3383487888713717
11319,1.3184730318735092,1.2894297634484246
11320,2.834099456202239,1.3960924609564245
11321,3.2226357322651893,0.9774289382166899
11322,5.018542962148786,3.397303531644866
11323,11.363956890185364,6.5302362479269505
11324,2.5490013966336846,0.4190481682308018
11325,2.9893223382532597,2.920614826500241
11326,1.8026025788858533,0.5314520202809945
11327,5.286235201871023,1.1570646360050887
11328,15.72295636171475,1.7566705435456242
11329,6.9681118776788935,1.5354147183243185
11330,6.867130366983474,0.9168305590283126
11331,6.434104235842824,4.0267610426817555
11332,3.3663001097738743,1.1930767685589672
11333,4.621472893748432,0.8866906682960689
11334,0.9759839109465247,0.8124681178014725
11335,21.85605138540268,2.2448630937687994
11336,0.9362047277300576,0.9700219702208415
11337,3.2156581616727635,2.8272214718163013
11338,14.290631629526615,0.5994014402385801
11339,12.847899843007326,5.23600284056738
11340,29.200011905282736,13.315175158437341
11341,1.5310901310258487,0.5684965955515509
11342,26.185900837183,5.499136397274924
11343,8.645025698184327,8.798763504251838
11344,9.410117586201522,2.9746906127547845
11345,10.85160282254219,5.929604929871857
11346,11.376967180985957,7.814330590539612
11347,4.30775588589313,4.163860551081598
11348,39.8023920010437,9.579352340195328
11349,8.294126064844022,1.6800866211706307
11350,21.458691441453993,3.7602821348700672
11351,9.11888032592833,2.6098654858215014
11352,30.172269002305256,9.322513038292527
11353,6.145684984221589,2.07844893517904
11354,66.03079496324062,23.59508503973484
11355,19.52306263697392,14.183908259899908
11356,1.8997735856100917,5.106307681649923
11357,7.120523601770401,2.1601669751107693
11358,7.456739853245381,4.992385634221137
11359,5.437680691014975,8.867151064725476
11360,11.116646640002728,7.642461237264797
11361,11.482728588860482,7.836053082952276
11362,31.059111773967743,11.322780944406986
11363,19.743131317198277,18.818617578595877
11364,72.15418806765229,32.17674346559215
11365,23.691642293706536,10.019004418514669
11366,34.04328729552071,3.1193649149499834
11367,22.922104723984376,9.909073474824254
11368,12.428145387209952,4.505457989871502
11369,15.919260473572649,6.251624264754355
11370,22.56068081682315,10.857711318822112
11371,25.113206965266727,3.72060071217129
11372,14.118188715161523,19.099528802442364
11373,33.8521591424942,12.396365657448769
11374,14.34247264420992,6.687910162931075
11375,12.4811657294631,7.858141593635082
11376,4.924493159873236,2.8588008540682495
11377,3.582850831677206,1.1888339784927666
11378,3.8565391898155212,2.453467699349858
11379,14.602201094850898,2.828154954506317
11380,22.08297085907543,2.2117290031164885
11381,2.367037897114642,0.9865405084710801
11382,7.203942466527224,1.6182742697710637
11383,22.114361187443137,3.3518482372164726
11384,18.67365781776607,3.820257798070088
11385,34.2248043930158,2.541713034035638
11386,5.157370891422033,10.49973235046491
11387,4.162584622448776,3.285614180553239
11388,19.820196338463575,21.369626380503178
11389,36.66927395295352,4.76937041094061
11390,34.07461996298116,8.41956550872419
11391,22.924522964392963,16.462667075451463
11392,12.388486408088397,1.1059697573073208
11393,18.80076143098995,15.280578773468733
11394,11.65649938583374,0.7871872466484504
11395,1.0753256921743741,2.8176832455675367
11396,0.6588372107362375,1.012242685072124
11397,2.1348280999809504,0.24326148701948114
11398,40.802847080805805,13.176962295547128
11399,0.5291063559707254,0.9853747494436291
11400,20.80266304683755,1.2334777783835307
11401,16.625950310379267,6.226747285109013
11402,13.78024860471487,9.99260370619595
11403,17.02636874653399,9.516518558375537
11404,4.264275701716542,5.202517508529127
11405,7.858818382024765,5.819764058105648
11406,2.329751692712307,0.8701404221355915
11407,45.994099371135235,1.3561553414911032
11408,6.557958562858403,0.16511406457902922
11409,8.535210364498198,0.3220657394367663
11410,9.679561594850384,24.750609137816355
11411,25.347545432941843,2.3045618211035617
11412,23.420934069901705,7.2978165578097105
11413,7.182275358121842,1.4770729618612677
11414,19.73554781684652,7.67847643699497
11415,40.192973191798956,3.3139483496779576
11416,5.090493392199278,4.9769919738173485
11417,3.560895007336512,0.2349353422760032
11418,19.36487589776516,2.9667085385881364
11419,8.573866202565227,3.04668540507555
11420,4.686658497899771,1.1517859641462564
11421,10.845366795081645,2.0884808283299208
11422,1.876999393105507,1.9156313123967266
11423,1.8294174930197187,1.3123452521394938
11424,3.799319741489853,0.7850793115794659
11425,17.270356681430712,1.7395708023686893
11426,7.822370646346826,0.24396071024239063
11427,27.872187107568607,1.8017198923043907
11428,5.0942919361405075,4.6350645024795085
11429,7.757693696767092,1.047577552497387
11430,25.46311833409709,1.6129133205395192
11431,7.057041575288167,3.6556863386940677
11432,12.917818559712032,1.0796073514502496
11433,13.373576273210347,4.0027117999852635
11434,64.63351146318018,18.124075839295983
11435,17.431762693915516,4.671705960558029
11436,17.116347070317715,0.6432211777282646
11437,22.121491890400648,4.521448598068673
11438,42.62179693579674,21.053126517683268
11439,5.247273711487651,2.6015799483284354
11440,7.211927394382656,2.6421734852483496
11441,7.518676650157431,5.03691335010808
11442,0.8145298434683355,0.49384968081722036
11443,25.76346381381154,3.8814413230866194
11444,3.3390344435892985,2.3531416727637406
11445,0.5808348465070594,0.4911010628566146
11446,17.340116166509688,9.124891622341238
11447,3.469170840457082,1.6625378228491172
11448,9.19328581483569,14.147868575091707
11449,6.382870386245486,1.5287517190899962
11450,2.2893879068433307,0.6485891717370578
11451,7.531692811928224,4.391200030455366
11452,37.61240011267364,4.60787137367879
11453,24.188894664868712,15.215525412932038
11454,29.71075789805036,10.496963165016496
11455,3.1949967916170863,0.892752192899934
11456,8.126343639567494,7.358390451117884
11457,5.7764719260612765,0.4477275352401193
11458,15.598566262284294,5.882263010833412
11459,6.507853857039663,1.3686759692282067
11460,8.913016443140805,5.850197117775679
11461,8.340188011527061,1.0296544712618925
11462,6.6806009446736425,3.0996232519682962
11463,0.7284693643468927,0.8383611540775746
11464,5.856549330055714,1.8829582415055484
11465,9.988605383783579,1.8351650425465778
11466,18.33926935843192,10.059536448279687
11467,0.39364273980027065,0.6274881302379072
11468,1.1200745824226033,0.4879447476414498
11469,6.384517061524093,1.7723543152678758
11470,5.1676564026784035,1.7177760330960155
11471,15.77911326661706,2.0926046441309154
11472,6.155487572890706,4.620359021238983
11473,3.995914328843355,0.5381522213283461
11474,3.548408906906843,2.822286178939976
11475,5.318858423910569,1.6062016482792387
11476,7.497729741036892,0.4167811921415705
11477,6.362629256726905,3.938854578824248
11478,4.233920349855907,2.478285051882267
11479,45.531564221601,31.75498746469384
11480,4.826497213449329,2.6275468997191638
11481,5.953507300466299,0.9320153930457309
11482,2.9000949141336605,3.868840949726291
11483,38.160000775009394,10.056238645105623
11484,21.628510134352837,0.8943990406114608
11485,5.209144625347108,1.3379658344201744
11486,4.070709832943976,2.5263190084078815
11487,3.3930995278060436,1.2579723324161023
11488,9.068292185664177,1.2089486727491021
11489,9.248878641752526,3.488560144789517
11490,0.7905297812540084,3.696977535604674
11491,1.8069633898558095,0.6602464998140931
11492,3.8621273040771484,2.305122077697888
11493,5.582487156963907,2.267786127049476
11494,9.926820397377014,1.4911524967756122
11495,24.334522984921932,9.26332717621699
11496,3.2968618143349886,0.5098233697935939
11497,1.8640719105605967,1.470364463282749
11498,8.314370092004538,5.46074330015108
11499,13.806648575002328,7.335114727495238
11500,9.684859058819711,2.6671876647451427
11501,28.917119172401726,6.382359455164988
11502,3.472922190092504,2.0332564250566065
11503,27.488490484991416,19.017406572569598
11504,19.543363712728024,5.133926196955144
11505,2.6746816225349903,0.32910632132552564
11506,4.934871369274333,6.014662705361843
11507,0.5340224662213586,1.1211938437336357
11508,4.904590702208225,3.5251206600369187
11509,18.819864109158516,2.2950888257473707
11510,8.986626795725897,2.8933886773884296
11511,28.578905339352787,4.045045804406982
11512,5.595378170430195,12.465608505532146
11513,11.35531625105068,4.572557588224299
11514,4.492210072465241,4.1682603526860476
11515,5.554458147325931,0.5226030331104994
11516,4.257216361351311,8.595651404000819
11517,0.2775559030196746,0.6275286150548709
11518,3.7461135752569135,4.828734796028584
11519,9.326892803394003,3.429266732186079
11520,35.57013248372823,1.7908133454620838
11521,8.564242579508573,3.1153449975972762
11522,8.895968049764633,5.236959676258266
11523,25.090782230719924,1.435150587465614
11524,5.585404139012098,4.121391523629427
11525,31.16275867819786,2.7120128627866507
11526,22.155764050781727,1.4460774548351765
11527,18.850779904983938,10.30068991787266
11528,10.744158789515495,0.1818447616224148
11529,7.015958782285452,0.9972256652399665
11530,21.40990523993969,0.6966370892478153
11531,16.19294481864199,2.514841294847429
11532,7.788280665874481,2.9897690853103995
11533,23.526510339812376,5.14257114357315
11534,27.567844173361664,6.659343779499977
11535,2.0444655208848417,3.260724394582212
11536,28.503323197364807,9.414150330470875
11537,19.52213525492698,11.354157752357423
11538,42.160314068198204,4.461339092813432
11539,54.0433515869081,20.974575606174767
11540,2.273812824394554,0.5601422213949263
11541,5.7156639519380406,1.3090917747467756
11542,8.896506414748728,8.194878780283034
11543,10.15340505540371,4.535628531986731
11544,9.52728905621916,1.3437458841362968
11545,25.165493260603398,1.594245862448588
11546,13.03042868943885,3.3869702382944524
11547,15.617520695435815,1.3220123575156322
11548,3.401857274584472,0.9598449326149421
11549,5.5290179462758715,1.949967295047827
11550,6.257555641699582,1.53554733277997
11551,9.770469995215535,2.7454027161438717
11552,7.870265169069171,3.775548920966685
11553,16.567296661436558,9.628036636859179
11554,3.202236495912075,1.1079890472465195
11555,9.240570840589498,4.379013750469312
11556,13.774471909739077,2.213437728350982
11557,3.518567926250398,4.236378977075219
11558,28.742909333501302,0.9080393940093927
11559,14.896842386573553,2.2149916058406234
11560,12.209861013107002,1.7815069208736531
11561,12.172986967489123,6.893001906690188
11562,0.7874147798866034,1.0380147234536707
11563,10.605097439474775,6.746024601277895
11564,7.667132440954447,0.7003518024284858
11565,8.5220473051304,5.129695402632933
11566,3.6296573197469115,0.3634649415034801
11567,75.27983335964382,19.470740823308006
11568,26.504521039314568,4.8661963399499655
11569,3.657893791096285,4.677350369282067
11570,2.820236825849861,1.0238995436375262
11571,13.604035213124007,7.099012417718768
11572,4.986177259823307,6.895102772745304
11573,9.250889850809472,1.7142289206385612
11574,1.0313814686378464,0.33595043409150094
11575,33.62412127107382,4.328896360471845
11576,40.17505952760985,0.47871800864800207
11577,3.329276090487838,3.527120350394398
11578,3.5845520100556314,0.8704218380153179
11579,5.547415150969755,0.9416585001163185
11580,5.455053495243192,0.38494388991966844
11581,8.31755920802243,5.65696177521022
11582,7.690919789252803,1.7684429452056065
11583,24.703791439533234,11.439611118286848
11584,10.107173893600702,2.5072866240516305
11585,15.017639030038481,3.701919317682041
11586,14.279464110732079,6.046221722848713
11587,7.154360788874328,2.7460349820321426
11588,9.54857359174639,0.302402018540306
11589,15.020941987633705,2.5569573673419654
11590,8.019707238272531,0.4614486516068155
11591,6.2847094386816025,2.6966967778280377
11592,12.890567258931696,1.0212451396510005
11593,2.987009166214648,0.8261130386790754
11594,8.540154991671443,3.207837392896181
11595,8.816898354387376,0.7211303606745787
11596,8.826600898755714,1.6049105486599728
11597,11.030536907259375,4.76051635236945
11598,16.956895121838897,2.80998361598904
11599,47.92525289580226,24.784939887933433
11600,22.869673393666744,0.6419037454761565
11601,10.119033306837082,1.3644449788844213
11602,17.408867839723825,14.134408805519342
11603,8.80975347419735,4.074720995500684
11604,48.549779476830736,7.703714253206272
11605,10.428823733702302,2.8455579914152622
11606,14.131092686335933,8.321656560285192
11607,6.390885949134827,3.076468968298286
11608,3.6407730216451455,0.3605295396409929
11609,24.382857725024223,6.557457938790321
11610,39.23458213568665,14.606301385359984
11611,29.25574091076851,3.9394051174167544
11612,1.7724727801396511,0.5637549767270684
11613,19.169799983967096,10.530448364792392
11614,33.35413656855235,10.106489151949063
11615,3.813708580157254,6.318856035766657
11616,2.385033225233201,1.1249846192094992
11617,0.6959601415146608,2.0780338291078806
11618,9.650673247386294,2.99727841373533
11619,3.767972160130739,10.712212781305425
11620,20.234835766255856,9.88259502965957
11621,4.033452352276072,1.4424779780674726
11622,38.40340439788997,4.218825499468949
11623,5.353298090398312,4.9762910469435155
11624,0.833800096064806,1.0534804700873792
11625,3.1653509205789305,5.04727120231837
11626,38.43244209022487,1.8063962468877435
11627,4.231627901084721,10.528541726525873
11628,8.027819011360407,3.2630369449034333
11629,4.999264124897309,3.072238879860379
11630,14.987964974716306,7.598003772178345
11631,2.5274756755679846,1.9646641477011144
11632,4.044869564299006,0.3172101452073548
11633,4.4907888025045395,1.9795794364763424
11634,15.74395071156323,3.4785287412814796
11635,4.040661372244358,1.84484566618994
11636,1.2321299482136965,0.7154605048071971
11637,1.7861385444412008,0.6681328397407924
11638,10.19174513593316,3.351878196452276
11639,2.666773892007768,0.5906770995352417
11640,3.587067198008299,1.5805147582614154
11641,12.879520563525148,6.461813395494687
11642,8.395595324691385,3.413071416900493
11643,13.695821543922648,4.31657702208031
11644,6.250287506598397,2.411517329805065
11645,0.6884259185753763,0.3216236716834828
11646,6.161289976444095,3.535330832884938
11647,19.943269072344265,6.626046230318025
11648,3.421909236407373,0.7835527759471006
11649,11.660025123506784,2.432674846611917
11650,2.867077792470809,1.9706534757569898
11651,3.6085965298116207,1.3821151586598717
11652,9.720055765472353,0.6688662327360362
11653,6.6542752385139465,1.5901394276879728
11654,9.665483444929123,1.3632681956514716
11655,14.242871303111315,0.6983355418778956
11656,6.0611132071353495,1.213007483864203
11657,21.46079397574067,1.0163834647974
11658,1.8199420414166525,0.405982438096089
11659,2.1385111515410244,1.3410256099232356
11660,3.748998887487687,1.2456700913608074
11661,1.2979229430202395,1.2234786788467318
11662,1.2698487367015332,0.3953190194442868
11663,11.480331107974052,1.8146193019638304
11664,18.97553317155689,3.9335735962959006
11665,16.118814919143915,4.541500991792418
11666,1.5274555142968893,1.5696282917633653
11667,3.8543296987190843,0.5896508288569748
11668,1.2454760260879993,0.7938950236712117
11669,0.714919927740084,0.7474124050640967
11670,0.6426721131138038,0.4764639974455349
11671,10.897163180081407,4.7395033108768985
11672,1.6392034792224877,1.251566433114931
11673,1.2721619363874197,1.527633033634629
11674,9.309593471589324,0.8836198954686552
11675,7.229714000597596,0.8445740268798545
11676,2.1415134195704013,1.4990480360393121
11677,5.815271722396574,1.401241842075251
11678,17.773856611922383,5.181062136543915
11679,3.001500317812315,0.552447933703661
11680,2.78014387562871,3.1580012408085167
11681,1.6932675054995343,1.3341334899887443
11682,12.568005972716492,10.205640953034163
11683,0.9334096421953291,1.3286528671742417
11684,15.691373060457408,8.892593465861864
11685,2.9288775958120823,1.2794978069141507
11686,14.262062553316355,4.121353818336502
11687,8.203899738378823,1.8279229830950499
11688,30.857315750792623,25.214693777670618
11689,4.903208335847012,0.6893184604286944
11690,2.7330495113274083,0.47116050112526864
11691,14.156702341977507,10.775552896782756
11692,1.8257120480266167,0.6915117683820426
11693,5.272248585068155,3.191980305593461
11694,4.931202247738838,3.034755896849674
11695,5.999139877036214,2.931258539756527
11696,2.5567568228580058,1.4112960021593608
11697,16.545827185735106,4.522590250271605
11698,3.7463427536422387,1.828819482587278
11699,7.760927524108411,2.297489511081949
11700,7.585434045642614,0.857360100839287
11701,0.8591899136081338,1.3719777680234984
11702,20.580527732381597,1.2340201092883945
11703,2.3023591628298163,0.5773287077317946
11704,16.04981858105748,4.059582319576293
11705,12.887456951255444,1.1995289218029939
11706,24.993712916970253,12.543313020840287
11707,2.050888147437945,1.7156004041898996
11708,0.9631668122019619,0.4619818462524563
11709,1.2593510039150715,0.5540828848679666
11710,2.635797086637467,3.0754748416802613
11711,11.643790889182128,5.566249616444111
11712,0.3857302931137383,0.7746203617425635
11713,2.2178260876098648,0.9305159728974104
11714,2.2875514766201377,0.8672080538235605
11715,5.520562569843605,0.17358780516224215
11716,19.459993650612887,7.808395806174758
11717,1.1912435443373397,0.34535463619977236
11718,1.491935598220607,1.0718996714858804
11719,3.311880465611466,0.5583008238172624
11720,8.248971417080611,1.27507818385493
11721,10.107973945327103,7.764604724725359
11722,0.6438087529386394,0.12277636863291264
11723,7.022541757673025,0.7005682252347469
11724,2.7466502403840423,2.845969416666776
11725,4.729613635194255,2.1999765674117953
11726,4.29982540209312,3.7971453101490624
11727,4.7804925218224525,1.4346212521923007
11728,1.8828040411463007,0.9570616502896883
11729,0.2473438045999501,1.2552836589165963
11730,8.101262147538364,5.414202067069709
11731,1.1768102904552507,3.5176972647207094
11732,3.1944106547161937,2.352369063766673
11733,18.76223091990687,3.484787980967667
11734,1.9659621943610546,3.3929358242894523
11735,4.584681743755937,0.5202036289265379
11736,2.046378174738493,1.4235556414350867
11737,3.0481206258991733,1.4129465949299629
11738,14.121681902557611,5.7289179739309475
11739,4.622595164459199,0.6415588938398287
11740,7.7963893711566925,0.5045393682667054
11741,13.045133106410503,2.2442340188426897
11742,4.5415682713501155,0.7053651278256439
11743,7.167525924742222,1.530294724751002
11744,4.980080900131725,2.836354085971834
11745,13.229516020044684,6.852752278209664
11746,4.237038022838533,4.685003531136317
11747,6.645263904705644,2.3314872067421675
11748,3.1889093280769885,1.5486343700031284
11749,4.397158223884617,2.5671086371294223
11750,8.39886952508823,3.127003751715165
11751,17.95588869228959,4.482405072521942
11752,9.382465695234714,5.923148547881283
11753,1.0061194035661174,0.8421412147581577
11754,5.301090299617499,3.8498394088383066
11755,6.097724930790719,1.8664836406242102
11756,5.681457965751179,1.7215981115587056
11757,12.4122594576329,3.2682935605407692
11758,5.104531142860651,1.6754390332789626
11759,2.317730919457972,5.994096686845296
11760,1.430347794725094,0.3329055883870069
11761,0.8415525904856622,0.7542527020850684
11762,12.259644056699472,0.583207809511805
11763,16.622677197447047,8.423471177229658
11764,1.3136625331826508,0.77722785361766
11765,12.468120992183685,7.9634296372532845
11766,10.328830824000761,0.9086178913275944
11767,6.52170741376176,2.689658723771572
11768,24.48739238176495,2.5877187037840486
11769,9.247769847512245,0.9729885578926769
11770,11.440358964493498,2.424198903492652
11771,7.662965772673488,5.575386397540569
11772,3.779476989628165,1.775239506503567
11773,3.649657592177391,1.4734762126463465
11774,13.799739260808565,0.8577852519229054
11775,6.841597122140229,3.69874053215608
11776,19.044819642324,2.1947170356288552
11777,2.9014224868733436,2.111622782307677
11778,3.0171802428085357,1.3592200532439165
11779,10.356116350740194,5.775279300723923
11780,4.0356396324932575,2.553143858365843
11781,8.11854527425021,17.901056221686304
11782,23.66651906154584,9.264032131406566
11783,0.995338668115437,4.3043206258444116
11784,3.5594967986107804,0.4311924580251798
11785,6.296034995466471,3.4510094430297613
11786,4.6799605204723775,1.9383258540183306
11787,3.8816304462961853,9.139827264472842
11788,15.006959057674976,3.9198356396518648
11789,23.7432921519503,4.907082319041365
11790,11.947528989170678,8.049937662668526
11791,1.4984957026317716,0.5505816701697768
11792,2.334574669599533,2.0211131190299056
11793,2.6001321256626397,0.7201850451529026
11794,7.280048947781324,0.5495902646325703
11795,37.663942941930145,13.048569104430499
11796,2.736109619841045,3.1526277824305
11797,3.299858456244692,1.060449746553786
11798,17.42166142258793,6.746839863950299
11799,20.048422990366817,12.403827887028456
11800,2.822378839366138,1.2060763860097339
11801,4.943069213535637,2.15788140904624
11802,5.238480800297111,2.0494949382264167
11803,4.158127308124676,1.0027257585898042
11804,2.782433209242299,4.457886997610331
11805,13.28925590775907,1.554416093043983
11806,2.9307150319218636,0.28628631262108684
11807,4.802056839689612,3.5490965880453587
11808,1.8162025013007224,0.566034045885317
11809,2.931281662589754,2.335325249703601
11810,14.11996319424361,3.0426432313397527
11811,0.9884681310504675,0.4431381306494586
11812,2.1305307052098215,1.835318883531727
11813,4.145370014477521,0.9237273237085901
11814,1.50837760584011,0.5528687762562186
11815,1.3640567576512694,1.365648415288888
11816,1.1702225003391504,0.24919906060677022
11817,5.446947876363993,0.39338516427596915
11818,5.442150547809433,0.9836450945585966
11819,3.9482725113630295,2.498186635784805
11820,22.125271987635642,6.725307426468248
11821,9.972023643553257,5.124129466406885
11822,0.5054262144549284,1.0658462748397142
11823,3.4065376385478885,0.8717500713751178
11824,10.204433616716415,5.720415014773607
11825,0.5095309721073136,0.9642967928666621
11826,0.3656115336343646,0.46958167396951467
11827,13.924968976527452,2.756564504932612
11828,10.370393715752016,4.581230208743364
11829,6.987427557287447,2.0633902494337235
11830,1.7706027626991272,2.2311057401821017
11831,3.2883782927892753,0.9979290040209889
11832,4.034446546807885,5.874707751441747
11833,2.4350103340111673,1.6471381653100252
11834,1.2891503148712218,1.3679631263948977
11835,6.440317218191922,2.1716449536615983
11836,1.3670097252470441,0.6478170701302588
11837,3.4865362206473947,0.28917883650865406
11838,13.46968167135492,2.073071412043646
11839,29.94178804323019,7.9272369896643795
11840,2.0054035168141127,1.3916796402190812
11841,2.6799243060086155,0.8442676030099392
11842,11.656947280413561,13.167749844491482
11843,3.445288459130097,1.1944393358426169
11844,4.547542915679514,0.9849182647885755
11845,18.5138458597321,1.0026851350266952
11846,15.81638265773654,0.5468384643318132
11847,10.231892818585038,5.200837913900614
11848,24.670933052897453,5.799631454050541
11849,8.481214554049075,1.4105524350889027
11850,7.203101344057359,3.266098517458886
11851,0.9205642354791053,0.43122602254879894
11852,15.953621089458466,9.103450495778816
11853,8.604954488575459,1.762541614472866
11854,5.651302761687475,1.2421026674637687
11855,20.812844902276993,11.91160548105836
11856,19.97820083424449,1.5670254121068865
11857,7.5073038269765675,1.9970079706981778
11858,18.77152549434686,3.6257419852772728
11859,1.0567276636138558,1.7979033331700975
11860,3.9189535623881966,0.9739525445766049
11861,8.67809696868062,5.119360227312427
11862,7.8756629359668295,10.067973179131513
11863,5.468585913069546,9.514478300698102
11864,4.181565944105387,5.218193717766553
11865,21.087304236367345,10.700059773400426
11866,2.3678895964403637,0.7733553706275416
11867,5.358697517658584,4.491916032580775
11868,9.399325713515282,7.2087006024084985
11869,1.4592753356846515,1.3101227340885089
11870,3.240113502368331,1.8699968460714445
11871,17.769124487888803,6.004924305714667
11872,9.099905268121802,3.864423269056715
11873,1.8805369781330228,3.981343461666256
11874,1.6919780494359316,2.7793163691530935
11875,9.372554622415919,6.108284292626195
11876,3.274553620023653,2.010288708319422
11877,10.745359877124429,12.31415890622884
11878,2.6710899533791235,0.7831181740621105
11879,14.623292283227784,1.194651770289056
11880,16.65997058758512,2.906750058493344
11881,9.448831791989505,3.595233535976149
11882,5.049927716143429,0.2893524429673562
11883,3.910114928148687,3.767648086650297
11884,11.764406576985493,9.912894981447607
11885,4.672496624756604,3.4957532571279444
11886,20.73404484987259,7.3896576426923275
11887,9.012249859049916,2.4946224368177354
11888,19.08356647193432,6.014335960027893
11889,10.189934462308884,0.32669472359560814
11890,12.328447345644236,3.9733545472845435
11891,16.190661097876728,25.00406788958935
11892,1.9293145448464202,1.4601433107673074
11893,14.567512260749936,3.5649806094443193
11894,3.578959766222397,0.3246817442268366
11895,14.336488454602659,5.686234248802066
11896,2.847337817773223,1.576379211153835
11897,9.324214652180672,0.11638181367015932
11898,25.778867974877357,5.516373723745346
11899,22.253742379369214,5.6586209487577435
11900,9.527861740931257,1.0026695180422394
11901,26.06337831169367,0.28355550025298726
11902,8.653016810305417,1.1637454857118428
11903,3.38875149784144,0.9272539966041222
11904,9.007519040838815,1.8331903405487537
11905,23.93950654566288,9.278410559287295
11906,12.290471203625202,2.7422954067587852
11907,12.229511221521534,5.060500122839585
11908,14.072666183579713,4.373909928370267
11909,2.0656854901462793,0.33693638909608126
11910,4.998602961190045,1.6894537582993507
11911,6.575841881858651,3.147172565005576
11912,1.3329311141278595,1.2202261164784431
11913,9.92459842376411,1.4575752425735118
11914,13.696179807186127,6.253819074016064
11915,18.46585200612578,1.4879974096475053
11916,8.381795227476687,0.7109189065522514
11917,1.381730324588716,1.868520589574473
11918,8.826034447876737,2.5594577500596642
11919,9.454885467886925,0.5855624524224368
11920,9.257695290449192,0.9308059489558218
11921,8.90078430250287,3.580105131768505
11922,3.3332824632525444,2.0555643485859036
11923,12.3562850037124,3.4751491772476584
11924,1.9690967845963314,1.6798540145391598
11925,13.553167135343756,5.359942161710933
11926,4.949779431335628,1.4496114986359316
11927,5.544494074769318,2.622383991489187
11928,6.777827753918245,3.712931802496314
11929,11.086358198372182,5.624395753024146
11930,8.541186890390236,4.173644854687154
11931,16.469535257667303,6.753896638581864
11932,27.747317435219884,6.900999575154856
11933,0.6207028129138052,0.4589759431546554
11934,4.932682855986059,0.46441485302057117
11935,7.862694044859381,0.9910101797431707
11936,2.102663605066482,0.518636021297425
11937,10.028248258633539,0.7577599797878065
11938,7.471276055090129,1.6571385096758604
11939,26.45598763023736,9.873506688512862
11940,6.087181792594492,1.6441089622676373
11941,26.95964216493303,1.7411960538447602
11942,4.090034513035789,1.398419581341102
11943,5.024335311492905,3.908677168888971
11944,2.9890839233994484,1.18924587930087
11945,3.311271703802049,1.9413082380779088
11946,3.90450001732097,0.7299145900888107
11947,8.960253044962883,1.4608209084253758
11948,11.217399542147177,0.8787701423279941
11949,7.040522582828999,0.8292807505931705
11950,1.4631972858333029,0.48074395139701664
11951,11.165822420967743,1.31535783878644
11952,11.659727463265881,0.7173148180008866
11953,17.940908181481063,2.348756522871554
11954,29.430994243972236,0.8547643420752138
11955,24.492524296045303,9.167854379862547
11956,4.024608014617115,0.18244203040376306
11957,18.37813761457801,1.3149704246316105
11958,18.710176261956804,1.4254718087067886
11959,3.4959557908587158,1.1357444471796043
11960,26.4547484045288,0.5371149515849538
11961,12.965282808756456,5.999346352182329
11962,11.47824539989233,6.691991399042308
11963,17.11606516689062,10.792405218817294
11964,8.603378420346417,0.8342586818616837
11965,3.5157625703141093,4.0744957947172225
11966,8.22931013442576,1.298124244553037
11967,5.929838467389345,3.255948606878519
11968,1.6957587623037398,0.681767213915009
11969,9.667808435871848,1.2582115645054728
11970,8.441074202302843,3.3197529422526486
11971,25.817784331025905,0.6860598891507834
11972,9.430515934189316,1.506369697779519
11973,24.716942481696606,4.067247939412482
11974,16.122027628884098,2.283932412508875
11975,4.895995901431888,0.3479648473439738
11976,2.3858736907859566,2.3493725267326226
11977,3.615924347192049,0.6970294388011098
11978,10.256123089115135,3.1100831500953063
11979,14.735029060393572,24.30456429194237
11980,1.108061384409666,2.8962876027217135
11981,18.58400746062398,7.544716343283653
11982,7.047892954375129,2.8286671028399724
11983,20.76140276249498,6.670679506962188
11984,20.582340203109197,6.7694511920562945
11985,16.16364631173201,5.862754563451745
11986,4.060519373364514,4.777488324325532
11987,7.411672728601843,2.178835206781514
11988,35.49599607056007,2.8841859396197833
11989,20.318127958569676,8.31464190222323
11990,2.287625937256962,3.451464048586786
11991,11.69657004403416,5.688346682232805
11992,2.457890666089952,1.0701690195128322
11993,3.5237760469317436,4.140754319727421
11994,12.783566896803677,3.5534118153918826
11995,8.697310759685934,3.2845952506177127
11996,1.875128353945911,0.5163611016378127
11997,4.211391494493,1.2054775730648544
11998,2.037238759920001,0.23852548302647847
11999,3.039476726984958,3.1342303676065058
12000,23.464745045639575,3.1408520345576108
12001,18.820051025100838,4.2043396439403296
12002,5.700892527005635,2.720039682229981
12003,4.596208579838276,1.0686774645000696
12004,9.83096842973464,0.7298844178803847
12005,5.811726513435133,0.33885228860890493
12006,9.096591759938747,4.441581583079824
12007,5.459661550587043,1.1674030184512958
12008,5.151932306821436,3.1167290625162423
12009,4.859105662442744,1.4882144734729081
12010,12.097003984032199,0.39987295150336877
12011,4.161046288907528,0.5237248467747122
12012,42.70909533201484,9.969194453326054
12013,2.4152690426271874,0.3289616394904442
12014,7.15069117458188,0.6396048895176136
12015,0.8172391867410624,0.4004845970775932
12016,13.128486081957817,1.6465123072266579
12017,9.4546313362016,7.7182011809970845
12018,5.252927877008915,2.3820402440615
12019,2.1596670578001067,0.2667432229500264
12020,3.7909402542281896,1.866229524168375
12021,7.509441286791116,3.9103069875200163
12022,9.787544069811702,2.148687328211963
12023,9.631765843732865,2.467321254312992
12024,8.40913726016879,0.4730321484967135
12025,5.644102163361822,1.2419624272733927
12026,6.587353921262547,1.0498872214011499
12027,7.5019730306230485,1.9777116240002215
12028,4.422193537931889,2.303660251898691
12029,7.994612284936011,2.528252955991775
12030,3.219943226315081,0.5690864033531398
12031,7.052309471240733,0.6216123186168261
12032,9.878608111292124,5.255286938147037
12033,13.002785654738545,1.9085628725588322
12034,10.8326049472671,0.4686756642331602
12035,6.783030877704732,1.1425466151722503
12036,36.19859368726611,4.787336489185691
12037,6.178427877835929,1.8759509972296655
12038,11.425455461721867,0.44239865127019584
12039,16.519728498184122,5.643840393982828
12040,25.814050210174173,0.5362841751848464
12041,17.92762181593571,0.8671861874627211
12042,22.54563431267161,4.646282735164277
12043,2.230213038623333,3.5326399882906117
12044,18.05795000505168,2.446092567057349
12045,10.808864392340183,1.4542411410729983
12046,22.788463816046715,4.6348200520151295
12047,29.764302292838693,1.0199478082358837
12048,3.247127487324178,2.4756278939021286
12049,13.84008564427495,4.160192418843508
12050,16.083945498336107,3.2232719231396914
12051,18.639142459258437,6.199319574516267
12052,3.1927139138570055,1.6709979679435492
12053,3.751544459781144,0.2110004562418908
12054,12.92307984828949,3.3462756746448576
12055,73.4700135095045,14.662101894500665
12056,14.694916278123856,1.1616399271752016
12057,16.310744278132915,2.6188196605071425
12058,14.913140742108226,5.374912861268967
12059,10.160019654314965,0.9920573274139315
12060,9.497180187288905,3.201005202019587
12061,20.048120142892003,5.167298597283661
12062,15.428142597898841,1.7562472461722791
12063,2.4025412793271244,1.4832709413021803
12064,56.419917177408934,9.500066503917942
12065,31.59491747058928,5.5977998012676835
12066,25.85375974699855,5.4107177425175905
12067,23.353559352457523,5.780177228152752
12068,20.641924515366554,2.55593871884048
12069,68.55554196983576,2.971595102804713
12070,18.38294407725334,3.261160662979819
12071,13.118675954639912,1.1437562892679125
12072,6.482829727232456,4.120980650186539
12073,44.77590411901474,10.0508201145567
12074,12.913273005746305,0.8787653233157471
12075,46.42359665827826,9.610791327723064
12076,21.80754880909808,1.6012121103703976
12077,15.151600063109072,5.60577233787626
12078,3.650606332346797,1.6668837170582265
12079,5.829336050199345,6.002810768550262
12080,64.78839974809853,21.286619675549446
12081,13.371736099012196,5.8544365868438035
12082,4.9919955671648495,2.1806123279966414
12083,32.67525660665706,2.7536886874586344
12084,11.82252652803436,3.0767879467457533
12085,11.15847972780466,3.4922069823369384
12086,4.470500904135406,1.9439691733568907
12087,5.733792945742607,4.5774838123470545
12088,12.503893482265994,4.200200664992735
12089,5.172678246279247,0.6408059047535062
12090,31.1136482283473,7.842128222808242
12091,19.20103618502617,6.645020117277454
12092,21.795188385993242,1.8003534121089615
12093,12.739434924907982,3.328584561538264
12094,8.643062584102154,1.4128713340032846
12095,3.4661353547126055,1.5767030844581313
12096,30.914428383111954,4.243101131170988
12097,7.821309195831418,1.0516880346694961
12098,24.540361375547945,3.585897876851959
12099,11.007643792778254,1.6498169921687804
12100,16.52914670109749,37.02497672580648
12101,12.24368954449892,1.9612495985347778
12102,28.38174569606781,0.4443692131899297
12103,4.47030348982662,0.9360967487154994
12104,10.992083620280027,2.8666439233347774
12105,12.756046680733562,1.484725248767063
12106,11.517676891293377,2.753806304302998
12107,13.809399689780548,0.5159263510722667
12108,7.0569413607008755,1.1889424815308303
12109,36.99788692092443,0.15722704108338803
12110,36.577841565944254,5.08395391976228
12111,7.69434087962145,3.6634186434093863
12112,19.938513004399738,1.9930142788216472
12113,2.111264416947961,1.0771119534438185
12114,2.469821073114872,3.4661386840161867
12115,34.20096304244362,7.100714695483475
12116,7.533507874235511,2.4812176544219255
12117,36.19854017626494,4.130148955824552
12118,36.52989857364446,9.687216094323958
12119,4.376720397267491,0.4547091359272599
12120,15.345766661688685,3.272825689520687
12121,6.079256891418481,2.0518266165227033
12122,45.20466536283493,6.907291226089001
12123,31.388806581497192,1.5739017682499252
12124,26.256714942865074,3.963542766345199
12125,24.63615431636572,6.782668482512236
12126,15.033892063656822,1.0753010558578353
12127,7.0802384862618055,0.8739363050553948
12128,10.498134995577857,0.46605424203153234
12129,10.81021595466882,0.2957737677890009
12130,24.065069466945715,10.79083759803325
12131,2.5931019466661382,2.1213309466838837
12132,11.348486579721794,6.071807278320193
12133,13.177532109431922,2.6384228197857738
12134,4.982161923311651,0.45775634465280746
12135,4.624772735422084,1.6555968717730138
12136,10.23184131924063,0.9945653833565302
12137,6.041764791123569,0.9083374260226265
12138,9.999113245867193,2.507949954364449
12139,23.472622473258525,11.684220914496109
12140,5.0426195729814935,1.4337382740341127
12141,43.95631981315091,2.9243845293995037
12142,6.986529287765734,0.4877888889513997
12143,13.512414142955095,1.1492853462696075
12144,7.380391001701355,1.789589983818587
12145,50.52106391172856,10.861394879495492
12146,35.71283430000767,12.553575051788357
12147,16.86200762167573,10.755815439624712
12148,25.822749964427203,6.400193019624567
12149,4.190701350569725,0.41136715040920535
12150,3.782032373826951,0.8820331298047677
12151,11.206659361720085,0.40588299912633374
12152,30.187434528881568,7.208998050773516
12153,12.21692430973053,2.226864554686472
12154,24.275766134262085,8.81585157243535
12155,4.2299768890370615,1.1214067339828944
12156,30.178298715502024,4.80763797974214
12157,4.286198865622282,1.7949599443090847
12158,6.423432328738272,2.3514349682372995
12159,6.095370414550416,2.946598214271944
12160,1.1960016170050949,0.5573263441910967
12161,2.6511972583830357,1.5577296119881794
12162,14.884952619671822,7.259775566868484
12163,1.5853800592012703,1.4796532690525055
12164,5.609354972024448,2.927432603435591
12165,2.252806857228279,0.2070446513553179
12166,9.562166861258447,2.4010894818929955
12167,7.145311085390858,2.222975192591548
12168,2.092982862755889,1.5471619199961424
12169,8.948297779075801,0.9599418388679624
12170,9.166477007653157,2.7206828695489094
12171,4.84162242570892,1.1366988962399773
12172,9.201577819883823,3.868195115731396
12173,17.18977183662355,5.750579174025916
12174,33.17641622258816,6.550157825928181
12175,23.872342832817594,2.583864300257119
12176,16.875253512174822,0.43462627289409284
12177,2.737114635296166,1.7417930361698382
12178,4.094749121868517,1.5869777312036604
12179,23.8565913438797,4.735656909062527
12180,2.722015914740041,1.9164305156446062
12181,2.002072266463074,0.4752279579406604
12182,8.836711133481003,2.5810874849994434
12183,9.066142246127129,3.400925010093488
12184,4.841201497241855,1.671494828100549
12185,6.7442350797355175,1.7276875209063292
12186,16.856240645458456,3.583748187375022
12187,20.934765005949885,13.095518108457327
12188,3.019308203831315,3.9198349171783775
12189,11.448286627884954,11.456177448795643
12190,9.615550132424687,3.625613087788224
12191,3.707575690932572,4.362174524925649
12192,13.778071062406525,0.5065519000345375
12193,14.857133866287768,6.9596723776485305
12194,15.273284456459805,4.966908671085548
12195,5.346361331641674,4.153064385056496
12196,11.759783289628103,5.112073469907045
12197,18.93242025282234,9.126783724874258
12198,6.124681995250285,1.6491410040762275
12199,6.0694207032211125,1.1276093830820173
12200,6.396978052332997,0.6474299859255552
12201,36.936187494546175,1.126278636045754
12202,5.272668684054224,1.2468719880857932
12203,12.254973861156031,0.6476978796417825
12204,6.252963062841445,1.8924664275255054
12205,23.63646184047684,13.31973112653941
12206,4.474676387864747,2.954518485188146
12207,2.2695136116817594,2.9283530083484948
12208,10.142766085918993,0.45122536444978323
12209,8.065846050623804,5.480849291227059
12210,7.3985936029203,1.7577063146745786
12211,3.1504775586072356,2.539470468647778
12212,14.13679540905332,8.651006175205112
12213,11.598361987620592,0.7529447339675244
12214,4.099999740486965,1.4164531864225864
12215,6.291450781980529,4.20601396379061
12216,7.793547302484512,0.3223954690620303
12217,2.0351793948211707,0.2717578775482252
12218,3.723516861675307,16.471748086827574
12219,4.56420756469015,4.188430841284571
12220,8.786114110145718,2.618287946179521
12221,5.672893897630274,2.65918969183258
12222,4.8729536999017,5.224279014393687
12223,4.3206205906074615,2.0226701094579767
12224,6.752643031068146,1.6910817306488752
12225,10.597458124160767,1.1964822278823704
12226,2.968405358493328,4.182822658796795
12227,1.663447938830359,0.6316860925871879
12228,6.076685059815645,7.186647118176552
12229,0.8909043711028062,0.1970218528585974
12230,18.360727038503683,1.1638123217007887
12231,22.53766232728958,0.3612819343106821
12232,2.85445814661216,0.2883745337531991
12233,2.287962334405165,3.4725336889969185
12234,5.031009519476356,5.797616617295716
12235,2.730175150791183,0.5437383107891947
12236,20.62148165050894,5.984873236855492
12237,12.364897260791622,1.427757290599402
12238,2.3425629707053304,0.656659520464018
12239,4.56408317387104,3.783574787899852
12240,20.544361051172018,4.148887657651812
12241,4.614455717562123,3.835678424395155
12242,2.2128434404730797,0.4445511633530259
12243,5.934248374542221,0.5369153913343325
12244,38.42196447812967,19.783727209316567
12245,32.799415064859204,0.9990948448248673
12246,2.9056185171939433,3.1459830054081976
12247,1.8309778682887554,2.5301275276578963
12248,23.253975859828643,7.242330215638503
12249,12.790835021529347,13.677715080790222
12250,5.454180531203747,1.6958867060020566
12251,1.5888735766639002,0.6072909079957753
12252,9.157142823562026,5.891167310473975
12253,10.539617851376534,0.9774933785083704
12254,7.633646555244923,7.887708583206404
12255,3.49548654013779,3.339420673903078
12256,6.749864510971747,6.251673449296504
12257,7.015668557956815,1.5994539530947804
12258,3.168151100166142,1.8606352163478732
12259,29.135543322190642,2.4200421776477015
12260,0.8468813076615334,0.5639303766583907
12261,10.736898306524381,3.2787056118249893
12262,18.627193658352553,6.586338352179155
12263,4.942734866261162,2.488478990038857
12264,3.7780417753674556,3.3347527453443035
12265,0.44438106659799814,0.6575074831871461
12266,2.388881037943065,0.8783226671657758
12267,8.195620883256197,10.01378830774297
12268,7.689303249004297,2.332286958117038
12269,23.329711094498634,14.347163323893284
12270,9.635852106846869,6.666162049397826
12271,2.169830153521616,2.6309142842656
12272,9.18916252371855,9.48462531331461
12273,7.705688662827015,3.396340427279938
12274,6.23910165077541,8.181409325450659
12275,2.754200370280273,2.442793130496284
12276,5.527909091790207,2.8873897005687468
12277,18.83868879172951,3.333567850291729
12278,4.551733270287514,1.673095278441906
12279,5.667391866445541,0.8720128240529448
12280,8.388811425305903,3.804311382584274
12281,19.62485606689006,2.953916150290752
12282,20.1627752892673,11.353797497710843
12283,40.21793624153361,2.327123526483774
12284,30.506175468253787,17.790687762084417
12285,16.6840737760067,9.187825808301568
12286,27.70480747448164,1.5042987808701582
12287,28.80629906144759,20.074189053848386
12288,14.078297911211848,7.426361667457968
12289,2.4933719485998154,3.93273061956279
12290,5.643331772098463,14.362079536076635
12291,6.494035640731454,4.543390458409704
12292,12.905620166566223,1.3744888859800994
12293,7.721971575170755,2.9987651154224295
12294,26.408970430493355,10.197140210308135
12295,7.387560998729896,2.5632399898022413
12296,8.07461591050378,1.5360894030891359
12297,6.514374017249793,3.220416193769779
12298,33.92777029098943,7.744740326219471
12299,2.958806345006451,3.858221838308964
12300,3.975386667647399,4.801073642767733
12301,22.208951339824125,1.9815683136694133
12302,17.184167552739382,1.6951390765898395
12303,3.7481248937547207,1.1105258610332385
12304,18.29890329472255,10.200995733961463
12305,31.709311964077642,2.133440237310424
12306,8.10303570702672,0.6703944200727392
12307,9.298973299562931,2.4101406525587663
12308,5.292541809147224,1.1782980599673465
12309,6.561211546417326,3.644847835181281
12310,13.702033918350935,3.911090417066589
12311,4.2411032896488905,1.6149982262868434
12312,5.36176975723356,0.5581446466967463
12313,1.296822814270854,1.9948147812392563
12314,2.0306890809342804,0.5041829227002381
12315,16.983262615278363,2.9462854604644235
12316,25.220020858105272,1.4592979062581435
12317,16.339554354548454,7.107826004137678
12318,5.715583124663681,2.424588855705224
12319,5.51589678414166,0.38810058357194066
12320,20.293032065033913,0.5138497080661182
12321,16.360261619091034,3.6152522074989974
12322,44.35772919654846,0.7375095064053312
12323,3.119704842567444,1.859101724192442
12324,1.475009626999963,0.24088519701035693
12325,29.284100796199823,1.785568628605688
12326,9.137576298438944,1.4581617557121263
12327,10.672666019847384,2.675154706230387
12328,51.172390177845955,17.006193328648806
12329,14.572883727494627,1.509816882724408
12330,13.668798632919788,1.3871197636522083
12331,7.835649477317929,0.37760722963139415
12332,51.04625988000771,1.949942510575056
12333,3.5497910922276787,0.5707980449369643
12334,60.99274869263172,11.923896477324888
12335,70.11227576993406,6.265033588156257
12336,29.969557888107374,2.032361772173317
12337,20.643199920654297,0.4603035595500842
12338,12.038741327822208,2.4987963158637285
12339,15.67398764193058,3.3786464991717367
12340,69.2864527660422,6.4501145236245065
12341,9.564137697219849,2.506552657694556
12342,15.79465975239873,1.2908361740410328
12343,2.6366046369075775,0.240739928441144
12344,54.97410249392851,14.228046061703935
12345,40.85006586462259,1.4418393038213253
12346,11.699113415554166,2.949753207532922
12347,5.879464689642191,2.135662015527487
12348,56.919322066009045,3.980897232890129
12349,3.8948371422011405,3.717813184706756
12350,21.29732395708561,6.998300061561167
12351,4.945837783161551,2.889088774373704
12352,10.039956035558134,2.170787272392772
12353,2.6569745372980833,1.0459023734529183
12354,17.43741386558395,0.5135197475901805
12355,9.638339269906282,0.9831285262480378
12356,51.270552242640406,16.337313715252094
12357,8.503338485694258,3.73189723235555
12358,24.116540462477133,4.986074286745861
12359,38.268234177841805,1.1776468373282114
12360,18.193696789443493,1.1706258985213935
12361,4.382596413604915,2.034464228869183
12362,6.483654930489138,1.8470965514425188
12363,3.538941934821196,2.4845814355649054
12364,27.093515664339066,4.846082504838705
12365,14.742844798136503,1.5201505869627
12366,44.235875454265624,1.9118988280533813
12367,2.498698525247164,1.7017179932445288
12368,6.706419213092886,0.1851929461972759
12369,15.969633402637555,3.8434247810509987
12370,16.338853057473898,3.996351680252701
12371,25.390743621159345,10.38190062079957
12372,3.1921057300642133,1.735975747811608
12373,4.4996054521761835,1.4342411539983004
12374,31.003292754292488,7.937380209565163
12375,21.924651622772217,1.5245963269844651
12376,18.829619622556493,2.0020876289599983
12377,8.578619011677802,0.7908734666416422
12378,14.319442607462406,3.570470785256475
12379,4.85604565218091,0.6428553842706606
12380,3.4170403070747852,0.4359157326980494
12381,44.965946942102164,5.07265031337738
12382,5.048032722144853,2.097267937846482
12383,5.694161784267635,5.619500655680895
12384,25.06764819100499,3.5649028751067817
12385,4.489887975854799,1.440390166360885
12386,34.55885480728466,1.6102196264546365
12387,12.84926363825798,1.8639412466436625
12388,16.613276546704583,3.475138112611603
12389,38.260613491758704,3.5800032595871016
12390,5.042078795726411,0.8163397771422751
12391,32.088172175572254,5.519853052101098
12392,7.038661789265461,1.0699364950060044
12393,1.2658992540091276,1.4312662330539752
12394,3.059132149150173,2.5672750994563103
12395,28.378424284393986,2.6948613240383565
12396,3.5047457017935812,0.400900685461238
12397,18.082402361673303,6.915883984416723
12398,10.15968054998666,0.6085814228717936
12399,29.167308002710342,3.204660688061267
12400,17.555446906015277,5.315622213063762
12401,12.08902470394969,0.8467911023180932
12402,24.125178583781235,1.8292263909243047
12403,4.438665552260318,3.964961721561849
12404,2.8079167254036292,1.135749896580819
12405,18.769208759244066,2.1194048578327056
12406,5.508548262179829,0.5404447901528329
12407,50.75852798949927,9.93627805635333
12408,10.100133802741766,0.8712266332004219
12409,5.873079485085327,2.868627231953724
12410,11.375489062163979,13.539854578441009
12411,4.3991929915500805,2.4352731343824416
12412,33.522166589275,5.066451892722398
12413,7.798599750269204,0.7600301648490131
12414,10.010408663802082,0.7669409969821572
12415,17.793698899447918,6.407378928503022
12416,19.031364305876195,5.1770102344453335
12417,8.352368625812232,2.1363742128014565
12418,18.986615500063635,2.307532515609637
12419,6.764091204007855,0.6953452480374835
12420,10.075669669080526,5.070341849699616
12421,24.363854794297367,1.799293965101242
12422,17.467064939439297,0.9962927317246795
12423,6.224024131894112,1.1746510587399825
12424,21.78929972462356,5.678720565047115
12425,25.22033590800129,1.3500222220100113
12426,16.390132601372898,11.303783603245392
12427,8.90621833188925,0.9614622502122074
12428,10.41361376689747,1.652369549497962
12429,22.205108715454116,1.789151994511485
12430,18.692628547549248,5.441478620807175
12431,47.743129584006965,6.637282487470657
12432,4.640124540776014,0.5474804974655854
12433,5.278476878947913,1.9940643273293972
12434,8.429328296333551,1.9978166241198778
12435,3.045086804777384,2.395893121138215
12436,3.5306495809927583,2.421523976721801
12437,31.455667906906456,2.007271960377693
12438,2.4436870312783867,0.8187962662777863
12439,4.301788904985642,1.5055345909204334
12440,9.565305970143527,1.0706158904358745
12441,17.222649294883013,1.4192280359566212
12442,3.154296597931534,1.159794608131051
12443,15.621335454285145,0.9234799788682722
12444,17.182546582102077,2.8167091105133295
12445,3.938805455401962,1.8784529059194028
12446,38.14754680235592,1.7488817819394171
12447,18.422435864806175,0.6306953309103847
12448,13.651964344084263,0.4011206831783056
12449,15.071441105990743,0.21134949382212653
12450,24.03019307553768,3.4268304806246306
12451,11.967642756178975,1.8635221663862467
12452,5.427235490176827,1.7903385441750288
12453,19.94246478821151,2.5891185207292438
12454,16.65495178103447,0.4079133290156278
12455,10.06955373287201,2.5234496905468404
12456,33.81197279281332,0.49573956220410764
12457,15.958132542669773,1.0121620526042534
12458,9.428120461234357,1.3076718533993699
12459,24.326328903087415,2.0898487870618965
12460,14.644230423495173,2.4401442734524608
12461,8.513802547458909,3.0496537881044787
12462,7.171071304939687,1.4125818801112473
12463,4.969064884353429,0.8728974405676126
12464,5.945497422479093,6.5854145730728035
12465,16.782913394272327,1.2913253219885519
12466,26.65305141499266,1.6104318462112133
12467,19.55185956787318,0.7518651473801583
12468,38.67106915451586,0.5186777740921116
12469,36.96742545068264,0.9564767658011988
12470,48.49628138566004,2.226393641671166
12471,16.440699193626642,4.02910026255995
12472,12.271648563444614,2.8592197772522923
12473,19.217274844646454,2.187098436639644
12474,11.451964674983174,3.3381051681935787
12475,3.8624205887317657,1.199640221948357
12476,25.904825346544385,2.730138457380235
12477,16.446011950727552,3.234792179428041
12478,14.754612953402102,1.2794129541143775
12479,13.813771611079574,3.366984979787958
12480,62.26236588135362,5.578048029914498
12481,7.236198663711548,2.9037275181999576
12482,4.720972119393991,1.4822004563175142
12483,40.935740077111404,7.608395011098764
12484,13.923358861356974,3.377097142455746
12485,11.88830684160348,5.03126592445733
12486,57.257359269075096,2.1736836191266775
12487,0.6101317689754069,0.29847660622908734
12488,40.87975546531379,4.3320298586040735
12489,0.7293570425827056,0.07665636597812409
12490,4.115407598936599,0.7806175109253672
12491,40.753526404034346,9.085341354366392
12492,22.102257260412443,0.08280707511585206
12493,8.473197069513844,2.866510696178011
12494,0.8000757201662054,1.107854232774116
12495,2.6672982405871153,1.6787045868113637
12496,0.49801149089762475,0.07935268627079495
12497,2.003501848244923,0.17041065968078328
12498,16.78173340857029,0.8450637536225258
12499,14.3039036616683,1.8829173520207405
12500,18.55610784282908,2.6300494177557994
12501,5.95241373591125,6.158588971011341
12502,6.909223463455419,0.569915272477374
12503,38.1121889273345,11.952765008143615
12504,8.54406261863187,4.233576213940978
12505,3.618114675322431,0.9170409753569402
12506,13.544658453727607,2.497636435437016
12507,5.595295540988445,3.1387502439320087
12508,17.460613881936297,4.624264903366566
12509,0.9782717425296141,0.8519769363629166
12510,12.073322794632986,16.670449883677065
12511,29.921124629181577,6.6496093066525646
12512,16.590236995369196,8.349827698431909
12513,5.30851170088863,1.9404893212486058
12514,17.154070499818772,7.705786349833943
12515,12.13043393753469,0.874254260212183
12516,17.09164560586214,5.507579964585602
12517,4.846421109396033,1.2478889155900106
12518,7.309104695770657,1.7019076016240433
12519,2.653107324615121,2.874889089493081
12520,9.016025558114052,5.193262416869402
12521,1.9849255832377821,1.365934566478245
12522,21.048464646562934,1.4311161196164903
12523,6.544232887847102,1.8135526473633945
12524,60.81236880765573,40.94697842543246
12525,70.48051929473877,10.103769633919
12526,13.812384949997067,0.7928689648397267
12527,11.774623446166515,1.730130303883925
12528,2.4048555699409917,3.730875063687563
12529,3.695469512604177,1.9120341520756483
12530,5.677658641710877,2.2625159638846526
12531,3.630733285099268,2.327657231129706
12532,2.143828660606232,1.6929844499300089
12533,22.316479246132076,4.331211306369369
12534,36.868957098573446,6.8425603521754965
12535,9.224065847694874,2.832966313842917
12536,9.90677887480706,1.8377762456366327
12537,7.828305706381798,0.6781750377776916
12538,2.136095369583927,0.28555664559144134
12539,26.36116453015711,4.473412480263505
12540,29.050114333629608,0.9515134901448619
12541,29.501142090652138,8.033431426389143
12542,11.672939967713319,0.9922420846339719
12543,4.628090679645538,7.975521341722924
12544,3.626910133752972,1.845128457294777
12545,7.889614260406233,0.7370853839511256
12546,2.0580410967813805,2.0969891841814388
12547,38.109329039696604,8.823116066050716
12548,5.134906144812703,1.2641280284151435
12549,7.81759437918663,0.8740785149857402
12550,35.650618816962634,1.8291926668025553
12551,2.342579098592978,0.6911279177293181
12552,5.4910425478592515,1.851079068132094
12553,7.767478068708442,4.847758658084786
12554,25.91372906975448,8.44706475455314
12555,14.144499245798215,12.33056323416531
12556,21.101733922492713,4.252863174304366
12557,25.00399970728904,2.7803398496471345
12558,5.756036983621016,0.26178864897519816
12559,8.94738721800968,2.883565037511289
12560,13.776413314044476,4.8998330142349005
12561,36.22101171803661,6.119914360412167
12562,6.420920597214717,2.3694404507405125
12563,1.360796071588993,1.364459129050374
12564,2.850826297653839,0.8597056120634079
12565,1.6264368537813425,0.40770080959191546
12566,1.3924755464322516,1.4675251656735782
12567,10.19724700320512,0.9353155477438122
12568,4.878367457538843,1.1803488603327423
12569,6.795247781206854,0.8513504225993529
12570,3.0429900174058275,0.8874547112500295
12571,3.8920436339685693,2.5439440223708516
12572,3.3673384096473455,3.7169970875620493
12573,32.68699978290533,1.884190164051688
12574,12.764150762930512,1.532545119524002
12575,3.4168770367323305,1.309473063563928
12576,3.09268099401379,2.6243459950201213
12577,39.21607954985666,3.3176690983382287
12578,4.51554318878334,2.857260540127754
12579,11.72537075751461,9.729693711152322
12580,3.9245147313922644,0.901823353022337
12581,30.474983900785446,2.0219089213060215
12582,14.532652015099302,9.8000773609092
12583,25.47267180961262,2.452654090426222
12584,11.562448629643768,8.512597124907188
12585,39.450603265780956,4.4496381636708975
12586,12.354165400378406,2.0901989193225745
12587,4.185024524107575,0.894832793623209
12588,30.472491592168808,2.376755620352924
12589,7.022833793889731,1.5252942540682852
12590,1.239805760444142,1.3228360075736418
12591,44.30126488395035,2.8527780226431787
12592,1.7242841918487102,0.07899261484271847
12593,42.55937601439655,10.080683470355325
12594,2.8567206896841526,0.3704000483267009
12595,9.448139246553183,0.07083575369324535
12596,3.8582600911759073,0.38665716468312894
12597,9.391495484858751,2.166485782898235
12598,6.840607033125707,3.83290020795539
12599,13.902019863948226,5.472437515389174
12600,16.15803564239468,0.5364899070264073
12601,41.06716902181506,10.496680217795074
12602,2.309085976332426,1.924132325919345
12603,14.995758447563276,7.302569738589227
12604,50.06878999248147,5.88473155349493
12605,4.062586550622655,1.477233765705023
12606,17.941411517560482,3.177722502499819
12607,12.032397466013208,3.522361634299159
12608,1.7870070450007915,0.9078734237700701
12609,6.212237868458033,1.891610523685813
12610,3.879948500543833,2.081750170676969
12611,5.1105621652677655,1.3926661992445588
12612,4.98923696989732,1.3064404126016598
12613,1.7430801782174967,1.0140435319626704
12614,7.923839120194316,1.2556886384263635
12615,2.539727229217533,1.5451702024729457
12616,3.061340023356024,1.688713845796883
12617,2.2266937382519245,0.21003798575839028
12618,9.128001435950864,5.363308744505048
12619,1.1456875624135137,1.408993481658399
12620,7.481027412490221,1.9369612340815365
12621,8.679531965508431,3.1909479899331927
12622,5.765597149031237,2.0627310778945684
12623,10.839217152446508,0.6672483613510849
12624,5.826327572809532,3.4112413749098778
12625,9.117054043337703,1.5583352702087723
12626,1.0831638816234772,0.800311318365857
12627,1.8942738376645138,0.6602298804791644
12628,8.040883664623834,3.178738188929856
12629,18.504540079273283,1.4950729454867542
12630,5.467739973217249,2.301159866794478
12631,7.045360981763679,4.87692815560149
12632,0.7191312737413682,0.366404322150629
12633,18.837864280678332,3.96849450271111
12634,25.44785086205229,8.60719808517024
12635,4.260317447129637,0.12152552695715713
12636,2.5331061156466603,1.1229201249079779
12637,2.155957441776991,0.6737193849112373
12638,5.917792112799361,3.069756782701006
12639,9.06243974948302,6.078486175974831
12640,4.741886036470532,3.512149602174759
12641,20.617368810344487,2.8095333639694218
12642,30.038467257989396,0.24792801460716873
12643,5.36251082457602,0.992367320228368
12644,4.266770303249359,0.4159793583676219
12645,9.78048674017191,1.6140966032107826
12646,4.51247640803922,1.204394765663892
12647,36.16748450696468,6.030777142383158
12648,0.9735230507940287,0.9513295315227879
12649,9.717324527911842,2.9470813104417175
12650,1.3065574207284953,0.6570729374761868
12651,0.8669830048702352,0.941165023483336
12652,1.8479129914194345,0.4134863910203421
12653,2.10569857689552,1.2968460321426392
12654,16.833821267122403,4.330920669541229
12655,19.406245664661128,0.4297759449109435
12656,2.5831549567956245,0.9642484727664851
12657,6.157703336793929,2.581471105959281
12658,12.726532977074385,4.0837261049309745
12659,16.29241722705774,5.046318899607286
12660,9.325057845562696,1.5259600467979908
12661,3.796248451573774,3.4247263935394585
12662,4.045003117993474,2.0336000800598413
12663,5.2587387064049835,1.0372114009223878
12664,12.827858783741249,0.9619092865032144
12665,15.1016151830554,6.243076882499736
12666,2.3407599318325083,0.5693093776153546
12667,36.5304531713482,8.51036287844181
12668,6.010885863448493,0.3017828399897553
12669,14.770017117261887,4.126427459181286
12670,11.161293558776379,1.5839979030902214
12671,8.726345030590892,1.3447283009882085
12672,0.8215736942365766,1.7471318319439888
12673,26.054740028921515,8.913278307358269
12674,1.0868514031171799,0.8925833522807807
12675,21.57174859661609,2.2290396810276434
12676,9.297704030759633,0.6589463859563693
12677,10.030992962419987,4.251181339728646
12678,11.887664586305618,3.9003496607765555
12679,1.077315756585449,0.6712437676615082
12680,3.4085179597964554,1.145789478727238
12681,16.00091971940128,2.6088269412284717
12682,14.532739777117968,7.549429500475526
12683,38.82998988032341,15.569730405230075
12684,24.4632511716336,20.351464017265243
12685,19.2997007733793,0.8561863852664828
12686,11.939134761691093,1.3920249465154484
12687,5.828144947532564,6.829446761868894
12688,1.2690255120141956,2.096460175143875
12689,6.115353402681649,1.5134998138528317
12690,17.02249624952674,7.326060310937464
12691,23.794339316897094,6.680448711849749
12692,8.76967490464449,1.2067619785666466
12693,10.442301794886589,0.5801056890632026
12694,3.521568847296294,0.4209419099788647
12695,4.3160101640969515,0.532838363898918
12696,12.389148478861898,5.26108562036643
12697,10.112254280596972,0.9141251388937235
12698,5.393903123214841,0.4844228208530694
12699,4.109170092269778,1.3652373002842069
12700,7.737878255972646,0.7875473063904792
12701,6.952297308598645,1.1168106535333209
12702,14.599454478826374,3.2587415142934333
12703,3.8689538764301687,1.4049213125836104
12704,3.694142309948802,1.5911825252696872
12705,20.379380254191346,1.2892156797461212
12706,57.755260333418846,22.83748698435477
12707,4.683862192556262,2.168122556868184
12708,3.3507060054689646,3.5817090009804815
12709,25.13614196679555,8.769945879234001
12710,4.988704448565841,1.2065086993388832
12711,31.24665333982557,6.294904738198966
12712,3.5490527879446745,0.9211626979522407
12713,13.5241464599967,5.923058342072181
12714,19.823084096889943,10.108074459247291
12715,18.290724022313952,5.839347296161577
12716,9.317023112787865,4.42003624769859
12717,6.108429281041026,1.2167839971370995
12718,3.258538146823412,1.0182859571650624
12719,4.816206470131874,5.162719052139437
12720,11.12645607910963,0.39231063262559474
12721,23.413356766104698,1.4249780344543979
12722,8.454338332870975,0.8345446721359622
12723,6.594575467985123,6.259238936007023
12724,18.062340154108824,1.8314226946095005
12725,8.525675052776933,4.227815759717487
12726,19.967883591423742,0.8418599143042229
12727,58.90222090482712,14.789589881896973
12728,48.03048064591712,30.91071829208522
12729,23.26718072593212,10.1162222775165
12730,29.279180954094045,2.6319309547543526
12731,22.330059052910656,7.359279731494098
12732,14.547530464828014,2.2860842207446694
12733,27.719930320978165,0.32034668442065595
12734,15.904867857694626,13.337493542581797
12735,13.073661802336574,1.0860206268262118
12736,24.349581581198436,5.38508472761896
12737,27.02010379731655,7.329821062419796
12738,16.55661564320326,2.6737248585559428
12739,11.416149999946356,12.03429590491578
12740,21.754583332687616,6.397765817120671
12741,26.722294476814568,9.334343560854904
12742,5.7635797872935655,0.427929830737412
12743,9.72665965440683,2.057939245714806
12744,49.64521289190452,28.786803811206482
12745,24.584702879190445,10.24304505072098
12746,19.297437144152354,3.386873782845214
12747,14.556050218641758,2.1192021924071014
12748,15.910963990259916,6.928823659301997
12749,5.075024859193945,1.2377287278650329
12750,20.668024895509006,3.9938017199747264
12751,19.413803786272183,6.8667803828611795
12752,22.429050618316978,4.5152951951345415
12753,24.38738491386175,4.953593619167805
12754,23.00875426759012,6.464220371097326
12755,13.54358117794618,3.8302860227413476
12756,5.3611631903622765,3.5779997180216014
12757,1.2573751331074163,0.7910651826096
12758,6.574797660112381,1.0508216214529966
12759,10.383541150265955,0.3816182602186018
12760,8.572172756568762,0.8673776327632368
12761,11.545157510583522,3.996665770182517
12762,9.963052181592502,4.594949738122523
12763,6.695031024515629,6.452315762173384
12764,8.817991758754943,0.954784810077399
12765,4.010077924467623,0.9747081168752629
12766,32.48755650687963,19.57731102500111
12767,27.516004758886993,17.817506471648812
12768,11.542183192097582,5.3021541254966
12769,5.039547631517053,4.14917566627264
12770,15.648237915949721,5.338796624797396
12771,15.600795418489724,3.526164394803345
12772,7.327395698055625,0.8730046969430987
12773,17.175490364432335,9.982958940789104
12774,2.96379014228296,0.9190579188277752
12775,4.939696179327484,2.3109429008327425
12776,10.666078543290496,4.203988614492118
12777,5.373785910196602,1.266168032772839
12778,7.014365178449225,0.8560381789066014
12779,5.733371131122112,2.199759201030247
12780,3.5687330786604434,2.8418162651360035
12781,3.353290577942971,1.2996790165652783
12782,5.589937516488135,2.275729248187872
12783,0.16828893776255427,1.1980904780211858
12784,7.758452298301563,3.1798161384649575
12785,4.087101937941043,0.7630659003334586
12786,1.4151108722144272,0.5995611449470744
12787,11.474730582907796,2.2606016136705875
12788,3.817062124609947,0.7169965822249651
12789,27.155576089280657,1.3642401399556547
12790,30.663739229552448,2.3762854235246778
12791,6.715235746931285,1.8797851212730166
12792,21.747644551098347,5.862589617609046
12793,41.582976459525526,2.352528075920418
12794,9.386187546886504,2.9209568386431783
12795,8.158688218332827,3.132225305540487
12796,5.872917456552386,3.2494702208787203
12797,9.525327391922474,0.6067345111659961
12798,20.577108073048294,11.943366148480436
12799,7.453571712132543,3.620989174582064
12800,8.312429649755359,2.946876964531839
12801,15.212518978863955,6.2664922517724335
12802,5.400006375275552,5.053615100681782
12803,18.568918772041798,0.15847384952940047
12804,4.9859255875926465,1.4028703821823
12805,20.445087280037114,2.343435408678488
12806,8.523607112467289,2.759014335460961
12807,2.202616032678634,0.8164430087199435
12808,19.25703271693783,6.0485198453534395
12809,12.338080727960914,1.6299577599857002
12810,1.4977752214435895,0.8423924113158137
12811,1.1918661720701493,0.5996875371783972
12812,8.559374995529652,6.982020869851112
12813,6.63996491394937,7.991311904974282
12814,4.000217644497752,1.0875993371009827
12815,17.26201270520687,3.1685578357428312
12816,5.264094524085522,0.5230760034173727
12817,0.6390504884475376,1.3890605729538947
12818,9.75999248959124,3.252287902752869
12819,5.431598341092467,6.225949425250292
12820,10.412510784342885,9.245548719540238
12821,4.689117716625333,1.7263257000595331
12822,14.353608916979283,6.019927472341806
12823,7.771254473831505,2.606646312517114
12824,18.870746003463864,14.22992004826665
12825,11.576493075285725,1.7964397260111582
12826,5.145904986624373,4.085800856351852
12827,3.3223799968254752,7.071749603120452
12828,6.0779677361715585,2.1466168377082795
12829,7.28774665016681,5.156075930506631
12830,3.245703521883115,3.1636037222633604
12831,3.49208389587875,3.1827877201139927
12832,5.226919531822205,6.813925690599717
12833,2.4603477278724313,20.52761614753399
12834,7.363631905987859,3.004829794866964
12835,13.440774574875832,8.742582149803638
12836,7.0794929303228855,8.124787363216456
12837,1.59553542706999,0.8835729407146573
12838,23.193966493941844,22.762540575611638
12839,6.168327216757461,3.521217510133283
12840,10.279154455289245,15.187639623880386
12841,3.1924319616518915,0.9914909368380904
12842,4.466413887217641,5.068903737701476
12843,6.950930432416499,6.565216706250794
12844,1.9145462058950216,3.5287631866522133
12845,9.247936341911554,4.3634670281317085
12846,35.91901659965515,29.549313577469547
12847,3.37336068530567,4.8706545821914915
12848,3.9910367416287045,2.9687749015865847
12849,23.216037735313876,10.431072282415698
12850,11.11370875290595,9.89616408571601
12851,2.7998537961393595,2.3384003415703773
12852,9.443347101667314,3.2797505864000414
12853,29.871981468051672,18.390907688997686
12854,30.225511877797544,2.130259948899038
12855,11.405520226806402,16.84458847588394
12856,1.7511775552593463,3.1047108294442296
12857,9.039216210905579,9.967287192939693
12858,9.607952819904312,3.282441216520965
12859,9.13586462289095,4.577135839499533
12860,5.439218838058878,7.232240869663656
12861,7.952277584176045,8.531609248835593
12862,7.822382237238344,19.915801452007145
12863,38.58033711416647,33.51090609095991
12864,3.1515475064516068,3.8336599804461002
12865,3.2418786748312414,2.7849309994344367
12866,6.791154501028359,1.5454289664594398
12867,4.986269986955449,3.6885230292682536
12868,14.619129772472661,4.905343076214194
12869,12.836187581531703,4.134146788390353
12870,6.308066969038919,4.554030885861721
12871,5.325677348067984,2.56752597540617
12872,2.9922069362946786,4.039915792178363
12873,2.482588170620147,1.5716328364796937
12874,1.1732830914843362,1.9188453815877438
12875,30.970294633880258,3.145522319679003
12876,5.5042330622673035,2.2575070951133966
12877,1.568728388287127,0.9736683328560503
12878,7.912595028057694,2.2100220213105786
12879,15.333055318216793,2.6433987533673644
12880,1.4958205393586468,0.649156706269423
12881,4.730299466755241,2.0110780469840392
12882,2.7011005130480044,0.7344617114868015
12883,13.929351195693016,11.205153172486462
12884,5.4110476703208406,2.673188665881753
12885,2.845990177243948,1.1384266121312976
12886,3.0062102373922244,3.7004816031549126
12887,4.536400122568011,1.3271159225259908
12888,26.837802613154054,11.636782275279984
12889,4.770546176936477,3.684910672251135
12890,7.902536358684301,8.992014083443792
12891,4.96267618983984,4.716405047336593
12892,3.0230628307908773,2.100963830947876
12893,2.850787907023914,1.6739815333858132
12894,8.518323734402657,1.4700934616848826
12895,5.298021776136011,5.309885178285185
12896,5.825594707275741,1.218839361681603
12897,20.911313562188298,6.918568306020461
12898,3.1811780247371644,0.9633439204189926
12899,7.792912218719721,3.9496299910824746
12900,37.91625535674393,12.603114608675241
12901,5.014291625702754,3.0827663165982813
12902,15.83369644312188,3.477327410320868
12903,2.7376572573557496,2.490498911123723
12904,8.26002693362534,5.738140861969441
12905,3.4612813627172727,1.8086330758669646
12906,5.263749623671174,2.8701898566214368
12907,6.355564241763204,3.209633493795991
12908,15.32374270260334,3.8864859165623784
12909,55.13843550905585,14.19919041248881
12910,21.693870848044753,25.00369018712081
12911,1.5999855431728065,3.789619325660169
12912,9.80156254582107,7.2048013638705015
12913,32.627541709691286,10.160135077429004
12914,38.51329191867262,20.95802005659789
12915,16.28221002034843,7.722294932580553
12916,41.22512085700873,8.264812406850979
12917,43.14767558546737,6.2829275294425315
12918,44.10971188239637,19.208332932306803
12919,56.617951796390116,51.82089040055871
12920,2.3155663632787764,3.8384430101141334
12921,24.774431748955976,12.833656556904316
12922,10.14331325655803,11.033844642319309
12923,5.816325485706329,8.48726868443191
12924,14.144377995864488,6.919395615812391
12925,1.926299137994647,5.363833344075829
12926,8.542950690258294,0.980156842731958
12927,6.358431942760944,0.6643786241766065
12928,21.348372554639354,7.564888500084635
12929,7.374951273202896,6.000805230811238
12930,19.652941420674324,11.013416351983324
12931,5.2897930146427825,2.2814661636948586
12932,34.764747155830264,8.230745366658084
12933,7.195813532918692,2.7298492612389964
12934,2.050547435908811,1.770834444090724
12935,19.84738594852388,8.086412951350212
12936,5.002975234063342,5.806154057438107
12937,9.883744201157242,0.7461424198118038
12938,26.19521681405604,3.397789458295847
12939,18.680041775107384,0.9297351085115224
12940,0.31972358882194385,2.083083174075
12941,8.298709966533352,12.325190065086645
12942,1.3069584628683515,2.3005733100580983
12943,15.424303357372992,15.355135058867745
12944,6.960609978706998,14.107097632717341
12945,1.31878314120695,3.3339317245408893
12946,9.920008213724941,7.914950154721737
12947,5.981286888432805,5.372212420501455
12948,16.203895948827267,0.4368459964171052
12949,6.408640416979779,8.582106091082096
12950,3.1684080604463816,3.3666082620620728
12951,8.83878660807386,2.036497833672911
12952,12.3961411267519,19.159352789924014
12953,5.447198333218694,3.7743347380310297
12954,2.585274421970098,4.901510171708651
12955,12.516141744330525,8.567976682912558
12956,0.9614640334621072,1.1044297236949205
12957,0.45217124826740474,0.49746653764668736
12958,8.703328646719456,1.2960063735881704
12959,3.533788825676311,1.638576769939391
12960,16.724452048540115,11.910656950087287
12961,6.095315549289808,0.6710574176868249
12962,4.004792165476829,0.6187763940542936
12963,4.326355021912605,2.5738296082708985
12964,2.7971204400528222,2.0809397595003247
12965,13.841364286839962,4.722584556788206
12966,34.53900502901524,18.07682742830366
12967,19.71449711546302,8.17885522159122
12968,14.724618026724784,14.92913391906768
12969,8.599451154470444,12.336391990902484
12970,1.6368538876995444,2.3798270659681293
12971,28.053980277851224,25.056453765020706
12972,6.39983447897248,0.4097381711471826
12973,10.002915307879448,7.384517993356894
12974,3.0130292066023685,4.356305922148749
12975,7.903729297220707,3.301368325948715
12976,7.2260564267635345,0.8353747297078371
12977,21.570893093943596,2.5202255986278033
12978,3.380006866529584,0.5052525014034472
12979,3.735005313064903,4.284500430687331
12980,3.890058185905218,16.207533312030137
12981,4.877240600995719,0.5161712851258926
12982,0.8537551340123173,0.6117723877541721
12983,6.568515361752361,4.081171254627407
12984,4.690396722406149,3.3188950391486287
12985,8.873487927019596,7.771750315092504
12986,3.3508067701477557,4.0726754500647075
12987,11.20310334325768,3.1290253694169223
12988,1.7821895540691912,0.9923388469178462
12989,5.064692834857851,0.9504182363452855
12990,12.968220145590749,2.786945941923477
12991,4.506696361117065,0.9679907946847379
12992,14.174853335600346,1.754536486347206
12993,4.903616962954402,6.241516576614231
12994,16.177939149201848,5.8940705625547025
12995,23.14048990793526,8.179808313259855
12996,20.933535181800835,17.88851334969513
12997,11.640831978991628,3.8120811718399636
12998,36.91106179356575,11.953018907341175
12999,21.708896614902187,2.1506723833736032
13000,1.3691161288006697,2.192803175188601
13001,0.22865874037961476,1.481454129141639
13002,32.39345643669367,29.645514795323834
13003,3.085636149160564,7.756412278860807
13004,21.645343542099,4.152743605431169
13005,26.52726121339947,7.310722799040377
13006,6.800190978683531,19.140791302081198
13007,7.007460156455636,23.758012967144168
13008,9.150658634491265,6.755068192258477
13009,5.129488837206736,8.288751994259655
13010,10.99113609525375,8.820246054325253
13011,6.855371803045273,14.339615869917907
13012,2.394093760056421,14.953076232224703
13013,26.76380044175312,13.2213487790832
13014,5.953608402982354,33.01790447719395
13015,17.01873645139858,4.525035647675395
13016,11.4099280416267,3.9668075861409307
13017,3.414168296731077,4.533276043832302
13018,2.412821536883712,1.690357702318579
13019,23.184075302036945,1.6138041052035987
13020,26.156055367551744,1.5502975266426802
13021,1.7986993746053486,6.232950243167579
13022,5.802398776228074,4.950194095734332
13023,5.222372506279498,6.1049968416919
13024,18.906685270369053,18.5742892883718
13025,33.15252072131261,25.51980768611611
13026,17.853384487214498,7.289205385372043
13027,8.275310061872005,10.672370009124279
13028,19.749374680686742,3.9095540596172214
13029,2.7851277862209827,1.4236497152596712
13030,31.04837733455406,5.230807366038789
13031,8.153874426614493,7.2707635425031185
13032,5.828416949847451,3.895240601617843
13033,23.94724203273654,16.545167863368988
13034,3.3099877471104264,1.2472806523437612
13035,20.449876585276797,1.564853708143346
13036,20.042723023332655,20.998009987844853
13037,46.87842054838984,1.8381388080422312
13038,15.533831248059869,3.8716194218723103
13039,41.49699002271518,31.730721501633525
13040,8.262437429279089,2.5361889079213142
13041,8.05030873233045,0.7960782375416784
13042,13.820005035959184,5.204993195016868
13043,16.92823081277311,10.642640426805883
13044,36.05532787274569,11.32933038007468
13045,9.558191508520395,8.1693544369773
13046,6.507851762697101,7.7621071348839905
13047,21.61798982597611,18.855983848632604
13048,16.11630180478096,12.92398303002119
13049,0.5940726498083677,0.9579414381732931
13050,29.4268434708938,2.7561744353588438
13051,8.253625683486462,6.528814850375056
13052,2.5240981746464968,2.862197829876095
13053,1.1476441419217736,1.1185002671554685
13054,8.164522293206574,8.512602998991497
13055,38.960768080782145,30.542287522694096
13056,15.718080391758122,5.882258405137691
13057,0.6872703935659956,1.0322739412949886
13058,7.764709955547005,2.1432775165885687
13059,7.24584175448399,1.110268541982805
13060,5.502277396750287,1.1323565058410168
13061,7.900468552019447,4.851602015318349
13062,13.424087368875007,10.129374515265226
13063,2.174733921769075,1.8794119271860836
13064,29.62315445113927,3.556444013956934
13065,18.042424825878697,8.450702536269091
13066,9.018493309617043,1.9931383151561022
13067,5.340483107604086,2.538018944906071
13068,2.654608391225338,1.9754677222808823
13069,24.885304898722097,15.546796150039881
13070,2.5352459754794836,0.6639591744169593
13071,9.059442771133035,0.5369658206973327
13072,12.727643627673388,7.065190611407161
13073,10.29635312577011,1.3198859282128979
13074,26.406917318701744,14.12461425177753
13075,3.4744133296771906,1.793363354576286
13076,20.438848659570795,5.903179002925754
13077,6.815627671778202,3.2553087528795004
13078,13.487950736423954,2.4887190827794257
13079,18.403450212441385,1.537325803656131
13080,17.482762586558238,9.665291488170624
13081,26.02135822083801,4.239144695799041
13082,24.52664593263762,0.16209038370288908
13083,6.645934127271175,4.901995909400284
13084,15.792945587309077,8.225659907795489
13085,9.626932509243488,8.463596883229911
13086,3.8185344137018546,4.068346518673934
13087,6.931961595534631,3.0392656050812548
13088,6.79887692630291,5.977853009942919
13089,34.53316042665392,24.995182661659783
13090,30.651799835031852,1.8680618531507207
13091,4.9134126781718805,0.8210451360791922
13092,8.289991769939661,4.479209314915352
13093,22.987081797560677,16.671453596267384
13094,4.28059217630107,1.030019015797734
13095,5.800791053974535,8.204650050029159
13096,6.4589846562594175,3.378916833549738
13097,1.8766797170974314,0.7265594938071445
13098,0.6509666076744907,0.8154741745747742
13099,12.61801240220666,2.694366274867207
13100,20.66021003201604,13.235971442889422
13101,19.766107708215714,11.096504543809715
13102,4.6413598284707405,5.462973613291979
13103,10.298215180744592,8.696349794685375
13104,18.92040203139186,15.026436500251293
13105,4.548557820729911,2.2740210061929247
13106,3.924178015207872,1.1820615087635815
13107,9.867717343731783,2.2582996990531683
13108,7.921172784641385,2.9484442728571594
13109,9.966088169254363,2.8029504057922168
13110,3.055051937699318,1.852527170907706
13111,15.536022245069034,14.083591746166348
13112,2.5795446000047377,0.5792252635583282
13113,7.213743408996379,1.0069199602585286
13114,9.970567684154958,1.2211471988703124
13115,10.018554114270955,5.168139874424014
13116,5.233899405117427,4.5673099756240845
13117,2.12218158878386,2.6287400064647954
13118,19.13618558423059,6.565398718696997
13119,9.701788246631622,9.23612155765295
13120,29.60395823791623,16.073909594560973
13121,7.299797272309661,0.9091416320006829
13122,16.079345792531967,5.834672421216965
13123,25.043714702129364,1.2186704389750957
13124,3.601898292079568,1.2921376073500142
13125,3.869874225696549,2.785835468908772
13126,20.632649023085833,23.198522538412362
13127,23.968461085110903,9.948424031375907
13128,11.905155784450471,3.248578463681042
13129,7.015392634435557,2.9432461511460133
13130,3.019107992295176,2.678542993067822
13131,12.501757589867339,1.5901296194642782
13132,6.548842927441001,1.5836473279632628
13133,8.001175811048597,5.627349898219109
13134,14.332890890538692,9.864805407822132
13135,23.278699402697384,3.291307757492177
13136,21.201478610707454,1.8021295312792063
13137,19.324875991384033,16.05079765804112
13138,22.42203277372755,19.85441315321077
13139,6.340314748696983,1.1737571209669113
13140,9.380090675898828,5.468403557315469
13141,19.292798763839528,2.1204576729796827
13142,39.25581046938896,10.534940829034895
13143,2.8611589707434177,4.328672790899873
13144,5.999823354337423,2.6477033870542073
13145,8.505758166313171,2.7715259063988924
13146,16.51592406630516,12.6824204120785
13147,14.114234265405685,3.3031711399089545
13148,28.33366149663925,18.148387447930872
13149,3.454242302395869,1.3430113204667578
13150,8.793495536374394,0.8930632623632846
13151,36.58727899717633,5.662358460976975
13152,13.52037177234888,3.8226019362118677
13153,17.111074551939964,1.6400787288730498
13154,15.276931516826153,0.16774217900820076
13155,13.925913751038024,3.693748348916415
13156,25.74200371047482,0.9441881061525521
13157,39.77754553407431,28.263984110206366
13158,17.742647647857666,3.4379470702260733
13159,15.24843608122319,2.9857061062939465
13160,21.815284729003906,17.91384445782751
13161,22.70528650347842,10.471350089414045
13162,5.834746748209,4.384245724417269
13163,10.252466171979904,4.2257396376680845
13164,8.832724019885063,5.4309487752616405
13165,16.355632954393514,4.131077773869038
13166,43.734366811811924,4.1972605178598315
13167,10.528677130118012,4.324663380626589
13168,10.359542200283613,7.286102096782997
13169,5.137999740429223,4.965893268876243
13170,10.394290866330266,1.169765915721655
13171,7.494217157945968,1.4810987668315647
13172,18.549951161257923,12.599774902919307
13173,30.51926577836275,3.644188488367945
13174,32.62883364176378,2.751760876737535
13175,13.530455047031865,0.7315138040794409
13176,9.16901765204966,2.172460582340136
13177,5.087543618261407,0.9238363737240434
13178,13.134815081954002,1.1374148689210415
13179,18.873514147824608,0.5156968505762052
13180,5.21590446960181,1.708321392070502
13181,10.633638649516797,4.990394585300237
13182,3.645860162563622,1.2317128844297258
13183,41.562613647431135,4.763051671870926
13184,7.8824671767652035,8.47649402623609
13185,5.382213283563033,2.29857768304646
13186,14.936372838914394,0.44308902882039547
13187,12.240197241306305,3.39653077442199
13188,10.938479073345661,5.270322454161942
13189,21.68775482289493,10.814443817784195
13190,13.18578213084038,2.07741723192521
13191,19.818744406104088,5.182661795290187
13192,34.452962163835764,2.06918529880204
13193,2.2209628636483103,2.7122741605271585
13194,11.28123639151454,4.741599437199056
13195,9.34633085760288,3.4034152037929744
13196,5.479154051980004,1.4738615176834173
13197,26.41422362672165,7.656847610371187
13198,44.923606269061565,1.857993642679503
13199,12.318035593256354,0.4429911244660616
13200,5.414764921646565,4.290770798688754
13201,30.9497066764161,1.9249352160841227
13202,18.532564890447247,14.911847792565823
13203,4.317531305365264,2.571827749565273
13204,1.7154941281769425,5.034291896736249
13205,12.243663291446865,5.910729086899664
13206,2.742771213481319,1.1135909482836723
13207,52.42945141578093,13.198782502557151
13208,31.98716637957841,14.530408009653911
13209,13.171759277582169,4.098004628554918
13210,35.88635620311834,17.626803351566195
13211,51.06304644048214,19.383656576275826
13212,30.95123384287581,1.4290830706595443
13213,8.511656496673822,2.357594507280737
13214,13.668691545724869,4.11383521911921
13215,9.608343633823097,6.7515581801108056
13216,28.544837318360806,3.9942407589405775
13217,26.378548676148057,13.419010940062435
13218,4.478278607130051,2.647206033933344
13219,10.84232981596142,0.744202146306634
13220,6.310792873468017,1.6600521130021662
13221,11.130185509755393,6.510080568434205
13222,3.45875212084502,0.7682557255029678
13223,2.5096532721072435,1.256041329939336
13224,7.394609432667494,1.7451112507842481
13225,1.2755053244763985,3.0793064716272056
13226,11.870446059852839,0.6466324760694988
13227,5.34054229958565,1.0654301010072231
13228,8.310145544819534,1.2028616889074328
13229,9.72674595657736,1.9788162973709404
13230,4.8701297817751765,2.5478303930722177
13231,40.49788125359919,20.88042379869148
13232,1.8461593025713228,0.698584093246609
13233,4.086942087393254,0.789544684390421
13234,7.5067730490118265,1.7555314840283245
13235,4.283091140910983,4.501068927813321
13236,5.374382516369224,1.5865750648081303
13237,2.2654080076899845,0.8598749367520213
13238,11.773566908668727,0.5935315443202853
13239,18.511678161332384,8.705455787596293
13240,15.380378468113122,0.11285480211518006
13241,9.593220575363375,1.6317767892032862
13242,32.196055514737964,13.149187685921788
13243,2.547064260696061,0.5383274285268271
13244,10.093503957090434,2.42848461214453
13245,5.152867898344994,1.0666913687746273
13246,5.659791052341461,1.9727987926453352
13247,23.314522741362453,4.112054571509361
13248,8.878309506340884,2.961308795027435
13249,4.635420339182019,0.9561073600780219
13250,12.675066357551259,7.785551298235077
13251,2.6445797183550894,2.56401096098125
13252,12.718043591827154,3.4399723132082727
13253,10.74520150187891,3.3054467383772135
13254,16.919590286910534,2.2314753886312246
13255,10.325837897136807,8.326621703417914
13256,4.205532132880762,2.6893750615417957
13257,16.986307960003614,6.391619072121102
13258,7.834447550121695,0.8860539966262877
13259,17.47939059138298,5.1957633420825005
13260,43.392190488404594,17.73706470974139
13261,16.430600733147003,5.489499341696501
13262,6.799651355482638,1.422689724015072
13263,14.923617228865623,4.724356954160612
13264,20.14311952906428,7.442073244077619
13265,7.150285178038757,1.603232916095294
13266,11.563050330071746,1.7142164713004604
13267,27.72965126816416,1.9877657262250068
13268,14.440942751836701,2.424547962844372
13269,46.0967533364892,14.881610386422835
13270,33.91492988797836,11.980573017026472
13271,12.979419818148017,1.2306770011782646
13272,10.30865485855611,0.9263384304504143
13273,9.208119729533792,1.1705306605435908
13274,2.528301805272349,0.6929509486071765
13275,40.51708435814362,0.8227624552473571
13276,20.92907021776773,2.593995291256306
13277,1.996119061484933,0.6286908354377374
13278,29.638402645476162,2.3156859688460827
13279,23.336724814027548,7.859595304355025
13280,21.68811979983002,1.6527077737264335
13281,4.99562006816268,3.2452783547341824
13282,8.880494210869074,0.736558974836953
13283,15.855448758229613,4.708644001395442
13284,43.46981889521703,0.9881130231660791
13285,59.347801498963236,16.378715871078384
13286,1.3140680766664445,1.2739441927988082
13287,32.188372952863574,6.367769967764616
13288,26.933434686623514,13.449134711408988
13289,3.9230046765878797,2.990779098952771
13290,5.4294760873308405,2.069834101741435
13291,2.004586592433043,3.4843394320923835
13292,8.948214043863118,0.936973309610039
13293,50.98760692332871,5.103691690224878
13294,12.897492319463709,8.094092985382304
13295,12.446609368261079,3.988088130019605
13296,16.651753712445498,8.508899869630113
13297,1.9701246842741966,2.47924630419584
13298,113.00843371637166,28.154038181062788
13299,18.90380249472946,9.088533302186988
13300,25.973972651088843,2.805021190928528
13301,12.903378777235048,9.306011019623838
13302,35.60589600238018,6.474754128605127
13303,5.232577406801283,5.871560638770461
13304,14.058162132045254,1.809360615850892
13305,34.16359298187308,9.088947522453964
13306,12.22221268445719,2.860760469637171
13307,30.71747845201753,7.425143594620749
13308,11.444650539197028,0.44399920059368014
13309,29.9163799372036,4.845446871098829
13310,58.37758291885257,22.117232318996685
13311,13.402975853532553,6.0152117111720145
13312,5.835125686600804,2.125310764182359
13313,18.880962871026952,9.686840612193919
13314,2.574890274554491,2.618034442217322
13315,4.950714347884059,2.1784682064317167
13316,6.55524377245456,1.4707071133889258
13317,2.597173629561439,0.5141794178744021
13318,4.788944122323301,2.6611018122639507
13319,3.0280731371603906,2.9598005013540387
13320,3.247167480396456,1.625864002853632
13321,23.485039066057652,1.8740748204290867
13322,40.911873038858175,9.67126256879419
13323,21.973438261891715,3.5862167457817122
13324,0.7824485818855464,1.4159676194940403
13325,6.114695083233528,4.1505165454000235
13326,11.591822676360607,1.7329723774928425
13327,7.363620551943313,0.3799422411248088
13328,4.025005069852341,2.013159592053853
13329,13.643548201827798,1.2155958628172812
13330,0.7179409092059359,1.020233141258359
13331,6.6843198062852025,1.8681063822004944
13332,0.8611310639980729,1.3922092183493078
13333,1.6765734450891614,1.2343372164177708
13334,14.763021029677475,2.6869403943419456
13335,13.978752786293626,4.451397551165428
13336,21.531039997935295,1.5550548685714602
13337,6.343874244019389,2.0564437241373525
13338,19.610700947465375,1.1257784146582708
13339,6.208066462539136,1.9444602243784175
13340,6.6950618997216225,2.3634607791900635
13341,13.229615550721064,5.773504331676122
13342,5.170587628173507,3.1480228863329103
13343,11.857640804024413,1.8602664741920307
13344,13.574830893427134,2.296299117791932
13345,21.519256964325905,1.436842690019148
13346,26.07409020773457,6.571330738719553
13347,7.177529411390424,0.64900166192092
13348,7.992180853150785,9.692841062322259
13349,14.034205411211587,4.868796088052477
13350,18.88212682120502,3.5719370958395302
13351,1.2000057101249695,0.8350876290351152
13352,7.481421733275056,7.634214996127412
13353,5.210861184168607,0.3855071130092256
13354,9.003424178808928,0.5335397608578205
13355,26.69869805080816,0.7738157980784308
13356,1.2304326323792338,0.29918045500380686
13357,4.052955127495807,4.2403997904621065
13358,11.80771247924713,5.515802027104655
13359,78.62514394614846,46.79589452035725
13360,21.255949385929853,1.9446510604466312
13361,27.378866782877594,13.353873064508662
13362,4.747100844979286,0.8193643932427221
13363,4.171822117118609,4.454403206240386
13364,33.919263971969485,19.71391015127665
13365,23.289950008009328,12.644048810005188
13366,9.461163729429245,2.2366914646700025
13367,24.58268577978015,18.31997925438918
13368,3.5906486064195633,0.43156641712994315
13369,21.704884602106176,2.956971458159387
13370,7.34829162247479,1.7185995848849416
13371,14.594050042331219,5.296231184154749
13372,31.378733336925507,6.185364206437953
13373,2.770724344998598,2.9082289178622887
13374,4.1487996885553,0.6201368710608222
13375,24.848923191428185,12.627945188025478
13376,12.673970492553053,6.647058404050767
13377,4.611493670090567,1.1997790003588307
13378,16.090607528247347,8.776608184884935
13379,7.269691169727594,1.416400970891118
13380,15.452745288610458,3.8630572508554906
13381,4.40793533064425,0.7006505778699648
13382,5.346819503232837,3.0921138303820044
13383,24.466304123401642,3.1887623846705537
13384,10.306876558897784,2.2093613968463615
13385,0.8823601564763521,0.5480307571706362
13386,1.0247229402539233,1.5167567547177896
13387,15.59201006218791,0.39184159599244595
13388,9.190054540988058,1.6030933801084757
13389,15.487345933914185,0.7340954574465286
13390,17.782051208079793,6.570854337303899
13391,5.773059324361384,5.979858276201412
13392,1.5800880180904642,0.5199357273522764
13393,9.48866356498911,1.7782831974327564
13394,2.586105180438608,1.5438840158749372
13395,9.070103826932609,3.5070416529342765
13396,8.675227515399456,2.195920611033216
13397,2.512028118944727,0.7724139178171754
13398,3.7342066410928965,2.2347605833783746
13399,1.0871647461026441,0.37228151818271726
13400,24.23169234521629,14.496231831348268
13401,2.4376832880079746,1.072248438373208
13402,5.001238557480974,1.0640375446528196
13403,31.18673420883715,15.842678349529706
