episode,reward,reward_ma,reward_rolling_std,epsilon
1,-2.9874573731516536,,0.0,0.999
2,-5.153077798617384,,1.0828102127328654,0.998001
3,-3.9648121702528303,,0.8855073517584057,0.997002999
4,-2.940994887889748,,0.9014148886715178,0.996005996001
5,-3.0154674130187784,,0.8597149567697008,0.995009990004999
6,-1.6376691606180658,,1.0758762816902596,0.994014980014994
7,-7.386961469507433,,1.7476413925180108,0.993020965034979
8,-3.866717658971246,,1.6347690888225797,0.9920279440699441
9,-2.310327072627085,,1.6172570068011243,0.9910359161258742
10,-3.866956980717252,,1.5351222526598043,0.9900448802097482
11,-6.383553750563195,,1.6528019011100386,0.9890548353295385
12,-3.735689465749884,,1.583606480167365,0.988065780494209
13,-3.8436122444601377,,1.5216854547742895,0.9870777147137147
14,-3.412154466964737,,1.472391143816762,0.986090636999001
15,-7.439375464280771,,1.6750680453764042,0.9851045463620021
16,-8.394177191585914,,1.9225196400115698,0.98411944181564
17,-3.6154630269781887,,1.8741427002435762,0.9831353223738244
18,-4.693826606852102,,1.8230387203163618,0.9821521870514506
19,-3.672187598501237,,1.7812313502813308,0.9811700348643991
20,-4.526357867376436,,1.736642758157475,0.9801888648295347
21,-4.192375058646592,,1.69509067760858,0.9792086759647052
22,-8.237582625821167,,1.8448497943498554,0.9782294672887405
23,-1.6451121892355975,,1.8966932705872674,0.9772512378214517
24,-6.749022964940632,,1.9157659064430466,0.9762739865836303
25,-2.3391744623955066,,1.923637308882365,0.9752977125970467
26,-7.53730910894493,,1.980396387731537,0.9743224148844496
27,-5.267194143424817,,1.9484782396777378,0.9733480924695651
28,-2.543989838899227,,1.9491995764184284,0.9723747443770956
29,-6.440903173109531,,1.9485288713933382,0.9714023696327185
30,-5.0571674244864555,,1.9179845103446036,0.9704309672630859
31,-2.642265310091983,,1.9170375594143896,0.9694605362958227
32,-8.601007359576602,,2.01726134394061,0.9684910757595269
33,-7.061247539392088,,2.0297759517864056,0.9675225846837673
34,-8.143662581610386,,2.0825416814353916,0.9665550620990835
35,-5.660446333887754,,2.057539330356733,0.9655885070369844
36,-8.911400345269763,,2.1368831512149113,0.9646229185299474
37,-6.34354932414908,,2.1200435432007176,0.9636582956114175
38,-8.320000080616007,,2.1592436058818527,0.9626946373158061
39,-8.175543190157232,,2.1872875093282285,0.9617319426784903
40,-6.196440910155674,,2.1659843919635264,0.9607702107358118
41,-6.917416313882834,,2.156266903945046,0.959809440525076
42,-2.8753583747316305,,2.160104655404327,0.9588496310845509
43,-6.76141561058259,,2.1484456121923565,0.9578907814534664
44,-6.594020604233358,,2.134073136545418,0.9569328906720129
45,-7.07322592474129,,2.1276730197349156,0.9559759577813409
46,-7.021459315953644,,2.1198688830860086,0.9550199818235596
47,-8.61126577251081,,2.1506952895162716,0.9540649618417361
48,-7.683646381500546,,2.1535013053353276,0.9531108968798944
49,-6.052241010451871,,2.133251708995462,0.9521577859830145
50,-6.027591360752645,-5.450597486056727,2.113419485569483,0.9512056281970315
51,-3.4833305499691507,-5.460514949593076,2.1029753126326063,0.9502544225688344
52,-8.469568810434021,-5.52684476982941,2.144132288643231,0.9493041681462656
53,-2.6928792237503276,-5.50140611089936,2.169904247500052,0.9483548639781193
54,-6.622616046695105,-5.575038534075467,2.1440827482539597,0.9474065091141411
55,-6.035128954350223,-5.635431764902096,2.1134448340215077,0.946459102605027
56,-6.557264916494897,-5.733823680019633,2.038215275154952,0.9455126435024219
57,-2.727160459551903,-5.640627659820522,2.0668282930857216,0.9445671308589195
58,-9.663153453081385,-5.756556375702724,2.125798407013294,0.9436225637280606
59,-8.483802322890428,-5.880025880707992,2.1011905267099187,0.9426789411643326
60,-5.6242064308022135,-5.915170869709691,2.0818324628029936,0.9417362622231683
61,-7.750109765524462,-5.942501990008916,2.096719289177622,0.9407945259609451
62,-5.206041001399512,-5.971909020721908,2.0757683082570892,0.9398537314349842
63,-8.706384095268975,-6.0691644577380846,2.087656481522942,0.9389138777035492
64,-6.233152104162629,-6.125584410482043,2.0529174778639616,0.9379749638258457
65,-5.350930027821488,-6.0838155017528575,2.046999359739415,0.9370369888620198
66,-7.898966271922239,-6.073911283359584,2.0369703750529995,0.9360999518731578
67,-6.033135352622456,-6.1222647298724695,2.0065054572560572,0.9351638519212846
68,-5.678947442864427,-6.141967146592716,1.9971975014221717,0.9342286880693633
69,-6.763318142398414,-6.203789757470659,1.967409755324893,0.933294459381294
70,-8.804586383218114,-6.289354327787493,1.985544549111386,0.9323611649219127
71,-9.390788525089109,-6.393322597116343,2.0089821293327637,0.9314288037569908
72,-7.423684350266565,-6.3770446316052505,1.9972358973327997,0.9304973749532338
73,-7.394185754352816,-6.4920261029075945,1.8837723639921509,0.9295668775782806
74,-5.526473450503097,-6.467575112618844,1.8882069164061144,0.9286373107007023
75,-6.640209289401447,-6.5535958091589634,1.7937803688119731,0.9277086733900016
76,-8.044206412043772,-6.563733755220939,1.8007303506771908,0.9267809647166116
77,-6.863234089559738,-6.595654554143638,1.7915871645422075,0.925854183751895
78,-5.056509019732603,-6.6459049377603066,1.7106487387320586,0.9249283295681431
79,-7.70720873947574,-6.6712310490876305,1.7167890074587304,0.9240034012385749
80,-7.560703447822398,-6.7213017695543495,1.705454958173942,0.9230793978373364
81,-7.315824668303381,-6.814772956718578,1.604412083076061,0.9221563184394991
82,-5.704371103894937,-6.756840231604944,1.5911093960936142,0.9212341621210596
83,-6.929403285430889,-6.75420334652572,1.5907119290257101,0.9203129279589385
84,-5.752758620144391,-6.706385267296399,1.5841476458727615,0.9193926150309796
85,-4.986716887199992,-6.692910678362645,1.595809393718105,0.9184732224159486
86,-8.631983818608923,-6.6873223478294275,1.5885032440828744,0.9175547491935327
87,-8.170331442583313,-6.723857990198113,1.6011341058652055,0.9166371944443392
88,-7.767472267328124,-6.712807433932355,1.5919602802530937,0.9157205572498949
89,-5.7684849463786065,-6.664666269056783,1.5833707536477835,0.914804836692645
90,-6.830875451187845,-6.677354959877426,1.582109272693432,0.9138900318559524
91,-6.689615335773663,-6.672798940315243,1.5817393624396194,0.9129761418240965
92,-9.349972797500385,-6.802291228770617,1.529727184229461,0.9120631656822724
93,-9.09413905942958,-6.848945697747557,1.5629800164908554,0.9111511025165902
94,-7.547407129595479,-6.868013428254799,1.5655670490185254,0.9102399514140735
95,-2.4811619008796386,-6.776172147777566,1.681253237101201,0.9093297114626595
96,-2.7319096388518305,-6.69038115423553,1.7734627770593177,0.9084203817511969
97,-7.296217469072017,-6.664080188166754,1.7544296165055346,0.9075119613694457
98,-3.511688115742064,-6.580641022851585,1.802504478795324,0.9066044494080763
99,-3.6936171047691335,-6.53346854473793,1.846052860563679,0.9056978449586682
100,-2.1793451776265096,-6.456503621075408,1.9432028036043845,0.9047921471137096
101,-5.825041815538537,-6.5033378463867955,1.8986899192067757,0.9038873549665959
102,-2.5844855826944055,-6.385636181832003,1.954736940018232,0.9029834676116293
103,-6.690998183841359,-6.465598561033823,1.882481968731822,0.9020804841440176
104,-2.8801775071597895,-6.390749790243117,1.9480112466222448,0.9011784036598737
105,-3.6761479595329205,-6.343570170346771,1.9842816934197294,0.9002772252562138
106,-7.94919685534621,-6.371408809123798,1.9968090247123609,0.8993769480309576
107,-4.872169966466597,-6.414308999262091,1.9402961826325178,0.8984775710829266
108,-5.392215385867091,-6.328890237917806,1.8887155987435849,0.8975790935118436
109,-5.351238726493426,-6.266238965989865,1.8680376224101418,0.8966815144183318
110,-7.685721696769159,-6.307469271309204,1.8761447517709906,0.8957848329039134
111,-5.9254083905983865,-6.270975243810683,1.8654443154313576,0.8948890480710096
112,-5.751996369546032,-6.281894351173612,1.860770901990631,0.8939941590229386
113,-8.253471325828036,-6.272836095784794,1.850017730363581,0.8931001648639156
114,-5.249090824569349,-6.253154870192929,1.8555613283429133,0.8922070646990518
115,-5.027311719492909,-6.2466825040263565,1.8592578054149569,0.8913148576343527
116,-2.499012244544845,-6.13868342347881,1.9161094958483782,0.8904235427767183
117,-3.3705586822974296,-6.085431890072309,1.9549085293229866,0.8895331192339416
118,-6.823766136112679,-6.108328263937274,1.9567169624513099,0.8886435861147077
119,-6.084235735093957,-6.094746615791185,1.9544790058119086,0.887754942528593
120,-2.063155148646548,-5.959917991099754,1.9949985939794102,0.8868671875860644
121,-7.606528383985587,-5.924232788277683,1.9487316438080016,0.8859803203984784
122,-6.037123435483322,-5.896501569982018,1.937027048169433,0.88509434007808
123,-9.649431786202065,-5.941606490619003,1.9967142703222156,0.8842092457380019
124,-6.085197080373058,-5.952780963216402,1.99592301073963,0.8833250364922639
125,-5.239743451552172,-5.9247716464594165,1.995906169829316,0.8824417114557717
126,-7.457027374912222,-5.9130280657167855,1.9850993942143675,0.8815592697443159
127,-4.825023708697623,-5.872263858099544,1.986095446888314,0.8806777104745716
128,-5.416432616713503,-5.879462330039161,1.9837766581544194,0.8797970327640969
129,-5.858102209390054,-5.842480199437448,1.9665192950503667,0.8789172357313328
130,-7.041018000382544,-5.832086490488651,1.9587685272128899,0.8780383184956015
131,-6.015394158994885,-5.806077880302481,1.9474958664440092,0.8771602801771059
132,-8.420913367633812,-5.860408725577258,1.9814965849622428,0.8762831198969288
133,-5.121878224066055,-5.824258224349961,1.9781494928673518,0.8754068367770318
134,-8.460954144586157,-5.878422134838797,2.012233274394321,0.8745314299402548
135,-7.686096804774001,-5.932409733190277,2.0237635926849524,0.8736568985103146
136,-6.138942181656555,-5.88254890045123,1.9870158742767472,0.8727832416118043
137,-6.780699844961849,-5.8547562684988,1.9644119164314195,0.8719104583701925
138,-7.043137077269291,-5.840269564697623,1.9528900742029147,0.8710385479118223
139,-7.2093383286810155,-5.869086632343672,1.9622265780266828,0.8701675093639105
140,-3.317342584187848,-5.798815975003672,1.9892517129152383,0.8692973418545467
141,-7.57769610777864,-5.816577590443771,2.0010559019842082,0.8684280445126921
142,-5.158248515154202,-5.732743104796848,1.9380832829175758,0.8675596164681794
143,-5.1625160552389655,-5.654110644713035,1.8789644143065243,0.8666920568517111
144,-6.070172547113345,-5.624565953063392,1.860485178646904,0.8658253647948594
145,-5.509617703213747,-5.685135069110075,1.8056525035131457,0.8649595394300645
146,-5.780602915660985,-5.746108934646258,1.7556806727081347,0.8640945798906344
147,-5.969719858423222,-5.719578982433282,1.7420258590764723,0.8632304853107438
148,-6.210077598848516,-5.773546772095411,1.7143680198953317,0.862367254825433
149,-5.17893451292534,-5.803253120258535,1.6907762616246063,0.8615048875706075
150,-8.31104711535485,-5.925887159013103,1.6452391006523688,0.8606433826830369
151,-6.025185349521681,-5.929890029692765,1.6452323490280918,0.8597827393003539
152,-6.681826352879861,-6.011836845096474,1.5771961666629544,0.8589229565610536
153,-7.051677298558312,-6.019050427390813,1.5811059019746272,0.8580640336044925
154,-7.2766970514930716,-6.106980818277479,1.525367875645951,0.857205969570888
155,-3.794356320349493,-6.10934498549381,1.521685657549319,0.8563487636013172
156,-6.20980204940113,-6.074557089374909,1.4989388836936328,0.8554924148377159
157,-6.278007152448147,-6.102673833094539,1.4892751151039536,0.8546369224228781
158,-5.743659345119153,-6.109702712279581,1.486732580954653,0.8537822855004553
159,-5.0105032628240025,-6.102888003006193,1.4909683978034476,0.8529285032149548
160,-6.590355664579389,-6.080980682362398,1.4755175623929917,0.8520755747117399
161,-8.471379271388187,-6.131900099978193,1.5127310875925237,0.8512234991370281
162,-5.369089566590103,-6.124241963919075,1.5156014507877693,0.8503722756378911
163,-7.433799022378176,-6.107848517850078,1.4967984008646156,0.8495219033622532
164,-7.048826213297268,-6.143843225624636,1.4973541060131033,0.8486723814588909
165,-6.198038872911075,-6.167257768692998,1.488840813937877,0.847823709077432
166,-6.695488743549779,-6.251187298673098,1.3950135691067034,0.8469758853683546
167,-7.378557597882083,-6.331347276984791,1.3413038757828202,0.8461289094829862
168,-5.5547616692049875,-6.305967187646637,1.3437500198038774,0.8452827805735033
169,-5.745647017672113,-6.2991954132982,1.3457020977585186,0.8444374977929298
170,-6.837122219445829,-6.394674754714186,1.2036213664499689,0.8435930602951368
171,-3.1992976210770157,-6.306530139456014,1.2711301415369474,0.8427494672348417
172,-7.610858150898245,-6.338004833764313,1.283493284800387,0.8419067177676068
173,-8.383990691324287,-6.312696011866757,1.229278108900476,0.8410648110498392
174,-6.897347604523093,-6.328939022349758,1.2315283464263727,0.8402237462387894
175,-6.947680532096515,-6.363097763960645,1.224510159088935,0.8393835224925505
176,-6.590816027082029,-6.345773537004041,1.2150014292770241,0.838544138970058
177,-6.698741491420167,-6.383247892658492,1.1962701503191115,0.8377055948310879
178,-5.270840156914856,-6.380336043462519,1.1987944684280136,0.8368678892362568
179,-6.712598974361932,-6.397425978761956,1.1973176358849231,0.8360310213470206
180,-4.446456016464978,-6.345534739083605,1.224221500593554,0.8351949903256736
181,-5.899307831944489,-6.343213012542597,1.2249552665718346,0.8343597953353479
182,-7.095879777823749,-6.316712340746395,1.1936525831985942,0.8335254355400126
183,-7.665033252458115,-6.367575441314237,1.1958370493795631,0.8326919101044725
184,-5.578656758129908,-6.309929493585113,1.1625430569430657,0.831859218194368
185,-5.525024753446376,-6.26670805255856,1.1506880749952457,0.8310273589761736
186,-6.057631626966867,-6.265081841464766,1.1509249228568992,0.8301963316171974
187,-8.309058844557994,-6.295649021456689,1.184032696691005,0.8293661352855802
188,-8.696759583425553,-6.328721471579814,1.2267728031793605,0.8285367691502946
189,-7.453770898198492,-6.333610122970164,1.2307528651092445,0.8277082323811443
190,-8.674192226041708,-6.440747115807241,1.196195374533182,0.8268805241487632
191,-6.875587169160007,-6.426704937034868,1.1868508113924874,0.8260536436246144
192,-3.1385168613976866,-6.386310303959738,1.2613671569581857,0.8252275899809898
193,-7.036331295772724,-6.423786608770413,1.2522538599510977,0.8244023623910088
194,-4.033136998519675,-6.38304589779854,1.2954856916692432,0.8235779600286178
195,-4.564747998986358,-6.3641485037139915,1.314835607432022,0.8227543820685892
196,-9.18058178921478,-6.432148081185067,1.3696730091528058,0.8219316276865206
197,-5.047967658317056,-6.413713037182945,1.381921348265244,0.8211096960588341
198,-5.69416931620473,-6.403394871530069,1.3853251112074234,0.8202885863627752
199,-4.094091355724288,-6.3816980083860475,1.4125602645685387,0.8194682977764125
200,-7.170394997510504,-6.35888496602916,1.3902514756036823,0.818648829478636
201,-2.4472270519758896,-6.287325800078245,1.4938114657603188,0.8178301806491574
202,-8.473640531879386,-6.323162083658236,1.5240325732814128,0.8170123504685082
203,-2.9054652184862375,-6.2402378420567945,1.5933603495301691,0.8161953381180397
204,-10.019026534916229,-6.2950844317252574,1.6732868794399194,0.8153791427799216
205,-8.901436202795114,-6.397226029374169,1.6733931529339394,0.8145637636371417
206,-4.356108755797428,-6.360152163502095,1.6974954528009722,0.8137491998735046
207,-3.2142065908503072,-6.298876152270138,1.753721921398146,0.812935450673631
208,-7.661400154012175,-6.337230968447999,1.7621105540561217,0.8121225152229574
209,-4.882956955847568,-6.33468004230847,1.7641205252104788,0.8113103927077344
210,-8.59039213720129,-6.374680771760908,1.791920341347966,0.8104990823150267
211,-4.488239544715249,-6.295017977227449,1.7854642721149299,0.8096885832327116
212,-3.7208690317923727,-6.2620535665314945,1.817188488313622,0.8088788946494789
213,-7.248677084687657,-6.258351127777685,1.814984590863639,0.8080700157548294
214,-3.9964503914883807,-6.197303611341507,1.838550828073405,0.8072619457390746
215,-3.2586812745180485,-6.138516459373646,1.8840178428375554,0.8064546837933355
216,-7.329995066492091,-6.151206585832492,1.8898545594141216,0.8056482291095421
217,-7.586544870289657,-6.155366331280644,1.8927781333101714,0.8048425808804326
218,-5.577085491619396,-6.155812807728932,1.89263903531132,0.8040377382995522
219,-7.981591701701926,-6.2005317014095285,1.9087659339004963,0.8032337005612527
220,-6.9474160782762215,-6.202737578586136,1.9095639031517095,0.8024304668606914
221,-7.007247657718832,-6.278896579318973,1.863643153773984,0.8016280363938307
222,-8.604755579668545,-6.298774527894379,1.8829446728451527,0.8008264083574369
223,-2.9820673368295085,-6.1907360608044835,1.9149038444489703,0.8000255819490795
224,-6.207598066294828,-6.176941070039918,1.9122463546273285,0.7992255563671304
225,-4.277854062440511,-6.123544540646797,1.9271960912983161,0.7984263308107633
226,-7.587105792925131,-6.143470335963659,1.9370495902116707,0.7976279044799526
227,-6.703377383784158,-6.14356305381094,1.9370762770900227,0.7968302765754727
228,-3.966712211132532,-6.117480494895293,1.9573259539778791,0.7960334462988972
229,-7.538544572258403,-6.133999406853222,1.9657459545451252,0.7952374128525983
230,-5.562461276893451,-6.156319512061792,1.952750888747743,0.7944421754397457
231,-7.02865647655865,-6.178906484954075,1.9561759117418047,0.7936477332643059
232,-7.776430249600447,-6.192517494389609,1.9648571910641497,0.7928540855310416
233,-6.3150704684556125,-6.165518238709559,1.9536809240362334,0.7920612314455105
234,-2.8047340267085525,-6.110039784081132,2.008183402097541,0.7912691702140651
235,-2.2933362868399483,-6.045406014749004,2.0768058918246703,0.790477901043851
236,-8.834608330401869,-6.100945548817704,2.1132032733066834,0.7896874231428072
237,-5.7301267728350656,-6.049366907383245,2.0900245364152497,0.7888977357196644
238,-7.166832453653996,-6.018768364787814,2.0620541014550544,0.7881088379839447
239,-6.143103124818479,-5.992555009320213,2.0519513918599235,0.7873207291459607
240,-6.990128928048345,-5.958873743360346,2.02124951406392,0.7865334084168147
241,-3.145616762062177,-5.8842743352183895,2.054596201973549,0.7857468750083979
242,-8.614778731465123,-5.993799572619739,2.051267700373094,0.7849611281333895
243,-4.258990364456769,-5.938252753993419,2.059870758429603,0.784176167005256
244,-7.193384825366282,-6.001457710530351,2.0488998229291746,0.7833919908382508
245,-5.947524649548715,-6.029113243541598,2.0386272674251926,0.7826085988474126
246,-8.308825123337797,-6.011678110224059,2.015193240566779,0.7818259902485653
247,-7.077390992501202,-6.0522665769077415,2.0158116220135844,0.7810441642583167
248,-7.763107077009786,-6.093645332123843,2.0292262381102635,0.7802631200940584
249,-8.304542328079322,-6.177854351570943,2.031862435039017,0.7794828569739644
250,-6.895176015702926,-6.172349971934792,2.02953761370597,0.7787033741169904
251,-6.961347682502659,-6.262632384545327,1.961068979865346,0.7779246707428734
252,-6.94093739574698,-6.2319783218226785,1.938113176633805,0.7771467460721305
253,-1.4450761540480412,-6.2027705405339155,1.9981002101239307,0.7763695993260584
254,-8.951892214675036,-6.181427854129091,1.9626069761227773,0.7755932297267324
255,-6.867709142566399,-6.140753312924517,1.9265571510402995,0.7748176364970056
256,-6.378596616778911,-6.1812030701441465,1.9098215985278544,0.7740428188605086
257,-5.073159213156779,-6.218382122590276,1.8693662342836959,0.7732687760416481
258,-7.893045736215413,-6.223015034234341,1.8732198476434976,0.7724955072656065
259,-7.806579857335286,-6.281487492264095,1.8761055426515185,0.7717230117583408
260,-6.584672485556402,-6.241373099231197,1.8475336132948308,0.7709512887465825
261,-7.844877048593034,-6.308505849308753,1.8435912234642102,0.7701803374578359
262,-6.876956955423476,-6.371627607781376,1.8075922355595362,0.7694101571203781
263,-8.844267875136453,-6.403539423590351,1.8366453136637408,0.7686407469632577
264,-7.520516930584625,-6.474020754372276,1.8103506878689277,0.7678721062162944
265,-6.079824868320708,-6.53044362624833,1.752291562815439,0.7671042341100781
266,-4.613483784252289,-6.476113400603533,1.7686952813585926,0.766337129875968
267,-6.830888640141919,-6.461000276000579,1.7623594242376586,0.7655707927460921
268,-7.135843001223883,-6.492175426192668,1.7602332224351909,0.764805221953346
269,-5.650593535919872,-6.445555462877026,1.7510127244285487,0.7640404167313927
270,-6.727965320120331,-6.441166447713909,1.750024034880714,0.7632763763146613
271,-5.461200885983549,-6.410245512279203,1.7534040349358027,0.7625130999383466
272,-7.55562391518518,-6.389262878989536,1.7331779434982406,0.7617505868384082
273,-7.024945304294038,-6.470120438338826,1.6653138000363126,0.7609888362515699
274,-7.835280168165458,-6.502674080376239,1.6757401871482993,0.7602278474153183
275,-9.208797719771617,-6.6012929535228615,1.6869632816018392,0.759467619567903
276,-7.480832014545156,-6.5991674779552625,1.685786414685185,0.7587081519483351
277,-4.628162967415091,-6.557663189627881,1.7081080795750323,0.7579494437963867
278,-4.366836249826326,-6.565665670401756,1.6968509321548706,0.7571914943525904
279,-5.924348305047799,-6.533381745057545,1.6933861716182044,0.7564343028582378
280,-3.587541105944015,-6.493883341638556,1.7380168044832494,0.7556778685553796
281,-6.907885319582192,-6.491467918499026,1.737355716321618,0.7549221906868242
282,-8.322908774331324,-6.502397488993644,1.7470965565318501,0.7541672684961374
283,-3.1754651187535976,-6.439605381999604,1.8080573223256071,0.7534131012276413
284,-2.2075937190057826,-6.427662575845549,1.8338160510586707,0.7526596881264136
285,-4.597958212562009,-6.473755014359989,1.7566616293678559,0.7519070284382872
286,-6.761163575673729,-6.432286119265426,1.724621673544078,0.7511551214098489
287,-2.5720457506477263,-6.36912449882168,1.8051313208948043,0.750403966288439
288,-3.3398643910348356,-6.292585137569297,1.8502546819946215,0.7496535623221505
289,-2.7597142144920386,-6.2249173593627685,1.9152128084824895,0.7489039087598284
290,-3.0041018082059394,-6.14519681696592,1.964038395319655,0.7481550048510686
291,-8.894605793335808,-6.260176597591393,1.953320724460902,0.7474068498462175
292,-6.789334155195933,-6.223667706066008,1.925836463380678,0.7466594429963713
293,-6.511491170892217,-6.268717722194718,1.905590272209332,0.745912783553375
294,-6.873222302275115,-6.2623144717328945,1.9030085692490637,0.7451668707698216
295,-6.225421505628924,-6.267872408854499,1.9024868181268078,0.7444217038990517
296,-8.581920100732837,-6.273334308402399,1.9087202088179942,0.7436772821951526
297,-7.865681629568494,-6.289100121143745,1.9185269170638266,0.7429336049129575
298,-8.70788926898642,-6.3079957649832785,1.9375100967112198,0.7421906713080445
299,-4.1314641880692005,-6.224534202183076,1.939587938951657,0.7414484806367364
300,-4.407492542371411,-6.174780532716445,1.9536027089278776,0.7407070321560997
301,-2.2808930313577456,-6.081171439693547,2.0245182937864663,0.7399663251239436
302,-7.848316262595885,-6.099319017030525,2.036177068388529,0.7392263587988196
303,-4.405147476272913,-6.158520443475022,1.9407928937874939,0.7384871324400207
304,-5.4559929660460025,-6.088602458502442,1.901473352966463,0.7377486453075807
305,-5.209227024539516,-6.055432816141904,1.90205850736545,0.737010896662273
306,-7.032027910271445,-6.068501442011755,1.9064736660063972,0.7362738857656108
307,-6.353462031156296,-6.094107498371745,1.9015246768711767,0.7355376118798452
308,-4.3872393030487356,-6.023991369708412,1.8985321251703597,0.7348020742679654
309,-6.4256869422282215,-5.99637351140627,1.8823751582885724,0.7340672721936974
310,-3.6870347500807705,-5.9384207566967575,1.9078041596020787,0.7333332049215037
311,-3.977278597118755,-5.861068787667272,1.907344605420196,0.7325998717165821
312,-7.8036539635565365,-5.879602727829933,1.9215754226185147,0.7318672718448656
313,-3.2614263191653032,-5.767945896710511,1.908218284762142,0.7311354045730207
314,-3.01082537458477,-5.677752065590513,1.9297062631456414,0.7304042691684477
315,-9.262219857444027,-5.741399965372979,1.993351485092279,0.7296738648992792
316,-6.333596274277944,-5.775802215173493,1.9884256736074382,0.7289441910343799
317,-5.824358155097367,-5.755671605472602,1.9827290345171347,0.7282152468433455
318,-6.399388852856606,-5.740942522505256,1.9751423884598247,0.7274870315965022
319,-9.28332633797909,-5.81359717854644,2.0363484865762533,0.7267595445649057
320,-6.8016625581287204,-5.815071123306608,2.0370363443464425,0.7260327850203407
321,-2.094895020462513,-5.747745005996188,2.1022069317606213,0.7253067522353204
322,-4.678316842508603,-5.690198864542657,2.0912836810145143,0.724581445483085
323,-5.278717244795823,-5.655274303352692,2.0832674074161757,0.723856864037602
324,-8.25419668997078,-5.663652633788798,2.0928383440683014,0.7231330071735643
325,-6.346186634576378,-5.606400412084893,2.033384001398599,0.7224098741663908
326,-9.316495815341218,-5.643113688100815,2.0828655534832765,0.7216874642922244
327,-3.2272579793479297,-5.6150955883394715,2.1056278343465227,0.7209657768279322
328,-2.7759498755106136,-5.583277860853157,2.1360496597790553,0.7202448110511043
329,-5.668043858749408,-5.578151771927189,2.135532485537147,0.7195245662400531
330,-7.014511328983404,-5.646691176387977,2.125514833138795,0.7188050416738131
331,-6.536866579698769,-5.639270801590309,2.1217432162181042,0.7180862366321393
332,-5.713039446569519,-5.587073415035073,2.086897287671159,0.7173681503955072
333,-3.0745780063485437,-5.585055672786972,2.0892754222660557,0.7166507822451117
334,-7.7817943378353815,-5.696539685163565,2.0545099988403575,0.7159341314628666
335,-3.2922789910086228,-5.670426100732496,2.0764877030007827,0.7152181973314037
336,-2.8283586208762226,-5.5917700016365455,2.1079295968330594,0.7145029791340722
337,-4.319168884169259,-5.626712464306976,2.0717533131506487,0.7137884761549381
338,-6.456112841155431,-5.689037433309388,2.0487659715758886,0.7130746876787832
339,-8.646946623292695,-5.806782081485402,2.046202348066023,0.7123616129911045
340,-7.390529342681345,-5.894510632174909,2.0179971566102717,0.7116492513781133
341,-8.179710026452666,-5.880212716837247,1.9991346627018065,0.7109376021267352
342,-6.924749331190762,-5.882921020357143,2.000455738997678,0.7102266645246085
343,-5.404527859247914,-5.8607817541242575,1.9995019900536388,0.7095164378600839
344,-6.08346959107905,-5.8449866999003355,1.9945550392692295,0.7088069214222238
345,-2.1977026939148696,-5.764432323666055,2.0578920760627697,0.7080981145008015
346,-2.528525944713581,-5.643364440545669,2.0666202889711442,0.7073900163863007
347,-8.127179839372427,-5.648594404741748,2.0725600042455077,0.7066826263699144
348,-5.307195205999468,-5.580580523482009,2.0263327589722975,0.7059759437435444
349,-6.538462166315418,-5.6287204830469335,2.0199155863896174,0.7052699677998009
350,-5.722844019845742,-5.65502751259642,2.0123906547879447,0.704564697832001
351,-4.315786454647325,-5.695725381062212,1.9637299949984086,0.7038601331341691
352,-6.944434029961083,-5.677647736409516,1.9479274133683009,0.7031562730010349
353,-4.765803206306979,-5.684860851010198,1.9438655430430574,0.7024531167280339
354,-6.477301421267639,-5.70528702011463,1.9467171474095144,0.7017506636113059
355,-7.190383752850535,-5.74491015468085,1.9563553856477207,0.7010489129476946
356,-4.298916371422862,-5.690247923903879,1.9578107553000648,0.7003478640347469
357,-2.4282393538036278,-5.611743470356826,2.007704396451048,0.6996475161707122
358,-7.001516590088382,-5.6640290160976186,2.0091750403105557,0.6989478686545415
359,-2.445071252216941,-5.584416702297393,2.055742578214135,0.698248920785887
360,-8.017689515147685,-5.671029797598731,2.0651854361746795,0.6975506718651011
361,-6.040276710475421,-5.712289759865865,2.051496893581014,0.6968531211932361
362,-6.866701013581073,-5.693550700866355,2.0365327334086416,0.6961562680720428
363,-5.317490240608535,-5.73467197929522,2.0075603263512014,0.6954601118039707
364,-6.245576172084238,-5.799366995245209,1.9705193919915907,0.6947646516921667
365,-6.101200282563921,-5.736146603747606,1.908126024159751,0.6940698870404746
366,-6.321286368015359,-5.735900405622355,1.9080497142790573,0.6933758171534341
367,-5.444883861429654,-5.728310919749001,1.9084374312446306,0.6926824413362807
368,-5.73263781713073,-5.714975899034483,1.9060296610475105,0.6919897588949444
369,-6.247637748865909,-5.65426212725222,1.8385524149536372,0.6912977691360495
370,-5.992641726964068,-5.638081710628926,1.83193139520678,0.6906064713669134
371,-7.872775827619893,-5.753639326772074,1.786452571886084,0.6899158648955466
372,-8.855277125270488,-5.837178532427312,1.8313139448153413,0.689225949030651
373,-8.229330624116178,-5.896190800013719,1.859687761197886,0.6885367230816204
374,-7.326479652767208,-5.877636459269648,1.840599085649434,0.6878481863585387
375,-7.99261781108072,-5.910565082799735,1.8632747615100997,0.6871603381721801
376,-3.6582850363087416,-5.7974008672190855,1.8243998252169267,0.686473177834008
377,-5.707303490838502,-5.847001777448897,1.7871832959769536,0.685786704656174
378,-5.396185510346434,-5.899406490145613,1.7339882900273376,0.6851009179515178
379,-3.904476985089963,-5.864135152672424,1.7561308675504463,0.6844158170335664
380,-2.6872968005117936,-5.777590862102992,1.803298211918376,0.6837314012165328
381,-5.728882167519545,-5.761431173859408,1.8000391006908243,0.6830476698153162
382,-3.454852571446671,-5.716267436356951,1.828786554693413,0.6823646221455009
383,-2.2150398895918033,-5.699076674021816,1.8573546150667943,0.6816822575233553
384,-6.304808929204521,-5.669536965849199,1.8356136700589125,0.6810005752658319
385,-6.919465636964846,-5.742080698768323,1.8117489551811492,0.680319574690566
386,-3.3094179425894494,-5.751701885202587,1.797471319418939,0.6796392551158754
387,-3.787573901071048,-5.741069985540623,1.8074576248485665,0.6789596158607596
388,-5.643964738312562,-5.724827023483766,1.804605800356496,0.6782806562448989
389,-8.470284573795972,-5.721293782493832,1.799045495530336,0.677602375588654
390,-9.181520086767412,-5.757113597375553,1.8490586822158126,0.6769247732130653
391,-7.541976483464667,-5.744358926515792,1.834445575624461,0.6762478484398523
392,-2.992537757599066,-5.665714695043959,1.8661697724348003,0.6755716005914124
393,-3.7621017023937533,-5.632866171906876,1.8848397999111057,0.674896028990821
394,-4.12163888805121,-5.593629557846318,1.8954410696953894,0.6742211329618302
395,-5.215517516808059,-5.653985854304182,1.8333758357669137,0.6735469118288684
396,-7.432227165999568,-5.752059878729902,1.7943024525509108,0.6728733649170395
397,-5.422661394611721,-5.697969509834688,1.76236820610817,0.6722004915521225
398,-5.2625740880357315,-5.697077087475414,1.7625771443596372,0.6715282910605703
399,-5.825943473632558,-5.682826713621757,1.758592809764596,0.6708567627695098
400,-6.047457698754205,-5.6893189871999255,1.7593276012016485,0.6701859060067403
401,-6.8920416550818775,-5.740844091208617,1.7560688414649281,0.6695157201007336
402,-7.10282498367872,-5.744011910282969,1.7583785158782048,0.6688462043806328
403,-3.876760636523851,-5.726231058887307,1.7726177104615919,0.6681773581762521
404,-5.716109335364809,-5.71100721716925,1.769367598122634,0.6675091808180759
405,-4.807266169854951,-5.663344865509338,1.7609525423605354,0.6668416716372578
406,-6.568044988069101,-5.708727437842263,1.7544317092723134,0.6661748299656206
407,-2.457900709768107,-5.709320664961552,1.7533270423713292,0.6655086551356549
408,-4.631506108454939,-5.661920455328884,1.7497849055879513,0.6648431464805192
409,-7.672019950222183,-5.7664594292889895,1.710165618419155,0.6641783033340387
410,-4.819702138193485,-5.702499681749905,1.6843817389454954,0.6635141250307047
411,-5.449386988995692,-5.69068188732031,1.6840432406888617,0.662850610905674
412,-6.106328024889178,-5.675474427546472,1.6767722517396233,0.6621877602947683
413,-6.737469228449713,-5.703874007303296,1.682483953461239,0.6615255725344735
414,-4.573292281852945,-5.6704283294986695,1.6879955913279596,0.660864046961939
415,-6.758330101107772,-5.683570925869547,1.693846422874787,0.660203182914977
416,-4.782679304110287,-5.652798784591446,1.6959561533798475,0.6595429797320621
417,-6.260338889005238,-5.6691078851429575,1.6977982255527668,0.6588834367523301
418,-7.5874180714223805,-5.70620349022879,1.7189125309753084,0.6582245533155777
419,-7.427576409007076,-5.729802263431614,1.734215344306701,0.6575663287622622
420,-6.604701621915783,-5.742043461330647,1.7381830454760874,0.6569087624334999
421,-6.546229054374837,-5.715512525865747,1.715432974519852,0.6562518536710664
422,-7.189870820371711,-5.682204399767771,1.6697044863160475,0.6555956018173954
423,-7.154777969432489,-5.660713346674097,1.6434912912963962,0.654940006215578
424,-6.63953976229916,-5.646974548864736,1.6323422880358318,0.6542850662093624
425,-6.1608243418786035,-5.610338679480694,1.5995121582246734,0.6536307811431531
426,-6.565343187053118,-5.668479842495581,1.5802180713892258,0.65297715036201
427,-4.5485146850120195,-5.645304066379052,1.587957282206487,0.6523241732116479
428,-6.279392800993338,-5.66296821219199,1.5899988922742714,0.6516718490384363
429,-2.67618159132178,-5.638402304316626,1.6260581330505868,0.6510201771893979
430,-6.172996337442423,-5.708116295055238,1.5718588846549129,0.6503691570122084
431,-5.032009154393199,-5.694178834792712,1.5746999375607778,0.6497187878551962
432,-7.136269588396753,-5.767807175131713,1.5542070754604163,0.649069069067341
433,-8.502780437041087,-5.893561986080699,1.5155539673985667,0.6484199999982736
434,-6.913330468267534,-5.90573241686196,1.5212402120943271,0.6477715799982753
435,-7.362481051138788,-5.914592725145439,1.528392131839359,0.647123808418277
436,-6.648976217082897,-5.981383890635307,1.485452496107586,0.6464766846098587
437,-6.6208990322752665,-6.038050393259391,1.4544007606550915,0.6458302079252489
438,-5.55080367192453,-6.036187171931632,1.4549639920907758,0.6451843777173236
439,-5.729167462421549,-5.981364829704143,1.4132598302784656,0.6445391933396063
440,-2.4892501250297583,-5.847519430469389,1.4207273439362933,0.6438946541462667
441,-6.866123911840899,-5.834002379036914,1.4076970138596374,0.6432507594921204
442,-4.8590772077943285,-5.871333168040819,1.3556358113130809,0.6426075087326283
443,-8.26647986471908,-5.961420731287326,1.362127046321834,0.6419649012238956
444,-5.673389494963764,-5.992455743425578,1.3373070752788825,0.6413229363226717
445,-5.861435423382712,-6.00537410155707,1.3328518282014081,0.640681613386349
446,-9.907238388397552,-6.05487432600503,1.4275210781728171,0.6400409317729626
447,-3.4259528166168387,-6.0149401544451315,1.4718873573774478,0.6394008908411897
448,-6.819681993952594,-6.046082312563469,1.4721119704026215,0.6387614899503485
449,-6.711921095012838,-6.063801864991074,1.4746854832067111,0.6381227284603982
450,-6.496531281376731,-6.072783336643525,1.4759255942859302,0.6374846057319378
451,-6.46594237262501,-6.064261350994388,1.472396526868269,0.6368471211262058
452,-4.567196589521332,-6.013548783111241,1.479402425782328,0.6362102740050796
453,-7.194819285225803,-6.079909956085279,1.4563030112059574,0.6355740637310745
454,-7.309445537135504,-6.111776680120693,1.465397935516298,0.6349384896673435
455,-7.88450437786559,-6.173321444280907,1.473913046213736,0.6343035511776761
456,-5.632937091673943,-6.154619286353003,1.4747183014183858,0.6336692476264985
457,-2.9885893758882665,-6.165233059675407,1.4497730027642186,0.6330355783788719
458,-6.379755284993891,-6.200198043206186,1.4333503542245989,0.632402542800493
459,-5.012536717251729,-6.147008378546777,1.4270773249943804,0.6317701402576925
460,-8.714706813471578,-6.224908472052338,1.4584608101987624,0.6311383701174348
461,-6.3322809463068115,-6.24256635119856,1.454303283273675,0.6305072317473174
462,-6.545692918661154,-6.251353649074,1.454780849414633,0.6298767245155701
463,-7.065276899016737,-6.25790980248534,1.4576925569823422,0.6292468477910546
464,-5.443331869673994,-6.275310594241761,1.4425937832543159,0.6286176009432635
465,-5.976327473987871,-6.2596705416993625,1.4415109689087158,0.6279889833423202
466,-6.440692294972052,-6.292830801516599,1.4261415027401234,0.6273609943589779
467,-7.002307682929796,-6.3076701773950905,1.4295822512814775,0.6267336333646188
468,-3.8523149910409074,-6.232968115787461,1.4580621741024522,0.6261068997312542
469,-5.631265473340783,-6.1970418970741346,1.4502943674548614,0.6254807928315229
470,-5.834736842954726,-6.1816426014949135,1.4499717873071223,0.6248553120386914
471,-7.401152374519922,-6.198741067897815,1.4591817715866924,0.6242304567266527
472,-5.8289166157313375,-6.1715219838050075,1.453120505249187,0.623606226269926
473,-2.1555761442835566,-6.071537947302028,1.5507362665115467,0.6229826200436561
474,-3.881702401980615,-6.016381200095658,1.5783522340041987,0.6223596374236124
475,-8.765562762235874,-6.068475968502803,1.6245690562419077,0.6217372777861888
476,-5.001186724228869,-6.037192839246318,1.6297516897626163,0.6211155405084027
477,-2.9209983232331673,-6.004642512010741,1.6747898849633884,0.6204944249678943
478,-4.4789650744735665,-5.968633957480345,1.6877999351873998,0.6198739305429264
479,-4.1259672170773145,-5.997629669995456,1.642842485611332,0.6192540566123834
480,-2.973979582630667,-5.933649334899221,1.6961934078712797,0.6186348025557711
481,-2.6202199770134804,-5.885413551351627,1.7544408134740421,0.6180161677532153
482,-5.479889943249409,-5.852285958448681,1.7461275159616023,0.6173981515854621
483,-1.8272847547206477,-5.718776044802271,1.792943579462452,0.6167807534338766
484,-2.614521000733211,-5.6327998554515855,1.8361491105464502,0.6161639726804428
485,-3.6357436441302924,-5.558265107311415,1.840058927569838,0.6155478087077623
486,-2.361742370469728,-5.472520430379152,1.8865383232128055,0.6149322608990545
487,-7.422361866914824,-5.488549687071942,1.8995873426002903,0.6143173286381555
488,-2.2395886410947936,-5.422325386455348,1.9532239657980888,0.6137030113095173
489,-3.4209057128590143,-5.376160151464097,1.97260822381225,0.6130893082982078
490,-2.672581320638227,-5.379826775376267,1.9674022314707431,0.6124762189899097
491,-3.3283161455483907,-5.3090706200504165,1.9762736249336121,0.6118637427709198
492,-2.6760640132083306,-5.2654103561586965,2.009566076638723,0.6112518790281489
493,-3.020372517157585,-5.160488209207466,1.986963183736179,0.6106406271491208
494,-1.873967626604269,-5.084499771840276,2.037893875335118,0.6100299865219717
495,-2.880916054014116,-5.024889384452905,2.0577903422702057,0.6094199565354498
496,-6.55712991569402,-4.957887214998834,1.9494153962186085,0.6088105365789144
497,-4.646080292475421,-4.982289764516006,1.9376875170447287,0.6082017260423355
498,-6.531177750639845,-4.976519679649751,1.9326304601777593,0.6075935243162931
499,-2.964405058966122,-4.901569358928816,1.936538842501544,0.6069859307919768
500,-3.306288365649678,-4.837764500614275,1.9354926987312198,0.6063789448611848
501,-3.315456500749931,-4.774754783176774,1.9327418171140236,0.6057725659163237
502,-2.3672182079918573,-4.730755215546185,1.9617894914622036,0.6051667933504074
503,-7.3687846736287845,-4.734234523314244,1.96630558583184,0.6045616265570569
504,-3.730055596289779,-4.662646724497329,1.93617305914774,0.6039570649304998
505,-5.924821012685381,-4.623453057193725,1.8898371134351024,0.6033531078655693
506,-7.121189387164689,-4.653218103103541,1.9170265862847167,0.6027497547577038
507,-6.575468463019279,-4.724955684846161,1.9205014461912473,0.602147005002946
508,-6.846589415290864,-4.734292367452101,1.9296367509380672,0.6015448579979431
509,-8.026481604658338,-4.794571265200233,1.9837051812617503,0.6009433131399452
510,-5.054604560621575,-4.721369220143233,1.9036099387012895,0.6003423698268052
511,-3.2699627212275004,-4.660122855641646,1.9000554113682409,0.5997420274569785
512,-7.960107977740634,-4.688411156823236,1.9380662747069257,0.5991422854295215
513,-8.170138607602965,-4.71050839099496,1.9710584220414022,0.598543143144092
514,-7.221647359917139,-4.746074700799824,1.999795518075269,0.5979446000009478
515,-6.6094987163162084,-4.758738125646389,2.0095268834475477,0.5973466554009469
516,-3.4397936100378783,-4.698720151947706,2.003199699052083,0.596749308745546
517,-4.890470154399743,-4.6564834013771055,1.9762667183845593,0.5961525594368005
518,-6.446799026334277,-4.708373082082972,1.9884940199372947,0.5955564068773637
519,-5.881330205204067,-4.713374376720238,1.991121647543191,0.5949608504704863
520,-5.672987683748659,-4.710139393536117,1.9894278143641806,0.5943658896200158
521,-7.5620036152571535,-4.7133564183508625,1.9939017660916412,0.5937715237303958
522,-2.266932544551631,-4.642116736927267,2.0162786178850225,0.5931777522066654
523,-7.400067276542579,-4.747006559572448,2.0206052883351036,0.5925845744544587
524,-5.310991574698161,-4.775592343026799,2.018270333844032,0.5919919898800042
525,-2.941346882301399,-4.659108025428109,1.9515989325445517,0.5913999978901242
526,-6.622798742486542,-4.691540265793263,1.970397881448236,0.590808597892234
527,-3.2840350920179335,-4.698801001168958,1.9645203317385893,0.5902177892943418
528,-2.121371137911359,-4.651649122437714,1.997251404168572,0.5896275715050474
529,-6.581389573916059,-4.700757569574488,2.013840278364229,0.5890379439335424
530,-4.652994837777895,-4.734337874677433,1.998708435745046,0.5884489059896089
531,-5.150538462047035,-4.784944244378105,1.9764485764467041,0.5878604570836192
532,-6.054265985358559,-4.796431765220287,1.9821154293728764,0.5872725966265356
533,-7.224932564847555,-4.904384721422826,1.9643735331860337,0.5866853240299091
534,-5.520353085937375,-4.9625013631269095,1.9385831571469576,0.5860986387058792
535,-6.3649194944105005,-5.017084880132513,1.9388798591573126,0.5855125400671733
536,-6.785851809176867,-5.105567068906655,1.9165019860748365,0.5849270275271061
537,-6.29753385289013,-5.083070508626163,1.8956631296106339,0.584342100499579
538,-8.46599200427913,-5.207598575889849,1.9092424769327174,0.5837577583990794
539,-3.910227872616264,-5.217385019084993,1.9012966755222374,0.5831740006406804
540,-6.425902447776352,-5.292451441627756,1.873228189728895,0.5825908266400397
541,-5.9851866658196515,-5.345588852033181,1.8543466124220214,0.5820082358133997
542,-5.56768863271583,-5.403421344423331,1.814859793696058,0.5814262275775862
543,-7.081190766157104,-5.484637709403321,1.797175490379662,0.5808448013500086
544,-8.776814778536131,-5.622694652441959,1.7795532731149921,0.5802639565486586
545,-6.254671358918476,-5.690169758540046,1.7377853306452937,0.57968369259211
546,-5.378065820721108,-5.666588476640588,1.7338562678688634,0.5791040088995179
547,-6.333710607110762,-5.700341082933296,1.730083991850365,0.5785249048906184
548,-6.575957113112093,-5.70123667018274,1.730525380934466,0.5779463799857277
549,-6.238737378968594,-5.766723316582789,1.6871285629961543,0.577368433605742
550,-5.4629487814006845,-5.80985652489781,1.650852231675191,0.5767910651721362
551,-7.392411674826234,-5.891395628379335,1.6261345122320936,0.576214274106964
552,-5.835147955822938,-5.960754223335957,1.5463407074069846,0.5756380598328571
553,-5.683303810377538,-5.9270446060709325,1.5335976736881676,0.5750624217730242
554,-8.490175220256905,-6.0222469985502745,1.5419843987322088,0.5744873593512512
555,-6.572123606613895,-6.035193050428845,1.5438282724777925,0.5739128719918999
556,-6.643906940659131,-6.025647401498734,1.538550456313793,0.573338959119908
557,-7.137362606538803,-6.036885284369124,1.5445657533949424,0.572765620160788
558,-6.77485258681572,-6.035450547799622,1.5438461086806656,0.5721928545406272
559,-6.068438952151858,-5.996289694749493,1.5174534280121204,0.5716206616860866
560,-3.790688303938881,-5.971011369615838,1.5432381684400942,0.5710490410244006
561,-3.165024351827408,-5.968912602227836,1.5469769314913917,0.5704779919833761
562,-5.2606577852001735,-5.914923598377027,1.5234691107066485,0.5699075139913927
563,-2.0969910927680835,-5.793460648080329,1.5798788436375357,0.5693376064774013
564,-3.3079005016189282,-5.715185710914366,1.6039501344933829,0.5687682688709239
565,-2.8074110991374557,-5.6391439585707905,1.6492364398918453,0.5681995006020529
566,-3.9468112808210987,-5.649284311986455,1.6371972900757827,0.5676313011014509
567,-2.4175429068039573,-5.599825767034539,1.6956815416365962,0.5670636698003494
568,-3.576799900282218,-5.542425784513497,1.714510580826275,0.5664966061305491
569,-7.324986437644,-5.571298909162296,1.732041050308212,0.5659301095244186
570,-2.735536458596914,-5.512549884659261,1.7768339577619263,0.5653641794148941
571,-4.8807075778154285,-5.458923963910427,1.754492079268776,0.5647988152354793
572,-4.4797498336236234,-5.503180309691866,1.700495012400272,0.5642340164202437
573,-2.5657663540328786,-5.406494291241673,1.7271188472923025,0.5636697824038235
574,-3.815517571629076,-5.376584811180291,1.7414036461269944,0.5631061126214196
575,-1.7239703657540875,-5.352237280849344,1.783288542789666,0.5625430065087982
576,-2.7118563630863775,-5.274018433261341,1.8113932587896753,0.5619804635022894
577,-4.215969707196945,-5.292657125564922,1.7955463807164367,0.561418483038787
578,-3.6122221846710953,-5.322474146500117,1.754546632628562,0.5608570645557482
579,-3.5785788603245283,-5.262417932228286,1.7618039594434884,0.5602962074911925
580,-3.0351069566518833,-5.230060174605765,1.787371399712401,0.5597359112837013
581,-2.36653660609108,-5.174380137486646,1.8317928716068577,0.5591761753724176
582,-6.271677505314436,-5.178728367885764,1.8341328920024371,0.5586169991970452
583,-5.449324374490182,-5.143216204078617,1.8112172049231097,0.5580583821978482
584,-3.2813840871387656,-5.098436824102645,1.8289303711783729,0.5575003238156504
585,-2.9722660013468256,-5.030583754241372,1.8435603444954067,0.5569428234918348
586,-1.7899003923092616,-4.930664725904019,1.88073182185145,0.5563858806683429
587,-6.430953178602234,-4.933333112418261,1.8827627970771892,0.5558294947876746
588,-7.775533432072167,-4.919523940974122,1.859186255612355,0.5552736652928869
589,-7.002064496142675,-4.98136067344465,1.875930618061777,0.5547183916275941
590,-1.5782306316371264,-4.884407237121866,1.9234363981790803,0.5541636732359665
591,-2.4575454490138156,-4.813854412785749,1.9463269850097147,0.5536095095627305
592,-4.371253629554451,-4.789925712722521,1.944265603855059,0.5530559000531677
593,-5.005890140266672,-4.748419700204712,1.9168674683024458,0.5525028441531146
594,-1.7929803057640576,-4.60874301074927,1.87216570196143,0.5519503413089615
595,-2.5862990836498505,-4.535375565243898,1.8780962754235568,0.5513983909676525
596,-3.6744604725896495,-4.501303458281269,1.877952520669422,0.5508469925766849
597,-6.459688309438951,-4.503823012327833,1.8804920704590307,0.5502961455841082
598,-4.007764533524619,-4.452459160736083,1.8581331673117898,0.5497458494385241
599,-6.646482264891615,-4.460614058454544,1.8668292142775333,0.5491961035890855
600,-7.131457410253905,-4.493984231031608,1.8990819711436353,0.5486469074854965
601,-5.393255922070681,-4.454001115976498,1.8582437520897344,0.548098260578011
602,-6.673958027047172,-4.470777317400982,1.8743535533943836,0.547550162317433
603,-8.52071700441969,-4.527525581281825,1.9515677536573117,0.5470026121551156
604,-8.863220151762668,-4.5349864799119395,1.967352062303855,0.5464556095429605
605,-4.10027449987108,-4.485549497777083,1.9464868503282267,0.5459091539334175
606,-6.852841987044444,-4.48972819870479,1.9513341422035346,0.5453632447794842
607,-6.588313646665174,-4.4787472195073175,1.937902528798071,0.5448178815347047
608,-5.874540025360709,-4.460740968278217,1.920589685492564,0.54427306365317
609,-2.147803392241442,-4.382328257080008,1.933343201609275,0.5437287905895168
610,-6.238669245035942,-4.431287875901949,1.9486760047585796,0.5431850617989273
611,-6.094398348358479,-4.489875355832572,1.9537543195962732,0.5426418767371284
612,-6.246284130512123,-4.509587882738811,1.9663633138947283,0.5420992348603912
613,-5.611310001534017,-4.57987426091413,1.9415220509680968,0.5415571356255309
614,-7.793518371707423,-4.669586618315899,1.9838476231441766,0.5410155784899053
615,-7.3010875467927585,-4.759460147269005,1.9991788639577137,0.5404745629114154
616,-2.870990566132422,-4.737943732975232,2.0135470090330587,0.539934088348504
617,-5.426998672088528,-4.798132848280924,1.9881045149300116,0.5393941542601555
618,-6.8784108905640515,-4.864165068086559,2.0012289622877737,0.5388547601058953
619,-6.779576588116743,-4.853256871096015,1.9892364264465123,0.5383159053457894
620,-6.825129218433894,-4.935048726292754,1.9845509489299522,0.5377775894404436
621,-7.967878979657092,-4.996792154329587,2.0294167501277602,0.5372398118510032
622,-7.7483607577499205,-5.062164372812113,2.0640578381209043,0.5367025720391522
623,-6.010949107877881,-5.131068027889013,2.0368973546872615,0.536165869467113
624,-5.836803640490938,-5.171493749266251,2.0304345322175923,0.5356297035976458
625,-1.8919885259790639,-5.174854112470751,2.0248574858925013,0.5350940738940482
626,-6.510624893752648,-5.250829483084075,2.002157360091396,0.5345589798201541
627,-5.3461818251336855,-5.2734337254428105,1.9967188808300578,0.534024420840334
628,-9.45808816623307,-5.39035104507405,2.0659745423276967,0.5334903964194936
629,-6.480691645195521,-5.448393300771469,2.054995958535324,0.5329569060230741
630,-9.129602730731056,-5.570283216253054,2.0887073217352867,0.532423949117051
631,-7.265214042897126,-5.668256764989175,2.0506768206907506,0.531891525167934
632,-6.670473970274421,-5.676232694288374,2.0537814543432904,0.5313596336427661
633,-6.286373577876876,-5.692973678356108,2.0552746025535216,0.5308282740091232
634,-6.7133286303489506,-5.761612569220311,2.030750992119476,0.5302974457351142
635,-8.265563606052789,-5.867478521314431,2.0205267438379475,0.5297671482893791
636,-6.881951906211271,-5.969319551592471,1.939125314188524,0.5292373811410898
637,-6.267980296896152,-5.966060093958349,1.9384834827170072,0.5287081437599487
638,-7.812106872877424,-5.966791562774454,1.9391729104678321,0.5281794356161887
639,-7.531965087561712,-5.977389574602835,1.9462370927408021,0.5276512561805725
640,-7.866416067534583,-6.103153283320784,1.8591231116954396,0.5271236049243919
641,-8.292679866808301,-6.219855971676674,1.8090855785549242,0.5265964813194676
642,-8.369596911580677,-6.2998228373171985,1.8139672104872864,0.5260698848381481
643,-8.40118448196689,-6.367728724151203,1.827756824634635,0.5255438149533099
644,-7.487318789101788,-6.481615493817958,1.712958840758692,0.5250182711383566
645,-7.465303125674721,-6.579195574658455,1.624988968082979,0.5244932528672183
646,-6.114528971952527,-6.627996944645712,1.5728242601919464,0.5239687596143511
647,-6.852136459753021,-6.635845907651993,1.572943979211916,0.5234447908547367
648,-6.687956328338248,-6.689449743548266,1.5274807580635505,0.522921346063882
649,-2.946396880676938,-6.615448035863973,1.6148972673562707,0.522398424717818
650,-4.114753883394602,-6.555113965326787,1.6504536029352324,0.5218760262931003
651,-6.151007879806132,-6.570269004481496,1.6431783751448368,0.5213541502668072
652,-5.976826923938863,-6.55632638241933,1.645195799175533,0.5208327961165404
653,-1.3261768153109534,-6.412435578637156,1.7764789145335107,0.5203119633204238
654,-6.289744874337603,-6.360966073088655,1.7416665534716405,0.5197916513571034
655,-5.332985593461657,-6.385620294960465,1.7180555585810438,0.5192718597057463
656,-2.6090987577147597,-6.300745430373871,1.795936395301116,0.5187525878460405
657,-2.357483216346152,-6.216128821767491,1.878179968401931,0.5182338352581944
658,-2.7282436693428163,-6.1532028946471335,1.9402508909972955,0.5177156014229363
659,-3.9257922561281284,-6.188762671924867,1.8819329642232412,0.5171978858215134
660,-2.936883530332798,-6.122726957630804,1.9361703210144983,0.5166806879356919
661,-3.537274776693378,-6.071584486197502,1.9697246429359851,0.5161640072477562
662,-7.173623366769332,-6.0901312709226465,1.9756392839627939,0.5156478432405085
663,-6.194134862595929,-6.101787768143884,1.9744988339299652,0.515132195397268
664,-7.083633771018431,-6.0875900761301045,1.9648118112172523,0.5146170632018707
665,-4.445008881940036,-6.03046850283305,1.970211287331116,0.5141024461386688
666,-3.675916656021397,-6.046567024630829,1.9474870026933124,0.5135883436925301
667,-7.416739441723948,-6.086361840023538,1.9547358257598542,0.5130747553488376
668,-3.5712716734099934,-6.020219055680457,1.9825700536281392,0.5125616805934888
669,-4.664617782011516,-5.977919879558352,1.9884706224293527,0.5120491189128954
670,-7.502972942579562,-5.9914767540412655,1.9964949514190815,0.5115370697939825
671,-6.2041005052204135,-5.956201184552532,1.976746970980872,0.5110255327241885
672,-3.1305537555392204,-5.863845044508318,1.9986114879645607,0.5105145071914643
673,-7.5249614580363575,-5.894125291511488,2.0120348777150934,0.5100039926842729
674,-5.457090306078102,-5.886531024823231,2.012953291159981,0.5094939886915886
675,-6.118218756557203,-5.971055629434794,1.9304876928399035,0.508984494702897
676,-2.998123465389153,-5.900805600867524,1.9730158334167125,0.508475510208194
677,-2.3313706237042875,-5.840509376838936,2.0341634680508545,0.5079670346979859
678,-3.7959767368629533,-5.727267148251533,1.9866710751370733,0.5074590676632879
679,-3.457326182628106,-5.666799839000185,2.008707379285146,0.5069516085956246
680,-7.033705618473874,-5.624881896755041,1.9572165880586923,0.506444656987029
681,-4.974188978408336,-5.579061395465265,1.9450582224499224,0.505938212330042
682,-8.364948396060763,-5.612950883980993,1.9782574884784092,0.505432274117712
683,-7.451859790263253,-5.636260608228721,1.992867558142137,0.5049268418435943
684,-6.407625331227031,-5.6301465422462815,1.99002067394407,0.5044219150017507
685,-4.198342408166948,-5.548802118288565,1.9635829921292047,0.5039174930867489
686,-3.211130794610514,-5.47538569605655,1.9809130655169847,0.5034135755936622
687,-4.9102611478371,-5.448231313075369,1.97916709847734,0.5029101620180685
688,-3.8674592527861833,-5.369338360673544,1.961911557293999,0.5024072518560504
689,-5.304284676432957,-5.324784752450969,1.9374358020532598,0.5019048446041944
690,-3.1605901329183648,-5.230668233758644,1.9259482184563013,0.5014029397595902
691,-5.505579470093544,-5.174926225824349,1.8762096331873708,0.5009015368198305
692,-7.123809517569213,-5.15001047794412,1.8415716926204333,0.5004006352830107
693,-3.509154058443679,-5.052169869473655,1.7956221935849044,0.4999002346477277
694,-5.203463160188568,-5.0064927568953905,1.7618261694793167,0.49940033441307996
695,-6.656255962585939,-4.990311813633616,1.7427819808117115,0.49890093407866687
696,-5.439287118932853,-4.976806976573222,1.7366234318735203,0.4984020331445882
697,-6.924908570280859,-4.978262418783778,1.7382242688440959,0.4979036311114436
698,-4.418714934417421,-4.932877590905362,1.7225459728712322,0.4974057274803321
699,-3.7144645163326078,-4.948238943618476,1.7081267967166043,0.49690832175285177
700,-5.710057748704141,-4.980145020924667,1.7071592095688009,0.4964114134310989
701,-5.357172149365189,-4.964268306315848,1.6998720802384644,0.4959150020176678
702,-7.568834289773617,-4.996108453632543,1.7331246563228941,0.49541908701565013
703,-6.335758308775587,-5.096300083501836,1.6613873665545622,0.49492366792863446
704,-5.28493650095986,-5.076203916034281,1.6528852320668206,0.4944287442607058
705,-6.877318168078338,-5.1070905675266145,1.671716817982416,0.4939343155164451
706,-5.524836956638158,-5.165405331505083,1.633991275099706,0.4934403812009287
707,-7.1801361106210555,-5.26185838939058,1.6075193824264988,0.4929469408197278
708,-7.514619811716597,-5.357585912238056,1.596267338440498,0.49245399387890804
709,-6.265001193901895,-5.404370090993531,1.5878753240681382,0.4919615398850291
710,-2.643119360342757,-5.39849480759373,1.5975086351062486,0.4914695783451441
711,-4.916154484294837,-5.42607240174576,1.576909496204815,0.4909781087667989
712,-6.455369599946039,-5.411707326409294,1.5641443573944391,0.4904871306580321
713,-5.968172003456134,-5.407188069226498,1.5622024032857376,0.4899966435273741
714,-2.1380323201423193,-5.308276040208975,1.6087979804069996,0.4895066468838467
715,-7.418779122431178,-5.367751445018798,1.630605249425753,0.48901714023696286
716,-5.409615352419076,-5.402425418946752,1.6125942290782527,0.4885281230967259
717,-6.433540670666201,-5.382761443525597,1.5937967967487425,0.48803959497362914
718,-5.587898231756945,-5.423093974692536,1.5728233322752014,0.4875515553786555
719,-5.943925430574797,-5.448680127663802,1.5706807978506805,0.48706400382327686
720,-5.513420110294332,-5.408889071018097,1.543093090667766,0.4865769398194536
721,-5.350326351078408,-5.391813587935257,1.538917178306129,0.48609036287963414
722,-5.711493554605313,-5.443432383916579,1.505117791608612,0.48560427251675453
723,-4.246288052112906,-5.37785891579811,1.4842801326538655,0.48511866824423777
724,-7.85469552526738,-5.425811020181896,1.524256194808528,0.4846335495759935
725,-5.429474821736154,-5.4120361414854745,1.5210453310569219,0.4841489160264175
726,-7.050660765240817,-5.493086887482508,1.4980560739500248,0.4836647671103911
727,-6.863013917537359,-5.583719753359169,1.4399870454355654,0.4831811023432807
728,-4.531046886206673,-5.598421156346044,1.4253380164777154,0.4826979212409374
729,-3.46183186375474,-5.598511269968577,1.4252027839822916,0.48221522331969646
730,-5.640082962915827,-5.570638816857415,1.4104130634611622,0.48173300809637676
731,-5.606427716613165,-5.5832835916215116,1.407840789281324,0.48125127508828036
732,-4.538729419223957,-5.506759212084775,1.3576554769149354,0.48077002381319206
733,-1.60370732222112,-5.389796162723933,1.434766878275385,0.48028925378937887
734,-6.163926783865481,-5.3849221917767025,1.4317116607229146,0.47980896453558947
735,-3.7500708480497686,-5.375956760574358,1.4404906272369873,0.4793291555710539
736,-1.5186095413096288,-5.3421063355083405,1.509211886390251,0.47884982641548285
737,-2.385221820024671,-5.291605548952092,1.564066400129696,0.47837097658906735
738,-8.165188135228105,-5.3775601266009305,1.601093750765766,0.47789260561247826
739,-6.234294259204428,-5.39616031825636,1.6055303526433191,0.4774147130068658
740,-5.719520018877697,-5.447338915975546,1.5739263684311138,0.4769372982938589
741,-6.67437402475376,-5.470714807068751,1.5832694795513997,0.47646036099556505
742,-5.304377915842004,-5.434326175034207,1.5656682372481032,0.47598390063456947
743,-5.2580040206758545,-5.469303174278851,1.5416191731824762,0.4755079167339349
744,-6.622475375307133,-5.497683418581222,1.5495053859537942,0.47503240881720094
745,-5.425756946434132,-5.4730734382581865,1.5406553642920262,0.47455737640838375
746,-2.6463602486640045,-5.417214900852809,1.5906860451194544,0.47408281903197536
747,-6.216280083738132,-5.403042331121954,1.5803127955307827,0.47360873621294336
748,-6.308694363249146,-5.440841919698588,1.5789191956555646,0.4731351274767304
749,-4.260636234427311,-5.451765354060482,1.5687946441154226,0.4726619923492537
750,-2.723136503836043,-5.392026929163121,1.61403902208681,0.47218933035690447
751,-1.8026625767031927,-5.32093673770988,1.690477619336853,0.47171714102654755
752,-2.5822559148713955,-5.221205170211836,1.701973789698114,0.471245423885521
753,-8.14110206469715,-5.257312045330268,1.7438699658814572,0.47077417846163544
754,-6.544962564082354,-5.282512566592718,1.753166565557697,0.4703034042831738
755,-3.443303153082227,-5.213832266292796,1.756605177649319,0.46983310087889063
756,-8.727996538354443,-5.277895457927121,1.8238997203504292,0.46936326777801174
757,-6.826309937968121,-5.270818934474063,1.817179537287105,0.4688939045102337
758,-3.5497263689870358,-5.191521065619471,1.8039965808103142,0.4684250106057235
759,-5.5624631885524565,-5.177470305512482,1.7983078182476702,0.46795658559511777
760,-6.504954703446405,-5.254707012374556,1.77051718504885,0.46748862900952265
761,-4.405188174247214,-5.244487686173603,1.7739131762199027,0.4670211403805131
762,-2.298004986537345,-5.161340393905429,1.8122265284335028,0.4665541192401326
763,-2.494469941658592,-5.091866352669479,1.8462293365696563,0.4660875651208925
764,-2.844687482051494,-5.1059994559076625,1.8261589652327688,0.4656214775557716
765,-2.813293801197002,-5.013889749482978,1.8233275506467639,0.46515585607821586
766,-1.668527332755245,-4.939067989089701,1.8813883384479355,0.46469070022213765
767,-5.546786048076135,-4.9213328966378995,1.8713698189851213,0.4642260095219155
768,-2.6050155875902266,-4.861675243754566,1.8965458851462274,0.4637617835123936
769,-10.01389342457694,-4.943074603634609,2.024288065714633,0.46329802172888124
770,-2.9024131170512346,-4.890854463769747,2.0424973282979684,0.46283472370715234
771,-6.706389955219896,-4.917975735852576,2.057367460327569,0.46237188898344517
772,-2.5835922271854743,-4.855417709304179,2.0797213459659103,0.4619095170944617
773,-3.285968129874627,-4.836211310859414,2.0896685507484367,0.46144760757736725
774,-5.841887241875045,-4.795955145191568,2.0501455644965008,0.46098615996978987
775,-3.8756900460789465,-4.764879449678424,2.052082344891297,0.46052517380982005
776,-3.01082537458477,-4.684082741865303,2.03998824303884,0.4600646486360102
777,-2.9755017472813385,-4.606332498460182,2.029516467122624,0.4596045839873742
778,-5.139620389432692,-4.618503968524702,2.030852901286372,0.45914497940338683
779,-5.158215623781564,-4.652431643725238,2.0254086959860977,0.4586858344239834
780,-3.3005658389172923,-4.605641301245268,2.029071898712541,0.45822714858955943
781,-3.8444628215891203,-4.570402003344787,2.026683829955361,0.45776892144096987
782,-4.926993120077636,-4.57816727736186,2.027291327994309,0.4573111525195289
783,-1.8714551340531105,-4.583522233598501,2.0197670719775127,0.4568538413670094
784,-5.628126583444791,-4.572806229590086,2.0127629235473736,0.4563969875256424
785,-9.877627259064663,-4.695357357810384,2.1413734985549,0.45594059053811675
786,-5.461333212385442,-4.7742118312319,2.0950327631656886,0.45548464994757865
787,-4.1920378649774905,-4.810348152130958,2.0689343899979695,0.45502916529763104
788,-5.581100502078115,-4.758666399467957,2.0160854803339037,0.45457413613233344
789,-3.8578719789457976,-4.711137953862785,2.0087361128390686,0.4541195619962011
790,-4.052163920451232,-4.677790831894256,2.005556528306686,0.4536654424342049
791,-5.360842360446712,-4.6515201986081145,1.987755302081543,0.45321177699177073
792,-6.177462851086687,-4.6689818973130075,1.9972260226688558,0.452758565214779
793,-4.8151712029763765,-4.660125240959018,1.9955755636631436,0.4523058066495642
794,-6.8907522422598095,-4.6654907782980715,2.001197295791112,0.45185350084291465
795,-3.0745780063485437,-4.61846719949636,2.010382892821448,0.4514016473420717
796,-5.77095046807059,-4.6809590038844915,1.9966257504374463,0.45095024569472963
797,-2.9584364947526667,-4.615802132104783,1.9986161284484407,0.4504992954490349
798,-5.466610583536889,-4.598960456510538,1.9877984317210333,0.45004879615358584
799,-6.205116321042473,-4.637850058242841,1.9997839062429086,0.44959874735743227
800,-4.2634067367003645,-4.668655462900128,1.9818345780676092,0.4491491486100748
801,-5.839109071561264,-4.749384392797289,1.9453205553913235,0.44869999946146477
802,-5.62749832841073,-4.810289241068076,1.9240726149412195,0.4482512994620033
803,-7.020959926113562,-4.787886398296404,1.891403858628781,0.4478030481625413
804,-7.630808139452024,-4.809603309803798,1.9175074131980994,0.44735524511437874
805,-6.061089935838561,-4.861959045458924,1.915223853692149,0.4469078898692644
806,-5.023058077022149,-4.787860276232278,1.8341717264695903,0.4464609819793951
807,-6.624742771187637,-4.783828932896668,1.8299035154860481,0.44601452099741573
808,-6.485468708700125,-4.8425437796909305,1.8364506033436037,0.4455685064764183
809,-7.151879444697554,-4.874332104813833,1.8622124653420424,0.4451229379699419
810,-6.395696031871225,-4.8721469313823285,1.860360947203517,0.44467781503197196
811,-5.366925197430259,-4.8913816718459895,1.8604053267159355,0.44423313721693997
812,-2.5411875958992702,-4.896245324033227,1.8539257039629933,0.44378890407972305
813,-7.21581103830413,-4.990672145966139,1.8494218808652438,0.44334511517564335
814,-4.238911214066281,-5.018556620606434,1.8272333282634303,0.4429017700604677
815,-6.001762900309764,-5.082326002588689,1.804656563325505,0.44245886829040726
816,-4.314280274061934,-5.135241061414823,1.7414656946843028,0.44201640942211684
817,-3.959360646142703,-5.103492553376155,1.7481308038871373,0.44157439301269474
818,-7.6688441912258165,-5.204769125448866,1.747133996290322,0.44113281861968207
819,-5.674806231504844,-5.117987381587424,1.6083567070329474,0.4406916858010624
820,-6.178452103156502,-5.183508161309531,1.5832986599384287,0.4402509941152613
821,-6.689147736924116,-5.183163316943615,1.5829687802082046,0.43981074312114604
822,-8.498174923010872,-5.301454970860123,1.6051255046508464,0.4393709323780249
823,-5.764949670511966,-5.351034601672869,1.5801969967372738,0.4389315614456469
824,-6.478644758053022,-5.363769751996429,1.5866542570614746,0.43849262988420123
825,-6.541120404573275,-5.417078359166315,1.5805269345418003,0.438054137254317
826,-6.999815997991167,-5.496858171634443,1.5575624136725807,0.4376160831170627
827,-6.604207717894019,-5.569432291046697,1.522535177149147,0.43717846703394564
828,-4.998369490589399,-5.566607273069831,1.5234608212737066,0.4367412885669117
829,-6.628225040017355,-5.596007461394547,1.5294683631119126,0.4363045472783448
830,-3.541853319791615,-5.600833211012033,1.5225833723662332,0.43586824273106645
831,-9.104053815489864,-5.706025030890048,1.5782741080093823,0.4354323744883354
832,-5.272910799031688,-5.7129433844691295,1.5755999621706172,0.43499694211384704
833,-5.590914582965757,-5.787332573447382,1.4772063736531362,0.4345619451717332
834,-6.571792161079635,-5.806205885000079,1.4810749725857881,0.43412738322656147
835,-6.790662041055461,-5.7444665806398945,1.3702645624393932,0.4336932558433349
836,-5.118180871590345,-5.737603533823993,1.3725229525834661,0.43325956258749154
837,-5.315934776804241,-5.760081472060528,1.3561322294450726,0.43282630302490405
838,-4.104514480819095,-5.730549751635348,1.3756452517730868,0.43239347672187917
839,-3.1163388616414363,-5.71571908928926,1.3995440117841813,0.4319610832451573
840,-5.174596394086218,-5.738167738761961,1.3815670300378968,0.43152912216191214
841,-8.332922202982406,-5.797609335612674,1.4272356780927933,0.4310975930397502
842,-3.0704827954981564,-5.735469734500903,1.476143272262637,0.43066649544671043
843,-6.772965171395601,-5.774625613869288,1.4771779599107742,0.4302358289512637
844,-7.012681887707808,-5.777064206778247,1.479117869624511,0.4298055931223125
845,-5.997364172614807,-5.835519930103573,1.4280317254465174,0.42937578752919014
846,-2.78650978530864,-5.775831116448334,1.490489089983181,0.4289464117416609
847,-3.92206079415953,-5.7951036024364715,1.4598497654592781,0.42851746532991924
848,-7.962396343858636,-5.845019317642906,1.4901190430157074,0.42808894786458934
849,-6.467168351688836,-5.8502603582558335,1.4918362126002573,0.42766085891672473
850,-5.59109149942034,-5.876814053510233,1.4750767668554559,0.427233198057808
851,-6.3869045577565995,-5.88776996323414,1.4767893720148575,0.4268059648597502
852,-4.621566171633089,-5.867651320098586,1.4870146952380283,0.4263791588948904
853,-5.159919345539279,-5.830430508487101,1.4809600234911597,0.42595277973599555
854,-6.204923095475699,-5.801912807607574,1.459591392680874,0.42552682695625954
855,-7.115442723563849,-5.822999863362081,1.4707569924341617,0.4251013001293033
856,-3.556234323686084,-5.793663388295359,1.500743777275534,0.424676198829174
857,-2.873730436496541,-5.718643141601538,1.5502613191536048,0.4242515226303448
858,-7.644802271774317,-5.741829812863021,1.570099960775595,0.42382727110771445
859,-8.188127797754188,-5.762554779924153,1.5952137912833995,0.4234034438366067
860,-1.8426164888826042,-5.671493189064382,1.683958370561451,0.4229800403927701
861,-6.578479192094587,-5.695724268957669,1.6881131145496369,0.42255706035237733
862,-5.617749067629571,-5.757255498392274,1.6269724538312806,0.42213450329202495
863,-7.996987502375234,-5.772879027673696,1.6445593861553707,0.4217123687887329
864,-6.300389385075787,-5.814108591093886,1.6313736224947275,0.4212906564199442
865,-2.7832653180643665,-5.749738639448978,1.685304821572294,0.42086936576352424
866,-3.8247017791693105,-5.7399470695511265,1.6950106166827608,0.4204484963977607
867,-5.862209760283632,-5.778004051833944,1.675858544106027,0.42002804790136294
868,-4.65507695879438,-5.717728707185316,1.660898106191827,0.4196080198534616
869,-6.495663895157125,-5.73414586045836,1.6644457974308837,0.4191884118336081
870,-2.344742639843597,-5.657471671192103,1.7292523830771367,0.41876922342177453
871,-5.82206970741171,-5.640130110601855,1.7231563524047124,0.41835045419835276
872,-3.2757208102764253,-5.535681028347166,1.704933555257627,0.4179321037441544
873,-2.212799956508397,-5.464638034067095,1.7667854456478918,0.41751417164041027
874,-6.458706332767645,-5.464239265561387,1.7665587719803586,0.41709665746876984
875,-6.712628966629591,-5.467669436802513,1.768811523580023,0.4166795608113011
876,-2.281054616167457,-5.373294209166039,1.8099525797546798,0.41626288125048977
877,-2.717910978656952,-5.2955682743812975,1.8386422329318055,0.41584661836923925
878,-6.561396915024822,-5.326828822870006,1.8465936042985642,0.41543077175087
879,-5.156690964284927,-5.297398141355357,1.837320894661658,0.41501534097911913
880,-7.003136108147149,-5.366623797122468,1.8350771009308147,0.41460032563814003
881,-4.959549582682067,-5.283733712466312,1.756298302027224,0.4141857253125019
882,-5.353879811906101,-5.285353092723801,1.7563249044830855,0.41377153958718943
883,-8.124042853357775,-5.336015658131641,1.8003905990728795,0.4133577680476022
884,-5.455394023391371,-5.313687695377876,1.7918286536067958,0.4129444102795546
885,-3.4165668951585735,-5.2462057924599375,1.7984572274373434,0.412531465869275
886,-7.228021802234467,-5.28840261107282,1.8195856434213993,0.41211893440340575
887,-4.167394353858114,-5.265431802613897,1.8263302783329978,0.41170681546900234
888,-5.208776903952084,-5.2875170510765575,1.8188194364329324,0.41129510865353336
889,-5.286903552037465,-5.330928344884478,1.7921884149938527,0.41088381354487985
890,-2.413999907925401,-5.275716415161261,1.8380891148702285,0.410472929731335
891,-7.1901496738276265,-5.252860964578167,1.8067706473260738,0.41006245680160364
892,-9.043336852541625,-5.372318045719036,1.855329846008922,0.40965239434480205
893,-5.820536419501776,-5.353269470681159,1.8457160496888803,0.40924274195045723
894,-6.878689729240204,-5.350589627511807,1.843400581107784,0.40883349920850676
895,-2.795717930459314,-5.2865567026686975,1.8751550678513726,0.40842466570929825
896,-6.1483750229085565,-5.353794007420696,1.844325241897525,0.40801624104358897
897,-5.8585102305728265,-5.392522996148962,1.8341573631429788,0.4076082248025454
898,-4.32137014974039,-5.319702472266597,1.8026904315536587,0.4072006165777428
899,-6.134794059365802,-5.313054986420136,1.7990560107916236,0.4067934159611651
900,-6.625117248385582,-5.333735501399441,1.8080539006898861,0.4063866225452039
901,-2.047990049608205,-5.246957211236473,1.8588350110782494,0.4059802359226587
902,-7.746676227052516,-5.309459412344861,1.8890502103912445,0.40557425568673605
903,-2.954833273782471,-5.265357690909726,1.917551505426147,0.40516868143104934
904,-5.125314282849166,-5.243765514657195,1.9129229294512735,0.4047635127496183
905,-8.445126209636507,-5.270359184378648,1.9476851915162123,0.4043587492368687
906,-5.663763816691112,-5.312509774238748,1.9328817336711532,0.4039543904876318
907,-6.404229296243589,-5.383119751433689,1.9068115178513831,0.4035504360971442
908,-6.811327595089744,-5.366450257899998,1.890540581165438,0.40314688566104706
909,-5.547688983035302,-5.31364148160562,1.8473696405730675,0.402743738775386
910,-5.511777977658464,-5.387024711381137,1.779666924432205,0.4023409950366106
911,-5.165953102723309,-5.358774189593712,1.7717230165766797,0.401938654041574
912,-6.093697782639365,-5.368293163893908,1.7743654444896835,0.4015367153875324
913,-7.279756573640023,-5.353948545319203,1.7558588016551067,0.4011351786721449
914,-4.3164594840374955,-5.314269947298437,1.7564391267536754,0.40073404349347275
915,-6.873883265737102,-5.396082306251892,1.731737084349303,0.40033330944997925
916,-5.815168425805253,-5.435891639184611,1.7179803475640332,0.39993297614052925
917,-4.795901982636962,-5.4145654836316774,1.719173773097932,0.3995330431643887
918,-5.316401058052565,-5.427791965616842,1.7158204425241796,0.39913351012122433
919,-6.528070666086827,-5.428440101035436,1.7162297707826033,0.3987343766111031
920,-6.722711418055811,-5.5159994765996805,1.6676621198760015,0.398335642234492
921,-4.774463847779424,-5.495047359407034,1.6702640141327587,0.3979373065922575
922,-4.814986402958343,-5.525832671260672,1.6430385244835706,0.39753936928566525
923,-4.525688284937895,-5.572090437829262,1.5804802663933255,0.3971418299163796
924,-8.738814339933299,-5.617692597972576,1.6372780356399377,0.3967446880864632
925,-6.542005067939158,-5.614280119998767,1.6351688227206416,0.3963479433983767
926,-7.097927543778139,-5.7106175785509805,1.5768045285485528,0.3959515954549783
927,-8.840925101997078,-5.833077861017783,1.5773923571626858,0.39555564385952335
928,-3.598315010064744,-5.773816222918581,1.6043469181559373,0.39516008821566384
929,-5.261947324280559,-5.7759213501184945,1.6036046663460766,0.3947649281274482
930,-3.1399558661420217,-5.698657745278392,1.6353664484456882,0.3943701631993207
931,-8.007374619104487,-5.75961424600684,1.6632454960919818,0.3939757930361214
932,-3.261841670759212,-5.717773483183902,1.6988584046263362,0.3935818172430853
933,-4.161776101371411,-5.638528148144175,1.6770390476227406,0.3931882354258422
934,-2.493248494820843,-5.579285237572764,1.7338209724760028,0.39279504719041636
935,-2.322231682247293,-5.557398533314538,1.7675624688952907,0.39240225214322594
936,-4.567383559595281,-5.504185768461754,1.7564818342170718,0.39200984989108273
937,-4.676944283121226,-5.5143767670470165,1.7501631127585258,0.39161784004119166
938,-2.711641850459917,-5.464434065977174,1.7932694394867492,0.39122622220115044
939,-4.061641876671631,-5.439928832469858,1.8038683302801812,0.3908349959789493
940,-4.1687836545285135,-5.47502450740192,1.7612213179294212,0.3904441609829703
941,-2.4715491861919467,-5.380652497649206,1.7929246074156302,0.3900537168219873
942,-2.0541156166056624,-5.240868072930486,1.774274719774233,0.3896636631051653
943,-3.472810492512538,-5.193913554390702,1.7893144773157577,0.38927399944206015
944,-4.842827237871882,-5.153196304563336,1.7736076852405618,0.3888847254426181
945,-3.436666051515992,-5.166015266984469,1.7587766577516322,0.38849584071717547
946,-6.866515428723824,-5.180378075100775,1.7696390716175272,0.3881073448764583
947,-2.2060309227906725,-5.107328488945131,1.814944560310654,0.3877192375315819
948,-6.358204824152529,-5.148065182433374,1.8196987389964325,0.3873315182940503
949,-3.937536165356535,-5.104120024553188,1.821869165526533,0.38694418677575626
950,-4.926337147680886,-5.070144422539094,1.8089821443818035,0.3865572425889805
951,-5.069006155740293,-5.130564744661736,1.756729196035435,0.38617068534639154
952,-6.029048822129701,-5.096212196563281,1.72168001023006,0.38578451466104513
953,-2.334164256230408,-5.083798816212239,1.7392228345699074,0.3853987301463841
954,-2.020975061882602,-5.021712031792907,1.7912634132958132,0.3850133314162377
955,-1.9305565217618228,-4.891420638035413,1.7743613847262332,0.3846283180848215
956,-3.744894621762237,-4.8530432541368365,1.7779892177457663,0.3842436897667367
957,-1.86155401457593,-4.762189748503483,1.8121390381529696,0.3838594460769699
958,-3.9749308526524767,-4.705461813654738,1.791381044920777,0.38347558663089293
959,-3.9384488080621702,-4.673277010155275,1.7904159945228544,0.38309211104426205
960,-4.173825648341143,-4.646517963568929,1.7876802685814197,0.3827090189332178
961,-1.7654788666344194,-4.5785084788471515,1.8307886062975027,0.38232630991428457
962,-2.4743892762211828,-4.506122308718787,1.840971901788172,0.38194398360437026
963,-3.4473086826313026,-4.429473350898613,1.8032923405880446,0.3815620396207659
964,-2.6237184809502634,-4.3956185308368685,1.8208999662548409,0.38118047758114515
965,-6.947349422039943,-4.397087853962925,1.8229276499888385,0.380799297103564
966,-2.369945637129227,-4.328183398189404,1.8331078675978238,0.3804184978064605
967,-3.221783604519062,-4.296701030627046,1.8383145844402236,0.380038079308654
968,-2.692119770192982,-4.2442154048698555,1.8458991380794887,0.3796580412293454
969,-2.535209005731485,-4.164358171662748,1.831682453546262,0.379278383188116
970,-5.104957135034615,-4.1320030860023245,1.8002235585039117,0.3788991048049279
971,-4.994594408464112,-4.136405697216018,1.8020576119509197,0.37852020570012296
972,-1.9044473780028062,-4.078194916716907,1.826046676597814,0.37814168549442284
973,-2.4666726169305075,-4.037014603356759,1.8386641137161577,0.3777635438089284
974,-3.0685608842542487,-3.9236095342431785,1.7159384167942662,0.3773857802651195
975,-3.507149212067554,-3.8629124171257465,1.6754430431337848,0.37700839448485435
976,-5.260661540221645,-3.8261670970546167,1.623430555049146,0.3766313860903695
977,-2.671299141409926,-3.702774577842874,1.4642470748499268,0.37625475470427916
978,-2.5635983541420817,-3.6820802447244203,1.4728636916328155,0.3758784999495749
979,-6.306809447183581,-3.7029774871824808,1.5022500548615159,0.3755026214496253
980,-4.747279637062994,-3.7351239626009,1.5070478771888174,0.3751271188281757
981,-5.721723829218675,-3.689410946803184,1.4081877330409494,0.3747519917093475
982,-4.344159788396519,-3.7110573091559305,1.4097665543198712,0.37437723971763814
983,-7.110837692449769,-3.7700385409774975,1.4869667570161753,0.37400286247792053
984,-5.979503850366865,-3.8397636480884176,1.5070631800087808,0.3736288596154426
985,-5.2867904202399405,-3.8990548228482704,1.5045077764416,0.37325523075582717
986,-2.2264039914643767,-3.8522352314856523,1.5193332502467103,0.37288197552507135
987,-3.4861902138733027,-3.828420150100694,1.5155471770635334,0.37250909354954626
988,-6.710817930390785,-3.908403671699311,1.5593929415139025,0.37213658445599673
989,-2.244276968697615,-3.8720563735398312,1.5764840420008985,0.3717644478715407
990,-5.597984610991666,-3.9006403926690942,1.5944593166854155,0.3713926834236692
991,-2.760197899778224,-3.9064133669408196,1.5897903425911848,0.37102129074024554
992,-8.210280761419368,-4.0295366698370945,1.6775337068289526,0.3706502694495053
993,-2.713527546141057,-4.014351010909665,1.685920357802492,0.3702796191800558
994,-6.5865710733657155,-4.049225887619541,1.720380789141913,0.36990933956087574
995,-6.240755117780993,-4.105307668944841,1.7450261630499493,0.36953943022131486
996,-4.914614741040242,-4.066269655191169,1.7041732705615926,0.3691698907910935
997,-6.862784315673011,-4.159404723048816,1.7270589212088523,0.3688007209003024
998,-5.813641099240438,-4.148513448550574,1.714832184075435,0.36843192017940213
999,-7.286981267658241,-4.2155023505966085,1.769822387499549,0.36806348825922275
1000,-2.6331247563659566,-4.16963810277031,1.7804888117889082,0.3676954247709635
1001,-3.9383709381339806,-4.147025398418183,1.776097268350492,0.36732772934619257
1002,-6.112996571142565,-4.148704353398441,1.7779143110521225,0.3669604016168464
1003,-5.6538960793480175,-4.215098989860794,1.7708845182692474,0.3665934412152296
1004,-6.749583294666957,-4.30967115451648,1.7774354278897697,0.3662268477740143
1005,-6.040965377134069,-4.391879331623925,1.760472203962333,0.36586062092624033
1006,-6.174571802206213,-4.440472875232805,1.7754123783056843,0.3654947603053141
1007,-5.848928222889804,-4.520220359399082,1.7471084486488042,0.36512926554500874
1008,-5.288705739547287,-4.5464958571369785,1.7485886057690438,0.36476413627946375
1009,-5.836678585890002,-4.584460452693534,1.755567659448999,0.3643993721431843
1010,-6.92151555900899,-4.639414250906892,1.7846181663071108,0.36403497277104113
1011,-5.264063932782704,-4.709385952229857,1.738556761560924,0.3636709377982701
1012,-5.724652860802183,-4.774391223921477,1.714370165074903,0.3633072668604718
1013,-6.501632318127124,-4.8354776966313935,1.7204004709000524,0.36294395959361136
1014,-7.771328511513251,-4.938429897242653,1.7388862666213283,0.36258101563401773
1015,-3.298016398672842,-4.865443236775311,1.7295960139355238,0.3622184346183837
1016,-7.540131409006612,-4.96884695221286,1.7318599868442182,0.36185621618376534
1017,-5.027600670430818,-5.004963293531095,1.713785009005747,0.36149435996758156
1018,-3.818132589032441,-5.027483549907883,1.690484644798475,0.361132865607614
1019,-6.1668024202402485,-5.100115418198059,1.6595768279001186,0.36077173274200636
1020,-6.032755142626522,-5.118671378349898,1.6647062180195835,0.36041096100926434
1021,-2.9914577017211714,-5.078608644215039,1.6911045586474864,0.3600505500482551
1022,-3.026668537728369,-5.10105306740955,1.6559088275866836,0.35969049949820686
1023,-6.2617090946501754,-5.176953796963943,1.6200050511176478,0.3593308089987087
1024,-5.844909111525288,-5.232480761509364,1.5941612197054567,0.35897147818971
1025,-2.8194511715268797,-5.21872680069855,1.6118559736860607,0.3586125067115203
1026,-5.581554482740357,-5.225144659548924,1.6126488145547235,0.35825389420480874
1027,-2.096373640000155,-5.213646149520729,1.6327417452239281,0.35789564031060395
1028,-2.8104688070465307,-5.218583558578818,1.6250758102379328,0.35753774467029337
1029,-2.4607435697877253,-5.1416622410309,1.6623427493480636,0.3571802069256231
1030,-2.2918016359957196,-5.092552681009556,1.7088870717578057,0.3568230267186975
1031,-3.9257922561281284,-5.056634049547744,1.714151203086091,0.3564662036919788
1032,-3.228166287619069,-5.0343141795321955,1.7304709376687524,0.35610973748828684
1033,-2.5505168177570505,-4.943107762038341,1.7387803323644253,0.35575362775079855
1034,-3.332805456742948,-4.890173794165863,1.7466923519937207,0.35539787412304774
1035,-3.6342432517034635,-4.857122850795133,1.7544922180630758,0.3550424762489247
1036,-2.3673967726689993,-4.8599427064192255,1.7503702683156517,0.3546874337726758
1037,-2.0804120678072615,-4.831827143497906,1.7831930586812954,0.35433274633890316
1038,-7.94289938824718,-4.856468772655033,1.8171773599013543,0.35397841359256427
1039,-4.256626364915518,-4.896715760579391,1.7807973032241153,0.3536244351789717
1040,-7.443363773372656,-4.933623343827011,1.8137666959890977,0.35327081074379274
1041,-4.329164448988168,-4.96500267481121,1.7893006491253545,0.352917539933049
1042,-5.74993982568843,-4.915795856096591,1.7322994635398823,0.3525646223931159
1043,-4.173844511847832,-4.945002195410726,1.707049660346293,0.3522120577707228
1044,-3.4279499601839354,-4.88182977314709,1.7035732358840532,0.3518598457129521
1045,-5.372377075533112,-4.864462212302133,1.6940304923827543,0.35150798586723914
1046,-7.564033417371878,-4.917450585828766,1.7356943652888939,0.3511564778813719
1047,-5.739220081396082,-4.894979301143227,1.7175417336203807,0.3508053214034905
1048,-3.610784235673134,-4.850922163871881,1.7216599329487363,0.35045451608208705
1049,-2.4394872128687237,-4.753972282776091,1.7182334930364218,0.350104061566005
1050,-7.14079052979395,-4.84412559824465,1.7228397657886,0.349753957504439
1051,-3.640729649694567,-4.838172772475862,1.7264694693336964,0.3494042035469346
1052,-4.634525862158453,-4.80860335829618,1.7170172990436474,0.3490547993433876
1053,-5.058391684304868,-4.796693270395317,1.7131736758111467,0.34870574454404424
1054,-7.514638318138742,-4.811994370864753,1.7338393341165632,0.3483570387995002
1055,-6.603970828968494,-4.823254479901441,1.743584883026117,0.3480086817607007
1056,-1.802997575640188,-4.73582299537012,1.782796075010651,0.34766067307894
1057,-4.9298801549593545,-4.717442034011512,1.7759496287918868,0.34731301240586104
1058,-3.211130794610514,-4.675890535112776,1.7863715132969893,0.3469656993934552
1059,-7.0580581606482085,-4.700318126607941,1.8102685851108278,0.3466187336940617
1060,-4.01380470851681,-4.642163909598096,1.7845005155710698,0.34627211496036764
1061,-6.675063412484619,-4.670383899192135,1.8051493393236782,0.3459258428454073
1062,-4.719741640161593,-4.650285674779323,1.7988827814784791,0.34557991700256185
1063,-4.780847586032735,-4.615869980137436,1.779490393859648,0.3452343370855593
1064,-8.479950546594711,-4.6300424208390645,1.8071716037444068,0.34488910274847373
1065,-6.243410391898356,-4.688950300703575,1.8107932860479246,0.34454421364572524
1066,-6.508564539470441,-4.668318963312851,1.783867124542994,0.3441996694320795
1067,-5.635339738383662,-4.680473744671909,1.788338641309968,0.34385546976264747
1068,-6.359977638640322,-4.731310645664066,1.7991978008887197,0.34351161429288485
1069,-3.4211370906432004,-4.676397339072125,1.7964452726620834,0.34316810267859194
1070,-6.4173882972783005,-4.684090002165161,1.8030483357664981,0.34282493457591334
1071,-5.92064818009727,-4.742673811732683,1.7946678463785395,0.3424821096413374
1072,-6.408578141644606,-4.810312003811007,1.792447772326305,0.3421396275316961
1073,-4.769626953235622,-4.780470360982716,1.780415830089061,0.34179748790416437
1074,-5.777535224182804,-4.779122883235867,1.7796350418248328,0.3414556904162602
1075,-8.704974646049884,-4.896833352726327,1.8397513702621773,0.34111423472584396
1076,-5.705871762685701,-4.899319698325233,1.840758790533176,0.34077312049111813
1077,-6.888278016041428,-4.995157785846059,1.8169196343207252,0.340432347370627
1078,-6.572022095736566,-5.070388851619859,1.8027229256535966,0.34009191502325636
1079,-5.679930889499234,-5.13477259801409,1.7654717612741289,0.3397518231082331
1080,-4.78085822027341,-5.184553729699644,1.719089238143942,0.33941207128512485
1081,-7.19370918558297,-5.24991206828874,1.7320625278119572,0.3390726592138397
1082,-2.643119360342757,-5.238211129743214,1.7475874606721107,0.3387335865546259
1083,-5.616777482357664,-5.299536343035227,1.705489192661761,0.33839485296807126
1084,-7.3909814262344256,-5.380699862425057,1.7065251573138804,0.3380564581151032
1085,-6.019097293089909,-5.428396943252785,1.6902963978996712,0.33771840165698813
1086,-8.341927895038387,-5.547887565700173,1.6808339344366279,0.33738068325533116
1087,-7.48866860655208,-5.6560526964750695,1.6273806911841542,0.3370433025720758
1088,-5.516538677930374,-5.607525482268733,1.5943051624185427,0.33670625926950376
1089,-6.0040079497291785,-5.642473113965006,1.5834244574301592,0.33636955301023425
1090,-4.911582387548343,-5.59183748624852,1.5654037585652318,0.336033183457224
1091,-7.073348756336115,-5.646721172395479,1.5682752810691503,0.3356971502737668
1092,-5.844129230657009,-5.6486049604948505,1.5684546935045651,0.335361453123493
1093,-5.3482883558725005,-5.6720938373753444,1.5549288832232036,0.3350260916703695
1094,-6.794112678992239,-5.739417091751511,1.528962492048158,0.33469106557869915
1095,-6.470419813982502,-5.761377946520498,1.5314166497318744,0.33435637451312045
1096,-6.639243782188051,-5.742882153816821,1.5150301958393764,0.3340220181386073
1097,-5.82638611131784,-5.7446254744152565,1.5150751285468549,0.33368799612046873
1098,-6.2565151400488,-5.79754009250277,1.4855395451775897,0.33335430812434824
1099,-6.8602685094273275,-5.885955718433942,1.4128226598876619,0.3330209538162239
1100,-5.574221572443808,-5.854624339286939,1.401976308092366,0.33268793286240766
1101,-6.041589746899463,-5.902641541231037,1.3659811287534425,0.33235524492954527
1102,-5.314359971745385,-5.916238223422775,1.3566424477118653,0.33202288968461574
1103,-3.293075433521265,-5.880931898407104,1.4007618788004172,0.33169086679493115
1104,-6.593449171570696,-5.862508115475743,1.3851238534140748,0.33135917592813624
1105,-5.1398876100450765,-5.833226451097275,1.3846150881076151,0.3310278167522081
1106,-5.271614274334404,-5.902598785071159,1.2624577974984665,0.3306967889354559
1107,-5.645145480238473,-5.9169040915767415,1.2553872159961303,0.33036609214652046
1108,-4.184223372394419,-5.93636594313242,1.2203432981016256,0.3300357260543739
1109,-4.182208579639033,-5.878848951512236,1.2338180795391873,0.32970569032831953
1110,-4.6122308876387885,-5.890817475094675,1.2184754546846759,0.3293759846379912
1111,-7.954359465183851,-5.9164033961486595,1.2477544114944328,0.3290466086533532
1112,-4.5414928684130444,-5.912838420713689,1.2514175779389907,0.3287175620446999
1113,-6.672266101591546,-5.950666791024865,1.245199386374699,0.32838884448265515
1114,-5.304614242686288,-5.887160064946697,1.1945252442503107,0.3280604556381725
1115,-3.3668766614523133,-5.829629390337775,1.2442182539248605,0.32773239518253433
1116,-3.460003114962756,-5.768658161847622,1.2835283743106842,0.3274046627873518
1117,-3.433406355930863,-5.724619494198566,1.3244690359960762,0.32707725812456445
1118,-4.0117707075110145,-5.67765535557598,1.3426153644595256,0.32675018086643987
1119,-2.1727702318187103,-5.652688018399489,1.39493352887236,0.32642343068557345
1120,-4.800255147508606,-5.620345355404096,1.395575511314175,0.3260970072548879
1121,-2.401078943273428,-5.549953970667619,1.4656554675808982,0.325770910247633
1122,-2.4698875499211694,-5.47118015883315,1.5221472037892156,0.32544513933738534
1123,-3.545057811611821,-5.4466887760006735,1.5429477275960795,0.3251196941980479
1124,-2.402918381008942,-5.379196439137197,1.59976062317513,0.32479457450384985
1125,-8.65412232904118,-5.378179392797024,1.5976607259159197,0.324469779929346
1126,-3.724494450240519,-5.338551846548119,1.6135350274200961,0.32414531014941667
1127,-2.9615687124835293,-5.2600176604769615,1.6316542583261975,0.32382116483926726
1128,-2.3988021867591205,-5.176553262297412,1.6687220499317945,0.323497343674428
1129,-1.9663209791496832,-5.1022810640904215,1.7263142720912676,0.3231738463307536
1130,-2.2220977851204657,-5.0511058553873625,1.7723952509411705,0.32285067248442284
1131,-1.7969273794562555,-4.943170219264829,1.8026961459066246,0.3225278218119384
1132,-5.472887120872076,-4.999765574475415,1.773786255747741,0.3222052939901265
1133,-2.417307047639718,-4.935776165781055,1.8077585025720926,0.32188308869613635
1134,-2.556616916334975,-4.839088875583068,1.803133297568764,0.3215612056074402
1135,-3.0476898262826175,-4.779660726246921,1.8122063341784884,0.3212396444018328
1136,-2.484812263133041,-4.662518413608813,1.7668902393647894,0.32091840475743094
1137,-1.669895467089065,-4.546142950819554,1.7685392880460458,0.3205974863526735
1138,-3.703379149354726,-4.509879760248041,1.7668581871585727,0.32027688886632083
1139,-2.477716303205096,-4.439353927317559,1.7761642226465186,0.3199566119774545
1140,-2.7944521848591943,-4.397011323263776,1.7895866813779286,0.31963665536547703
1141,-3.693898361488922,-4.329422315366832,1.7506238693116827,0.31931701871011153
1142,-6.574079011116286,-4.344021310976018,1.7661692257487418,0.3189977016914014
1143,-4.265311474092358,-4.322361773340415,1.7603515152464477,0.31867870398971
1144,-2.089808211448747,-4.228275683989545,1.751422314110339,0.31836002528572027
1145,-2.7501678155449754,-4.153870644020794,1.7335212325820477,0.31804166526043454
1146,-6.985520149424424,-4.160796171365522,1.7440960657585247,0.3177236235951741
1147,-5.212741434199213,-4.14852327782315,1.7344648864814243,0.3174058999715789
1148,-5.542759325657707,-4.134248161535329,1.719933124516597,0.31708849407160733
1149,-2.323291597063065,-4.043508623288043,1.6931933805191222,0.31677140557753575
1150,-3.767081041701968,-4.007365812673205,1.6793642018864163,0.31645463417195824
1151,-3.171537297677525,-3.9499647636887674,1.6577635802463222,0.3161381795377863
1152,-2.0605720587958114,-3.884889005429776,1.6667662835169241,0.3158220413582485
1153,-2.2381354330908376,-3.863790205421167,1.6807426230655707,0.3155062193168902
1154,-3.7834079575582695,-3.8075893811409185,1.6348840010916297,0.31519071309757335
1155,-5.043416790511502,-3.805659964750247,1.633366765511646,0.3148755223844758
1156,-3.8034711642007655,-3.776297102547574,1.6198902642038537,0.31456064686209134
1157,-2.1246100833622004,-3.7058863946100487,1.613628307659828,0.31424608621522926
1158,-5.5622075677809235,-3.7334460785177788,1.633211321224831,0.31393184012901404
1159,-5.344433482997967,-3.7566905765849574,1.6476397560711464,0.31361790828888503
1160,-6.351088489356124,-3.7914677286193044,1.6832962726750254,0.31330429038059615
1161,-3.5134372916038754,-3.702649285147705,1.5749762829871146,0.31299098609021553
1162,-6.631005504375317,-3.7444395378669504,1.6236490071870955,0.3126779951041253
1163,-2.479259573343592,-3.660579407301991,1.5779017130825568,0.31236531710902116
1164,-6.118923152580457,-3.6768655854998746,1.5988497881753712,0.3120529517919121
1165,-6.1098341483543965,-3.7317247352379166,1.6339449123928789,0.3117408988401202
1166,-5.129133293387316,-3.7651073388064074,1.6450653297978308,0.31142915794128007
1167,-6.223411696595592,-3.8209074456197016,1.6798187351176215,0.31111772878333877
1168,-4.689756448177684,-3.834467160433035,1.6840357814121618,0.3108066110545554
1169,-6.426007501852987,-3.9195319058337206,1.7052382224601939,0.3104958044435009
1170,-5.65880172505528,-3.9367028373846544,1.718292837662268,0.3101853086390574
1171,-5.607833426301067,-4.0008379270452075,1.7196242904357384,0.30987512333041833
1172,-3.6033886134130784,-4.0235079483150455,1.706715239395855,0.3095652482070879
1173,-5.706372988412,-4.066734251851049,1.7213572549781895,0.30925568295888084
1174,-5.900702600618466,-4.136689936243239,1.7233920431902778,0.308946427275922
1175,-9.167693345705297,-4.146961356576521,1.7515851763777495,0.30863748084864606
1176,-7.9932688338429765,-4.232336844248571,1.831140004113712,0.3083288433677974
1177,-2.9327226907632764,-4.231759923814166,1.8315447818420854,0.30802051452442963
1178,-6.378472379014434,-4.311353327659273,1.8366257060018956,0.3077124940099052
1179,-1.8919885259790639,-4.30986667859586,1.8385523545394564,0.3074047815158953
1180,-5.583518056624896,-4.377095084025948,1.822367492985359,0.30709737673437937
1181,-5.5050646154546135,-4.451257828745915,1.7910399672781965,0.30679027935764497
1182,-7.414474889679761,-4.490089584122069,1.8333179860449396,0.3064834890782873
1183,-6.1163563804422685,-4.56407057077812,1.8227857736318378,0.306177005589209
1184,-7.831926730203719,-4.669576767055495,1.8559085896619132,0.3058708285836198
1185,-6.390814438003159,-4.736439259289906,1.8564937214377724,0.30556495775503617
1186,-5.763435415719977,-4.8020117223416445,1.8335667779868812,0.30525939279728115
1187,-6.032297539684789,-4.889259763793559,1.7856158399047548,0.30495413340448385
1188,-2.7184213801645383,-4.869560608409755,1.803929156069781,0.3046491792710794
1189,-6.710641225624325,-4.95421910685814,1.7889568222665304,0.3043445300918083
1190,-7.999998374406398,-5.058330030649084,1.8115658948177065,0.30404018556171647
1191,-7.712382702396905,-5.138699717467244,1.8381942608983197,0.30373614537615473
1192,-8.480307766720639,-5.176824292579331,1.8866969206356425,0.3034324092307786
1193,-5.4951519200483485,-5.20142110149845,1.882665611448271,0.3031289768215478
1194,-2.7724941769256968,-5.21507482080799,1.8624162813470917,0.30282584784472627
1195,-6.710965621641021,-5.294290776929911,1.8399885032768173,0.3025230219968815
1196,-8.45275701251339,-5.32363551419169,1.878033445390298,0.3022204989748846
1197,-7.972621447063888,-5.378833114448983,1.9141733010472008,0.30191827847590974
1198,-6.010234371775725,-5.388182615371344,1.9160918370931732,0.3016163601974338
1199,-4.6908795211396885,-5.435534373852876,1.8684269405481615,0.3013147438372364
1200,-7.73641827755969,-5.51492111857003,1.8801392451796781,0.3010134290933992
1201,-4.162552216615094,-5.534741416948782,1.860451508461338,0.3007124156643058
1202,-8.035170242056312,-5.6542333806139915,1.825006114390166,0.30041170324864147
1203,-6.495457891186689,-5.739379829775909,1.7618615352969529,0.30011129154539284
1204,-2.1032303742170977,-5.705776278109085,1.8140953692789672,0.29981118025384745
1205,-6.036998149848332,-5.725647905295823,1.8121718693386957,0.2995113690735936
1206,-5.728021533784816,-5.764138912687503,1.7912537984815509,0.29921185770452
1207,-4.1221328649487825,-5.804089368319235,1.730894106205175,0.2989126458468155
1208,-4.361992912531447,-5.780085075214245,1.7423664678980775,0.2986137332009687
1209,-4.182370802910565,-5.756843821612497,1.755721710382681,0.29831511946776773
1210,-3.005918408002396,-5.689940419985422,1.7950966373100634,0.29801680434829997
1211,-6.612482366793365,-5.751921321489213,1.772232676779769,0.29771878754395165
1212,-2.4708782052979985,-5.668718775507666,1.8258518821586482,0.29742106875640767
1213,-3.5596853022780905,-5.690327290086356,1.7940946495262324,0.29712364768765126
1214,-4.720278954947303,-5.662354406133693,1.798093189021416,0.2968265240399636
1215,-2.9702118632183363,-5.599561960430972,1.835795220660903,0.2965296975159237
1216,-4.672995831147622,-5.590439211186178,1.8392404141032797,0.29623316781840775
1217,-7.416454758292231,-5.614300072420111,1.8549688763943537,0.29593693465058934
1218,-4.255002900158649,-5.60560500145973,1.8602935483198717,0.29564099771593877
1219,-5.131757252464445,-5.579719996471958,1.8577005896992254,0.2953453567182228
1220,-1.603913154693825,-5.49862222506473,1.9391983794620684,0.2950500113615046
1221,-8.384313258425385,-5.554151821707216,1.980836321323871,0.2947549613501431
1222,-5.229126853520389,-5.586666586509362,1.9617998380691044,0.294460206388793
1223,-6.066084962845137,-5.593860825998025,1.9628848908441836,0.2941657461824042
1224,-3.839000827176584,-5.552626790529188,1.977605745298988,0.2938715804362218
1225,-3.1237880079528932,-5.43174868377414,1.9372464994973553,0.2935777088557856
1226,-4.27627079235025,-5.357408722944285,1.908631039149732,0.2932841311469298
1227,-6.668429046466409,-5.432122850058348,1.8852277532160562,0.2929908470157829
1228,-2.376703215000982,-5.3520874667780785,1.9278169656961763,0.2926978561687671
1229,-2.4742253092419295,-5.363732202443336,1.9085436258337145,0.29240515831259833
1230,-2.7609736633293624,-5.307281314577425,1.9426458742638348,0.29211275315428575
1231,-3.05100027196384,-5.25820002770761,1.967866290746537,0.2918206404011315
1232,-4.861986723049063,-5.207150264374996,1.9442327365746437,0.29152881976073036
1233,-2.701655539970687,-5.138856247565565,1.9708865574372956,0.2912372909409696
1234,-6.052383472349837,-5.1032653824084875,1.9377216466571525,0.2909460536500286
1235,-1.931053981015947,-5.014070173268743,1.978613718410308,0.2906551075963786
1236,-4.956081561678452,-4.997923096187912,1.975724628290293,0.2903644524887822
1237,-8.994921358525756,-5.057175572564731,2.048926119524927,0.2900740880362934
1238,-5.756444064089013,-5.117936026243221,2.023558873755751,0.28978401394825715
1239,-5.682191543877938,-5.097367032608293,2.0124614085237513,0.2894942299343089
1240,-2.1165329313535173,-4.979697723747235,2.0113072662340423,0.2892047357043746
1241,-7.126672831227174,-4.96798352632384,1.9970123673068731,0.28891553096867023
1242,-6.6482847917832375,-4.931343066825093,1.9484495598718568,0.2886266154377016
1243,-5.803240479461667,-4.937504838013359,1.9507086439149348,0.28833798882226386
1244,-4.9229414368930815,-4.980513783212706,1.9260512097755509,0.2880496508334416
1245,-5.265460229919211,-4.95160367537827,1.910647033491607,0.28776160118260813
1246,-3.9443951261974033,-4.8614364376519505,1.848667044997367,0.2874738395814255
1247,-4.999079620208532,-4.801965601114844,1.794665019584203,0.2871863657418441
1248,-2.7849495319122712,-4.737459904317575,1.807990695668871,0.28689917937610226
1249,-2.56212965642415,-4.694884907023264,1.8334709063240295,0.2866122801967262
1250,-2.0308737824388006,-4.580774017120846,1.8181074967390676,0.28632566791652947
1251,-8.001904790003335,-4.657561068588611,1.8788834834125798,0.28603934224861294
1252,-4.763892867843463,-4.592135521104353,1.8160352134344115,0.2857533029063643
1253,-6.766911543384024,-4.5975645941483005,1.8221127066271687,0.28546754960345794
1254,-4.722617880913234,-4.649952344282224,1.7869608114797344,0.2851820820538545
1255,-6.960738848701762,-4.668427158259292,1.8058805018766337,0.2848968999718006
1256,-6.778052066158953,-4.689427768906775,1.8240939947377552,0.2846120030718288
1257,-8.144656366164071,-4.76987823893108,1.8849886595245522,0.284327391068757
1258,-5.09882796950466,-4.784614940070544,1.8846224624286796,0.2840430636776882
1259,-7.804063094981219,-4.8570487859119575,1.929155915693794,0.28375902061401054
1260,-2.4529187171861335,-4.845988792095632,1.9412839508479394,0.28347526159339653
1261,-5.605261807704462,-4.825844380913855,1.9280294343639028,0.28319178633180314
1262,-5.81158899724279,-4.89265859675275,1.9029844706518122,0.28290859454547135
1263,-8.783383420696596,-4.99713255912112,1.9691758488683575,0.28262568595092585
1264,-2.6601211568233523,-4.955929403158642,1.9959096450570257,0.2823430602649749
1265,-6.716461042904951,-5.030854386752374,1.9902687025091779,0.28206071720470993
1266,-6.099036589493531,-5.059375201919292,1.995147884428232,0.2817786564875052
1267,-7.636026983986046,-5.0637666464331685,2.0005654209179617,0.28149687783101773
1268,-5.371870883384854,-5.086104006097693,1.9976435203025265,0.2812153809531867
1269,-5.517138432664524,-5.093811629701694,1.9985480619451437,0.28093416557223355
1270,-5.599489419163479,-5.173723154991087,1.9363199315320974,0.2806532314066613
1271,-3.5525559947082836,-5.077088009716745,1.8937799262143573,0.2803725781752547
1272,-5.841666383856852,-5.089338800323474,1.8967028266614459,0.2800922055970794
1273,-5.989285242412086,-5.087802805914813,1.895942157355872,0.2798121133914823
1274,-7.078249164582303,-5.152587772662928,1.9074713572201618,0.2795323012780908
1275,-5.8937031689963755,-5.207986075883797,1.8878671768753954,0.2792527689768127
1276,-6.863896852611826,-5.2597385970890285,1.8970617008127748,0.2789735162078359
1277,-5.400881792714902,-5.234387652013998,1.886507534748947,0.2786945426916281
1278,-6.780815261065317,-5.322469892935285,1.8535516603722242,0.27841584814893644
1279,-4.709239735979959,-5.367170181470046,1.8107806941236029,0.2781374323007875
1280,-5.923440868984775,-5.430419525583154,1.7734908453139555,0.27785929486848676
1281,-7.325926214079125,-5.51591804442546,1.7597119008863222,0.27758143557361825
1282,-3.98651870674638,-5.498408684099406,1.7704542128059253,0.27730385413804465
1283,-4.967140357471388,-5.54371838044942,1.7267494053198926,0.2770265502839066
1284,-6.8495847848838025,-5.559662406700099,1.7350332085034474,0.2767495237336227
1285,-4.3525578832906735,-5.608092484745594,1.665473147973291,0.2764727742098891
1286,-5.101706351599267,-5.61100498054401,1.664457418328618,0.2761963014356792
1287,-5.469592380047095,-5.540498400974437,1.5927427504385925,0.27592010513424353
1288,-5.206635402035504,-5.529502227733367,1.593111795418512,0.2756441850291093
1289,-6.468786992291244,-5.545234136701634,1.5984168844751128,0.2753685408440802
1290,-6.5347686596261845,-5.633598851267087,1.5269551224986837,0.2750931723032361
1291,-7.692502756659539,-5.644915449775734,1.540019541552409,0.27481807913093287
1292,-7.564523275217557,-5.66324021944442,1.5572049558488505,0.27454326105180193
1293,-6.780486973233696,-5.6827851493198605,1.5649530583878037,0.2742687177907501
1294,-6.803733192695139,-5.720400984435901,1.5688359904331968,0.2739944490729594
1295,-5.352093209540358,-5.722133644028324,1.5683803598960977,0.27372045462388644
1296,-5.004667320846089,-5.743339087921298,1.5512753966332136,0.2734467341692626
1297,-5.172933877586868,-5.746816173068865,1.5497974271021169,0.27317328743509334
1298,-2.0845729506842647,-5.732808641444305,1.579386995801929,0.27290011414765825
1299,-4.4103771676909425,-5.769773591669641,1.5254537916625275,0.2726272140335106
1300,-3.8894059457447225,-5.806944234935759,1.4549074980163728,0.27235458681947705
1301,-6.281447041288404,-5.772535079961461,1.4225743774358146,0.2720822322326576
1302,-2.36208493866733,-5.724498921377938,1.4945523101882956,0.2718101500004249
1303,-2.459017781066708,-5.6383410461315915,1.5549271006984284,0.27153833985042447
1304,-4.695143801604769,-5.637791564545423,1.5552554224601556,0.27126680151057403
1305,-4.356244190295326,-5.585701671377294,1.5536890149696183,0.27099553470906346
1306,-5.155697311054437,-5.5532545762752035,1.54536753782908,0.2707245391743544
1307,-2.0414822927583613,-5.431191094807089,1.5765801470780207,0.27045381463518003
1308,-6.277446650378138,-5.454763468424559,1.5802414270383098,0.27018336082054484
1309,-2.565624604033672,-5.349994698605608,1.5945986220508874,0.2699131774597243
1310,-8.081753796347662,-5.462571400188839,1.5847587899194018,0.2696432642822646
1311,-1.925913501803621,-5.388984434070821,1.6600593818898841,0.26937362101798235
1312,-4.734514161014147,-5.367442937346249,1.661423440833044,0.26910424739696437
1313,-5.306888930290843,-5.297913047538134,1.5881416159185415,0.2688351431495674
1314,-1.9323976022275327,-5.283358576446217,1.615350402439564,0.26856630800641784
1315,-5.688628191576517,-5.2628019194196485,1.603478581754402,0.2682977416984114
1316,-5.055056533113378,-5.241922318292046,1.5992451340691396,0.268029443956713
1317,-2.8354665491098867,-5.145911109594523,1.5967318782509814,0.2677614145127563
1318,-5.782796316232048,-5.154129618251466,1.5989297814724728,0.2674936530982436
1319,-5.042866105312073,-5.144644171704417,1.5981547346182763,0.26722615944514533
1320,-5.016147391019604,-5.13297733114154,1.5969204692420655,0.2669589332857002
1321,-2.4961890466929115,-5.111849992181233,1.624440530693505,0.2666919743524145
1322,-2.2966123770060873,-5.040948912044216,1.6678245386976334,0.26642528237806207
1323,-2.3901628673781516,-4.968966464543538,1.7026460925030196,0.266158857095684
1324,-2.4482815871580437,-4.876367112995053,1.7112932686294724,0.2658926982385883
1325,-6.354283917496199,-4.885578727965049,1.7179712180388584,0.26562680554034973
1326,-4.6122342326752666,-4.840545475566318,1.6948795250413218,0.26536117873480936
1327,-4.466565242547602,-4.821859144562972,1.6937488343805263,0.26509581755607453
1328,-8.363368703256558,-4.853510213406797,1.7440983176315368,0.26483072173851846
1329,-2.503457728854908,-4.809394573264297,1.774815879478715,0.26456589101677996
1330,-5.239853414881076,-4.7957228241822225,1.7688042295950088,0.2643013251257632
1331,-2.146996677294809,-4.692144233446536,1.7692417297570129,0.2640370238006374
1332,-7.604104491342322,-4.764495949138455,1.8123503057474002,0.2637729867768368
1333,-5.874305750048006,-4.782639256989987,1.8188173937705308,0.26350921379006
1334,-5.204054805052111,-4.749728657393353,1.7958619516248404,0.26324570457626995
1335,-5.94913833424902,-4.781660266412519,1.8026972293266281,0.2629824588716937
1336,-2.7860142489054094,-4.735346424358642,1.8235064571498185,0.262719476412822
1337,-4.198423132701342,-4.709923039411728,1.8219530292294883,0.2624567569364092
1338,-5.4278553308331245,-4.71434743798768,1.823421875895262,0.26219430017947276
1339,-2.8767659345479535,-4.642507016832814,1.8236444949669512,0.2619321058792933
1340,-3.223725602412223,-4.5762861556885355,1.8138191125674414,0.261670173773414
1341,-6.4171589053078915,-4.550779278661502,1.7784401322118621,0.2614085035996406
1342,-3.1945223660593474,-4.463379260478338,1.73503491014083,0.26114709509604095
1343,-2.2289802483300587,-4.372349125980265,1.730471227694999,0.2608859480009449
1344,-6.236361787497209,-4.361001697876306,1.716292574185437,0.26062506205294395
1345,-2.0896094102731877,-4.295752021890963,1.7392360077866629,0.260364436990891
1346,-6.690577868654354,-4.329470232847129,1.7687446315780782,0.2601040725539001
1347,-5.059228123871275,-4.327196117772817,1.7677315161888096,0.2598439684813462
1348,-5.312065989282608,-4.391745978544784,1.7434219881274913,0.2595841245128649
1349,-3.145616762062177,-4.366450770432208,1.7521216279677072,0.259324540388352
1350,-4.779106083536696,-4.384244773188048,1.7517042631424913,0.25906521584796366
1351,-4.283760442574153,-4.344291041213763,1.730631658645242,0.2588061506321157
1352,-5.450693572156895,-4.406063213883554,1.713817331905281,0.2585473444814836
1353,-6.211069424230592,-4.481104246746831,1.7090581969507406,0.2582887971370021
1354,-4.704945769148047,-4.481300286097698,1.7090832993319054,0.2580305083398651
1355,-6.571257564241126,-4.525600553576613,1.7337960832531245,0.2577724778315252
1356,-5.953899429763686,-4.541564595950798,1.7431736352909926,0.25751470535369364
1357,-3.01343700232555,-4.561003690142142,1.720456826771277,0.25725719064833996
1358,-5.87164412999199,-4.552887639734419,1.7132827732298583,0.2569999334576916
1359,-7.850173700094745,-4.658578621655641,1.7500356845511467,0.25674293352423394
1360,-3.2714851873582202,-4.5623732494758515,1.6904104300266887,0.2564861905907097
1361,-6.855422138968577,-4.660963422219151,1.6774714495190728,0.256229704400119
1362,-7.888426762227981,-4.724041674243427,1.7372834530011658,0.25597347469571885
1363,-6.677006755954331,-4.751444030756697,1.756954791865509,0.25571750122102316
1364,-6.5960227386307935,-4.844716533484762,1.7283805535126826,0.25546178371980216
1365,-5.639625661039257,-4.843736482874017,1.7279155795205194,0.25520632193608234
1366,-5.236519003420401,-4.847365732280158,1.728546070370921,0.25495111561414624
1367,-5.5690917890389855,-4.90203823707874,1.7071454062759477,0.2546961644985321
1368,-3.745449380873388,-4.861291298371567,1.7099486497907348,0.2544414683340336
1369,-5.845958474960931,-4.877353145764544,1.715342065811429,0.25418702686569955
1370,-6.294567639368916,-4.90292155073153,1.7267105492748323,0.25393283983883386
1371,-6.793470282953749,-4.988867175456747,1.711659701525337,0.25367890699899504
1372,-4.397412293834171,-5.030883173793308,1.6703428538039367,0.253425228091996
1373,-5.882773201087108,-5.100735380467487,1.631015688494262,0.253171802863904
1374,-3.549492528437059,-5.122759599293067,1.6022309368833856,0.2529186310610401
1375,-6.067675636568506,-5.117027433674513,1.5983226835676911,0.2526657124299791
1376,-7.360435633729825,-5.171991461695605,1.6270143330520261,0.2524130467175491
1377,-7.256387119931911,-5.227787899243291,1.6495465982208488,0.2521606336708316
1378,-7.277358896457699,-5.206067703107314,1.6149023805370741,0.25190847303716074
1379,-5.656138522370325,-5.269121318977622,1.5690453153361945,0.25165656456412355
1380,-7.320425422611794,-5.310732759132237,1.5950898181401074,0.25140490799955945
1381,-6.376987551283594,-5.395332576612013,1.5361340646382216,0.25115350309155987
1382,-6.059774329584073,-5.3644459733768475,1.5066552597453609,0.2509023495884683
1383,-7.648819361879891,-5.399936245613485,1.5388042786591167,0.25065144723887983
1384,-7.882968951180803,-5.45351452853606,1.577209438591427,0.25040079579164093
1385,-4.749441939194799,-5.429520600634975,1.5786118616338873,0.2501503949958493
1386,-4.2893183805822135,-5.459586683268511,1.5418658001868564,0.24990024460085344
1387,-5.362374753792844,-5.482865715690341,1.5314001977257357,0.24965034435625258
1388,-2.861215275832257,-5.431532914590324,1.5747863368892199,0.24940069401189632
1389,-2.2179435151770863,-5.418356466202907,1.5986822192590333,0.24915129331788444
1390,-4.076113121522062,-5.435404216585104,1.5796197212438954,0.24890214202456656
1391,-4.582167816106304,-5.398704394801071,1.5776992706308508,0.248653239882542
1392,-3.7546512986690996,-5.409906973453266,1.5639371260131025,0.24840458664265946
1393,-3.3603874243123655,-5.432535116972913,1.5254612457473742,0.2481561820560168
1394,-2.788570078839369,-5.363579282799756,1.5649809523898817,0.2479080258739608
1395,-2.4145871507944716,-5.370078837610182,1.5519911902129975,0.24766011784808684
1396,-2.809501099881239,-5.29245730223472,1.5807935870770735,0.24741245773023876
1397,-3.4356163997535396,-5.259985067752364,1.601787490487257,0.24716504527250852
1398,-2.587597052568508,-5.205495689018083,1.644850442415004,0.24691788022723601
1399,-3.8788120413233673,-5.220159594603306,1.629618886099659,0.24667096234700878
1400,-4.369672902506943,-5.2119709309827105,1.6328400558526786,0.24642429138466176
1401,-3.243720749072018,-5.191170137112668,1.6510550131135395,0.2461778670932771
1402,-1.9997402846341554,-5.1221510713622145,1.7098469132321064,0.24593168922618383
1403,-4.240614295503124,-5.082741968787665,1.7070004884250034,0.24568575753695765
1404,-2.3860548321362978,-5.036364150047429,1.7476520238029292,0.2454400717794207
1405,-4.1891907238256385,-4.98872281323912,1.7376000689896436,0.24519463170764128
1406,-2.6885439091190073,-4.923415702826226,1.7612989873612603,0.24494943707593364
1407,-4.206150334846654,-4.947269969476648,1.7432538874980614,0.24470448763885772
1408,-3.0096196811345197,-4.890029480499498,1.7588797752332133,0.24445978315121886
1409,-2.188024966630008,-4.776786505830204,1.7468833917167588,0.24421532336806764
1410,-3.0868196900939053,-4.7730931958849165,1.7502539985086232,0.24397110804469957
1411,-1.8698796070110675,-4.673382345245766,1.7706772466682337,0.24372713693665488
1412,-4.289139527250584,-4.601396600546219,1.7106544371172385,0.24348340979971822
1413,-3.8694272374095644,-4.545245010175323,1.6875242323458537,0.2432399263899185
1414,-4.205712499869103,-4.4974388054000904,1.6624212649686507,0.2429966864635286
1415,-3.7048031307023765,-4.458742354793353,1.6578964554285596,0.24275368977706507
1416,-2.565637065284266,-4.40532471603063,1.674916545751445,0.24251093608728802
1417,-5.454403380313723,-4.4030309478561245,1.6733990614113015,0.24226842515120073
1418,-3.971720251712042,-4.407556365272898,1.6719199285004305,0.24202615672604952
1419,-3.958811724367621,-4.369813430261032,1.6602828495907858,0.24178413056932346
1420,-5.889606340911718,-4.3617142042918875,1.6518399976086402,0.24154234643875414
1421,-6.760360711933194,-4.361052012871476,1.6508713723523263,0.24130080409231539
1422,-3.634391819020559,-4.345791603375204,1.6539884120816488,0.24105950328822306
1423,-4.182751008896666,-4.311791159531396,1.6394532726472129,0.24081844378493483
1424,-2.531159765270139,-4.291424504268058,1.6550477974162106,0.2405776253411499
1425,-2.917984413313708,-4.228430679802961,1.646159282019924,0.24033704771580874
1426,-3.1921360531041527,-4.145064688190447,1.590025007243868,0.24009671066809293
1427,-2.215716240896172,-4.044251270609733,1.548824503174244,0.23985661395742483
1428,-4.274984343581336,-3.984203779552205,1.4789376920829262,0.2396167573434674
1429,-3.3546784809723973,-3.9381745787242464,1.4619017532245133,0.23937714058612394
1430,-3.279735436292173,-3.857360778997854,1.3822099306982503,0.23913776344553783
1431,-3.6254075940513175,-3.802329179853209,1.3347589594320768,0.2388986256820923
1432,-6.16172076286772,-3.804368108518882,1.33827901549461,0.2386597270564102
1433,-7.352666678109408,-3.798445054843472,1.3218048217260232,0.23842106732935378
1434,-3.016128758524277,-3.7011082509903415,1.1900702499888565,0.23818264626202443
1435,-2.414451352563259,-3.6544084392577108,1.1938240978224508,0.2379444636157624
1436,-6.676642932567065,-3.7021549302974077,1.2639430616582807,0.23770651915214663
1437,-6.005469589854906,-3.715016827018649,1.283886757427985,0.2374688126329945
1438,-6.089471655170133,-3.7795819546054066,1.3199915617310298,0.23723134382036148
1439,-3.5231224909977343,-3.805685534121819,1.3016287731135285,0.23699411247654112
1440,-3.961731144747213,-3.8033978945863227,1.301251940537939,0.23675711836406457
1441,-4.932410966547326,-3.810402757595143,1.3063580302382158,0.2365203612457005
1442,-3.4029114596164702,-3.8033679608140902,1.3075858034780128,0.2362838408844548
1443,-3.4857895674139785,-3.8058760036761226,1.3068537901322197,0.23604755704357036
1444,-4.193656084271652,-3.833977723784768,1.2997639643542425,0.2358115094865268
1445,-6.606016504588608,-3.9178063108606516,1.340055864169271,0.23557569797704025
1446,-6.378223805252004,-3.989180764968067,1.3737400345464852,0.2353401222790632
1447,-5.47202098938654,-4.029908856760726,1.3868491401551462,0.23510478215678413
1448,-6.868083743725275,-4.1155185905838625,1.4267168527754486,0.23486967737462733
1449,-6.135398785904247,-4.16065032547548,1.4539469814126125,0.2346348076972527
1450,-6.8940918382908025,-4.211138704191157,1.5033206543179585,0.23440017288955545
1451,-5.423950273471265,-4.254743294679142,1.5062443086834238,0.2341657727166659
1452,-3.2965046874455046,-4.280678582735369,1.4780943580625252,0.2339316069439492
1453,-6.689203530405079,-4.329650367433407,1.5160318074395658,0.23369767533700525
1454,-5.780956900274727,-4.397548408796176,1.5034350129275282,0.23346397766166824
1455,-5.633663357001111,-4.426437861459686,1.513001514350527,0.23323051368400657
1456,-2.7347859798368006,-4.427362702874042,1.511952691414538,0.23299728317032256
1457,-6.8587999746115464,-4.48041569566934,1.5493370733715914,0.23276428588715223
1458,-6.499372655940419,-4.550210755165457,1.5600746592438106,0.23253152160126508
1459,-6.763449768115818,-4.641719251195173,1.553006517097338,0.23229899007966381
1460,-3.448376283912496,-4.648950383071545,1.5465781741404452,0.23206669108958414
1461,-3.1718888032714823,-4.674990566996754,1.5100978406024212,0.23183462439849456
1462,-7.556555399440606,-4.740338884440554,1.5617988931912583,0.23160278977409607
1463,-4.163052094249105,-4.746211381577345,1.5590627810882804,0.23137118698432196
1464,-8.511753787389972,-4.832332207327762,1.6434729599612208,0.23113981579733764
1465,-7.591993000610659,-4.910076004725928,1.6798355245668402,0.2309086759815403
1466,-4.976413704721785,-4.958291537514678,1.6461114139049202,0.23067776730555875
1467,-6.925901391145488,-4.9877214977313145,1.6677301628082688,0.23044708953825319
1468,-7.932846225328056,-5.066944017203634,1.7111042373078076,0.23021664244871493
1469,-5.601659981418636,-5.099800982344655,1.705273412228568,0.22998642580626621
1470,-4.197613802421494,-5.06596113157485,1.7060525370039077,0.22975643938045995
1471,-8.06760051216671,-5.092105927579521,1.7414673954235753,0.2295266829410795
1472,-4.004807724400546,-5.09951424568712,1.7360298227141937,0.22929715625813843
1473,-2.44671507968874,-5.064793527102962,1.7710256318613513,0.2290678591018803
1474,-4.862558896754951,-5.111421509732658,1.7340096874233548,0.22883879124277842
1475,-7.670627289094861,-5.206474367248282,1.7414137672763579,0.22860995245153565
1476,-3.8750141385115797,-5.220131928956429,1.7281897840820024,0.22838134249908412
1477,-2.9962965399467416,-5.23574353493744,1.704339993011687,0.22815296115658504
1478,-6.540744072073222,-5.281058729507278,1.70830931288311,0.22792480819542846
1479,-2.5838644307600567,-5.265642448503032,1.7289769724401034,0.22769688338723304
1480,-3.1144529477569605,-5.262336798732328,1.7329241864684028,0.22746918650384582
1481,-3.3628049825653465,-5.257084746502608,1.738267047948736,0.22724171731734197
1482,-4.895082928606746,-5.231751989817388,1.7341234561888148,0.22701447560002463
1483,-3.146443674020779,-5.147627529735615,1.7312168753967665,0.2267874611244246
1484,-5.324351737286802,-5.193791989310866,1.7043296632423703,0.22656067366330018
1485,-8.480882494558813,-5.3151206121507775,1.7180289748953343,0.22633411298963688
1486,-6.80524027657513,-5.317692559030939,1.7201602295645042,0.22610777887664724
1487,-3.1923655735710867,-5.261430478705263,1.7426030370433572,0.22588167109777058
1488,-2.6957897569984843,-5.193556840741829,1.7748227281735816,0.2256557894266728
1489,-1.951749552250231,-5.162129381966879,1.8175222977599776,0.22543013363724612
1490,-7.026442785850928,-5.2234236147889535,1.8276554627930002,0.22520470350360888
1491,-2.0679907147667853,-5.166135209753342,1.8800223131196305,0.2249794988001053
1492,-8.77914688798326,-5.2736599183206785,1.929201970441347,0.2247545193013052
1493,-3.6827579547998233,-5.277599286068396,1.925745179782151,0.22452976478200387
1494,-2.6805812940799694,-5.247337790264562,1.9542185474111406,0.22430523501722185
1495,-2.286818688637912,-5.160953833945548,1.9874308172067685,0.22408092978220462
1496,-5.28870767706056,-5.139163511381719,1.9799237187966239,0.2238568488524224
1497,-6.355038733549215,-5.156823866264973,1.9867403487177666,0.22363299200356998
1498,-6.710526209732659,-5.15367271558512,1.9841468936423068,0.22340935901156642
1499,-7.341772132121455,-5.177800182509465,2.003181624436556,0.22318594965255484
1500,-5.863796326856566,-5.15719427228078,1.990680961427776,0.22296276370290227
1501,-2.6875341909972996,-5.1024659506313,2.0199942435706904,0.22273980093919937
1502,-5.639072970485955,-5.149317316292109,2.0046722210344106,0.22251706113826017
1503,-2.5459119246561106,-5.066451484177129,2.0248390971310815,0.2222945440771219
1504,-4.676067931211826,-5.0443537047958715,2.0229490067702867,0.22207224953304477
1505,-8.303792844652383,-5.097756294548897,2.0724391427025033,0.22185017728351172
1506,-3.487141752150262,-5.112803409995166,2.057908305644773,0.2216283271062282
1507,-2.2517175516212835,-5.0206617615353615,2.080683223551232,0.22140669877912197
1508,-4.991587851556776,-4.990506065447688,2.069932003332766,0.22118529208034285
1509,-5.433501306461523,-4.963907096214603,2.0554730116135174,0.2209641067882625
1510,-6.88724009637958,-5.032684372463945,2.0611371889015526,0.22074314268147424
1511,-5.465123369435522,-5.078549063787225,2.0446691195101288,0.22052239953879277
1512,-7.6930826724080585,-5.0812796092465735,2.0480648828152908,0.22030187713925398
1513,-7.122567442669364,-5.140469916214979,2.0633808559676585,0.22008157526211472
1514,-6.027502905089344,-5.090784898568966,2.0108449486376307,0.2198614936868526
1515,-5.417297406231928,-5.047290986681392,1.9795497104263435,0.21964163219316574
1516,-6.301372404701549,-5.073790160680987,1.987276725095141,0.21942199056097256
1517,-5.912703029481392,-5.053526193447706,1.9734050090048318,0.2192025685704116
1518,-5.978840579657905,-5.014446080534302,1.9349714550056902,0.21898336600184118
1519,-6.726649015334622,-5.036945861212622,1.9481644350637362,0.21876438263583933
1520,-6.047742644435731,-5.073948438052907,1.9494409742271186,0.21854561825320348
1521,-5.913109227754065,-5.0308586123646535,1.9061238524084037,0.21832707263495027
1522,-5.910498566109762,-5.068972429198838,1.9042781304623648,0.21810874556231533
1523,-6.082007960811205,-5.141678286821287,1.871894549393638,0.217890636816753
1524,-6.261458723862495,-5.169656283363438,1.8779580526796873,0.21767274617993623
1525,-4.684885275340627,-5.109941443088354,1.8446581050833264,0.2174550734337563
1526,-6.2370086727601475,-5.157181333773325,1.84267105562276,0.21723761836032254
1527,-3.6362215422449404,-5.169979833819289,1.8297952698407471,0.21702038074196223
1528,-5.3669660768527,-5.1465042739148785,1.8195592343422398,0.21680336036122028
1529,-5.243242056675129,-5.19969182643318,1.7823612417787271,0.21658655700085905
1530,-2.3583985888580816,-5.184570739255202,1.8030744495257274,0.2163699704438582
1531,-6.532770403601164,-5.247970047675919,1.7936092761463336,0.21615360047341434
1532,-5.969548325855278,-5.269459355620889,1.7956879915444466,0.21593744687294092
1533,-6.101671675247412,-5.328563915645422,1.773332921132859,0.21572150942606796
1534,-1.9254123498975,-5.260585127897636,1.8362235676327814,0.2155057879166419
1535,-3.995511912468183,-5.1708777162558235,1.785573149674924,0.21529028212872525
1536,-4.797014771812133,-5.130713206160563,1.7708842241721876,0.21507499184659654
1537,-6.953424984591106,-5.205934394380964,1.7668260927193498,0.21485991685474995
1538,-5.538015822789072,-5.262778915696776,1.7305005581624557,0.2146450569378952
1539,-3.373696885317742,-5.291217862358126,1.6869907283536796,0.21443041188095732
1540,-5.1851589622274545,-5.254392185885656,1.6687080170621074,0.21421598146907636
1541,-2.606250264919054,-5.265157376888702,1.6497456115530849,0.21400176548760727
1542,-4.9403268254727015,-5.188380975638491,1.5719140622536405,0.21378776372211966
1543,-5.459911929440091,-5.223924055131296,1.557493844665452,0.21357397595839755
1544,-5.0649134772200135,-5.271610698794097,1.5148091957275869,0.21336040198243916
1545,-5.319559253949307,-5.332265510100325,1.4535591517813267,0.21314704158045672
1546,-7.124518093685753,-5.3689817184328295,1.4750225654355,0.21293389453887626
1547,-7.056031795354233,-5.383001579668929,1.4876059970753177,0.21272096064433738
1548,-3.4259528166168387,-5.317310111806613,1.5000035326409409,0.21250823968369303
1549,-5.785912786698413,-5.2861929248981525,1.4735892095555585,0.21229573144400934
1550,-5.829094374015064,-5.2854988858413225,1.4733251517225754,0.21208343571256533
1551,-4.575691080741969,-5.323262023636215,1.4298073574480978,0.21187135227685275
1552,-4.074700624308777,-5.291974576712671,1.4396366053113983,0.2116594809245759
1553,-6.921275300495204,-5.379481844229453,1.402558821823256,0.21144782144365132
1554,-6.823029368597763,-5.422421072977173,1.413190800193114,0.21123637362220768
1555,-6.415797266128942,-5.3846611614067035,1.359916279157994,0.21102513724858546
1556,-6.550495839084666,-5.445928243145391,1.3419353347898622,0.21081411211133688
1557,-7.113715130237946,-5.543168194717724,1.2817587361722989,0.21060329799922556
1558,-7.019464091747969,-5.583725719521548,1.2956715320436472,0.21039269470122635
1559,-6.028716739810986,-5.595630028188538,1.296970315412297,0.21018230200652513
1560,-9.400421514404957,-5.645893656549045,1.3913192302384665,0.2099721197045186
1561,-6.904885779658898,-5.674688904753513,1.4021368333722617,0.20976214758481407
1562,-7.110467444060194,-5.663036600186555,1.3876609296042064,0.20955238543722926
1563,-6.8760321020890816,-5.65810589337495,1.382895910699678,0.20934283305179202
1564,-5.544441597815474,-5.648444667229473,1.381968548461103,0.20913349021874023
1565,-4.873409493204587,-5.6375669089689255,1.3858801364494318,0.2089243567285215
1566,-2.7509600984883744,-5.5665586628446615,1.4399509729259568,0.20871543237179296
1567,-4.764224983408356,-5.543589101923201,1.4434021171917248,0.20850671693942116
1568,-4.577290171479247,-5.515558093759628,1.4482781949532435,0.20829821022248174
1569,-4.954498715388992,-5.480115087760716,1.439866122741108,0.20808991201225926
1570,-4.529117051081001,-5.449742575893621,1.4435843883867099,0.207881822100247
1571,-6.14463715514383,-5.454373134441417,1.445433443907282,0.20767394027814676
1572,-5.729353518697959,-5.4507502334931806,1.4445123714944812,0.2074662663378686
1573,-4.990106873088146,-5.428912211738719,1.4430568983758723,0.20725880007153075
1574,-5.900715534885203,-5.4216973479591735,1.4397744445948772,0.20705154127145922
1575,-6.183462935678797,-5.451668901165937,1.4397222138011236,0.20684448973018776
1576,-2.5221188282505196,-5.377371104275745,1.4921762602813027,0.20663764524045758
1577,-2.4672916918895353,-5.353992507268636,1.527999555212551,0.20643100759521713
1578,-6.9633768897680595,-5.385920723526944,1.5445265375767494,0.20622457658762192
1579,-3.659823935465377,-5.354252361102748,1.563246749075727,0.2060183520110343
1580,-3.6844027014955167,-5.380772443355497,1.5229255546327576,0.20581233365902327
1581,-4.201026419447234,-5.334137563672419,1.522636352042332,0.20560652132536425
1582,-1.8026625767031927,-5.250799848689377,1.597757071885465,0.20540091480403888
1583,-2.2726525276264318,-5.174219465736957,1.646168484001975,0.20519551388923485
1584,-6.485981339702181,-5.26543084553305,1.5889841385861112,0.20499031837534562
1585,-2.7684538466454716,-5.2408896842165955,1.6176255205726155,0.20478532805697028
1586,-5.464641022583483,-5.254242209232023,1.616661631064063,0.2045805427289133
1587,-1.6669043668802987,-5.148511796877807,1.6739328908531423,0.20437596218618437
1588,-5.890904991410395,-5.1555695802502335,1.6763025371798406,0.2041715862239982
1589,-4.995442780533929,-5.188004498154557,1.6570906969978856,0.2039674146377742
1590,-5.542453059409379,-5.195150380098196,1.657833232915242,0.20376344722313644
1591,-7.3484570647523135,-5.289994516094861,1.6425900692081639,0.2035596837759133
1592,-2.410030837682351,-5.2393885963390545,1.690851750523728,0.20335612409213738
1593,-2.4550883946900526,-5.179292125644054,1.7347743363067065,0.20315276796804524
1594,-2.6012583968090146,-5.130019024035834,1.7719135610977743,0.2029496152000772
1595,-5.407424554321082,-5.1317763300432695,1.7721442228180346,0.20274666558487714
1596,-2.9242356968714693,-5.047770682106984,1.7752415373106083,0.20254391891929227
1597,-1.668527332755245,-4.940020592855004,1.8131728798882527,0.20234137500037297
1598,-5.483645622937195,-4.981174448981411,1.801656124607015,0.20213903362537258
1599,-8.026696042171379,-5.02599011409087,1.8483799141796204,0.2019368945917472
1600,-7.0748719858110025,-5.050905666326789,1.8673366948246213,0.20173495769715546
1601,-2.5353955691171906,-5.010099756094293,1.8992947250136973,0.2015332227394583
1602,-4.939242889186057,-5.027390601391838,1.8946299011497238,0.20133168951671884
1603,-2.044296840905643,-4.929851032200047,1.919986843022516,0.20113035782720212
1604,-3.93512061220371,-4.872092857072166,1.9055499884512805,0.20092922746937492
1605,-4.951534226186182,-4.842807596273311,1.8928097856251498,0.20072829824190555
1606,-2.8151556505675193,-4.768100792502969,1.8976436028913626,0.20052756994366364
1607,-3.1809778360710026,-4.689446046619629,1.8802142770688262,0.20032704237371998
1608,-5.431478079270498,-4.65768632637008,1.8538148766261004,0.20012671533134627
1609,-4.665392689995443,-4.630419845373769,1.8434459134142043,0.19992658861601492
1610,-5.811616133600405,-4.558643737757678,1.7222041693812653,0.19972666202739892
1611,-3.4135142928597957,-4.488816308021696,1.696243121023171,0.19952693536537153
1612,-3.7863639937898896,-4.42233423901629,1.6568731247783404,0.19932740843000615
1613,-6.501852225728321,-4.414850641489075,1.6465867072392542,0.19912808102157614
1614,-5.932515028936241,-4.422612110111491,1.6527958535003808,0.19892895294055457
1615,-4.581205763294685,-4.416768035513292,1.6517077990566829,0.19873002398761402
1616,-6.20667331298384,-4.485882299803201,1.6528577580425878,0.1985312939636264
1617,-2.7479308753669756,-4.445556417642374,1.670081615261119,0.19833276266966277
1618,-5.619612182746593,-4.46640285786772,1.6780819678182022,0.1981344299069931
1619,-6.656835406429173,-4.500449591688524,1.7046979363823098,0.1979362954770861
1620,-4.514151823933223,-4.500150287145568,1.7046941905461241,0.197738359181609
1621,-2.874224774561041,-4.434742039533912,1.703082493214926,0.1975406208224274
1622,-8.459008442662551,-4.489335138013205,1.7854645323615168,0.197343080201605
1623,-5.627700975325665,-4.502087020057955,1.7912629831500033,0.19714573712140337
1624,-3.8754443954987354,-4.461581597270225,1.7820529651659538,0.19694859138428197
1625,-4.965571062861272,-4.437223759813875,1.7666075022960137,0.1967516427928977
1626,-3.1599388729233295,-4.449980160707332,1.754997417967451,0.1965548911501048
1627,-5.067710524272548,-4.5019885373549915,1.7338747966864971,0.19635833625895469
1628,-3.4640261369510394,-4.432001522298651,1.7034677263668068,0.19616197792269574
1629,-2.6086024103438037,-4.410977091796219,1.7192820565610367,0.19596581594477305
1630,-4.37694173822933,-4.424827872530896,1.7161596391649638,0.19576985012882828
1631,-4.4588299256020125,-4.429983942653992,1.7158667497868008,0.19557408027869944
1632,-8.610903465942487,-4.566148760438777,1.7712151917331278,0.19537850619842073
1633,-4.929621169637754,-4.619288133279004,1.741211993677639,0.19518312769222232
1634,-7.015739041190177,-4.629883287308764,1.7541025107388624,0.19498794456453009
1635,-6.2741976494188325,-4.699998163364231,1.7483525175185852,0.19479295661996557
1636,-6.1537135496978514,-4.713779613906519,1.7570198608953425,0.1945981636633456
1637,-5.943773803425492,-4.799317002637423,1.710085052100033,0.19440356549968224
1638,-4.626923027735095,-4.774037363363917,1.7030898191701922,0.19420916193418256
1639,-5.206343170536466,-4.778255371163967,1.7038939226414933,0.19401495277224837
1640,-5.7847695383261755,-4.783101700742304,1.7064033714054263,0.19382093781947612
1641,-5.408637955639696,-4.74430531856005,1.6692849534828067,0.19362711688165665
1642,-6.211764891541961,-4.820339999637243,1.6476719904528248,0.193433489764775
1643,-2.5926471922562726,-4.8230911755885675,1.6438307154146656,0.19324005627501023
1644,-5.950145275104279,-4.890068913154472,1.6199900013699968,0.1930468162187352
1645,-4.32184529383899,-4.868357327944831,1.6201853708907719,0.19285376940251647
1646,-4.801880120664025,-4.905910216420682,1.5962727281605729,0.19266091563311397
1647,-7.106257446780928,-5.0146648187011955,1.5567519581250209,0.19246825471748086
1648,-4.0658577433500085,-4.986309061109452,1.5608582407020113,0.1922757864627634
1649,-5.289916405467867,-4.931573468375381,1.5000823147261546,0.1920835106763006
1650,-5.393549067458001,-4.8979470100083216,1.4702074923758168,0.19189142716562432
1651,-6.164206903162006,-4.9705232366892185,1.4410683738399808,0.1916995357384587
1652,-7.062797138103813,-5.012994321667573,1.470512460807654,0.19150783620272022
1653,-7.1356983439977055,-5.114822351729414,1.4373211549152796,0.1913163283665175
1654,-6.671428493855429,-5.169548509362449,1.4434416094137672,0.19112501203815097
1655,-6.952104225783147,-5.209559909354388,1.4644187450135964,0.1909338870261128
1656,-5.214915189387096,-5.257555100130779,1.4239227018697627,0.19074295313908668
1657,-5.217263533503477,-5.298280814079429,1.3927262052026177,0.1905522101859476
1658,-7.1835130457415834,-5.33332151340885,1.417457446685952,0.19036165797576166
1659,-4.722812339489644,-5.334469906398734,1.416939005435612,0.1901712963177859
1660,-4.184239038840589,-5.301922364503538,1.4242766771847586,0.1899811250214681
1661,-4.784173632277541,-5.3293355512918925,1.400661323966651,0.18979114389644663
1662,-2.315305374361368,-5.299914378903322,1.447431819698271,0.1896013527525502
1663,-5.401647917019263,-5.277910292729142,1.4373199349378107,0.18941175139979763
1664,-8.944222312209828,-5.338144438394614,1.52398398034102,0.18922233964839782
1665,-4.427753087986323,-5.335075384888446,1.5256588341786506,0.18903311730874942
1666,-5.106654328210527,-5.31307500519298,1.5208552614295971,0.18884408419144066
1667,-4.437065615821771,-5.346857700002076,1.481758420465103,0.1886552401072492
1668,-2.2613892276165406,-5.279693240899475,1.5427285457193207,0.18846658486714196
1669,-4.4559887638674525,-5.23567630804824,1.5341816208740333,0.1882781182822748
1670,-2.984597472580901,-5.205085221021194,1.5632378571632692,0.18808984016399252
1671,-5.1752411472077595,-5.251105548474128,1.5274011694662677,0.18790175032382853
1672,-2.884572625462389,-5.139616832130125,1.4922202721307634,0.1877138485735047
1673,-5.732341565447712,-5.141709643932566,1.4929765203343683,0.1875261347249312
1674,-2.0899942490275603,-5.106000641003142,1.543338764115541,0.1873386085902063
1675,-3.392859002645915,-5.074546399798835,1.5617963528146268,0.18715126998161608
1676,-7.330641540038197,-5.157960453141133,1.5686729453161818,0.18696411871163446
1677,-2.577460482160241,-5.108155452298886,1.6097425173826654,0.18677715459292282
1678,-5.273896406699554,-5.144352857693857,1.5926226474842504,0.1865903774383299
1679,-2.057185612174624,-5.133324521730473,1.6119356992439362,0.18640378706089158
1680,-2.7454139779766575,-5.10069396652542,1.643128717526391,0.1862173832738307
1681,-5.085212696474556,-5.113221621942871,1.640573084218896,0.18603116589055688
1682,-1.5516858322255958,-4.972037269268533,1.637242254895493,0.18584513472466632
1683,-5.782917730940079,-4.989103200494579,1.6411537146650592,0.18565928958994166
1684,-1.919231131554676,-4.887173042301869,1.6701296332282232,0.18547363030035172
1685,-6.580219356389456,-4.893293476441281,1.6757526378588625,0.18528815667005136
1686,-3.0923559580823543,-4.832066324608972,1.684485821504216,0.1851028685133813
1687,-2.711142141053005,-4.767413691361522,1.7025160901858238,0.18491776564486792
1688,-5.291047512444338,-4.780696181055707,1.7039582470968762,0.18473284787922306
1689,-5.081188056420174,-4.778193078773381,1.7034229781468089,0.18454811503134383
1690,-6.920476180068106,-4.800907211608219,1.7241396477639064,0.18436356691631248
1691,-2.415378185472304,-4.741042016204872,1.7537109011797485,0.18417920334939616
1692,-6.947837412945471,-4.755763466632942,1.76901769543289,0.18399502414604677
1693,-6.420425395322434,-4.832319030694265,1.756531638990043,0.18381102912190073
1694,-1.8907867627816461,-4.7511318604478125,1.7963500698833752,0.18362721809277882
1695,-5.4842885117746025,-4.774380724806525,1.7981650920475336,0.18344359087468604
1696,-7.450643836031674,-4.827355999113879,1.8367971796159248,0.18326014728381135
1697,-7.397538635931076,-4.8331816228968805,1.844461677758827,0.18307688713652753
1698,-3.2101311947372495,-4.816067091924625,1.8554395998455548,0.182893810249391
1699,-2.3510237519406476,-4.7572892388540815,1.8857994014699786,0.1827109164391416
1700,-6.146142936745147,-4.772341116239824,1.8938042623419946,0.18252820552270246
1701,-3.306579748076634,-4.715188573138116,1.8940568870215106,0.18234567731717977
1702,-8.003688896951523,-4.734006408315071,1.9217587643773815,0.1821633316398626
1703,-4.774091983426358,-4.686774281103643,1.89092451689869,0.18198116830822272
1704,-7.7953680868526805,-4.709253072963589,1.9208280231775094,0.1817991871399145
1705,-3.5407032246013124,-4.641025052939952,1.9004283151426002,0.18161738795277457
1706,-5.295079513704577,-4.642628339426302,1.900945542998768,0.1814357705648218
1707,-5.673340811093459,-4.651749884978102,1.904771379119602,0.18125433479425698
1708,-4.599489009208485,-4.6000694042474395,1.8701179814555497,0.18107308045946272
1709,-7.361585471118886,-4.652844866880024,1.909652879006036,0.18089200737900324
1710,-5.313801656748337,-4.67543611923818,1.9106567464442539,0.18071111537162424
1711,-3.3668673094165267,-4.647089992780959,1.9193270355814127,0.1805304042562526
1712,-5.097653141053529,-4.7027369481148025,1.8910408347662588,0.18034987385199636
1713,-4.5694057789886156,-4.68609210535419,1.8884767409547452,0.18016952397814437
1714,-5.5002778356498485,-4.617213215822989,1.7922680074703163,0.17998935445416622
1715,-7.842842324874006,-4.685515000560743,1.8479543384471386,0.17980936509971204
1716,-2.9039613659927195,-4.6414611413163875,1.8635788136975224,0.17962955573461234
1717,-4.124649216535853,-4.63521281333067,1.864777009176891,0.17944992617887773
1718,-7.981646472419228,-4.749617958226723,1.8909194464989212,0.17927047625269885
1719,-7.137863136780968,-4.803255445684993,1.9196482260219192,0.17909120577644616
1720,-5.430917105017308,-4.8521818383337205,1.9037815963184164,0.17891211457066972
1721,-5.135104414758922,-4.851379103684744,1.9036536658336254,0.17873320245609906
1722,-3.2058614776455707,-4.857804880728408,1.8975362972886045,0.17855446925364296
1723,-7.0040898288825035,-4.883239845997104,1.9175065985243933,0.17837591478438933
1724,-7.271995068531323,-4.9868798623871795,1.903725009908508,0.17819753886960493
1725,-6.916933390623221,-5.057361350146726,1.908634421686267,0.17801934133073533
1726,-2.873504095296093,-4.968218601251883,1.904459902366379,0.17784132198940458
1727,-5.556519134126066,-5.0277997742912,1.8751066812851382,0.1776634806674152
1728,-2.224856474032088,-4.966818975637851,1.9152610684278681,0.17748581718674777
1729,-5.634658136144321,-5.038368426117245,1.8715518943011196,0.17730833136956103
1730,-5.7565205544518925,-5.098590557646749,1.8450587620723167,0.17713102303819148
1731,-4.892990361047277,-5.094746110938203,1.845282879453115,0.1769538920151533
1732,-6.980446059441807,-5.203321315482528,1.7925769420877995,0.17677693812313813
1733,-5.097438161375759,-5.189611724091241,1.7907120720984087,0.17660016118501498
1734,-6.590728706830225,-5.283041675596753,1.7387568435253533,0.17642356102382997
1735,-5.816681248092877,-5.26777091343082,1.7306311536213788,0.17624713746280615
1736,-7.203655322835452,-5.349996900725882,1.7229705282652572,0.17607089032534334
1737,-5.671067105133991,-5.409195400007502,1.681640155212664,0.175894819435018
1738,-3.979020984318203,-5.38295486944498,1.6934738984993543,0.17571892461558297
1739,-4.788472529277145,-5.37710055890212,1.695012239723724,0.1755432056909674
1740,-4.765191816090229,-5.333994871622561,1.6825744775693567,0.17536766248527644
1741,-6.837593570784488,-5.422439179328805,1.6425846068775554,0.17519229482279117
1742,-6.860709527008327,-5.4206966216100625,1.6410109051074449,0.17501710252796837
1743,-7.289509180326309,-5.43807829731014,1.6560418844956657,0.1748420854254404
1744,-4.5094757375340375,-5.490452076805187,1.5828178101370558,0.17466724334001496
1745,-6.771424583906171,-5.5161947982478186,1.5929427434368395,0.17449257609667496
1746,-5.343577941320827,-5.474053480353602,1.568899220212845,0.1743180835205783
1747,-6.743576390858109,-5.460974235452143,1.5554779207911178,0.1741437654370577
1748,-5.985689093629979,-5.516485393429997,1.5233550798083078,0.17396962167162064
1749,-5.533657099131352,-5.5801380603738115,1.454703401537042,0.173795652049949
1750,-6.750044095051543,-5.59221608353994,1.4618421529008607,0.17362185639789907
1751,-5.408059792299063,-5.634245684424389,1.4252759712699807,0.17344823454150116
1752,-6.3239967338619385,-5.6006518411625965,1.388349003468031,0.17327478630695967
1753,-6.024005874495256,-5.625650118983975,1.3844885663374045,0.1731015115206527
1754,-5.585121074323135,-5.581445178733384,1.3493457097585553,0.17292841000913206
1755,-5.971639342741821,-5.630063901096193,1.3183787541996634,0.17275548159912293
1756,-5.856658254697184,-5.641295475916046,1.3178691135609322,0.17258272611752382
1757,-7.803039227216562,-5.683889444238508,1.3521859846914648,0.17241014339140628
1758,-4.19659167340487,-5.675831497522435,1.3598031525935714,0.1722377332480149
1759,-5.5157923660313015,-5.638915635420684,1.3384239814837988,0.17206549551476688
1760,-6.963464656875919,-5.671908895423236,1.3502832366683462,0.1718934300192521
1761,-6.892096405887768,-5.7424134773526605,1.3197752612107747,0.17172153658923286
1762,-2.3777016361564685,-5.688014447254719,1.3989134652610924,0.17154981505264363
1763,-2.996597256592461,-5.656558276806797,1.4407700078287977,0.17137826523759098
1764,-2.06481748968735,-5.587849069887546,1.525981922060319,0.1712068869723534
1765,-2.493248494820843,-5.480857193286482,1.551452457402309,0.17103568008538103
1766,-3.355216995550923,-5.4898823058776465,1.537687340727134,0.17086464440529564
1767,-2.1879883107783673,-5.451149087762497,1.5949153416340658,0.17069377976089034
1768,-2.5304285835709632,-5.342124729985532,1.6044975728831858,0.17052308598112945
1769,-3.418061614896199,-5.2677286995478365,1.6057473465484193,0.17035256289514833
1770,-1.7664227473114578,-5.194438812393718,1.6786016179242622,0.17018221033225317
1771,-2.2049673575176105,-5.135836071248892,1.7300108354006893,0.17001202812192093
1772,-1.9838747631365796,-5.1113963369587125,1.7653728651787053,0.169842016093799
1773,-6.841783027877536,-5.1081502009386135,1.762035699021157,0.1696721740777052
1774,-2.8170838253362684,-5.019051976074713,1.7629992970728168,0.1695025019036275
1775,-3.4708794763122333,-4.950130897788493,1.754797450121738,0.1693329994017239
1776,-2.8094865376382834,-4.948850546635336,1.7563348313037979,0.16916366640232217
1777,-1.887544761252155,-4.875471059177858,1.8053736816679724,0.16899450273591984
1778,-2.2763833677219067,-4.8765015970516545,1.8038744555619348,0.16882550823318393
1779,-2.241341737274093,-4.80863526907425,1.8375915040976898,0.16865668272495074
1780,-2.2465553709696855,-4.738435965404606,1.8668502702404999,0.1684880260422258
1781,-2.956065860251513,-4.699697475388691,1.8832653513243782,0.16831953801618357
1782,-2.6849541555499576,-4.613787637310853,1.8752214306699524,0.16815121847816739
1783,-6.022934394539684,-4.6322975619741324,1.8844490791243016,0.16798306725968923
1784,-2.251004852172512,-4.545503084880979,1.8921725869937958,0.16781508419242955
1785,-2.556300803560647,-4.480295475990333,1.9033879537764298,0.16764726910823713
1786,-2.200459645954927,-4.380231562452723,1.8890453056819099,0.1674796218391289
1787,-2.0327908513495445,-4.307466037377035,1.907899833627863,0.16731214221728977
1788,-2.155988241495556,-4.271005382520581,1.9311064203897492,0.16714483007507247
1789,-2.0176272472156858,-4.215588476879352,1.9550702772262731,0.1669776852449974
1790,-3.9384488080621702,-4.199053616718791,1.9538478033368654,0.1668107075597524
1791,-3.115620146902113,-4.124614148241143,1.9225552538284614,0.16664389685219266
1792,-1.7654788666344194,-4.022709535033664,1.9098220286023155,0.16647725295534047
1793,-2.262865816346841,-3.922176667754076,1.867033669585408,0.16631077570238512
1794,-2.576744883562483,-3.883522050674645,1.8744668238501763,0.16614446492668272
1795,-2.6237184809502634,-3.8005679286155267,1.8362153923778317,0.16597832046175603
1796,-4.958276534542753,-3.792861900479965,1.8305233597728905,0.16581234214129428
1797,-2.397226408669854,-3.7059349008362,1.7911116983182858,0.16564652979915298
1798,-3.137637864675334,-3.648973876257107,1.7627677681323997,0.16548088326935384
1799,-2.692119770192982,-3.5921431296783397,1.7468231877336484,0.1653154023860845
1800,-1.745150008690483,-3.4920452479511184,1.7059169279056638,0.1651500869836984
1801,-2.3389657301280837,-3.430663366707699,1.691021715524528,0.1649849368967147
1802,-2.948121719557365,-3.3631458664216076,1.6408001703088542,0.164819951959818
1803,-1.9901795742524864,-3.282469340416752,1.6068023233038629,0.16465513200785817
1804,-2.610267848851793,-3.222972275907325,1.5752037335663773,0.1644904768758503
1805,-2.3057723313008633,-3.149654935678506,1.5302330122386385,0.16432598639897444
1806,-2.4070762020742444,-3.0806632946260475,1.4836860683238517,0.16416166041257546
1807,-5.109880189520119,-3.0268001138721186,1.3545334408030045,0.16399749875216288
1808,-2.5629026766516656,-2.9941263339370545,1.3455961642143954,0.16383350125341073
1809,-2.4749638242400525,-2.9333097631012293,1.298131343332178,0.16366966775215733
1810,-5.292329065164028,-2.8998870512669916,1.2126353033244686,0.16350599808440516
1811,-6.140919925570828,-2.884863521660653,1.1668718197175403,0.16334249208632076
1812,-2.1730776884385503,-2.8807710427062947,1.1690002622550102,0.16317914959423443
1813,-6.861185046588478,-2.958062798506215,1.295064939007775,0.1630159704446402
1814,-7.150060899771823,-3.0597676667079043,1.41504365092284,0.16285295447419557
1815,-6.555497217035541,-3.1410126411521984,1.4945672987466811,0.16269010151972138
1816,-5.526983263366057,-3.1844479665085013,1.5312688297900625,0.16252741141820165
1817,-2.2264039914643767,-3.185216280122221,1.5307782226806173,0.16236488400678345
1818,-3.4861902138733027,-3.2043315127282677,1.5284480176114923,0.16220251912277667
1819,-5.45786527793805,-3.245127585989105,1.5604946973425937,0.1620403166036539
1820,-2.244276968697615,-3.254684670416828,1.552853837853285,0.16187827628705023
1821,-2.853715220656064,-3.2676596276795973,1.5467268968607637,0.16171639801076318
1822,-3.9259846191666576,-3.3065018248001987,1.538363137076258,0.1615546816127524
1823,-4.264493231157789,-3.254956028865804,1.4602379461694102,0.16139312693113966
1824,-2.713527546141057,-3.2528849032819,1.4609308075940861,0.16123173380420852
1825,-6.987234583438271,-3.3232120054244207,1.5515572310675525,0.16107050207040433
1826,-5.772817337791366,-3.382478621427482,1.5869941266645335,0.16090943156833393
1827,-5.231549175667555,-3.44935870971579,1.593035500302317,0.1607485221367656
1828,-7.423590151214236,-3.5523028453856362,1.6779563457098712,0.16058777361462884
1829,-6.26243442326979,-3.6327246991055504,1.709267008516093,0.1604271858410142
1830,-7.758407361600371,-3.742961738918164,1.792048364850073,0.16026675865517317
1831,-2.6331247563659566,-3.736502916840453,1.7954515548069654,0.160106491896518
1832,-5.252204669279278,-3.787847927115039,1.8013444744629337,0.15994638540462147
1833,-6.112996571142565,-3.789649170647097,1.8036221237274306,0.15978643901921685
1834,-6.1412578618544575,-3.867454230840736,1.8194097613685236,0.15962665258019765
1835,-6.846659154911931,-3.9532613978677613,1.856345814562766,0.15946702592761744
1836,-6.918770364422281,-4.047627612237109,1.8845565499115244,0.15930755890168982
1837,-5.262338229726584,-4.112218559804649,1.8696792488368457,0.15914825134278812
1838,-6.01695752645378,-4.189437945503814,1.8670194239641305,0.15898910309144534
1839,-5.792891655175421,-4.2649432336630095,1.8539542935888595,0.1588301139883539
1840,-5.938420441995819,-4.304942666341682,1.8680002985115316,0.15867128387436555
1841,-6.761616274265281,-4.377862588888945,1.891169728857597,0.15851261259049118
1842,-5.165777388643825,-4.445868559329133,1.8568315356324743,0.1583540999779007
1843,-6.276758658333546,-4.526146416168867,1.847460951954264,0.1581957458779228
1844,-5.940217416466043,-4.5934158668269385,1.8364572957667662,0.15803755013204487
1845,-4.679536113782053,-4.6345322194835745,1.8147834644439877,0.15787951258191282
1846,-8.702861873247674,-4.7094239262576725,1.9017781602697643,0.1577216330693309
1847,-6.0424266237765885,-4.782327930559807,1.8815041731712507,0.15756391143626158
1848,-2.934907549664091,-4.778273324259582,1.885258774504757,0.15740634752482532
1849,-4.436022889923573,-4.813151386654194,1.8623335205553126,0.1572489411773005
1850,-4.315326522189592,-4.864554916924177,1.8117250789425994,0.1570916922361232
1851,-6.423258655236553,-4.946240775426347,1.7879301760017596,0.15693460054388708
1852,-3.8217685005279693,-4.963713711045758,1.7725202885976488,0.1567776659433432
1853,-2.057847940473755,-4.965067078370184,1.7702738076821105,0.15662088827739984
1854,-6.585100872492012,-5.044563738842988,1.7518956124136271,0.15646426738912245
1855,-7.66179750512083,-5.151684242319387,1.7448902884695778,0.1563078031217333
1856,-2.9543748541084556,-5.162630215360071,1.729285462128353,0.15615149531861158
1857,-5.812874817429528,-5.17669010791826,1.7316556350774859,0.15599534382329297
1858,-6.133812681700828,-5.248108308019242,1.695645793465689,0.15583934847946967
1859,-2.8117751516963057,-5.254844534568368,1.6852528174026102,0.15568350913099022
1860,-2.879309580619261,-5.206584144877472,1.717726176635356,0.15552782562185924
1861,-7.601050492859557,-5.235786756223247,1.7455486645177218,0.15537229779623737
1862,-4.045048416528079,-5.273226170785038,1.6989090174672274,0.15521692549844113
1863,-3.4310698958716492,-5.204623867770701,1.7026520785679577,0.15506170857294269
1864,-5.8642008309,-5.178906666393265,1.6826672447936013,0.15490664686436975
1865,-5.445099235938849,-5.15669870677133,1.6716438023783637,0.15475174021750537
1866,-6.352520558189107,-5.173209452667791,1.6792790066720449,0.15459698847728787
1867,-4.639664995011549,-5.221474672738735,1.6277802665050656,0.1544423914888106
1868,-7.634212438710049,-5.30443511723547,1.6428596982565167,0.15428794909732177
1869,-3.2472100857370907,-5.26022201339145,1.6676947772072013,0.15413366114822444
1870,-2.0165954663312875,-5.2556683833441245,1.676212667790448,0.15397952748707622
1871,-2.407602995306284,-5.246746138837129,1.6901039170388217,0.15382554795958914
1872,-2.302844119548508,-5.214283328844766,1.7302717643491599,0.15367172241162955
1873,-5.400848355621385,-5.2370104313340375,1.7251023050553944,0.15351805068921792
1874,-5.459800665320425,-5.291935893717625,1.6871853925456268,0.1533645326385287
1875,-2.3267324528133666,-5.198725851105127,1.719381956619051,0.15321116810589017
1876,-6.532540994681799,-5.213920324242936,1.7277248266944008,0.1530579569377843
1877,-5.7805524411186475,-5.224900389551957,1.7295455294763007,0.1529048989808465
1878,-5.561587330555738,-5.187660333138787,1.7016237378732937,0.15275199408186566
1879,-4.272133057699232,-5.1478543058273765,1.6992939246724506,0.15259924208778378
1880,-5.22395374272789,-5.0971652334499264,1.6579645767374016,0.15244664284569598
1881,-5.289261986718342,-5.150287978056975,1.6202878218142622,0.15229419620285028
1882,-5.5415446722905655,-5.156074778117199,1.6211579300738492,0.15214190200664743
1883,-2.574794513280444,-5.085310736959958,1.6547179984739997,0.15198976010464077
1884,-2.374188861149777,-5.009969356945865,1.690301298831023,0.15183777034453613
1885,-4.2398993014949475,-4.957834159877525,1.672959046594829,0.1516859325741916
1886,-3.5013196728173748,-4.889485146045427,1.6612175224654036,0.1515342466416174
1887,-2.4010264592062436,-4.832258910635019,1.6963009636290203,0.1513827123949758
1888,-1.9552603637617794,-4.751024967381179,1.7344480973035576,0.15123132968258082
1889,-6.477213013461577,-4.764711394546902,1.7452815427481263,0.15108009835289823
1890,-2.353774206312871,-4.693018469833244,1.7690585891807564,0.15092901825454533
1891,-2.8186280548088836,-4.614158705444115,1.762961792139405,0.15077808923629077
1892,-3.645953735906062,-4.583762232389359,1.7662879405116476,0.15062731114705447
1893,-1.7673111777024104,-4.493573282776738,1.7924737752805195,0.1504766838359074
1894,-6.987070283190756,-4.514510340111233,1.8152186743005072,0.15032620715207148
1895,-6.648316341172734,-4.553885944659045,1.8395614390880217,0.1501758809449194
1896,-6.850826122264635,-4.516845229639385,1.7730913490512115,0.15002570506397447
1897,-6.482124211628598,-4.525639181396425,1.781705378627723,0.1498756793589105
1898,-6.066189357487637,-4.588264817552895,1.7797217311546694,0.14972580367955157
1899,-3.145308829803332,-4.562450536350491,1.7910672658477282,0.14957607787587202
1900,-8.061135268575304,-4.637366711278205,1.8563146309470322,0.14942650179799613
1901,-2.7335490592538787,-4.5635725193585515,1.8571916052578485,0.14927707529619813
1902,-3.0669454973769117,-4.548476059295531,1.8662060819601993,0.14912779822090194
1903,-4.237448109597633,-4.592068062678008,1.8326742964233695,0.14897867042268104
1904,-1.159720281946547,-4.483560450867099,1.8716564335069423,0.14882969175225835
1905,-3.5016512588986606,-4.400357525942656,1.8202840921506616,0.1486808620605061
1906,-5.074118607201976,-4.442752401004526,1.8107729324387267,0.14853218119844558
1907,-6.061498263206685,-4.447724869920069,1.8148652682813002,0.14838364901724713
1908,-4.389512074762267,-4.412838857781298,1.7988131755634043,0.14823526536822987
1909,-6.120964825942721,-4.479022651266226,1.7995650398648388,0.14808703010286164
1910,-1.7794296315127012,-4.457025052284095,1.825520432539944,0.1479389430727588
1911,-7.728781714344784,-4.459579676713799,1.8300022506024147,0.14779100412968604
1912,-3.9807548926857566,-4.458293806236954,1.830315635050301,0.14764321312555637
1913,-5.159844568698847,-4.492869299693497,1.8269098361351928,0.14749556991243082
1914,-3.5883102082150202,-4.447351487239797,1.8205167447037809,0.1473480743425184
1915,-1.820914110070725,-4.374867784722435,1.85123763605307,0.14720072626817587
1916,-4.981374640098029,-4.347444866360614,1.8317924473455567,0.1470535255419077
1917,-2.1872775893952183,-4.298397118248287,1.8559839680813517,0.1469064720163658
1918,-5.12035272004888,-4.2481199238750635,1.7980844353597627,0.14675956554434944
1919,-5.861018677825971,-4.300396095716842,1.8062024460920503,0.14661280597880508
1920,-5.3165591051102705,-4.366395368492421,1.7816700623851638,0.14646619317282628
1921,-6.099082459747372,-4.4402249577812425,1.7754447732452803,0.14631972697965345
1922,-3.0860512544537957,-4.455889100479348,1.7599052727065456,0.1461734072526738
1923,-7.4894721116195555,-4.497661575599312,1.806021923193251,0.14602723384542113
1924,-7.6631788544868265,-4.54172913938264,1.855173576023595,0.14588120661157572
1925,-3.579918715977925,-4.56679286464593,1.833417079181178,0.14573532540496414
1926,-5.27864767288761,-4.541714998210047,1.8148390336318567,0.14558959007955918
1927,-6.498764581672267,-4.55607924102112,1.827386353173795,0.1454440004894796
1928,-6.0974514120684615,-4.566796522651375,1.8348083433076798,0.14529855648899012
1929,-6.152215288429424,-4.604398167265978,1.8476044747455616,0.14515325793250114
1930,-7.901455215363903,-4.6579481967186975,1.9027636245188102,0.14500810467456865
1931,-5.903914520347486,-4.670241247391281,1.9087786124274833,0.14486309656989407
1932,-6.401705755040366,-4.687444469046277,1.9203947078883086,0.1447182334733242
1933,-5.549297825837549,-4.746934535297418,1.8999912614438934,0.14457351523985087
1934,-6.660713441421135,-4.832665026902847,1.8876624777006623,0.14442894172461102
1935,-5.480478690608226,-4.857476614685112,1.887861181756759,0.1442845127828864
1936,-6.561858413418282,-4.91868738949713,1.8925084401208034,0.1441402282701035
1937,-6.7724477219332355,-5.00611581475167,1.875073513916187,0.1439960880418334
1938,-4.747580372382224,-5.061962214924078,1.824270893814926,0.14385209195379156
1939,-5.516905871966175,-5.04275607209417,1.8142977143413763,0.14370823986183776
1940,-5.363014748516355,-5.10294088293824,1.7735537284543894,0.1435645316219759
1941,-6.744811688066088,-5.181464555603384,1.7575209681324262,0.14342096709035393
1942,-7.351348274584569,-5.255572446376954,1.7692936476119712,0.14327754612326357
1943,-4.863788023289712,-5.3175019832887,1.6989041500481266,0.14313426857714032
1944,-3.2429592821043154,-5.242619763266972,1.706163341065373,0.14299113430856317
1945,-3.164237940365135,-5.17293819525082,1.71843288729203,0.1428481431742546
1946,-6.411361497022275,-5.164148902745973,1.710936008166034,0.14270529503108034
1947,-6.3878156989957615,-5.162262732493316,1.709533414902821,0.14256258973604927
1948,-5.195025299175834,-5.14483945132708,1.704664402981051,0.14242002714631322
1949,-2.884572625462389,-5.139624727240261,1.7111596073415558,0.1422776071191669
1950,-7.767683088861139,-5.133755683645978,1.7016057399714157,0.14213532951204774
1951,-2.434898501115736,-5.127782672483215,1.7105213189199673,0.1419931941825357
1952,-5.271467584519808,-5.171873114226072,1.6850552291422265,0.14185120098835316
1953,-5.5991327716930375,-5.199106807467981,1.6807312294725907,0.1417093497873648
1954,-2.6246617441873252,-5.228405636712797,1.6217957707291781,0.14156764043757744
1955,-4.076892168475831,-5.23991045490434,1.6115133300218292,0.14142607279713987
1956,-2.057185612174624,-5.179571795003793,1.6719388352193802,0.14128464672434274
1957,-3.7744924131696704,-5.133831678003053,1.678456548704871,0.1411433620776184
1958,-6.791486330868096,-5.1818711631251695,1.6907941149907642,0.14100221871554078
1959,-5.763340143526765,-5.174718669476849,1.6875597075287487,0.14086121649682523
1960,-6.828782592247101,-5.275705728691538,1.6315079455925112,0.14072035528032842
1961,-1.919231131554676,-5.159514717035735,1.6593024510132643,0.1405796349250481
1962,-6.804047713787015,-5.2159805734577604,1.6662522354299174,0.14043905529012304
1963,-5.783248801386248,-5.228448658111509,1.66811687203505,0.14029861623483292
1964,-2.711142141053005,-5.210905296768269,1.689746042623183,0.1401583176185981
1965,-5.291047512444338,-5.280307964815741,1.6188615162531752,0.1400181593009795
1966,-3.7476212317483193,-5.255632896648746,1.6325743779682338,0.1398781411416785
1967,-4.905590519864058,-5.309999155258123,1.573689269520215,0.13973826300053682
1968,-3.5032250344168068,-5.277656601545482,1.5937444008653017,0.13959852473753628
1969,-6.957301722847086,-5.299582262445904,1.6090862031330015,0.13945892621279873
1970,-3.609055948086789,-5.265432199305434,1.6263898679060798,0.13931946728658592
1971,-2.0522890560207108,-5.184496331230902,1.6826109799168174,0.13918014781929933
1972,-6.168215006118,-5.246139606264185,1.6609227646706617,0.13904096767148003
1973,-6.6285101024829185,-5.228920366081453,1.6419305944994764,0.13890192670380855
1974,-6.712127296598196,-5.20989933492368,1.6189688217301421,0.13876302477710473
1975,-3.2101311947372495,-5.202503584498867,1.6272215781931045,0.13862426175232762
1976,-2.3510237519406476,-5.1439511060799274,1.6753878530280835,0.1384856374905753
1977,-2.156707992445844,-5.057109974295399,1.7149767092385209,0.13834715185308472
1978,-3.306579748076634,-5.001292541015562,1.7255927800868294,0.13820880470123162
1979,-3.3331366353914222,-4.944910967954803,1.733105299745537,0.1380705958965304
1980,-5.870751201993288,-4.904296887687391,1.6865126745837493,0.13793252530063388
1981,-3.298001225694776,-4.8521786217943355,1.6950597909030107,0.13779459277533324
1982,-5.010963456729854,-4.824363775828125,1.6807550668740616,0.1376567981825579
1983,-4.507082090912092,-4.803519461129616,1.6780959076232749,0.13751914138437535
1984,-1.9512242225028449,-4.70932967675125,1.7031918660732202,0.13738162224299097
1985,-4.647686333977271,-4.692673829618631,1.6996375194190638,0.13724424062074797
1986,-8.508388772805123,-4.731604436806368,1.763113353028622,0.13710699638012722
1987,-5.307622073970407,-4.702307923847112,1.7409898075617187,0.1369698893837471
1988,-3.3668673094165267,-4.674693662587798,1.7509740156296953,0.13683291949436335
1989,-6.256104290486859,-4.689477630958212,1.761113909165936,0.13669608657486898
1990,-6.596864135246866,-4.714154618692822,1.7789330138862314,0.1365593904882941
1991,-4.380764139526796,-4.666873667722037,1.7555964231946097,0.1364228310978058
1992,-4.6279290502879835,-4.612405283236104,1.713200003383127,0.13628640826670801
1993,-2.9039613659927195,-4.573208750090164,1.7293436992421913,0.1361501218584413
1994,-7.4652871608197655,-4.6576553076644736,1.7650465961999837,0.13601397173658286
1995,-5.830779690597531,-4.710986142669121,1.7593930250209788,0.1358779577648463
1996,-6.390787963186648,-4.710574671992409,1.7589976700936247,0.13574207980708144
1997,-5.021613055932149,-4.683250619131137,1.7432723102838656,0.13560633772727437
1998,-4.263167965468819,-4.664613472456996,1.7426824515159829,0.1354707313895471
1999,-3.0270947430493473,-4.667463914808735,1.7398828826228465,0.13533526065815754
2000,-8.17187145676277,-4.675547682166767,1.7551402689836875,0.1351999253974994
2001,-7.009391368512543,-4.767037539514703,1.755184697348291,0.13506472547210188
2002,-5.550923689854773,-4.772626661621404,1.7572258363817417,0.1349296607466298
2003,-2.873504095296093,-4.718114088093465,1.772947292734242,0.13479473108588316
2004,-4.8647800834877,-4.762916454879472,1.7476024189454613,0.13465993635479728
2005,-2.224856474032088,-4.725875740990597,1.781057153242281,0.13452527641844247
2006,-5.634658136144321,-4.797425191469991,1.7438821141389187,0.13439075114202403
2007,-6.281991951228641,-4.8475751822311715,1.7497887719223313,0.134256360390882
2008,-5.099752410763783,-4.813740503829084,1.7280949096906677,0.13412210403049113
2009,-6.724154552494708,-4.832956792008443,1.743818109322158,0.13398798192646064
2010,-2.6882979371810274,-4.750147098907121,1.745385049982438,0.13385399394453418
2011,-6.861051156805612,-4.848983499412141,1.7220444109215753,0.13372013995058965
2012,-5.173402642253231,-4.816370597981465,1.7000096428564038,0.13358641981063907
2013,-2.4598550394245153,-4.74990272274223,1.725682777834899,0.13345283339082842
2014,-5.216533920249527,-4.800010558326161,1.7019677593391167,0.13331938055743758
2015,-4.367874622347938,-4.781547100524232,1.7015480710496818,0.13318606117688014
2016,-7.207238340611711,-4.8507394427015,1.7282296617287813,0.13305287511570327
2017,-5.325668123516681,-4.8591409947745525,1.7294965018252686,0.13291982224058757
2018,-5.163773843272901,-4.892351970951674,1.7190523675862324,0.13278690241834698
2019,-5.449637767090335,-4.862198691836539,1.6956305086536203,0.13265411551592862
2020,-5.203742114762565,-4.894092415170055,1.6867339196682705,0.13252146140041268
2021,-6.659672634932452,-4.98624008674829,1.654511609505679,0.13238893993901227
2022,-5.541448163418547,-4.973704749894301,1.6478699455013572,0.13225655099907327
2023,-5.45644997104089,-4.950263547265461,1.6324273678107821,0.1321242944480742
2024,-5.1491250811506895,-4.91900350295651,1.6132419414261363,0.13199217015362613
2025,-6.490575570951676,-4.984612390480798,1.6091105988825856,0.1318601779834725
2026,-5.8453785544361985,-5.05449948653071,1.5685838513389196,0.13172831780548902
2027,-6.2908557973572155,-5.137182442628937,1.5219219609213528,0.13159658948768352
2028,-5.338345014553284,-5.17781774795847,1.4994607131219853,0.13146499289819583
2029,-4.916762320707574,-5.209490261664794,1.4767143639351947,0.13133352790529762
2030,-5.761552430720394,-5.207306286239335,1.4758152577642745,0.13120219437739233
2031,-5.60721482164653,-5.25349055815837,1.451270928712675,0.13107099218301493
2032,-4.6196783296823085,-5.24566485561742,1.453610689912213,0.13093992119083192
2033,-3.328673452249514,-5.2220966828441675,1.4747934126054822,0.13080898126964108
2034,-1.804905238638551,-5.219170303166882,1.481411104473422,0.13067817228837145
2035,-3.8274799248445204,-5.202766174984227,1.4921507727697016,0.13054749411608307
2036,-4.4456833627186985,-5.121512066782499,1.4187432364898283,0.13041694662196698
2037,-6.088220886848827,-5.1371240430400675,1.4249864621965143,0.13028652967534501
2038,-4.378979723884129,-5.157366291329419,1.4067679790719252,0.13015624314566968
2039,-2.3777016361564685,-5.079798238242811,1.4502984355542023,0.130026086902524
2040,-2.421000694516068,-4.996280969428195,1.4804542299018255,0.1298960608156215
2041,-2.5988619545447773,-4.960642925728555,1.5158660217763718,0.12976616475480587
2042,-2.7381649684403495,-4.922847644091602,1.5469309963978781,0.12963639859005108
2043,-4.029142739328942,-4.9453512715583265,1.5254328000359074,0.12950676219146104
2044,-2.2936241279300296,-4.841918010900532,1.5263939161240228,0.1293772554292696
2045,-2.6378497024520056,-4.778059411137622,1.5502908953326888,0.1292478781738403
2046,-2.512383870773928,-4.700491329289367,1.5646190904696184,0.12911863029566648
2047,-2.2040899432513053,-4.64414086703575,1.6023219208397528,0.12898951166537082
2048,-2.0391578025480332,-4.5996606637773345,1.6426420723372679,0.12886052215370544
2049,-2.687470698095416,-4.592868182878256,1.6498172558838449,0.12873166163155172
2050,-1.8272847547206477,-4.465976448837414,1.613251130765662,0.12860292996992018
2051,-2.729419850741657,-4.380377018481996,1.5893977902761764,0.12847432703995026
2052,-2.2776005079403596,-4.314910554843707,1.6071494232777375,0.12834585271291032
2053,-4.10871880351884,-4.3396148490081625,1.594244716386282,0.12821750686019742
2054,-4.749981877570748,-4.337318884889823,1.593569262933636,0.12808928935333722
2055,-2.1612818127418447,-4.336047391664018,1.5952787145553398,0.12796120006398387
2056,-2.2550075887436716,-4.268454380716005,1.6103515448179322,0.1278332388639199
2057,-2.486096709715391,-4.19253647588574,1.603096340215977,0.12770540562505597
2058,-2.0234803636746834,-4.131011034943958,1.6259667184291469,0.1275777002194309
2059,-2.937122121749799,-4.0552703863290605,1.591241864794693,0.12745012251921148
2060,-2.465754696271753,-4.050819521510875,1.5953650964972985,0.12732267239669226
2061,-2.332748249674732,-3.9602534633682573,1.5614336109025861,0.12719534972429558
2062,-3.1254956170571737,-3.9192953228643357,1.5559238884398308,0.12706815437457128
2063,-2.834214473826021,-3.9267825115523656,1.5497715247041186,0.1269410862201967
2064,-1.7362541400948641,-3.8571769159492724,1.568325845238465,0.1268141451339765
2065,-2.413349831012296,-3.81808642012256,1.5794284979246458,0.12668733098884255
2066,-2.8264557196811806,-3.7304707677039497,1.5089259397418466,0.12656064365785372
2067,-2.5727557133007473,-3.6754125194996305,1.4999130214097365,0.12643408301419587
2068,-3.3083802347672164,-3.638304647329517,1.4855140332477936,0.12630764893118168
2069,-5.29395750991214,-3.6351910421859532,1.48187294430118,0.1261813412822505
2070,-2.765406683634997,-3.586424333563402,1.4695212412360512,0.12605515994096825
2071,-5.112505252153916,-3.555480985907831,1.4199354015743733,0.12592910478102728
2072,-6.438699034035846,-3.573426003320177,1.450266228887742,0.12580317567624627
2073,-3.0409458259785738,-3.525115920418931,1.4267772734618984,0.12567737250057
2074,-1.8246345648377944,-3.458626110092673,1.4270098510244824,0.12555169512806943
2075,-3.2336525330359995,-3.393487649334359,1.3598794091368402,0.12542614343294137
2076,-2.846694178785006,-3.3335139618213354,1.3158341255563857,0.12530071728950842
2077,-2.3474524443732094,-3.254645894761655,1.2528879461694233,0.12517541657221892
2078,-3.356570360752234,-3.2150104016856345,1.2171807445257246,0.1250502411556467
2079,-2.092025643980778,-3.1585156681510984,1.2023477090134578,0.12492519091449104
2080,-6.681049982698056,-3.176905619190652,1.248178983667064,0.12480026572357655
2081,-2.332927779663668,-3.1114198783509948,1.2040682324919316,0.12467546545785298
2082,-3.528899384579737,-3.089604299448943,1.1862939351845248,0.12455078999239512
2083,-3.544693450910879,-3.0939246994221703,1.1875494416312982,0.12442623920240273
2084,-1.570299472073041,-3.08923258409086,1.1930837831582668,0.12430181296320032
2085,-3.5936848286465106,-3.0845566821669,1.1906369338276832,0.12417751115023712
2086,-4.553426452487628,-3.0867115439622785,1.19319315955057,0.12405333363908688
2087,-3.0018761493203674,-3.024984649211709,1.113491122837403,0.1239292803054478
2088,-5.746476610592321,-3.0523345869458733,1.162144043660716,0.12380535102514234
2089,-2.384689857029097,-3.052474351363326,1.162063318422832,0.1236815456741172
2090,-5.658014926420858,-3.117214636001422,1.2140846369790057,0.12355786412844308
2091,-4.9527875742478695,-3.1642931483954833,1.2384659420445097,0.12343430626431463
2092,-3.055433788999409,-3.170638524806664,1.2370783841333255,0.12331087195805032
2093,-2.914425200782242,-3.1483441740357305,1.2314374551858998,0.12318756108609227
2094,-5.395321648464179,-3.2103781244464136,1.2644988032017463,0.12306437352500618
2095,-4.961148423694887,-3.2568440988712712,1.2851250108274217,0.12294130915148117
2096,-3.16014722210477,-3.269799365897888,1.280812648128368,0.12281836784232969
2097,-4.681601936468571,-3.319349605762233,1.2865359737799926,0.12269554947448735
2098,-2.6843602322475397,-3.332253654356223,1.2768299441934752,0.12257285392501287
2099,-6.810906321538612,-3.414722366825087,1.3627909613058986,0.12245028107108785
2100,-6.434094441879263,-3.5068585605682596,1.4073532311134396,0.12232783079001676
2101,-5.032991848209409,-3.5529300005176143,1.418807237375332,0.12220550295922675
2102,-5.8216030024444505,-3.6238100504076964,1.4416650903926642,0.12208329745626752
2103,-4.644813380433744,-3.634531941945995,1.447214393212125,0.12196121415881125
2104,-6.333047803317132,-3.6661932604609224,1.4880128516696227,0.12183925294465245
2105,-6.767980063816885,-3.758327225482423,1.533890490675043,0.1217174136917078
2106,-3.910227872616264,-3.791431631159875,1.5188766287081958,0.12159569627801609
2107,-7.020308568388539,-3.8821158683333374,1.5726403030371359,0.12147410058173808
2108,-5.64452867139411,-3.954536834487726,1.5687524296020376,0.12135262648115634
2109,-4.101469984026475,-3.9778237917332597,1.5621046815304331,0.12123127385467519
2110,-6.067874699521266,-4.04986619179825,1.573728097736736,0.12111004258082052
2111,-5.241891026861895,-4.108049047341993,1.5629086552104643,0.1209889325382397
2112,-6.328046429596176,-4.172100063592774,1.5867704542642715,0.12086794360570145
2113,-5.086894021294775,-4.217153654542148,1.580110392075016,0.12074707566209575
2114,-6.502655915111857,-4.312481690042489,1.571316193653205,0.12062632858643366
2115,-4.8079749107860685,-4.360374191637964,1.5490374827627997,0.12050570225784722
2116,-4.057049156134434,-4.384986060367028,1.5341751473977259,0.12038519655558938
2117,-7.7347195087547265,-4.488225336276108,1.5816971080744222,0.12026481135903379
2118,-1.7783343942965222,-4.457624419466694,1.6185977927387591,0.12014454654767476
2119,-5.622306553594955,-4.464191400340351,1.622638689951851,0.12002440200112709
2120,-6.702709228556117,-4.542937451238773,1.6337861636906847,0.11990437759912596
2121,-6.545881422865355,-4.5716049746530025,1.6559537865656573,0.11978447322152684
2122,-6.549450512388514,-4.573820004220055,1.6585218394028785,0.11966468874830531
2123,-6.557147356642208,-4.644144034833328,1.6665614016007744,0.11954502405955701
2124,-4.970422439256312,-4.707059792321699,1.617592344096982,0.11942547903549745
2125,-5.323841494375421,-4.748863571548487,1.60594123493015,0.11930605355646196
2126,-4.4182523278473855,-4.780294734529734,1.5836288832793277,0.11918674750290549
2127,-6.010677263113892,-4.8535592309045485,1.5538388412846738,0.11906756075540259
2128,-3.858258339812517,-4.863592990485754,1.5457384746723934,0.11894849319464719
2129,-2.057847940473755,-4.862909436415614,1.546971027338733,0.11882954470145254
2130,-5.540304097195401,-4.840094518705561,1.5282877374904482,0.11871071515675109
2131,-4.164735216700671,-4.876730667446299,1.4892030431603513,0.11859200444159435
2132,-2.9543748541084556,-4.865240176836874,1.5017222534488883,0.11847341243715274
2133,-6.5443069822455175,-4.925232447463568,1.50767340216709,0.1183549390247156
2134,-7.5249897723189685,-5.044326253468487,1.4727386090372188,0.11823658408569088
2135,-2.8117751516963057,-5.0286880599294825,1.4920834209332974,0.11811834750160519
2136,-2.7933097320729674,-4.9934857255211895,1.5233169677184935,0.11800022915410358
2137,-8.030411059421482,-5.094056423723211,1.55419054636027,0.11788222892494947
2138,-5.150701431288572,-5.082140920137135,1.5514243153640725,0.11776434669602452
2139,-3.4310698958716492,-5.103068520913986,1.5216685932274259,0.1176465823493285
2140,-3.1896848849293225,-5.053701920084156,1.5427571665192872,0.11752893576697916
2141,-5.108354672582281,-5.056813262050844,1.5427073794991022,0.11741140683121218
2142,-5.435126537948898,-5.104407117029835,1.5167178071482537,0.11729399542438097
2143,-4.699415209699453,-5.140106917208179,1.4854354189321277,0.11717670142895659
2144,-4.98302818072751,-5.131861047853445,1.4851401189331384,0.11705952472752763
2145,-2.2370238222401513,-5.077378555824351,1.539380273415904,0.1169424652028001
2146,-4.9760974257903685,-5.113697559898062,1.5149462676052947,0.1168255227375973
2147,-2.407602995306284,-5.0682175810748165,1.5606788870718973,0.1167086972148597
2148,-2.103517073599991,-5.0566007179018655,1.580416749414935,0.11659198851764484
2149,-4.8011710960752,-5.016406013392598,1.560722464237568,0.1164753965291272
2150,-5.713388941654645,-5.001991903388106,1.5508596771626504,0.11635892113259806
2151,-1.8908842533482348,-4.939149751490882,1.6108312135245952,0.11624256221146546
2152,-4.976599883176533,-4.922249689105524,1.6059094500629187,0.116126319649254
2153,-2.3033291719303755,-4.875420004935457,1.6469327909420433,0.11601019332960474
2154,-4.194275141280004,-4.832644551694713,1.636258985922944,0.11589418313627514
2155,-5.053688579310306,-4.798358722004582,1.6131443485470565,0.11577828895313887
2156,-4.771771610014033,-4.815589596752536,1.6081593190920183,0.11566251066418573
2157,-5.241989864903191,-4.78002322268283,1.5783954059467424,0.11554684815352155
2158,-7.08011800912538,-4.808735009437456,1.6066639405708067,0.11543130130536802
2159,-2.536682554668777,-4.777439260850301,1.6351237154637253,0.11531587000406265
2160,-2.8876944432730283,-4.713835655725337,1.6455097639852068,0.1152005541340586
2161,-6.216049879348745,-4.733318832775074,1.657371078291191,0.11508535357992454
2162,-3.571460228728289,-4.678187108757717,1.6492345407241729,0.11497026822634461
2163,-2.46541499329664,-4.625757528197754,1.6768458758312017,0.11485529795811826
2164,-2.038189024310736,-4.536468190381731,1.6933088228656439,0.11474044266016015
2165,-6.477544513253416,-4.569859582431079,1.7146606114247236,0.11462570221749999
2166,-2.4665595739255477,-4.5380497907869,1.7384668755475834,0.11451107651528249
2167,-2.878411325120957,-4.440923627114225,1.692202008249995,0.11439656543876721
2168,-5.37347857552904,-4.512826510738876,1.6534760833570288,0.11428216887332844
2169,-1.8303918880392034,-4.43698821742776,1.6874601928023656,0.11416788670445512
2170,-4.73333666917145,-4.397600766240067,1.656821398061113,0.11405371881775066
2171,-6.648316341172734,-4.399649464606215,1.6595376356987113,0.11393966509893291
2172,-2.8241091465960544,-4.325142637290366,1.6449095877756894,0.11382572543383399
2173,-6.298687706640738,-4.319973444290336,1.638280053248248,0.11371189970840015
2174,-6.396452287176388,-4.348494041248737,1.661602154012278,0.11359818780869176
2175,-3.145308829803332,-4.304923387957295,1.6640163329620306,0.11348458962088306
2176,-6.54893649047594,-4.347537071209867,1.6933958360280763,0.11337110503126219
2177,-1.9493478718010306,-4.266310483383609,1.7090047459477762,0.11325773392623092
2178,-6.3311527777275405,-4.31576837214191,1.732106371411515,0.1131444761923047
2179,-4.846570101827924,-4.3715428153689935,1.7031595959794659,0.11303133171611239
2180,-4.495148430719603,-4.350639702039477,1.6950814663357823,0.11291830038439628
2181,-4.813619451628953,-4.363617386738043,1.6960921415513213,0.11280538208401188
2182,-4.307248789039868,-4.3906748654366705,1.6841439082036025,0.11269257670192787
2183,-2.7974541663740697,-4.315737809119242,1.669948969027857,0.11257988412522593
2184,-4.8757491928251255,-4.262752997529366,1.6081692885481818,0.1124673042411007
2185,-5.866645114795279,-4.323850396791345,1.6099124922577546,0.1123548369368596
2186,-4.6791415249676875,-4.361567032649239,1.5956406955499798,0.11224248209992274
2187,-7.367305287216912,-4.348304917205147,1.5676014368559865,0.11213023961782281
2188,-3.9807548926857566,-4.324905986433091,1.5641776791547364,0.11201810937820499
2189,-4.5110166704312995,-4.346504921924284,1.5591341130735699,0.11190609126882678
2190,-3.1110567539155816,-4.34493235930401,1.5603392903959616,0.11179418517755796
2191,-1.820914110070725,-4.279183548053778,1.5956481080907485,0.1116823909923804
2192,-3.975301322726125,-4.249987043749323,1.5875651965225344,0.11157070860138803
2193,-5.077735198249396,-4.257553443520322,1.5905878251208634,0.11145913789278664
2194,-4.246495316267405,-4.24282278623112,1.5872078663223657,0.11134767875489385
2195,-4.639605448620581,-4.290874418758728,1.5619231707966754,0.11123633107613895
2196,-3.9606295499338056,-4.270565061241597,1.5594813700551784,0.11112509474506281
2197,-6.433776839519691,-4.3510885381258655,1.5651438476993054,0.11101396965031775
2198,-3.0860512544537957,-4.370739221742942,1.5428104068364838,0.11090295568066744
2199,-5.644424650958063,-4.387604292840599,1.5520050194193646,0.11079205272498677
2200,-6.176389340336402,-4.396864300814234,1.561241420401567,0.11068126067226178
2201,-4.944956313383453,-4.457945742014939,1.521234106716398,0.11057057941158951
2202,-6.299094574490829,-4.484395635841224,1.5413857883922117,0.11046000883217792
2203,-5.790260772413319,-4.554134267850883,1.5198589831169402,0.11034954882334574
2204,-6.0974514120684615,-4.592197793266653,1.5341346358541592,0.1102391992745224
2205,-5.276851866427098,-4.596661059008989,1.535794487967751,0.11012896007524788
2206,-5.417875243568528,-4.609583131680077,1.5399260728836885,0.11001883111517263
2207,-5.448972355084598,-4.613722781483705,1.5418974975948685,0.10990881228405747
2208,-6.515515513710391,-4.6024307315754065,1.5257767157243283,0.10979890347177342
2209,-4.596006056434914,-4.643617201610729,1.496981220942233,0.10968910456830164
2210,-6.059328539770472,-4.707049883540678,1.4884046989685933,0.10957941546373333
2211,-6.781145297887262,-4.718351791911449,1.5019043347657877,0.1094698360482696
2212,-6.7334429747815605,-4.781591446832514,1.5187567353547213,0.10936036621222132
2213,-6.335370630709914,-4.858990559580779,1.4972049045798128,0.10925100584600911
2214,-2.0890321584365013,-4.860007422263295,1.4953048040924264,0.1091417548401631
2215,-5.7277774071812315,-4.845012080141851,1.482714931123466,0.10903261308532293
2216,-5.201260143917059,-4.899706091541681,1.443900848142212,0.1089235804722376
2217,-6.206949471301163,-4.966276854465285,1.4257920771321715,0.10881465689176537
2218,-7.471417916151498,-5.008235641277734,1.467419802704148,0.1087058422348736
2219,-5.238958234809991,-5.07640696821315,1.3956232971169287,0.10859713639263872
2220,-3.2429592821043154,-5.046599420471807,1.4183626339217486,0.10848853925624609
2221,-2.7568727166474805,-4.968770547981302,1.4350060116930619,0.10838005071698985
2222,-2.9499705226615176,-4.971287775502612,1.4313474551881604,0.10827167066627286
2223,-3.5347420329401893,-4.916008862028601,1.4323872524790668,0.10816339899560658
2224,-1.370175049899344,-4.815483317283061,1.499750762520779,0.10805523559661097
2225,-3.435191095488735,-4.821280962596768,1.4938317217708388,0.10794718036101436
2226,-2.053263676140193,-4.731367506310052,1.522166648185942,0.10783923318065335
2227,-2.952704736476131,-4.751434643603554,1.4916664422351467,0.10773139394747269
2228,-2.809501099881239,-4.6810016100466285,1.4985392529972326,0.10762366255352522
2229,-3.7192942166542107,-4.658456092343155,1.504347352211478,0.1075160388909717
2230,-1.9889062590619744,-4.608331248910003,1.550014514311727,0.10740852285208072
2231,-2.8836701448476805,-4.569732262774377,1.5683435103318784,0.10730111432922863
2232,-2.655324228651407,-4.536693771566608,1.590764292860966,0.1071938132148994
2233,-2.88595506459022,-4.53846378953093,1.5888762003273418,0.1070866194016845
2234,-1.682376081971802,-4.474596327313863,1.6374730648888558,0.10697953278228281
2235,-2.5995134095846177,-4.409253693209651,1.6457858611731528,0.10687255324950053
2236,-1.772058202629028,-4.351112026762877,1.6860812138614212,0.10676568069625103
2237,-2.7326564040168178,-4.258419049098876,1.6446025075974997,0.10665891501555477
2238,-2.6885439091190073,-4.2325748294275405,1.6588543322826657,0.10655225610053921
2239,-4.206150334846654,-4.226477502715848,1.6583798980456153,0.10644570384443867
2240,-2.812478208985479,-4.220505931817246,1.6629169665678152,0.10633925814059424
2241,-2.188024966630008,-4.227848148948431,1.6530873203808127,0.10623291888245365
2242,-3.2350456344997673,-4.2130430351839045,1.6585885674498808,0.1061266859635712
2243,-1.8698796070110675,-4.1488859233591375,1.6857207204525158,0.10602055927760762
2244,-3.796336947279715,-4.139882755979384,1.6863773462897014,0.10591453871833001
2245,-2.185167426021276,-4.090793995527397,1.7067169163950524,0.10580862417961168
2246,-1.80974598939645,-4.047776324316651,1.7363055195270751,0.10570281555543207
2247,-3.254525436544916,-3.9841912962571553,1.7057077040322262,0.10559711273987664
2248,-2.565637065284266,-3.9737830124737643,1.7127297657990252,0.10549151562713677
2249,-5.324694388866007,-3.9673884072319234,1.7070678723853816,0.10538602411150963
2250,-2.6852056333682794,-3.897564733092561,1.6865620434252508,0.10528063808739813
2251,-4.4242757486343915,-3.88715112179758,1.681663162006926,0.10517535744931072
2252,-2.8607410221848304,-3.81838405075146,1.6516606824232436,0.10507018209186142
2253,-3.2897793582226584,-3.7683744224676463,1.6288967276203734,0.10496511190976955
2254,-3.5517534257633185,-3.7174604627415437,1.5947284466679188,0.10486014679785978
2255,-2.3532628265910325,-3.6589886819448223,1.5900712381129778,0.10475528665106192
2256,-2.610813896194017,-3.602847454997332,1.5764753324449559,0.10465053136441085
2257,-2.917984413313708,-3.552227696161914,1.5568973372081143,0.10454588083304645
2258,-3.1921360531041527,-3.4857601069497894,1.49882727631486,0.1044413349522134
2259,-3.476908277117176,-3.4633781513634343,1.4904129957902332,0.10433689361726119
2260,-4.274984343581336,-3.427691267439652,1.4486035579756606,0.10423255672364393
2261,-2.3451484575437647,-3.338971330632782,1.3744475039125241,0.10412832416692028
2262,-3.279735436292173,-3.269897179862994,1.2860622557527162,0.10402419584275335
2263,-5.523475306294777,-3.253659273374691,1.251927391643114,0.1039201716469106
2264,-5.653385420510264,-3.3249463386161664,1.2846349417494165,0.10381625147526369
2265,-5.334591240512475,-3.3170826152827915,1.2710336758607101,0.10371243522378842
2266,-3.016128758524277,-3.273379987574936,1.2427492308559949,0.10360872278856463
2267,-2.414451352563259,-3.1975300252001784,1.1752918802088186,0.10350511406577606
2268,-6.292313447496,-3.1739479358270684,1.098629247414938,0.10340160895171029
2269,-4.989056138710269,-3.1689498939050735,1.0897560497275642,0.10329820734275857
2270,-6.168331351313501,-3.227457335289257,1.1678875639249608,0.10319490913541582
2271,-3.5231224909977343,-3.2427823307762624,1.1666387043570348,0.1030917142262804
2272,-3.961731144747213,-3.2630175432179764,1.1701535692053737,0.10298862251205412
2273,-5.84498787249451,-3.309222460009063,1.2243280658579203,0.10288563388954207
2274,-3.4029114596164702,-3.349877188203405,1.1926038157421452,0.10278274825565252
2275,-2.5697995656113006,-3.3325693576058564,1.1975095628063204,0.10267996550739687
2276,-4.279398377375917,-3.377092051630571,1.1904806281709643,0.10257728554188948
2277,-6.847427529822257,-3.4549865074974937,1.2839155169068441,0.1024747082563476
2278,-3.2008590638423153,-3.4628136667767153,1.281146508817493,0.10237223354809125
2279,-6.029822781006288,-3.5090242380637564,1.3302917088210466,0.10226986131454316
2280,-6.987577009287406,-3.608997653068265,1.3983821942131636,0.10216759145322861
2281,-5.890099300842362,-3.6691262361881587,1.4301761462317644,0.10206542386177538
2282,-6.745806436379041,-3.7509358803427117,1.4857571545339658,0.1019633584379136
2283,-4.313220635221999,-3.7794811917553472,1.4825717298411631,0.10186139507947568
2284,-6.630019258482665,-3.8784340552855645,1.504254504228262,0.1017595336843962
2285,-5.861269832786549,-3.9436691837496034,1.5180401791639282,0.10165777415071181
2286,-5.819194615809048,-4.024611912013204,1.5079550020331713,0.1015561163765611
2287,-5.609726399933047,-4.0821533119315285,1.5124437356661322,0.10145456026018454
2288,-2.7347859798368006,-4.083078153345884,1.5116051830500763,0.10135310569992435
2289,-5.831503110619352,-4.115585208861338,1.5312512472330324,0.10125175259422443
2290,-5.715138316382942,-4.1736384110092875,1.5357636060560291,0.10115050084163021
2291,-5.239194748455689,-4.2346618066458,1.5161467574171892,0.10104935034078859
2292,-6.415528492198218,-4.29827146379977,1.5394134407994955,0.1009483009904478
2293,-3.1718888032714823,-4.3243116477249774,1.5088236041007923,0.10084735268945735
2294,-5.751699242155438,-4.363418893622493,1.5199318579523524,0.10074650533676789
2295,-5.587136099564276,-4.431458267093353,1.4968692606090905,0.10064575883143112
2296,-7.280190248640102,-4.540867152278225,1.5011613010973273,0.1005451130725997
2297,-5.705542938459189,-4.589887502316511,1.4983718332710192,0.1004445679595271
2298,-5.52187104802336,-4.649012181971293,1.475480427843262,0.10034412339156756
2299,-5.201838989674144,-4.6465550739874555,1.474455111646641,0.100243779268176
2300,-4.656224304905995,-4.68597544741821,1.4475938476436256,0.10014353548890782
2301,-4.468001459350636,-4.686849961632535,1.4474486870017795,0.10004339195341891
2302,-5.312678319104126,-4.735888707570921,1.4261285525455485,0.09994334856146549
2303,-4.729284645439919,-4.764678813315266,1.4110953211828656,0.09984340521290402
2304,-4.258874458085479,-4.778821233961709,1.4023847540537728,0.09974356180769112
2305,-6.696396467322776,-4.8656839067763435,1.383839982886252,0.09964381824588342
2306,-3.0659881232486623,-4.874787391317437,1.3704085331667735,0.09954417442763754
2307,-3.9185626618137572,-4.894798956287438,1.3488235028407392,0.0994446302532099
2308,-5.343612183666561,-4.937828478898686,1.3279761854127086,0.09934518562295669
2309,-3.423188412172288,-4.936754081599789,1.3291788926284245,0.09924584043733373
2310,-6.468165884561044,-4.980617712419383,1.3427353309502539,0.0991465945968964
2311,-6.166470548550205,-5.057044154239511,1.2985792787058092,0.0990474480022995
2312,-7.045759435612416,-5.132364634225916,1.302519946952141,0.09894840055429721
2313,-3.352890218804675,-5.088952932476114,1.3247433219707303,0.09884945215374291
2314,-1.8716356301652837,-5.013317936669214,1.3963792995885254,0.09875060270158917
2315,-2.830109405402358,-4.963228299967012,1.4285061552961758,0.09865185209888758
2316,-3.1021089754977824,-4.964947904306482,1.4262111516155327,0.0985532002467887
2317,-2.540413669111026,-4.967467150637438,1.421808205889262,0.0984546470465419
2318,-2.0328801657453095,-4.882278485002424,1.4667696229515175,0.09835619239949536
2319,-5.6018626522659325,-4.894534615273537,1.470166967460844,0.09825783620709587
2320,-2.4965378497695334,-4.821098745242658,1.496180033437906,0.09815957837088878
2321,-7.280668065286008,-4.896249656728424,1.5232208673174774,0.09806141879251788
2322,-6.901422002828725,-4.955043473890054,1.5426253347658885,0.09796335737372537
2323,-5.559268003901454,-4.949329076518192,1.5398447954665584,0.09786539401635165
2324,-4.982625433815661,-4.980923356002176,1.5239152928100173,0.0977675286223353
2325,-1.8670200796474223,-4.966867766282899,1.5491216135913812,0.09766976109371296
2326,-4.874223376671226,-4.978764266268805,1.5460774959324959,0.09757209133261925
2327,-2.3117844482877907,-4.888051404638116,1.5666985604458008,0.09747451924128663
2328,-5.283977623126198,-4.929713775823793,1.5488742420361497,0.09737704472204534
2329,-3.08544803808469,-4.870826280965361,1.5618467294695244,0.0972796676773233
2330,-3.264395342400311,-4.796362647627619,1.5478436962288322,0.09718238800964597
2331,-4.759027361666673,-4.773741208844106,1.5399386544932707,0.09708520562163633
2332,-2.5036442360114295,-4.6888979648367535,1.545800331102658,0.09698812041601469
2333,-2.900258639151774,-4.66063872491535,1.565203508373323,0.09689113229559868
2334,-2.4742253092419295,-4.577522845930535,1.568755128134916,0.09679424116330308
2335,-2.7609736633293624,-4.515516922541391,1.5780319418963606,0.09669744692213977
2336,-4.467860484276613,-4.488490239910742,1.5670061519454441,0.09660074947521763
2337,-2.745972642124103,-4.431215164754563,1.5772798695988652,0.09650414872574241
2338,-5.096216099550577,-4.478443767148838,1.5610471906494285,0.09640764457701667
2339,-3.133805958725632,-4.424489824110964,1.5599688870111819,0.09631123693243965
2340,-1.8543143514178233,-4.347273344811661,1.5894467944426813,0.09621492569550721
2341,-4.0281778313314565,-4.323053006469177,1.584891305643257,0.09611871076981171
2342,-7.061792396023101,-4.335978284545675,1.6044183318575544,0.0960225920590419
2343,-6.306375723735844,-4.398668022954961,1.618880914476983,0.09592656946698286
2344,-5.910443086687494,-4.401842899845603,1.6216845385827692,0.09583064289751587
2345,-4.403054554422662,-4.378161268942771,1.6128240923958015,0.09573481225461836
2346,-7.195124393977043,-4.37645995184951,1.609803975491576,0.09563907744236373
2347,-5.344406283796852,-4.369237218756263,1.6046263870321484,0.09554343836492137
2348,-4.903993220219175,-4.356879662200178,1.5980679326894722,0.09544789492655645
2349,-5.086708613265049,-4.3545770546719975,1.5969313373290408,0.09535244703162989
2350,-3.4701085148166984,-4.330854738870212,1.6010786422174645,0.09525709458459826
2351,-4.1225745108134415,-4.323946199899467,1.6012171992779198,0.09516183749001367
2352,-5.591236267137342,-4.329517358860132,1.605127452780843,0.09506667565252365
2353,-2.7849495319122712,-4.290630656589579,1.618468251721269,0.09497160897687112
2354,-2.56212965642415,-4.256695760556353,1.6364663301423297,0.09487663736789426
2355,-2.0308737824388006,-4.163385306858673,1.627684885877401,0.09478176073052637
2356,-7.7618775161369165,-4.257303094716438,1.6957107208691147,0.09468697896979585
2357,-4.763892867843463,-4.274209698837032,1.6964630199195732,0.09459229199082606
2358,-6.902133200531244,-4.305380119174326,1.729815709251878,0.09449769969883523
2359,-4.589910674147378,-4.328714564413827,1.7256221487382877,0.09440320199913639
2360,-5.6934362726857835,-4.313219972176322,1.7097473455521197,0.09430879879713726
2361,-5.852135293468886,-4.306933267074696,1.703487867965916,0.09421448999834012
2362,-7.010911770250997,-4.306236313767467,1.7023739453617706,0.09412027550834177
2363,-7.097332277305897,-4.381125154937491,1.7407169986338407,0.09402615523283343
2364,-7.393828489760556,-4.491569012129396,1.753132823808747,0.0939321290776006
2365,-2.4614163874526187,-4.484195151770402,1.760863923530994,0.093838196948523
2366,-5.255671046858373,-4.527266393197614,1.7528510725432562,0.09374435875157447
2367,-5.649084235000597,-4.589439804515406,1.736329225665656,0.09365061439282289
2368,-7.863749370694716,-4.706057188614393,1.7564002062737032,0.09355696377843006
2369,-2.0725404873369135,-4.635470745315812,1.7895860120052214,0.09346340681465164
2370,-7.253447606324141,-4.730608940446905,1.7997617054639345,0.09336994340783698
2371,-6.456704121758204,-4.714129661576349,1.7800007557632598,0.09327657346442915
2372,-6.990985185157909,-4.7159209252229335,1.7822446374377383,0.09318329689096472
2373,-8.056418712341094,-4.765863939391727,1.8392540516263178,0.09309011359407375
2374,-5.517138432664524,-4.776554199368704,1.8420341313724342,0.09299702348047968
2375,-5.599489419163479,-4.851203586159024,1.797707952320386,0.0929040264569992
2376,-6.035846449449514,-4.874436047614591,1.805345149999431,0.09281112243054221
2377,-5.841666383856852,-4.945033686325972,1.772471187385326,0.09271831130811167
2378,-5.7878586325565795,-4.9551113065145795,1.77579896656023,0.09262559299680356
2379,-7.044050944961901,-5.034283364652123,1.7789194237968895,0.09253296740380676
2380,-5.347144367771278,-5.075938345159543,1.7612855381453711,0.09244043443640296
2381,-5.07199369441525,-5.082197671814514,1.7607041851163068,0.09234799400196655
2382,-5.957092235516794,-5.151266631804621,1.7255835997650306,0.09225564600796458
2383,-6.291595606120357,-5.219093371143993,1.7022645378853924,0.09216339036195662
2384,-4.845177326870797,-5.26651241149657,1.657578427155864,0.09207122697159466
2385,-6.252498853412259,-5.3363429152982285,1.6237545503593824,0.09197915574462306
2386,-7.162968845351575,-5.390245082519728,1.6386944215712171,0.09188717658887845
2387,-5.627008136726541,-5.447865792411776,1.5947654564782223,0.09179528941228957
2388,-5.056458077566859,-5.447070631972101,1.5949504941380102,0.09170349412287727
2389,-6.566726383277175,-5.515729040463133,1.5675464308126157,0.0916117906287544
2390,-5.249386848845381,-5.583630490411684,1.478475843091741,0.09152017883812565
2391,-5.1425638178862565,-5.60591821014278,1.463180171016024,0.09142865865928752
2392,-5.237402873435823,-5.569430419691034,1.449099559094523,0.09133723000062824
2393,-4.8720623396165,-5.540744152008647,1.448423731983655,0.09124589277062761
2394,-4.7410039670220385,-5.517355369615338,1.4517032801007277,0.09115464687785699
2395,-7.023927760512902,-5.569772833737143,1.457826019851397,0.09106349223097913
2396,-7.597750118270779,-5.577825348223017,1.4678591024381136,0.09097242873874815
2397,-6.192500722467808,-5.594787236996437,1.469962402941303,0.0908814563100094
2398,-5.914481789589267,-5.614997008383838,1.467269980565364,0.0907905748536994
2399,-5.131358860019641,-5.61589001331893,1.4669617387693483,0.0906997842788457
2400,-3.858258339812517,-5.623653009818846,1.4565762239259916,0.09060908449456685
2401,-2.057847940473755,-5.582358478412052,1.5261532165645135,0.09051847541007228
2402,-6.001543109727538,-5.590564615263856,1.5272815845639434,0.09042795693466221
2403,-2.253168638039486,-5.579928997386401,1.5484865645002488,0.09033752897772755
2404,-2.9543748541084556,-5.587773901340087,1.5341047981996463,0.09024719144874982
2405,-5.576373156663999,-5.658683888824592,1.4475569543050484,0.09015694425730107
2406,-7.544993908540113,-5.654346216672655,1.4415606687501745,0.09006678731304377
2407,-2.59778349743544,-5.611024029264495,1.4990709521465007,0.08997672052573072
2408,-2.7933097320729674,-5.528847559895329,1.5381520623204985,0.08988674380520499
2409,-6.4717219337667915,-5.566483785087717,1.5377397288110168,0.08979685706139978
2410,-4.0444057121723365,-5.533503173877449,1.552278276394676,0.08970706020433838
2411,-3.4310698958716492,-5.485081865925505,1.5791127918928611,0.08961735314413405
2412,-4.650148580687706,-5.437866602134238,1.5680392413017183,0.08952773579098991
2413,-6.377377779982715,-5.4234675121877745,1.5559938389965973,0.08943820805519892
2414,-4.8358899376199265,-5.372308741144963,1.5322395725292526,0.08934876984714372
2415,-4.699415209699453,-5.417068717589899,1.4782910675272338,0.08925942107729658
2416,-6.683318302305743,-5.445621662698846,1.4886490471934355,0.08917016165621929
2417,-2.2370238222401513,-5.377380454443637,1.5545073769124302,0.08908099149456307
2418,-2.1102036219769382,-5.262309539469282,1.578955398591195,0.08899191050306851
2419,-3.01352045966523,-5.281129138915848,1.5460900645845448,0.08890291859256544
2420,-2.4370784808908272,-5.184801756407182,1.5700596177714798,0.08881401567397287
2421,-5.7682366482426115,-5.17103240693687,1.5618421243174356,0.0887252016582989
2422,-4.642033436705622,-5.124053371967824,1.541588799737726,0.0886364764566406
2423,-3.5181602494644073,-5.03328820271029,1.4992865757272957,0.08854783998018396
2424,-5.649168861717322,-5.035928811291346,1.5002523861552912,0.08845929214020377
2425,-5.09022264781394,-5.025743475864355,1.4981189626814246,0.08837083284806357
2426,-7.310886951738478,-5.051244285910135,1.5256938057140974,0.08828246201521552
2427,-4.0844713562186,-5.016100385357371,1.5273192695509152,0.0881941795532003
2428,-4.73132724563602,-4.994969757618959,1.5238002975103584,0.0881059853736471
2429,-5.211258414821643,-4.958313907016153,1.49585582083551,0.08801787938827345
2430,-5.59686949702862,-4.9633084096013,1.4975616761782822,0.08792986150888517
2431,-2.536682554668777,-4.912602186806371,1.5354653574410646,0.08784193164737629
2432,-2.436511075004775,-4.84219056359613,1.5663643962565894,0.08775408971572891
2433,-4.9547208213081175,-4.8154530678998855,1.552746048076209,0.08766633562601318
2434,-3.571460228728289,-4.789978725937035,1.5624672927023533,0.08757866929038717
2435,-2.46541499329664,-4.714237048734724,1.581410720709816,0.08749109062109678
2436,-2.038189024310736,-4.611741452313907,1.5854505456290662,0.08740359953047568
2437,-6.414766876072516,-4.627496627100826,1.5993148194985787,0.0873161959309452
2438,-2.4665595739255477,-4.575698657027999,1.6262956934703185,0.08722887973501425
2439,-2.878411325120957,-4.501932355864875,1.617939452828813,0.08714165085527924
2440,-5.1626569035336,-4.50019775695864,1.617183489392264,0.08705450920442395
2441,-5.576975881973269,-4.50888599824038,1.6217716523333168,0.08696745469521953
2442,-3.2009597591625494,-4.468157135954915,1.6285217641399032,0.08688048724052432
2443,-5.449069563985301,-4.4796972804422905,1.633380224228561,0.08679360675328379
2444,-5.580077845838575,-4.496478758018622,1.6402745084272665,0.0867068131465305
2445,-7.021562423054524,-4.496431451269453,1.6402016467077511,0.08662010633338398
2446,-4.786200784013516,-4.440200464584308,1.5800048398145479,0.0865334862270506
2447,-3.145308829803332,-4.379256626731019,1.569976084373915,0.08644695274082355
2448,-5.048170691243564,-4.361930404764104,1.5576698308816905,0.08636050578808273
2449,-2.7335490592538787,-4.31397420874879,1.5701043336274538,0.08627414528229464
2450,-6.3311527777275405,-4.363432097507091,1.59374031267149,0.08618787113701235
2451,-4.359271767993237,-4.40946057405748,1.5593510007834157,0.08610168326587533
2452,-3.7877805918654657,-4.3651853237002385,1.544878775130106,0.08601558158260945
2453,-3.5016512588986606,-4.390154976117422,1.520436936645821,0.08592956600102684
2454,-5.963871918717056,-4.450344917409594,1.5219750518380892,0.08584363643502582
2455,-6.282275683849896,-4.464462967953311,1.535568088303167,0.08575779279859079
2456,-5.172934038202748,-4.4170217705465635,1.4751148749277163,0.0856720350057922
2457,-5.864636666210751,-4.482358833922071,1.4654058080335313,0.0855863629707864
2458,-4.6791415249676875,-4.5200754697799645,1.4455823631944076,0.0855007766078156
2459,-7.882334410021827,-4.5482877193050655,1.4962719214675995,0.08541527583120778
2460,-6.754852631340341,-4.602496657688426,1.525841304543154,0.08532986055537657
2461,-5.268929230968741,-4.6392538443903675,1.5193019549135989,0.0852445306948212
2462,-4.114102610910053,-4.628532924994815,1.5210775110251726,0.08515928616412638
2463,-1.820914110070725,-4.537403651596575,1.5497927447689275,0.08507412687796226
2464,-4.1002601501333835,-4.522691055846844,1.5503809528058774,0.0849890527510843
2465,-2.1872775893952183,-4.472448303440759,1.5841765234052974,0.08490406369833321
2466,-4.952695217330402,-4.4378358417412525,1.5541142344538192,0.08481915963463488
2467,-4.633218316625172,-4.485759731628953,1.5221256090862663,0.08473434047500024
2468,-5.529317359361242,-4.5541420063766385,1.4903372598785933,0.08464960613452524
2469,-5.949212059480644,-4.612855838372947,1.4863081605684152,0.08456495652839072
2470,-3.0860512544537957,-4.625835293844206,1.469995232805477,0.08448039157186232
2471,-5.476469387174268,-4.619999948622839,1.466022470271537,0.08439591118029047
2472,-7.808681593057017,-4.683332911749867,1.5324995667933146,0.08431151526911018
2473,-3.5466893055553297,-4.683903492871686,1.5320708938395087,0.08422720375384107
2474,-4.513587043075426,-4.6611918564988475,1.5259983009620388,0.08414297655008723
2475,-3.826634730593602,-4.6359200981544415,1.529143719962014,0.08405883357353715
2476,-3.6934737781856954,-4.563571834683385,1.4858335684177335,0.0839747747399636
2477,-3.3177542965241207,-4.548237493489496,1.4946292959846352,0.08389079996522364
2478,-5.886516739900841,-4.571341283374792,1.506164777502497,0.08380690916525842
2479,-5.402240360512227,-4.575160922288604,1.5080237843525837,0.08372310225609315
2480,-5.994695786595983,-4.5831174480799515,1.5144293460759923,0.08363937915383707
2481,-4.1339681381486635,-4.61506315974955,1.4875323533808937,0.08355573977468322
2482,-3.3582366667720454,-4.633497671584895,1.4659751512486079,0.08347218403490854
2483,-4.700707198286075,-4.628417399124453,1.465293141689175,0.08338871185087363
2484,-3.2737500923372718,-4.622463196396633,1.4701727244074867,0.08330532313902275
2485,-5.549294845763055,-4.684140793445961,1.4428190852388112,0.08322201781588373
2486,-2.0890321584365013,-4.685157656128476,1.4409706589580031,0.08313879579806785
2487,-3.3149248618813973,-4.623160815844654,1.4318773093065547,0.08305565700226979
2488,-6.416840288314322,-4.702166430132429,1.4196330104939903,0.08297260134526752
2489,-5.5068661684916655,-4.754735526999844,1.3996512259330804,0.08288962874392225
2490,-7.403306707771494,-4.799548523084602,1.4470611385292265,0.08280673911517833
2491,-7.6074913746237485,-4.840158832937611,1.4959745106646596,0.08272393237606315
2492,-6.662268207345749,-4.909385001901276,1.4986025668821608,0.0826412084436871
2493,-5.708318600587335,-4.914569982633316,1.5009075517205457,0.08255856723524341
2494,-3.129952260242804,-4.8655674709214,1.5182758071705322,0.08247600866800817
2495,-2.6599028078702087,-4.778334278617715,1.5171963103843957,0.08239353265934016
2496,-4.156470384016995,-4.7657396706177835,1.5196904541791951,0.08231113912668082
2497,-5.222819022027653,-4.8072898744622705,1.503128459432627,0.08222882798755414
2498,-4.4734052005998155,-4.795794564649396,1.503440099092594,0.08214659915956658
2499,-3.561218339503694,-4.8123479502543915,1.4850873898892218,0.08206445256040702
2500,-6.448789740273208,-4.814700689505305,1.487582768382749,0.08198238810784661
2501,-4.7988982011286465,-4.8234932181680135,1.486163473024009,0.08190040571973876
2502,-2.109278520994326,-4.789923176750591,1.5275601907720164,0.08181850531401902
2503,-5.033336956164309,-4.8205568906959035,1.5167378899055062,0.081736686808705
2504,-5.25903975172257,-4.806460247356014,1.5093035051452897,0.08165495012189629
2505,-6.495498812986285,-4.810724709938742,1.5137619649319352,0.08157329517177439
2506,-4.82537055574919,-4.803773440289671,1.5128804792154666,0.08149172187660261
2507,-4.503385074307331,-4.7765484084516014,1.5057762748027188,0.08141023015472601
2508,-3.718270486904448,-4.757330987690337,1.5130109588709926,0.08132881992457128
2509,-4.626606076066818,-4.692216421011237,1.4456801538129456,0.0812474911046467
2510,-4.496256290901938,-4.6470444942024685,1.4154961140482296,0.08116624361354205
2511,-6.364627629057986,-4.6689584621642535,1.4333234285673815,0.08108507736992851
2512,-3.556234323686084,-4.6578010964197745,1.4397560084692878,0.08100399229255859
2513,-2.873730436496541,-4.678857422948291,1.4054015803186601,0.08092298830026602
2514,-2.9036626877375884,-4.654925473700375,1.4251005910614174,0.08084206531196575
2515,-5.359145324925219,-4.718362828410975,1.3838425441609286,0.08076122324665379
2516,-1.8426164888826042,-4.656161253842019,1.4406426545008366,0.08068046202340713
2517,-4.761603610990004,-4.658728959729316,1.4407138852318835,0.08059978156138373
2518,-5.913748650163251,-4.666417585545356,1.4463541714839674,0.08051918177982234
2519,-7.084774608492791,-4.689128836525599,1.4749516497192685,0.08043866259804251
2520,-4.546825431657835,-4.718344320069679,1.4572702820783772,0.08035822393544446
2521,-2.3900307103933307,-4.656615546534061,1.4888761017959877,0.08027786571150902
2522,-3.8247017791693105,-4.576935950256306,1.4232127077601555,0.08019758784579752
2523,-2.245674467756163,-4.550915653500324,1.4533839116710172,0.08011739025795171
2524,-5.519827143760319,-4.571040455514021,1.4596806870216819,0.08003727286769376
2525,-8.382256657152496,-4.6621528940451995,1.5497712130039507,0.07995723559482606
2526,-2.344742639843597,-4.635178271278357,1.5778796543202689,0.07987727835923124
2527,-2.101552467399652,-4.610854234695868,1.6071047322619147,0.07979740108087201
2528,-3.0653923795838085,-4.554431747489527,1.6108460118100991,0.07971760367979114
2529,-4.690334550874095,-4.540193631296765,1.6064295665745292,0.07963788607611134
2530,-4.065601792654231,-4.501611751417929,1.5941520030350198,0.07955824819003524
2531,-4.584484432703171,-4.510622077309019,1.5933215444179547,0.0794786899418452
2532,-2.601367894398421,-4.495484701861548,1.6077280839065549,0.07939921125190336
2533,-2.4322347992954283,-4.450115253881734,1.6331040636529737,0.07931981204065146
2534,-8.046455431231564,-4.54556936065962,1.6996805434485605,0.0792404922286108
2535,-4.263152850806778,-4.5198465207604945,1.6940183499587438,0.0791612517363822
2536,-5.907224391675067,-4.596210365425266,1.668587999200946,0.07908209048464582
2537,-4.531427969248327,-4.620540427572605,1.6585668643436051,0.07900300839416118
2538,-6.577047805174325,-4.623744577909805,1.6621848078650518,0.07892400538576702
2539,-3.057672559260087,-4.574760705725174,1.6715000664792372,0.07884508138038125
2540,-3.1629789878135135,-4.489954151326014,1.6329633869863047,0.07876623629900087
2541,-3.146650525632572,-4.400737334346189,1.5812394849132934,0.07868747006270187
2542,-3.884937747488489,-4.345190725149045,1.5492783576042766,0.07860878259263916
2543,-3.918211145277345,-4.309388576042845,1.5380069943264212,0.07853017381004652
2544,-4.069925860909759,-4.328188048056184,1.5291950633674014,0.07845164363623648
2545,-1.7775477653619665,-4.310540947206018,1.553247541713946,0.07837319199260025
2546,-2.479194739288874,-4.2769954343114565,1.5741837403242607,0.07829481880060765
2547,-7.1759083906871,-4.316057221684646,1.6207130857927126,0.07821652398180705
2548,-4.9441748336062314,-4.325472614344774,1.622965718615011,0.07813830745782524
2549,-5.726638606816779,-4.368781019691036,1.6308665600418837,0.07806016915036741
2550,-7.126478211285012,-4.382334789111272,1.6507910777726837,0.07798210898121705
2551,-2.5259584608992194,-4.336875994306682,1.669879289153292,0.07790412687223583
2552,-5.949279809095353,-4.413676020068703,1.6538898716549435,0.07782622274536359
2553,-6.549427147781334,-4.443997823901044,1.6786844134176073,0.07774839652261822
2554,-2.688133300819419,-4.392579694882981,1.692250830534791,0.0776706481260956
2555,-5.375597302352174,-4.370181664670299,1.6715538572461504,0.0775929774779695
2556,-5.091374187351294,-4.375501737302342,1.6734163944057263,0.07751538450049153
2557,-2.047990049608205,-4.326393836808359,1.704678847567576,0.07743786911599104
2558,-4.604664432873204,-4.344121715727733,1.702870548800483,0.07736043124687506
2559,-5.051543577054737,-4.352620465747492,1.7053178128258388,0.07728307081562819
2560,-5.206777823904891,-4.366830896407551,1.7094110030200729,0.07720578774481256
2561,-4.597932670615848,-4.331496997238708,1.685847507254641,0.07712858195706775
2562,-5.760581773481408,-4.375583946234615,1.6938013993200658,0.07705145337511068
2563,-3.8744393882137795,-4.395598125268959,1.6818068411808238,0.07697440192173557
2564,-5.619783329451028,-4.449920538103228,1.6765972944610197,0.07689742751981384
2565,-3.2193431663449235,-4.407124494931622,1.6801486855576524,0.07682053009229402
2566,-5.975494373377996,-4.48978205262153,1.6533992225075025,0.07674370956220172
2567,-5.827068955992889,-4.511091359521588,1.6635996779497604,0.07666696585263952
2568,-4.766940400153561,-4.4881551945213936,1.6519679312691495,0.07659029888678688
2569,-5.149136834994735,-4.449442439051433,1.6128820959593386,0.07651370858790009
2570,-3.9249688932284825,-4.437005308282846,1.6144800259850898,0.07643719487931219
2571,-5.96919758892003,-4.508588645853379,1.6014280326308343,0.07636075768443289
2572,-6.593140193157361,-4.5639574141331405,1.6245181197308745,0.07628439692674846
2573,-7.012116354165618,-4.65928625186133,1.6255314397314193,0.07620811252982171
2574,-4.96349917444993,-4.648159692475122,1.6215020686833297,0.07613190441729188
2575,-4.923619325832182,-4.578986945848716,1.5320352630499094,0.07605577251287458
2576,-5.640821650646521,-4.644908526064775,1.5051575661432122,0.0759797167403617
2577,-5.475777404017,-4.712393024797121,1.4647111668766037,0.07590373702362134
2578,-6.446492447092401,-4.780015026147293,1.4651606945751223,0.07582783328659772
2579,-3.8703605153418015,-4.763615545436648,1.4706513838391297,0.07575200545331112
2580,-4.39646984810479,-4.770232906545659,1.4682381137267273,0.0756762534478578
2581,-6.394378880483262,-4.80643079550126,1.4854224397178852,0.07560057719440995
2582,-4.309671144431819,-4.840596860501929,1.4536168200327126,0.07552497661721554
2583,-7.903646366091372,-4.950025091837848,1.4739974934800149,0.07544945164059833
2584,-4.406656894041873,-4.877229121094054,1.407663567924523,0.07537400218895772
2585,-4.939935301321997,-4.890764770104358,1.4049449649911718,0.07529862818676876
2586,-2.6387106159970783,-4.825394494590799,1.4319106944039108,0.07522332955858199
2587,-4.089582162270956,-4.816557578451251,1.4350575650714759,0.0751481062290234
2588,-6.187408410626999,-4.808764790560305,1.4265088891554618,0.07507295812279438
2589,-2.22013135502911,-4.792013966475685,1.4516683512264903,0.07499788516467158
2590,-6.172920586414283,-4.852212798447701,1.4452612446224211,0.07492288727950691
2591,-5.271545847508985,-4.894710704885228,1.425591787275611,0.0748479643922274
2592,-4.436047049094887,-4.905732890917356,1.4198609346819178,0.07477311642783518
2593,-3.352890218804675,-4.894426472387903,1.4298949828782141,0.07469834331140734
2594,-1.8716356301652837,-4.850460667773014,1.4872175141635455,0.07462364496809594
2595,-2.830109405402358,-4.871511900573822,1.450569988102446,0.07454902132312784
2596,-6.258312072916606,-4.947094247246376,1.422125615271601,0.0744744723018047
2597,-2.540413669111026,-4.854384352814854,1.4248986348051487,0.0743999978295029
2598,-6.178863257383323,-4.879078121290396,1.4368889929400168,0.0743255978316734
2599,-4.730362121871147,-4.859152591591483,1.4318966808871176,0.07425127223384173
2600,-2.4965378497695334,-4.766553784361174,1.4319836677442181,0.07417702096160789
2601,-7.539724070315252,-4.866829096549495,1.44704049946064,0.07410284394064628
2602,-6.403621805237822,-4.875915936472344,1.455212796159808,0.07402874109670564
2603,-5.052956781652229,-4.845986529149762,1.4357446104423546,0.07395471235560894
2604,-5.346484134812975,-4.899153545829633,1.4037162108905092,0.07388075764325333
2605,-2.7629624208451173,-4.846900848199492,1.4333231086164235,0.07380687688561008
2606,-5.761158299301661,-4.860296530438499,1.4386652421108934,0.07373307000872446
2607,-2.3117844482877907,-4.865572418412091,1.4287920652351929,0.07365933693871574
2608,-6.59063657224294,-4.905291861199485,1.448455936058115,0.07358567760177702
2609,-2.662436476120615,-4.857509719180803,1.4818642582523642,0.07351209192417524
2610,-3.264395342400311,-4.818662069550712,1.4975757223508235,0.07343857983225106
2611,-4.81900064663904,-4.8230834290711755,1.4972438240634647,0.07336514125241882
2612,-6.151748120905083,-4.830906756019649,1.5031323290391727,0.0732917761111664
2613,-2.900258639151774,-4.811423141038409,1.5216039674829158,0.07321848433505523
2614,-2.7780088046925235,-4.754587650543239,1.5432676094122022,0.07314526585072018
2615,-2.7609736633293624,-4.745420260482927,1.5536863567964432,0.07307212058486945
2616,-3.0775796990862436,-4.687461966997092,1.560754409832669,0.07299904846428458
2617,-2.745972642124103,-4.625840040719716,1.575300161936938,0.0729260494158203
2618,-4.166874305667623,-4.613838718829998,1.5764648341025032,0.07285312336640448
2619,-5.476504397208236,-4.620386070074268,1.579351596492422,0.07278027024303808
2620,-4.830055837233929,-4.638487808954377,1.576461518598171,0.07270748997279504
2621,-4.369176833924434,-4.606487393854465,1.565324787611118,0.07263478248282225
2622,-7.381886552469702,-4.622262321040712,1.5890606864671162,0.07256214770033943
2623,-6.639489959740232,-4.6148097931522045,1.5786748956125234,0.0724895855526391
2624,-6.564823160149887,-4.646836272866203,1.6015018225313191,0.07241709596708645
2625,-2.1165329313535173,-4.59069454497663,1.6395647949361232,0.07234467887111937
2626,-6.051058452424375,-4.598899281012187,1.6458138762274386,0.07227233419224825
2627,-4.367460518524344,-4.576732943302334,1.641311957495853,0.07220006185805601
2628,-4.92741440419124,-4.5463513824443105,1.6203460865749197,0.07212786179619796
2629,-5.22468395887624,-4.573437851314999,1.6201392508422323,0.07205573393440176
2630,-4.38793010047615,-4.573267056362427,1.6201583478098478,0.07198367820046736
2631,-4.418429720748977,-4.533748073167741,1.5992191370903917,0.0719116945222669
2632,-5.752261649056173,-4.562599883260228,1.6079056933735816,0.07183978282774463
2633,-2.7849495319122712,-4.460225946576646,1.5539720973348483,0.07176794304491688
2634,-4.194749685802182,-4.455987802411852,1.5544013244533124,0.07169617510187196
2635,-2.0308737824388006,-4.397806572034188,1.5892507286319937,0.07162447892677008
2636,-7.552660268247349,-4.496085565079193,1.6288746984414293,0.07155285444784332
2637,-5.1157002345780285,-4.516607926525335,1.6300874707654804,0.07148130159339547
2638,-5.037735108261707,-4.493614460478029,1.6143904262919593,0.07140982029180207
2639,-4.566378310150489,-4.540539399580457,1.5813873281187367,0.07133841047151027
2640,-8.011562018408323,-4.577312228220338,1.6392376991254358,0.07126707206103876
2641,-6.096824591151194,-4.593817803093182,1.6502626912983132,0.07119580498897772
2642,-7.08887500211571,-4.646874362153598,1.686582440363755,0.07112460918398875
2643,-5.266233872245184,-4.685141235222408,1.678475558165487,0.07105348457480476
2644,-6.335939874085555,-4.774427320100814,1.644838788919364,0.07098243109022996
2645,-5.263969384085712,-4.823104519674481,1.6224397546150213,0.07091144865913973
2646,-5.979134716007822,-4.817520972536306,1.6179651674976296,0.07084053721048059
2647,-5.795190924869632,-4.882616517651478,1.590278677002696,0.0707696966732701
2648,-8.757020017367632,-4.934179652851164,1.6712098764023537,0.07069892697659683
2649,-2.0725404873369135,-4.881023220160479,1.718448598940852,0.07062822804962023
2650,-6.522599336031211,-4.961544449885713,1.6990473660310619,0.0705575998215706
2651,-5.647880096511392,-4.923707570409635,1.6618698059298207,0.07048704222174904
2652,-5.527459280800888,-4.9061843199208965,1.6507548537746588,0.07041655517952729
2653,-5.256646074976386,-4.9102581057873795,1.6513632602350055,0.07034613862434776
2654,-5.675248416386936,-4.916833391418859,1.6537399201238039,0.07027579248572341
2655,-4.475909115075403,-4.951092325303464,1.62628015115845,0.07020551669323769
2656,-3.6276914982761275,-4.908422989282954,1.6324429898622677,0.07013531117654445
2657,-4.405631329260073,-4.9502999269023995,1.5916412259244288,0.07006517586536791
2658,-5.213915737988934,-4.922765510217319,1.5748458425116363,0.06999511068950254
2659,-6.162861943935275,-4.992774019573613,1.5504235784922404,0.06992511557881304
2660,-6.839759303608158,-5.06428129879777,1.5515093352981475,0.06985519046323423
2661,-5.161292107976834,-5.071127128024525,1.5511670838807083,0.06978533527277099
2662,-4.887472751797116,-5.045841620642366,1.5436319863310926,0.06971554993749822
2663,-2.4041711360085185,-5.035919870579502,1.5589096190859288,0.06964583438756072
2664,-4.7893522978251575,-5.076146740442154,1.525723980000731,0.06957618855317316
2665,-6.035516424106527,-5.141637595657697,1.4949086551663733,0.06950661236461998
2666,-7.2901170438834075,-5.22588834255364,1.4949134683050376,0.06943710575225537
2667,-4.826719610901472,-5.267503281929187,1.4536923850809715,0.06936766864650311
2668,-3.8448473527534763,-5.261062742870905,1.4592571346022902,0.06929830097785661
2669,-6.8495847848838025,-5.2885243506244155,1.475878378599681,0.06922900267687875
2670,-5.228674771007633,-5.296496729299889,1.4744562392571963,0.06915977367420187
2671,-5.613838965229719,-5.321389971925996,1.4690872016605918,0.06909061390052766
2672,-6.2213392854734515,-5.298179026586071,1.4453247767439052,0.06902152328662714
2673,-4.852567604934048,-5.262440579489947,1.4337627293465032,0.06895250176334052
2674,-2.1249611868773237,-5.173643340024496,1.4868564642828501,0.06888354926157718
2675,-6.832107735149657,-5.267954836100419,1.4387282888264512,0.0688146657123156
2676,-7.692502756659539,-5.300783722185122,1.4745049949768512,0.06874585104660329
2677,-6.664196206449491,-5.346718435943625,1.480476615917568,0.06867710519555668
2678,-6.014905334387595,-5.368468254547553,1.4821440931547778,0.06860842809036113
2679,-6.488446772692047,-5.393743510823868,1.4902301276790217,0.06853981966227077
2680,-2.7690157395181756,-5.361365223604709,1.5288192126930993,0.06847127984260849
2681,-2.697300760874712,-5.326942644407223,1.5685233543437096,0.06840280856276588
2682,-1.7674327259301514,-5.247246065944703,1.6442926322839955,0.06833440575420312
2683,-2.1428520836906215,-5.23440411698027,1.6658392780941293,0.06826607134844892
2684,-2.1727702318187103,-5.193964527900601,1.7144210551338497,0.06819780527710047
2685,-2.2575851063634857,-5.198498754379094,1.7063301602973897,0.06812960747182337
2686,-2.401078943273428,-5.0954671278796155,1.7165712112246165,0.06806147786435154
2687,-2.2685338420087047,-5.038523800028229,1.7615893474648174,0.06799341638648719
2688,-2.819493004586363,-4.994158957954722,1.7887735269930087,0.06792542297010071
2689,-2.402918381008942,-4.950889759371892,1.8244092567799848,0.06785749754713061
2690,-1.9688143293858382,-4.830034805591442,1.817791077167299,0.06778964004958347
2691,-4.475716132919361,-4.7976126364268055,1.8093448843147124,0.06772185040953389
2692,-2.9615687124835293,-4.715066510634161,1.797036039916,0.06765412855912437
2693,-2.2846401935960596,-4.6554346370611785,1.8269773673617518,0.06758647443056524
2694,-2.464331465294921,-4.578002468885366,1.836133781982355,0.06751888795613468
2695,-1.9902139240030654,-4.512527359683713,1.8685883051912078,0.06745136906817856
2696,-1.865253351438512,-4.430249732392327,1.8926159401967377,0.06738391769911038
2697,-5.13295893647943,-4.417005092624523,1.8853207663249112,0.06731653378141127
2698,-2.251407143249246,-4.286892835142155,1.8040473638504344,0.06724921724762986
2699,-2.556616916334975,-4.296574363722117,1.793405455472779,0.06718196803038223
2700,-2.36653660609108,-4.213453109123314,1.7845983178643317,0.06711478606235186
2701,-2.484812263133041,-4.150191752455747,1.7886870952523686,0.06704767127628951
2702,-2.2100683273392607,-4.083843933386515,1.7978720067980778,0.06698062360501322
2703,-2.6463604095434734,-4.031638220077856,1.8009542461390102,0.06691364298140821
2704,-2.404638758564732,-3.9662260269214125,1.7994640582905927,0.06684672933842681
2705,-1.6228659720531322,-3.9091651640609664,1.827415153964012,0.06677988260908838
2706,-2.724820391138933,-3.8911077419182227,1.834554162944016,0.06671310272647929
2707,-2.6661698729126546,-3.8563185127912742,1.8409490627205927,0.06664638962375281
2708,-4.265311474092358,-3.837346427513343,1.8317253101495934,0.06657974323412906
2709,-2.089808211448747,-3.7558853528636122,1.8170027664121144,0.06651316349089494
2710,-2.4865187835786666,-3.6688205424630227,1.7708582751880328,0.06644665032740404
2711,-2.4686730394699743,-3.6149681610928854,1.765586759387418,0.06638020367707664
2712,-5.019143054358404,-3.6176015671441113,1.767579829610819,0.06631382347339956
2713,-4.4834993395058795,-3.6591881312140586,1.7629964045781181,0.06624750964992616
2714,-1.7992504779437624,-3.5993860948164307,1.7743229637270899,0.06618126214027624
2715,-3.767081041701968,-3.554017387168339,1.7401239818628165,0.06611508087813596
2716,-2.199086993222841,-3.452196786155128,1.6658967411019296,0.06604896579725783
2717,-2.0605720587958114,-3.3968738351130146,1.6652619766340089,0.06598291683146057
2718,-2.2381354330908376,-3.3647395967197617,1.6717968566133168,0.0659169339146291
2719,-3.7834079575582695,-3.303416060173251,1.5974250836472859,0.06585101698071448
2720,-2.41521735957802,-3.247146911944659,1.5780513925043995,0.06578516596373377
2721,-4.272936017452118,-3.220328852989107,1.5487243878033412,0.06571938079777004
2722,-2.1246100833622004,-3.138394268946882,1.4952339861838742,0.06565366141697226
2723,-2.556306128790312,-3.092469039424007,1.4770322522797599,0.06558800775555529
2724,-2.3941965372583,-3.0978537464316265,1.473982883230293,0.06552241974779974
2725,-2.0795087765789892,-3.0028017672602134,1.3803760841954766,0.06545689732805193
2726,-3.5134372916038754,-2.9192204579591,1.2098765903716477,0.06539144043072388
2727,-5.832953954535554,-2.9025956129208215,1.1631100416996607,0.06532604899029316
2728,-2.2306196732772063,-2.826909899698614,1.0781457411403614,0.06526072294130288
2729,-7.823021384528209,-2.853601391935337,1.1801573443030338,0.06519546221836157
2730,-5.424514825313786,-2.906711373651249,1.2336934425298465,0.06513026675614321
2731,-4.977515429966166,-2.9523156670330786,1.266809887577621,0.06506513648938707
2732,-3.2226064556901677,-2.9814191416282787,1.2559229552632734,0.06500007135289768
2733,-4.689756448177684,-3.03235722891802,1.2724198260268906,0.06493507128154478
2734,-6.581009457644463,-3.120522013434535,1.3595440563419479,0.06487013621026325
2735,-5.65880172505528,-3.188546345808371,1.399177189321143,0.06480526607405299
2736,-3.0315628187884305,-3.2011560233186707,1.3948579072807776,0.06474046080797893
2737,-3.6033886134130784,-3.227853118746758,1.3895164572860113,0.06467572034717095
2738,-5.777474316382312,-3.287012744982677,1.4331546772990706,0.06461104462682378
2739,-5.900702600618466,-3.356968429374868,1.4731033798163282,0.06454643358219696
2740,-7.8157603228503705,-3.4739073492441586,1.5860125861815295,0.06448188714861476
2741,-8.471511135544855,-3.553823249296668,1.7287272276912242,0.06441740526146615
2742,-2.9327226907632764,-3.5532463288622633,1.728929583375938,0.06435298785620469
2743,-5.014303649413973,-3.6078395979786215,1.7311047393470265,0.06428863486834849
2744,-1.8919885259790639,-3.5963927391923045,1.7404951218113276,0.06422434623348014
2745,-5.624847798490913,-3.6690854166820612,1.747780144787389,0.06416012188724667
2746,-4.9720342005065055,-3.731221033663421,1.737743337748342,0.06409596176535942
2747,-7.624688387149438,-3.781055622676821,1.8113952631372372,0.06403186580359406
2748,-6.594188827821101,-3.867911256368258,1.8398605320505912,0.06396783393779047
2749,-6.747671951629487,-3.9517323570741483,1.8733743290622138,0.06390386610385268
2750,-6.64020094334574,-4.037205643819242,1.896450908790148,0.06383996223774882
2751,-6.230365034550442,-4.11211669924759,1.9075939927879497,0.06377612227551108
2752,-7.940160528407578,-4.226718543268956,1.9612505932810802,0.06371234615323557
2753,-6.196267490193533,-4.297716684881957,1.9670015195730983,0.06364863380708233
2754,-7.122106844724925,-4.392066046605161,1.9869730473117817,0.06358498517327525
2755,-8.169079136458826,-4.5229903098932756,2.0156557009039195,0.06352140018810197
2756,-6.284665772953293,-4.594187217529562,2.013752867791427,0.06345787878791387
2757,-4.7773811481761275,-4.636411443034832,1.994929550139633,0.06339442090912595
2758,-5.4951519200483485,-4.661008251953952,1.9977820970790483,0.06333102648821683
2759,-4.6347328608118765,-4.711906744941214,1.9637553477403695,0.06326769546172861
2760,-4.065172687283491,-4.743479823015311,1.9402722679497764,0.06320442776626688
2761,-5.72678560186567,-4.808642074263225,1.9173557942730413,0.06314122333850061
2762,-4.325676998254755,-4.794772753141152,1.918290847552705,0.06307808211516211
2763,-3.8956602510575484,-4.783015971372185,1.9219604046270695,0.06301500403304695
2764,-6.192513718846675,-4.870881236190243,1.8835838287158688,0.0629519890290139
2765,-3.8990969902012265,-4.873521555160228,1.8821266863693502,0.06288903703998489
2766,-6.607279032230951,-4.961685395940391,1.857873595266058,0.0628261480029449
2767,-4.4160343581263835,-5.008794641927002,1.8130362776656146,0.06276332185494196
2768,-5.3392560355700684,-5.070817053976587,1.769719415658521,0.06270055853308702
2769,-2.22013135502911,-5.039551521926004,1.80563257949041,0.06263785797455393
2770,-6.172920586414283,-5.114705586462728,1.7727404749466993,0.06257522011657937
2771,-6.369983986176063,-5.156646545837208,1.7771304691863476,0.0625126448964628
2772,-4.1221328649487825,-5.196597001468939,1.7303572274327208,0.062450132251566336
2773,-3.352890218804675,-5.212528683269227,1.7095159233553543,0.062387682119314766
2774,-1.8716356301652837,-5.202077465127367,1.7282091512272622,0.06232529443719545
2775,-2.830109405402358,-5.2170894777038335,1.7041119256366688,0.06226296914275825
2776,-3.1021089754977824,-5.208862911381711,1.713284568824991,0.06220070617361549
2777,-3.855034278739729,-5.169304517865795,1.7212339742186717,0.062138505467441874
2778,-2.0328801657453095,-5.1653497277151565,1.7281945884808987,0.06207636696197443
2779,-3.3698098634606897,-5.0762854972938065,1.703507849670234,0.062014290595012456
2780,-5.470323000398773,-5.077201660795507,1.7037071908962944,0.06195227630441744
2781,-7.539724070315252,-5.1284458336024885,1.7381236470747616,0.06189032402811302
2782,-6.403621805237822,-5.192066140593441,1.7253704731284656,0.06182843370408491
2783,-5.336050262166237,-5.204992016873212,1.7239792688049793,0.061766605270380824
2784,-4.494440436551104,-5.163260636451345,1.7153985549070712,0.061704838665110444
2785,-1.8670200796474223,-5.0874250035431885,1.7746081189139118,0.06164313382644533
2786,-5.483007529969673,-5.136453897766813,1.7508365050730945,0.06158149069261889
2787,-2.3117844482877907,-5.110621814464308,1.7825068127845716,0.06151990920192627
2788,-6.491698478222919,-5.12490629770112,1.7906367864531754,0.06145838929272435
2789,-5.92737740116982,-5.125439793712147,1.7908718032698494,0.061396930903431624
2790,-3.264395342400311,-5.034412494103146,1.7673282333731941,0.061335533972528195
2791,-5.565514859470774,-4.976292568581664,1.6998351719403164,0.061274198438555666
2792,-2.4876065807856156,-4.967390246382111,1.7116389696519925,0.06121292424011711
2793,-2.900258639151774,-4.925109346176867,1.735896578772394,0.06115171131587699
2794,-2.4742253092419295,-4.936754081842124,1.7173647094827267,0.06109055960456111
2795,-2.7609736633293624,-4.879476599138893,1.7410547908339105,0.06102946904495655
2796,-3.1667659753538002,-4.843371234635839,1.7574027434725716,0.06096843957591159
2797,-2.0028609221413203,-4.730934685335676,1.7556986927707217,0.06090747113633568
2798,-3.7520283657625413,-4.674091476094505,1.7403958115958014,0.06084656366519934
2799,-5.631407984486136,-4.651766196751638,1.7207014677441452,0.06078571710153414
2800,-1.931053981015947,-4.557583257505042,1.738076856597412,0.06072493138443261
2801,-4.318837221358969,-4.519352701241213,1.7218088163122252,0.060664206453048174
2802,-7.940959563652492,-4.519368681946111,1.7218405693574153,0.06060354224659512
2803,-4.826605120776703,-4.491975434557775,1.7057645349248713,0.06054293870434853
2804,-6.305328715600072,-4.475639871975277,1.6842740203853281,0.06048239576564418
2805,-2.1165329313535173,-4.354588947873172,1.6311356438555937,0.06042191336987854
2806,-5.349873574718677,-4.335893103908479,1.6141752856580116,0.06036149145650866
2807,-4.508366298349808,-4.330512806911953,1.6131427746559641,0.06030112996505215
2808,-7.939847215235167,-4.379406712815689,1.6832282107710157,0.0602408288350871
2809,-4.6873180850545735,-4.3804584173005425,1.6834038323822185,0.06018058800625201
2810,-3.4666372927385174,-4.368487709409644,1.6877258201955079,0.06012040741824576
2811,-4.1225745108134415,-4.3364034875885995,1.6768121688479616,0.06006028701082751
2812,-5.591236267137342,-4.361714672966251,1.6859858239120855,0.060000226723816684
2813,-2.7849495319122712,-4.339500458583345,1.699245232104275,0.059940226497092866
2814,-2.56212965642415,-4.266892777334895,1.6960749570599642,0.05988028627059577
2815,-2.0308737824388006,-4.229528313179646,1.7241126125849229,0.05982040598432518
2816,-7.7618775161369165,-4.252620282857765,1.763095831202737,0.05976058557834085
2817,-4.763892867843463,-4.259577453052107,1.7644127685183528,0.05970082499276251
2818,-5.144460997154055,-4.255681552283787,1.7622382076692387,0.059641124167769746
2819,-5.654873972511206,-4.324376404633428,1.7484421678441406,0.059581483043601974
2820,-5.487710626284645,-4.310672205430835,1.7365445078100108,0.05952190156055837
2821,-6.164145683953924,-4.306555439386393,1.7318954524877928,0.05946237965899782
2822,-7.207592636249435,-4.368264634812405,1.778565134084267,0.05940291727933882
2823,-5.6400087166499935,-4.414007004769312,1.78127160418366,0.05934351436205949
2824,-7.393828489760556,-4.524450861961219,1.7913805736916406,0.05928417084769743
2825,-2.4529187171861335,-4.516907048196893,1.7992766601560002,0.05922488667684973
2826,-5.775801453083414,-4.570380897748606,1.7961626535253095,0.05916566179017289
2827,-6.362697900011439,-4.62053417017404,1.8104415252113395,0.059106496128382716
2828,-7.807924341649077,-4.736035053692116,1.8258225870241878,0.05904738963225433
2829,-2.0725404873369135,-4.71008966616964,1.8540516704896932,0.058988342242622074
2830,-6.48529063193369,-4.730389018800338,1.8677695810928943,0.058929353900379455
2831,-6.099036589493531,-4.701575269183904,1.83503395900753,0.058870424546479075
2832,-7.02969712808347,-4.714096775640817,1.8486905155181477,0.0588115541219326
2833,-5.371870883384854,-4.71481318806519,1.8489383228405267,0.05875274256781066
2834,-5.517138432664524,-4.735267147987458,1.8520415195567481,0.058693989825242855
2835,-5.9090368497400805,-4.816107483389311,1.812881825075316,0.058635295835417614
2836,-4.725529153025838,-4.800957915850434,1.8104087874090327,0.058576660539582194
2837,-3.7647933372122933,-4.830018093628924,1.7816533145490054,0.058518083879042615
2838,-5.93080454313669,-4.8188002149272,1.7728997925935919,0.05845956579516357
2839,-6.411139674065925,-4.828475460385122,1.7802281021569064,0.05840110622936841
2840,-6.177681954398565,-4.886741192625087,1.775752637930175,0.05834270512313904
2841,-5.161292107976834,-4.878656737595208,1.773562788003061,0.058284362418015906
2842,-4.777118399483371,-4.924446973969163,1.7404861392371258,0.05822607805559789
2843,-5.54114245125707,-4.97726465021127,1.7181856104306286,0.05816785197754229
2844,-5.52111593375267,-5.038202462701484,1.681980897758107,0.05810968412556475
2845,-5.336343790968073,-5.0897098652542585,1.650596580889482,0.058051574441439185
2846,-6.761139204675047,-5.161597329840683,1.6435390235521656,0.05799352286699774
2847,-5.448380879240936,-5.230507728982675,1.5806848076218487,0.057935529344130744
2848,-5.056458077566859,-5.256596323218762,1.5667711024176787,0.05787759381478661
2849,-6.502644671355596,-5.274021056956151,1.5756621211778687,0.057819716220971824
2850,-4.303321969112851,-5.3214664167180885,1.5085743650606664,0.05776189650475085
2851,-6.7061181226006354,-5.369212034742922,1.5138549705113626,0.0577041346082461
2852,-5.363462972757858,-5.317662102925029,1.468612416622151,0.05764643047363786
2853,-5.373515686239501,-5.328600314234285,1.466950046542539,0.05758878404316422
2854,-4.7410039670220385,-5.297313819262724,1.4624599195287384,0.05753119525912106
2855,-5.668657015423262,-5.36835630094412,1.3907381336087241,0.05747366406386194
2856,-7.266204873737902,-5.406682926924504,1.4158790124499234,0.057416190399798075
2857,-6.591379863464757,-5.448343198226803,1.4194747201048246,0.05735877420939828
2858,-5.607230385967737,-5.4016908616414545,1.3744399215465861,0.05730141543518888
2859,-6.750272839893992,-5.442949956738243,1.3833111301422978,0.05724411401975369
2860,-1.552658454708784,-5.404670379977649,1.461730303878294,0.057186869905733934
2861,-4.640677213499094,-5.415032434031361,1.4544230553473352,0.0571296830358282
2862,-4.568901280167328,-5.394585734291962,1.4589812059003384,0.05707255335279238
2863,-3.194769303023871,-5.402782129714193,1.4453853474844056,0.057015480799439584
2864,-3.9160113040939035,-5.429859762667588,1.4040047096767136,0.05695846531864014
2865,-4.270193744275293,-5.474646161904317,1.3285547767579027,0.0569015068533215
2866,-6.389628349513588,-5.447201178571851,1.294766338168116,0.05684460534646818
2867,-3.470197521383183,-5.421327271642646,1.3208266637428354,0.05678776074112171
2868,-1.6037434011853142,-5.35051291972327,1.4246102051778247,0.056730972980380594
2869,-2.816721509138266,-5.293749870455812,1.467256439131438,0.05667424200740021
2870,-3.8701472021709407,-5.2613986019735375,1.4803970174406518,0.05661756776539281
2871,-5.072001888171833,-5.239555726057896,1.4749632518955877,0.05656095019762742
2872,-2.174931501248053,-5.138902503357869,1.508562418460306,0.056504389247429794
2873,-2.6067510169129227,-5.0782373493631265,1.5476737329772412,0.05644788485818236
2874,-3.2037104428155203,-4.994434988424226,1.533397836155527,0.05639143697332418
2875,-2.1901542154857805,-4.989179698390219,1.5425222915028478,0.05633504553635086
2876,-6.264284068003533,-4.998949350688622,1.5490067530666778,0.05627871049081451
2877,-7.225305415523938,-5.016201500998871,1.568777010536814,0.0562224317803237
2878,-6.307972918450536,-4.986202472534901,1.528940975511737,0.056166209348543376
2879,-3.3325745597668552,-5.011403153983499,1.4906128318417435,0.056110043139194835
2880,-2.586853301862589,-4.9334344073820775,1.5132644986121522,0.05605393309605564
2881,-4.34712355613762,-4.898396146714959,1.5061355856615937,0.055997879162959584
2882,-6.156451718149873,-4.880931238516288,1.4862518556188669,0.055941881283796624
2883,-4.1358966087562585,-4.856211753023716,1.4881581309324177,0.055885939402512824
2884,-2.0150547541520893,-4.786170079453467,1.537015213636895,0.05583005346311031
2885,-6.347999968668075,-4.794949341832027,1.5446385816377768,0.0557742234096472
2886,-1.9724096497633645,-4.739886951766778,1.5944010487007492,0.055718449186237556
2887,-5.979176904668266,-4.784174623115897,1.5974523300771368,0.055662730737051316
2888,-3.148635196391895,-4.728531236181001,1.6049804800111818,0.055607068006314264
2889,-5.37990538797534,-4.70790655045919,1.5897796407563798,0.05555146093830795
2890,-6.366237123680362,-4.711677653844825,1.5934809368121847,0.05549590947736964
2891,-2.8602095527529654,-4.665656002740347,1.612941140604139,0.05544041356789227
2892,-2.218150850640276,-4.614476651763486,1.6487925731153517,0.05538497315432438
2893,-5.461528659811746,-4.61288437593458,1.6479351218496974,0.05532958818117005
2894,-2.1082557755311573,-4.544627172770149,1.6792845849672977,0.05527425859298888
2895,-5.682535053155739,-4.551550998013903,1.6832436427228947,0.05521898433439589
2896,-5.749793310553621,-4.5313240801314745,1.6625192102622177,0.0551637653500615
2897,-3.014502368063302,-4.482646509907921,1.6705674836163336,0.05510860158471143
2898,-6.277213897802351,-4.50706162631263,1.6876089201285511,0.05505349298312672
2899,-3.5673814876077383,-4.448356362637673,1.66810985872711,0.054998439490143596
2900,-3.5652402307127398,-4.4335947278696715,1.6725877488086456,0.05494344105065345
2901,-1.7184039860018838,-4.333840445137697,1.6827824649204968,0.05488849760960279
2902,-4.202474948253594,-4.310620684647612,1.676412942521758,0.05483360911199319
2903,-4.324125407961036,-4.289632879082042,1.6695294539884153,0.0547787755028812
2904,-1.9793325530410941,-4.234399450802424,1.699103558022545,0.054723996727378314
2905,-6.7828180877634,-4.256682672249227,1.7248777390521288,0.054669272730650934
2906,-4.559146858155448,-4.202541511937577,1.6712142781485997,0.05461460345792028
2907,-5.373434951614033,-4.178182613700562,1.6448868238001753,0.054559988854462366
2908,-2.386907069352787,-4.113776147368263,1.6507072063249582,0.054505428865607906
2909,-5.384026906670615,-4.086451228703796,1.6178183066924763,0.0544509234367423
2910,-4.2894865043072805,-4.141187789695765,1.5769471558653716,0.05439647251330556
2911,-6.541581994681371,-4.179205885319411,1.6110757306513488,0.054342076040792255
2912,-5.316367331515974,-4.194155206346384,1.6180750912036233,0.054287733964751464
2913,-8.584178948464965,-4.301943399255206,1.7239545909609004,0.054233446230786714
2914,-4.136510177146868,-4.306353376716265,1.7232435913625181,0.054179212784555925
2915,-5.858966208442244,-4.338128825999604,1.7368778822125834,0.05412503357177137
2916,-4.715577014329401,-4.304647799295921,1.7129798992889682,0.0540709085381996
2917,-5.407507394058719,-4.343393996749431,1.715575328553069,0.0540168376296614
2918,-3.5366430047851916,-4.382051988821429,1.674696242049328,0.053962820792031733
2919,-5.163155071822659,-4.428980660075117,1.6630100580758624,0.053908857971239704
2920,-7.310087343722097,-4.49777946290614,1.7089876523158802,0.05385494911326846
2921,-4.94826408076351,-4.495304706757974,1.708243768112477,0.0538010941641552
2922,-5.6277424200839885,-4.564360925134692,1.682644845840296,0.05374729306999104
2923,-3.2828131064366017,-4.577882166925166,1.6695249079993366,0.05369354577692105
2924,-5.435027435066351,-4.622508506770183,1.6620014771020264,0.053639852231144126
2925,-6.300888635733862,-4.704723195175144,1.641189173763708,0.053586212378912985
2926,-5.609273080551167,-4.691622975426096,1.6312724775166347,0.05353262616653407
2927,-3.018659131715646,-4.607490049749931,1.6067223696153838,0.053479093540367534
2928,-3.729151111309451,-4.5559136136071094,1.5926372437997327,0.05342561444682717
2929,-2.097385857255336,-4.53120983955688,1.6207526398706593,0.05337218883238034
2930,-3.516533900705552,-4.549803451533738,1.6035817084095063,0.053318816643547956
2931,-2.650755832872327,-4.515876097068432,1.625308981247397,0.05326549782690441
2932,-4.774391265793719,-4.488234888021309,1.6088418451063957,0.053212232329077506
2933,-6.199172945112032,-4.529500414748425,1.625648355061021,0.05315902009674843
2934,-7.155259096158828,-4.6323045015885596,1.6259173802809839,0.05310586107665168
2935,-5.727216396514746,-4.619888830145493,1.6151029691757328,0.05305275521557503
2936,-2.6602645812885064,-4.633645928775996,1.5953018419724112,0.052999702460359455
2937,-5.948552079217332,-4.633033432266977,1.594790921530547,0.052946702757899096
2938,-4.908188172585851,-4.6682244917908555,1.581001300725226,0.0528937560551412
2939,-6.046457536227129,-4.681555534755892,1.5897320933805053,0.05284086229908606
2940,-4.829781827326533,-4.6508264288288155,1.5716170749670064,0.05278802143678697
2941,-5.199823318268384,-4.697618704139124,1.552318423859508,0.052735233415350184
2942,-5.57154316216409,-4.7646865503696,1.5157552755942079,0.052682498181934836
2943,-6.042115639223503,-4.776298289957835,1.5232543930764075,0.052629815683752905
2944,-6.611114494984664,-4.866355464346905,1.4957124203256613,0.05257718586806915
2945,-5.7687162621664285,-4.86807908852712,1.496701303267021,0.05252460868220108
2946,-3.3949318781071707,-4.820981859878191,1.505241341758748,0.05247208407351888
2947,-6.997326510756815,-4.90063834273206,1.5129006905214337,0.052419611989445364
2948,-6.76593333513347,-4.910412731478683,1.5233057026421437,0.05236719237745592
2949,-3.242010646771392,-4.903905314661955,1.5297106161340748,0.05231482518507846
2950,-3.214110009740443,-4.89688271024251,1.5366303821841671,0.052262510359893384
2951,-3.3048613573615326,-4.9286118576697024,1.4862241729990049,0.05221024784953349
2952,-5.479015259772831,-4.954142663900088,1.4844944769908741,0.05215803760168396
2953,-4.665279615212665,-4.96096574804512,1.4823655757273504,0.052105879564082275
2954,-3.261841670759212,-4.986615930399482,1.4410716466074551,0.05205377368451819
2955,-2.8425654615730616,-4.907810877875676,1.4484092856674742,0.052001719910833674
2956,-2.493248494820843,-4.866492910608983,1.486725658098706,0.05194971819092284
2957,-2.8719844081913553,-4.81646389974053,1.5107189544008877,0.05189776847273191
2958,-2.1879883107783673,-4.812485524569041,1.5173591144850422,0.05184587070425918
2959,-3.150807865494973,-4.767821143745529,1.5326689261613904,0.05179402483355492
2960,-2.644825171707218,-4.734927917093527,1.559986612205764,0.05174223080872137
2961,-3.108762933117675,-4.666271535862254,1.554494388397183,0.05169048857791265
2962,-3.4654985893520687,-4.6292541610189755,1.560598327574692,0.051638798089334734
2963,-2.7355003629568633,-4.512280589308814,1.4767131715457449,0.051587159291245396
2964,-2.1547256769089937,-4.472644899304056,1.5124311681332883,0.05153557213195415
2965,-1.7114007029200644,-4.389693589193612,1.5474555803931358,0.0514840365598222
2966,-3.126752205730081,-4.357917093021626,1.55672266194291,0.05143255252326238
2967,-2.5807817194467346,-4.3013825795293865,1.5688596819698108,0.05138111997073912
2968,-1.887544761252155,-4.2684006146587254,1.6015831603819377,0.05132973885076838
2969,-2.417088257584375,-4.21347927837396,1.6169686776609251,0.05127840911191761
2970,-2.241341737274093,-4.112104366245,1.578074057558799,0.05122713070280569
2971,-1.900163614897584,-4.051142356927682,1.6032690793955457,0.05117590357210289
2972,-2.956065860251513,-3.9977088257310323,1.594329669227246,0.05112472766853079
2973,-1.9992669139078028,-3.972037901880456,1.6158223855226912,0.05107360294086226
2974,-3.125837400290545,-3.9258541011849397,1.6063198238218777,0.051022529337921396
2975,-3.017130789385767,-3.860178944257978,1.5746904237048982,0.05097150680858348
2976,-1.9022752078029128,-3.786038986803013,1.5778575132402413,0.05092053530177489
2977,-1.806636844880832,-3.7617985410663164,1.5986337769571266,0.050869614766473115
2978,-5.532916673617112,-3.7978738523124695,1.6177281590064232,0.05081874515170664
2979,-5.200948110353863,-3.8599450973744402,1.6108167853681148,0.050767926406554933
2980,-4.509629006992904,-3.8798069995001874,1.6125815884835117,0.05071715848014838
2981,-3.9384488080621702,-3.905560859003984,1.6030014223534261,0.050666441321668226
2982,-3.3149296472492615,-3.876371626633095,1.6002003399047988,0.050615774880346555
2983,-2.823241542175732,-3.808852998574369,1.5717365882646288,0.05056515910546621
2984,-2.232768930307933,-3.710403195257351,1.512076612980451,0.05051459394636074
2985,-2.1881404052399236,-3.6396216754318544,1.4987863857920969,0.050464079352414384
2986,-2.5347187844007095,-3.6371107594940986,1.5005291490511241,0.05041361527306197
2987,-2.234241079458073,-3.562824539498914,1.4759996381990506,0.05036320165778891
2988,-4.859711032072942,-3.5618549966886555,1.4751312542747608,0.05031283845613112
2989,-3.221783604519062,-3.505361518054494,1.4323647160049227,0.05026252561767499
2990,-2.692119770192982,-3.462608276911823,1.4240738392810648,0.05021226309205731
2991,-1.8135057357249662,-3.394881925260955,1.4203632995981852,0.05016205082896526
2992,-2.3389657301280837,-3.330230376620235,1.3931238916628859,0.05011188877813629
2993,-2.276085415219652,-3.2549097721401576,1.3454586513546707,0.05006177688935816
2994,-2.0759117705021666,-3.164205717650508,1.2667084431425881,0.0500117151124688
2995,-2.610267848851793,-3.101036749384215,1.212859184364279,0.04996170339735633
2996,-2.439367351728568,-3.081925458856643,1.215603060449131,0.049911741693958976
2997,-3.507149212067554,-3.012121912882858,1.0815855317099314,0.04986182995226502
2998,-5.087630036664693,-2.978555846913482,0.9864244812355882,0.049811968122312755
2999,-2.671299141409926,-2.9671416168062525,0.9866118474669423,0.04976215615419044
3000,-2.5635983541420817,-2.9541313836942855,0.9875579714382181,0.04971239399803625
3001,-2.4077945917829275,-2.9361900483827132,0.9891705125779646,0.049662681604038215
3002,-4.610238889646746,-2.9188145209801917,0.9512549518117436,0.04961301892243418
3003,-2.1730776884385503,-2.8689704824447095,0.923320755279319,0.04956340590351174
3004,-5.443912917803692,-2.912611907385599,0.990018312282554,0.04951384249760823
3005,-7.375644661022141,-3.0032734913745807,1.1705519351795706,0.04946432865511062
3006,-6.879305660876131,-3.0909946346956865,1.2875429435964847,0.04941486432645551
3007,-5.1492057928318244,-3.136539062388496,1.3188850937646113,0.049365449462129056
3008,-2.2264039914643767,-3.137307376002216,1.3183433720497846,0.049316084012666926
3009,-3.4861902138733027,-3.144015022969783,1.3192478893394692,0.04926676792865426
3010,-5.529118721967601,-3.2017008939749907,1.3586308979117196,0.0492175011607256
3011,-2.244276968697615,-3.1844111746865895,1.3651884282141562,0.049168283659564875
3012,-2.853715220656064,-3.1721755073126694,1.3653558973983047,0.04911911537590531
3013,-2.8424536073835265,-3.1743145722012023,1.3647537426047334,0.04906999626052941
3014,-4.264493231157789,-3.216509923286178,1.3651926201680356,0.04902092626426888
3015,-2.713527546141057,-3.236552460150598,1.3502229212271037,0.04897190533800461
3016,-6.590969644788384,-3.305836808931764,1.4293714657413144,0.0489229334326666
3017,-5.510035685702757,-3.3644218882568846,1.4581928307557097,0.048874010499233934
3018,-5.5372246121377575,-3.4374154852745966,1.4737015909044997,0.048825136488734704
3019,-7.198854432038859,-3.5330508087636865,1.557176088279348,0.04877631135224597
3020,-5.516782929762252,-3.5985596326134495,1.5702992007757792,0.04872753504089373
3021,-7.216899698397349,-3.7048943542834447,1.6305487490098831,0.048678807505852836
3022,-6.01204933499886,-3.766014023778392,1.6583720959814294,0.048630128698346986
3023,-4.7551400775429205,-3.821131487051094,1.644475470772433,0.04858149856964864
3024,-5.674561896178453,-3.8721059769688524,1.661546443418816,0.04853291707107899
3025,-6.524396880418063,-3.9422512987894986,1.6976128848377445,0.048484384154007916
3026,-6.890501711255013,-4.04201582885854,1.7212060034067262,0.04843589976985391
3027,-5.841116314361544,-4.122705418248154,1.7090453953672646,0.04838746387008405
3028,-5.037984773160436,-4.112806780239021,1.7022687774399201,0.04833907640621397
3029,-5.912949675361613,-4.127046811539175,1.714247785451828,0.04829073732980775
3030,-5.182406473699123,-4.140502360873301,1.7198292693530184,0.04824244659247794
3031,-4.719195764232768,-4.156117299996712,1.7214674256974112,0.04819420414588547
3032,-6.927029995190344,-4.228359306955534,1.7600109090891576,0.048146009941739586
3033,-5.165777388643825,-4.275210023884895,1.7531489796864312,0.048097863931797845
3034,-5.97560939071456,-4.350066833093028,1.744225802701706,0.04804976606786605
3035,-6.393233400417027,-4.43416869299657,1.7393282044567644,0.048001716301798183
3036,-6.925954516475411,-4.521993407638064,1.7520191651387371,0.04795371458549638
3037,-1.728060065544467,-4.511869787359792,1.7666108013439987,0.047905760870910884
3038,-4.97620648269132,-4.51419969637216,1.7671447579786543,0.047857855110039975
3039,-6.400799075692294,-4.577780005795624,1.7766644300982835,0.04780999725492994
3040,-5.47272321282891,-4.633392074648342,1.7602124790399647,0.04776218725767501
3041,-6.60082624909619,-4.729138484915767,1.7342322109843575,0.047714425070417336
3042,-7.904342638224552,-4.840446023077696,1.7557197686171968,0.047666710645346916
3043,-2.7360917495952353,-4.849646149765208,1.7434203438086735,0.047619043934701566
3044,-4.437807833931837,-4.896884071033802,1.699059516860381,0.047571424890766864
3045,-1.8938583345231599,-4.882555880747229,1.721159185354141,0.0475238534658761
3046,-4.7290511237374435,-4.928349556187406,1.6856392707398977,0.047476329612410224
3047,-3.1282224121552575,-4.920771020189161,1.692848269392079,0.04742885328279781
3048,-3.4649582143343967,-4.8883175837425545,1.7048498519027397,0.04738142442951501
3049,-2.588060747179249,-4.886652815857941,1.7070531511616585,0.047334043005085494
3050,-2.7220585429442465,-4.889822019633985,1.7028793685176384,0.047286708962080405
3051,-4.951483873915649,-4.940695805276639,1.6655560159570697,0.04723942225311833
3052,-2.4218300495877303,-4.896927628475458,1.7020196377927548,0.04719218283086521
3053,-2.6715128654373985,-4.906896332015435,1.687434063842521,0.047144990648034346
3054,-2.38037433710094,-4.8456255604013805,1.722085405521284,0.04709784565738631
3055,-5.323909694448371,-4.804590861069906,1.685363307606904,0.047050747811728924
3056,-3.246996988356827,-4.731944687619519,1.6726043033384397,0.047003697063917195
3057,-4.243409898350499,-4.713828769729893,1.6728921535094086,0.04695669336685328
3058,-6.675579040528153,-4.8028122707111685,1.6564642271342347,0.04690973667348643
3059,-1.9532182980722992,-4.772152832395148,1.6943044525658661,0.04686282693681294
3060,-6.306206828062301,-4.787694594517042,1.7047089246224967,0.04681596410987613
3061,-3.2425970542033196,-4.807660996227156,1.6804763980149886,0.04676914814576626
3062,-4.833637154784382,-4.847259434909723,1.6571325539250503,0.04672237899762049
3063,-4.865637844208882,-4.88772311964623,1.6321987681323042,0.046675656618622864
3064,-1.8331431806131004,-4.839096118635336,1.6853928609277022,0.04662898096200424
3065,-2.37479249217715,-4.832321417556058,1.6945790660902618,0.046582351981042235
3066,-7.0444200905123715,-4.841390426470538,1.7051471207328728,0.04653576962906119
3067,-4.538891052956605,-4.821967533815615,1.7029497474529813,0.04648923385943213
3068,-4.936770492562159,-4.8099584514241025,1.699978048362751,0.04644274462557269
3069,-2.2733589907965097,-4.711448542599255,1.7014027798048659,0.04639630188094712
3070,-5.481752553900762,-4.710747935082026,1.701078194607888,0.046349905579066174
3071,-2.2916966849564977,-4.612243874813209,1.695695792316622,0.04630355567348711
3072,-2.1469998731099396,-4.534942885575431,1.7180710783825346,0.046257252117813626
3073,-4.977618657291185,-4.539392457170395,1.7189234806696374,0.04621099486569581
3074,-4.525759597884174,-4.51641641120451,1.7112573031841483,0.04616478387083012
3075,-7.891198399996935,-4.543752441596087,1.7535100961460726,0.04611861908695929
3076,-5.896252058611006,-4.523867448543207,1.7322940587339988,0.04607250046787233
3077,-2.007447733025937,-4.447194076916495,1.7569599802532183,0.04602642796740446
3078,-5.6842683175161195,-4.460119747803609,1.7636234518295686,0.045980401539437055
3079,-2.8681805430928873,-4.399224365158235,1.764973241972085,0.04593442113789762
3080,-4.198400540353395,-4.37954424649132,1.7616135664997934,0.04588848671675972
3081,-6.833045843277503,-4.421821248072215,1.7943191331120607,0.04584259823004296
3082,-6.750860628674726,-4.418297860741902,1.789563021686842,0.045796755631812916
3083,-8.33861449901057,-4.481754602949236,1.869414932124606,0.0457509588761811
3084,-5.841602917403864,-4.479074473483022,1.8673662499853647,0.04570520791730492
3085,-5.079930313065827,-4.452808411735999,1.8494072759759268,0.04565950270938761
3086,-6.437909559615587,-4.4430475125988025,1.8375787045781833,0.045613843206678224
3087,-7.738547371605074,-4.563257258720014,1.85257344311033,0.045568229363471546
3088,-3.3471838664649356,-4.530676806395487,1.8593367163909384,0.04552266113410808
3089,-2.2816679167797274,-4.448294183217236,1.8658938345969005,0.04547713847297397
3090,-6.827256002398624,-4.47538483900863,1.8902449545928568,0.045431661334501
3091,-5.777075878174719,-4.4589098315902,1.8751779995426887,0.0453862296731665
3092,-3.329684147580752,-4.367416661777324,1.8154901261792638,0.04534084344349334
3093,-5.902881316334338,-4.430752453112106,1.8127111161230727,0.045295502600049845
3094,-5.035382245485257,-4.442703941343175,1.8146871081797413,0.04525020709744979
3095,-6.234120838740554,-4.529509191427523,1.794381609527095,0.045204956890352345
3096,-7.998478123576151,-4.594897731424297,1.858872849023135,0.04515975193346199
3097,-7.18152987114788,-4.675963880604149,1.8813896818507587,0.04511459218152853
3098,-2.9288856759149025,-4.665242429835759,1.8897690695053655,0.045069477589347
3099,-5.613139506080497,-4.725744005013784,1.8706264185956383,0.045024408111757654
3100,-3.5339687932128823,-4.741982210019158,1.8566343132499823,0.044979383703645896
3101,-3.124542713421185,-4.705443386809268,1.870080286804624,0.04493440431994225
3102,-5.559104319264602,-4.768188872202805,1.8448686201004345,0.04488946991562231
3103,-6.3977792688650155,-4.842714200271358,1.8338965326807606,0.04484458044570669
3104,-5.364464558454653,-4.902396004698431,1.8010543277449933,0.04479973586526098
3105,-6.698400081937377,-4.929885812448212,1.8176908810507622,0.04475493612939572
3106,-2.430498280109299,-4.913555838283262,1.8363087800939302,0.04471018119326632
3107,-5.893500277294782,-4.946557645862147,1.838794367785971,0.044665471012073056
3108,-4.911642598219619,-4.911278917015976,1.8221290349037276,0.04462080554106098
3109,-6.656139808023466,-5.005337347214999,1.7880703480624371,0.04457618473551992
3110,-5.283009604007866,-4.9848734027339106,1.7788967384635483,0.0445316085507844
3111,-5.832797547319379,-5.036677412596232,1.765066265125724,0.04448707694223361
3112,-5.383901357261998,-5.047682696645785,1.7654814035942152,0.04444258986529138
3113,-4.543504714952791,-5.041240034060664,1.7667213081621902,0.044398147275426084
3114,-4.316508786414266,-5.090907346176686,1.7098258209612431,0.044353749128150655
3115,-6.51626322210805,-5.173736760775304,1.676225168514583,0.0443093953790225
3116,-6.849000138677266,-5.1698283617386025,1.6720815067700432,0.04426508598364348
3117,-1.8558298423514306,-5.1161671375264985,1.7333975667100099,0.044220820897659836
3118,-5.302730868982254,-5.1234863450549,1.7333972455472357,0.044176600076762176
3119,-2.9305033330682755,-5.136629231900336,1.714121421166981,0.04413242347668542
3120,-2.807141006729434,-5.08313700095691,1.743989373077896,0.04408829105320873
3121,-2.1156487677777243,-5.079616042613334,1.7497895541425157,0.044044202762155524
3122,-6.1088983032140645,-5.158854011215416,1.70430880875655,0.04400015855939337
3123,-4.204602849945171,-5.143393695068497,1.7093813134392455,0.04395615840083398
3124,-5.271801145398535,-5.158314526018783,1.7071795967164507,0.04391220224243315
3125,-7.082179279950417,-5.142134143617853,1.6848894317211782,0.043868290040190716
3126,-5.327833479878871,-5.13076577204321,1.6816774261221856,0.04382442175015053
3127,-4.439922476256809,-5.179415266907828,1.6248431216299013,0.043780597328400374
3128,-4.274123565086246,-5.151212371859231,1.6280704210421768,0.04373681673107197
3129,-3.4618710343753385,-5.1630861816848785,1.613476093711992,0.0436930799143409
3130,-5.778988563396834,-5.194697942145748,1.6097453676668307,0.043649386834426554
3131,-4.433291797257386,-5.146702861225345,1.595897155326396,0.04360573744759213
3132,-5.226035653652438,-5.1162063617249,1.5794356982412496,0.04356213171014454
3133,-6.0479416295836685,-5.070392904336362,1.517301084202958,0.04351856957843439
3134,-5.323119519846877,-5.060023236385222,1.5137625861635937,0.04347505100885596
3135,-5.51678865793914,-5.068760403282688,1.5151124038683745,0.0434315759578471
3136,-3.8073769563254163,-5.016149751216885,1.512325392038509,0.04338814438188925
3137,-2.955892937735216,-4.920496662539488,1.4881675862317898,0.043344756237507366
3138,-2.206843881714061,-4.89768986284447,1.5204915586120218,0.043301411481269855
3139,-3.8301867199903405,-4.928660238908682,1.4821792261299167,0.04325811006978859
3140,-4.144232448703259,-4.874999767834774,1.4608863863809864,0.043214851959718796
3141,-2.145900600823005,-4.802376262287741,1.5038615891916791,0.04317163710775908
3142,-2.285216300758509,-4.781486905351295,1.5311788786281695,0.04312846547065132
3143,-2.152085983868177,-4.706470998701972,1.5658881977091608,0.04308533700518067
3144,-2.0736137750412613,-4.6472356292930925,1.607784845610343,0.04304225166817549
3145,-1.858829556921311,-4.559729803656708,1.637820171869764,0.04299920941650732
3146,-3.1620297560142836,-4.46300083630547,1.5734261757601733,0.04295621020709081
3147,-2.838715442589041,-4.3761445477342935,1.5404817344720807,0.04291325399688372
3148,-2.9615687124835293,-4.376798208465666,1.5398743059100857,0.042870340742886835
3149,-2.2846401935960596,-4.310228222215978,1.5568407182601207,0.04282747040214395
3150,-2.464331465294921,-4.288835475657619,1.5746080449271456,0.042784642931741806
3151,-2.2220977851204657,-4.270786577091604,1.5929159655536307,0.04274185828881007
3152,-2.1234084371154305,-4.20207265944862,1.6098723788744265,0.04269911643052126
3153,-2.676953033405296,-4.127656134739427,1.5925603612721133,0.04265641731409074
3154,-2.251407143249246,-4.065394986435319,1.6038030919439323,0.04261376089677665
3155,-2.5159094907990562,-3.981745174612552,1.5730705184688576,0.042571147135879873
3156,-5.316442365100381,-4.039464056312374,1.5680307331245151,0.042528575988743995
3157,-2.484812263133041,-3.9712902960291387,1.5600200499411117,0.04248604741275525
3158,-1.598901914982581,-3.9050354823643976,1.5887580493738855,0.0424435613653425
3159,-2.6463604095434734,-3.8248398943947977,1.5485588673622124,0.04240111780397716
3160,-2.477716303205096,-3.7687340283787423,1.5455278576728608,0.04235871668617318
3161,-1.8762933280905314,-3.6896039439941655,1.5390952733557033,0.042316357969487
3162,-2.724820391138933,-3.6364223246717042,1.525512781794104,0.042274041611517515
3163,-5.727619136208016,-3.6601046130968085,1.5484296914837845,0.042231767569906
3164,-4.265311474092358,-3.659080666850371,1.5480121572906338,0.042189535802336094
3165,-2.089808211448747,-3.5705515666371843,1.5081401510600116,0.042147346266533756
3166,-4.014602218758355,-3.513863608238806,1.43535790291296,0.04210519892026722
3167,-2.4686730394699743,-3.526120472181177,1.4237166241444965,0.04206309372134695
3168,-2.2104140785326494,-3.464274136372185,1.4123168316131196,0.042021030627625605
3169,-1.7508522898914556,-3.440681115508649,1.4307691166973828,0.041979009596997977
3170,-1.7992504779437624,-3.420523304932935,1.4465657113791606,0.041937030587400975
3171,-3.767081041701968,-3.45355195041142,1.4352036650105524,0.041895093556813576
3172,-2.199086993222841,-3.3753557242115955,1.3943282510862585,0.04185319846325676
3173,-2.0605720587958114,-3.332475108388609,1.4011183498869897,0.041811345264793506
3174,-2.2381354330908376,-3.271801794142455,1.3813700649248748,0.041769533919528715
3175,-3.7834079575582695,-3.2058263676946117,1.2722758289842004,0.041727764385609184
3176,-4.7536973386679,-3.1943436448703926,1.2555531606691932,0.041686036621223575
3177,-4.272936017452118,-3.1910039156942984,1.2524537848141553,0.04164435058460235
3178,-4.13022694800158,-3.188125983352605,1.2501248078456364,0.041602706234017746
3179,-3.5952830553955772,-3.19079422377301,1.2508484025857218,0.04156110352778373
3180,-2.3941965372583,-3.1230983832502393,1.1994812871058735,0.04151954242425594
3181,-4.996949373143886,-3.1343715347679693,1.2142991761408617,0.04147802288183169
3182,-5.852645700552221,-3.1469037357059646,1.2388077115512526,0.041436544858949854
3183,-4.523560571265232,-3.1164161145395965,1.1846089290470594,0.041395108314090906
3184,-4.856299073093133,-3.1070797056045216,1.1689158233404249,0.04135371320577681
3185,-5.8039613070238865,-3.1128231585862163,1.1813808351017565,0.04131235949257103
3186,-4.735406702764132,-3.1313837535149904,1.199301308870825,0.04127104713307846
3187,-4.797460121934327,-3.168215097198973,1.221420218582185,0.041229776085945385
3188,-3.2226064556901677,-3.188530348678495,1.2136841092463013,0.04118854630985944
3189,-4.689756448177684,-3.2057217432422416,1.2286466990349143,0.04114735776354959
3190,-5.727819218595759,-3.237393478640092,1.2720743212739865,0.04110621040578604
3191,-5.65880172505528,-3.307651501124737,1.3063973794335553,0.04106510419538025
3192,-3.0315628187884305,-3.3225784314853355,1.2988719429459534,0.04102403909118487
3193,-3.6033886134130784,-3.3516044840762333,1.288565810585589,0.04098301505209369
3194,-5.425230376894454,-3.418636816113297,1.3073797445621904,0.040942032037041595
3195,-5.693815475318137,-3.4953365344812344,1.325981800253397,0.04090109000500455
3196,-7.8516817437432485,-3.5891295742358134,1.4583427593575513,0.04086018891499955
3197,-8.376541383337303,-3.699886093050779,1.6005062969353079,0.04081932872608455
3198,-2.9327226907632764,-3.699309172616373,1.6007775036898841,0.04077850939735846
3199,-4.785899098896906,-3.74933435072239,1.5948585783162461,0.04073773088796111
3200,-1.8919885259790639,-3.737887491936073,1.606055066364642,0.04069699315707315
3201,-6.003664516074642,-3.8135188265551565,1.621855517355289,0.04065629616391608
3202,-3.868543429571077,-3.8484215264042696,1.603785588003563,0.040615639867752164
3203,-7.3087305773657345,-3.941057077283479,1.6660056641448644,0.040575024227884414
3204,-5.662052837245895,-4.0092699911634115,1.665250750327804,0.04053444920365653
3205,-6.2920578154700255,-4.0847929576568305,1.6813614234704055,0.040493914754452874
3206,-4.676099222873889,-4.071986094812301,1.674355361721964,0.04045342083969842
3207,-4.901633627746337,-4.120322522104567,1.6626825771212106,0.04041296741885872
3208,-6.585952798485687,-4.22006353977463,1.6580110063845557,0.04037255445143986
3209,-5.447522377856487,-4.27608677914089,1.6512008257886008,0.04033218189698842
3210,-7.124679185797543,-4.3690260367927385,1.6779252987195135,0.040291849715091435
3211,-6.365489522278516,-4.458809960676498,1.6621718193170907,0.04025155786537634
3212,-6.7702108812693265,-4.539717770479106,1.6742121045476521,0.04021130630751096
3213,-4.370100204868964,-4.5125673918523255,1.6657137320775015,0.04017109500120345
3214,-5.754953890294566,-4.542360240176369,1.6743244601549558,0.040130923906202244
3215,-3.7113507801768097,-4.57479109155093,1.641895838088446,0.04009079298229604
3216,-2.3821907199302164,-4.5421428615743675,1.6687209870257436,0.040050702189313746
3217,-6.303441113705828,-4.618838223059084,1.6597606582464155,0.04001065148712443
3218,-4.167760879583765,-4.657985159080107,1.6252175972035,0.03997064083563731
3219,-6.694401926100321,-4.756856151804284,1.5954523495408235,0.039930670194801676
3220,-5.068664260920189,-4.822244427463812,1.5388919496049023,0.03989073952460687
3221,-5.5391293579456935,-4.857685393788687,1.5345825018951338,0.039850848785082264
3222,-6.008073460679824,-4.933865123137826,1.494739124040749,0.03981099793629718
3223,-4.636965716548631,-4.985392996292884,1.4381365205386323,0.03977118693836088
3224,-5.965077434065261,-5.059931836312372,1.3895782678987045,0.03973141575142252
3225,-4.212761456306182,-5.068518906287331,1.3829742273955135,0.0396916843356711
3226,-3.6034807917543583,-5.04551457534906,1.397509569037085,0.03965199265133543
3227,-3.650787165514538,-5.033071598310308,1.407069972057205,0.03961234065868409
3228,-4.105271759053395,-5.032572494531344,1.407394521356099,0.039572728318025406
3229,-2.3528825837874745,-5.007724485099182,1.4430664076501287,0.03953315558970738
3230,-5.470064906502323,-5.069241852484062,1.3951060450806736,0.03949362243411767
3231,-3.2266559517673845,-5.033835984056532,1.4187548179585314,0.03945412881168355
3232,-4.59572083238557,-5.008697486693199,1.415154832559596,0.03941467468287187
3233,-4.501024207960146,-5.008246759427097,1.4153128571401736,0.03937526000818899
3234,-2.3123673154183146,-4.957368124273601,1.464723661861218,0.039335884748180804
3235,-6.0931368156735495,-4.963151634446595,1.468620770209899,0.039296548863432625
3236,-7.78335603539292,-5.024110621099171,1.5202515156454894,0.03925725231456919
3237,-2.6328119699833983,-4.980817658060152,1.556479735163564,0.039217995062254624
3238,-1.9949614475785804,-4.9562647578979195,1.5932692599241043,0.03917877706719237
3239,-6.625707351269824,-4.994983775959762,1.6097602337390862,0.03913959829012518
3240,-2.3954361506363044,-4.928336114600573,1.6466019861429462,0.03910045869183505
3241,-5.425235920210808,-4.923664798503684,1.6448534487154132,0.03906135823314322
3242,-4.836831295240803,-4.9597701680327315,1.6225871542555392,0.03902229687491007
3243,-3.556234323686084,-4.958827082238192,1.6233887466153456,0.03898327457803516
3244,-2.873730436496541,-4.907797083430233,1.6478437066771046,0.038944291303457126
3245,-2.6692162312523537,-4.847305098548917,1.6731999246316878,0.03890534701215367
3246,-5.741122616166276,-4.805093915997379,1.6227349809587814,0.03886644166514151
3247,-4.812781323412183,-4.7338187147988755,1.5404821017482448,0.03882757522347637
3248,-4.642874191932231,-4.768021744822255,1.5189475760910123,0.038788747648252894
3249,-5.156803261500157,-4.77543982807432,1.5199221494247857,0.03874995890060464
3250,-6.59185034302708,-4.86943706441528,1.4835865242101132,0.03871120894170404
3251,-5.486710915369741,-4.859097992401182,1.4774346619418475,0.03867249773276234
3252,-2.8362547243071337,-4.838452218295903,1.498199206789742,0.038633825235029576
3253,-3.8247017791693105,-4.768771642331975,1.4622769150162906,0.038595191409794546
3254,-2.245674467756163,-4.7004440749421805,1.4983145467182333,0.03855659621838475
3255,-5.4696740129392145,-4.683996398891564,1.4852089290162096,0.03851803962216637
3256,-6.121208137784156,-4.712898577189769,1.4987730085838642,0.0384795215825442
3257,-2.344742639843597,-4.661760757431714,1.534651845577852,0.03844104206096166
3258,-2.101552467399652,-4.572072750809993,1.5505339010010706,0.0384026010189007
3259,-2.718505722256591,-4.517492417697995,1.56670429213297,0.0383641984178818
3260,-2.865567449945206,-4.432310182980949,1.538159611673351,0.03832583421946392
3261,-4.065601792654231,-4.386312428388464,1.513857672064499,0.03828750838524446
3262,-4.229662205783985,-4.335501454878757,1.4751320772769552,0.03824922087685922
3263,-2.6274326709579157,-4.300648104200535,1.4943647236535014,0.038210971655982355
3264,-2.4322347992954283,-4.234193722380553,1.502074898800498,0.03817276068432637
3265,-6.016072127347836,-4.280288149323974,1.5205718738582576,0.03813458792364205
3266,-5.430374905959292,-4.341251833044555,1.504267518349833,0.03809645333571841
3267,-2.150561642400684,-4.258194243618451,1.5082774739304157,0.03805835688238269
3268,-4.600089576037849,-4.266840817547534,1.508973313092447,0.038020298525500304
3269,-4.809676704431364,-4.229146313114154,1.4709221397638068,0.0379822782269748
3270,-6.074406382826442,-4.249261155552279,1.4890302955832524,0.037944295948747826
3271,-3.965287634161698,-4.2177843210766,1.478025050424466,0.03790635165279908
3272,-3.4264328034186295,-4.166151507931376,1.459559571484262,0.037868445301146275
3273,-2.990423868280728,-4.1332206709660175,1.4671206807758301,0.03783057685584513
3274,-4.846027187059347,-4.1108396660259,1.4474080492920645,0.037792746278989285
3275,-5.30342275602455,-4.132652892020268,1.456966565104194,0.03775495353271029
3276,-6.354426189935661,-4.187671799983893,1.487564977105405,0.03771719857917758
3277,-2.479194739288874,-4.164239951459379,1.5049629512746032,0.0376794813805984
3278,-4.8064393441660345,-4.178263303161632,1.507612578403929,0.0376418018992178
3279,-7.324215532370783,-4.277689962133299,1.547355821782287,0.03760416009731858
3280,-6.07127028228106,-4.289714069648873,1.5588678286433513,0.03756655593722126
3281,-6.5613286817827605,-4.356407524249181,1.5831057128233865,0.03752898938128404
3282,-2.5259584608992194,-4.315012276819454,1.6032390931316594,0.03749146039190275
3283,-4.582292857701155,-4.316637649814274,1.6034680281552385,0.037453968931510845
3284,-6.7697580365207815,-4.405785464236324,1.6134362043993336,0.037416514962579334
3285,-2.688133300819419,-4.337685393939241,1.612638289734538,0.037379098447616756
3286,-7.743588936578207,-4.336890051962946,1.6109476330398742,0.03734171934916914
3287,-5.084623343753778,-4.385926279438354,1.5955726821787652,0.037304377629819974
3288,-2.047990049608205,-4.386986851478946,1.5939999118736892,0.037267073252190155
3289,-6.175401733673403,-4.377980739127018,1.5825567210331033,0.037229806178937966
3290,-5.051543577054737,-4.431102887655387,1.5595280983837534,0.03719257637275903
3291,-5.597613043222357,-4.434550430115618,1.5619106610916935,0.03715538379638627
3292,-4.597932670615848,-4.429772457623119,1.56103791159986,0.03711822841258988
3293,-6.128029951235996,-4.481208370174117,1.5737261201414623,0.03708111018417729
3294,-5.36465658705746,-4.531026893185335,1.5614294492142646,0.037044029073993116
3295,-4.768609719547358,-4.573014762951235,1.5388635666737909,0.03700698504491912
3296,-3.2193431663449235,-4.522579173954808,1.541076359202517,0.0369699780598742
3297,-4.378901486469794,-4.513901577215961,1.540639336124568,0.03693300808181433
3298,-1.9439686976875032,-4.459923467331066,1.5819021300530252,0.036896075073732514
3299,-4.425930893182049,-4.445306019964704,1.5787688115269796,0.03685917899865878
3300,-5.173978908099075,-4.416948591266143,1.552473204093563,0.036822319819660124
3301,-1.4485663691486512,-4.336185700341722,1.599058609497568,0.03678549749984046
3302,-5.429596979487296,-4.388052545445325,1.591607166620328,0.036748712002340624
3303,-3.4941736912973322,-4.3814419836878855,1.5946168128146094,0.03671196329033828
3304,-4.654973842143174,-4.429627971175625,1.5654862587165916,0.03667525132704794
3305,-4.768955081660768,-4.415613592550057,1.5592369177904466,0.036638576075720894
3306,-4.36149885853596,-4.380419406965093,1.5400839743779444,0.036601937499645174
3307,-4.134571188519242,-4.416215977938606,1.5129132435697028,0.03656533556214553
3308,-4.093604191554622,-4.456057012421706,1.477243175138671,0.036528770226583386
3309,-3.9721941773755733,-4.481130781524085,1.4580533185519902,0.0364922414563568
3310,-3.111961242885446,-4.486058657382889,1.4529923615504197,0.03645574921490045
3311,-1.2707919245231025,-4.430162460020267,1.5202912686755168,0.036419293465685544
3312,-4.705998233529189,-4.439689180575172,1.5204974461163854,0.03638287417221986
3313,-3.3442743777288646,-4.454026014710591,1.5066586001833053,0.03634649129804764
3314,-4.137671388807761,-4.488134746500837,1.4795626186593058,0.036310144806749586
3315,-5.170547143639839,-4.471224246826677,1.4667792807148392,0.03627383466194284
3316,-3.364430657928449,-4.42990536186606,1.4682760807525899,0.0362375608272809
3317,-3.4024485509686846,-4.45494310003742,1.4395877726326074,0.03620132326645362
3318,-4.1780505513218404,-4.4465023195431,1.4399492171666108,0.03616512194318716
3319,-3.8217685005279693,-4.426744155465032,1.4416071924025091,0.03612895682124397
3320,-2.057847940473755,-4.3464129866179775,1.4593545730002837,0.03609282786442273
3321,-7.633227039087938,-4.419771774716503,1.5288858883416174,0.036056735036558304
3322,-3.240166916127232,-4.416046456970675,1.5315263914761623,0.036020678301521745
3323,-2.9543748541084556,-4.415325476687229,1.532205681414882,0.03598465762322022
3324,-5.577503811397216,-4.429955009173987,1.5397218311455798,0.035948672965597
3325,-5.011194816255795,-4.4241104503786115,1.5369473102906783,0.035912724292631405
3326,-2.8117751516963057,-4.353257429613825,1.5279584448793628,0.03587681156833877
3327,-2.7933097320729674,-4.359539729469507,1.520869507558944,0.035840934756770436
3328,-2.7235697252838404,-4.317882337091863,1.5365032679634842,0.03580509382201367
3329,-4.836592792248766,-4.268129882289423,1.4774936246253858,0.035769288728191656
3330,-3.4310698958716492,-4.215325874561234,1.45917313227461,0.035733519439463464
3331,-2.257908636002267,-4.129257473645625,1.445106751005702,0.035697785920024
3332,-4.6531639454134,-4.171801583335908,1.4284963163657964,0.03566208813410397
3333,-4.328434709477305,-4.16672442037143,1.4274790945174565,0.03562642604596987
3334,-5.82336183718338,-4.147796496384683,1.3988250674968208,0.035590799619923896
3335,-5.539013388175599,-4.204814098131807,1.3962657048208351,0.035555208820303975
3336,-2.2370238222401513,-4.094682795845046,1.3283126284760278,0.035519653611483674
3337,-2.1102036219769382,-4.035194401409509,1.349088238759357,0.03548413395787219
3338,-5.41218995388641,-4.102478399495073,1.3320865782203903,0.03544864982391432
3339,-2.4370784808908272,-4.027711934439422,1.3184822874684783,0.0354132011740904
3340,-4.8011710960752,-4.022704484819831,1.3150553694283662,0.03537778797291631
3341,-5.713388941654645,-4.025020002788477,1.3179251884473486,0.03534241018494339
3342,-1.8908842533482348,-3.970879034443124,1.348525745891506,0.03530706777475845
3343,-5.426184190740418,-3.9568421192332126,1.3295175488673086,0.03527176070698369
3344,-5.4659994406994725,-3.9588689763060527,1.3317376203663174,0.035236488946276706
3345,-5.037816255589824,-3.9642531070269023,1.3355392333583838,0.03520125245733043
3346,-2.110237219207379,-3.942070988084151,1.3567692063464285,0.0351660512048731
3347,-4.2032256806527775,-3.938557471967811,1.3558605947061935,0.03513088515366823
3348,-5.214190207754054,-4.0039619021691415,1.336808626075386,0.035095754268514565
3349,-3.700409111871881,-3.9894514665429384,1.3360870029118297,0.03506065851424605
3350,-2.536682554668777,-3.9367055394743327,1.34033391047073,0.0350255978557318
3351,-2.374188861149777,-3.955217989314355,1.311931674113156,0.03499057225787607
3352,-4.10108323418041,-3.9286477144082173,1.295148023699488,0.034955581685618194
3353,-3.5013196728173748,-3.9287906340386183,1.2951004649964815,0.034920626103932574
3354,-2.4010264592062436,-3.8837116863798795,1.3082001105929657,0.03488570547782864
3355,-2.038189024310736,-3.8290963652328793,1.3269704806806761,0.03485081977235081
3356,-5.662172679115466,-3.8551098416444693,1.349706739553348,0.03481596895257846
3357,-2.403015380501703,-3.820478725484118,1.3642281928559117,0.034781152983625885
3358,-3.996012128387288,-3.8185268842207716,1.3639058037874021,0.03474637183064226
3359,-3.6158702360077424,-3.811400405393415,1.3640151672566077,0.03471162545881162
3360,-1.7673111777024104,-3.784507404089754,1.3905379734337369,0.03467691383335281
3361,-3.2009597591625494,-3.8231107607825434,1.346306385354758,0.034642236919519453
3362,-6.269788500550615,-3.854386566122972,1.3840872590635949,0.03460759468259993
3363,-6.326865728856545,-3.9140383931455256,1.4244992016646116,0.03457298708791733
3364,-5.614981689384727,-3.943584599157065,1.4440183256658774,0.03453841410082942
3365,-6.062922115579383,-3.961432098595856,1.4644430613996897,0.03450387568672859
3366,-3.145308829803332,-3.9570496620333535,1.4665494208261733,0.03446937181104186
3367,-5.138541627486234,-3.9917715235637043,1.4735428102020525,0.034434902439230815
3368,-1.9493478718010306,-3.947197469973288,1.5006923259571305,0.03440046753679158
3369,-5.184133766183123,-3.974444775286391,1.5105034329752118,0.03436606706925479
3370,-5.88912725170959,-4.051070361511108,1.5085100104844462,0.034331701002185536
3371,-4.704413131354312,-3.992494083356435,1.4226986601572706,0.03429736930118335
3372,-3.3846934216396334,-3.9953846134666833,1.4213133475787878,0.03426307193188217
3373,-4.252901575296873,-4.021355147890452,1.413898665632862,0.034228808859950284
3374,-2.7974541663740697,-3.9657541549899884,1.4062519920907943,0.034194580051090336
3375,-4.820978933877294,-3.9619498373424187,1.4036735579722455,0.034160385471039244
3376,-5.8649509358912795,-4.023013353026318,1.418640522427837,0.0341262250855682
3377,-1.9919588757176032,-4.006986335899211,1.4368522166473952,0.03409209886048263
3378,-6.937530851090381,-4.0912655584153415,1.4819783953617145,0.03405800676162215
3379,-5.947944076106629,-4.113492584092499,1.501199777611121,0.03402394875486053
3380,-5.210926236331003,-4.149089710901686,1.5056914739666787,0.033989924806105666
3381,-1.745656214683593,-4.138844662475313,1.520197483227886,0.03395593488129956
3382,-2.0176685185883425,-4.086134753938811,1.546906374583264,0.03392197894641826
3383,-6.61058577545673,-4.1317777752584,1.5865430722684257,0.033888056967471845
3384,-2.1872775893952183,-4.0590560903026365,1.5906674584542793,0.03385416891050437
3385,-5.448714752823738,-4.057250117595599,1.5890365803668045,0.03382031474159387
3386,-4.625581563388357,-4.105021272418563,1.5693790835327766,0.033786494426852276
3387,-5.735990638329575,-4.177537012745617,1.5592650344042003,0.03375270793242542
3388,-6.099082459747372,-4.191274862862835,1.5730473926065291,0.033718955224492995
3389,-3.0860512544537957,-4.204254318334096,1.561152112602449,0.033685236269268504
3390,-7.4894721116195555,-4.258020338644982,1.6257404651230252,0.03365155103299924
3391,-7.808681593057017,-4.29992619167303,1.6885075987035276,0.03361789948196624
3392,-5.094604528153747,-4.36400059716914,1.6563553342798019,0.03358428158248427
3393,-5.756413726639524,-4.370605187887122,1.6612287559249608,0.03355069730090179
3394,-5.330910864965169,-4.367903416372436,1.6595540510719602,0.03351714660360088
3395,-6.0974514120684615,-4.389096119502009,1.674670588178097,0.03348362945699728
3396,-5.490467072906952,-4.456700716576,1.6493476283531856,0.03345014582754029
3397,-5.886516739900841,-4.490366537760961,1.660968602042984,0.033416695681712745
3398,-3.7070946428959326,-4.460224626463798,1.6612344943676198,0.03338327898603103
3399,-6.53316997518267,-4.516879843730014,1.6825236663074228,0.033349895707044996
3400,-4.596006056434914,-4.558066313765337,1.6585810668909833,0.03331654581133795
3401,-6.209194681299605,-4.634766430168334,1.6444288767695834,0.03328322926552661
3402,-5.354453564954685,-4.65983383678382,1.6456550647827721,0.03324994603626109
3403,-6.558385253735757,-4.720975148402187,1.6582186769400358,0.033216696090224825
3404,-2.7663174635597962,-4.728280968489258,1.648759018302507,0.0331834793941346
3405,-4.814881125575047,-4.783814810514544,1.6033528592313109,0.03315029591474047
3406,-5.548107410140652,-4.781533505135048,1.6021821992211704,0.03311714561882573
3407,-4.182268336317345,-4.817118564251361,1.5683612174929125,0.0330840284732069
3408,-4.306735940118414,-4.823333040485983,1.565708715470719,0.03305094444473369
3409,-5.535689305884695,-4.861729421883522,1.559153360028971,0.03301789350028896
3410,-7.179735652057161,-4.969977911370617,1.528134822873116,0.03298487560678867
3411,-5.599602756096155,-5.017950771309289,1.5093822199932776,0.03295189073118188
3412,-3.0044060286295027,-4.952643121870867,1.5243736062937752,0.032918938840450704
3413,-2.5434143895251955,-4.87697409508424,1.5480009677563005,0.032886019901610254
3414,-2.67001442108269,-4.8180747497182,1.574597783295268,0.03285313388170864
3415,-2.203537312649554,-4.740887053659603,1.6059649621477974,0.03282028074782693
3416,-2.6743775912408405,-4.731468428888354,1.6166405224879876,0.03278746046707911
3417,-2.4687973543204285,-4.678073543425038,1.646133348550471,0.03275467300661203
3418,-2.512383870773928,-4.689334263404495,1.6292677977362977,0.03272191833360542
3419,-2.354272614591395,-4.63273704037266,1.6599590471459609,0.032689196415271814
3420,-2.0391578025480332,-4.55573765138943,1.688933944916902,0.032656507218856545
3421,-2.713207252251763,-4.515913533807378,1.7083232092960199,0.03262385071163769
3422,-1.8272847547206477,-4.484765360468999,1.7425209594459252,0.032591226860926054
3423,-2.729419850741657,-4.454295725977895,1.7595455198304015,0.03255863563406513
3424,-3.176484565640271,-4.461876333963218,1.7531960868353744,0.03252607699843106
3425,-2.490200119199758,-4.415260757669667,1.7738924869657877,0.03249355092143263
3426,-2.5172703885337957,-4.348307146722518,1.781074699686909,0.03246105737051119
3427,-2.1612818127418447,-4.351693605463003,1.77674693485204,0.032428596313140684
3428,-2.3905349754604543,-4.260753687950404,1.7583376752296798,0.032396167716827545
3429,-2.486096709715391,-4.191516740622579,1.758696547147082,0.032363771549110715
3430,-2.0234803636746834,-4.127767823169453,1.7782500782249948,0.032331407777561605
3431,-2.057293928985385,-4.134000577455489,1.7704187702646803,0.03229907636978405
3432,-2.5943518303030113,-4.145534243689783,1.7584318963989152,0.03226677729341426
3433,-2.604762523336643,-4.065417778647381,1.7354002578948937,0.03223451051612085
3434,-1.8305492318755254,-4.0582832114969865,1.7438198559686604,0.03220227600560473
3435,-2.834214473826021,-4.005993205917032,1.740538518233811,0.032170073729599125
3436,-1.7362541400948641,-3.9482066574511623,1.7667743382096248,0.03213790365586953
3437,-2.413349831012296,-3.8817538413048167,1.7607577526990723,0.03210576575221366
3438,-1.8191399900943264,-3.796154991911756,1.7549066341584363,0.032073659986461445
3439,-2.430539745927909,-3.7830447617412384,1.7625942726902306,0.03204158632647498
3440,-3.3083802347672164,-3.6994229242041916,1.6821117717536371,0.032009544740148506
3441,-2.576100290782855,-3.594771298158708,1.5830555860305373,0.03197753519540836
3442,-2.279794621420445,-3.5384751000240424,1.578761858352752,0.031945557660212946
3443,-2.4089872857545602,-3.471526571206343,1.5540710148836785,0.03191361210255273
3444,-4.490310694922318,-3.4547145678054862,1.538332310854976,0.03188169849045018
3445,-3.0409458259785738,-3.3935844560836883,1.4921368365317742,0.03184981679195973
3446,-1.8246345648377944,-3.320267805922305,1.4772916938757432,0.03181796697516777
3447,-2.044717531380174,-3.2434318217518916,1.4412893111952219,0.0317861490081926
3448,-2.846694178785006,-3.226223812469673,1.4407869772783393,0.031754362859184405
3449,-1.7805615347771526,-3.131171643661563,1.3747411134686218,0.03172260849632522
3450,-3.356570360752234,-3.1063829297479093,1.3591909149269188,0.031690885887828896
3451,-2.119478319898009,-3.024588602519877,1.2913715306296258,0.031659195001941066
3452,-6.480021763109709,-3.047099966482978,1.34065977052184,0.031627535806939125
3453,-2.332927779663668,-2.9625908170015363,1.246533262624213,0.031595908271132185
3454,-3.528899384579737,-2.9778424554219347,1.248701808136307,0.03156431236286105
3455,-3.544693450910879,-2.952438701928651,1.2237414083295182,0.03153274805049819
3456,-1.570299472073041,-2.8728825431672993,1.1809615185185964,0.03150121530244769
3457,-3.5936848286465106,-2.8611108730138826,1.1707402921197023,0.031469714087145245
3458,-4.554561580751086,-2.866067385826536,1.177355992837832,0.0314382443730581
3459,-2.1985047157808175,-2.7993236940244586,1.1171784046979505,0.031406806128685044
3460,-6.828926134883097,-2.792307503680977,1.0904274846052264,0.03137539932255636
3461,-2.384689857029097,-2.728009245699636,1.015186063456168,0.03134402392323381
3462,-6.465192669688944,-2.797224978520825,1.1417595285453876,0.03131267989931057
3463,-4.9527875742478695,-2.8454124422152782,1.1802259932517611,0.031281367219411264
3464,-3.055433788999409,-2.8531208295736126,1.1803138844888657,0.031250085852191856
3465,-2.914425200782242,-2.8673385873362665,1.176679527692564,0.031218835766339662
3466,-1.954175858935104,-2.8529345526901517,1.1833426718948519,0.03118761693057332
3467,-1.865182388264521,-2.8408622533690338,1.1902587944390381,0.031156429313642747
3468,-7.182681272942682,-2.9342682014124084,1.3352382609959819,0.031125272884329105
3469,-3.6008635609559625,-2.9592000203396998,1.3358138747165391,0.031094147611444776
3470,-5.390787849978443,-3.026232621288308,1.3715787152438037,0.03106305346383333
3471,-5.806954214535219,-3.0881075605339774,1.4248116429735445,0.031031990410369498
3472,-4.454520806245544,-3.140652281564475,1.425789427107923,0.03100095841995913
3473,-3.815338491009348,-3.1623706543698287,1.427629360204013,0.03096995746153917
3474,-5.152045210329062,-3.2018818672636047,1.4545571720956818,0.03093898750407763
3475,-4.323498874868804,-3.2385478423769856,1.4592542099265682,0.030908048516573555
3476,-5.300737692952302,-3.294217188465356,1.4835671502774561,0.030877140468056983
3477,-6.767980063816885,-3.3863511534868564,1.551822329019622,0.030846263327588927
3478,-3.910227872616264,-3.4167450114299727,1.546895178534005,0.030815417064261337
3479,-3.0628917977796672,-3.428280913191258,1.542055035674419,0.030784601647197075
3480,-5.810926029355162,-3.504029826504868,1.5640545062413245,0.03075381704554988
3481,-1.7705192760329078,-3.498294333445818,1.569864288415303,0.03072306322850433
3482,-5.610293652731574,-3.5586131698943895,1.5917613211548658,0.030692340165275823
3483,-6.296146557503736,-3.6324408505777317,1.6309318615246768,0.030661647825110546
3484,-6.1484694016445784,-3.7187992539731125,1.6474685697712217,0.030630986177285435
3485,-4.820128827804438,-3.758517541052681,1.6496011269376762,0.03060035519110815
3486,-5.735319762019281,-3.8384988534911697,1.6465572637518466,0.03056975483591704
3487,-4.903192235939379,-3.888295701589711,1.640341897892189,0.030539185081081124
3488,-4.057049156134434,-3.933053884910513,1.6135859736644054,0.030508645896000042
3489,-5.093616718788269,-3.9863154243677204,1.6070501080837118,0.030478137250104044
3490,-5.39396523471855,-4.028027124366747,1.6159541519859721,0.03044765911285394
3491,-4.939579126845512,-4.075296701088,1.6073363428044978,0.030417211453741086
3492,-5.017217132950169,-4.130045151318595,1.591791586149036,0.030386794242287345
3493,-6.895032247611104,-4.219766050555726,1.6184600345068239,0.030356407448045058
3494,-6.646649762627494,-4.262892831909829,1.6534462092769575,0.03032605104059701
3495,-2.8039805921863477,-4.2581535272339845,1.6572770784397348,0.030295724989556416
3496,-5.078909138982922,-4.323239018716888,1.62399621249487,0.030265429264566858
3497,-7.859513918413318,-4.439534946457551,1.6643649105133103,0.03023516383530229
3498,-5.787746981921249,-4.498356002520275,1.6589940682051383,0.03020492867146699
3499,-5.762393496508771,-4.577992641754907,1.621772796780585,0.03017472374279552
3500,-2.6855499754398946,-4.5645722340486605,1.634550774423882,0.030144549019052724
3501,-3.19468983994061,-4.586076464449512,1.6091164260978734,0.030114404470033673
3502,-5.163128326673149,-4.559738595720781,1.5885468801884302,0.030084290065563637
3503,-1.9498417299252055,-4.552076874726012,1.6001499909006671,0.030054205775498073
3504,-1.547501488330935,-4.512448916801036,1.6487938742771588,0.030024151569722574
3505,-4.116868876166441,-4.523892425306148,1.6440161022638253,0.02999412741815285
3506,-2.096373640000155,-4.534413908664689,1.6266717447854013,0.029964133290734697
3507,-2.2637579081930475,-4.507815370255621,1.6525046542891804,0.029934169157443964
3508,-2.145016375733303,-4.459624466155264,1.6852483338712407,0.02990423498828652
3509,-2.2918016359957196,-4.461490404559562,1.6827936091625186,0.029874330753298234
3510,-6.29184217609073,-4.450748725383715,1.6693075393028673,0.029844456422544935
3511,-2.658736280051495,-4.456229653844163,1.6629527375517865,0.029814611966122388
3512,-3.345454496465652,-4.393834890379697,1.6448332687076632,0.029784797354156265
3513,-3.332805456742948,-4.361435248029599,1.6494525916642537,0.02975501255680211
3514,-2.5328374992806393,-4.350983322235223,1.6593213093641412,0.029725257544245307
3515,-2.540719738899367,-4.343509212997565,1.666600865683749,0.029695532286701062
3516,-5.5090396473078584,-4.414606488765021,1.6387478662703518,0.029665836754414362
3517,-3.678900639515,-4.45088085379003,1.601565714135958,0.029636170917659948
3518,-7.624930486810118,-4.45972583806738,1.6177674906502484,0.029606534746742286
3519,-4.4570259182384735,-4.47684908521303,1.613110568368589,0.029576928211995545
3520,-1.9138891555867137,-4.407311111325195,1.6468028924776001,0.029547351283783548
3521,-5.581954186163908,-4.402811110757769,1.6432757612176805,0.029517803932499764
3522,-4.226994058202378,-4.398260575796906,1.6434412903734508,0.029488286128567263
3523,-6.902213010941731,-4.459998066195554,1.6780009982101691,0.029458797842438697
3524,-4.928469500869152,-4.455526552006355,1.6764480547464673,0.02942933904459626
3525,-4.441293528397729,-4.457882445076933,1.6763436269034069,0.029399909705551664
3526,-6.0005325408534125,-4.471878342034955,1.6862145051299293,0.02937050979584611
3527,-3.124946143157528,-4.399017663621768,1.6639872425844493,0.029341139286050266
3528,-2.4394872128687237,-4.369602850426817,1.6852314959082775,0.029311798146764215
3529,-4.643711020068698,-4.401219234872599,1.6752189198152312,0.02928248634861745
3530,-3.640729649694567,-4.357815307279386,1.6662220595201207,0.029253203862268835
3531,-4.590214337517683,-4.4142092085090825,1.6249042589194624,0.029223950658406567
3532,-2.1810024269497483,-4.345623383993446,1.645217835412669,0.02919472670774816
3533,-8.527723555955669,-4.390254923962484,1.7258210149254922,0.02916553198104041
3534,-6.665407379219207,-4.400593683513977,1.7378294785484532,0.02913636644905937
3535,-2.6880779844330647,-4.357952666646549,1.7531021207672346,0.02910723008261031
3536,-4.0672402708328566,-4.324591076822821,1.7424125578623142,0.0290781228525277
3537,-3.211130794610514,-4.290749847996244,1.7472711818725981,0.02904904472967517
3538,-5.89347618012077,-4.327478388475971,1.7612183030399349,0.029019995684945496
3539,-3.8674592527861833,-4.302955239155928,1.7589148698532389,0.02899097568926055
3540,-6.06008231531567,-4.316277580767871,1.769618006698602,0.02896198471357129
3541,-1.9842032844956514,-4.257170063920873,1.7969572908680749,0.028933022728857716
3542,-5.7058166218149555,-4.270942053698169,1.805348704143516,0.028904089706128858
3543,-2.751975994725725,-4.188080928640462,1.7778768653529546,0.02887518561642273
3544,-5.632452561654536,-4.167796984621003,1.7553540053300736,0.028846310430806307
3545,-6.298056212478119,-4.237678497026838,1.7691648998225529,0.028817464120375502
3546,-5.014014168588169,-4.236380597618943,1.768570982420758,0.028788646656255128
3547,-5.673278549234267,-4.192655890235361,1.7043130824725434,0.028759858009598873
3548,-3.4211370906432004,-4.1453236924098,1.6921764859148212,0.028731098151589272
3549,-5.412469056049877,-4.138325203600623,1.686187158373215,0.028702367053437684
3550,-4.710883875892581,-4.178831881609677,1.675091547794506,0.028673664686384246
3551,-5.756734815658026,-4.230072781124025,1.683368915577186,0.02864499102169786
3552,-4.744882013300958,-4.221707854856581,1.6797469011220543,0.028616346030676164
3553,-5.756313076806331,-4.297837281794204,1.6612124223397162,0.02858772968464549
3554,-6.574753163116393,-4.398382315289913,1.6437510113917417,0.028559141954960843
3555,-4.834242834025718,-4.412729794447099,1.644361891069274,0.02853058281300588
3556,-7.016517581351746,-4.511132673274131,1.6500081825067603,0.028502052230192875
3557,-4.641636039976785,-4.558690235909806,1.618515380357989,0.028473550177962683
3558,-5.789622513042184,-4.631582358655983,1.589989380545877,0.02844507662778472
3559,-5.835117432014423,-4.702448674576357,1.5628572079271867,0.028416631551156934
3560,-6.780069073289138,-4.712213212520325,1.574240770193216,0.028388214919605775
3561,-2.643119360342757,-4.71190087412615,1.5746496569465873,0.028359826704686168
3562,-6.124083052783684,-4.76747344525251,1.5744760676219691,0.028331466877981482
3563,-2.3303319060791075,-4.747423974239234,1.5988122588723905,0.028303135411103502
3564,-5.3064167295627875,-4.8028955588448765,1.5688483468234489,0.0282748322756924
3565,-5.418857933137897,-4.860458322729647,1.537273907821435,0.028246557443416708
3566,-7.7365942836009705,-4.90500941545551,1.5869014696640837,0.02821831088597329
3567,-5.193427324260971,-4.93529994915043,1.5776360800844196,0.028190092575087318
3568,-6.1434828481962835,-4.905670996378152,1.5403147717627257,0.02816190248251223
3569,-5.629146188240831,-4.929113401778199,1.5422265490781675,0.02813374058002972
3570,-7.483452060790609,-5.040504659882277,1.5214191042910004,0.02810560683944969
3571,-5.06038706187241,-5.030073317396448,1.5194577428818279,0.028077501232610238
3572,-5.334972611850784,-5.052232888469415,1.5156587120712968,0.02804942373137763
3573,-5.976488894604136,-5.033718406142663,1.4985042541309195,0.02802137430764625
3574,-4.694594456243042,-5.029040905250142,1.4991903398369897,0.027993352933338603
3575,-5.261062397057051,-5.045436282623328,1.4971541692606702,0.027965359580405264
3576,-4.913992647547664,-5.023705484757213,1.4910062878113712,0.02793739422082486
3577,-4.773399808354219,-5.056674558061147,1.4666833701876747,0.027909456826604034
3578,-6.239153531905417,-5.132667884441881,1.4270097621269573,0.02788154736977743
3579,-5.43997293698297,-5.1485931227801665,1.4259068691858865,0.027853665822407652
3580,-5.090336143053264,-5.17758525264734,1.4095973497569028,0.027825812156585243
3581,-5.314359971745385,-5.192068165331894,1.4072060930506014,0.02779798634442866
3582,-4.9458151091875955,-5.247364418976651,1.3405423478531457,0.02777018835808423
3583,-4.9771649148762975,-5.176353246155063,1.256286684563366,0.027742418169726144
3584,-4.586157956111013,-5.1347682576929,1.2406239913566524,0.02771467575155642
3585,-4.950830150608597,-5.18002330101641,1.1908193262048477,0.027686961075804862
3586,-4.946352056717582,-5.197605536734105,1.1807065072290779,0.027659274114729057
3587,-4.106862333077469,-5.215520167503445,1.1569873374078254,0.027631614840614327
3588,-5.837950333657372,-5.214409650574177,1.1563625576816674,0.027603983225773714
3589,-5.413318757622772,-5.245326840670908,1.1404929992507291,0.02757637924254794
3590,-8.004953434803344,-5.284224263060661,1.1992687442700005,0.027548802863305393
3591,-4.551777625124773,-5.335575749873244,1.1083931333936392,0.027521254060442087
3592,-2.6862259223342297,-5.275183935883629,1.1672736144819305,0.027493732806381645
3593,-5.06889372900686,-5.321522290569252,1.1108105124877774,0.027466239073575264
3594,-4.703632642206241,-5.302945892180286,1.1132192559230158,0.02743877283450169
3595,-5.340299421875915,-5.2837907563682425,1.1041345965334863,0.027411334061667188
3596,-4.012761942181717,-5.263765711840113,1.1178402844938868,0.02738392272760552
3597,-2.0845729506842647,-5.191991599869112,1.2013353800916922,0.027356538804877914
3598,-4.559118618222911,-5.214751230420707,1.178125946169698,0.027329182266073036
3599,-2.6187908317289263,-5.158877665934288,1.2324192674937848,0.027301853083806962
3600,-4.102815657987678,-5.14671630157619,1.2397583323701087,0.027274551230723157
3601,-2.36208493866733,-5.078823304036376,1.296160579697451,0.027247276679492435
3602,-2.0820383567149565,-5.025566430904656,1.3618296584090641,0.027220029402812942
3603,-5.7058178459004445,-5.024556526286538,1.3613059998241963,0.02719280937341013
3604,-4.395714573909047,-4.980975754502391,1.3457716720352975,0.02716561656403672
3605,-4.1038190733467275,-4.966367279288811,1.351238488044025,0.027138450947472685
3606,-2.9639079857652595,-4.885315087377082,1.3473717129957898,0.027111312496525212
3607,-6.97480992395152,-4.931978565056577,1.3781746031293172,0.027084201184028687
3608,-2.565624604033672,-4.867498606876406,1.4115555710812036,0.02705711698284466
3609,-3.6091204571714086,-4.822978667379546,1.4154333939735382,0.027030059865861815
3610,-2.0853375998442436,-4.729084037910648,1.4380281660966854,0.027003029805995952
3611,-2.9816219860658686,-4.735854090425111,1.428959996853614,0.026976026776189956
3612,-5.236944262464704,-4.7181113146187315,1.4170709582396483,0.026949050749413766
3613,-1.9323976022275327,-4.7101526285416995,1.431503044940294,0.026922101698664352
3614,-5.175454068482646,-4.7075333753200965,1.4305291322523939,0.026895179596965687
3615,-5.055056533113378,-4.7002573473196065,1.4278152723697424,0.026868284417368722
3616,-2.8354665491098867,-4.602234792629785,1.3835498131233241,0.026841416132951355
3617,-5.782796316232048,-4.614022172469205,1.3910267722445813,0.026814574716818404
3618,-5.234964961738344,-4.595851814740047,1.376790368567477,0.026787760142101585
3619,-3.7208690317923727,-4.557686271611077,1.3740644316991724,0.026760972381959482
3620,-2.4961890466929115,-4.457941011329124,1.3386176648379828,0.026734211409577522
3621,-2.2514089889944384,-4.4017614498715645,1.3707143961913417,0.026707477198167944
3622,-2.3901628673781516,-4.342865254982112,1.3924446523430207,0.026680769720969777
3623,-2.8525016344968037,-4.280385509779966,1.3878211490623835,0.02665408895124881
3624,-4.922333484686051,-4.284940290348826,1.389545738283531,0.026627434862297558
3625,-4.8520605158768895,-4.276760252725222,1.3849717200818108,0.02660080742743526
3626,-3.5256029189671074,-4.248992458153611,1.3858351486782068,0.026574206620007826
3627,-4.331198879073563,-4.240148439567998,1.3838699141108335,0.02654763241338782
3628,-2.854039228121267,-4.172446153492315,1.367120290017884,0.02652108478097443
3629,-6.250393255090151,-4.1886545598544584,1.3867155350486402,0.026494563696193456
3630,-2.429791495184138,-4.135443666897076,1.402055622317298,0.026468069132497263
3631,-6.9253905470538255,-4.167664278403245,1.446582524113608,0.026441601063364767
3632,-4.8136161120848655,-4.16502029846119,1.445278073438011,0.026415159462301403
3633,-6.707302201819688,-4.199623044200059,1.484487698673001,0.0263887443028391
3634,-5.396072444874739,-4.215821333975333,1.493011380239546,0.02636235555853626
3635,-2.5431918247832863,-4.1676685674588265,1.5072867420936962,0.026335993202977723
3636,-2.040415216869559,-4.109549830661866,1.5319636784687607,0.026309657209774746
3637,-1.4998027165085035,-4.057408638330486,1.5749315743084107,0.02628334755256497
3638,-2.692384950568506,-3.9944973306687093,1.565346878461426,0.026257064205012406
3639,-3.223725602412223,-3.950705467564499,1.555639360181113,0.026230807140807395
3640,-6.815909407432834,-3.9269245870170884,1.5016316557027645,0.026204576333666588
3641,-2.438516338260222,-3.8846593612797973,1.513145609654505,0.02617837175733292
3642,-2.276998819950509,-3.876474819232123,1.5206936718022663,0.02615219338557559
3643,-6.679972008810948,-3.908696384828205,1.562122174121396,0.026126041192190013
3644,-2.1738166999268347,-3.8581000659826166,1.576459126256313,0.026099915150997823
3645,-6.824408951962342,-3.887782256584345,1.6175239762818157,0.026073815235846825
3646,-5.931733271737025,-3.926161683175451,1.642605597844993,0.02604774142061098
3647,-2.4369936677546815,-3.9332100975168593,1.6354286643865739,0.02602169367919037
3648,-3.328794156199479,-3.908603608276391,1.6350818267172547,0.025995671985511178
3649,-5.027407853057048,-3.956775948702953,1.631849908683622,0.025969676313525668
3650,-4.283760442574153,-3.9603948443946826,1.6323703174572863,0.02594370663721214
3651,-5.645890700097263,-4.026070959623281,1.6328029690385089,0.02591776293057493
3652,-6.008297322150058,-4.104596138931983,1.6318328663616315,0.025891845167644353
3653,-4.458755718753892,-4.079654896389052,1.6166282192330699,0.02586595332247671
3654,-6.12603840220939,-4.11426137295506,1.6413546312918368,0.025840087369154233
3655,-5.376231734374516,-4.139709626175615,1.650832097792136,0.02581424728178508
3656,-3.01343700232555,-4.140700206506821,1.6501409771180888,0.025788433034503296
3657,-5.520684203630371,-4.111617692100397,1.6123160392913338,0.025762644601468793
3658,-4.884880239228284,-4.15800280480429,1.6004899995452497,0.025736881956867325
3659,-3.2714851873582202,-4.151250099408026,1.6035010048965264,0.025711145074910458
3660,-5.112236004511158,-4.211788067501365,1.5813477214712648,0.025685433929835546
3661,-8.042709421888112,-4.31300981621781,1.6594179011029095,0.025659748495905712
3662,-6.92485162036407,-4.346767963375797,1.6946649854705014,0.025634088747409807
3663,-6.5960227386307935,-4.440040466103862,1.6875393059952417,0.025608454658662398
3664,-4.926329678109667,-4.435057978296403,1.6857274289508193,0.025582846204003737
3665,-4.91922973826298,-4.4323414423993945,1.6848353233634852,0.025557263357799734
3666,-6.558789316086252,-4.506807897738922,1.6948628960999428,0.025531706094441935
3667,-3.834755002177635,-4.467847071457833,1.6874573960837813,0.025506174388347493
3668,-5.684506661497133,-4.476837905453009,1.6927100881458848,0.025480668213959144
3669,-4.668174807444015,-4.495784020966042,1.6894410036045096,0.025455187545745186
3670,-6.836779584492293,-4.5825958317220294,1.6959694034739257,0.02542973235819944
3671,-3.6506652404564077,-4.610580956751269,1.6685953077128708,0.02540430262584124
3672,-5.780000943864076,-4.678377718280988,1.6457094617034818,0.0253788983232154
3673,-3.4434214895323834,-4.690196115381699,1.634639356586685,0.025353519424892185
3674,-4.39755762511923,-4.679700598190363,1.6347998840152054,0.025328165905467295
3675,-6.165280008360954,-4.705964988040044,1.6478548502389132,0.025302837739561827
3676,-5.286871254405762,-4.7411903547488174,1.6410571990397167,0.025277534901822264
3677,-6.078333758357886,-4.7761330523345045,1.6505286813137459,0.025252257366920442
3678,-4.313209169748511,-4.805316451167048,1.6290458354851989,0.025227005109553523
3679,-6.42319319612689,-4.808772449987783,1.6322879507111256,0.02520177810444397
3680,-6.824397686640997,-4.8966645738169206,1.6200934611410005,0.025176576326339524
3681,-3.2047638765690456,-4.822252040407225,1.6106214873770353,0.025151399750013185
3682,-4.952406296612227,-4.825027844097772,1.6107238067209073,0.025126248350263173
3683,-6.4125569494114565,-4.819132939049608,1.6043510431578172,0.02510112210191291
3684,-3.9057541579652533,-4.789326573311418,1.6071969021654209,0.025076020979810997
3685,-6.484046879694649,-4.868143674409645,1.5916685770194248,0.025050944958831187
3686,-7.661728684750453,-4.980569943767263,1.586483713322562,0.025025894013872355
3687,-6.20658118755329,-5.074705513188158,1.5151951454509651,0.025000868119858483
3688,-5.510246238343452,-5.131062738943658,1.4774725314221862,0.024975867251738625
3689,-5.221486044236908,-5.171017947780152,1.452147888759571,0.024950891384486886
3690,-6.280860437852294,-5.160316968388541,1.4419225459932177,0.0249259404931024
3691,-4.587537050593344,-5.203297382635203,1.391291082382116,0.024901014552609298
3692,-2.396034910041144,-5.205678104437016,1.3863748390392083,0.024876113538056688
3693,-4.856240191630892,-5.169203468093414,1.3710127942485568,0.02485123742451863
3694,-2.4452345997983236,-5.1746318260908435,1.3596322683039541,0.02482638618709411
3695,-4.925662706307133,-5.13665690117774,1.3393887528430053,0.024801559800907015
3696,-2.2167518806371507,-5.062357273355742,1.3951042163318774,0.024776758241106107
3697,-2.566994546347092,-5.064957290927591,1.390321918078758,0.024751981482865
3698,-4.690576265375755,-5.092192933111116,1.3692228562666977,0.024727229501382137
3699,-1.9856868376923178,-5.031358512803822,1.4366607336857717,0.024702502271880755
3700,-2.6825417028864527,-4.999334138010068,1.470418054082714,0.024677799769608873
3701,-5.425701211758323,-4.994930348243289,1.4688039114463367,0.024653121969839265
3702,-1.4843723825038015,-4.904451849450364,1.541149137389525,0.024628468847869425
3703,-5.72290160601986,-4.929734767195683,1.5439966764889674,0.024603840379021556
3704,-1.8384434534718987,-4.843982868220934,1.59344630936042,0.024579236538642534
3705,-6.886759281777133,-4.874193419168986,1.6173903041105921,0.02455465730210389
3706,-3.0256993724513817,-4.8744386665715025,1.6171090413584341,0.024530102644801786
3707,-2.5945691473419044,-4.815916365445734,1.6453632506303928,0.024505572542156986
3708,-5.65813679536063,-4.83138149656838,1.6495674102557767,0.02448106696961483
3709,-5.649952798578284,-4.8789508487927815,1.6381530597983311,0.024456585902645215
3710,-6.097642107133465,-4.8986589708452275,1.6467461145050108,0.02443212931674257
3711,-2.628210178822474,-4.790368985983915,1.6141386973819751,0.024407697187425827
3712,-6.486602889423457,-4.781604011365102,1.6036803847338337,0.0243832894902384
3713,-7.007213631195943,-4.789827829216405,1.6139850068822286,0.02435890620074816
3714,-3.17274684827851,-4.754756172619782,1.6296146612703852,0.024334547294547412
3715,-5.8890933921704836,-4.774153445697933,1.6372113722735304,0.024310212747252865
3716,-4.315582556147393,-4.729289310499156,1.6183187350741421,0.02428590253450561
3717,-3.086706192779827,-4.714328334311199,1.6299354131009367,0.024261616631971107
3718,-3.2101311947372495,-4.664840824976001,1.6372744724888197,0.024237355015339135
3719,-2.3510237519406476,-4.6184978038659334,1.6690101225872032,0.024213117660323795
3720,-5.390525418440546,-4.589572720544899,1.6426390901356145,0.02418890454266347
3721,-3.2309943850946863,-4.581179303437665,1.6484770206886705,0.024164715638120806
3722,-3.3331366353914222,-4.532242017268212,1.6484812323090459,0.024140550922482684
3723,-4.45833084987928,-4.55254020447515,1.641181589968697,0.0241164103715602
3724,-1.9091510779456227,-4.502772073531677,1.682340593899341,0.02409229396118864
3725,-4.967036242754301,-4.4788071982195445,1.6669516280750125,0.02406820166722745
3726,-4.7035188442241465,-4.467140150015912,1.6632925678987294,0.024044133465560225
3727,-1.9512242225028449,-4.384597959298811,1.6835696348514393,0.024020089332094666
3728,-6.078350631228769,-4.419900788528416,1.7001277777655779,0.023996069242762572
3729,-7.760536554418809,-4.446647655694255,1.741451234696804,0.02397207317351981
3730,-5.02628168438005,-4.410685335649036,1.7102645182295206,0.02394810110034629
3731,-3.3668673094165267,-4.413927404305985,1.7081277473989012,0.023924152999245944
3732,-5.127472978036938,-4.417428737934479,1.7094068847010944,0.023900228846246697
3733,-4.62116926572879,-4.3816009842608254,1.685825537230615,0.02387632861740045
3734,-4.659079284518359,-4.396667486791888,1.6848715151550095,0.02385245228878305
3735,-4.544135957730764,-4.35786926835261,1.6584868420421053,0.023828599836494265
3736,-2.8355317772083994,-4.261345330201769,1.6029043085796166,0.023804771236657772
3737,-4.1281932255651865,-4.219777570962007,1.5786861887974268,0.023780966465421115
3738,-5.943781663984442,-4.2284482794748275,1.5869191901728732,0.023757185498955693
3739,-6.4333621766165265,-4.25268580212242,1.6109734586473279,0.023733428313456737
3740,-5.3765046640506355,-4.234598686646386,1.5930781118162547,0.02370969488514328
3741,-5.135104414758922,-4.245550033929698,1.5973430564199669,0.02368598519025814
3742,-3.2058614776455707,-4.261746565281786,1.582544607357643,0.02366229920506788
3743,-7.010959350307267,-4.304840948455314,1.626863630955959,0.023638636905862813
3744,-7.326049552360007,-4.402457247506547,1.6584775081422096,0.02361499826895695
3745,-5.597840509493137,-4.415900803570267,1.6653740899966993,0.023591383270687993
3746,-2.873504095296093,-4.429035847863446,1.6505008217668033,0.023567791887417304
3747,-4.91247165284446,-4.475945389993393,1.6301173899108463,0.023544224095529885
3748,-2.224856474032088,-4.426630994166521,1.6599028565406804,0.023520679871434354
3749,-6.013207235163824,-4.50718140211595,1.6370612208468325,0.02349715919156292
3750,-4.585433501241299,-4.545239238083048,1.6161860378998103,0.023473662032371355
3751,-5.09601415966047,-4.538645497041091,1.6132503296836385,0.023450188370338982
3752,-6.650270392065549,-4.641963457232325,1.5794016379972275,0.023426738181968644
3753,-5.959440813894108,-4.6466942413898105,1.5829824824886176,0.023403311443786677
3754,-6.590728706830225,-4.741739946456978,1.5539175667047735,0.02337990813234289
3755,-8.363359381081032,-4.771271948443054,1.607509891907159,0.023356528224210547
3756,-5.68681672076294,-4.824494295409286,1.592821209867615,0.023333171695986338
3757,-5.753587458215836,-4.887674661626765,1.565535246078021,0.02330983852429035
3758,-5.058621055084106,-4.8756843468212345,1.5618799744096217,0.02328652868576606
3759,-5.74473228294389,-4.877579936508546,1.562875719562945,0.023263242157080293
3760,-4.441641560308451,-4.844459925572046,1.554192198869895,0.02323997891492321
3761,-6.0004445492944605,-4.911904612981486,1.529527821052819,0.02321673893600829
3762,-6.43265233361107,-4.9108256018652385,1.528435203228783,0.02319352219707228
3763,-5.003003600748238,-4.870741401256284,1.4989264517012473,0.023170328674875208
3764,-5.059470732891146,-4.908475878948536,1.4793259552838676,0.023147158346200333
3765,-7.0231668260132984,-4.931157347625393,1.5026965677881845,0.02312401118785413
3766,-3.9191967221137167,-4.92322963094472,1.5069627619235575,0.023100887176666276
3767,-4.1706293890163755,-4.944908094869451,1.4880653835536168,0.02307778628948961
3768,-7.387038390723046,-5.028446238789167,1.5054736643378706,0.02305470850320012
3769,-5.8453785544361985,-5.098333334839078,1.4599803055267329,0.023031653794696922
3770,-6.4739035498275666,-5.120000897466818,1.472144474332797,0.023008622140902227
3771,-4.286351414701736,-5.1411080380589596,1.4523416812345549,0.022985613518761324
3772,-2.85378307064818,-5.131520966764095,1.465764764683864,0.022962627905242564
3773,-5.241610887877861,-5.147186567524066,1.4626686677052878,0.02293966527733732
3774,-3.528417322378807,-5.17957189241273,1.4075019086892173,0.022916725612059985
3775,-5.464701929250401,-5.189525206142651,1.4077233780896763,0.022893808886447924
3776,-4.721144415543572,-5.18987771756904,1.4076038336760253,0.022870915077561477
3777,-4.888553697881489,-5.2486243070766125,1.3303893358244403,0.022848044162483917
3778,-3.298031478388802,-5.193017924019814,1.3524685013875486,0.02282519611832143
3779,-5.410161430797403,-5.146010421547386,1.3023291940437258,0.02280237092220311
3780,-5.897563273882947,-5.163436053337444,1.3064331637716102,0.02277956855128091
3781,-4.141483172357942,-5.178928370596271,1.2895201310155748,0.02275678898272963
3782,-2.3777016361564685,-5.123932943758662,1.3478583540297222,0.0227340321937469
3783,-2.732249753894399,-5.0861545535219745,1.3873148449625627,0.022711298161553154
3784,-2.311072540487039,-5.0391944186413475,1.4397260026334884,0.0226885868633916
3785,-2.7051547001465304,-5.002414793489663,1.4749614884425115,0.02266589827652821
3786,-2.662727224355009,-4.998958702432596,1.4802278764168222,0.022643232378251683
3787,-2.7514006015484314,-4.97142284995226,1.5087021047816411,0.02262058914587343
3788,-2.053263676140193,-4.893612490195375,1.5561269276304577,0.02259796855672756
3789,-2.6865291802125046,-4.818675830267295,1.5703258466645862,0.022575370588170832
3790,-2.809501099881239,-4.767335758983907,1.593047288554832,0.02255279521758266
3791,-2.7167674533785013,-4.718969019756298,1.6176686477594995,0.02253024242236508
3792,-1.9889062590619744,-4.694629915384627,1.6491010966005641,0.022507712179942713
3793,-2.330563233574708,-4.601021993049976,1.6477987037816444,0.02248520446776277
3794,-2.655324228651407,-4.507607486575804,1.622872018981282,0.02246271926329501
3795,-2.4065650856382756,-4.4437819780987065,1.6413882285996753,0.022440256544031714
3796,-1.682376081971802,-4.419959417832221,1.672357497811648,0.022417816287487683
3797,-2.5995134095846177,-4.373700252967023,1.6899907684656057,0.022395398471200194
3798,-1.772058202629028,-4.364644287538962,1.7026470633767659,0.022373003072728992
3799,-2.5416838898691303,-4.295213820633068,1.7047858895106371,0.022350630069656263
3800,-2.6885439091190073,-4.257276028790622,1.7189528404978824,0.022328279439586606
3801,-4.206150334846654,-4.239478752294346,1.7147783438372373,0.022305951160147018
3802,-3.0096196811345197,-4.166665738075726,1.6879501691531196,0.02228364520898687
3803,-2.188024966630008,-4.091237421130444,1.6904158894029244,0.022261361563777882
3804,-2.6343292550231174,-4.012109432094301,1.6639552682811511,0.022239100202214104
3805,-1.8698796070110675,-3.8822398366129027,1.5700307236192794,0.02221686110201189
3806,-2.117927363534568,-3.8108620494683354,1.5674908931307527,0.02219464424090988
3807,-2.185167426021276,-3.7394936488244435,1.5586238389475533,0.022172449596668968
3808,-2.303054741757298,-3.6843823225579073,1.5597231182003333,0.022150277147072298
3809,-2.2263559542770497,-3.6140147959845708,1.544474213212806,0.022128126869925227
3810,-2.565637065284266,-3.576494706084087,1.5466982363205946,0.022105998743055303
3811,-4.8574519951779465,-3.553634855001757,1.5189006669718048,0.022083892744312248
3812,-2.6852056333682794,-3.478685920996901,1.466543707782318,0.022061808851567936
3813,-3.2189537941827426,-3.4430049248655914,1.4506397351268594,0.022039747042716367
3814,-2.8607410221848304,-3.399030330651465,1.4342047507485165,0.02201770729567365
3815,-3.2897793582226584,-3.324362581295652,1.3375049170133968,0.021995689588377977
3816,-2.090480800565004,-3.2877882628646775,1.3457170780446566,0.0219736938987896
3817,-2.6002740222147356,-3.256381155528645,1.3430686487634445,0.02195172020489081
3818,-2.531159765270139,-3.1592635830195865,1.209823916859683,0.02192976848468592
3819,-2.380712945112408,-3.0899702708331107,1.1518206873529737,0.021907838716201233
3820,-2.978565381274056,-3.0200635074620408,1.0454817418319118,0.02188593087748503
3821,-2.215716240896172,-2.9786508039859294,1.0354645574421644,0.021864044946607545
3822,-4.274984343581336,-3.0070748294445924,1.0510360119409057,0.021842180901660936
3823,-2.3451484575437647,-2.9491455808379103,1.005097409737034,0.021820338720759277
3824,-3.279735436292173,-2.944171943116178,1.0028313637035575,0.021798518382038518
3825,-2.8187963845640303,-2.891253832222451,0.9360146205912521,0.02177671986365648
3826,-5.830598798433375,-2.9134429198802465,0.9906846117805324,0.021754943143792824
3827,-6.1910047391930725,-2.9394919407064783,1.0571681164382272,0.02173318820064903
3828,-3.016128758524277,-2.933853886309188,1.0559919937155953,0.02171145501244838
3829,-2.414451352563259,-2.8739396847445047,0.9971373917298224,0.02168974355743593
3830,-6.504858868980083,-2.8860855966464474,1.0368032335418973,0.021668053813878495
3831,-5.449491325470165,-2.912245759708692,1.0835945312250195,0.021646385760064616
3832,-5.428604319581911,-2.9732638133772005,1.1363891784348077,0.021624739374304553
3833,-3.5231224909977343,-2.9890812681192673,1.138426681327763,0.021603114634930247
3834,-3.961731144747213,-3.022094440204471,1.1422138495846539,0.02158151152029532
3835,-4.651742392900274,-3.0610261940595462,1.1637193947609168,0.021559930008775024
3836,-3.4029114596164702,-3.0758298787647753,1.1632663280490017,0.021538370078766248
3837,-2.5697995656113006,-3.0721978580460325,1.1645563983064144,0.02151683170868748
3838,-5.1278097376350615,-3.13368877927593,1.190023839295556,0.021495314876978793
3839,-6.751578881786375,-3.214989773307407,1.2912514968809905,0.021473819562101815
3840,-3.2008590638423153,-3.2228169325866283,1.2899553232683982,0.02145234574253971
3841,-6.086102007976031,-3.290203623678579,1.3484398677148985,0.02143089339679717
3842,-7.174912611086565,-3.393923750719071,1.4406540159953334,0.021409462503400374
3843,-5.559811072748035,-3.4585087075025376,1.463734751656476,0.021388053040896974
3844,-5.912325461832982,-3.523648732166169,1.4985988214091772,0.021366664987856075
3845,-5.370419988963112,-3.582925830232666,1.5117997278758906,0.02134529832286822
3846,-3.2965046874455046,-3.61520840234214,1.4879163979377452,0.02132395302454535
3847,-5.461291761531678,-3.6724439693810806,1.5027132281753037,0.021302629071520807
3848,-5.8090921186951405,-3.7531846477024033,1.506885521208271,0.021281326442449285
3849,-5.7757882376215,-3.817866734657451,1.5228210747059954,0.021260045116006834
3850,-2.7347859798368006,-3.8187915760718067,1.5221488257659617,0.021238785070890828
3851,-6.027412139269183,-3.8552168121602572,1.5524720318383098,0.021217546285819937
3852,-4.645934375048014,-3.887943106038527,1.5515483861144541,0.02119632873953412
3853,-4.839239054631418,-3.940967387798555,1.537789213780804,0.021175132410794585
3854,-3.448376283912496,-3.957248328376343,1.5281483739174615,0.02115395727838379
3855,-5.822850011812729,-4.036307736472376,1.5203467670055466,0.021132803321105405
3856,-5.122514572329523,-4.096399480648275,1.5026099011140293,0.0211116705177843
3857,-3.2865420856194945,-4.11842697384024,1.4823672032066049,0.021090558847266516
3858,-4.872763959266227,-4.169821158190419,1.4629559535026428,0.02106946828841925
3859,-5.428869726475729,-4.233871433634392,1.4464786932665006,0.02104839882013083
3860,-4.658638567601918,-4.275731463680745,1.4277593537307227,0.0210273504213107
3861,-4.729591260195935,-4.273174248981105,1.426829363161937,0.02100632307088939
3862,-4.132270453217739,-4.3021155453780935,1.4088891454098667,0.0209853167478185
3863,-5.473449861575736,-4.347205466725954,1.4095783827327875,0.02096433143107068
3864,-5.471822034244489,-4.399427086967147,1.4018872411959566,0.020943367099639607
3865,-5.7392381360038405,-4.44841626252277,1.405049255012311,0.020922423732539965
3866,-5.824685592402581,-4.523100358359522,1.3766883624669362,0.020901501308807423
3867,-5.7567025813749435,-4.586228929542726,1.3593292086045208,0.020880599807498616
3868,-7.259089336006957,-4.6807875209574625,1.3774077246062826,0.020859719207691117
3869,-5.795425621777666,-4.749081774490768,1.3459678434369857,0.020838859488483425
3870,-2.971970527331708,-4.7489498774119205,1.3461416492673322,0.020818020628994943
3871,-2.697300760874712,-4.7585815678114916,1.3296030983855602,0.02079720260836595
3872,-2.206843881714061,-4.7172187585741465,1.3753848538194,0.02077640540575758
3873,-2.1428520836906215,-4.713172831097083,1.3826351839372062,0.020755629000351824
3874,-2.1727702318187103,-4.6910335270076144,1.413919359478259,0.02073487337135147
3875,-2.2575851063634857,-4.679809301443603,1.4308633609942287,0.02071413849798012
3876,-2.8176777534631854,-4.619550880544199,1.44450795403087,0.02069342435948214
3877,-2.152085983868177,-4.538772505437701,1.4671252158909016,0.020672730935122657
3878,-3.3877285979190033,-4.546204502225596,1.4603185701986727,0.020652058204187532
3879,-2.402918381008942,-4.54597384279451,1.460656137285369,0.020631406145983345
3880,-2.836376891375101,-4.47260420324241,1.4525298865053278,0.02061077473983736
3881,-2.838715442589041,-4.420388685584788,1.4633599323335411,0.02059016396509752
3882,-2.9615687124835293,-4.3710479734428205,1.4701091539985078,0.020569573801132425
3883,-2.2846401935960596,-4.346278327494787,1.4944195479550997,0.020549004227331292
3884,-2.464331465294921,-4.316330333905741,1.516664053809548,0.02052845522310396
3885,-2.1061558545617656,-4.26541860313897,1.5469729303982123,0.020507926767880855
3886,-2.1234084371154305,-4.23982854268895,1.571418523425702,0.020487418841112975
3887,-2.676953033405296,-4.241971612044829,1.5692110261159722,0.02046693142227186
3888,-2.251407143249246,-4.1844435601571135,1.5882904401033178,0.020446464490849588
3889,-2.556616916334975,-4.100544320848085,1.561031760158188,0.02042601802635874
3890,-2.36653660609108,-4.083857871693061,1.5749567303581495,0.02040559200833238
3891,-2.484812263133041,-4.011832076796201,1.564052522426731,0.020385186416324048
3892,-2.2100683273392607,-3.9125351911212545,1.5169792036325633,0.020364801229907723
3893,-2.6463604095434734,-3.8542661778571636,1.5085172326802236,0.020344436428677816
3894,-2.477716303205096,-3.785573994684606,1.4913387462562284,0.02032409199224914
3895,-2.8917206682752785,-3.736000008270849,1.4789788419132968,0.02030376790025689
3896,-2.724820391138933,-3.7245663223447174,1.4845316592362898,0.020283464132356634
3897,-4.850123593717915,-3.712342958988442,1.4726500314275457,0.020263180668224277
3898,-4.265311474092358,-3.6814673460963867,1.4442759966126284,0.020242917487556054
3899,-2.1955250577887124,-3.6098620824997307,1.4273201218951215,0.0202226745700685
3900,-2.790022863898761,-3.61096682018097,1.4266636159583836,0.02020245189549843
3901,-2.4686730394699743,-3.539792038184986,1.3927008887530112,0.02018224944360293
3902,-2.1190949324240624,-3.489255249332507,1.3974828751881867,0.02016206719415933
3903,-1.7508522898914556,-3.4274875140377077,1.4046832044333961,0.02014190512696517
3904,-2.78903607199403,-3.4143007097993383,1.4075172080916343,0.020121763221838205
3905,-3.767081041701968,-3.3731853303971233,1.3659725843140642,0.020101641458616367
3906,-2.199086993222841,-3.3147167788149896,1.3523422687127113,0.02008153981715775
3907,-2.0605720587958114,-3.2901973782785157,1.3636972222794477,0.020061458277340592
3908,-2.2381354330908376,-3.237504807755008,1.3523830648634156,0.02004139681906325
3909,-3.7834079575582695,-3.204595572376659,1.3182471457186937,0.02002135542224419
3910,-2.4123729896828623,-3.1596702608182774,1.3061488297082353,0.020001334066821943
3911,-3.8034711642007655,-3.1411478588983743,1.2902241042367384,0.01998133273275512
3912,-2.1246100833622004,-3.1009946515012636,1.2899947519783372,0.019961351400022365
3913,-5.351720833221764,-3.0985600709341843,1.28562242722137,0.019941390048622342
3914,-5.8842590251163,-3.1068088107516205,1.302041439433749,0.01992144865857372
3915,-5.088168150160394,-3.0937874110347514,1.2786963543939633,0.019901527209915146
3916,-6.032827877412831,-3.0979502567349564,1.2878859099999052,0.019881625682705233
3917,-4.937482519693013,-3.081565855501318,1.2588407242483857,0.019861744057022526
3918,-2.2306196732772063,-2.980996462246723,1.11355911637592,0.019841882312965502
3919,-6.223044850674732,-2.989548846824664,1.1365465619849293,0.019822040430652537
3920,-4.717938827109569,-3.024468212820221,1.1620065335319298,0.019802218390221886
3921,-4.9266094290925615,-3.0690543861845785,1.1910051680896292,0.019782416171831664
3922,-6.032561409654555,-3.1455687367433884,1.2543596785043358,0.01976263375565983
3923,-4.689756448177684,-3.1965068240331296,1.2642804334313928,0.019742871121904173
3924,-6.063218080855165,-3.2743157810138586,1.3174789246762428,0.01972312825078227
3925,-4.751050251164055,-3.32418508390987,1.3252184115102803,0.01970340512253149
3926,-3.0315628187884305,-3.3284627852163746,1.323921108587039,0.019683701717408957
3927,-6.368217299033882,-3.412785411519689,1.3794135344290777,0.019664018015691547
3928,-5.9507191014093435,-3.4640452215894957,1.424416976255587,0.019644353997675855
3929,-6.066466451508341,-3.5373161829994837,1.4616864267625262,0.01962470964367818
3930,-7.8516817437432485,-3.6376222800468465,1.577629418811879,0.019605084934034504
3931,-7.982084459084168,-3.740489660376749,1.6861360784253883,0.01958547984910047
3932,-2.9327226907632764,-3.739912739942344,1.6864074047552071,0.01956589436925137
3933,-4.8927474817517425,-3.792074885705458,1.680914406065357,0.019546328474882118
3934,-1.8919885259790639,-3.780628026919141,1.691830583013995,0.019526782146407237
3935,-4.103220952383031,-3.8205693288755658,1.6753207444578193,0.01950725536426083
3936,-3.641020176116613,-3.8509215636555894,1.6579553657349428,0.01948774810889657
3937,-6.182805035258323,-3.92103860369265,1.680800155809146,0.019468260360787675
3938,-3.8313828497946743,-3.9526381178235583,1.663880408348158,0.01944879210042689
3939,-6.019869646822189,-4.021903172433302,1.67636266526201,0.019429343308326463
3940,-6.406034231445885,-4.102693124940399,1.6919047307132713,0.019409913965018136
3941,-4.901633627746337,-4.151029552232665,1.6794703202161665,0.019390504051053116
3942,-6.605854077202283,-4.2389452672299255,1.6905821609672111,0.019371113547002064
3943,-2.1049969885329185,-4.228117998809714,1.7024391289510343,0.01935174243345506
3944,-5.295335990028417,-4.284470392546181,1.690155128501474,0.019332390691021606
3945,-6.34317461297096,-4.353499471440095,1.7023012571579843,0.019313058300330584
3946,-4.761240330615369,-4.394227870229623,1.6871407495779072,0.019293745242030255
3947,-5.421506457930892,-4.405655527513883,1.6921177634125788,0.019274451496788223
3948,-4.7524942683324145,-4.415399183398684,1.6926841405301887,0.019255177045291436
3949,-3.3031913751411173,-4.437552509745732,1.6705903541078264,0.019235921868246145
3950,-5.430457017369792,-4.490361192815152,1.6593714119439618,0.019216685946377897
3951,-5.397931582233369,-4.548946363670421,1.638539130133976,0.01919746926043152
3952,-6.91103400069154,-4.64478514503577,1.6337475354250337,0.019178271791171087
3953,-5.444261643760828,-4.718653332113157,1.5839699512566112,0.019159093519379916
3954,-6.644945070342758,-4.795771512080131,1.5820104723442547,0.019139934425860535
3955,-4.975153600938221,-4.819932963264856,1.5753262633126717,0.019120794491434674
3956,-5.915776572574307,-4.894266754851886,1.5371298304497698,0.01910167369694324
3957,-4.535664481112672,-4.943768603298224,1.4840124938370385,0.019082572023246296
3958,-3.997541401752641,-4.97895672267146,1.439636335823658,0.01906348945122305
3959,-4.426757564979448,-4.991823714819883,1.4317468215912554,0.01904442596177183
3960,-3.9560358036951433,-5.022696971100128,1.3918806034469198,0.019025381535810057
3961,-2.1323524590148746,-4.989274596996411,1.4399882484824906,0.019006356154274248
3962,-3.477372130576315,-5.0163298379406935,1.3980075448834168,0.018987349798119973
3963,-2.5584113098482613,-4.960463647473223,1.4387083066883644,0.018968362448321854
3964,-4.104691284414485,-4.924872292659186,1.4374261079961674,0.018949394085873532
3965,-2.36208493866733,-4.870350628429326,1.4812310669752666,0.01893044469178766
3966,-2.459017781066708,-4.798874426502404,1.5093707567254977,0.018911514247095872
3967,-6.339110863242066,-4.826906993373385,1.5246234217025452,0.018892602732848776
3968,-2.742448324976304,-4.8371435664073665,1.508793223875216,0.018873710130115927
3969,-1.7472414459661025,-4.747627498313194,1.555949652414305,0.01885483641998581
3970,-2.313910001380758,-4.699546921798618,1.5928306776816445,0.018835981583565822
3971,-3.994522104027716,-4.680905175297321,1.5955162503967906,0.018817145601982256
3972,-2.49554947692891,-4.610164936642807,1.6123411620887271,0.018798328456380273
3973,-4.884476392514885,-4.614059335529552,1.612763806620555,0.018779530127923893
3974,-1.9969705865489868,-4.532734385643428,1.6399314612168954,0.01876075059779597
3975,-2.9816219860658686,-4.497345820341464,1.6538707942625248,0.018741989847198173
3976,-6.108116697125259,-4.558876897908201,1.655422541469425,0.018723247857350977
3977,-1.9323976022275327,-4.470160503972074,1.6748273965761167,0.018704524609493626
3978,-6.196028765632734,-4.475066697256541,1.6795100736561932,0.018685820084884133
3979,-4.832376732600839,-4.450384902878391,1.664946618426371,0.01866713426479925
3980,-2.8354665491098867,-4.350060598985724,1.6070983473487495,0.01864846713053445
3981,-6.276394443960681,-4.315946798683255,1.5466042292452964,0.018629818663403915
3982,-4.636637158592306,-4.3500250880398355,1.5344751479245655,0.01861118884474051
3983,-3.7208690317923727,-4.326587519040648,1.5349561736046586,0.01859257765589577
3984,-2.4961890466929115,-4.338671529454925,1.5180270609546103,0.018573985078239874
3985,-2.568552339407556,-4.307978157195415,1.5378627292916753,0.018555411093161635
3986,-2.3901628673781516,-4.282961011020646,1.5585440536886837,0.018536855682068473
3987,-2.4482815871580437,-4.20827054205864,1.5551892896277462,0.018518318826386403
3988,-4.922333484686051,-4.230089554756468,1.5573999127798932,0.018499800507560015
3989,-4.6122342326752666,-4.201936846473529,1.537386206807285,0.018481300707052454
3990,-3.5256029189671074,-4.144328220223954,1.5073902086201882,0.0184628194063454
3991,-4.331198879073563,-4.132919525250498,1.503769685151467,0.018444356586939055
3992,-2.503457728854908,-4.050871598283551,1.4783051825027482,0.018425912230352115
3993,-6.61540416309111,-4.141079741774714,1.4943415570223855,0.018407486318121762
3994,-2.146996677294809,-4.078112955520043,1.5106200940345995,0.01838907883180364
3995,-6.844705504727276,-4.088143573355168,1.5272010527865811,0.018370689752971837
3996,-5.348922995347797,-4.0998972266498175,1.534579752698565,0.018352319063218867
3997,-5.204054805052111,-4.095548193592242,1.5311323794037437,0.018333966744155647
3998,-5.362513643118838,-4.107748581087971,1.5387299892791706,0.01831563277741149
3999,-2.5431918247832863,-4.092548590080813,1.5503126946205439,0.01829731714463408
4000,-2.040415216869559,-4.024747754070809,1.5643840788536192,0.018279019827489446
4001,-1.4998027165085035,-3.946785176756312,1.590915979882292,0.018260740807661956
4002,-2.692384950568506,-3.8624121957538513,1.5426048852077336,0.018242480066854295
4003,-3.223725602412223,-3.818001474926879,1.5283229297205092,0.01822423758678744
4004,-6.815909407432834,-3.8214207616686804,1.5348212024825705,0.01820601334920065
4005,-2.0965325250930955,-3.763848340151778,1.5444236268446818,0.01818780733585145
4006,-2.276998819950509,-3.691072785099302,1.5269402690699454,0.0181696195285156
4007,-6.19457901852049,-3.7242510758474583,1.5625395844222663,0.018151449908987084
4008,-2.1738166999268347,-3.687776581810942,1.5769536287435177,0.018133298459078098
4009,-6.546679621003614,-3.7301750229314257,1.624047349457001,0.01811516516061902
4010,-5.109303217984994,-3.7532403712172226,1.6352423100901148,0.0180970499954584
4011,-2.4369936677546815,-3.759333195392019,1.6297499333982117,0.018078952945462943
4012,-3.328794156199479,-3.756361635904482,1.6303966547100202,0.01806087399251748
4013,-5.186789486440946,-3.808929199436336,1.6332944253844108,0.018042813118524962
4014,-4.283760442574153,-3.812510582599529,1.6341351362899628,0.01802477030540644
4015,-5.8893129428038975,-3.8830551426822604,1.6460888732372971,0.01800674553510103
4016,-6.0577258237204425,-3.955029303535335,1.6608595672238313,0.01798873878956593
4017,-4.458755718753892,-3.917422200645572,1.6274022601103502,0.017970750050776366
4018,-6.571257564241126,-3.993998385430868,1.6600661958811482,0.01795277930072559
4019,-5.351467593054387,-4.066082908372634,1.639060619486608,0.017934826521424863
4020,-3.01343700232555,-4.08007344839153,1.626985878639464,0.017916891694903438
4021,-5.520684203630371,-4.110596690383582,1.639363348163631,0.017898974803208532
4022,-1.8169646673910913,-4.097024994192827,1.6554079266056916,0.017881075828405323
4023,-3.2714851873582202,-4.064765170089693,1.6554647180102549,0.017863194752576916
4024,-4.041424836455509,-4.105654255087823,1.628922012231975,0.017845331557824338
4025,-8.042709421888112,-4.206876003804268,1.7111049577431465,0.017827486226266512
4026,-6.653650312758245,-4.217786676116928,1.7248770682408678,0.017809658740040247
4027,-6.058547432848381,-4.300309672729345,1.7122204281174513,0.017791849081300208
4028,-4.826399966385289,-4.272917096744397,1.692515537181632,0.017774057232218907
4029,-4.012395524169996,-4.256517472575779,1.6909871152793674,0.017756283174986686
4030,-6.326609824170546,-4.326340338076992,1.7029034393749385,0.0177385268918117
4031,-3.896126827887827,-4.278734985755536,1.6808513638138423,0.017720788364919887
4032,-5.584388814690892,-4.297690018877507,1.690099042384216,0.017703067576554966
4033,-4.655140433135532,-4.31637544690437,1.6887825777161856,0.01768536450897841
4034,-6.8732011679344485,-4.403915689329201,1.7055230533411299,0.01766767914446943
4035,-4.397412293834171,-4.440492888417733,1.6852598219097363,0.017650011465324963
4036,-5.147495483050134,-4.4956395407311724,1.6622212558966605,0.017632361453859637
4037,-3.549492528437059,-4.517663759556753,1.6421220505541216,0.017614729092405777
4038,-5.740862052517527,-4.534034330913382,1.6501351347265019,0.01759711436331337
4039,-6.823246967653073,-4.578254585612939,1.6809753470424895,0.017579517248950054
4040,-4.981336514067408,-4.607369257514945,1.6750875927663436,0.017561937731701106
4041,-4.884361034448345,-4.61843250062244,1.67505377090495,0.017544375793969405
4042,-3.5653374719315662,-4.639670095483973,1.6547120344858184,0.017526831418175435
4043,-6.850980414422033,-4.644381620510592,1.6606556184287249,0.01750930458675726
4044,-6.893534915332594,-4.739312385271348,1.6508181040626442,0.017491795282170503
4045,-6.570968334342041,-4.733837641863643,1.644267650491208,0.017474303486888332
4046,-5.4194629153966405,-4.73524844026462,1.6448249622900541,0.017456829183401443
4047,-5.501938540106268,-4.741206114965703,1.6470501961735207,0.017439372354218042
4048,-3.3244632451116267,-4.700445107005558,1.6563621691043775,0.017421932981863824
4049,-6.619564764975559,-4.781972565809404,1.6484764115570802,0.01740451104888196
4050,-4.02094791691918,-4.821583219810397,1.6053553849299442,0.017387106537833076
4051,-5.518586207794541,-4.901958889636118,1.5361436823052983,0.01736971943129524
4052,-1.442326894884883,-4.876957728522446,1.581407311721886,0.017352349711863946
4053,-3.19468983994061,-4.876377013273013,1.5820195081162098,0.01733499736215208
4054,-6.552095505800658,-4.871100735240369,1.5759704363072466,0.01731766236478993
4055,-5.844909111525288,-4.9460682669690135,1.5307070801823008,0.017300344702425138
4056,-3.003331971972917,-4.960594930009462,1.5085950395513315,0.017283044357722713
4057,-5.581554482740357,-4.948334439293859,1.5009883925050465,0.01726576131336499
4058,-2.096373640000155,-4.946785578095326,1.503887758363896,0.017248495552051626
4059,-2.7844665503019472,-4.871541316681292,1.5160263663503741,0.017231247056499574
4060,-2.145016375733303,-4.8122555798362585,1.562808144179655,0.017214015809443074
4061,-2.2918016359957196,-4.8093517392010785,1.5673471988887915,0.017196801793633632
4062,-3.9257922561281284,-4.821291701199652,1.5582705834491344,0.01717960499184
4063,-2.658736280051495,-4.770730637071863,1.5863517694406846,0.01716242538684816
4064,-2.0411152757635063,-4.72587773373565,1.6305745473535185,0.01714526296146131
4065,-2.3616496149673964,-4.65532446717892,1.6548460512364294,0.01712811769849985
4066,-2.5328374992806393,-4.584826700690124,1.668625166265409,0.01711098958080135
4067,-2.540719738899367,-4.546465981093033,1.692952447135288,0.01709387859122055
4068,-4.005775436015748,-4.495156338528526,1.6695228704777405,0.01707678471262933
4069,-2.86587802492343,-4.4454445471659065,1.6802562096355655,0.017059707927916702
4070,-4.256626364915518,-4.470308334417706,1.6680356279323736,0.017042648219988785
4071,-3.7932541815341008,-4.435759733975781,1.663806331111138,0.017025605571768795
4072,-2.7307857514954903,-4.454036155657868,1.6397848802386648,0.017008579966197025
4073,-5.094739755873505,-4.490501247028174,1.6333420452510075,0.01699157138623083
4074,-3.937888871718732,-4.488430527733438,1.633975570564809,0.016974579814844598
4075,-3.4279499601839354,-4.396135338499355,1.5592280701620183,0.016957605235029753
4076,-4.133047359571256,-4.3457232794356155,1.5258137591446712,0.016940647629794723
4077,-4.606630668659394,-4.316684944151836,1.5066354981825858,0.01692370698216493
4078,-2.4786471580640788,-4.269729887985411,1.526472147491796,0.016906783275182764
4079,-3.124946143157528,-4.2519809003651625,1.534499386594569,0.016889876491907582
4080,-2.4394872128687237,-4.174238448139126,1.5258654732627912,0.016872986615415676
4081,-5.315990079529895,-4.202635713171967,1.5336179615939005,0.01685611362880026
4082,-3.640729649694567,-4.16376252987204,1.5226959195965128,0.01683925751517146
4083,-3.779160879935033,-4.1462429388080295,1.5219807000061443,0.01682241825765629
4084,-2.1810024269497483,-4.052398963988336,1.4953715061155233,0.016805595839398633
4085,-7.178545030896065,-4.108021618729575,1.5575998081211915,0.016788790243559233
4086,-7.151069374036683,-4.148093096549306,1.6087585628222765,0.016772001453315675
4087,-4.76858375624748,-4.172474921105514,1.6087396807618923,0.01675522945186236
4088,-5.047925599276414,-4.158616192040691,1.5981185218891634,0.016738474222410496
4089,-3.211130794610514,-4.086373868579841,1.5571490888371087,0.016721735748188086
4090,-5.663824043358832,-4.100023619165668,1.5678886400242287,0.016705014012439897
4091,-7.329720750215095,-4.1489308134810035,1.6285570427243743,0.016688308998427458
4092,-5.3859189571791095,-4.185342443185955,1.6354398198088387,0.01667162068942903
4093,-1.9842032844956514,-4.088006900587427,1.6186342861832321,0.0166549490687396
4094,-5.695863370322453,-4.064053469687224,1.5854612846963456,0.01663829411967086
4095,-2.751975994725725,-3.987673622894898,1.554539194587402,0.01662165582555119
4096,-5.803579676931419,-3.995355958125593,1.5625245513633153,0.016605034169725637
4097,-4.392956314318859,-3.9731763136098452,1.5487920894428127,0.016588429135555912
4098,-5.060806971692289,-4.007903188141459,1.5533168435863651,0.016571840706420357
4099,-5.724174858457674,-3.9899953900111007,1.5280604609843156,0.016555268865713936
4100,-6.6571318340806105,-4.042719068354329,1.5730359694593108,0.016538713596848224
4101,-5.369852724771903,-4.039744398693877,1.5703806261946631,0.016522174883251375
4102,-5.085288288502223,-4.112603626566223,1.5322266577663477,0.016505652708368124
4103,-5.344650705459933,-4.1556028438766095,1.5360263942325958,0.016489147055659757
4104,-5.134182711039079,-4.127244587981378,1.504281131523283,0.016472657908604096
4105,-5.346931425598308,-4.117285034262839,1.4944924962257218,0.016456185250695494
4106,-6.574753163116393,-4.188713458085708,1.5245887855851779,0.0164397290654448
4107,-4.788655488003765,-4.172855478190977,1.5141063291564993,0.016423289336379356
4108,-6.259549136483978,-4.256118988120653,1.5120963712311586,0.016406866047042976
4109,-5.303179519999984,-4.306493247514614,1.5041640093668582,0.016390459180995933
4110,-5.647292262443003,-4.3765387652488075,1.4832795377620762,0.016374068721814936
4111,-5.852484625923657,-4.447752425047366,1.4668648702293303,0.01635769465309312
4112,-6.6306047497815,-4.501848674920433,1.4961999132254225,0.016341336958440027
4113,-2.5543526587678174,-4.49976100249476,1.4988406755275292,0.016324995621481587
4114,-7.182875307109036,-4.602596203121671,1.5030075060919958,0.016308670625860104
4115,-2.2598578074876303,-4.600560366972076,1.5061072506061468,0.016292361955234244
4116,-5.687012975715067,-4.663643876500764,1.4840746441548545,0.01627606959327901
4117,-5.239018719237377,-4.717609856107524,1.4546649816302417,0.016259793523685732
4118,-7.533851994299756,-4.788171387273204,1.503183791120337,0.016243533730162046
4119,-5.359845068161445,-4.838050728137965,1.4797653671347806,0.016227290196431883
4120,-6.021257314539668,-4.873343347130448,1.4865054468569225,0.01621106290623545
4121,-4.869351777199611,-4.894865299043758,1.4784802046902685,0.016194851843329215
4122,-7.404951264356034,-4.988348609300969,1.4864421992351908,0.016178656991485886
4123,-4.769404231785053,-4.9818418988192,1.4866742836524058,0.0161624783344944
4124,-5.414767406684841,-5.011379469518522,1.480297162410962,0.016146315856159905
4125,-6.257628094618418,-5.067973032207211,1.4727506884041113,0.016130169540303746
4126,-5.403269808206459,-5.093377481179916,1.4673499795413534,0.01611403937076344
4127,-5.958061127840423,-5.120406090363536,1.4705782956822375,0.016097925331392676
4128,-5.177011287459202,-5.174373372951439,1.421328369512421,0.016081827406061285
4129,-5.710073176236133,-5.226075913613011,1.3925651250301891,0.016065745578655224
4130,-6.291603472449479,-5.303118238804626,1.3419044509240967,0.01604967983307657
4131,-4.340008469771213,-5.283598606609452,1.3486566776712836,0.016033630153243494
4132,-4.797339267678473,-5.306730798969131,1.3300707990953111,0.01601759652309025
4133,-5.075363050258382,-5.3326548423755975,1.31256142642225,0.01600157892656716
4134,-4.828349062605621,-5.385601775088714,1.2354927550920243,0.01598557734764059
4135,-3.9922068532464166,-5.321875011535722,1.223486544791302,0.01596959177029295
4136,-4.542916463385168,-5.269711953322692,1.1997561538587136,0.015953622178522656
4137,-5.169643533385792,-5.277733148865458,1.1977179023122322,0.015937668556344133
4138,-6.043198903359238,-5.297638614947115,1.2019960366691642,0.01592173088778779
4139,-4.184223372394419,-5.317100466502793,1.175644198243185,0.015905809156900003
4140,-5.612008779084054,-5.316064161217297,1.1753609149601025,0.015889903347743102
4141,-5.169298403580761,-5.27285571428461,1.13971086557667,0.01587401344439536
4142,-8.064097707127694,-5.3264192892835815,1.2048388987168317,0.015858139430950966
4143,-4.626540917819389,-5.379266041950057,1.1114101092024726,0.015842281291520016
4144,-5.023217939994883,-5.365813133343506,1.1115674418311032,0.015826439010228496
4145,-5.364830686520836,-5.418070227179408,1.0469997619113633,0.01581061257121827
4146,-3.1361070537859552,-5.364720774716498,1.092948811766533,0.01579480195864705
4147,-2.38367736966899,-5.3245351958235005,1.1626556225798839,0.015779007156688403
4148,-5.5362128465626315,-5.334043313320908,1.1624038839623059,0.015763228149531714
4149,-2.7847189737213776,-5.275254195626181,1.2143573067308504,0.01574746492138218
4150,-3.5157599079651054,-5.212426757103871,1.2224733404832848,0.0157317174564608
4151,-3.261318478141223,-5.170256072171258,1.252319253682336,0.01571598573900434
4152,-4.913285847985289,-5.166816023360919,1.252784084607079,0.015700269753265335
4153,-2.930891304033173,-5.118540835332384,1.290926857878663,0.01568456948351207
4154,-2.2150398895918033,-5.0601579789034385,1.3533975971385837,0.01566888491402856
4155,-3.1676206992046163,-5.0165717643755645,1.3783230625473961,0.01565321602911453
4156,-2.7082647930960677,-4.939241996975158,1.3970689345445144,0.015637562813085416
4157,-3.4264703116078126,-4.9119982934472395,1.4129315008147871,0.01562192525027233
4158,-2.759549571367224,-4.841998302144905,1.4310200109518723,0.015606303325022058
4159,-1.951749552250231,-4.774969702789909,1.485308867887253,0.015590697021697035
4160,-4.979965752521493,-4.761623172591479,1.4804005666719708,0.015575106324675339
4161,-2.2979697129845347,-4.690532874332696,1.5113319292827485,0.015559531218350664
4162,-5.976567720888545,-4.677452133754837,1.497248553042687,0.015543971687132313
4163,-2.8357338565078947,-4.683079757709639,1.4897681215807206,0.015528427715445181
4164,-2.6805812940799694,-4.593033877449058,1.4719107451496807,0.015512899287729736
4165,-2.286818688637912,-4.593573095072063,1.4710606069787522,0.015497386388442006
4166,-4.551890435583463,-4.570870644269432,1.4627461986150154,0.015481889002053564
4167,-6.267660952814577,-4.591443488940976,1.4791405307294454,0.01546640711305151
4168,-5.1580442355124205,-4.543927333765229,1.4208674450898129,0.015450940705938459
4169,-5.5861404790918465,-4.548453241983836,1.4238165410229775,0.01543548976523252
4170,-4.570739278886212,-4.519442881270766,1.4082041180482359,0.015420054275467287
4171,-4.981184249954021,-4.521679530725855,1.408846766901671,0.015404634221191819
4172,-4.236698987170723,-4.458314485182149,1.3476621401588824,0.015389229586970627
4173,-2.5459119246561106,-4.413844639039571,1.3731080843338503,0.015373840357383657
4174,-3.217708320557176,-4.369903457317017,1.375526407570513,0.015358466517026274
4175,-5.6987326723549625,-4.358725548871748,1.3623485632597494,0.015343108050509247
4176,-3.487141752150262,-4.320402987750624,1.3593736429786285,0.015327764942458738
4177,-5.380899089939804,-4.308859746992612,1.3478197248879065,0.01531243717751628
4178,-6.084409989686391,-4.327007721037155,1.3653814460352458,0.015297124740338763
4179,-5.825112169438771,-4.329308500901208,1.3678048608220528,0.015281827615598424
4180,-6.270719384411024,-4.3288908191404385,1.3672086366371874,0.015266545787982826
4181,-5.000434594641614,-4.342099341637847,1.3704385939668835,0.015251279242194844
4182,-4.42445591303065,-4.334641674544891,1.3689547499195367,0.015236027962952649
4183,-7.122567442669364,-4.37558576239311,1.4201541915018274,0.015220791934989696
4184,-5.572776704165406,-4.390474315224306,1.4286992999003143,0.015205571143054706
4185,-5.402926222463872,-4.418688702608655,1.4344735883745747,0.01519036557191165
4186,-7.037158453539938,-4.46857354241175,1.4805556404613576,0.01517517520633974
4187,-4.363780049255183,-4.452456272729139,1.477218632768755,0.0151600000311334
4188,-5.191372197123574,-4.435419738604425,1.4636240425849125,0.015144840031102266
4189,-6.721854910224665,-4.4861723693610305,1.4976358810125994,0.015129695191071164
4190,-4.7864767942253925,-4.469661729663857,1.4896624226299988,0.015114565495880094
4191,-5.51622212695168,-4.476600204131275,1.4937074461759827,0.015099450930384214
4192,-5.981982782283338,-4.434957905634388,1.420333982269465,0.01508435147945383
4193,-6.393303077875315,-4.470293148835506,1.4463983811657783,0.015069267127974377
4194,-6.296641974934698,-4.495761629534303,1.4669751592062437,0.015054197860846403
4195,-5.271109305091702,-4.4938872019057206,1.4659230075596965,0.015039143662985557
4196,-6.174095581403103,-4.554646972458063,1.4713358487216281,0.015024104519322571
4197,-3.6362215422449404,-4.579697855909582,1.4445793706350136,0.015009080414803248
4198,-5.144928912100726,-4.571872177220344,1.440430359721734,0.014994071334388445
4199,-5.3839745812353,-4.623857289370623,1.4217767209233005,0.014979077263054056
4200,-2.3583985888580816,-4.600710062988482,1.4487931931132305,0.014964098185791003
4201,-5.980889813414116,-4.655101489693941,1.4485378198827539,0.014949134087605212
4202,-5.116794094488834,-4.659171654624011,1.4495431236625018,0.014934184953517607
4203,-4.494986274631978,-4.6904535540359875,1.4286345885151028,0.01491925076856409
4204,-5.571927616569135,-4.757591308575534,1.3890557165474462,0.014904331517795525
4205,-5.156528790519955,-4.79736947040184,1.3713192090215887,0.01488942718627773
4206,-5.1834327540943,-4.846872829621805,1.3393130778809805,0.014874537759091451
4207,-7.3491394155309315,-4.925326211700267,1.3683860867821673,0.014859663221332359
4208,-5.152314955073857,-4.9731815193744,1.33319505726002,0.014844803558111026
4209,-5.319230423780176,-5.040531136804999,1.2620170616834434,0.014829958754552916
4210,-5.184109199569823,-5.0446140057459665,1.2621447318148584,0.014815128795798363
4211,-2.606250264919054,-5.050779616784656,1.2494008830319152,0.014800313667002565
4212,-4.7408064071131495,-5.026064390509148,1.2430493633204418,0.014785513353335562
4213,-6.002986213794941,-5.089409437654888,1.2100808620361436,0.014770727839982227
4214,-4.93727615048652,-5.13454333478302,1.1604621726846096,0.014755957112142245
4215,-5.131716325908623,-5.191441287528434,1.0868507366881635,0.014741201155030102
4216,-7.036526072405701,-5.2411340002648785,1.1129606505010579,0.014726459953875072
4217,-6.420952127724492,-5.244199823763077,1.1159911625463002,0.014711733493921197
4218,-3.4259528166168387,-5.209557995385166,1.1446432660354344,0.014697021760427276
4219,-5.938609593616973,-5.216607377675668,1.14802114527851,0.014682324738666848
4220,-6.128973743935973,-5.247772066976664,1.1512109484592026,0.014667642413928181
4221,-5.427975851559424,-5.256707899008771,1.1508409471139318,0.014652974771514253
4222,-5.344699459123396,-5.2788679084478245,1.1416174079892967,0.014638321796742739
4223,-7.112988429144625,-5.370209438537595,1.1012928877492232,0.014623683474945996
4224,-6.697946161281646,-5.439814195352084,1.0726572972185209,0.014609059791471049
4225,-7.588435754872448,-5.477608257002434,1.1136229176638546,0.014594450731679578
4226,-6.32095647347124,-5.534284551428854,1.0825568745067853,0.014579856280947899
4227,-5.224180969296608,-5.531150189015991,1.083223109498346,0.014565276424666951
4228,-4.277309525739756,-5.495008179737058,1.0942515525022067,0.014550711148242284
4229,-6.013574901351131,-5.498777434375304,1.0957057583530048,0.014536160437094041
4230,-4.9631498270100405,-5.472626043227285,1.0925691121480117,0.014521624276656948
4231,-6.612755008631031,-5.504872451507072,1.1019101686823891,0.014507102652380291
4232,-6.972726672227147,-5.555837866691004,1.109664124244011,0.014492595549727911
4233,-6.8760321020890816,-5.550907159879397,1.103220549964161,0.014478102954178184
4234,-6.222445685236237,-5.563900539500814,1.1072201534612087,0.014463624851224006
4235,-5.891350503266928,-5.5736690251168755,1.1079112148001435,0.014449161226372782
4236,-4.633301689711416,-5.525591889840305,1.095447688076139,0.01443471206514641
4237,-6.440692294972052,-5.567130134754642,1.089968922259605,0.014420277353081263
4238,-5.276448755006289,-5.568831665912296,1.0894472860218054,0.014405857075728182
4239,-5.716688666823366,-5.548728341044271,1.0771904321731622,0.014391451218652453
4240,-4.529117051081001,-5.543581146181383,1.0814269872674267,0.014377059767433802
4241,-5.862962097529515,-5.55051594559294,1.0823406815187355,0.014362682707666368
4242,-6.0685876055371715,-5.552248042058016,1.0830988149683074,0.014348320024958701
4243,-5.115058798295335,-5.526683156466417,1.0780188759211053,0.014333971704933742
4244,-5.317949829149738,-5.507109313550718,1.0727330618152997,0.014319637733228809
4245,-5.432693243611885,-5.510340992321121,1.0722605155060976,0.01430531809549558
4246,-3.1692265985665884,-5.450243612664391,1.116662817091239,0.014291012777400084
4247,-4.677858078557247,-5.471076343390636,1.0920713855930901,0.014276721764622684
4248,-4.292990040194945,-5.45403756595252,1.1036122032269449,0.014262445042858061
4249,-5.3289537036491215,-5.452937148400798,1.1037089413465258,0.014248182597815203
4250,-2.063817570258298,-5.447045528028801,1.1208648305601807,0.014233934415217388
4251,-2.894267686868276,-5.385313085497884,1.1735249352406203,0.01421970048080217
4252,-1.8026625767031927,-5.319030455142172,1.275943976410139,0.014205480780321368
4253,-2.5136857081379254,-5.2794044438122905,1.3305190780013767,0.014191275299541046
4254,-2.717820722563719,-5.222322305932182,1.377151216659953,0.014177084024241506
4255,-3.015094018594626,-5.179493610493676,1.4114041713520902,0.014162906940217265
4256,-6.644471853535566,-5.208714392482501,1.4262295732190935,0.014148744033277047
4257,-5.231962190421815,-5.166370847980319,1.3930973560308166,0.014134595289243771
4258,-5.563344742843702,-5.174591443735716,1.3942024527618042,0.014120460693954527
4259,-3.4398159267469364,-5.137003153795051,1.4149763647998772,0.014106340233260573
4260,-5.096359010540502,-5.135248150014465,1.414971269051302,0.014092233893027313
4261,-4.982713831722867,-5.182777421350541,1.3683688789634565,0.014078141659134286
4262,-2.410030837682351,-5.136161909961925,1.4213078793175093,0.014064063517475151
4263,-2.4550883946900526,-5.065203953579827,1.4641777462615821,0.014049999453957676
4264,-2.4515956922716775,-5.0154903444155305,1.5091841114082087,0.014035949454503718
4265,-6.936715021049222,-5.051590318318343,1.532933589428402,0.014021913505049215
4266,-2.9242356968714693,-4.969344510807658,1.5345469596905466,0.014007891591544166
4267,-1.668527332755245,-4.874296014908273,1.5879435576592336,0.013993883699952622
4268,-1.9635474610776646,-4.84504790779749,1.627330474431576,0.01397988981625267
4269,-2.7494136278544143,-4.781263988482239,1.6456160555068995,0.013965909926436417
4270,-4.846058902851571,-4.75560569166055,1.6343657454394829,0.013951944016509982
4271,-2.5353955691171906,-4.697754086011706,1.6605269069534037,0.013937992072493471
4272,-2.656389807635627,-4.643987892981951,1.6820913771933172,0.013924054080420977
4273,-2.044296840905643,-4.54261406121717,1.6829745529374225,0.013910130026340556
4274,-2.5189963259309964,-4.459035064510157,1.6776201425484538,0.013896219896314215
4275,-5.7315963122327505,-4.421898275657363,1.6277455177530988,0.013882323676417901
4276,-3.7393747947428264,-4.370266642082795,1.6075067558943688,0.013868441352741484
4277,-3.1809778360710026,-4.329402579418283,1.6112457485890432,0.013854572911388743
4278,-4.544412123520729,-4.334744631373903,1.6115069448139037,0.013840718338477354
4279,-4.42444537226884,-4.3029620407922575,1.5936549196955618,0.013826877620138877
4280,-4.672290033035855,-4.297144844912773,1.5917641999861782,0.013813050742518738
4281,-3.4135142928597957,-4.2331600305973485,1.5614077822077042,0.013799237691776219
4282,-3.5724365547707237,-4.16515422824822,1.513933973374396,0.013785438454084442
4283,-6.2691753389641995,-4.153017092985722,1.4944596633679936,0.013771653015630358
4284,-1.9388495670306423,-4.067345170621611,1.4961517536145241,0.013757881362614728
4285,-5.010807415433137,-4.0497343088649345,1.4796697058699717,0.013744123481252113
4286,-5.757651277022482,-4.072221300611155,1.4968117327553865,0.01373037935777086
4287,-2.358570411609035,-3.990578862943895,1.4765902498834629,0.01371664897841309
4288,-4.690888542993733,-3.9788676587036447,1.4686459951667488,0.013702932329434677
4289,-5.382723628451104,-3.972188357936199,1.4614692061796082,0.013689229397105242
4290,-1.3216225154662489,-3.9080384672239035,1.5053516620555027,0.013675540167708137
4291,-2.874224774561041,-3.8482637207645345,1.4857494718677107,0.013661864627540429
4292,-2.7389469070890398,-3.781670906795572,1.4591202154308953,0.013648202762912889
4293,-4.888377228002561,-3.777137275389716,1.4553174091961536,0.013634554560149977
4294,-3.865663542453285,-3.748091549655787,1.4386729228037585,0.013620920005589827
4295,-4.990232473570481,-3.7392423342549597,1.4296160653641161,0.013607299085584237
4296,-3.1599388729233295,-3.739056579742094,1.4296907186765977,0.013593691786498652
4297,-4.758969979622277,-3.7406788177633947,1.430800622447223,0.013580098094712154
4298,-3.4640261369510394,-3.724099539698517,1.4291064792805832,0.013566517996617442
4299,-2.6086024103438037,-3.669692513832411,1.4187179930553955,0.013552951478620824
4300,-3.859931363837954,-3.7056147897040033,1.4002205053592023,0.013539398527142203
4301,-3.9038108392146413,-3.725805652750931,1.3956467116476985,0.01352585912861506
4302,-6.143938946442301,-3.812631180145713,1.4082857871283863,0.013512333269486445
4303,-4.790266516854942,-3.8581627963200535,1.4023430252270777,0.013498820936216958
4304,-4.411974477490585,-3.8920458714185906,1.3948277471735853,0.01348532211528074
4305,-7.188346692069262,-3.9755109248880833,1.4630478871505512,0.01347183679316546
4306,-5.469679618746917,-3.95201508019231,1.4290349255070514,0.013458364956372294
4307,-6.166844231816234,-3.970712721020199,1.45159749512886,0.013444906591415923
4308,-4.964684552568108,-3.9587395172146875,1.4408407251165807,0.013431461684824507
4309,-2.528525944713581,-3.94051371757402,1.4530018578055506,0.013418030223139681
4310,-5.648355870969614,-3.951553654782602,1.4637989780586864,0.013404612192916542
4311,-2.5791971435048593,-3.903483321018242,1.4686041375565493,0.013391207580723626
4312,-4.9964291614862795,-3.95521128749432,1.4606179980189038,0.013377816373142903
4313,-2.5926471922562726,-3.9579624634456447,1.4579168740260757,0.01336443855676976
4314,-5.950145275104279,-4.027933455102296,1.4678619492349985,0.01335107411821299
4315,-4.510981522109599,-3.9794187851235043,1.4098622392069924,0.013337723044094777
4316,-4.379959457876288,-4.008533260343601,1.4027844846911932,0.013324385321050682
4317,-4.155149911663517,-4.058265711921766,1.3624420603373468,0.01331106093572963
4318,-4.755882210255917,-4.114112406905331,1.3323310395702186,0.013297749874793902
4319,-5.708853331998499,-4.173301200988213,1.33612072915203,0.013284452124919108
4320,-4.14546785057556,-4.1592893799426935,1.3326611374015211,0.013271167672794189
4321,-6.642307804142101,-4.24142762464319,1.3563944867255116,0.013257896505121394
4322,-2.445071252216941,-4.237201253534817,1.3616457572051783,0.013244638608616273
4323,-3.0052165953060426,-4.256419648622825,1.337119646893559,0.013231393970007657
4324,-4.884517959075267,-4.30373008128571,1.316498396040497,0.013218162576037648
4325,-5.526184403637666,-4.299621843113809,1.3123501823413921,0.01320494441346161
4326,-4.490293255122914,-4.314640212321411,1.3101477116420164,0.013191739469048148
4327,-5.084375202070738,-4.352708159641406,1.3042944027826033,0.0131785477295791
4328,-6.591670550544914,-4.393653328181889,1.3412797716604412,0.013165369181849521
4329,-4.403936924165194,-4.393243159219816,1.3412734283785144,0.013152203812667672
4330,-3.918903455302059,-4.37817542766514,1.3422853620145665,0.013139051608855005
4331,-3.581060986601199,-4.381526361539969,1.3400802852305966,0.01312591255724615
4332,-3.842449355632371,-4.386926617557202,1.3373502017632757,0.013112786644688904
4333,-3.9844745032818167,-4.341232600843554,1.3110300408815108,0.013099673858044215
4334,-4.338308909170097,-4.389221787686342,1.2653331941336088,0.01308657418418617
4335,-3.4306420374189956,-4.357618480126059,1.2691412261949557,0.013073487610001983
4336,-3.0437944470280165,-4.303341343526171,1.2661335946974004,0.013060414122391981
4337,-5.144891108001974,-4.35906775745403,1.240366996892972,0.01304735370826959
4338,-2.051298961321306,-4.30627596582058,1.2806393517970525,0.01303430635456132
4339,-2.71007472746721,-4.2528229878009025,1.290334183446585,0.013021272048206758
4340,-2.493248494820843,-4.276255507387994,1.2467945082262708,0.013008250776158551
4341,-2.571474225043493,-4.270200496397644,1.254301265040386,0.012995242525382393
4342,-2.1879883107783673,-4.259181324471431,1.2700266304118948,0.012982247282857011
4343,-2.5304285835709632,-4.212022351582799,1.289417560107854,0.012969265035574154
4344,-2.711641850459917,-4.188941917742931,1.3056371940006986,0.012956295770538579
4345,-3.4007286379773007,-4.157151841031068,1.30509085728599,0.01294333947476804
4346,-2.710633402114157,-4.148165731614884,1.3134462430630072,0.012930396135293273
4347,-3.301858171056274,-4.119023495443564,1.3157335811784843,0.01291746573915798
4348,-2.182750362098955,-4.093397979946522,1.3404852971002217,0.012904548273418822
4349,-1.7114007029200644,-4.075453945798047,1.3660031867698332,0.012891643725145403
4350,-1.7351518628100584,-4.032958355777489,1.40455334829981,0.012878752081420258
4351,-2.8094865376382834,-4.011071869745962,1.4148834489541284,0.012865873329338837
4352,-1.887544761252155,-3.925943986042159,1.412038712576075,0.012853007456009499
4353,-2.417088257584375,-3.8784804208567483,1.4220381075182107,0.012840154448553489
4354,-2.0153594080324826,-3.830548119467586,1.4434773824749685,0.012827314294104936
4355,-2.2465553709696855,-3.7317122930455944,1.3778762167171732,0.012814486979810831
4356,-1.857811658440195,-3.6594749338394603,1.3795448871976355,0.01280167249283102
4357,-2.6849541555499576,-3.589837132314135,1.3384881289759296,0.01278887082033819
4358,-3.0322247804733253,-3.551187936872239,1.3260736153095376,0.012776081949517853
4359,-2.187897068586648,-3.5443753593497003,1.332170901511704,0.012763305867568336
4360,-1.9616251348427574,-3.4706407446271634,1.3156024486995426,0.012750542561700768
4361,-1.8685966833213272,-3.4564287354234926,1.3289263679475607,0.012737792019139067
4362,-1.9681720672385719,-3.3958635935385386,1.3263646885292208,0.012725054227119928
4363,-2.155988241495556,-3.387130414523324,1.3330452747704418,0.012712329172892809
4364,-2.0176272472156858,-3.3084800539655523,1.294972470891205,0.012699616843719915
4365,-3.913475073923219,-3.2965299250018245,1.2865500684580924,0.012686917226876196
4366,-1.6147710360989487,-3.2412261565662774,1.298168879614796,0.01267423030964932
4367,-1.7654788666344194,-3.193432735665696,1.3075969170930155,0.012661556079339671
4368,-2.8376941805349696,-3.155068975071277,1.2892028353379452,0.012648894523260332
4369,-2.2536311060766434,-3.0859645305528396,1.2422093383124373,0.012636245628737072
4370,-2.6237184809502634,-3.055529543160334,1.2344959433864988,0.012623609383108334
4371,-5.710449572480459,-3.036892378527101,1.186299006028763,0.012610985773725226
4372,-2.318512421018727,-3.034361201903137,1.1876932580450998,0.012598374787951502
4373,-3.137637864675334,-3.037009627290523,1.18777295568991,0.01258577641316355
4374,-2.692119770192982,-2.9931616635128773,1.158876693134862,0.012573190636750387
4375,-1.8135057357249662,-2.9189080901546225,1.112200195492808,0.012560617446113637
4376,-2.3389657301280837,-2.875881539654726,1.0920071551467667,0.012548056828667524
4377,-2.276085415219652,-2.8197157439177043,1.0483182975413885,0.012535508771838856
4378,-2.0759117705021666,-2.7294005683168496,0.9040610863038373,0.012522973263067018
4379,-2.610267848851793,-2.6935271868105817,0.8719185513704625,0.012510450289803951
4380,-2.439367351728568,-2.6639364647391117,0.8547674267536117,0.012497939839514147
4381,-2.4070762020742444,-2.6404567690485727,0.8453243483113336,0.012485441899674633
4382,-5.438415662439331,-2.672376095184712,0.917186004191645,0.012472956457774959
4383,-2.671299141409926,-2.646112587947274,0.8978353819150784,0.012460483501317184
4384,-2.5635983541420817,-2.6106183768467135,0.8647046537294405,0.012448023017815866
4385,-2.4077945917829275,-2.5901614279339924,0.8571287097631946,0.01243557499479805
4386,-4.549306206505834,-2.6202716631235488,0.8980046245899892,0.012423139419803253
4387,-5.2495594244162405,-2.6223650294518337,0.9039894575751027,0.01241071628038345
4388,-4.333154688106498,-2.668002143987538,0.9311970195525635,0.012398305564103066
4389,-6.30324579529422,-2.739865565344078,1.061238928769675,0.012385907258538963
4390,-6.555497217035541,-2.8211105397883722,1.187262320004336,0.012373521351280423
4391,-4.419053009663372,-2.8580621154807693,1.2074967637653293,0.012361147829929142
4392,-4.791828977853742,-2.9101389288222768,1.2333472939530077,0.012348786682099213
4393,-6.348392555333518,-2.9864982082575278,1.3224458283891527,0.012336437895417114
4394,-5.104261785702519,-3.03435060696238,1.3545333691026888,0.012324101457521696
4395,-4.266852189552248,-3.051673077993879,1.3646087812261678,0.012311777356064174
4396,-4.963379646480849,-3.096728002881213,1.3895659244571326,0.01229946557870811
4397,-4.895091211792456,-3.1285926636959367,1.4119910547552943,0.012287166113129402
4398,-6.847709302172641,-3.2218918424974103,1.49791796176093,0.012274878947016272
4399,-2.713527546141057,-3.2419343793618305,1.484214786472437,0.012262604068069257
4400,-6.266512211817005,-3.3325615863419693,1.5271652798522706,0.012250341464001188
4401,-5.484820327062682,-3.386068262130457,1.5545234096793064,0.012238091122537187
4402,-4.346383666125286,-3.4352450402279198,1.545204625797578,0.012225853031414649
4403,-6.7382202560539906,-3.5216676801973126,1.6055056847402684,0.012213627178383235
4404,-3.8546178632979196,-3.558452849302621,1.591581973804649,0.012201413551204852
4405,-7.039784694343179,-3.654317435770091,1.6528505948312653,0.012189212137653647
4406,-5.554830283814939,-3.7282578082775855,1.6535229758608125,0.012177022925515993
4407,-4.9858277631068795,-3.774275280428724,1.6558624995893554,0.012164845902590477
4408,-6.107386082020822,-3.8357785064596737,1.6840288928918432,0.012152681056687886
4409,-6.275660740670284,-3.9175337799013468,1.701181833029499,0.012140528375631197
4410,-7.088460587029116,-4.020070488945073,1.734384564073095,0.012128387847255567
4411,-6.660290401823523,-4.115904363315117,1.7452060387414838,0.01211625945940831
4412,-5.262338229726584,-4.181787686564878,1.7249448215134906,0.012104143199948902
4413,-6.236269565633515,-4.263393313047637,1.7236924920031784,0.012092039056748953
4414,-5.288705739547287,-4.328814882894269,1.6991150144050802,0.012079947017692204
4415,-6.216864177903524,-4.374882664973875,1.7183463129708223,0.012067867070674513
4416,-5.581686418549533,-4.4542209726228865,1.6802329202094821,0.012055799203603838
4417,-5.545543812625779,-4.529822271542714,1.642163249597692,0.012043743404400235
4418,-6.373687453328248,-4.6005421369985795,1.643906829964407,0.012031699660995834
4419,-6.309437588752708,-4.681658266652101,1.6260677983014473,0.012019667961334838
4420,-5.02932923300347,-4.729770481693165,1.5998427667186992,0.012007648293373504
4421,-1.728060065544467,-4.650122691554445,1.6474597981784942,0.01199564064508013
4422,-4.0281604858273825,-4.684315652850618,1.6161569350300815,0.01198364500443505
4423,-6.1764328728822555,-4.745091553014756,1.6139868527849506,0.011971661359430615
4424,-5.095960211936971,-4.793168361849636,1.5877060480170606,0.011959689698071185
4425,-2.5099742891596617,-4.807097732918331,1.5643874787572396,0.011947730008373113
4426,-5.7395746399010505,-4.87510991111379,1.5291302362083863,0.01193578227836474
4427,-2.421000694516068,-4.878008216699719,1.5243311167348412,0.011923846496086375
4428,-2.5988619545447773,-4.888467220380571,1.5067618346965554,0.01191192264959029
4429,-2.7381649684403495,-4.891025162772342,1.5029959518888105,0.0119000107269407
4430,-2.262004477318554,-4.8874779052841415,1.5089753885336576,0.011888110716213759
4431,-2.424093058684559,-4.887818242416348,1.508417731675923,0.011876222605497545
4432,-2.6378497024520056,-4.831806923216601,1.5386262715791992,0.011864346382892048
4433,-2.512383870773928,-4.828628617803881,1.5432431079993576,0.011852482036509156
4434,-2.404333505038091,-4.825443320821801,1.5480717161165944,0.011840629554472647
4435,-2.0391578025480332,-4.818070585037103,1.5603970370561473,0.011828788924918175
4436,-2.765452674360325,-4.782393514394193,1.586312131897509,0.011816960135993256
4437,-1.8272847547206477,-4.713948021000281,1.6376781949209487,0.011805143175857263
4438,-2.8055622889004272,-4.68339617301616,1.6586124036393826,0.011793338032681407
4439,-2.7974781574652994,-4.613280820259582,1.6627490556502895,0.011781544694648725
4440,-2.490200119199758,-4.531974878302866,1.66518140408023,0.011769763149954076
4441,-2.638450843442936,-4.4963628349784575,1.6861241144436463,0.011757993386804121
4442,-2.6232932900242263,-4.452992121221866,1.7057418609126067,0.011746235393417317
4443,-2.3905349754604543,-4.373834969624406,1.7077801892720306,0.0117344891580239
4444,-2.486096709715391,-4.321471668104663,1.7246367465670942,0.011722754668865876
4445,-2.0234803636746834,-4.276604231587111,1.7543985965868316,0.01171103191419701
4446,-2.894402210912107,-4.235224682875737,1.7620949485664499,0.011699320882282814
4447,-2.5943518303030113,-4.189209895245948,1.774260985517434,0.01168762156140053
4448,-2.604762523336643,-4.104350959669228,1.7463270293208246,0.01167593393983913
4449,-2.7669337660385067,-4.105419084067177,1.7454921518273252,0.01166425800589929
4450,-2.8208887254433828,-4.036506614339704,1.7267274881449064,0.01165259374789339
4451,-2.915596606382471,-3.9851221399261005,1.7210822138451147,0.011640941154145497
4452,-2.4318695859855697,-3.946831858323306,1.7338683667651937,0.01162930021299135
4453,-2.8264557196811806,-3.8685965675958496,1.6939441025768396,0.01161767091277836
4454,-2.5727557133007473,-3.842959324595906,1.703634208606984,0.011606053241865581
4455,-3.3083802347672164,-3.768331235404387,1.642596058747254,0.011594447188623716
4456,-2.576100290782855,-3.7087566355437454,1.6306959847777522,0.011582852741435093
4457,-2.765406683634997,-3.6643482139543075,1.6255390663408973,0.011571269888693659
4458,-2.2662192611933385,-3.587524877537758,1.59881269761567,0.011559698618804966
4459,-4.710984418142018,-3.5562313510871926,1.5607512600263032,0.011548138920186161
4460,-2.8227046667226023,-3.470916232681062,1.479829107253159,0.011536590781265975
4461,-1.8246345648377944,-3.3742031159413477,1.425238041348127,0.01152505419048471
4462,-2.4242930389036377,-3.317442212124889,1.4052854419066483,0.011513529136294224
4463,-3.326696305736092,-3.2592507469269405,1.3420326288827884,0.011502015607157929
4464,-1.7805615347771526,-3.1890878628315376,1.3257018635660858,0.011490513591550771
4465,-3.356570360752234,-3.131881986488512,1.2535650514570025,0.01147902307795922
4466,-2.119478319898009,-3.0626378245154813,1.2112386110270144,0.01146754405488126
4467,-6.242971797991919,-3.076586384222804,1.24334164704068,0.011456076510826379
4468,-5.092577900287726,-3.0509641931619935,1.1870589207154227,0.011444620434315551
4469,-2.5433340077577395,-2.9756421215420943,1.0937258602978044,0.011433175813881235
4470,-3.544693450910879,-2.945949405900243,1.0571084965108648,0.011421742638067355
4471,-1.570299472073041,-2.9427941940308138,1.0609672869298332,0.011410320895429288
4472,-3.5936848286465106,-2.934104680887197,1.053797347175358,0.011398910574533858
4473,-5.533211884473603,-2.921240261119024,1.0174363265779465,0.011387511663959324
4474,-2.7818237062824465,-2.8749575310059337,0.9689350802604076,0.011376124152295365
4475,-5.808181853711892,-2.940921682296978,1.050664439159049,0.01136474802814307
4476,-2.384689857029097,-2.8738239866395388,0.9741315990550543,0.011353383280114928
4477,-5.658014926420858,-2.9385642712776345,1.046744702842079,0.011342029896834813
4478,-5.537989952053326,-2.997346831227805,1.1068204044429732,0.011330687866937979
4479,-3.055433788999409,-3.003692207638987,1.1062256194026654,0.011319357179071041
4480,-2.914425200782242,-3.0167406221082604,1.1012366766897816,0.011308037821891971
4481,-1.954175858935104,-3.0073422781132715,1.1082374041905507,0.01129672978407008
4482,-1.865182388264521,-2.9918889318295214,1.1186203230523997,0.011285433054286009
4483,-3.16014722210477,-3.0048441988561385,1.1167413770320738,0.011274147621231722
4484,-5.135094048756046,-3.059459409730498,1.1522480238684796,0.01126287347361049
4485,-2.6843602322475397,-3.072363458324488,1.1443350359511353,0.01125161060013688
4486,-6.708839861861369,-3.1512312020745084,1.2513504231766606,0.011240358989536743
4487,-5.393972365909129,-3.222564954298278,1.2752766178472938,0.011229118630547206
4488,-4.431099871259974,-3.255075705945469,1.2849150989488376,0.011217889511916658
4489,-5.430911433191407,-3.3077443714599912,1.318609166922222,0.011206671622404742
4490,-4.4239638546794575,-3.3464196461695854,1.3224166154520873,0.011195464950782337
4491,-5.26753711594155,-3.3990013716195575,1.3452919077705903,0.011184269485831554
4492,-6.776840168812948,-3.482072309195332,1.4209401728020667,0.011173085216345722
4493,-3.910227872616264,-3.512466167138448,1.4135007806128466,0.011161912131129376
4494,-3.0628917977796672,-3.5240020688997333,1.407417861465723,0.011150750218998246
4495,-5.845556890982458,-3.600443599445889,1.427495273989442,0.011139599468779248
4496,-5.84398182399541,-3.659435191707555,1.4577249863257702,0.01112845986931047
4497,-6.17769287298173,-3.73110201256113,1.4912982217512096,0.01111733140944116
4498,-6.296146557503736,-3.804929693244472,1.5247085351680516,0.011106214078031718
4499,-6.1484694016445784,-3.872560405956593,1.551920442648847,0.011095107863953686
4500,-5.423403780480514,-3.9246107070573357,1.5594004820574288,0.011084012756089733
4501,-6.064694727982412,-3.9875926694893344,1.5808226146770288,0.011072928743333644
4502,-6.017111383322929,-4.059297505436081,1.589915718999361,0.01106185581459031
4503,-6.000801688438292,-4.122784424811224,1.602745206534009,0.01105079395877572
4504,-5.689733566462701,-4.1851239818744626,1.60186166344451,0.011039743164816944
4505,-5.945471402385181,-4.237865805226822,1.615481958345194,0.011028703421652127
4506,-5.684412578287619,-4.300032050976918,1.610136011168407,0.011017674718230475
4507,-5.330033412256219,-4.351324585549342,1.6012568832268619,0.011006657043512244
4508,-7.311923050063964,-4.452238661326755,1.6254813245558883,0.010995650386468731
4509,-6.475221590597876,-4.487523404775871,1.6496832225214468,0.010984654736082263
4510,-6.112648751864979,-4.5533222864787195,1.647578059182315,0.010973670081346181
4511,-5.302115429496127,-4.622871903771886,1.6037379466762194,0.010962696411264836
4512,-3.4066918263692063,-4.642519879521197,1.582560032912094,0.01095173371485357
4513,-5.049652375461621,-4.676979000915708,1.5722582900280373,0.010940781981138717
4514,-4.102340316144053,-4.723414576543046,1.5194273189184528,0.010929841199157578
4515,-2.7360917495952353,-4.711005004319906,1.5330130978430345,0.010918911357958421
4516,-4.437807833931837,-4.757371594600583,1.4883386107404413,0.010907992446600463
4517,-1.8938583345231599,-4.670389325331207,1.525594936272402,0.010897084454153863
4518,-6.2588699141665405,-4.6937151656087845,1.5407129396876615,0.01088618736969971
4519,-2.7369176386396017,-4.697586838226421,1.5355389026079331,0.010875301182330011
4520,-2.9107077156255863,-4.6849071235207145,1.547576952200689,0.010864425881147681
4521,-1.7584499814744745,-4.688670133708744,1.540210269532261,0.010853561455266534
4522,-2.7220585429442465,-4.671237607994699,1.5573423348873585,0.010842707893811268
4523,-6.664056794487485,-4.693854506194976,1.577773810494729,0.010831865185917456
4524,-2.4218300495877303,-4.686654633061082,1.5872753466056413,0.01082103332073154
4525,-2.6715128654373985,-4.623921253295592,1.6036106166225244,0.010810212287410808
4526,-2.9961372002952325,-4.636150200160914,1.5887504323041335,0.010799402075123397
4527,-4.187480517749108,-4.606739511987479,1.5831629375621956,0.010788602673048273
4528,-2.7622407147150247,-4.551224527240713,1.5981307649749632,0.010777814070375225
4529,-5.381608492229896,-4.597748021305323,1.5877343790425196,0.01076703625630485
4530,-5.684565253730504,-4.653150822364289,1.576319418011593,0.010756269220048544
4531,-1.9532182980722992,-4.653131671147031,1.5763522140955304,0.010745512950828496
4532,-5.89278983372866,-4.7336838200563145,1.5341706154507653,0.010734767437877667
4533,-3.3358371644471623,-4.737197618903163,1.5307600358907791,0.01072403267043979
4534,-4.759186061332077,-4.729679459154683,1.5297101043036068,0.01071330863776935
4535,-4.835234539767732,-4.772696945305087,1.5015720834497406,0.010702595329131582
4536,-5.146335488572644,-4.741446857839312,1.477010927915788,0.01069189273380245
4537,-2.4496690783722177,-4.682560792088575,1.508185276906854,0.010681200841068649
4538,-5.568199787182592,-4.705302790407027,1.5127881899623723,0.01067051964022758
4539,-5.277300825882237,-4.702230578260844,1.5114668855797808,0.010659849120587353
4540,-4.985276167929587,-4.713456824525846,1.5114429418031645,0.010649189271466766
4541,-2.569289620872989,-4.659491874624475,1.538621626998155,0.0106385400821953
4542,-5.7864603775711405,-4.639684278799638,1.5174656682669003,0.010627901542113105
4543,-2.2916966849564977,-4.607313655046443,1.5496041362015418,0.010617273640570992
4544,-5.776681746696243,-4.661589454024774,1.5420670458152903,0.01060665636693042
4545,-5.141998866000435,-4.647518293525134,1.5343901272031384,0.01059604971056349
4546,-5.767301827757082,-4.645984693600368,1.5332313961713562,0.010585453660852926
4547,-6.63653992106981,-4.65516163456213,1.5437091375309642,0.010574868207192074
4548,-5.8389444557940315,-4.646017592527936,1.5352929664407091,0.01056429333898488
4549,-2.0991276093792828,-4.56503075668263,1.5604971541700994,0.010553729045645896
4550,-6.00327616338344,-4.576628204340688,1.56896519382013,0.01054317531660025
4551,-2.8681805430928873,-4.512697920642898,1.5721493971293432,0.01053263214128365
4552,-4.257597259375552,-4.47750763816395,1.5577071934503388,0.010522099509142365
4553,-5.841139293636898,-4.4743143902679225,1.554742047498214,0.010511577409633223
4554,-6.705548651726163,-4.4946306919731915,1.5769696678303047,0.010501065832223589
4555,-8.017494755139301,-4.536071159028274,1.640496470510756,0.010490564766391366
4556,-5.578855858680417,-4.53396002463613,1.639084638193729,0.010480074201624974
4557,-5.640116413230338,-4.540161684655612,1.6426676392157626,0.01046959412742335
4558,-6.4752507006477025,-4.523428237667287,1.6184298357789357,0.010459124533295927
4559,-4.541487877447768,-4.4847535634042845,1.5942509150290562,0.01044866540876263
4560,-5.178677189640442,-4.466074132159794,1.5804799283787412,0.010438216743353868
4561,-6.243803936119148,-4.484907902292255,1.5958663030502709,0.010427778526610514
4562,-6.788312156170461,-4.552540308888279,1.6202091037262678,0.010417350748083904
4563,-3.8066845306758776,-4.527680951992565,1.6219257568937633,0.01040693339733582
4564,-3.329684147580752,-4.512227828621299,1.6295674259112503,0.010396526463938485
4565,-6.448895049488318,-4.58648389461916,1.6315319314425916,0.010386129937474547
4566,-4.650427586049187,-4.590736289661507,1.631415963188494,0.010375743807537072
4567,-5.025810842731914,-4.653375339825683,1.5861642971574965,0.010365368063729535
4568,-6.006644640467698,-4.648330834351706,1.5814443493142911,0.010355002695665807
4569,-6.054297331679936,-4.714678428212513,1.5694040443761845,0.010344647692970142
4570,-2.9288856759149025,-4.715041987418299,1.5689881550779072,0.010334303045277172
4571,-5.427730645932739,-4.788427600707465,1.5138256700242043,0.010323968742231895
4572,-5.999967982722241,-4.8539857895030245,1.4937634563054158,0.010313644773489663
4573,-3.124542713421185,-4.783195507881699,1.4901712403706882,0.010303331128716174
4574,-5.559104319264602,-4.845940993275235,1.455057759269301,0.010293027797587458
4575,-7.583484476280034,-4.944180425492087,1.4706672735638417,0.01028273476978987
4576,-5.364464558454653,-4.991546972655277,1.445079225041048,0.01027245203502008
4577,-6.839214453792181,-5.044581651376138,1.4631433062544212,0.01026217958298506
4578,-2.430498280109299,-5.037946802684023,1.4741883691833433,0.010251917403402075
4579,-5.893500277294782,-5.048184638385321,1.4783111656132275,0.010241665485998672
4580,-5.558224313893861,-5.0456578195885875,1.4773289143666084,0.010231423820512673
4581,-6.843348378186788,-5.143460421190877,1.4304913684983178,0.01022119239669216
4582,-5.4745347942709515,-5.135095320401724,1.427304415279831,0.010210971204295469
4583,-5.832797547319379,-5.185034528059168,1.4070156854596128,0.010200760233091173
4584,-6.203991145910081,-5.2139306297507275,1.412797461735185,0.010190559472858081
4585,-5.688454944219719,-5.230995037839768,1.4132730542223715,0.010180368913385222
4586,-6.268197030951044,-5.253432268687336,1.4206370793301015,0.010170188544471838
4587,-6.51626322210805,-5.3347641515620525,1.3734146918489853,0.010160018355927366
4588,-6.849000138677266,-5.360380158591946,1.38938119482899,0.010149858337571439
4589,-4.367787564666652,-5.3421898933676335,1.3962864951131406,0.010139708479233867
4590,-5.220096061910793,-5.346886291247258,1.3954727909234812,0.010129568770754632
4591,-6.851130867430761,-5.432523116178413,1.3531314843937177,0.010119439201983878
4592,-6.317932525842368,-5.443152559143838,1.3579489658135815,0.010109319762781895
4593,-5.9401865556001585,-5.5161223565567115,1.282578721074605,0.010099210443019114
4594,-8.333270609298463,-5.567254133808755,1.341552227366172,0.010089111232576095
4595,-3.894853185563907,-5.542311220200025,1.360684345316604,0.010079022121343519
4596,-6.20637482841034,-5.55109268021309,1.3635218984654858,0.010068943099222174
4597,-7.252416419798292,-5.56341021018766,1.3759965047681268,0.010058874156122952
4598,-5.3621602830849735,-5.553874526733479,1.3757060369600416,0.01004881528196683
4599,-5.602861507144068,-5.623949204688775,1.2841336024196988,0.010038766466684862
4600,-5.7881351658879066,-5.619646384738864,1.283215475424575,0.010028727700218176
4601,-4.65270036308716,-5.65533678113875,1.2299010360979483,0.010018698972517958
4602,-5.778988563396834,-5.685764607219175,1.213656864952348,0.01000868027354544
4603,-4.228116513009049,-5.653504151606619,1.2304203274967187,0.009998671593271896
4604,-5.043115121556802,-5.62025548100323,1.2239870305586196,0.009998671593271896
4605,-5.218553843548635,-5.564276662771418,1.1761389306738137,0.009998671593271896
4606,-5.175587226364026,-5.55621129012509,1.1773933380612636,0.009998671593271896
4607,-4.833443498910728,-5.540077831838698,1.1816521688895754,0.009998671593271896
4608,-6.321179963558352,-5.53699641709691,1.1794082406177415,0.009998671593271896
4609,-4.109735007188743,-5.52836135969173,1.188212940265599,0.009998671593271896
4610,-3.9860276830835963,-5.504508369560593,1.2068186729168247,0.009998671593271896
4611,-2.0845729506842647,-5.421323749851895,1.2932438420636996,0.009998671593271896
4612,-4.775613726700552,-5.3810697812624975,1.2813371670517708,0.009998671593271896
4613,-2.545592496757185,-5.355847940584123,1.3237876131368924,0.009998671593271896
4614,-4.171258284279313,-5.372679423318095,1.3031072882301662,0.009998671593271896
4615,-2.36208493866733,-5.290943221101675,1.359969330325411,0.009998671593271896
4616,-2.0820383567149565,-5.23957543651499,1.4299000430558648,0.009998671593271896
4617,-5.250784828878696,-5.244074916237926,1.429574235495249,0.009998671593271896
4618,-2.841474378412083,-5.180771510996814,1.464067863480955,0.009998671593271896
4619,-4.1038190733467275,-5.141761945830149,1.4662566441705907,0.009998671593271896
4620,-4.646339826674471,-5.176111028845341,1.4337716418154989,0.009998671593271896
4621,-4.964653497625403,-5.166849485879194,1.433612005325125,0.009998671593271896
4622,-2.565624604033672,-5.098162618305423,1.473760898232218,0.009998671593271896
4623,-5.304194947749341,-5.1417556629919865,1.4467260651034133,0.009998671593271896
4624,-2.0853375998442436,-5.072280328603579,1.5071628030435498,0.009998671593271896
4625,-2.9816219860658686,-4.980243078799296,1.4914298442115388,0.009998671593271896
4626,-4.726952059837277,-4.967492828826948,1.4908155537247603,0.009998671593271896
4627,-1.9323976022275327,-4.869356491795655,1.5254735325285147,0.009998671593271896
4628,-7.1290781450984175,-4.963328089095437,1.5170382621476166,0.009998671593271896
4629,-4.832376732600839,-4.942105618201558,1.5112886073514824,0.009998671593271896
4630,-2.8354665491098867,-4.887650462905879,1.5369432029769166,0.009998671593271896
4631,-6.00371535687452,-4.870857802479634,1.519976758364106,0.009998671593271896
4632,-5.9828224864878585,-4.881023556323973,1.5256692939091019,0.009998671593271896
4633,-3.7208690317923727,-4.838784986013431,1.527967405860588,0.009998671593271896
4634,-2.4961890466929115,-4.764628944029088,1.5497305031287139,0.009998671593271896
4635,-2.568552339407556,-4.702230891932845,1.5738986863572024,0.009998671593271896
4636,-2.3901628673781516,-4.624670208661387,1.5902860080374615,0.009998671593271896
4637,-2.8525016344968037,-4.551394976909162,1.5858403054236292,0.009998671593271896
4638,-6.629553590228663,-4.54700604594019,1.579767478601098,0.009998671593271896
4639,-4.6122342326752666,-4.5518949793003625,1.5795835191032368,0.009998671593271896
4640,-3.5256029189671074,-4.518005116441488,1.583057555853229,0.009998671593271896
4641,-5.129336175844077,-4.483569222609755,1.5503194484509406,0.009998671593271896
4642,-2.854039228121267,-4.414291356655333,1.5441828114015044,0.009998671593271896
4643,-5.803591525936306,-4.411559456062056,1.5415995160193283,0.009998671593271896
4644,-2.429791495184138,-4.2934898737797695,1.4606643554073544,0.009998671593271896
4645,-5.125713068821284,-4.318107071444917,1.4641065662991082,0.009998671593271896
4646,-4.733449340316946,-4.288648561683049,1.4404441381911017,0.009998671593271896
4647,-4.680671755830792,-4.237213668403699,1.3782702972789855,0.009998671593271896
4648,-5.236236808108176,-4.234695198904164,1.3763260938558586,0.009998671593271896
4649,-2.7860142489054094,-4.17835825373939,1.3768208359099439,0.009998671593271896
4650,-2.040415216869559,-4.103403854759023,1.3891025256292366,0.009998671593271896
4651,-1.4998027165085035,-4.04034590182745,1.433586330132358,0.009998671593271896
4652,-2.8767659345479535,-3.982301449250472,1.420711585150168,0.009998671593271896
4653,-3.223725602412223,-3.9622136310385354,1.4241903430146203,0.009998671593271896
4654,-6.377134629174979,-3.9888940211908994,1.456322834339328,0.009998671593271896
4655,-2.6934468220537817,-3.938391880761002,1.4565878397716903,0.009998671593271896
4656,-2.276998819950509,-3.880420112632732,1.4638575411075325,0.009998671593271896
4657,-6.142515455232562,-3.906601551759169,1.4921024992228387,0.009998671593271896
4658,-2.1738166999268347,-3.8236542864865384,1.470692594695129,0.009998671593271896
4659,-6.396176828629733,-3.869383122915358,1.51379198790042,0.009998671593271896
4660,-4.636242200680826,-3.8823874132673026,1.5175264112688902,0.009998671593271896
4661,-2.4369936677546815,-3.889435827608711,1.5099593549191295,0.009998671593271896
4662,-3.328794156199479,-3.8604994361986895,1.5065590247506382,0.009998671593271896
4663,-3.488546880180354,-3.879358523867153,1.495844844481088,0.009998671593271896
4664,-4.283760442574153,-3.88160856703305,1.4963667481272453,0.009998671593271896
4665,-4.54426004384243,-3.925252069136552,1.4831762498355234,0.009998671593271896
4666,-4.556384251696791,-3.974738987036188,1.461978335638749,0.009998671593271896
4667,-3.584333090935986,-3.9414099522773336,1.4514655713394014,0.009998671593271896
4668,-5.651026177692964,-3.9976009882629517,1.46214002738776,0.009998671593271896
4669,-5.538835627990387,-4.0263013193558255,1.477941876173274,0.009998671593271896
4670,-3.01343700232555,-3.9936432628688467,1.4819158438238575,0.009998671593271896
4671,-4.585630979740243,-3.9860628125111432,1.4778933914755294,0.009998671593271896
4672,-4.884880239228284,-4.032447925215036,1.4689526401949944,0.009998671593271896
4673,-3.2714851873582202,-3.9917937300072137,1.4613020124291496,0.009998671593271896
4674,-3.4655069419903115,-4.019397116850135,1.437876796079687,0.009998671593271896
4675,-8.042709421888112,-4.120618865566579,1.5360485447820604,0.009998671593271896
4676,-6.652242614634202,-4.159124676662517,1.5744179914261343,0.009998671593271896
4677,-6.613538866676721,-4.252747501951502,1.5783990272911463,0.009998671593271896
4678,-4.926329678109667,-4.208692532611726,1.5274198337774554,0.009998671593271896
4679,-5.089054692596936,-4.213826091811649,1.5299366347058447,0.009998671593271896
4680,-5.211515258024643,-4.261347065989943,1.5232721477453155,0.009998671593271896
4681,-3.942229955796842,-4.22011735796839,1.5033222930070063,0.009998671593271896
4682,-5.849120803822814,-4.21744332431509,1.5003003776996786,0.009998671593271896
4683,-4.6812091817524975,-4.236650127314292,1.4999673919438892,0.009998671593271896
4684,-6.004482980955224,-4.306816005999538,1.4989661406677506,0.009998671593271896
4685,-4.397412293834171,-4.34339320508807,1.478274176744869,0.009998671593271896
4686,-4.670658708705691,-4.389003121914621,1.4522582953014762,0.009998671593271896
4687,-3.188118403535559,-4.395715457295396,1.445902779078064,0.009998671593271896
4688,-2.124121906073045,-4.305606823612283,1.4442705320810212,0.009998671593271896
4689,-5.543700791831313,-4.324236154795405,1.4540795865358602,0.009998671593271896
4690,-4.687766181196563,-4.347479420039994,1.4504116571841188,0.009998671593271896
4691,-4.884361034448345,-4.342579917212079,1.4481743015926933,0.009998671593271896
4692,-3.5653374719315662,-4.356805882088285,1.436931967223974,0.009998671593271896
4693,-6.306100392990789,-4.3668560594293755,1.448724846264939,0.009998671593271896
4694,-5.833175356959613,-4.434923736664885,1.436011119255778,0.009998671593271896
4695,-4.366767998854453,-4.419744835265548,1.4326362558730845,0.009998671593271896
4696,-4.4587955088300735,-4.41425175863581,1.4319492855976135,0.009998671593271896
4697,-6.160597097309305,-4.443850265465381,1.4523007723805015,0.009998671593271896
4698,-4.62941633489384,-4.431713856001094,1.4481579360296137,0.009998671593271896
4699,-4.156279795559584,-4.459119166934178,1.4296017246475816,0.009998671593271896
4700,-5.051117070127779,-4.5193332039993415,1.3892955104088558,0.009998671593271896
4701,-2.904930670974144,-4.547435763088655,1.3413153562417248,0.009998671593271896
4702,-3.858258339812517,-4.5670656111939465,1.3237893000203527,0.009998671593271896
4703,-2.057847940473755,-4.543748057955177,1.3570949198035294,0.009998671593271896
4704,-2.8210536159465063,-4.472626437690607,1.3523223480026718,0.009998671593271896
4705,-4.100776090185424,-4.50077302305324,1.3294507716213961,0.009998671593271896
4706,-2.9543748541084556,-4.5143205437364,1.310030278527438,0.009998671593271896
4707,-6.460916561328755,-4.520688565858323,1.3186747615203003,0.009998671593271896
4708,-5.348731657638455,-4.584186865012555,1.280010956519522,0.009998671593271896
4709,-2.6841394213823526,-4.509946116867607,1.280411579657426,0.009998671593271896
4710,-2.7933097320729674,-4.47308746749545,1.3025793829258818,0.009998671593271896
4711,-2.7235697252838404,-4.478818988646033,1.29421129877168,0.009998671593271896
4712,-5.221536364653972,-4.516673832815123,1.2876844863353838,0.009998671593271896
4713,-6.140465031789542,-4.569712195847307,1.29881150477594,0.009998671593271896
4714,-2.9599581918831204,-4.543236150833486,1.3177257434460112,0.009998671593271896
4715,-5.602257278996216,-4.564396095536562,1.3260406802625886,0.009998671593271896
4716,-4.8181388238290594,-4.569631186979208,1.3265153233865217,0.009998671593271896
4717,-4.699415209699453,-4.591932829354477,1.3191156776478532,0.009998671593271896
4718,-5.856289065623351,-4.596038087113085,1.3227198030229357,0.009998671593271896
4719,-2.1778823792785342,-4.528819022138848,1.3580285236687752,0.009998671593271896
4720,-2.1102036219769382,-4.510754354531875,1.3838285640355823,0.009998671593271896
4721,-5.41218995388641,-4.527285534014799,1.3895494979889367,0.009998671593271896
4722,-2.4370784808908272,-4.4783294988480495,1.4188984970802905,0.009998671593271896
4723,-4.477524078401087,-4.502450276668907,1.408389747983334,0.009998671593271896
4724,-5.713388941654645,-4.547407916662193,1.4104477701252376,0.009998671593271896
4725,-2.3267324528133666,-4.433088377280699,1.3529890218449558,0.009998671593271896
4726,-5.426184190740418,-4.408567208802824,1.3233328684954493,0.009998671593271896
4727,-5.414687393647733,-4.3845901793422435,1.293693371392597,0.009998671593271896
4728,-5.834825131864314,-4.402760088417336,1.3074809322698306,0.009998671593271896
4729,-5.301059601026536,-4.407000186585928,1.3100409323487812,0.009998671593271896
4730,-4.2032256806527775,-4.386834395038491,1.3052532996558386,0.009998671593271896
4731,-4.578933831033344,-4.399568472543221,1.3039588188477738,0.009998671593271896
4732,-4.649232985871124,-4.375570716184187,1.2880043932776615,0.009998671593271896
4733,-2.536682554668777,-4.332680183642513,1.3125843269288948,0.009998671593271896
4734,-3.018612075611945,-4.272962765535647,1.30305351128142,0.009998671593271896
4735,-4.246120345880243,-4.269936926576569,1.3029366654482544,0.009998671593271896
4736,-3.5013196728173748,-4.246550145858802,1.3060248479179666,0.009998671593271896
4737,-2.46541499329664,-4.232096077654024,1.3215654644633323,0.009998671593271896
4738,-2.038189024310736,-4.230377420018778,1.3243586312216395,0.009998671593271896
4739,-5.472650546128982,-4.228956415104731,1.3229861109076013,0.009998671593271896
4740,-2.7280212039811844,-4.1897615155604235,1.337760072522243,0.009998671593271896
4741,-3.3819435968813663,-4.159713166809084,1.3386938164995115,0.009998671593271896
4742,-3.581533013295285,-4.160037077636358,1.338551913778814,0.009998671593271896
4743,-1.8303918880392034,-4.070522907537327,1.341693563504897,0.009998671593271896
4744,-3.2009597591625494,-4.017878595581386,1.3230094946750368,0.009998671593271896
4745,-5.674821374255445,-4.044039663089405,1.3424397314847376,0.009998671593271896
4746,-4.791399853528242,-4.050691749983368,1.3452994756790415,0.009998671593271896
4747,-5.299941350534901,-4.033478635047881,1.323522900343093,0.009998671593271896
4748,-5.867023358283044,-4.058230775515664,1.345821343817586,0.009998671593271896
4749,-3.145308829803332,-4.03801135620054,1.351777541583734,0.009998671593271896
4750,-4.752105077113244,-4.032031116340249,1.3479383115537877,0.009998671593271896
4751,-1.9493478718010306,-4.012919460356787,1.3703710147339094,0.009998671593271896
4752,-5.333156146020994,-4.042417416480956,1.382544279756223,0.009998671593271896
4753,-4.266548296925015,-4.086591423609981,1.353407446229775,0.009998671593271896
4754,-1.159720281946547,-4.053364756929982,1.403533925089475,0.009998671593271896
4755,-3.5016512588986606,-4.041382260304247,1.4056339130938256,0.009998671593271896
4756,-1.4734386052011996,-4.011763535326102,1.4433240866358874,0.009998671593271896
4757,-2.7974541663740697,-3.938494287427008,1.4097304601768932,0.009998671593271896
4758,-4.387510497828922,-3.9192698642308175,1.3968633842436362,0.009998671593271896
4759,-5.7163893867568785,-3.979914863538308,1.407704274926891,0.009998671593271896
4760,-1.7794296315127012,-3.9596372615271025,1.431747957872117,0.009998671593271896
4761,-7.502562545578339,-4.055217117932992,1.5037472654022377,0.009998671593271896
4762,-4.335482358857345,-4.03749603781706,1.4950942317874831,0.009998671593271896
4763,-5.806196913283033,-4.030810675446929,1.486397844387388,0.009998671593271896
4764,-4.114102610910053,-4.053893563827469,1.4785296690167071,0.009998671593271896
4765,-1.820914110070725,-3.9782667004489585,1.4940233936010352,0.009998671593271896
4766,-5.216946127861385,-3.9862428465296045,1.4995403004008028,0.009998671593271896
4767,-2.1872775893952183,-3.9360000941235205,1.5167893729495,0.009998671593271896
4768,-5.740228274382977,-3.933678878298713,1.51393500709152,0.009998671593271896
4769,-5.899823277893891,-4.00811769627102,1.5172725915793266,0.009998671593271896
4770,-5.529317359361242,-4.0764999710187055,1.507209140527559,0.009998671593271896
4771,-6.433776839519691,-4.096931708731372,1.5318993659743438,0.009998671593271896
4772,-3.0860512544537957,-4.1099111642026305,1.5204875968930565,0.009998671593271896
4773,-7.4894721116195555,-4.170150124867,1.5918478755132668,0.009998671593271896
4774,-7.893211205326548,-4.213746570140438,1.6618275975562176,0.009998671593271896
4775,-5.290808646101517,-4.273028094006202,1.646250732317912,0.009998671593271896
4776,-6.147281327921249,-4.287450036749819,1.6593958555006927,0.009998671593271896
4777,-4.428368759978916,-4.267723664076442,1.6517231475127525,0.009998671593271896
4778,-5.771881951348586,-4.266464800466128,1.6505518695722277,0.009998671593271896
4779,-4.632865260267527,-4.253100913650948,1.6448161412721751,0.009998671593271896
4780,-4.377397214670609,-4.256584344331304,1.6448912562634024,0.009998671593271896
4781,-3.689434191839607,-4.238794351547429,1.6461183928157868,0.009998671593271896
4782,-5.83059610227035,-4.262421613875413,1.660257502456319,0.009998671593271896
4783,-3.8806714655205194,-4.289301392092448,1.6428888000992183,0.009998671593271896
4784,-1.6385156389339104,-4.261699463358887,1.675279683642182,0.009998671593271896
4785,-4.568052041513042,-4.268138097271543,1.6758259892609355,0.009998671593271896
4786,-3.4340692146317737,-4.266793088107832,1.67646775851218,0.009998671593271896
4787,-6.222199570249829,-4.341928779646896,1.6782347280957297,0.009998671593271896
4788,-2.0890321584365013,-4.34294564232941,1.6768533910535324,0.009998671593271896
4789,-5.665480856078352,-4.346802248528398,1.67966655801534,0.009998671593271896
4790,-3.1829365563496936,-4.355900555575769,1.6720883925525218,0.009998671593271896
4791,-4.445249226472203,-4.377166668167585,1.6663178464855204,0.009998671593271896
4792,-5.521894132542458,-4.415973890552529,1.669927102033344,0.009998671593271896
4793,-2.8705660186088355,-4.436777373163921,1.643862757408785,0.009998671593271896
4794,-3.08275651911826,-4.434413308363036,1.645722249456305,0.009998671593271896
4795,-3.1361070537859552,-4.383639021953645,1.6458321401072467,0.009998671593271896
4796,-2.38367736966899,-4.33548457227646,1.6682674056287083,0.009998671593271896
4797,-5.540581289793307,-4.340297371061629,1.6713870282133398,0.009998671593271896
4798,-2.5838644307600567,-4.274634192511169,1.6746062921585045,0.009998671593271896
4799,-3.5430603859265655,-4.282589223633634,1.67016150129537,0.009998671593271896
4800,-3.261318478141223,-4.252773491654193,1.6748138518994682,0.009998671593271896
4801,-4.789920048843612,-4.309584935195045,1.6436024565421008,0.009998671593271896
4802,-3.273107843072666,-4.268383969136078,1.6432477750857575,0.009998671593271896
4803,-2.2150398895918033,-4.227353800989414,1.6682038683603062,0.009998671593271896
4804,-3.1676206992046163,-4.267511809334575,1.6172645601679714,0.009998671593271896
4805,-3.4262871734520357,-4.266004527625643,1.6180125820843254,0.009998671593271896
4806,-3.4264703116078126,-4.305065161753776,1.5730756014954468,0.009998671593271896
4807,-2.759549571367224,-4.304307069853638,1.5738109237934825,0.009998671593271896
4808,-1.951749552250231,-4.255591850942064,1.6078120949172519,0.009998671593271896
4809,-3.8567184776144545,-4.218398432759216,1.595048523635635,0.009998671593271896
4810,-2.1047463989924116,-4.22490476810881,1.5857227319050426,0.009998671593271896
4811,-5.976567720888545,-4.194384871615014,1.536258692498464,0.009998671593271896
4812,-3.6827579547998233,-4.181330383533864,1.537776779197847,0.009998671593271896
4813,-3.2550833657106772,-4.130308112582417,1.5252898073735384,0.009998671593271896
4814,-2.286818688637912,-4.093762434136973,1.5469768009323166,0.009998671593271896
4815,-5.330513664355592,-4.163954425222671,1.5216716429752313,0.009998671593271896
4816,-5.806327362062728,-4.175742049906697,1.5320305439827304,0.009998671593271896
4817,-5.183390159120982,-4.235664301301213,1.5115403360511264,0.009998671593271896
4818,-7.486682723842572,-4.270593390290405,1.5651333192236663,0.009998671593271896
4819,-5.14720550336671,-4.255541034799862,1.5529639110233406,0.009998671593271896
4820,-5.188723938097139,-4.248729166374579,1.5481010921478389,0.009998671593271896
4821,-4.449077054692342,-4.209035170678033,1.5166922881928637,0.009998671593271896
4822,-2.5459119246561106,-4.198232384082079,1.5265439783945536,0.009998671593271896
4823,-3.217708320557176,-4.112797108260832,1.457950857031411,0.009998671593271896
4824,-5.712208061312396,-4.069177045380548,1.3744270386826318,0.009998671593271896
4825,-3.4658097458514754,-4.032677067375547,1.3657052401132397,0.009998671593271896
4826,-2.2517175516212835,-3.954765791849548,1.3539150447422563,0.009998671593271896
4827,-5.2122383123323415,-3.9704431828966165,1.3638104395979491,0.009998671593271896
4828,-4.451821590525574,-3.9440419756801566,1.3412728141995789,0.009998671593271896
4829,-5.139721430044303,-3.9541790990756915,1.3483372863063965,0.009998671593271896
4830,-5.045587441424871,-3.967542903610777,1.3557566220749502,0.009998671593271896
4831,-5.256449211516727,-3.9988832040043194,1.3670305425158784,0.009998671593271896
4832,-6.659794203832183,-4.015467166035556,1.3939164180542598,0.009998671593271896
4833,-2.7553160198368403,-3.9929600571218824,1.4049528928677069,0.009998671593271896
4834,-4.688719084481944,-4.0539641260328425,1.367108107235845,0.009998671593271896
4835,-6.76033740334003,-4.097809833269383,1.4171328552582838,0.009998671593271896
4836,-5.003684355040825,-4.129202136077564,1.4194651082658565,0.009998671593271896
4837,-5.137782453517662,-4.10751379374292,1.3954005623248447,0.009998671593271896
4838,-6.161871938351688,-4.188970589341224,1.3940695482193026,0.009998671593271896
4839,-4.824645548365002,-4.172153883186958,1.3811687461644528,0.009998671593271896
4840,-5.52525695216837,-4.219000291103331,1.386534983099329,0.009998671593271896
4841,-5.836885851307651,-4.24683302360004,1.4046465393341008,0.009998671593271896
4842,-6.015817105700851,-4.256711483063208,1.4152755185919352,0.009998671593271896
4843,-4.975832952435552,-4.298816821739743,1.4046873896929173,0.009998671593271896
4844,-4.579960213027553,-4.328760895617928,1.394365373257289,0.009998671593271896
4845,-6.205173835375094,-4.39014223124971,1.4079975754439455,0.009998671593271896
4846,-3.6362215422449404,-4.41519311470123,1.3829965759123746,0.009998671593271896
4847,-4.460377643860799,-4.39358904178258,1.3736533969526101,0.009998671593271896
4848,-5.239837578373528,-4.446708504734849,1.3538547359203428,0.009998671593271896
4849,-2.3583985888580816,-4.423015268793479,1.3795834313976945,0.009998671593271896
4850,-5.928088671199785,-4.47635067265465,1.3851786560391355,0.009998671593271896
4851,-4.20324472719358,-4.46461716622165,1.384957564710351,0.009998671593271896
4852,-4.142002092353011,-4.481995051207257,1.3753156675965625,0.009998671593271896
4853,-5.129882792334042,-4.540291909262102,1.3392938879439644,0.009998671593271896
4854,-3.9437590760116708,-4.555814676798242,1.3277423188919533,0.009998671593271896
4855,-5.025345077514684,-4.587795834879495,1.3193822036210707,0.009998671593271896
4856,-7.493490269761691,-4.669136234042574,1.3696863882853056,0.009998671593271896
4857,-5.3439097670996,-4.72082343795722,1.3451933679506693,0.009998671593271896
4858,-5.3244480771918425,-4.788277408456053,1.2879934042743162,0.009998671593271896
4859,-4.9012758468365645,-4.809168555840495,1.2811673979320648,0.009998671593271896
4860,-2.606250264919054,-4.819198633159028,1.2617718870515024,0.009998671593271896
4861,-4.7408064071131495,-4.79448340688352,1.250915782641306,0.009998671593271896
4862,-6.002986213794941,-4.840887972063422,1.2518497604192036,0.009998671593271896
4863,-4.912399206657478,-4.874034288882358,1.2311928754203494,0.009998671593271896
4864,-4.0452895474794,-4.909203706059188,1.1808732676567653,0.009998671593271896
4865,-6.830062533524227,-4.939194683442561,1.2098785668916403,0.009998671593271896
4866,-5.929737446976985,-4.941662885140846,1.2117694385836502,0.009998671593271896
4867,-3.4259528166168387,-4.906514138290763,1.2296050734349573,0.009998671593271896
4868,-5.938609593616973,-4.875552675686251,1.182847854303802,0.009998671593271896
4869,-6.003758156951321,-4.892683728757943,1.1928187709937994,0.009998671593271896
4870,-5.425213243189082,-4.897413514859782,1.1944510065810494,0.009998671593271896
4871,-4.55225338838262,-4.899477041533588,1.193763606250431,0.009998671593271896
4872,-6.554501976564384,-4.979648842571753,1.1673220658627828,0.009998671593271896
4873,-6.575761678118717,-5.046809909722984,1.1606002895583296,0.009998671593271896
4874,-5.340477349706296,-5.039375295490862,1.1575005295624934,0.009998671593271896
4875,-6.213572346815768,-5.094330547510148,1.1466647285669485,0.009998671593271896
4876,-2.6265195065783122,-5.101826586609288,1.1291486451855282,0.009998671593271896
4877,-3.123828045359729,-5.060058381269836,1.1624275588384851,0.009998671593271896
4878,-4.286008632973286,-5.0567421221187905,1.1643929115023435,0.009998671593271896
4879,-4.9631498270100405,-5.053210690058106,1.1644036501092323,0.009998671593271896
4880,-6.904885779658898,-5.0903966568227865,1.192906498739129,0.009998671593271896
4881,-7.321953162623501,-5.131706735844922,1.2330307424628366,0.009998671593271896
4882,-6.201051932528094,-5.1225318904188395,1.2232945642268076,0.009998671593271896
4883,-6.222445685236237,-5.191874483726828,1.184805124559336,0.009998671593271896
4884,-5.327735855243986,-5.2046548191420685,1.1827534423278436,0.009998671593271896
4885,-4.7700716304204125,-5.164849503683676,1.163054395590539,0.009998671593271896
4886,-5.028392052975996,-5.16534365764238,1.1629910625317248,0.009998671593271896
4887,-4.303864854277499,-5.148665305657576,1.1692295609833105,0.009998671593271896
4888,-5.716688666823366,-5.139761640227009,1.1631593821076371,0.009998671593271896
4889,-3.30671388589871,-5.109403006977684,1.1904761316121402,0.009998671593271896
4890,-2.0917565778815637,-5.040732999491948,1.2614210079732433,0.009998671593271896
4891,-6.0685876055371715,-5.045367034576539,1.2647584748201333,0.009998671593271896
4892,-5.115058798295335,-5.027351868428428,1.257199715815155,0.009998671593271896
4893,-2.7690157395181756,-4.98321552417008,1.2963609319976983,0.009998671593271896
4894,-3.3673855438677527,-4.958964030786884,1.3148875863221954,0.009998671593271896
4895,-2.206843881714061,-4.878997431713664,1.3575556108147055,0.009998671593271896
4896,-2.1428520836906215,-4.849130042542577,1.4003232357566087,0.009998671593271896
4897,-2.1727702318187103,-4.803377894301736,1.4488089500381849,0.009998671593271896
4898,-3.274390470148092,-4.764068952137227,1.4630270983562312,0.009998671593271896
4899,-2.401078943273428,-4.764922559225534,1.4616350432252927,0.009998671593271896
4900,-2.2685338420087047,-4.691731462641712,1.492849653325178,0.009998671593271896
4901,-3.1693126264773612,-4.671052820627388,1.506570701174536,0.009998671593271896
4902,-2.883241668135005,-4.645877612143027,1.52559790488617,0.009998671593271896
4903,-3.1620297560142836,-4.606520551416632,1.5379372087565126,0.009998671593271896
4904,-2.762375658031854,-4.582892883057036,1.5568959321855735,0.009998671593271896
4905,-2.6487415545541024,-4.535360812597824,1.5787872542800794,0.009998671593271896
4906,-2.2846401935960596,-4.431183811074512,1.5517798216950835,0.009998671593271896
4907,-2.464331465294921,-4.373592245038418,1.5701632450568543,0.009998671593271896
4908,-2.2220977851204657,-4.31154523919699,1.5925008060104504,0.009998671593271896
4909,-1.993524150897005,-4.253390205278199,1.6227093395608991,0.009998671593271896
4910,-2.4227627936561213,-4.249720455852941,1.6266329236734516,0.009998671593271896
4911,-2.251407143249246,-4.199932470575662,1.6487867171276431,0.009998671593271896
4912,-2.2739932715320132,-4.1253526117304045,1.6498788631838064,0.009998671593271896
4913,-2.36653660609108,-4.074435359719076,1.6640275011580903,0.009998671593271896
4914,-2.794201072443454,-4.049413590218357,1.6736560108637595,0.009998671593271896
4915,-1.669895467089065,-3.9462102488896544,1.6580336160907103,0.009998671593271896
4916,-2.6463604095434734,-3.8805427081409842,1.6431274556055537,0.009998671593271896
4917,-2.477716303205096,-3.8615779778727495,1.6537029882747454,0.009998671593271896
4918,-1.9283202026564759,-3.7813721900535393,1.648262452063319,0.009998671593271896
4919,-2.724820391138933,-3.7157934347372916,1.6235807907497142,0.009998671593271896
4920,-4.902559415483394,-3.705340358183178,1.6141967864893667,0.009998671593271896
4921,-4.265311474092358,-3.6996015198973726,1.6116837315820827,0.009998671593271896
4922,-1.9646828918236454,-3.6078051382025578,1.5767966246555962,0.009998671593271896
4923,-2.4865187835786666,-3.526020280311757,1.5259649975899696,0.009998671593271896
4924,-2.4686730394699743,-3.4685841941070303,1.5105577925031657,0.009998671593271896
4925,-2.2104140785326494,-3.3885210287413683,1.468446585909045,0.009998671593271896
4926,-5.420389013168655,-3.444398418873175,1.4913651184962131,0.009998671593271896
4927,-2.78903607199403,-3.4377025794058604,1.4935393437160267,0.009998671593271896
4928,-3.767081041701968,-3.427324027580434,1.4894057194424273,0.009998671593271896
4929,-5.456749840659159,-3.4371960278534166,1.5011422669455277,0.009998671593271896
4930,-2.0605720587958114,-3.3403097534361548,1.4287916510772467,0.009998671593271896
4931,-2.2381354330908376,-3.2386333988455016,1.3184587900254114,0.009998671593271896
4932,-3.7834079575582695,-3.1902805193461052,1.2515640994618218,0.009998671593271896
4933,-2.4123729896828623,-3.1140790654350377,1.1784856062391704,0.009998671593271896
4934,-3.8034711642007655,-3.0835937716141735,1.1399116951014354,0.009998671593271896
4935,-2.6350465114407826,-3.040893269234581,1.1156679977721264,0.009998671593271896
4936,-2.556306128790312,-2.991451550750867,1.0807238608231289,0.009998671593271896
4937,-2.3248492619919143,-2.9518712389051553,1.0680992748376648,0.009998671593271896
4938,-2.0795087765789892,-2.8791276411002675,0.9989396613440955,0.009998671593271896
4939,-6.4157474840317725,-2.9413083130629287,1.1137822989139523,0.009998671593271896
4940,-5.177917155023372,-3.003031524605765,1.1499195075111155,0.009998671593271896
4941,-2.2306196732772063,-2.9262721659605657,1.0678963406013382,0.009998671593271896
4942,-4.869923794339862,-2.9213694658814564,1.0583564864514916,0.009998671593271896
4943,-4.841555804191646,-2.9628202671749255,1.0916402162819039,0.009998671593271896
4944,-4.387518147156403,-2.983222919240699,1.108415045601172,0.009998671593271896
4945,-3.2226064556901677,-3.003538170720221,1.1032959735377528,0.009998671593271896
4946,-4.689756448177684,-3.054476258009962,1.121034498695016,0.009998671593271896
4947,-6.490149872352042,-3.140823850820629,1.2123495345128308,0.009998671593271896
4948,-5.65880172505528,-3.188512075918773,1.2625231394660454,0.009998671593271896
4949,-3.0315628187884305,-3.2011217534290726,1.257734994479683,0.009998671593271896
4950,-3.6033886134130784,-3.22781884885716,1.251809310445002,0.009998671593271896
4951,-5.425230376894454,-3.272937203865502,1.2889898264408504,0.009998671593271896
4952,-6.235549340517913,-3.33998335731316,1.3525914931010485,0.009998671593271896
4953,-7.8157603228503705,-3.433057968649882,1.4902547108310737,0.009998671593271896
4954,-8.11426771817057,-3.540095809852656,1.624401490657248,0.009998671593271896
4955,-2.9327226907632764,-3.5457754325768396,1.621769323511291,0.009998671593271896
4956,-4.979497478737715,-3.599672578279673,1.6237403649168576,0.009998671593271896
4957,-1.8919885259790639,-3.588225719493356,1.6336907448098077,0.009998671593271896
4958,-6.003664516074642,-3.663857054112439,1.65607552117652,0.009998671593271896
4959,-3.8537245227288035,-3.701061061549075,1.638939518906122,0.009998671593271896
4960,-7.6422926631792105,-3.805451658939537,1.718490777202046,0.009998671593271896
4961,-6.205560189713507,-3.8845347198688223,1.7360488912635739,0.009998671593271896
4962,-6.159593307046663,-3.962246720579115,1.7491333723214777,0.009998671593271896
4963,-4.841816930013906,-4.011752327057572,1.7382645968818498,0.009998671593271896
4964,-4.901633627746337,-4.05390097816363,1.7337752026767546,0.009998671593271896
4965,-6.585952798485687,-4.152222124791562,1.7351845689787118,0.009998671593271896
4966,-6.208143346536414,-4.223457783531421,1.7449856218998352,0.009998671593271896
4967,-7.139266053857947,-4.316688778544478,1.773518901300317,0.009998671593271896
4968,-6.314373318159783,-4.4044098408545445,1.7616478336509969,0.009998671593271896
4969,-4.30729088619189,-4.436059250755603,1.7453279439965834,0.009998671593271896
4970,-7.035642836747789,-4.4787209191808905,1.781896142450477,0.009998671593271896
4971,-5.367350410838196,-4.500761697915808,1.7859312534911447,0.009998671593271896
4972,-5.7335214048045255,-4.576138468175425,1.7565957988068999,0.009998671593271896
4973,-6.880450947708281,-4.664017111458017,1.7597650570409658,0.009998671593271896
4974,-6.698667681343997,-4.7486170042954985,1.7538589627038903,0.009998671593271896
4975,-5.207973884314168,-4.808568200411129,1.7169152012136357,0.009998671593271896
4976,-5.3354623767459195,-4.806869667682673,1.7163510067779477,0.009998671593271896
4977,-2.7520744589751747,-4.806130435422296,1.7172276641727187,0.009998671593271896
4978,-5.5391293579456935,-4.841571401747171,1.7137001091388913,0.009998671593271896
4979,-6.075084274549438,-4.853938090424977,1.7203131456182992,0.009998671593271896
4980,-6.042359344529736,-4.933573836139654,1.680870159412249,0.009998671593271896
4981,-1.6188330052447357,-4.921187787582733,1.7028251379490313,0.009998671593271896
4982,-5.505902045615832,-4.955637669343885,1.6968717136296763,0.009998671593271896
4983,-4.946075899798132,-5.00631172754619,1.657541455371278,0.009998671593271896
4984,-5.551980903305486,-5.0412819223282845,1.650224030343193,0.009998671593271896
4985,-3.9160113040939035,-5.066901218181346,1.6223773618474762,0.009998671593271896
4986,-4.270193744275293,-5.101178970491047,1.586684102729286,0.009998671593271896
4987,-6.646280796427688,-5.187607601179762,1.5503816284049134,0.009998671593271896
4988,-2.9081718061133928,-5.20418086177045,1.521223029517949,0.009998671593271896
4989,-1.6775119898041748,-5.109416151885897,1.588876693876094,0.009998671593271896
4990,-2.816721509138266,-5.062192238968196,1.6209053572434218,0.009998671593271896
4991,-2.0500277381892036,-5.058580400266436,1.6273990805764895,0.009998671593271896
4992,-6.088072440282545,-5.082943373185289,1.6334991472056832,0.009998671593271896
4993,-2.174931501248053,-5.029610887126417,1.6832826297534649,0.009998671593271896
4994,-6.333994203446345,-5.0685404082522165,1.6904755422655742,0.009998671593271896
4995,-3.2037104428155203,-5.068162487994723,1.690890235653915,0.009998671593271896
4996,-2.1901542154857805,-5.018170443340885,1.737643632686023,0.009998671593271896
4997,-5.728219219545174,-5.002931830284748,1.7279820876934888,0.009998671593271896
4998,-6.3964481995006,-5.017684759773655,1.7366458756779308,0.009998671593271896
4999,-6.875185911948857,-5.0945572216368635,1.7320918351616472,0.009998671593271896
5000,-3.3325745597668552,-5.089140940563938,1.7371622753745695,0.009998671593271896
5001,-2.8954705168670416,-5.03854574336339,1.7632803445217042,0.009998671593271896
5002,-4.34712355613762,-5.000777227675784,1.7574515791870566,0.009998671593271896
5003,-6.156451718149873,-4.967591055581774,1.7192334935095648,0.009998671593271896
5004,-4.1358966087562585,-4.888023633393488,1.6628997754559358,0.009998671593271896
5005,-2.6632795808939083,-4.882634771196101,1.6696503555634794,0.009998671593271896
5006,-4.309602282655922,-4.869236867274465,1.6715060523312397,0.009998671593271896
5007,-1.8893168564693434,-4.86918343388427,1.6716012658005048,0.009998671593271896
5008,-6.411118465564982,-4.8773325128740765,1.6780925810750116,0.009998671593271896
5009,-3.148635196391895,-4.863230726347339,1.6895586027617444,0.009998671593271896
5010,-5.736989715006899,-4.825124667383893,1.6474105714322722,0.009998671593271896
5011,-6.755449801763138,-4.836122459624885,1.6583882830310777,0.009998671593271896
5012,-2.8602095527529654,-4.770134784539012,1.6700151073157636,0.009998671593271896
5013,-2.983779744047635,-4.732974040819686,1.6885757483166957,0.009998671593271896
5014,-4.604092536992107,-4.727023219004602,1.6884951682602904,0.009998671593271896
5015,-2.1082557755311573,-4.637469278545511,1.706177745669287,0.009998671593271896
5016,-6.694595864428553,-4.647198328903354,1.7164623213592598,0.009998671593271896
5017,-5.963402476011955,-4.623681057346434,1.6900087795057892,0.009998671593271896
5018,-3.522899847664825,-4.567851587936535,1.6793088828944889,0.009998671593271896
5019,-5.5452610750453335,-4.592610991713604,1.6844031716358387,0.009998671593271896
5020,-3.5673814876077383,-4.523245764730802,1.6534982094659967,0.009998671593271896
5021,-2.4253251948736207,-4.46440526041151,1.674625117760899,0.009998671593271896
5022,-1.7184039860018838,-4.384102912035458,1.707781649422139,0.009998671593271896
5023,-4.202474948253594,-4.330543392046365,1.6702317934831497,0.009998671593271896
5024,-4.324125407961036,-4.2830525465787055,1.6356220328602424,0.009998671593271896
5025,-1.9793325530410941,-4.218479719953244,1.6613617038417618,0.009998671593271896
5026,-4.739567103641983,-4.206561814491165,1.6554329677273791,0.009998671593271896
5027,-4.03572903301153,-4.232234905971892,1.642580960089926,0.009998671593271896
5028,-3.0744779832542366,-4.182941878478063,1.6396008561721511,0.009998671593271896
5029,-5.2081073920556005,-4.165602340828186,1.6240090940813414,0.009998671593271896
5030,-5.531395113048447,-4.15538305619856,1.6137424096784105,0.009998671593271896
5031,-2.801741775377011,-4.1790412316012056,1.5847933703339083,0.009998671593271896
5032,-6.724913060627422,-4.203421451901438,1.6141232005375719,0.009998671593271896
5033,-5.964160759766434,-4.223783149100804,1.6297093156223965,0.009998671593271896
5034,-7.960296073042937,-4.271949452495553,1.7022282020263764,0.009998671593271896
5035,-7.314965864195539,-4.339928543697585,1.7537459431916163,0.009998671593271896
5036,-5.24843953396781,-4.359493459491436,1.7583095952860117,0.009998671593271896
5037,-3.1954533623499444,-4.290476910809881,1.7347625801101914,0.009998671593271896
5038,-5.968915280393461,-4.351691780295482,1.7389024435731975,0.009998671593271896
5039,-3.75712438591892,-4.393284028217778,1.698851744523129,0.009998671593271896
5040,-5.191996964131949,-4.4407895373176505,1.6872724545914475,0.009998671593271896
5041,-6.684655895077737,-4.533482100455421,1.6806785266041542,0.009998671593271896
5042,-4.589572788271781,-4.503512107415206,1.665986197456929,0.009998671593271896
5043,-4.080592315837281,-4.541625323706991,1.6337652411147399,0.009998671593271896
5044,-2.049176696437338,-4.455928973566811,1.6497997690076698,0.009998671593271896
5045,-6.724328765671593,-4.526341340023932,1.66986020487613,0.009998671593271896
5046,-6.050451793679029,-4.603547291587796,1.6491740941312798,0.009998671593271896
5047,-3.3933681501022863,-4.556850270198939,1.6497234656530047,0.009998671593271896
5048,-3.120919489275704,-4.491339695994441,1.6403814834104276,0.009998671593271896
5049,-3.729536760913389,-4.428426712973732,1.6077455601850654,0.009998671593271896
5050,-2.097385857255336,-4.403722938923502,1.6336746005337992,0.009998671593271896
5051,-5.282191952852286,-4.451457367643207,1.6237462158662446,0.009998671593271896
5052,-6.603015604198646,-4.496575208604428,1.6513274962854192,0.009998671593271896
5053,-5.037041850107798,-4.474187011243586,1.6361905609921927,0.009998671593271896
5054,-5.2065116192079905,-4.4955993114526205,1.6386269386227021,0.009998671593271896
5055,-6.483992553453608,-4.572013570903814,1.6404832662143627,0.009998671593271896
5056,-6.48819350363836,-4.615585395323463,1.6617293882742703,0.009998671593271896
5057,-5.531833972514587,-4.688435737644369,1.6199311138635761,0.009998671593271896
5058,-5.096677855162671,-4.662146925436321,1.6023314978258314,0.009998671593271896
5059,-4.249654799068165,-4.684167317489847,1.5888895402971837,0.009998671593271896
5060,-3.8278107448605114,-4.64598373808692,1.5860675323280575,0.009998671593271896
5061,-5.137784468134676,-4.61363043141435,1.5589752718815144,0.009998671593271896
5062,-3.105815085252043,-4.618542542064332,1.5538211661304342,0.009998671593271896
5063,-4.377433843601816,-4.6464156240554155,1.5366512250960394,0.009998671593271896
5064,-4.629389075810948,-4.646921554831792,1.5366413715685712,0.009998671593271896
5065,-5.16464803078191,-4.708049399936806,1.4946552869030068,0.009998671593271896
5066,-6.179916715689615,-4.697755816962028,1.4826628071171761,0.009998671593271896
5067,-5.025721714360585,-4.679002201729001,1.4724304074590826,0.009998671593271896
5068,-6.587429931298273,-4.740292803401671,1.4867431660764567,0.009998671593271896
5069,-6.631970928022271,-4.7620270004612095,1.5061680884713786,0.009998671593271896
5070,-6.798958229027361,-4.826658535289601,1.5227617325129346,0.009998671593271896
5071,-6.40419556471692,-4.906235942686467,1.4989713658326524,0.009998671593271896
5072,-5.242829608415585,-4.976724455134741,1.428624156114556,0.009998671593271896
5073,-6.495719911632461,-5.022589354402318,1.4397989749990456,0.009998671593271896
5074,-5.176108894645465,-5.039629024136007,1.4364696534764778,0.009998671593271896
5075,-2.621150524179151,-5.052465383558768,1.4117197910742605,0.009998671593271896
5076,-3.19468983994061,-5.02156783828474,1.4349448083269998,0.009998671593271896
5077,-5.780240013571988,-5.05645805789595,1.4317553498805384,0.009998671593271896
5078,-5.368760460699389,-5.102343707444853,1.4039955999102773,0.009998671593271896
5079,-3.003331971972917,-5.0582481990431996,1.4342776986621342,0.009998671593271896
5080,-5.581554482740357,-5.059251386437038,1.434625783882712,0.009998671593271896
5081,-2.067568836089475,-5.044567927651287,1.461167968640049,0.009998671593271896
5082,-3.4574109221579032,-4.979217884881896,1.4576183850285125,0.009998671593271896
5083,-2.145016375733303,-4.902834997201234,1.503352495390279,0.009998671593271896
5084,-2.2918016359957196,-4.7894651084602895,1.4820946438685574,0.009998671593271896
5085,-3.9257922561281284,-4.721681636298941,1.442000509312789,0.009998671593271896
5086,-3.228166287619069,-4.681276171371966,1.454921012131619,0.009998671593271896
5087,-2.6376226266458285,-4.670119556657884,1.4683486266249741,0.009998671593271896
5088,-2.39658134418475,-4.59867287793371,1.4901628014557224,0.009998671593271896
5089,-2.5328374992806393,-4.574187140200944,1.5136627968063743,0.009998671593271896
5090,-2.540719738899367,-4.5211615956962925,1.5373449085803392,0.009998671593271896
5091,-3.7866491161708526,-4.463201460118155,1.509054674491321,0.009998671593271896
5092,-2.604040212306549,-4.42349080859885,1.5311692562926287,0.009998671593271896
5093,-4.529802943818542,-4.432475021158476,1.5304486378887536,0.009998671593271896
5094,-3.3799826145180436,-4.45909113952009,1.50003906705367,0.009998671593271896
5095,-2.8936369925186245,-4.38247730405703,1.4800791960471291,0.009998671593271896
5096,-5.976867716596649,-4.381005622515382,1.4784556464487957,0.009998671593271896
5097,-4.803346909665279,-4.409205197706642,1.472784699198663,0.009998671593271896
5098,-3.4279499601839354,-4.415345807124807,1.4680329351217012,0.009998671593271896
5099,-5.184149336562669,-4.444438058637793,1.4685669327218818,0.009998671593271896
5100,-4.740621773886254,-4.497302776970411,1.4302012349956392,0.009998671593271896
5101,-3.579690965522753,-4.46325275722382,1.4313753445900008,0.009998671593271896
5102,-4.134847647863791,-4.413889398097123,1.398922418637671,0.009998671593271896
5103,-4.01083462006569,-4.393365253496281,1.3971561746520738,0.009998671593271896
5104,-3.820792548797277,-4.365650872088067,1.3944927175261619,0.009998671593271896
5105,-3.640729649694567,-4.308785614012886,1.364602164607275,0.009998671593271896
5106,-5.327039570063515,-4.2855625353413895,1.3369144339339365,0.009998671593271896
5107,-2.1810024269497483,-4.218545904430092,1.356601853874817,0.009998671593271896
5108,-7.178545030896065,-4.26018324794476,1.4136635044016912,0.009998671593271896
5109,-6.289274990752631,-4.30097565177845,1.441916270979923,0.009998671593271896
5110,-1.9739354622973881,-4.263898146127188,1.4770146957216623,0.009998671593271896
5111,-5.266149766555179,-4.266465452095597,1.4786420934272753,0.009998671593271896
5112,-3.211130794610514,-4.268571766282767,1.4770614216071858,0.009998671593271896
5113,-4.914135633884358,-4.279305802088418,1.4797612168120418,0.009998671593271896
5114,-4.01380470851681,-4.266994114742534,1.4793580809860403,0.009998671593271896
5115,-3.8052524561226857,-4.2398062032493495,1.4750964732429612,0.009998671593271896
5116,-1.9842032844956514,-4.155891934625471,1.4816687603601966,0.009998671593271896
5117,-5.398762479785587,-4.163352749933971,1.4869596896313315,0.009998671593271896
5118,-2.751975994725725,-4.08664367120252,1.4585888793992976,0.009998671593271896
5119,-5.608898949787617,-4.066182231637827,1.4296273131049406,0.009998671593271896
5120,-4.066529973218998,-4.011533666521659,1.3753132363526182,0.009998671593271896
5121,-4.74137310867211,-3.9782772174007635,1.3366140803251492,0.009998671593271896
5122,-6.287325422795506,-3.999167133688362,1.3640942153770939,0.009998671593271896
5123,-3.4211370906432004,-3.9376754772685767,1.3187109856856611,0.009998671593271896
5124,-4.291560206272935,-3.919984503501126,1.3078669789615995,0.009998671593271896
5125,-4.824338507241077,-3.964048263162365,1.3004584379777158,0.009998671593271896
5126,-4.328533499462329,-3.986725136352799,1.2967253565854695,0.009998671593271896
5127,-4.611476208578478,-3.9633498602529285,1.2745283883177256,0.009998671593271896
5128,-5.268966099739579,-3.9613539730337326,1.2724023440882475,0.009998671593271896
5129,-5.589477496947751,-4.013076883533229,1.2849093613414297,0.009998671593271896
5130,-3.5470574411972264,-3.972386942702367,1.2666796905320752,0.009998671593271896
5131,-5.806651651234025,-4.047168599005258,1.2623822885008795,0.009998671593271896
5132,-3.320831455923601,-4.044437009680572,1.2638024415631077,0.009998671593271896
5133,-4.685046982869738,-4.0952376218233,1.2372015021687015,0.009998671593271896
5134,-6.250611555423031,-4.174413820211846,1.2458987901713747,0.009998671593271896
5135,-6.298022516255553,-4.2218584254143945,1.2802229606687148,0.009998671593271896
5136,-2.643119360342757,-4.2101574868688685,1.2918721981983605,0.009998671593271896
5137,-4.42577116715996,-4.245920457679151,1.27244931287927,0.009998671593271896
5138,-2.3303319060791075,-4.244595468917039,1.2744073073778746,0.009998671593271896
5139,-4.885853638783388,-4.291655791707093,1.2536033044760024,0.009998671593271896
5140,-5.915222530056603,-4.359145847530238,1.2483469770921867,0.009998671593271896
5141,-7.7365942836009705,-4.438144750878841,1.3318098426963618,0.009998671593271896
5142,-4.773073376189968,-4.4815254141565095,1.3064456856943285,0.009998671593271896
5143,-5.549863783261894,-4.501926630945375,1.314976974339668,0.009998671593271896
5144,-4.4477385758462935,-4.5232817501719405,1.3052172084801414,0.009998671593271896
5145,-5.897795007610703,-4.583364910473782,1.2979417815662597,0.009998671593271896
5146,-4.479182828507378,-4.553411212711997,1.2826284423153897,0.009998671593271896
5147,-3.3697056222715265,-4.524738386964122,1.292705462023196,0.009998671593271896
5148,-5.839032361352419,-4.572960034987492,1.2958590047402545,0.009998671593271896
5149,-2.00215757053048,-4.509320199666848,1.3416072415221718,0.009998671593271896
5150,-6.097835288928364,-4.53646446996769,1.3596215556198232,0.009998671593271896
5151,-4.0447114526454415,-4.545764879710144,1.3546262904245747,0.009998671593271896
5152,-3.836918573349938,-4.539806298219867,1.3570737210293011,0.009998671593271896
5153,-4.625974688073688,-4.5521090995800275,1.3550092267174496,0.009998671593271896
5154,-4.0073618678228,-4.5558404859605375,1.353245947426508,0.009998671593271896
5155,-4.737205513105825,-4.577770003228762,1.3471091266512338,0.009998671593271896
5156,-3.948714903628886,-4.55020350990007,1.3455962233313405,0.009998671593271896
5157,-3.6979311928191505,-4.580542085217457,1.308424187223497,0.009998671593271896
5158,-4.003898698024622,-4.517049158560029,1.256821573565919,0.009998671593271896
5159,-4.542916463385168,-4.48212198801268,1.231088240087457,0.009998671593271896
5160,-5.689198732228013,-4.556427253411292,1.1888556156188979,0.009998671593271896
5161,-5.200273405448819,-4.555109726189165,1.1881046146477223,0.009998671593271896
5162,-3.790989012026509,-4.566706890537485,1.1777139309153108,0.009998671593271896
5163,-5.612008779084054,-4.580664353441479,1.1858559265067516,0.009998671593271896
5164,-4.888914207473071,-4.598166543420604,1.183816588026392,0.009998671593271896
5165,-8.012858303454482,-4.68231866036724,1.2708140212572427,0.009998671593271896
5166,-4.5414928684130444,-4.733464452045588,1.2112607031770226,0.009998671593271896
5167,-4.976913395026532,-4.7250274703504065,1.2080621783845595,0.009998671593271896
5168,-5.715078872264159,-4.7842895279011755,1.1822214802808435,0.009998671593271896
5169,-2.572326979522793,-4.723558088495879,1.2158187665275133,0.009998671593271896
5170,-2.9499705226615176,-4.701226899484729,1.2377379081316817,0.009998671593271896
5171,-2.7051547001465304,-4.660502531314218,1.268854012564282,0.009998671593271896
5172,-1.6265566714532225,-4.567287156287373,1.31623208222011,0.009998671593271896
5173,-3.295458413846752,-4.564773582751443,1.3185364400561723,0.009998671593271896
5174,-2.053263676140193,-4.520007652148788,1.3642562385606583,0.009998671593271896
5175,-3.201353867330233,-4.487547959350572,1.375887373113157,0.009998671593271896
5176,-2.353852863643845,-4.448054346634201,1.4078542897994166,0.009998671593271896
5177,-3.3748643922425003,-4.423322110307482,1.415606801784245,0.009998671593271896
5178,-2.377219272774192,-4.365487173768175,1.438758561632665,0.009998671593271896
5179,-2.330563233574708,-4.300308888500714,1.455552559141577,0.009998671593271896
5180,-2.666557529316019,-4.28269889026309,1.4698157216471477,0.009998671593271896
5181,-2.4065650856382756,-4.214697158951175,1.4763749323404973,0.009998671593271896
5182,-3.0652298916265175,-4.209585127665233,1.4798994526830451,0.009998671593271896
5183,-2.5995134095846177,-4.16787445619953,1.4952217056910417,0.009998671593271896
5184,-1.772058202629028,-4.078303389143651,1.5019013972441444,0.009998671593271896
5185,-1.6805886255233184,-3.9859547113290055,1.5045322164839572,0.009998671593271896
5186,-2.6885439091190073,-3.9868632023045305,1.503734592698769,0.009998671593271896
5187,-2.787377338986404,-3.9540953257410596,1.5116436465775207,0.009998671593271896
5188,-2.812478208985479,-3.9637382517991866,1.5027665048769097,0.009998671593271896
5189,-2.188024966630008,-3.909781678356119,1.5170540774957602,0.009998671593271896
5190,-2.6343292550231174,-3.8441638128554496,1.4997490080890152,0.009998671593271896
5191,-3.355721616700069,-3.7565463595174315,1.3940306615431681,0.009998671593271896
5192,-2.117927363534568,-3.7034434392643236,1.4048261337085415,0.009998671593271896
5193,-2.185167426021276,-3.636149512119511,1.3953228560563105,0.009998671593271896
5194,-2.685197390514577,-3.600898688412877,1.3966373597486297,0.009998671593271896
5195,-2.2263559542770497,-3.527469907346204,1.3702105054673563,0.009998671593271896
5196,-2.565637065284266,-3.4891989920817417,1.3698173108021394,0.009998671593271896
5197,-5.285597099078826,-3.5275168216178874,1.3925467887222767,0.009998671593271896
5198,-2.6852056333682794,-3.4644402870582045,1.3574003059219455,0.009998671593271896
5199,-3.2189537941827426,-3.48877621153125,1.3417835931325162,0.009998671593271896
5200,-2.8607410221848304,-3.4240343261963795,1.2914861507879496,0.009998671593271896
5201,-3.2897793582226584,-3.4089356843079237,1.288551199880226,0.009998671593271896
5202,-2.090480800565004,-3.374006928852225,1.3000950947135144,0.009998671593271896
5203,-2.6002740222147356,-3.333492915535046,1.2919870962346145,0.009998671593271896
5204,-2.531159765270139,-3.303968873483993,1.293117075194992,0.009998671593271896
5205,-2.164568269966415,-3.2525161286212048,1.2862292620718012,0.009998671593271896
5206,-3.1921360531041527,-3.23738455161071,1.282394561112488,0.009998671593271896
5207,-2.215716240896172,-3.2077402525722505,1.2885228304043386,0.009998671593271896
5208,-4.274984343581336,-3.2131619654833847,1.2924258288555248,0.009998671593271896
5209,-2.3451484575437647,-3.169206605366557,1.283797670162788,0.009998671593271896
5210,-3.279735436292173,-3.1210173394478398,1.2324980237818068,0.009998671593271896
5211,-2.8187963845640303,-3.073387799030144,1.1967219559517737,0.009998671593271896
5212,-6.126254360944731,-3.1200931060085084,1.2673053732373827,0.009998671593271896
5213,-5.5238048386547565,-3.1183290271999224,1.2638922123745888,0.009998671593271896
5214,-2.63605426100388,-3.0732718282705385,1.239897461371666,0.009998671593271896
5215,-2.414451352563259,-2.9613036892527145,1.0224966738472099,0.009998671593271896
5216,-6.329240128870449,-2.997058634461862,1.105052483961323,0.009998671593271896
5217,-5.307736766403367,-3.0036751018893986,1.1178038225904903,0.009998671593271896
5218,-6.094414941387763,-3.011261823271871,1.1372981466817638,0.009998671593271896
5219,-3.5231224909977343,-3.0302777335013698,1.1377487510544995,0.009998671593271896
5220,-3.961731144747213,-3.0505129459430833,1.1451139161182546,0.009998671593271896
5221,-4.651742392900274,-3.0894446997981584,1.1656172047060374,0.009998671593271896
5222,-3.4029114596164702,-3.124971795561424,1.14741696601282,0.009998671593271896
5223,-2.5697995656113006,-3.1104586185967147,1.149755657496985,0.009998671593271896
5224,-5.295286292208386,-3.1752990709180784,1.1793430391661115,0.009998671593271896
5225,-6.490330897442263,-3.241078611520319,1.2673982007391214,0.009998671593271896
5226,-3.2008590638423153,-3.2580187355242884,1.2610710499896114,0.009998671593271896
5227,-6.086102007976031,-3.312243487838959,1.3217593998632515,0.009998671593271896
5228,-6.987577009287406,-3.4044506425692234,1.4111066139615092,0.009998671593271896
5229,-5.890099300842362,-3.4756413639145762,1.444526932550517,0.009998671593271896
5230,-5.795734507365725,-3.5382249034755704,1.475569608760437,0.009998671593271896
5231,-5.8960035241710305,-3.6080136722462255,1.502665804385302,0.009998671593271896
5232,-3.2965046874455046,-3.6126391681626053,1.5013432641333593,0.009998671593271896
5233,-5.703575861732858,-3.6747204172055703,1.5221988583468193,0.009998671593271896
5234,-5.8090921186951405,-3.7554610955268926,1.5261974604760082,0.009998671593271896
5235,-5.810332442019507,-3.838055971856816,1.5234187817027247,0.009998671593271896
5236,-2.7347859798368006,-3.838980813271172,1.5227345346353758,0.009998671593271896
5237,-6.381286804335145,-3.910859002578147,1.5558608506465497,0.009998671593271896
5238,-4.952734717124935,-3.953664132740936,1.554494129980211,0.009998671593271896
5239,-6.453478680552225,-4.03897320701938,1.5721978832702865,0.009998671593271896
5240,-6.2829106187391215,-4.1119448342937,1.5898823652362537,0.009998671593271896
5241,-6.736746113049078,-4.179565324220681,1.6277308034788256,0.009998671593271896
5242,-5.006556707366303,-4.237337911097315,1.6046311632697738,0.009998671593271896
5243,-4.363940136511242,-4.280913365307114,1.5776675310090422,0.009998671593271896
5244,-5.131432499069377,-4.32983806747821,1.5653059376401117,0.009998671593271896
5245,-6.250615742185168,-4.410323263236373,1.5585248824375788,0.009998671593271896
5246,-4.98086898848184,-4.458627901700324,1.5378945270055266,0.009998671593271896
5247,-4.8639659293004245,-4.450195278304756,1.5344891281206066,0.009998671593271896
5248,-4.292315717913667,-4.482337479995664,1.5138753295327612,0.009998671593271896
5249,-5.62780705962853,-4.53051454530458,1.5112302035599565,0.009998671593271896
5250,-4.6643140118350015,-4.566586005097584,1.4923507468135333,0.009998671593271896
5251,-5.126852207328087,-4.603327462079692,1.483048912521397,0.009998671593271896
5252,-2.990959154698061,-4.621337029162353,1.4576749969426168,0.009998671593271896
5253,-4.321906603282768,-4.655769680783713,1.4295908670846305,0.009998671593271896
5254,-3.7444902143517877,-4.680036289765347,1.4033782235723753,0.009998671593271896
5255,-6.474155117752019,-4.766228026721059,1.3783566603328092,0.009998671593271896
5256,-2.2052068245252014,-4.74648944214948,1.4075150984969065,0.009998671593271896
5257,-2.2557764591354417,-4.747290646514266,1.406084945485079,0.009998671593271896
5258,-5.958730138257171,-4.780965562407783,1.414507377826862,0.009998671593271896
5259,-2.168815539514381,-4.7774389040471945,1.4207818763211015,0.009998671593271896
5260,-2.8635695573381965,-4.769115586468114,1.4307157182494106,0.009998671593271896
5261,-1.8860790284276108,-4.750461239345386,1.4617669369270176,0.009998671593271896
5262,-2.9775276872562686,-4.687486705871617,1.4689474188548828,0.009998671593271896
5263,-2.7953742148060003,-4.632918093394642,1.4874279878653802,0.009998671593271896
5264,-2.310327072627085,-4.626403549627106,1.4968429635394453,0.009998671593271896
5265,-2.4022171097457177,-4.626158864770755,1.497205481412623,0.009998671593271896
5266,-4.384415818390046,-4.587262378561148,1.4775893865006846,0.009998671593271896
5267,-2.570350325993069,-4.532514649752941,1.500416641794861,0.009998671593271896
5268,-2.6257738490419937,-4.463141827906026,1.5067714059424215,0.009998671593271896
5269,-2.318334986048693,-4.4390460778070455,1.5310488775003885,0.009998671593271896
5270,-1.9666950075664311,-4.39914535506343,1.5685064242787456,0.009998671593271896
5271,-2.3961825356212985,-4.35403415791785,1.5928397530030012,0.009998671593271896
5272,-2.1712525939504315,-4.329400980604529,1.6167033446793977,0.009998671593271896
5273,-2.313379074995499,-4.324272570792213,1.6226725941468703,0.009998671593271896
5274,-2.925742575459106,-4.276881696457227,1.6282139978634436,0.009998671593271896
5275,-2.6144994813874973,-4.199365068136132,1.613181682404361,0.009998671593271896
5276,-2.8134557765582775,-4.191617002390451,1.6188791537355671,0.009998671593271896
5277,-2.329377947836943,-4.116482521187669,1.6163853938130872,0.009998671593271896
5278,-2.0402193121516863,-4.017535367244955,1.588793538862404,0.009998671593271896
5279,-3.3395261808025944,-3.9665239048441596,1.5686703781433693,0.009998671593271896
5280,-1.9030915581122236,-3.88867104585909,1.5725458721562178,0.009998671593271896
5281,-1.9418791787266392,-3.8095885589502023,1.5690311590943014,0.009998671593271896
5282,-5.415175035787017,-3.8519619659170323,1.5831476021201847,0.009998671593271896
5283,-2.759913267301627,-3.7930887140284075,1.5678559235881135,0.009998671593271896
5284,-2.314745467505172,-3.723201781004608,1.5542562833268918,0.009998671593271896
5285,-3.074575879857819,-3.668486649761374,1.5277469921240097,0.009998671593271896
5286,-3.4114650210610598,-3.6820202305858594,1.5224036842001103,0.009998671593271896
5287,-2.6913439193184496,-3.6082213728855255,1.4785718435771456,0.009998671593271896
5288,-3.473369956009885,-3.5786340776632244,1.4661202761084977,0.009998671593271896
5289,-3.209327277302505,-3.5137510495982305,1.4080951591161117,0.009998671593271896
5290,-2.2944736194093602,-3.4339823096116353,1.361152739370291,0.009998671593271896
5291,-2.4853532350918983,-3.3489544520524914,1.2827080770497634,0.009998671593271896
5292,-5.172913686856387,-3.3522815916422934,1.2872111645487507,0.009998671593271896
5293,-2.043729898616095,-3.3058773868843905,1.2917183603084865,0.009998671593271896
5294,-3.504534069658626,-3.2733394182961755,1.2655488387090874,0.009998671593271896
5295,-2.793340342550193,-3.204193910303476,1.1933806006303656,0.009998671593271896
5296,-2.9202119821619648,-3.1629807701770782,1.166593400925803,0.009998671593271896
5297,-2.953554475969227,-3.1247725411104543,1.1412670465487815,0.009998671593271896
5298,-2.831027743752548,-3.095546781627232,1.1296454776815201,0.009998671593271896
5299,-2.3408325206800584,-3.0298072908482627,1.074673091968487,0.009998671593271896
5300,-6.850551462723352,-3.0735320398660297,1.1796354848188377,0.009998671593271896
5301,-4.516334991291125,-3.06132169554529,1.161336263735028,0.009998671593271896
5302,-3.051728638648253,-3.062537085224294,1.1612937884470431,0.009998671593271896
5303,-5.587331141195758,-3.087845575982554,1.2015549143598494,0.009998671593271896
5304,-2.3101641700763182,-3.0591590550970444,1.2026568170104284,0.009998671593271896
5305,-4.5833283886804566,-3.0213425205156135,1.1216823125126154,0.009998671593271896
5306,-3.528104295698178,-3.047800469939073,1.1177145376017452,0.009998671593271896
5307,-4.059435899061047,-3.083873658737585,1.1206723860127439,0.009998671593271896
5308,-3.754427298845085,-3.0397876019493433,1.0476926383710414,0.009998671593271896
5309,-5.534051653643967,-3.1070923242319353,1.0965332440815527,0.009998671593271896
5310,-4.780208541628378,-3.1454251039177388,1.1205873656953134,0.009998671593271896
5311,-4.909449703907544,-3.2058925174273374,1.1325088702035657,0.009998671593271896
5312,-2.727160459551903,-3.20088517287325,1.134059939042838,0.009998671593271896
5313,-6.09525497133396,-3.266882788003809,1.2024953255632647,0.009998671593271896
5314,-2.1405670978532028,-3.2634875885083314,1.2054274115711319,0.009998671593271896
5315,-6.985218765407731,-3.3551476216215717,1.3064622479073396,0.009998671593271896
5316,-2.8481836949171386,-3.3244229791521134,1.2999430716743843,0.009998671593271896
5317,-2.6397993264879855,-3.325811959162012,1.2991734833807465,0.009998671593271896
5318,-6.666633108036794,-3.406629144341908,1.3764959042300975,0.009998671593271896
5319,-3.0536395416825193,-3.4213352354545843,1.3686961148986392,0.009998671593271896
5320,-4.389647303413215,-3.46979428137152,1.3591960039577535,0.009998671593271896
5321,-3.7694206789248255,-3.4972590442375906,1.3510744390763207,0.009998671593271896
5322,-5.542221181164917,-3.5646784159818803,1.367233816486509,0.009998671593271896
5323,-3.365240573603957,-3.5857156459540493,1.355863655440233,0.009998671593271896
5324,-5.797902410469844,-3.6431588426542643,1.3871664095713312,0.009998671593271896
5325,-5.526699453046532,-3.701402842087445,1.4037912905280998,0.009998671593271896
5326,-5.682050101178653,-3.7587747285798523,1.4247907655084389,0.009998671593271896
5327,-6.261259854153196,-3.837412366706178,1.4519745108941788,0.009998671593271896
5328,-5.479787775954813,-3.90620373598224,1.4466677607491043,0.009998671593271896
5329,-5.474093159506147,-3.948895075556311,1.460742323400426,0.009998671593271896
5330,-2.379552900270289,-3.9584243023994725,1.448871210919709,0.009998671593271896
5331,-5.0407128861308825,-4.020400976547557,1.4274048355483524,0.009998671593271896
5332,-4.825094376686477,-4.008599363365546,1.4182341211207399,0.009998671593271896
5333,-4.729918993443186,-4.047999477888378,1.4103394464210894,0.009998671593271896
5334,-6.1971378624178035,-4.12564732578663,1.4196199112702952,0.009998671593271896
5335,-7.064869477932312,-4.2054531977481195,1.4695704232121327,0.009998671593271896
5336,-6.498829823295734,-4.267200493792814,1.4994691336099062,0.009998671593271896
5337,-4.56366698991822,-4.3046469552048094,1.4829352022178106,0.009998671593271896
5338,-4.137357362644334,-4.317926703337498,1.4783976966412253,0.009998671593271896
5339,-5.3048561928121725,-4.359837281647692,1.4760772322123188,0.009998671593271896
5340,-5.233334234686307,-4.41861449395323,1.4509633462505638,0.009998671593271896
5341,-6.583371246360734,-4.500574854178607,1.4551806023844447,0.009998671593271896
5342,-3.900637129758612,-4.475129323036651,1.4543248694311643,0.009998671593271896
5343,-3.256298248770433,-4.499380690039738,1.4233585695723132,0.009998671593271896
5344,-3.6449318191510995,-4.502188645029587,1.4215305112663954,0.009998671593271896
5345,-1.9554625673980524,-4.485431089526545,1.4462991401044591,0.009998671593271896
5346,-1.9904998719354177,-4.466836847322014,1.47204988888039,0.009998671593271896
5347,-3.728650461589644,-4.482338767034422,1.4600645458097627,0.009998671593271896
5348,-4.520098703732707,-4.5161201862340254,1.440881413577007,0.009998671593271896
5349,-3.1361070537859552,-4.5320256768961436,1.4210339403810273,0.009998671593271896
5350,-2.0553869162361402,-4.4361223859663985,1.423131607803309,0.009998671593271896
5351,-5.549024562593159,-4.45677617739244,1.4316142419947884,0.009998671593271896
5352,-2.5838644307600567,-4.447418893234676,1.4422567647982631,0.009998671593271896
5353,-3.5430603859265655,-4.406533478129292,1.4383331484644963,0.009998671593271896
5354,-3.261318478141223,-4.42555656429059,1.416607013456348,0.009998671593271896
5355,-3.111116289558777,-4.396112322308156,1.428273675782449,0.009998671593271896
5356,-3.273107843072666,-4.391012393255647,1.4318148295709332,0.009998671593271896
5357,-2.2150398895918033,-4.354124473066262,1.463294657554423,0.009998671593271896
5358,-3.1676206992046163,-4.342388341073452,1.4703933514966478,0.009998671593271896
5359,-2.7082647930960677,-4.285872603862494,1.4777917803139926,0.009998671593271896
5360,-3.4264703116078126,-4.258797839262083,1.4808847317386815,0.009998671593271896
5361,-2.759549571367224,-4.215799836611277,1.4925343248519178,0.009998671593271896
5362,-1.951749552250231,-4.2002916184652435,1.5118252994095507,0.009998671593271896
5363,-5.508575553241014,-4.188558030103384,1.4992973266648848,0.009998671593271896
5364,-2.1047463989924116,-4.1878416161261685,1.5002839869847882,0.009998671593271896
5365,-5.976567720888545,-4.167668595235785,1.4689892899820074,0.009998671593271896
5366,-2.569149705206678,-4.162087915441575,1.4745110494286222,0.009998671593271896
5367,-3.2550833657106772,-4.174393596226029,1.4642873007750266,0.009998671593271896
5368,-2.286818688637912,-4.086797307838051,1.4434326497700452,0.009998671593271896
5369,-5.237143824150007,-4.130467393487401,1.4445443505818791,0.009998671593271896
5370,-5.712177450519118,-4.156917996429519,1.461061735854493,0.009998671593271896
5371,-4.323516663981567,-4.167999916130654,1.4601817030537732,0.009998671593271896
5372,-5.505432043152237,-4.1672641333704,1.459498159210586,0.009998671593271896
5373,-6.347962967480816,-4.226918581247938,1.486210057791602,0.009998671593271896
5374,-6.045700827840615,-4.231874549595354,1.491842936651019,0.009998671593271896
5375,-4.814568803511817,-4.217631936604659,1.4827851216105898,0.009998671593271896
5376,-2.5459119246561106,-4.154909173074207,1.4858398690831844,0.009998671593271896
5377,-3.217708320557176,-4.094038142402288,1.4604271563852844,0.009998671593271896
5378,-5.712208061312396,-4.098686548109439,1.4651925840050792,0.009998671593271896
5379,-1.8556062252825267,-4.026316809424967,1.4847037579617735,0.009998671593271896
5380,-4.854365219874156,-4.0758130558170445,1.4701605444474315,0.009998671593271896
5381,-6.0285056218729105,-4.095568910531885,1.489503697261023,0.009998671593271896
5382,-6.23210809779631,-4.123709184954082,1.516074284119571,0.009998671593271896
5383,-6.4764299783490795,-4.1586394046522,1.549392529579192,0.009998671593271896
5384,-5.015485543569366,-4.1350063582752306,1.5269685251189826,0.009998671593271896
5385,-4.42445591303065,-4.082198086977197,1.4692984128770377,0.009998671593271896
5386,-7.122567442669364,-4.094672839364669,1.4922322017825693,0.009998671593271896
5387,-5.534829421573777,-4.1140960879977815,1.5044805052940788,0.009998671593271896
5388,-5.41379363141986,-4.139624813373292,1.5154482265456026,0.009998671593271896
5389,-6.990651809730421,-4.173340725711656,1.55912102799044,0.009998671593271896
5390,-5.003684355040825,-4.168747728118747,1.5563273981939214,0.009998671593271896
5391,-4.9823329583831555,-4.136726962359196,1.5224191028656906,0.009998671593271896
5392,-6.161871938351688,-4.181951658531057,1.5481033967152007,0.009998671593271896
5393,-4.7864767942253925,-4.212555229440156,1.544622891343531,0.009998671593271896
5394,-5.51622212695168,-4.249981035596168,1.553063490772739,0.009998671593271896
5395,-5.82122586421141,-4.327296301532435,1.5330063477479043,0.009998671593271896
5396,-6.082007960811205,-4.409126463309951,1.5151832219027055,0.009998671593271896
5397,-5.45199654285607,-4.44359338493528,1.5189084355309384,0.009998671593271896
5398,-5.222808593468087,-4.457647582729987,1.5227973537537685,0.009998671593271896
5399,-5.7460145862472,-4.509845733379212,1.5213334733024466,0.009998671593271896
5400,-3.6362215422449404,-4.541462425899388,1.486012430833014,0.009998671593271896
5401,-5.099335148727807,-4.532468637622081,1.4812403136136312,0.009998671593271896
5402,-5.881885627901664,-4.598429061564913,1.4663558389151612,0.009998671593271896
5403,-2.3583985888580816,-4.574735825623543,1.4925537666811015,0.009998671593271896
5404,-6.5059074639854,-4.639627605340426,1.5045241702020058,0.009998671593271896
5405,-5.1257857752833775,-4.679920995054918,1.4899562006790483,0.009998671593271896
5406,-5.127487413653311,-4.71700858646653,1.477503922023412,0.009998671593271896
5407,-5.571927616569135,-4.784146341006077,1.4380303005388182,0.009998671593271896
5408,-5.481403643794586,-4.830421999897878,1.422409912991223,0.009998671593271896
5409,-5.3712808192361114,-4.883682320420679,1.3914714657063612,0.009998671593271896
5410,-7.411406801834081,-4.963381050225204,1.4195631147112548,0.009998671593271896
5411,-5.537135814518038,-5.01893277508822,1.386188973178019,0.009998671593271896
5412,-5.148353228474113,-5.082864848612697,1.3151483923729317,0.009998671593271896
5413,-5.775526076947033,-5.088203859086818,1.317405703795271,0.009998671593271896
5414,-2.606250264919054,-5.098233936405351,1.296394496474543,0.009998671593271896
5415,-4.7408064071131495,-5.073518710129843,1.2911829971441935,0.009998671593271896
5416,-6.330369884419124,-5.148743113714092,1.2520587192498225,0.009998671593271896
5417,-4.912399206657478,-5.181889430533028,1.2230905862423818,0.009998671593271896
5418,-5.326786351028284,-5.242688783780835,1.1511060903058496,0.009998671593271896
5419,-7.035532647215717,-5.278656560242149,1.1781497008603041,0.009998671593271896
5420,-6.373345376911155,-5.2918799187699905,1.1866212223313475,0.009998671593271896
5421,-3.4259528166168387,-5.273928641822696,1.207736232829672,0.009998671593271896
5422,-4.220456940994769,-5.248229139779546,1.2161786545062796,0.009998671593271896
5423,-7.369448104090906,-5.268658842511748,1.2427695904624685,0.009998671593271896
5424,-5.425213243189082,-5.256249090818717,1.2380373797706277,0.009998671593271896
5425,-7.0472997787698946,-5.300903710323879,1.2613477476407797,0.009998671593271896
5426,-7.01375960594056,-5.390260663949568,1.2206110711107956,0.009998671593271896
5427,-6.741120174866481,-5.460728901035754,1.194580415522248,0.009998671593271896
5428,-6.253184383692213,-5.47154842748335,1.199249842808217,0.009998671593271896
5429,-6.310045098571827,-5.560637204949137,1.0875771919089583,0.009998671593271896
5430,-5.224180969296608,-5.568033519937586,1.084000505773554,0.009998671593271896
5431,-4.277309525739756,-5.533009598014923,1.0967721271354507,0.009998671593271896
5432,-5.870958422470728,-5.525786604508411,1.0933281031497892,0.009998671593271896
5433,-4.9631498270100405,-5.49552100148163,1.08752337022883,0.009998671593271896
5434,-6.612755008631031,-5.527466390782863,1.0963768187141807,0.009998671593271896
5435,-7.026936852047623,-5.5795160095632035,1.1045218679601305,0.009998671593271896
5436,-6.8760321020890816,-5.574585302751597,1.0981544381332828,0.009998671593271896
5437,-5.38219969114443,-5.57153270814301,1.0984727968990795,0.009998671593271896
5438,-5.872342536434827,-5.580703686243309,1.099031608925512,0.009998671593271896
5439,-4.633301689711416,-5.53355668384293,1.0880441049076155,0.009998671593271896
5440,-6.246185254769187,-5.558406701837496,1.0898458362242287,0.009998671593271896
5441,-5.806995912905583,-5.5748999609279455,1.0872399145998564,0.009998671593271896
5442,-4.95910306116228,-5.5508445833841575,1.0872926768354205,0.009998671593271896
5443,-4.51420709536727,-5.545399189406995,1.0917796920961378,0.009998671593271896
5444,-5.118213013470365,-5.537439007137368,1.09341312692437,0.009998671593271896
5445,-6.0685876055371715,-5.542386241963883,1.0952440221543245,0.009998671593271896
5446,-4.845718881478674,-5.517660460377233,1.0967366046704128,0.009998671593271896
5447,-3.8333339006266685,-5.485287207532645,1.1218003551080669,0.009998671593271896
5448,-2.057847940473755,-5.421987994472758,1.2198352939955879,0.009998671593271896
5449,-6.287772475420179,-5.432823152256217,1.2250602166989828,0.009998671593271896
5450,-4.100776090185424,-5.442114243215027,1.2131024898073863,0.009998671593271896
5451,-2.9543748541084556,-5.399215037322641,1.2614294685477185,0.009998671593271896
5452,-3.479007066354253,-5.351157466091692,1.2876254614689686,0.009998671593271896
5453,-6.573765946778355,-5.435464813250097,1.2254121413769388,0.009998671593271896
5454,-2.8117751516963057,-5.361582167004316,1.2692258547044948,0.009998671593271896
5455,-2.7933097320729674,-5.314932646140107,1.3189262904677757,0.009998671593271896
5456,-4.9122170656861215,-5.310627239180763,1.3198821559628606,0.009998671593271896
5457,-6.119641167630418,-5.321581510201989,1.3242709022551267,0.009998671593271896
5458,-3.4310698958716492,-5.280574835243531,1.3501783941980017,0.009998671593271896
5459,-6.1879132624135575,-5.29690748410708,1.356103111735218,0.009998671593271896
5460,-6.289745483149292,-5.274474257733384,1.3299642095056134,0.009998671593271896
5461,-4.8181388238290594,-5.260094317919604,1.3309331442988883,0.009998671593271896
5462,-4.699415209699453,-5.251115557544111,1.3331691251607676,0.009998671593271896
5463,-6.863895019423541,-5.272882936393641,1.3503285235437859,0.009998671593271896
5464,-2.1778823792785342,-5.264315578680831,1.3684574143016304,0.009998671593271896
5465,-4.838646556373371,-5.266272381666035,1.3677772153958099,0.009998671593271896
5466,-2.407602995306284,-5.187817043883779,1.4161401817024644,0.009998671593271896
5467,-2.4370784808908272,-5.138310629368446,1.467247859869493,0.009998671593271896
5468,-5.742828283114523,-5.14663146801017,1.4694711347476732,0.009998671593271896
5469,-6.33190893587976,-5.1325589937834515,1.4546085664351278,0.009998671593271896
5470,-2.3267324528133666,-5.051626735301495,1.495325478172765,0.009998671593271896
5471,-5.934232475937865,-5.101792328487916,1.4819599329951934,0.009998671593271896
5472,-5.4659994406994725,-5.12670317848201,1.4773972342137525,0.009998671593271896
5473,-6.044502735114104,-5.1002042711024735,1.4485335412293112,0.009998671593271896
5474,-4.561533786349338,-5.082930681965679,1.44970401957393,0.009998671593271896
5475,-5.276540109876326,-5.047515488587807,1.4226602833033424,0.009998671593271896
5476,-5.256515695466576,-5.012370610378328,1.3950908294349185,0.009998671593271896
5477,-4.474344342231571,-4.96703509372563,1.3748603774468158,0.009998671593271896
5478,-2.536682554668777,-4.892705057145161,1.4034830859313974,0.009998671593271896
5479,-2.436511075004775,-4.81523437667382,1.429770536785624,0.009998671593271896
5480,-4.920529561780141,-4.8091613485234905,1.4286650767052131,0.009998671593271896
5481,-3.571460228728289,-4.795044362583262,1.4373118541624688,0.009998671593271896
5482,-2.442511811409883,-4.726475430362045,1.4658444782620468,0.009998671593271896
5483,-2.5849213195599474,-4.678910860213042,1.4956745738653066,0.009998671593271896
5484,-5.505014796556445,-4.656756055971551,1.4749255866048356,0.009998671593271896
5485,-2.4665595739255477,-4.565548510409109,1.4665165331941101,0.009998671593271896
5486,-3.3819435968813663,-4.495666740304955,1.437720071368858,0.009998671593271896
5487,-3.6867491129161136,-4.4617577287403885,1.4364043036872012,0.009998671593271896
5488,-1.8303918880392034,-4.380918715772476,1.4681311628705729,0.009998671593271896
5489,-3.2009597591625494,-4.352271877161499,1.4768752789265218,0.009998671593271896
5490,-5.354878760585731,-4.3344457472778295,1.459180959378866,0.009998671593271896
5491,-4.165652856131237,-4.301618886142343,1.4440682845343726,0.009998671593271896
5492,-5.239741415447622,-4.307231653228049,1.4471549592339643,0.009998671593271896
5493,-5.888825131801699,-4.334724013956738,1.4637874258557424,0.009998671593271896
5494,-3.145308829803332,-4.2952659302833975,1.468718406327409,0.009998671593271896
5495,-4.949221790813085,-4.272878613988916,1.449928389688946,0.009998671593271896
5496,-1.9493478718010306,-4.214951193795363,1.483357587357947,0.009998671593271896
5497,-3.0669454973769117,-4.199623425730368,1.4911607887514382,0.009998671593271896
5498,-4.3598660597059595,-4.245663788115012,1.4595239951406234,0.009998671593271896
5499,-1.159720281946547,-4.143102744245539,1.4922293098989752,0.009998671593271896
5500,-3.5016512588986606,-4.131120247619804,1.4949241125703947,0.009998671593271896
5501,-4.307248789039868,-4.158177726318432,1.485594771810236,0.009998671593271896
5502,-2.7974541663740697,-4.144546668318829,1.494861845359747,0.009998671593271896
5503,-5.204678782640524,-4.117164925036072,1.4622987563376646,0.009998671593271896
5504,-5.856589506799587,-4.178061212138138,1.4700477554521574,0.009998671593271896
5505,-4.6791415249676875,-4.215777847996032,1.4581799460480667,0.009998671593271896
5506,-7.134135216320585,-4.260216211008721,1.511604984728432,0.009998671593271896
5507,-5.126514553962291,-4.240353678735358,1.4934575128410796,0.009998671593271896
5508,-5.4485956680632714,-4.280704194179191,1.498294145966091,0.009998671593271896
5509,-4.114102610910053,-4.239227981149121,1.4734216181191282,0.009998671593271896
5510,-1.820914110070725,-4.14985135368755,1.4818419221580987,0.009998671593271896
5511,-5.167222819030132,-4.156833033591571,1.4857911931108723,0.009998671593271896
5512,-2.1872775893952183,-4.106590281185486,1.5088890615135235,0.009998671593271896
5513,-5.713387761293298,-4.083580136022881,1.4750586793840348,0.009998671593271896
5514,-6.063045477312,-4.161283397983551,1.4749550137726006,0.009998671593271896
5515,-5.529317359361242,-4.175096814043308,1.4844377398909228,0.009998671593271896
5516,-6.099082459747372,-4.2489264033321295,1.4864919517676334,0.009998671593271896
5517,-3.0860512544537957,-4.261905858803389,1.473390501789019,0.009998671593271896
5518,-5.644424650958063,-4.25993778616026,1.471475530591261,0.009998671593271896
5519,-6.176389340336402,-4.2568273942493935,1.4672508322968087,0.009998671593271896
5520,-5.290808646101517,-4.316108918115155,1.4478217157952584,0.009998671593271896
5521,-5.854719351884505,-4.314518655634089,1.4460861510173,0.009998671593271896
5522,-4.026745484072683,-4.285733576501554,1.4371759403014222,0.009998671593271896
5523,-4.6181826142888305,-4.257207174085048,1.4159823430873806,0.009998671593271896
5524,-3.1418734216800863,-4.228813966791662,1.423807190444427,0.009998671593271896
5525,-4.239740875505973,-4.208077982104256,1.4159253938781224,0.009998671593271896
5526,-3.6929662820508726,-4.1768069938359424,1.4096769895320944,0.009998671593271896
5527,-5.834524243933825,-4.204010591869987,1.4281593535813524,0.009998671593271896
5528,-4.1421158606460695,-4.236119257989532,1.4082205566828836,0.009998671593271896
5529,-1.6385156389339104,-4.2201593492681155,1.4328326896630876,0.009998671593271896
5530,-6.106872739569671,-4.243886212823906,1.4539016239637208,0.009998671593271896
5531,-3.4340692146317737,-4.241138392541975,1.455299047954585,0.009998671593271896
5532,-1.644231318047233,-4.225172782674722,1.4791273757804655,0.009998671593271896
5533,-2.1684361885609227,-4.216843080054742,1.4894774993076607,0.009998671593271896
5534,-3.5610325619725858,-4.177963435363065,1.4806909250282776,0.009998671593271896
5535,-2.988569781969294,-4.188403639523941,1.4703916822785617,0.009998671593271896
5536,-7.628026040894872,-4.2733252884042106,1.5422232335618953,0.009998671593271896
5537,-5.533732246784685,-4.310264951081582,1.5498319409797514,0.009998671593271896
5538,-2.0938855917220662,-4.315534825155239,1.541817957744735,0.009998671593271896
5539,-3.339257044699109,-4.318300770865969,1.5399388880426605,0.009998671593271896
5540,-2.7360917495952353,-4.26592503064616,1.5483043595840174,0.009998671593271896
5541,-4.437807833931837,-4.2713681302021715,1.5484206619506744,0.009998671593271896
5542,-1.8938583345231599,-4.2044504685836825,1.5771571554853783,0.009998671593271896
5543,-4.593973866905175,-4.178553443285752,1.5598225048429164,0.009998671593271896
5544,-2.7369176386396017,-4.170385619462477,1.5662675124343761,0.009998671593271896
5545,-2.9107077156255863,-4.129615337958727,1.5719846556012214,0.009998671593271896
5546,-2.588060747179249,-4.142389595466292,1.5567366708721717,0.009998671593271896
5547,-2.7220585429442465,-4.135491856377639,1.5622409191435551,0.009998671593271896
5548,-5.244234585056637,-4.153179226884651,1.56966976765071,0.009998671593271896
5549,-2.4218300495877303,-4.178421422237475,1.5310001572254455,0.009998671593271896
5550,-2.1881618938835907,-4.152151634937175,1.553490805387625,0.009998671593271896
5551,-2.8146751092826454,-4.1223001613420305,1.5645249561887509,0.009998671593271896
5552,-5.093481759751754,-4.168220713209584,1.5586497929899883,0.009998671593271896
5553,-2.61955760263667,-4.116518289609506,1.5662689036652768,0.009998671593271896
5554,-1.7847931565375017,-4.035082362604265,1.57947724057289,0.009998671593271896
5555,-4.943027051709567,-4.0403600731391025,1.582059267643367,0.009998671593271896
5556,-1.9532182980722992,-3.9367417347741367,1.5452731439276288,0.009998671593271896
5557,-4.851859949328551,-3.931248642681462,1.5415176142327554,0.009998671593271896
5558,-2.0189478707746233,-3.862655686735689,1.5487616363793613,0.009998671593271896
5559,-5.167615368370133,-3.8837259418848906,1.5591704637302228,0.009998671593271896
5560,-4.879754454998439,-3.944902748783445,1.536882408050684,0.009998671593271896
5561,-3.6373995636463663,-3.91430628367577,1.5274427091034921,0.009998671593271896
5562,-2.4496690783722177,-3.91955411345531,1.521940987857887,0.009998671593271896
5563,-5.523556083982577,-3.9157574799090953,1.5176922017992807,0.009998671593271896
5564,-5.710915169955802,-3.908714873761971,1.5085008879241237,0.009998671593271896
5565,-5.014582984869104,-3.898420186272128,1.4991333448142694,0.009998671593271896
5566,-2.569289620872989,-3.8278243294946406,1.4767838307956558,0.009998671593271896
5567,-4.895065936125418,-3.864004623128073,1.4803232810077185,0.009998671593271896
5568,-2.2916966849564977,-3.7969500638080422,1.4740779619499902,0.009998671593271896
5569,-5.283389878276015,-3.7790900745668345,1.4503593691626693,0.009998671593271896
5570,-1.777862958316994,-3.708831160811144,1.4604787993605461,0.009998671593271896
5571,-4.947648032525611,-3.690689734423966,1.4391892975878424,0.009998671593271896
5572,-7.238917152770698,-3.754933167797926,1.5220638299586597,0.009998671593271896
5573,-5.098010814604003,-3.7645297318042292,1.5289733050636831,0.009998671593271896
5574,-2.0991276093792828,-3.7436748155582134,1.5443580242426096,0.009998671593271896
5575,-5.324747105553893,-3.7653749401591723,1.5587318475741878,0.009998671593271896
5576,-2.8681805430928873,-3.748879225380012,1.5637669773604788,0.009998671593271896
5577,-4.029755147436098,-3.7127838434500573,1.5357876824906196,0.009998671593271896
5578,-6.661749292023341,-3.763176512077603,1.5894482719976424,0.009998671593271896
5579,-6.900070428485453,-3.8684076078686336,1.619194434950135,0.009998671593271896
5580,-7.975628679787935,-3.905782726672999,1.6904332268455264,0.009998671593271896
5581,-5.745790340092357,-3.952017149182211,1.7084171505222598,0.009998671593271896
5582,-3.7070206912781627,-3.9932729366468296,1.6768035295285002,0.009998671593271896
5583,-5.64832816277933,-4.062870776131198,1.6718282777444635,0.009998671593271896
5584,-6.397354307337144,-4.119597211038489,1.7016907289911305,0.009998671593271896
5585,-4.781450964477259,-4.155454834688648,1.696361434032621,0.009998671593271896
5586,-2.851131772945866,-4.0599169493296685,1.631368990963962,0.009998671593271896
5587,-6.227062258221667,-4.073783549558408,1.6467119502978278,0.009998671593271896
5588,-4.2334402021403825,-4.116574641766774,1.622325200490541,0.009998671593271896
5589,-3.329684147580752,-4.116383183824407,1.6224174862078857,0.009998671593271896
5590,-5.330656238720092,-4.168274473606904,1.6189289316602535,0.009998671593271896
5591,-4.913320995072029,-4.177784736829707,1.621878343895259,0.009998671593271896
5592,-5.02299992925621,-4.240367568724369,1.5926500336720508,0.009998671593271896
5593,-5.987017800782953,-4.268228447401925,1.6106746703091979,0.009998671593271896
5594,-5.16340465821348,-4.316758187793402,1.600326938778633,0.009998671593271896
5595,-6.062208056912791,-4.379788194619145,1.605760217319712,0.009998671593271896
5596,-4.86220224918119,-4.425271024659185,1.5864570303606675,0.009998671593271896
5597,-6.231120541084739,-4.495452264621995,1.587174753169974,0.009998671593271896
5598,-3.124542713421185,-4.453058427189285,1.5948983730418247,0.009998671593271896
5599,-5.880492750722608,-4.5222316812119825,1.5802371599794487,0.009998671593271896
5600,-7.068534789421662,-4.619839139122744,1.5837732858194364,0.009998671593271896
5601,-5.165847419051194,-4.666862585318116,1.5642623736846843,0.009998671593271896
5602,-5.844304066457802,-4.681879031452237,1.5718710413075951,0.009998671593271896
5603,-2.430498280109299,-4.678097845001689,1.5770463485154018,0.009998671593271896
5604,-5.902613382962752,-4.760454249530194,1.5306394525319422,0.009998671593271896
5605,-4.925563006898166,-4.760104968633966,1.530599742951572,0.009998671593271896
5606,-4.6378959923856895,-4.8137985225202335,1.477355414395757,0.009998671593271896
5607,-5.0681488483184465,-4.818124300500031,1.477777120004836,0.009998671593271896
5608,-5.70029035408114,-4.8917511501661615,1.4273264758439956,0.009998671593271896
5609,-5.417401324169376,-4.896746869282147,1.4287197248609123,0.009998671593271896
5610,-5.766461712076774,-4.914481014423714,1.4338925537206126,0.009998671593271896
5611,-4.448514692671021,-4.930703317004207,1.423906051723979,0.009998671593271896
5612,-6.517476562297052,-5.012059466682704,1.3957564220951737,0.009998671593271896
5613,-6.849000138677266,-5.0385683477765975,1.4176345487823871,0.009998671593271896
5614,-4.66982763316565,-5.017746597040794,1.4152499983762887,0.009998671593271896
5615,-5.142963019832709,-5.020314197740067,1.4153583815460418,0.009998671593271896
5616,-5.8892705686083175,-5.086713816694774,1.376147416804109,0.009998671593271896
5617,-5.593234558533932,-5.100677189142943,1.3776731920314873,0.009998671593271896
5618,-4.5932623991268375,-5.14670850342635,1.3203054601387212,0.009998671593271896
5619,-6.727212224499798,-5.175584950350825,1.3386406773914583,0.009998671593271896
5620,-4.384738429060997,-5.2277224597657055,1.2533391452359546,0.009998671593271896
5621,-2.5236020388793485,-5.1792415398927805,1.3088869793478286,0.009998671593271896
5622,-3.9348805245047136,-5.113160807327461,1.2864454421453662,0.009998671593271896
5623,-5.0070085232248225,-5.111340761499877,1.2865299603011915,0.009998671593271896
5624,-1.737358819496421,-5.10410538570222,1.3043440916847036,0.009998671593271896
5625,-4.50943377562042,-5.0877991191035505,1.3065782205013106,0.009998671593271896
5626,-3.5175436252924355,-5.100786380747541,1.2875394716981725,0.009998671593271896
5627,-4.586276674558166,-5.1119168112899835,1.2806194795478623,0.009998671593271896
5628,-5.372876142263403,-5.086139348294784,1.2620000613631874,0.009998671593271896
5629,-7.639043256040264,-5.100918804845881,1.2872315916394967,0.009998671593271896
5630,-5.464737568256232,-5.050700982615246,1.2213973495122568,0.009998671593271896
5631,-5.7502268816208915,-5.050789713445817,1.2214480025332393,0.009998671593271896
5632,-5.915661965540478,-5.094962538931063,1.2119528707549678,0.009998671593271896
5633,-6.453883420901591,-5.1110736440935085,1.224491421863634,0.009998671593271896
5634,-5.449226484016158,-5.092111087627089,1.211699736584995,0.009998671593271896
5635,-6.791386793235278,-5.132309804202249,1.2338642060846694,0.009998671593271896
5636,-2.0845729506842647,-5.1169786277570175,1.2664455647385149,0.009998671593271896
5637,-4.296530264454526,-5.078367987881674,1.2614319577126132,0.009998671593271896
5638,-2.545592496757185,-5.04461103377401,1.3054087583950527,0.009998671593271896
5639,-4.294687109773975,-5.063911093017874,1.2869140482346435,0.009998671593271896
5640,-2.36208493866733,-5.004539667016819,1.3405957754781337,0.009998671593271896
5641,-2.459017781066708,-4.955453602736712,1.3871607001490855,0.009998671593271896
5642,-5.436462301915158,-4.9637228501898925,1.388770162710101,0.009998671593271896
5643,-4.350928545301362,-4.9310010650802605,1.3835387727479742,0.009998671593271896
5644,-3.6710370647192563,-4.901153713210376,1.3942591682773384,0.009998671593271896
5645,-2.0414822927583613,-4.820739197927287,1.440168602260026,0.009998671593271896
5646,-5.789949454350564,-4.839294142030674,1.4465456452237009,0.009998671593271896
5647,-2.565624604033672,-4.765984223289653,1.4668905236547383,0.009998671593271896
5648,-5.03393084423748,-4.804171985905979,1.4483987042253224,0.009998671593271896
5649,-2.0853375998442436,-4.728268882888411,1.4888819315026365,0.009998671593271896
5650,-2.9816219860658686,-4.646530626821296,1.4702268127156732,0.009998671593271896
5651,-4.726952059837277,-4.637752719637017,1.4684091332791005,0.009998671593271896
5652,-1.9323976022275327,-4.559514590352412,1.5057781313988783,0.009998671593271896
5653,-4.602947156645779,-4.602963567883142,1.4747418371095682,0.009998671593271896
5654,-5.982989564065412,-4.6045710915051945,1.4762007126929444,0.009998671593271896
5655,-2.8354665491098867,-4.562769162349429,1.495979626972752,0.009998671593271896
5656,-5.741359544416003,-4.584838433390036,1.5050370814552847,0.009998671593271896
5657,-5.9828224864878585,-4.603131906153424,1.5163170428773949,0.009998671593271896
5658,-3.7208690317923727,-4.563543479707649,1.5129913262819215,0.009998671593271896
5659,-2.4961890466929115,-4.505119234158119,1.5351309336989578,0.009998671593271896
5660,-2.568552339407556,-4.441161046704735,1.5478121538746066,0.009998671593271896
5661,-2.3386603980709872,-4.398963960812734,1.5755478309629634,0.009998671593271896
5662,-2.8525016344968037,-4.32566446225673,1.560463762105634,0.009998671593271896
5663,-2.298299736549177,-4.234650454214168,1.5432508866311496,0.009998671593271896
5664,-4.8520605158768895,-4.238295111868393,1.5444890209068036,0.009998671593271896
5665,-3.5256029189671074,-4.20594790985108,1.5421381640390546,0.009998671593271896
5666,-4.326566677959479,-4.174693832038104,1.5234279680642913,0.009998671593271896
5667,-2.007098258419214,-4.10297110603581,1.5392897323168868,0.009998671593271896
5668,-5.803591525936306,-4.127177688571999,1.5562330823460042,0.009998671593271896
5669,-2.547640271273005,-4.043586249507463,1.526292585055654,0.009998671593271896
5670,-5.125713068821284,-4.058405742302669,1.5331150350506795,0.009998671593271896
5671,-5.268265064934554,-4.113299002823773,1.5262998342718102,0.009998671593271896
5672,-6.211607315016568,-4.158833538634009,1.5540074267965824,0.009998671593271896
5673,-5.236236808108176,-4.163418104331676,1.5568384644233515,0.009998671593271896
5674,-2.7860142489054094,-4.184391212919856,1.5308610934935811,0.009998671593271896
5675,-1.9745143069142244,-4.133692823545732,1.5609367143897395,0.009998671593271896
5676,-1.4998027165085035,-4.093338005370054,1.6018894032387663,0.009998671593271896
5677,-2.8767659345479535,-4.05914779056985,1.6092302106470147,0.009998671593271896
5678,-3.223725602412223,-4.016164779772826,1.602253192429433,0.009998671593271896
5679,-6.377134629174979,-3.9909266072355205,1.55420620601546,0.009998671593271896
5680,-2.0965325250930955,-3.923562506372258,1.5618422495644313,0.009998671593271896
5681,-2.276998819950509,-3.85409794513885,1.5562825167462173,0.009998671593271896
5682,-5.520680529473228,-3.8461983164175053,1.5467714420042307,0.009998671593271896
5683,-2.1738166999268347,-3.76059698199801,1.5182592264452088,0.009998671593271896
5684,-6.409589142926193,-3.7798042351762104,1.5453336072132808,0.009998671593271896
5685,-7.328178765157282,-3.7905400746146505,1.5679181564592646,0.009998671593271896
5686,-2.4369936677546815,-3.797588488956059,1.5610102325615085,0.009998671593271896
5687,-3.328794156199479,-3.778233766790958,1.5607033175826177,0.009998671593271896
5688,-4.779106083536696,-3.822904038526548,1.5567421848890741,0.009998671593271896
5689,-4.283760442574153,-3.8226855051825517,1.556676706844779,0.009998671593271896
5690,-6.022544594192777,-3.8958946982930605,1.572260571155157,0.009998671593271896
5691,-5.982757814533379,-3.9663694989623943,1.585195336194592,0.009998671593271896
5692,-4.468890611421441,-3.9470180651525197,1.572989786453192,0.009998671593271896
5693,-6.494188682626856,-3.98988326789903,1.6121284478138116,0.009998671593271896
5694,-5.275400851864729,-4.02197054364194,1.6214025996445256,0.009998671593271896
5695,-3.01343700232555,-4.041409637833283,1.603266863498554,0.009998671593271896
5696,-4.167578845868532,-4.008962225663642,1.5838504805120284,0.009998671593271896
5697,-2.0060829761304677,-3.997771393105578,1.5959395808892025,0.009998671593271896
5698,-3.2714851873582202,-3.9625224799679932,1.5921237278745646,0.009998671593271896
5699,-3.936437567299903,-3.999544479317106,1.569402588055553,0.009998671593271896
5700,-8.042709421888112,-4.100766228033551,1.6610234712350158,0.009998671593271896
5701,-6.758250769598169,-4.141392202228769,1.7002208121501086,0.009998671593271896
5702,-6.454961972381454,-4.2318434896318475,1.7005964640225777,0.009998671593271896
5703,-4.926755587548118,-4.238319658249894,1.7026127247642988,0.009998671593271896
5704,-5.995468014390271,-4.2385692272563915,1.7028693354304054,0.009998671593271896
5705,-6.438440609847914,-4.310628708471152,1.7181344953776798,0.009998671593271896
5706,-3.862722604093806,-4.273055969664708,1.706940835698062,0.009998671593271896
5707,-5.754081402526543,-4.268481147985481,1.7026534536995137,0.009998671593271896
5708,-4.933939919996849,-4.292742565749572,1.70332007971252,0.009998671593271896
5709,-7.680190084464238,-4.396422586504999,1.7479970452355593,0.009998671593271896
5710,-3.6558720735736787,-4.41816898118832,1.7318102877942778,0.009998671593271896
5711,-5.7086561301941305,-4.485568895830783,1.7150638900945052,0.009998671593271896
5712,-3.081983772303477,-4.4901585385869165,1.7109897523551667,0.009998671593271896
5713,-4.78528422921787,-4.539898228440291,1.6824592058120418,0.009998671593271896
5714,-6.360855448256961,-4.570074127087892,1.7012134470478983,0.009998671593271896
5715,-7.292056740034262,-4.645403203509235,1.7363231575584888,0.009998671593271896
5716,-6.141642675443702,-4.681704723458919,1.7482110352214992,0.009998671593271896
5717,-4.611767175705891,-4.733798101804653,1.7060350330394227,0.009998671593271896
5718,-6.324999133339984,-4.744226253952727,1.7141166945833868,0.009998671593271896
5719,-7.74217713970835,-4.848116991321433,1.7351245338650538,0.009998671593271896
5720,-3.604389828217896,-4.817690526509365,1.7433093046672543,0.009998671593271896
5721,-4.39783494360298,-4.800281924082734,1.7430689883700499,0.009998671593271896
5722,-4.3768390417346765,-4.763586558617096,1.7322506281370103,0.009998671593271896
5723,-4.749441939194799,-4.753850661238829,1.7309342816010083,0.009998671593271896
5724,-4.241245350164945,-4.78295528326402,1.7097058487889332,0.009998671593271896
5725,-8.898273880836935,-4.921430474742474,1.7563851626468128,0.009998671593271896
5726,-4.92004660254686,-4.98983535246324,1.6870266507241605,0.009998671593271896
5727,-3.261841670759212,-4.997536867187465,1.6782185801933354,0.009998671593271896
5728,-2.06481748968735,-4.9743587049329685,1.7102541058518355,0.009998671593271896
5729,-2.493248494820843,-4.896680982245886,1.732829428883005,0.009998671593271896
5730,-2.571474225043493,-4.906179816244894,1.718697967470885,0.009998671593271896
5731,-2.1879883107783673,-4.904399606061451,1.7214641969040632,0.009998671593271896
5732,-2.5304285835709632,-4.844594567143406,1.7507087317209074,0.009998671593271896
5733,-2.711641850459917,-4.855351070154068,1.7358554140476912,0.009998671593271896
5734,-3.330449771949089,-4.793768282734526,1.7342418915539368,0.009998671593271896
5735,-2.2049673575176105,-4.691304054581732,1.7328211376565732,0.009998671593271896
5736,-2.7878873760496377,-4.698321928747632,1.7243669676698081,0.009998671593271896
5737,-2.182750362098955,-4.67540105286562,1.749847408313817,0.009998671593271896
5738,-2.8170838253362684,-4.636160607701612,1.7689765129986406,0.009998671593271896
5739,-4.476969231937952,-4.640024783488888,1.7684134392276678,0.009998671593271896
5740,-2.8094865376382834,-4.5757636223577975,1.7753722933688514,0.009998671593271896
5741,-1.887544761252155,-4.493859361292174,1.8028245149899738,0.009998671593271896
5742,-2.417088257584375,-4.452823314215432,1.826126876825283,0.009998671593271896
5743,-2.241341737274093,-4.367766375308377,1.8281067395979516,0.009998671593271896
5744,-2.2465553709696855,-4.307189465690476,1.847111097097972,0.009998671593271896
5745,-1.916703350791771,-4.285254792659801,1.8687297406855614,0.009998671593271896
5746,-2.140605047906935,-4.244715316700569,1.8926755909547683,0.009998671593271896
5747,-3.125837400290545,-4.26711040518377,1.8725724587634747,0.009998671593271896
5748,-2.210882544076517,-4.245898352318136,1.8896596865523647,0.009998671593271896
5749,-2.020975061882602,-4.2075891022097895,1.9147941105389075,0.009998671593271896
5750,-2.200459645954927,-4.090744106691126,1.854505904151253,0.009998671593271896
5751,-2.0327908513495445,-3.996234908326154,1.8364780848261213,0.009998671593271896
5752,-2.155988241495556,-3.910255433708436,1.8199128183449724,0.009998671593271896
5753,-2.2878560885685633,-3.8574774437288446,1.8279155592086684,0.009998671593271896
5754,-3.9384488080621702,-3.8163370596022825,1.8023023647610172,0.009998671593271896
5755,-3.997088683459887,-3.7675100210745223,1.76325114965455,0.009998671593271896
5756,-1.7654788666344194,-3.7255651463253345,1.7852945164280423,0.009998671593271896
5757,-2.7348027330290337,-3.665179572935384,1.7666252381512517,0.009998671593271896
5758,-2.261425462012088,-3.6117292837756887,1.7678583807462867,0.009998671593271896
5759,-2.6237184809502634,-3.5105998517054093,1.6743870321819965,0.009998671593271896
5760,-5.364630882618281,-3.5447750278863017,1.6943230305272563,0.009998671593271896
5761,-2.71221909313976,-3.4848462871452144,1.6695371924576545,0.009998671593271896
5762,-3.221783604519062,-3.487642283789526,1.6689771402822355,0.009998671593271896
5763,-2.692119770192982,-3.445778994609028,1.6621407247359468,0.009998671593271896
5764,-3.465172032186462,-3.387865326287618,1.6091649707327005,0.009998671593271896
5765,-2.3389657301280837,-3.2888035060894945,1.5155026407648453,0.009998671593271896
5766,-2.276085415219652,-3.2114923608850137,1.465779442173979,0.009998671593271896
5767,-2.0759117705021666,-3.160775252780939,1.4603125084892181,0.009998671593271896
5768,-2.610267848851793,-3.0864806270911753,1.3902545967387785,0.009998671593271896
5769,-2.439367351728568,-2.9804244313315795,1.223284447119885,0.009998671593271896
5770,-2.4070762020742444,-2.956478158808707,1.222554425008262,0.009998671593271896
5771,-3.5193486181411036,-2.938908432299469,1.20793911364605,0.009998671593271896
5772,-2.671299141409926,-2.904797634292974,1.1908118078167342,0.009998671593271896
5773,-2.5635983541420817,-2.8610807625919197,1.1620652664578732,0.009998671593271896
5774,-2.4077945917829275,-2.8244117474242794,1.1467621148745557,0.009998671593271896
5775,-4.3985402395595665,-2.734417074598732,0.7865658858961188,0.009998671593271896
5776,-2.1730776884385503,-2.6794776963165656,0.7255550062054799,0.009998671593271896
5777,-4.384525834005301,-2.7019313795814877,0.7597938708622334,0.009998671593271896
5778,-6.30324579529422,-2.7866999456936252,0.906295782094121,0.009998671593271896
5779,-6.277427255361393,-2.8623835209044355,1.0284091155827648,0.009998671593271896
5780,-5.1492057928318244,-2.9139381522602026,1.076041814567999,0.009998671593271896
5781,-2.2264039914643767,-2.914706465873923,1.07553679499646,0.009998671593271896
5782,-3.4861902138733027,-2.93382169847997,1.0770294744999682,0.009998671593271896
5783,-5.529118721967601,-2.990171235910123,1.1360199266202315,0.009998671593271896
5784,-2.244276968697615,-2.9684477798450937,1.1396844917126232,0.009998671593271896
5785,-2.853715220656064,-2.981422737107863,1.1346002006131957,0.009998671593271896
5786,-2.8424536073835265,-2.9825140617345407,1.1344397533156139,0.009998671593271896
5787,-4.264493231157789,-3.024148919115717,1.1424959802403012,0.009998671593271896
5788,-2.713527546141057,-3.022077793531813,1.1429632404368033,0.009998671593271896
5789,-6.5865710733657155,-3.0642698303603684,1.231406864487415,0.009998671593271896
5790,-6.013962288256273,-3.128359345372728,1.2980642593379426,0.009998671593271896
5791,-4.914614741040242,-3.18890074496849,1.3093232261108207,0.009998671593271896
5792,-7.423590151214236,-3.2890307828410874,1.4321449937009303,0.009998671593271896
5793,-5.698784634462328,-3.3581796407848516,1.463025271214328,0.009998671593271896
5794,-7.271560398722446,-3.458679741339907,1.5530355703548013,0.009998671593271896
5795,-2.6331247563659566,-3.473008169451391,1.5420088118487738,0.009998671593271896
5796,-5.975184863423468,-3.5496997657617215,1.5689555052536552,0.009998671593271896
5797,-6.112996571142565,-3.609442949178762,1.6080636659203538,0.009998671593271896
5798,-6.525732061811244,-3.695739939533456,1.6460246057528145,0.009998671593271896
5799,-7.78957270948508,-3.8111118924855054,1.7248706914647478,0.009998671593271896
5800,-7.1601997682107426,-3.9103066949306218,1.7713788618597284,0.009998671593271896
5801,-5.262338229726584,-3.9748976424981635,1.7605878428239499,0.009998671593271896
5802,-5.912949675361613,-4.050036871175484,1.7615265919292493,0.009998671593271896
5803,-5.182406473699123,-4.107927878878096,1.7501897501195862,0.009998671593271896
5804,-6.343799823833022,-4.1560348991935125,1.7777114163991494,0.009998671593271896
5805,-1.723970199560608,-4.110572529515526,1.8099681071812348,0.009998671593271896
5806,-3.8875384263063064,-4.153013720708964,1.7790977749335444,0.009998671593271896
5807,-5.509762457229083,-4.208512915192966,1.7772725246158991,0.009998671593271896
5808,-5.453569114723571,-4.272355788247195,1.763463076479873,0.009998671593271896
5809,-8.676590379628616,-4.393413226220762,1.8516837381468039,0.009998671593271896
5810,-6.243340664659262,-4.410987421861582,1.8649405270926702,0.009998671593271896
5811,-6.612559011651783,-4.488994220231822,1.8738036667716207,0.009998671593271896
5812,-3.2167528765458204,-4.488893605672358,1.8738718412217148,0.009998671593271896
5813,-3.328859026252548,-4.501628390793549,1.8637540564042523,0.009998671593271896
5814,-3.8478373111583704,-4.509281696372987,1.860264666526589,0.009998671593271896
5815,-3.8997380496406535,-4.540497142763239,1.8365281557091966,0.009998671593271896
5816,-2.2052068245252014,-4.539079570949349,1.838301951577913,0.009998671593271896
5817,-2.2557764591354417,-4.542676864722015,1.8336484598738827,0.009998671593271896
5818,-2.51679370896953,-4.5408073819243695,1.8356642227147189,0.009998671593271896
5819,-2.3803499322325865,-4.53962703353445,1.8370335514521503,0.009998671593271896
5820,-2.8635695573381965,-4.548756900639729,1.8275220455530967,0.009998671593271896
5821,-1.8860790284276108,-4.516091508845459,1.859939041996626,0.009998671593271896
5822,-2.9775276872562686,-4.522216079762385,1.8543500545089928,0.009998671593271896
5823,-2.6384104768574073,-4.523712322216692,1.8527986099423936,0.009998671593271896
5824,-2.2660613951756665,-4.520877658284547,1.8561390710323842,0.009998671593271896
5825,-2.753314602641523,-4.487973145546187,1.8725265814635286,0.009998671593271896
5826,-2.2781665509566547,-4.490074922796548,1.8699843488604273,0.009998671593271896
5827,-2.570350325993069,-4.4537914126363045,1.8891821008632173,0.009998671593271896
5828,-2.3775129906327432,-4.375276756543075,1.8922614698934768,0.009998671593271896
5829,-2.318334986048693,-4.29609491115682,1.893842750691209,0.009998671593271896
5830,-1.9666950075664311,-4.2324446954515125,1.9174345175454115,0.009998671593271896
5831,-2.3961825356212985,-4.235840266334651,1.9140263288273764,0.009998671593271896
5832,-2.1712525939504315,-4.209541513936194,1.9330846086456748,0.009998671593271896
5833,-3.316849532785151,-4.165296130152544,1.927685334669989,0.009998671593271896
5834,-2.6831059957996004,-4.174072710694585,1.9199023883129214,0.009998671593271896
5835,-2.6144994813874973,-4.169288395909213,1.923481423383939,0.009998671593271896
5836,-2.27441340880898,-4.157927591937722,1.9329389362962681,0.009998671593271896
5837,-2.329377947836943,-4.1192252862713055,1.9497178806934674,0.009998671593271896
5838,-2.767613817828938,-4.120307011705062,1.948952537304658,0.009998671593271896
5839,-3.0501531304725122,-4.049578652847199,1.9221521558068968,0.009998671593271896
5840,-2.539694485026692,-3.9800932967826066,1.912657741999106,0.009998671593271896
5841,-1.9652585630726667,-3.9211061732232553,1.928342482748084,0.009998671593271896
5842,-5.415175035787017,-3.880937870914711,1.8751501788551967,0.009998671593271896
5843,-2.759913267301627,-3.822160443571497,1.86327024165012,0.009998671593271896
5844,-2.329345349403224,-3.7233161425851122,1.8079293500236768,0.009998671593271896
5845,-3.1668289363330677,-3.7339902261844546,1.8030301754710218,0.009998671593271896
5846,-3.067159662832574,-3.6758297221726366,1.7765048160353463,0.009998671593271896
5847,-3.724223748893735,-3.62805426572766,1.742107362305877,0.009998671593271896
5848,-3.473369956009885,-3.567007023611633,1.692264491309059,0.009998671593271896
5849,-3.601972808388078,-3.483255025589693,1.5811919377686645,0.009998671593271896
5850,-2.2944736194093602,-3.385940502613665,1.4995210567079083,0.009998671593271896
5851,-2.4853532350918983,-3.3304008027209715,1.4802981190180537,0.009998671593271896
5852,-5.877078256754121,-3.329683374348822,1.47905447971702,0.009998671593271896
5853,-2.043729898616095,-3.266909842847161,1.4656341654353764,0.009998671593271896
5854,-3.504534069658626,-3.210124527763673,1.398800629555139,0.009998671593271896
5855,-2.793340342550193,-3.231511930623465,1.3840111515587268,0.009998671593271896
5856,-2.3288249557273,-3.200337661211885,1.3864358956683691,0.009998671593271896
5857,-2.953554475969227,-3.149213501586688,1.3469001426021006,0.009998671593271896
5858,-2.4934710709285772,-3.0900115407107878,1.3088292435766424,0.009998671593271896
5859,-2.6584215068455435,-2.969648163255126,1.038303800863032,0.009998671593271896
5860,-7.324783610382702,-2.9912770221695952,1.114724099824807,0.009998671593271896
5861,-4.516334991291125,-2.949352541762382,1.012469519496499,0.009998671593271896
5862,-3.051728638648253,-2.946052057004431,1.0118612519675116,0.009998671593271896
5863,-6.355020608846743,-3.0065752886563146,1.1178956301455745,0.009998671593271896
5864,-2.3101641700763182,-2.9758218258346734,1.1154775647831743,0.009998671593271896
5865,-5.181451953334607,-3.0014561039085526,1.1505897369335003,0.009998671593271896
5866,-3.528104295698178,-3.027914053332012,1.1471807301855024,0.009998671593271896
5867,-4.059435899061047,-3.0639872421305245,1.1506863907406488,0.009998671593271896
5868,-3.754427298845085,-3.088739913928036,1.1519601595794369,0.009998671593271896
5869,-5.845956722745944,-3.158052049738303,1.210048181016331,0.009998671593271896
5870,-4.8115523998173355,-3.197011706587885,1.2311155977026367,0.009998671593271896
5871,-5.295795732160871,-3.2652060406625503,1.2508885424742968,0.009998671593271896
5872,-2.727160459551903,-3.2601986961084632,1.2525301419289958,0.009998671593271896
5873,-6.470508972940234,-3.33684066603012,1.3271575620723577,0.009998671593271896
5874,-2.1405670978532028,-3.3343307800836706,1.3292971598175187,0.009998671593271896
5875,-5.92968294296322,-3.3978581468901043,1.375122057776634,0.009998671593271896
5876,-2.8481836949171386,-3.4092584897693143,1.368137186333679,0.009998671593271896
5877,-2.6397993264879855,-3.410647469779213,1.3673198021303252,0.009998671593271896
5878,-7.155851962663479,-3.5062142492198274,1.4558894974535141,0.009998671593271896
5879,-3.0536395416825193,-3.520920340332504,1.4475058874216165,0.009998671593271896
5880,-4.762584955110637,-3.576838139283388,1.4403710586138339,0.009998671593271896
5881,-5.014610007398858,-3.629206688718939,1.4440883377854914,0.009998671593271896
5882,-5.542221181164917,-3.6966260604632284,1.4531089572908118,0.009998671593271896
5883,-5.655235363867742,-3.74339377708488,1.4775577235048847,0.009998671593271896
5884,-6.218640535376972,-3.8141044678764278,1.509380519021818,0.009998671593271896
5885,-5.830346479653298,-3.878421407841744,1.5253250397751192,0.009998671593271896
5886,-5.55993239650801,-3.9441317875957242,1.5255790290373172,0.009998671593271896
5887,-6.261259854153196,-4.02276942572205,1.541570804726338,0.009998671593271896
5888,-7.210602007147115,-4.111629189508413,1.5938261221688625,0.009998671593271896
5889,-5.376336212526921,-4.158152851149502,1.5961116205386947,0.009998671593271896
5890,-2.379552900270289,-4.154950019454374,1.599513130029161,0.009998671593271896
5891,-6.252972464419811,-4.240704297481316,1.5947499638013214,0.009998671593271896
5892,-5.753830195776057,-4.247477400681097,1.6004327356988295,0.009998671593271896
5893,-4.729918993443186,-4.286877515203928,1.5875234263664342,0.009998671593271896
5894,-7.197790811141413,-4.384246424438691,1.6135611564186465,0.009998671593271896
5895,-7.237749824709496,-4.46566484220622,1.6523190288353957,0.009998671593271896
5896,-6.936582693153253,-4.543053302812634,1.6754586133367755,0.009998671593271896
5897,-5.090802431716024,-4.57038487646908,1.6730228616138874,0.009998671593271896
5898,-5.408909413635134,-4.6090956656215845,1.6695809664584407,0.009998671593271896
5899,-5.4283294797160355,-4.6456227990481445,1.667124267694466,0.009998671593271896
5900,-5.420506920986958,-4.708143465079695,1.6361067657720618,0.009998671593271896
5901,-6.576713196038071,-4.789970664298619,1.6251660798612537,0.009998671593271896
5902,-3.0365511498179023,-4.7331601221598945,1.6357844879314778,0.009998671593271896
5903,-5.275330830542035,-4.797792140798414,1.591487315726485,0.009998671593271896
5904,-5.245631567087139,-4.832614090746985,1.5818281139818828,0.009998671593271896
5905,-2.8072688484169657,-4.83289266086432,1.5814701461592802,0.009998671593271896
5906,-1.6053015744731673,-4.818422193239237,1.6074135160998848,0.009998671593271896
5907,-2.810455245165965,-4.815560208623172,1.610855056799782,0.009998671593271896
5908,-6.026495914769537,-4.886220705499991,1.5847228321125968,0.009998671593271896
5909,-1.6188330052447357,-4.865428935467975,1.620237272501464,0.009998671593271896
5910,-5.98102052430274,-4.838553673746375,1.590084564742221,0.009998671593271896
5911,-4.594685771437757,-4.840120689349309,1.589804831098026,0.009998671593271896
5912,-5.911561416827052,-4.897317344912884,1.5758174785439811,0.009998671593271896
5913,-3.9160113040939035,-4.848537158817827,1.5676678455369717,0.009998671593271896
5914,-4.270193744275293,-4.887737750301808,1.5277004487337433,0.009998671593271896
5915,-5.630197120405734,-4.89671265364323,1.5307147578288813,0.009998671593271896
5916,-2.9081718061133928,-4.884314003851534,1.5442014313604384,0.009998671593271896
5917,-1.6775119898041748,-4.836675525666396,1.6044786509650228,0.009998671593271896
5918,-2.816721509138266,-4.81792140987226,1.6223991754903986,0.009998671593271896
5919,-3.8310735530794595,-4.77762374647893,1.6213868831083431,0.009998671593271896
5920,-5.28981551831703,-4.787189008848925,1.6229687968731892,0.009998671593271896
5921,-2.174931501248053,-4.724771724230667,1.6617568919505856,0.009998671593271896
5922,-5.402987980374121,-4.778288274647112,1.6395006792567393,0.009998671593271896
5923,-3.2037104428155203,-4.7129523040446175,1.635850658637278,0.009998671593271896
5924,-2.677284933374209,-4.723686660755037,1.6206257035014668,0.009998671593271896
5925,-5.872468605704618,-4.7225423740098655,1.6197937584594875,0.009998671593271896
5926,-4.304657987158123,-4.751671859854685,1.598784360398992,0.009998671593271896
5927,-6.33291938540783,-4.8255342610330825,1.5847594579450095,0.009998671593271896
5928,-3.3325745597668552,-4.74906871297515,1.5625576856832581,0.009998671593271896
5929,-2.8954705168670416,-4.7459053324788405,1.5661428536588098,0.009998671593271896
5930,-4.34712355613762,-4.73759610449938,1.5671341259456892,0.009998671593271896
5931,-5.922829458671215,-4.755760493524827,1.5754809588515275,0.009998671593271896
5932,-4.1358966087562585,-4.727634002076654,1.5737418367163292,0.009998671593271896
5933,-2.6632795808939083,-4.667794886417177,1.5940843599589007,0.009998671593271896
5934,-3.9901050826896878,-4.623224177363431,1.5812024612375222,0.009998671593271896
5935,-1.8893168564693434,-4.544403584899753,1.6168891852437899,0.009998671593271896
5936,-6.5658874254788335,-4.564522685479169,1.6355512288401484,0.009998671593271896
5937,-3.148635196391895,-4.502270192323943,1.6290085501618328,0.009998671593271896
5938,-5.779847699812287,-4.473655106177246,1.593358997437272,0.009998671593271896
5939,-6.755449801763138,-4.50123737796197,1.6204527731650702,0.009998671593271896
5940,-2.8602095527529654,-4.510850511011624,1.6092244479052584,0.009998671593271896
5941,-2.218150850640276,-4.430154078736034,1.6209630058074669,0.009998671593271896
5942,-5.39195117211849,-4.422916498262882,1.6158364358268469,0.009998671593271896
5943,-2.844292615209092,-4.3852039706982,1.6301721409876655,0.009998671593271896
5944,-6.271446749796314,-4.366677089471299,1.603141698558684,0.009998671593271896
5945,-5.3104540425118625,-4.328131173827346,1.5561268083822857,0.009998671593271896
5946,-2.262371595599808,-4.234646951876277,1.5368988939222858,0.009998671593271896
5947,-4.875624122707617,-4.230343385696108,1.5347953218638064,0.009998671593271896
5948,-3.5673814876077383,-4.19351282717556,1.5281525453619442,0.009998671593271896
5949,-2.4253251948736207,-4.133452741478712,1.5374255412067805,0.009998671593271896
5950,-1.7184039860018838,-4.059410682779011,1.56259851174423,0.009998671593271896
5951,-4.202474948253594,-4.011925917823321,1.520898555071407,0.009998671593271896
5952,-4.324125407961036,-4.037677402986184,1.5150549585747088,0.009998671593271896
5953,-1.9793325530410941,-3.9717574374361657,1.5313869647919796,0.009998671593271896
5954,-4.739567103641983,-3.961636148167262,1.524591461062546,0.009998671593271896
5955,-5.251820473000871,-4.01052718065894,1.5259846082687063,0.009998671593271896
5956,-5.919200330336205,-4.096805155776201,1.5094182969593308,0.009998671593271896
5957,-2.386907069352787,-4.088334192259937,1.5177789514422917,0.009998671593271896
5958,-5.198992846131652,-4.071784130887179,1.5009733097447788,0.009998671593271896
5959,-2.801741775377011,-4.095442306289825,1.4711498681313195,0.009998671593271896
5960,-6.9947294900181785,-4.115716485604134,1.5036223300103206,0.009998671593271896
5961,-5.964160759766434,-4.143105985370708,1.5244266527998092,0.009998671593271896
5962,-9.051456156907037,-4.205903880172308,1.6550596303584906,0.009998671593271896
5963,-7.38072433317852,-4.275198140754,1.7129885082965512,0.009998671593271896
5964,-6.899715270305833,-4.327788571274611,1.751948965740794,0.009998671593271896
5965,-3.5005370249323993,-4.285195369365144,1.7456438753516856,0.009998671593271896
5966,-4.4682169637086755,-4.31639627251705,1.7346599388353523,0.009998671593271896
5967,-3.4137628077586646,-4.351121288876139,1.6984875669024433,0.009998671593271896
5968,-5.752307334115249,-4.409833005375679,1.6951671723621016,0.009998671593271896
5969,-7.582004914824164,-4.484851632610573,1.7500051971955262,0.009998671593271896
5970,-5.337257607387355,-4.485800474391979,1.7504541901122392,0.009998671593271896
5971,-4.0840722965202785,-4.523983290297425,1.7201910785166177,0.009998671593271896
5972,-3.0957978150404903,-4.477839486990751,1.726924835120429,0.009998671593271896
5973,-2.2480897398944206,-4.458727072932329,1.7461018538601591,0.009998671593271896
5974,-7.276067550892414,-4.550702725282694,1.7707878441167901,0.009998671593271896
5975,-3.6209857553803477,-4.505673068276208,1.7652218248399276,0.009998671593271896
5976,-4.503040642861764,-4.509640721390281,1.764988483236223,0.009998671593271896
5977,-5.2522105731725,-4.4880265451455745,1.7490736037411492,0.009998671593271896
5978,-2.097385857255336,-4.463322771095344,1.7737671963967934,0.009998671593271896
5979,-5.052142557202986,-4.506456211902063,1.7612951298081687,0.009998671593271896
5980,-5.210200452829593,-4.523717749835902,1.7638764000981044,0.009998671593271896
5981,-4.882772564573276,-4.502916611953943,1.7533554697235767,0.009998671593271896
5982,-5.166701116701995,-4.523532702112858,1.7549782060629902,0.009998671593271896
5983,-6.083780655674438,-4.591942723608469,1.7477829421146112,0.009998671593271896
5984,-4.30899659969335,-4.598320553948542,1.746156217320546,0.009998671593271896
5985,-2.6602645812885064,-4.613739508444925,1.725448054719,0.009998671593271896
5986,-2.7928401607267546,-4.538278563149884,1.7209219895624477,0.009998671593271896
5987,-5.631641253742015,-4.587938684296887,1.715923375986039,0.009998671593271896
5988,-5.051199203651455,-4.57336571437367,1.7088182831867929,0.009998671593271896
5989,-4.829781827326533,-4.534852354884938,1.6806730233050156,0.009998671593271896
5990,-4.681033304476534,-4.5712688299194095,1.663632909844328,0.009998671593271896
5991,-6.069395849843814,-4.648293729903479,1.641915354203123,0.009998671593271896
5992,-5.918315627004522,-4.6588210190012,1.6483245405888087,0.009998671593271896
5993,-5.711932612145039,-4.71617381893992,1.6340180725547098,0.009998671593271896
5994,-5.675503811610566,-4.704254960176204,1.6247774632696121,0.009998671593271896
5995,-4.2988922577739395,-4.684023724481445,1.6234005464187158,0.009998671593271896
5996,-6.457225573796671,-4.767920804045383,1.604365148417026,0.009998671593271896
5997,-7.940920815780191,-4.8292267379068345,1.664738926474937,0.009998671593271896
5998,-3.3675248517958942,-4.825229605190597,1.6680006281815762,0.009998671593271896
5999,-3.361607950377163,-4.843955260300668,1.646064515397386,0.009998671593271896
6000,-3.4042524838767667,-4.877672230258166,1.5982693831487715,0.009998671593271896
6001,-3.3991335135609972,-4.861605401564314,1.608978118393597,0.009998671593271896
6002,-3.3422299301880973,-4.841967492008855,1.6213627846868848,0.009998671593271896
6003,-3.0288677374925395,-4.8629581956978845,1.590669578651334,0.009998671593271896
6004,-2.38367736966899,-4.815840401018424,1.6280791697352044,0.009998671593271896
6005,-5.549024562593159,-4.821784482810269,1.6302012325629276,0.009998671593271896
6006,-2.5838644307600567,-4.755077764818747,1.6520246864874129,0.009998671593271896
6007,-3.5430603859265655,-4.778200831150222,1.6266118044096214,0.009998671593271896
6008,-3.261318478141223,-4.739447343790414,1.6391587636718223,0.009998671593271896
6009,-6.453120437302161,-4.812474917028917,1.6325280634954942,0.009998671593271896
6010,-3.273107843072666,-4.738042484090007,1.616092822324295,0.009998671593271896
6011,-2.2150398895918033,-4.663060066686514,1.6441949911024458,0.009998671593271896
6012,-3.1676206992046163,-4.545383357532465,1.5326760042592444,0.009998671593271896
6013,-3.4262871734520357,-4.4662946143379365,1.4856328823612213,0.009998671593271896
6014,-3.4264703116078126,-4.3968297151639755,1.4510250372646232,0.009998671593271896
6015,-2.759549571367224,-4.382009966092673,1.4638309149148463,0.009998671593271896
6016,-1.951749552250231,-4.331680617863503,1.5027450165681122,0.009998671593271896
6017,-3.970488395589682,-4.342815129620123,1.4979573898394796,0.009998671593271896
6018,-2.9552209456923544,-4.286873401851666,1.496503208069979,0.009998671593271896
6019,-5.670131260738515,-4.2486359287699536,1.4349808220822395,0.009998671593271896
6020,-2.7588848107631776,-4.197068472837469,1.4412480639783718,0.009998671593271896
6021,-2.6805812940799694,-4.168998652788662,1.4567592016779245,0.009998671593271896
6022,-8.226635299868805,-4.27161540248523,1.5549502489747717,0.009998671593271896
6023,-5.017450638295093,-4.327002620453243,1.5310241065080288,0.009998671593271896
6024,-5.526256476938515,-4.2920063989741655,1.4824421054995258,0.009998671593271896
6025,-4.4603625027732825,-4.308793933922024,1.479497981174489,0.009998671593271896
6026,-4.4679773875860835,-4.30809266881651,1.479414051672611,0.009998671593271896
6027,-6.171737248491489,-4.3264832023228905,1.496650919421175,0.009998671593271896
6028,-2.277293128288858,-4.33008134774356,1.4914949304870024,0.009998671593271896
6029,-4.449077054692342,-4.318020037693348,1.4880414658972465,0.009998671593271896
6030,-2.5459119246561106,-4.264734267129878,1.5027693290415125,0.009998671593271896
6031,-3.217708320557176,-4.231432982249556,1.5071471463155122,0.009998671593271896
6032,-5.611642677504017,-4.2403318134655965,1.5139413389695868,0.009998671593271896
6033,-3.487141752150262,-4.188399035395112,1.4942226062723614,0.009998671593271896
6034,-4.7048866984592195,-4.19631683737043,1.4958886389631092,0.009998671593271896
6035,-4.837747120138781,-4.2398664881474355,1.482169279664392,0.009998671593271896
6036,-5.433501306461523,-4.2926797110621315,1.4767038006354178,0.009998671593271896
6037,-5.428548989154163,-4.288617865770374,1.4732906150202225,0.009998671593271896
6038,-4.809184169541728,-4.2837775650881795,1.471173336962958,0.009998671593271896
6039,-5.435484356171431,-4.295891615665077,1.4780968827293568,0.009998671593271896
6040,-6.0479904236169695,-4.3232307580478855,1.4974823165150675,0.009998671593271896
6041,-2.7553160198368403,-4.256949161447746,1.4920607629038851,0.009998671593271896
6042,-3.538217135274068,-4.209347191613137,1.4761802452670238,0.009998671593271896
6043,-7.675213057448033,-4.248612800519197,1.5403426870515327,0.009998671593271896
6044,-5.117556676716708,-4.23745385782132,1.5319634400337228,0.009998671593271896
6045,-5.579675421244766,-4.263069521090737,1.5434414470143754,0.009998671593271896
6046,-6.2373583892142594,-4.258672177399088,1.5374856352999506,0.009998671593271896
6047,-6.3936348129859555,-4.227726457343204,1.4774595255281164,0.009998671593271896
6048,-5.571614619666532,-4.271808252700616,1.4840031053554996,0.009998671593271896
6049,-4.73821818805277,-4.299340457454129,1.4796245020798644,0.009998671593271896
6050,-6.141865952454497,-4.354092726825683,1.4960498690015056,0.009998671593271896
6051,-5.82186442166374,-4.402547344987738,1.5035509613915867,0.009998671593271896
6052,-5.923117829199343,-4.454165102967963,1.5105490167846993,0.009998671593271896
6053,-4.2687114842425915,-4.478961977902964,1.4970644129081498,0.009998671593271896
6054,-3.6362215422449404,-4.504012861354482,1.472064600037016,0.009998671593271896
6055,-5.144928912100726,-4.495930948344634,1.4674070150887957,0.009998671593271896
6056,-5.394002543464991,-4.552133710598733,1.4467671830300473,0.009998671593271896
6057,-2.3583985888580816,-4.528440474657364,1.4725687789231428,0.009998671593271896
6058,-5.987681069500486,-4.582967726484549,1.4751139910729039,0.009998671593271896
6059,-5.1257857752833775,-4.556421033244172,1.4529969597984362,0.009998671593271896
6060,-1.5823717495298677,-4.522606311373316,1.5013388217608188,0.009998671593271896
6061,-2.0554769681494607,-4.51941505294447,1.5064014609993766,0.009998671593271896
6062,-4.567730520961538,-4.547417249379608,1.493974888305958,0.009998671593271896
6063,-4.928160914410919,-4.577454724198786,1.4862097358117154,0.009998671593271896
6064,-5.335853650586355,-4.615642390978357,1.480665106361945,0.009998671593271896
6065,-5.454500533435475,-4.669541410219722,1.4610393908056487,0.009998671593271896
6066,-2.7606229289906437,-4.68571887775453,1.4351048514741196,0.009998671593271896
6067,-5.4368670566979365,-4.715046450976695,1.4351721872499126,0.009998671593271896
6068,-2.606250264919054,-4.7080670373612294,1.444531483127634,0.009998671593271896
6069,-4.7408064071131495,-4.689480540288722,1.437997160568156,0.009998671593271896
6070,-4.8590772077943285,-4.731484388229345,1.4114187095740212,0.009998671593271896
6071,-4.258059513925451,-4.763033952626255,1.3825577568124683,0.009998671593271896
6072,-4.340946570520183,-4.685320178039282,1.2919206591242451,0.009998671593271896
6073,-5.108403867303097,-4.687139242619442,1.292450952178033,0.009998671593271896
6074,-4.848870951600457,-4.673591532112681,1.2871234251543642,0.009998671593271896
6075,-3.4259528166168387,-4.652903338389552,1.298645996848486,0.009998671593271896
6076,-2.1630637158821213,-4.606805064955473,1.3444918925332137,0.009998671593271896
6077,-5.063534005655303,-4.584641000098749,1.3275386906002735,0.009998671593271896
6078,-5.446333941057408,-4.64802181635412,1.2910131903394864,0.009998671593271896
6079,-3.941554707940658,-4.637871369419087,1.2945278526161985,0.009998671593271896
6080,-5.764086026976994,-4.702234851465505,1.2686611076663743,0.009998671593271896
6081,-5.465903884508844,-4.747198762744537,1.2550166055510725,0.009998671593271896
6082,-5.281408693949216,-4.740594083073441,1.2513134690364516,0.009998671593271896
6083,-6.213572346815768,-4.795122694966752,1.2549033718451152,0.009998671593271896
6084,-2.6265195065783122,-4.753555351129134,1.2911036262310553,0.009998671593271896
6085,-3.123828045359729,-4.719276969633553,1.3110118317441122,0.009998671593271896
6086,-4.286008632973286,-4.696327116163788,1.3083491231943671,0.009998671593271896
6087,-4.9631498270100405,-4.687019132920906,1.304757333516917,0.009998671593271896
6088,-6.062469234963375,-4.712084834229338,1.3188260627257913,0.009998671593271896
6089,-5.571728615305297,-4.714809719412015,1.3204576365660068,0.009998671593271896
6090,-4.907754921409253,-4.692005009367861,1.307013946514525,0.009998671593271896
6091,-6.352896084832574,-4.763956610667776,1.2974067680961143,0.009998671593271896
6092,-4.8603124642733935,-4.7903985172477626,1.2855746152043188,0.009998671593271896
6093,-4.418801952047982,-4.725270295139762,1.2185150747779572,0.009998671593271896
6094,-4.764224983408356,-4.718203661273595,1.217243454448731,0.009998671593271896
6095,-4.550564494548402,-4.697621442739668,1.2111884187104625,0.009998671593271896
6096,-3.8523149910409074,-4.649920574776201,1.1964853009848369,0.009998671593271896
6097,-3.30671388589871,-4.588182156234455,1.1844993627853653,0.009998671593271896
6098,-2.0917565778815637,-4.518584995398756,1.2261708693346924,0.009998671593271896
6099,-4.45463361949496,-4.5129133040276,1.2257976397045631,0.009998671593271896
6100,-2.4520360046605076,-4.4391167050717195,1.2365308268427497,0.009998671593271896
6101,-2.8795383805823422,-4.380270184250092,1.2393350792941906,0.009998671593271896
6102,-2.8966072215220726,-4.319739972096547,1.2364081327841114,0.009998671593271896
6103,-2.7051547001465304,-4.288468836414625,1.2569060508901853,0.009998671593271896
6104,-1.6265566714532225,-4.248275538998791,1.3082065266736593,0.009998671593271896
6105,-3.0408355382929733,-4.206193671522636,1.3125212053667805,0.009998671593271896
6106,-2.053263676140193,-4.13937889417614,1.3351898940003455,0.009998671593271896
6107,-2.8888799380453247,-4.149988521159885,1.3230482321831616,0.009998671593271896
6108,-2.353852863643845,-4.077311957042752,1.3199070155395787,0.009998671593271896
6109,-3.3231534151154825,-4.041259309839394,1.3153873541572245,0.009998671593271896
6110,-2.5403569941636848,-4.060419014732071,1.2860825757797532,0.009998671593271896
6111,-2.330563233574708,-4.065920740040575,1.2780572330736555,0.009998671593271896
6112,-2.666557529316019,-4.0278972802076645,1.2907798395932015,0.009998671593271896
6113,-2.4065650856382756,-3.9774653636322124,1.3038152037663713,0.009998671593271896
6114,-3.0652298916265175,-3.9320528884530157,1.2952261922287813,0.009998671593271896
6115,-2.5995134095846177,-3.874953145975998,1.2897700574385849,0.009998671593271896
6116,-1.772058202629028,-3.8551818514487657,1.3140489348510582,0.009998671593271896
6117,-1.6805886255233184,-3.7800562828252735,1.3287675885258987,0.009998671593271896
6118,-2.6885439091190073,-3.7817021557092727,1.3273628627112493,0.009998671593271896
6119,-2.787377338986404,-3.742633574346738,1.327306231725415,0.009998671593271896
6120,-2.812478208985479,-3.7017015943705607,1.323798042804583,0.009998671593271896
6121,-2.188024966630008,-3.660300903424652,1.3380436827311646,0.009998671593271896
6122,-2.6343292550231174,-3.6261685571147106,1.342006954458848,0.009998671593271896
6123,-2.7147038304148885,-3.578294556376946,1.3309266225206584,0.009998671593271896
6124,-2.117927363534568,-3.5236756846156285,1.333697346708912,0.009998671593271896
6125,-2.185167426021276,-3.4988599768037174,1.3467642277889966,0.009998671593271896
6126,-2.685197390514577,-3.5093026502963665,1.3383642026351088,0.009998671593271896
6127,-2.2263559542770497,-3.4525590892688016,1.3313922222823527,0.009998671593271896
6128,-2.565637065284266,-3.3949451517533387,1.3059539555811257,0.009998671593271896
6129,-5.4108850162886455,-3.4243317579202985,1.3341502134640326,0.009998671593271896
6130,-2.7154602099552245,-3.3633592415798637,1.2949131712111612,0.009998671593271896
6131,-3.2189537941827426,-3.3184202397733413,1.2596760640130271,0.009998671593271896
6132,-2.8607410221848304,-3.270006886338053,1.229456329178143,0.009998671593271896
6133,-3.2897793582226584,-3.211531026566191,1.1553612879920623,0.009998671593271896
6134,-2.090480800565004,-3.2008102524459248,1.1632003582388182,0.009998671593271896
6135,-2.6002740222147356,-3.190339171983025,1.166198859523153,0.009998671593271896
6136,-2.531159765270139,-3.155242194628962,1.1590808861263586,0.009998671593271896
6137,-2.164568269966415,-3.0992705634880897,1.1378021679741104,0.009998671593271896
6138,-3.1921360531041527,-3.041863899850905,1.0563426532461933,0.009998671593271896
6139,-2.215716240896172,-2.9747436523627226,0.9984992553638874,0.009998671593271896
6140,-4.274984343581336,-2.9620882408061644,0.977712876716558,0.009998671593271896
6141,-2.3451484575437647,-2.881933288260388,0.8527358266784433,0.009998671593271896
6142,-3.279735436292173,-2.8503217477007636,0.806873192207023,0.009998671593271896
6143,-2.8187963845640303,-2.818321636351085,0.7751371589066001,0.009998671593271896
6144,-5.810604266828955,-2.8392492220194967,0.8388944876248172,0.009998671593271896
6145,-6.013635964238774,-2.868510651413304,0.919701231194605,0.009998671593271896
6146,-2.8770023729534344,-2.8490043990515543,0.9089080720254191,0.009998671593271896
6147,-2.414451352563259,-2.8311591483848453,0.9085054749085744,0.009998671593271896
6148,-6.504858868980083,-2.919421194206816,1.0375832876077313,0.009998671593271896
6149,-5.803651461397865,-2.946401551044874,1.0932013903833986,0.009998671593271896
6150,-5.61173394736657,-3.0095955098989955,1.152513684642894,0.009998671593271896
6151,-3.5231224909977343,-3.022467192107303,1.1545813159560805,0.009998671593271896
6152,-3.961731144747213,-3.043769670571806,1.1618656292260325,0.009998671593271896
6153,-4.651742392900274,-3.082701424426881,1.1823004620102704,0.009998671593271896
6154,-3.4029114596164702,-3.118228520190146,1.1645667634089487,0.009998671593271896
6155,-2.5697995656113006,-3.1088078007365123,1.1670572776745967,0.009998671593271896
6156,-5.295286292208386,-3.173648253057876,1.1963062739156674,0.009998671593271896
6157,-6.312962122487965,-3.2421298967467287,1.2735552351739132,0.009998671593271896
6158,-3.2008590638423153,-3.2590700207506984,1.267244772378179,0.009998671593271896
6159,-6.086102007976031,-3.3143289926079094,1.3276354253545455,0.009998671593271896
6160,-6.884380059573031,-3.4012094539160964,1.4135035364039534,0.009998671593271896
6161,-5.890099300842362,-3.4724001752614493,1.4470279594537343,0.009998671593271896
6162,-5.348778547990337,-3.5260445956349358,1.4657559347162945,0.009998671593271896
6163,-5.8960035241710305,-3.595833364405591,1.4935994800824037,0.009998671593271896
6164,-3.2965046874455046,-3.6004588603219707,1.4923066588072516,0.009998671593271896
6165,-5.528804009991619,-3.6590446723301104,1.5092645000031846,0.009998671593271896
6166,-5.8090921186951405,-3.7397853506514327,1.5141334140457348,0.009998671593271896
6167,-5.7502397370077905,-3.821178372881122,1.5106316179661186,0.009998671593271896
6168,-2.7347859798368006,-3.822103214295478,1.5099519137808821,0.009998671593271896
6169,-6.492281744002865,-3.8962013023958075,1.547788154154162,0.009998671593271896
6170,-5.814234908746926,-3.9562364363910363,1.562732189552692,0.009998671593271896
6171,-5.340197754866075,-4.019279892155758,1.5536836748624887,0.009998671593271896
6172,-5.783102408366351,-4.082255355222623,1.5600726536330507,0.009998671593271896
6173,-3.1718888032714823,-4.091399054679755,1.553355876511257,0.009998671593271896
6174,-6.663373821723819,-4.18230798384354,1.5681388074470792,0.009998671593271896
6175,-5.2159426980072165,-4.242923489283259,1.548218875422447,0.009998671593271896
6176,-6.888185544815611,-4.3269832523692795,1.5752249545120063,0.009998671593271896
6177,-6.428879627433453,-4.411033725832407,1.5730148892328801,0.009998671593271896
6178,-5.010972738118646,-4.4599404392890944,1.5527629358022461,0.009998671593271896
6179,-5.6028095504869455,-4.46377892997306,1.5553440407596595,0.009998671593271896
6180,-3.217595974468971,-4.473821645263335,1.5456135678857978,0.009998671593271896
6181,-3.1707886754210755,-4.472858342888102,1.5464101671993775,0.009998671593271896
6182,-2.611323179557729,-4.46786998603556,1.551994632621388,0.009998671593271896
6183,-4.238570758561588,-4.486845814042339,1.5432500995641132,0.009998671593271896
6184,-2.6508053629766235,-4.498052305290571,1.5277646643253588,0.009998671593271896
6185,-4.269309351651939,-4.531433011879315,1.5039833165734628,0.009998671593271896
6186,-4.207554011040472,-4.564960896794721,1.4774700634483569,0.009998671593271896
6187,-4.255481717560199,-4.606779165746597,1.4380009988720175,0.009998671593271896
6188,-2.7490022809344685,-4.597916490303204,1.4480230392134015,0.009998671593271896
6189,-4.437807833931837,-4.6423583221639175,1.4077680138236848,0.009998671593271896
6190,-2.501107145166893,-4.606880778195629,1.438593752202508,0.009998671593271896
6191,-6.406623204326534,-4.688110273131285,1.423174812604297,0.009998671593271896
6192,-3.616617814336483,-4.69484792069217,1.417276500722732,0.009998671593271896
6193,-2.7788819090941854,-4.694049631182772,1.4183438123609273,0.009998671593271896
6194,-1.7094615358804222,-4.612026776563802,1.4690789149216714,0.009998671593271896
6195,-2.5934997045562946,-4.543624051370152,1.4817937744377803,0.009998671593271896
6196,-6.132512228883838,-4.60873424848876,1.4786521594436008,0.009998671593271896
6197,-2.36030611433436,-4.607651343724182,1.4802776999220826,0.009998671593271896
6198,-2.5869119237550358,-4.529292404819682,1.4814728393632348,0.009998671593271896
6199,-2.747249103360007,-4.4681643576589245,1.4906571980456023,0.009998671593271896
6200,-5.054921397736415,-4.457028106666321,1.4841379701195314,0.009998671593271896
6201,-3.1165733156582736,-4.448897123159532,1.4903329119404556,0.009998671593271896
6202,-5.402232805606201,-4.477707156376712,1.4945542931111653,0.009998671593271896
6203,-6.068523521728302,-4.506042778953272,1.5109261386462896,0.009998671593271896
6204,-1.8897641604135678,-4.475779832969215,1.5474308555109912,0.009998671593271896
6205,-4.887779530202142,-4.5221394322610315,1.5241826332694604,0.009998671593271896
6206,-3.2425970542033196,-4.4810856475009295,1.530436780439192,0.009998671593271896
6207,-4.631407325259092,-4.447454551556352,1.5081253900291276,0.009998671593271896
6208,-4.865637844208882,-4.480750127163684,1.4985830426842481,0.009998671593271896
6209,-1.8331431806131004,-4.395690950616425,1.5255062864340432,0.009998671593271896
6210,-2.4496690783722177,-4.3069967309924095,1.5070405828242794,0.009998671593271896
6211,-5.5797429943953984,-4.3007896048634695,1.5011349626037553,0.009998671593271896
6212,-5.7649968899652,-4.309113971702967,1.5080614456462562,0.009998671593271896
6213,-5.258708836660104,-4.296368077952748,1.4972498472711886,0.009998671593271896
6214,-2.5032862506714695,-4.2805037092172675,1.511890783010207,0.009998671593271896
6215,-5.7657039235195295,-4.285241707487826,1.516160483536162,0.009998671593271896
6216,-1.9083302383427996,-4.207226469880779,1.5359713524887284,0.009998671593271896
6217,-2.1469998731099396,-4.1351616726028215,1.546378845693894,0.009998671593271896
6218,-5.071496048246191,-4.18189587397101,1.5386412344905125,0.009998671593271896
6219,-6.650707639953929,-4.185064391890031,1.5435510300333262,0.009998671593271896
6220,-7.896512961271208,-4.226709952940517,1.6134523568314774,0.009998671593271896
6221,-5.5831874686204035,-4.2315697472156035,1.6171606022516174,0.009998671593271896
6222,-2.0991276093792828,-4.157890251235862,1.6286745724051301,0.009998671593271896
6223,-8.206276915582245,-4.258578013482078,1.7177856536559732,0.009998671593271896
6224,-2.8681805430928873,-4.1826741479094585,1.6935257305467684,0.009998671593271896
6225,-5.31327582978032,-4.184620810544921,1.6947678117834049,0.009998671593271896
6226,-6.847127569715461,-4.183799651042918,1.693467112452709,0.009998671593271896
6227,-6.630425584582669,-4.187830570185902,1.6990369330345263,0.009998671593271896
6228,-8.828388429931369,-4.264178884022156,1.8160511334238523,0.009998671593271896
6229,-7.1540278778740785,-4.295203250569899,1.8515574824486845,0.009998671593271896
6230,-5.246208334735958,-4.335775497775239,1.8497249709458161,0.009998671593271896
6231,-5.775866563819557,-4.387877055543209,1.8528629888535975,0.009998671593271896
6232,-5.981017449309512,-4.455270940938243,1.8482960727313857,0.009998671593271896
6233,-5.560320491590303,-4.481705935598818,1.8544495340501028,0.009998671593271896
6234,-2.851131772945866,-4.485712463798203,1.8507021710507863,0.009998671593271896
6235,-6.489883222291973,-4.530123941211004,1.8715030187128219,0.009998671593271896
6236,-3.8066845306758776,-4.522106551603712,1.8737250425108782,0.009998671593271896
6237,-3.329684147580752,-4.503590600204123,1.8808291634877168,0.009998671593271896
6238,-5.863376745774243,-4.565878089500918,1.8732451453919061,0.009998671593271896
6239,-3.9910036139671003,-4.556942005101623,1.8748997558736649,0.009998671593271896
6240,-5.025810842731914,-4.607436079052924,1.8527188300933541,0.009998671593271896
6241,-5.2179637313668525,-4.583662889593731,1.8370398179939424,0.009998671593271896
6242,-5.413355336975176,-4.619597640046505,1.8353441786755869,0.009998671593271896
6243,-2.9288856759149025,-4.622597715382919,1.8324531930218542,0.009998671593271896
6244,-4.801039485409292,-4.684429274373496,1.7846487453356354,0.009998671593271896
6245,-5.072073603693704,-4.734000752356245,1.7601362009802046,0.009998671593271896
6246,-3.124542713421185,-4.673841362046991,1.7627111817711125,0.009998671593271896
6247,-5.855319070345399,-4.743741621167212,1.7387160632983711,0.009998671593271896
6248,-6.744357822354688,-4.826890539139205,1.732983214872021,0.009998671593271896
6249,-4.101264918541206,-4.853970855442829,1.7107103671557702,0.009998671593271896
6250,-4.97470353640083,-4.852366498216117,1.710558765879788,0.009998671593271896
6251,-2.430498280109299,-4.838644997505138,1.7270994082019873,0.009998671593271896
6252,-4.469318087645064,-4.819986703145916,1.725948914899103,0.009998671593271896
6253,-1.9059067653729773,-4.7367343680188085,1.7636975532853623,0.009998671593271896
6254,-4.276800581636129,-4.784475096443259,1.717694931241158,0.009998671593271896
6255,-4.33351004892581,-4.773389706817733,1.7187806562529668,0.009998671593271896
6256,-4.245135561841799,-4.793440476970503,1.7066105111751129,0.009998671593271896
6257,-4.301143611001787,-4.786835202685357,1.7078635298069864,0.009998671593271896
6258,-4.543504714952791,-4.780392540100236,1.7081616802699255,0.009998671593271896
6259,-4.485562584481562,-4.833440928177604,1.6562050334362666,0.009998671593271896
6260,-5.62394919596332,-4.896926530529426,1.6241414325310188,0.009998671593271896
6261,-7.034208060532496,-4.926015831852168,1.6489462955826613,0.009998671593271896
6262,-5.8922868767478285,-4.9285616315878205,1.650337303385618,0.009998671593271896
6263,-4.025473380292762,-4.903896922460474,1.654429294748488,0.009998671593271896
6264,-2.9305033330682755,-4.91244126410841,1.6430734307299601,0.009998671593271896
6265,-6.047292478054362,-4.918073035199107,1.646467486518361,0.009998671593271896
6266,-4.956163488317209,-4.979029700198595,1.5893386840890884,0.009998671593271896
6267,-6.337440401057474,-5.062838510757546,1.5477310069351495,0.009998671593271896
6268,-3.9551164371983716,-5.04051091853659,1.5554781301066254,0.009998671593271896
6269,-5.3716799020713015,-5.014930363778937,1.5392194894615063,0.009998671593271896
6270,-4.80177570145441,-4.953035618582601,1.4833084676267538,0.009998671593271896
6271,-4.778285183374884,-4.9369375728776905,1.4807477132407447,0.009998671593271896
6272,-3.8741306564024884,-4.972437633818155,1.432787981173925,0.009998671593271896
6273,-4.588547175556332,-4.900083039017636,1.356996433039153,0.009998671593271896
6274,-3.44188785246164,-4.9115571852050115,1.3421109388695305,0.009998671593271896
6275,-5.211036722552558,-4.9095124030604556,1.3415751166360546,0.009998671593271896
6276,-4.439047229473996,-4.861350796255627,1.3140943467335766,0.009998671593271896
6277,-2.6368633813911027,-4.781479552191795,1.3254579999127722,0.009998671593271896
6278,-5.19188853011733,-4.708749554195515,1.194725298222532,0.009998671593271896
6279,-5.237272151126078,-4.670414439660554,1.1453811410664962,0.009998671593271896
6280,-5.915661965540478,-4.683803512276645,1.1558982424363096,0.009998671593271896
6281,-2.9509427550947036,-4.627305036102149,1.1700909208100148,0.009998671593271896
6282,-5.826288273516909,-4.624210452586296,1.1667063283592358,0.009998671593271896
6283,-3.1692265985665884,-4.576388574725821,1.176320638617748,0.009998671593271896
6284,-2.3218924555237774,-4.56580378837738,1.1940448239175132,0.009998671593271896
6285,-5.611950940849957,-4.54824514274854,1.1718709738790163,0.009998671593271896
6286,-5.2040812267283165,-4.576193076669588,1.1705147025830756,0.009998671593271896
6287,-2.126729368485015,-4.552133981087674,1.207662033778999,0.009998671593271896
6288,-2.894267686868276,-4.492751799909554,1.2147035052312456,0.009998671593271896
6289,-1.8026625767031927,-4.448984979164276,1.2701518203573992,0.009998671593271896
6290,-2.5136857081379254,-4.398742476472396,1.2957678964658612,0.009998671593271896
6291,-2.717820722563719,-4.348739616296334,1.311335824665683,0.009998671593271896
6292,-2.7684538466454716,-4.29584158648974,1.3206367301855184,0.009998671593271896
6293,-5.4390968351300035,-4.346045809674042,1.3154201576421578,0.009998671593271896
6294,-4.2724599251179525,-4.335474218468215,1.3138441099839937,0.009998671593271896
6295,-5.734078138078379,-4.348714309155908,1.3244928579388042,0.009998671593271896
6296,-3.4398159267469364,-4.355019773422423,1.3193906075632509,0.009998671593271896
6297,-2.5623493169337213,-4.28916037835419,1.3250318875829996,0.009998671593271896
6298,-4.982713831722867,-4.253927498541554,1.2820017883626122,0.009998671593271896
6299,-2.410030837682351,-4.220102816924377,1.3076381215498192,0.009998671593271896
6300,-2.4550883946900526,-4.169710514090161,1.3260072194534314,0.009998671593271896
6301,-2.6012583968090146,-4.173125716424154,1.3217364107200564,0.009998671593271896
6302,-2.844687482051494,-4.1406331043122835,1.333968415674359,0.009998671593271896
6303,-2.9242356968714693,-4.160999682942254,1.3071990488633558,0.009998671593271896
6304,-3.2306742045534924,-4.140077155400601,1.313534740363783,0.009998671593271896
6305,-5.586094966976223,-4.165128853761608,1.3288404535886569,0.009998671593271896
6306,-2.7494136278544143,-4.135214415081861,1.3434578698279809,0.009998671593271896
6307,-4.966914910725466,-4.148529841076335,1.3483269676755802,0.009998671593271896
6308,-2.5353955691171906,-4.108367658159623,1.3657585992378367,0.009998671593271896
6309,-2.656389807635627,-4.0717842026227045,1.3795932282714574,0.009998671593271896
6310,-1.9841390570154978,-3.998987999843748,1.3917467837584292,0.009998671593271896
6311,-2.9230985629241726,-3.916765809891581,1.3300744967312006,0.009998671593271896
6312,-5.7935335628084355,-3.9147907436127936,1.327209757432436,0.009998671593271896
6313,-3.7393747947428264,-3.9090687719017945,1.327336958516832,0.009998671593271896
6314,-2.922981803732239,-3.908918341315074,1.3274482749356529,0.009998671593271896
6315,-2.0229306295899727,-3.8284311043457864,1.3173180486567175,0.009998671593271896
6316,-3.100706294391242,-3.7913219604672665,1.3111467553789147,0.009998671593271896
6317,-4.148533753633639,-3.7475438275187902,1.260986483769542,0.009998671593271896
6318,-2.725856392296226,-3.7229586266207475,1.2686597876051426,0.009998671593271896
6319,-2.6569638608073607,-3.6686643057954686,1.2549545981209087,0.009998671593271896
6320,-3.857151862299567,-3.649771829012371,1.2448236180863161,0.009998671593271896
6321,-1.9388495670306423,-3.5929831166854864,1.2567557973644539,0.009998671593271896
6322,-3.617025993766454,-3.587841023432766,1.2561207646970625,0.009998671593271896
6323,-6.050681083335776,-3.6170837015883546,1.295479682755667,0.009998671593271896
6324,-2.358570411609035,-3.5954173527713027,1.3072342636542726,0.009998671593271896
6325,-1.7382499596405339,-3.5259616175130626,1.3117980852529785,0.009998671593271896
6326,-5.473795051229724,-3.5466565739481766,1.3340136919335635,0.009998671593271896
6327,-3.8919198813556326,-3.5717577039474673,1.32845478865611,0.009998671593271896
6328,-2.5699914750534205,-3.519319762846189,1.315148897085552,0.009998671593271896
6329,-5.5654436963165015,-3.5258831937499977,1.3244919017248025,0.009998671593271896
6330,-6.230475572306138,-3.532179465885311,1.3365308458141372,0.009998671593271896
6331,-3.826964499840069,-3.5496999007802184,1.334536990202672,0.009998671593271896
6332,-5.325222732185004,-3.5396785899535805,1.3191971367721043,0.009998671593271896
6333,-3.1599388729233295,-3.539492835440715,1.3192499394194912,0.009998671593271896
6334,-5.131311559478078,-3.595681217519801,1.3260052758862266,0.009998671593271896
6335,-3.4640261369510394,-3.552722721441823,1.294405017200281,0.009998671593271896
6336,-2.6086024103438037,-3.500813145114132,1.2790923772017622,0.009998671593271896
6337,-4.378941738229329,-3.545857392509019,1.2695307783623468,0.009998671593271896
6338,-6.377845228009187,-3.615528943331837,1.326184750075844,0.009998671593271896
6339,-6.425501395554889,-3.707985719708871,1.3573529202884849,0.009998671593271896
6340,-5.670497914352385,-3.77112196383316,1.3736530845971548,0.009998671593271896
6341,-5.174281415211533,-3.8202511776861163,1.379020440744851,0.009998671593271896
6342,-7.194702989697019,-3.9087761605471476,1.4489560557593064,0.009998671593271896
6343,-6.704036631758783,-3.934074956479723,1.486023424156961,0.009998671593271896
6344,-6.1274450004073255,-3.97117465798551,1.5168442848701824,0.009998671593271896
6345,-1.8795666385793104,-3.8940844279955287,1.52322473375331,0.009998671593271896
6346,-2.528525944713581,-3.8758586283548615,1.5339651924819002,0.009998671593271896
6347,-4.965601733922494,-3.923923676694637,1.529700503161639,0.009998671593271896
6348,-2.4607392932425434,-3.873484185925031,1.5355249675911302,0.009998671593271896
6349,-6.1309450738002225,-3.947902470647388,1.5528642967596347,0.009998671593271896
6350,-5.66509393883881,-4.012102581530364,1.5561718810512126,0.009998671593271896
6351,-4.317866486044263,-4.046434743315068,1.5435518880415031,0.009998671593271896
6352,-5.97790428241046,-4.109099079322247,1.5570334531021632,0.009998671593271896
6353,-5.071878746472395,-4.152051940314266,1.5533734563394428,0.009998671593271896
6354,-4.316516424388851,-4.1737687847109735,1.5479210917293946,0.009998671593271896
6355,-6.188688068327756,-4.185820646738004,1.5611595524897446,0.009998671593271896
6356,-5.1632029083667526,-4.234096432348251,1.553296113457657,0.009998671593271896
6357,-4.255059335835043,-4.219859320850443,1.5497723868879234,0.009998671593271896
6358,-6.616005039513988,-4.301471510258379,1.566274505054482,0.009998671593271896
6359,-2.445071252216941,-4.297245139150005,1.570985844992233,0.009998671593271896
6360,-5.640898749427281,-4.3703803329982405,1.5465272949840916,0.009998671593271896
6361,-4.580901794489694,-4.403536397629551,1.532853954160073,0.009998671593271896
6362,-5.317238838176472,-4.394010503136911,1.5256492725169202,0.009998671593271896
6363,-5.143204105802041,-4.4220870893580955,1.5262608790468837,0.009998671593271896
6364,-4.880404122108935,-4.4612355357256295,1.512347323520076,0.009998671593271896
6365,-5.4872596875816555,-4.530522116885463,1.4780195166261008,0.009998671593271896
6366,-4.344711386487063,-4.555402218727379,1.4641467545589533,0.009998671593271896
6367,-3.99056933668466,-4.5522429303884,1.4651913262498129,0.009998671593271896
6368,-5.023139459122822,-4.598188591724932,1.443050842419293,0.009998671593271896
6369,-4.691340589519438,-4.638876126299174,1.4161732715711886,0.009998671593271896
6370,-4.313918680583817,-4.648011462664859,1.4125697756479612,0.009998671593271896
6371,-6.5765630793438445,-4.740765732911123,1.3835985977349028,0.009998671593271896
6372,-7.756270033078499,-4.823550613697363,1.436698036062936,0.009998671593271896
6373,-4.666543303005973,-4.795867858090768,1.42608237980526,0.009998671593271896
6374,-5.633209472242612,-4.861360639303439,1.3873125431291047,0.009998671593271896
6375,-5.286966052047776,-4.932334961151584,1.3145893392844001,0.009998671593271896
6376,-2.908807468575317,-4.881035209498496,1.3422157636243952,0.009998671593271896
6377,-3.6034807917543583,-4.87526642770647,1.3470656258835583,0.009998671593271896
6378,-3.083064868480708,-4.8855278955750165,1.3313280509121257,0.009998671593271896
6379,-7.119184491098412,-4.916602711470654,1.3645539420539872,0.009998671593271896
6380,-2.3528825837874745,-4.83905085170028,1.397469552367489,0.009998671593271896
6381,-3.4500382334828874,-4.8315123263731365,1.4039106331348126,0.009998671593271896
6382,-5.354558482725745,-4.832099041383952,1.4041229532814614,0.009998671593271896
6383,-6.347375527308473,-4.895847774471655,1.3991055110168624,0.009998671593271896
6384,-2.9244227131408813,-4.851709997544911,1.4255418475701058,0.009998671593271896
6385,-2.3123673154183146,-4.828676821114256,1.456739828234077,0.009998671593271896
6386,-5.7370843238494444,-4.891246459384369,1.4269216669332456,0.009998671593271896
6387,-4.943161302567718,-4.902530850671138,1.4250553977124325,0.009998671593271896
6388,-2.6328119699833983,-4.827630185510621,1.4438400890040601,0.009998671593271896
6389,-4.100243651277179,-4.781125030625067,1.4289959581854104,0.009998671593271896
6390,-4.782246972083574,-4.763360011779691,1.4233391005886569,0.009998671593271896
6391,-1.9789371076116025,-4.6994531256276915,1.4742771772485765,0.009998671593271896
6392,-4.538303046626089,-4.646325126766273,1.430616846108523,0.009998671593271896
6393,-5.917617265651256,-4.6305967394441225,1.4121109444707187,0.009998671593271896
6394,-3.556234323686084,-4.579172525909698,1.4034553314720242,0.009998671593271896
6395,-2.873730436496541,-4.599055801868043,1.3717524332922006,0.009998671593271896
6396,-2.960315067364848,-4.607691584321069,1.3599991572113337,0.009998671593271896
6397,-5.938970150917693,-4.627158952660972,1.3718975137084013,0.009998671593271896
6398,-1.8426164888826042,-4.614796496573773,1.3939713087564571,0.009998671593271896
6399,-6.16850517896294,-4.615547698677028,1.3947980242894324,0.009998671593271896
6400,-5.217515615318835,-4.6065961322066284,1.3894595205575428,0.009998671593271896
6401,-7.060047704193913,-4.661439756569621,1.4304933178050867,0.009998671593271896
6402,-4.546825431657835,-4.632818179554569,1.4181301384314942,0.009998671593271896
6403,-2.7832653180643665,-4.587045910986408,1.439985910027713,0.009998671593271896
6404,-3.8247017791693105,-4.577209618082017,1.443475775988009,0.009998671593271896
6405,-2.245674467756163,-4.498349346070586,1.4608857726031967,0.009998671593271896
6406,-5.018836854976364,-4.4954620250027775,1.45971108227761,0.009998671593271896
6407,-6.313932497385352,-4.536639488233783,1.481229789183736,0.009998671593271896
6408,-2.344742639843597,-4.451214240240375,1.4820112109337096,0.009998671593271896
6409,-2.101552467399652,-4.44434386454403,1.4920576538586101,0.009998671593271896
6410,-2.73000581244516,-4.386126005804387,1.5009966524441531,0.009998671593271896
6411,-2.9618491132767946,-4.353744952180129,1.513854338828323,0.009998671593271896
6412,-4.065601792654231,-4.328712211269685,1.5080525326766419,0.009998671593271896
6413,-4.903014602523399,-4.323908421204113,1.505831294906656,0.009998671593271896
6414,-2.601367894398421,-4.278327696649902,1.5226948001147895,0.009998671593271896
6415,-2.4322347992954283,-4.217227198884178,1.5342089271050041,0.009998671593271896
6416,-3.998142370718563,-4.210295818568808,1.5344001781974883,0.009998671593271896
6417,-4.294174701962735,-4.216367925874369,1.5341193418929695,0.009998671593271896
6418,-6.060188436732425,-4.237108905426561,1.5517950387616752,0.009998671593271896
6419,-5.417402929454724,-4.251630152225267,1.5593563822690486,0.009998671593271896
6420,-4.9324285494559525,-4.26400034960271,1.5622520401901205,0.009998671593271896
6421,-3.057672559260087,-4.1936225392010344,1.5355207611935968,0.009998671593271896
6422,-3.7575150256355245,-4.1136474390521744,1.449614653405477,0.009998671593271896
6423,-4.965035371829192,-4.119617280428639,1.4524910863326643,0.009998671593271896
6424,-2.990423868280728,-4.066761568349401,1.4445133984684255,0.009998671593271896
6425,-4.915367572515032,-4.0593295987587465,1.4391623909580777,0.009998671593271896
6426,-5.199735600398367,-4.105148161395208,1.4382717199461221,0.009998671593271896
6427,-5.346985714352272,-4.1400182598471655,1.446796262019697,0.009998671593271896
6428,-2.479194739288874,-4.127940857263329,1.4580456940848483,0.009998671593271896
6429,-6.635217542572366,-4.118261518292808,1.4396463157425743,0.009998671593271896
6430,-5.805813394807082,-4.1873201345132,1.4361190037832958,0.009998671593271896
6431,-5.799797664458756,-4.2343153231327175,1.4496065772939881,0.009998671593271896
6432,-5.837019768899639,-4.243964548856196,1.458609083152251,0.009998671593271896
6433,-2.5259584608992194,-4.167536207528011,1.4464588862376093,0.009998671593271896
6434,-5.079506834168011,-4.210637889948553,1.4408722149541229,0.009998671593271896
6435,-6.271426590705656,-4.2898190754543,1.443160232818768,0.009998671593271896
6436,-2.688133300819419,-4.228840054993699,1.4451330143216214,0.009998671593271896
6437,-5.497318526400424,-4.239923199470354,1.452674171569295,0.009998671593271896
6438,-3.5752110215169233,-4.258771180501024,1.4377370127624647,0.009998671593271896
6439,-2.047990049608205,-4.2177261084676445,1.4705956155764603,0.009998671593271896
6440,-4.295682047522095,-4.207994809976415,1.468436118066396,0.009998671593271896
6441,-5.096625121792942,-4.270348570260042,1.4383448658901468,0.009998671593271896
6442,-5.597613043222357,-4.2915347701919675,1.4498909358157444,0.009998671593271896
6443,-4.597932670615848,-4.2651410782912595,1.431950350611154,0.009998671593271896
6444,-5.647498541358754,-4.3069663626447126,1.4411452805264398,0.009998671593271896
6445,-6.0400653432286795,-4.370293060779355,1.4463328752458686,0.009998671593271896
6446,-5.232081384597782,-4.415728387124013,1.4369785108344757,0.009998671593271896
6447,-3.2193431663449235,-4.361335847432558,1.4297447795801346,0.009998671593271896
6448,-4.243400911468333,-4.409351535884273,1.383930582521713,0.009998671593271896
6449,-5.97582848400025,-4.40549800198502,1.3792873439917481,0.009998671593271896
6450,-4.42170282705084,-4.389581746219659,1.3744082544637326,0.009998671593271896
6451,-5.315815637837086,-4.354697104892523,1.3275208199961117,0.009998671593271896
6452,-4.003267011390285,-4.343825936487172,1.3281284356394598,0.009998671593271896
6453,-6.263861381133379,-4.413437857748551,1.3357032062815937,0.009998671593271896
6454,-3.51927162792863,-4.407329254723738,1.3390758760304085,0.009998671593271896
6455,-4.79148396245094,-4.458245444617634,1.3038512997279548,0.009998671593271896
6456,-4.96349917444993,-4.457138691007105,1.303398388422186,0.009998671593271896
6457,-4.36149885853596,-4.418090018230117,1.2761472622150305,0.009998671593271896
6458,-4.885293280939929,-4.468901031052043,1.2427229242994662,0.009998671593271896
6459,-3.6550755195890705,-4.499971492095833,1.201896146867757,0.009998671593271896
6460,-3.9721941773755733,-4.52481525939444,1.1776470366021456,0.009998671593271896
6461,-3.111961242885446,-4.527817501986614,1.1738438547431884,0.009998671593271896
6462,-1.2707919245231025,-4.471921304623992,1.258044695328709,0.009998671593271896
6463,-5.785736705443184,-4.489575746682387,1.2701063599710967,0.009998671593271896
6464,-3.319666339295142,-4.503941715580321,1.2526096627193883,0.009998671593271896
6465,-3.675893982098733,-4.528814899236387,1.2232277637102658,0.009998671593271896
6466,-4.259733638221713,-4.53404672458645,1.2215050625213304,0.009998671593271896
6467,-3.8078401271172533,-4.52432003308954,1.225306801555091,0.009998671593271896
6468,-3.8824322546655066,-4.480764909448202,1.2085289704750097,0.009998671593271896
6469,-3.3805780595298813,-4.440028412049705,1.2105970496995762,0.009998671593271896
6470,-2.6855499754398946,-4.3950908405693845,1.2329803588034125,0.009998671593271896
6471,-3.19468983994061,-4.397831186182994,1.2301538740188216,0.009998671593271896
6472,-5.290385374317912,-4.428488593156643,1.2329118545245419,0.009998671593271896
6473,-5.844909111525288,-4.446086067950565,1.2466472085923344,0.009998671593271896
6474,-3.003331971972917,-4.446344230024408,1.2463470362951306,0.009998671593271896
6475,-5.581554482740357,-4.459667968228914,1.2548218205479693,0.009998671593271896
6476,-2.0916987691137714,-4.397507231603223,1.2930218113786534,0.009998671593271896
6477,-2.2637579081930475,-4.3358426754800385,1.3195190119653688,0.009998671593271896
6478,-2.145016375733303,-4.329159108208927,1.3297132469824375,0.009998671593271896
6479,-2.2918016359957196,-4.242290790077393,1.3180476523416216,0.009998671593271896
6480,-3.9257922561281284,-4.204690367303814,1.299595009908985,0.009998671593271896
6481,-3.228166287619069,-4.153257739767021,1.2862684456909996,0.009998671593271896
6482,-2.0411152757635063,-4.077339649904299,1.29662823598821,0.009998671593271896
6483,-2.3616496149673964,-4.074053472985662,1.3007575321522515,0.009998671593271896
6484,-2.5328374992806393,-4.023120086287915,1.3102153074560403,0.009998671593271896
6485,-2.540719738899367,-3.948505949251789,1.2860596624920215,0.009998671593271896
6486,-5.400016178714426,-4.002743606809689,1.2889432053655774,0.009998671593271896
6487,-2.86587802492343,-3.9501147967801495,1.2805385500769284,0.009998671593271896
6488,-4.529802943818542,-3.9692066352261817,1.28192206864539,0.009998671593271896
6489,-5.028397588294695,-4.028814785999911,1.2603123837230135,0.009998671593271896
6490,-2.7307857514954903,-3.9975168600793793,1.2726668728231831,0.009998671593271896
6491,-5.094739755873505,-3.9974791527609903,1.2726343347566318,0.009998671593271896
6492,-4.220103827537942,-3.9699289684473023,1.2524463273586086,0.009998671593271896
6493,-3.4279499601839354,-3.9465293142386644,1.2514237136182922,0.009998671593271896
6494,-5.015692261443417,-3.9338931886403574,1.2372945895207748,0.009998671593271896
6495,-4.740621773886254,-3.9079043172535086,1.206034608595961,0.009998671593271896
6496,-2.4786471580640788,-3.8528356327228344,1.2071758527834913,0.009998671593271896
6497,-3.124946143157528,-3.8509476922590866,1.2082384629308884,0.009998671593271896
6498,-2.4394872128687237,-3.8148694182870946,1.2228256476558959,0.009998671593271896
6499,-4.640310652441514,-3.7881590616559198,1.1894626115859155,0.009998671593271896
6500,-3.640729649694567,-3.772539598108794,1.1861637708580113,0.009998671593271896
6501,-3.779160879935033,-3.7418065029507535,1.1655071112136448,0.009998671593271896
6502,-2.1810024269497483,-3.705361211261943,1.185087980838153,0.009998671593271896
6503,-7.178545030896065,-3.723654884257196,1.2306260676461047,0.009998671593271896
6504,-5.8482497555941055,-3.770234446810506,1.2655881951722412,0.009998671593271896
6505,-1.9739354622973881,-3.713883476807435,1.2814885240650358,0.009998671593271896
6506,-4.691130331376599,-3.7084360999459682,1.2767351345737803,0.009998671593271896
6507,-3.211130794610514,-3.6854287386674596,1.2751234046880644,0.009998671593271896
6508,-5.187373728363948,-3.69147034761594,1.28149384422635,0.009998671593271896
6509,-4.01380470851681,-3.6986449313944947,1.2822739548442206,0.009998671593271896
6510,-6.414460404305393,-3.7474902559330907,1.3371077441257553,0.009998671593271896
6511,-1.9842032844956514,-3.7249350967652948,1.3570018646045758,0.009998671593271896
6512,-5.2924943997056175,-3.8053691462689456,1.3280334684744113,0.009998671593271896
6513,-2.751975994725725,-3.7446939320545964,1.3052766147502937,0.009998671593271896
6514,-5.261173301194296,-3.7835240712925793,1.3208408252886243,0.009998671593271896
6515,-6.4507696404327,-3.8390215844592586,1.3724404561150927,0.009998671593271896
6516,-5.019547374792413,-3.8542178591906726,1.3811932265273041,0.009998671593271896
6517,-6.359977638640322,-3.9052606094211337,1.4249992948136223,0.009998671593271896
6518,-3.4211370906432004,-3.8960347061406875,1.4266096038794365,0.009998671593271896
6519,-4.5248994745808835,-3.9189211344417076,1.4273355177146214,0.009998671593271896
6520,-4.426913893716761,-3.9537484128072453,1.418030600996919,0.009998671593271896
6521,-5.870225947764196,-4.007259134963717,1.4387083486506302,0.009998671593271896
6522,-4.744882013300958,-3.9963490677433775,1.430984337510658,0.009998671593271896
6523,-5.9438546274830735,-3.998327978062534,1.4336053611471207,0.009998671593271896
6524,-6.167465753440246,-4.06161065369188,1.4579171674699778,0.009998671593271896
6525,-3.765724196283712,-4.025294047962747,1.4421338226379332,0.009998671593271896
6526,-6.5898611332297525,-4.115257295245067,1.4589108434663425,0.009998671593271896
6527,-4.641636039976785,-4.162814857880742,1.4363633312894255,0.009998671593271896
6528,-4.9144403667194805,-4.218203337700465,1.4106524517384598,0.009998671593271896
6529,-5.997637919370167,-4.292320063367954,1.404832491386172,0.009998671593271896
6530,-6.726507350357112,-4.3483343652525335,1.4443805693555472,0.009998671593271896
6531,-2.643119360342757,-4.3366334267070075,1.4557327883184525,0.009998671593271896
6532,-4.442913088774355,-4.384669382967225,1.4183399922433073,0.009998671593271896
6533,-2.3303319060791075,-4.384043028789458,1.4192398708540315,0.009998671593271896
6534,-5.3064167295627875,-4.439514613395101,1.3998717587518479,0.009998671593271896
6535,-6.1380463246872505,-4.511461145110859,1.392859073094669,0.009998671593271896
6536,-7.7365942836009705,-4.55819270720859,1.4594901962229634,0.009998671593271896
6537,-4.771424133939721,-4.596303629388916,1.439545054394223,0.009998671593271896
6538,-5.536279133932883,-4.616433153191203,1.445499013511108,0.009998671593271896
6539,-4.531585001080511,-4.606496901446919,1.4443401120322699,0.009998671593271896
6540,-5.6863735777788325,-4.6656086579725855,1.4267378826632842,0.009998671593271896
6541,-4.679021258230873,-4.657294288019733,1.4254235809232283,0.009998671593271896
6542,-5.530118230555895,-4.683494576080093,1.4291814624728783,0.009998671593271896
6543,-5.952958724450159,-4.733994751365417,1.428535027152673,0.009998671593271896
6544,-4.694594456243042,-4.727572795261409,1.4279758612117077,0.009998671593271896
6545,-6.097835288928364,-4.754717065562252,1.440807839133067,0.009998671593271896
6546,-4.80793104279828,-4.801302743256936,1.4036394672465276,0.009998671593271896
6547,-4.222907830458953,-4.823261977002964,1.3857160353241489,0.009998671593271896
6548,-4.920186056730476,-4.872875953880199,1.3432377402660554,0.009998671593271896
6549,-5.076641628556972,-4.881602573402509,1.3431158362559932,0.009998671593271896
6550,-4.3158564584227115,-4.895105109577072,1.3339354902674097,0.009998671593271896
6551,-3.82046198291052,-4.895931131636581,1.333256815622151,0.009998671593271896
6552,-3.5757653204089577,-4.923826389505765,1.2900525527835542,0.009998671593271896
6553,-3.9644272904580355,-4.859544034697005,1.2557217754709915,0.009998671593271896
6554,-3.6185876367768515,-4.81495079232066,1.2594035475996048,0.009998671593271896
6555,-4.950830150608597,-4.874488686086884,1.1922644156410867,0.009998671593271896
6556,-4.23862547711238,-4.865438589001599,1.1953353367287503,0.009998671593271896
6557,-3.879961707201255,-4.878815207253414,1.1803966458085928,0.009998671593271896
6558,-2.385221820024671,-4.822772169086628,1.2298989436969334,0.009998671593271896
6559,-4.855542275893677,-4.839606920434166,1.2244594372239068,0.009998671593271896
6560,-6.465300592919296,-4.840623724206444,1.225787178893103,0.009998671593271896
6561,-4.059102723111307,-4.882121712978757,1.1618368524890523,0.009998671593271896
6562,-6.942254014909149,-4.915116905282828,1.1959477314144615,0.009998671593271896
6563,-4.501089402143318,-4.95009917343118,1.1571136593607374,0.009998671593271896
6564,-3.261841670759212,-4.910112540822478,1.1799923794411153,0.009998671593271896
6565,-2.4173927372264172,-4.829445002758352,1.2094111452500305,0.009998671593271896
6566,-2.493248494820843,-4.778919025158921,1.2524200366009564,0.009998671593271896
6567,-2.571474225043493,-4.703148956886984,1.268966575193951,0.009998671593271896
6568,-2.1879883107783673,-4.678485981289688,1.3051120563403837,0.009998671593271896
6569,-2.5304285835709632,-4.6385965634694895,1.339230207741751,0.009998671593271896
6570,-2.711641850459917,-4.604291122604352,1.3659163899453675,0.009998671593271896
6571,-3.330449771949089,-4.55349559908805,1.3651186817320407,0.009998671593271896
6572,-2.2049673575176105,-4.502697305972383,1.4037619710864562,0.009998671593271896
6573,-2.7878873760496377,-4.439577960943715,1.408487271209804,0.009998671593271896
6574,-2.182750362098955,-4.3598836531168885,1.4211399305518866,0.009998671593271896
6575,-1.7114007029200644,-4.318797183249616,1.466689924199947,0.009998671593271896
6576,-1.7351518628100584,-4.221702997841222,1.4738052403381268,0.009998671593271896
6577,-2.8094865376382834,-4.185060007794451,1.48563771126758,0.009998671593271896
6578,-1.887544761252155,-4.124522095685105,1.5160429355199636,0.009998671593271896
6579,-2.417088257584375,-4.052911102449389,1.5104282162482343,0.009998671593271896
6580,-2.0153594080324826,-3.958688143602897,1.4874761949950441,0.009998671593271896
6581,-2.2465553709696855,-3.9507568638154353,1.495505290405417,0.009998671593271896
6582,-1.916703350791771,-3.900232669055784,1.5204889010630893,0.009998671593271896
6583,-2.6849541555499576,-3.907325114045201,1.5139625043824554,0.009998671593271896
6584,-3.125837400290545,-3.8637135274597556,1.504408790240955,0.009998671593271896
6585,-2.251004852172512,-3.785972698009461,1.485182468105073,0.009998671593271896
6586,-2.020975061882602,-3.6716603135750936,1.3938636078151412,0.009998671593271896
6587,-2.536535397268116,-3.6269625388416618,1.3937138976224925,0.009998671593271896
6588,-2.0327908513495445,-3.556892773189995,1.3839965775050944,0.009998671593271896
6589,-2.155988241495556,-3.509380837998296,1.3904816841355343,0.009998671593271896
6590,-2.2878560885685633,-3.44141048821409,1.365238386493307,0.009998671593271896
6591,-3.9384488080621702,-3.426599039210716,1.3557152379463713,0.009998671593271896
6592,-1.6713446597467676,-3.349423567794534,1.343551358146414,0.009998671593271896
6593,-1.7654788666344194,-3.2656739706382187,1.3087115675507175,0.009998671593271896
6594,-2.212251977060605,-3.2160271210545703,1.3006224818197298,0.009998671593271896
6595,-2.261425462012088,-3.139298924516245,1.2401050537318765,0.009998671593271896
6596,-2.6237184809502634,-3.095614673279284,1.2188445476916703,0.009998671593271896
6597,-2.234241079458073,-3.055841338259267,1.2138466152596321,0.009998671593271896
6598,-2.161869586098284,-3.0006750088466227,1.1903143982846744,0.009998671593271896
6599,-3.221783604519062,-2.9635778483658646,1.1533677642220819,0.009998671593271896
6600,-2.692119770192982,-2.93110311460127,1.1375865822843216,0.009998671593271896
6601,-2.4372096046076392,-2.9034380670352125,1.132429825370191,0.009998671593271896
6602,-2.3759937897901673,-2.8794426364228367,1.1306391994341418,0.009998671593271896
6603,-5.220198562436368,-2.904558061862403,1.1677984187416846,0.009998671593271896
6604,-2.0759117705021666,-2.8737045445369094,1.1689044170208596,0.009998671593271896
6605,-2.610267848851793,-2.8268932985017736,1.1310372255413212,0.009998671593271896
6606,-2.439367351728568,-2.7909081359940973,1.1140440053900305,0.009998671593271896
6607,-2.4070762020742444,-2.761450425891557,1.1042880397395096,0.009998671593271896
6608,-5.181461666540875,-2.817375222821881,1.1535261681556952,0.009998671593271896
6609,-2.671299141409926,-2.773690360132206,1.1162699131923297,0.009998671593271896
6610,-2.5635983541420817,-2.695656315356662,0.9840184234848612,0.009998671593271896
6611,-2.4077945917829275,-2.6626301527300944,0.9652352540398591,0.009998671593271896
6612,-5.825617972996767,-2.640297431891847,0.8746236769089956,0.009998671593271896
6613,-2.1730776884385503,-2.5937371976177515,0.8354122763262201,0.009998671593271896
6614,-5.490410852185281,-2.6383085812462728,0.9245616024249954,0.009998671593271896
6615,-6.241555020238723,-2.7147918269065188,1.0524524177422014,0.009998671593271896
6616,-6.6796659854619325,-2.7985201767193404,1.1891461507959418,0.009998671593271896
6617,-5.047537370142928,-2.8480414396213294,1.2295311227928503,0.009998671593271896
6618,-2.2264039914643767,-2.8488097532350496,1.2291303638310918,0.009998671593271896
6619,-3.4861902138733027,-2.8679249858410962,1.2314600297297935,0.009998671593271896
6620,-5.263306788406611,-2.91895828460003,1.2759929460906256,0.009998671593271896
6621,-2.244276968697615,-2.8972348285350007,1.2780467450789765,0.009998671593271896
6622,-2.853715220656064,-2.91020978579777,1.2742402941312985,0.009998671593271896
6623,-2.8424536073835265,-2.9113011104244473,1.274158427651017,0.009998671593271896
6624,-4.264493231157789,-2.952935967805624,1.2836483521040893,0.009998671593271896
6625,-2.713527546141057,-2.972978504670044,1.2718763776970512,0.009998671593271896
6626,-6.46905258472135,-3.0676565191082696,1.3500044360238121,0.009998671593271896
6627,-5.976287918149571,-3.130992546718496,1.4093864702109435,0.009998671593271896
6628,-4.601834658686713,-3.185278344667187,1.4127163752919043,0.009998671593271896
6629,-5.496198035196624,-3.2468605402194317,1.4446383167881671,0.009998671593271896
6630,-3.9081302505449305,-3.2847159570696807,1.4366490474614761,0.009998671593271896
6631,-7.209032438904206,-3.383965498428371,1.5298887747327872,0.009998671593271896
6632,-5.912646562041219,-3.46388436265336,1.5553134836508418,0.009998671593271896
6633,-3.9263126009194202,-3.488711531560749,1.5525868079660847,0.009998671593271896
6634,-5.462314197442721,-3.535441067503793,1.5759475700966354,0.009998671593271896
6635,-6.350340876196995,-3.6174277879842824,1.6131852380284397,0.009998671593271896
6636,-6.814955794461507,-3.7133074026358606,1.657312340084908,0.009998671593271896
6637,-5.958719598155327,-3.781751086653605,1.6778382896510613,0.009998671593271896
6638,-5.262338229726584,-3.846342034221146,1.6714170225837386,0.009998671593271896
6639,-5.446691466778036,-3.912156098726795,1.668346432708148,0.009998671593271896
6640,-5.143738640189083,-3.969273749759205,1.6606282829517374,0.009998671593271896
6641,-1.6948414300340273,-3.9244016021986425,1.6908916666990041,0.009998671593271896
6642,-1.723970199560608,-3.9254541129949194,1.6895047132721648,0.009998671593271896
6643,-3.748984245481497,-3.965124220571861,1.661374560332105,0.009998671593271896
6644,-5.97560939071456,-4.04039136884494,1.6654999479001387,0.009998671593271896
6645,-5.556063411976313,-4.106284127844225,1.6589753047167264,0.009998671593271896
6646,-5.025453898940038,-4.154318836204021,1.6500997460358777,0.009998671593271896
6647,-4.699038217298881,-4.203614778960837,1.628680292181121,0.009998671593271896
6648,-5.015927994980947,-4.2606959471384895,1.605977528157081,0.009998671593271896
6649,-3.2167528765458204,-4.260595332579024,1.6060427691696344,0.009998671593271896
6650,-5.844795923703094,-4.3236488556492265,1.6051134377647007,0.009998671593271896
6651,-6.039243508448274,-4.39568953372604,1.5996535650233445,0.009998671593271896
6652,-5.031174366598629,-4.44879314526221,1.5756157323498898,0.009998671593271896
6653,-2.421000694516068,-4.3928091879038025,1.5967993770853368,0.009998671593271896
6654,-2.5988619545447773,-4.4032681915846545,1.5832446180449837,0.009998671593271896
6655,-2.7381649684403495,-4.405826133976426,1.5804465659404099,0.009998671593271896
6656,-2.262004477318554,-4.402278876488227,1.5850485758558501,0.009998671593271896
6657,-2.424093058684559,-4.402619213620433,1.5846219045402319,0.009998671593271896
6658,-2.6378497024520056,-4.351746974338655,1.5995608499962546,0.009998671593271896
6659,-2.512383870773928,-4.348568668925935,1.6030507931337208,0.009998671593271896
6660,-2.404333505038091,-4.345383371943855,1.606748370531788,0.009998671593271896
6661,-2.0391578025480332,-4.338010636159157,1.616438829925895,0.009998671593271896
6662,-2.765452674360325,-4.276807330186428,1.6168883404002519,0.009998671593271896
6663,-1.8272847547206477,-4.26989147151207,1.6265822220422903,0.009998671593271896
6664,-2.729419850741657,-4.214671651483197,1.631069649541679,0.009998671593271896
6665,-3.176484565640271,-4.153370242391229,1.6112175097089843,0.009998671593271896
6666,-2.490200119199758,-4.069580925065985,1.5864049002191658,0.009998671593271896
6667,-2.638450843442936,-4.021399194531986,1.5925431605841358,0.009998671593271896
6668,-2.6232932900242263,-4.029336980503183,1.584545536329221,0.009998671593271896
6669,-2.3905349754604543,-4.007423875734926,1.5994116557574865,0.009998671593271896
6670,-2.486096709715391,-3.951879674161101,1.6030522060616108,0.009998671593271896
6671,-2.0234803636746834,-3.9474637420606427,1.6080463963835891,0.009998671593271896
6672,-2.8870656719778585,-3.9481307510870787,1.6075994316994573,0.009998671593271896
6673,-2.5943518303030113,-3.943168715545468,1.6113830144967765,0.009998671593271896
6674,-2.604762523336643,-3.909974101389045,1.6214854210938539,0.009998671593271896
6675,-2.7719375714352776,-3.9111423018949294,1.6206438417512898,0.009998671593271896
6676,-2.8208887254433828,-3.83817902470937,1.5855843651185033,0.009998671593271896
6677,-2.915596606382471,-3.7769651984740285,1.560744572296772,0.009998671593271896
6678,-2.4318695859855697,-3.7335658970200054,1.5673600646290626,0.009998671593271896
6679,-2.8264557196811806,-3.6801710507096965,1.551800921177549,0.009998671593271896
6680,-2.5727557133007473,-3.653463559964813,1.5591218283252861,0.009998671593271896
6681,-3.3083802347672164,-3.575450515882073,1.4745558956791938,0.009998671593271896
6682,-2.576100290782855,-3.5087195904569057,1.4424237877124213,0.009998671593271896
6683,-2.765406683634997,-3.4855014721112174,1.4448563615253773,0.009998671593271896
6684,-2.1141315339730484,-3.4185378188418243,1.4291896703045046,0.009998671593271896
6685,-4.490310694922318,-3.3813372152163303,1.3755957936147856,0.009998671593271896
6686,-3.0409458259785738,-3.305857015846672,1.2857251346677483,0.009998671593271896
6687,-1.8246345648377944,-3.2231753151803213,1.2447408001935614,0.009998671593271896
6688,-4.9452194747717675,-3.216832940081225,1.235105035150879,0.009998671593271896
6689,-2.846694178785006,-3.1648329943213644,1.1941838746887576,0.009998671593271896
6690,-1.7805615347771526,-3.0975694522131256,1.1753950573483527,0.009998671593271896
6691,-2.858182757010967,-3.1208362787526642,1.1587948038088467,0.009998671593271896
6692,-2.119478319898009,-3.128746441159412,1.150553121344845,0.009998671593271896
6693,-6.088940546699387,-3.17554556718377,1.2203046386091418,0.009998671593271896
6694,-2.332927779663668,-3.1026919349627526,1.1581142886965783,0.009998671593271896
6695,-2.6382944781736803,-3.0443365562866997,1.105330730295564,0.009998671593271896
6696,-2.9009276816497716,-3.0018460319408944,1.0685810134359488,0.009998671593271896
6697,-1.570299472073041,-2.9392712570363777,1.0589273179033745,0.009998671593271896
6698,-3.5936848286465106,-2.910826393709689,1.0211919666064255,0.009998671593271896
6699,-5.533211884473603,-2.9571555738682447,1.084598051221146,0.009998671593271896
6700,-2.623224438122528,-2.8927241441566336,1.0038238828831214,0.009998671593271896
6701,-6.022429122451495,-2.892387856436698,1.002771986836062,0.009998671593271896
6702,-2.384689857029097,-2.839458166245307,0.9572967648176941,0.009998671593271896
6703,-5.658014926420858,-2.9041984508834027,1.0332516162915533,0.009998671593271896
6704,-5.217282712606131,-2.95656686604463,1.0816695522105026,0.009998671593271896
6705,-3.055433788999409,-2.962912242455811,1.0813002644820806,0.009998671593271896
6706,-2.914425200782242,-2.9759606569250847,1.0766901071378276,0.009998671593271896
6707,-1.954175858935104,-2.9665623129300958,1.0834957242587218,0.009998671593271896
6708,-1.865182388264521,-2.9511089666463457,1.0935373307477652,0.009998671593271896
6709,-5.507658267518142,-3.0110144545812303,1.1485227549400259,0.009998671593271896
6710,-5.034105672497983,-3.0636098979304283,1.179336662697889,0.009998671593271896
6711,-2.6843602322475397,-3.0765139465244182,1.1715609304586008,0.009998671593271896
6712,-5.169926054769654,-3.1246034141326047,1.2066294873242291,0.009998671593271896
6713,-5.653280632770636,-3.2011233316936045,1.2427078809345342,0.009998671593271896
6714,-4.696449948190037,-3.2404639336425722,1.2581912194481024,0.009998671593271896
6715,-5.775364658815174,-3.2924415355060703,1.3072016065396472,0.009998671593271896
6716,-5.13958093514441,-3.3454291518249635,1.3271529701168059,0.009998671593271896
6717,-5.300737692952302,-3.398674888815151,1.350913824354421,0.009998671593271896
6718,-6.7371917748260435,-3.480952858511187,1.424460622138538,0.009998671593271896
6719,-3.910227872616264,-3.5113467164543035,1.4170637229792478,0.009998671593271896
6720,-6.383277319098834,-3.5892903286419724,1.4648997728529778,0.009998671593271896
6721,-5.480453321165337,-3.658429787791785,1.4709336531778576,0.009998671593271896
6722,-4.303923167155018,-3.686766937695328,1.4694475152448385,0.009998671593271896
6723,-6.041614691202183,-3.755712194913312,1.497184455928234,0.009998671593271896
6724,-5.933512995823538,-3.82228720436305,1.518384564867789,0.009998671593271896
6725,-6.42347385754182,-3.8953179300851803,1.5535176062713036,0.009998671593271896
6726,-5.3399609635968925,-3.9456993748482505,1.5586951499854746,0.009998671593271896
6727,-6.356233831110941,-4.01451211934282,1.5873835925219657,0.009998671593271896
6728,-6.149976665478157,-4.088874260932672,1.5985512098441839,0.009998671593271896
6729,-5.52126541420218,-4.142770454823092,1.6005068096174457,0.009998671593271896
6730,-5.290699390501013,-4.197129328367097,1.592395381666948,0.009998671593271896
6731,-5.0144970552528685,-4.23125166477681,1.5912645973262156,0.009998671593271896
6732,-5.578329114748042,-4.291296241256114,1.5843041056712952,0.009998671593271896
6733,-5.630232336134549,-4.348592754306105,1.5798812700077995,0.009998671593271896
6734,-6.777958026159041,-4.441869284149824,1.5828784823479112,0.009998671593271896
6735,-4.33653299240035,-4.438793730099386,1.5829307673202098,0.009998671593271896
6736,-2.5834488489610363,-4.429643790559035,1.5922790616074756,0.009998671593271896
6737,-4.7463430342389445,-4.4880779599470575,1.5486195674789234,0.009998671593271896
6738,-2.1873782545461222,-4.432921135542545,1.5801471782392082,0.009998671593271896
6739,-6.002347713787061,-4.4960342062425855,1.5785504495350358,0.009998671593271896
6740,-3.4352447065317944,-4.529127869677679,1.5381014211787627,0.009998671593271896
6741,-5.482122075176813,-4.581606656040996,1.5249015596219206,0.009998671593271896
6742,-2.908807468575317,-4.597393239014542,1.5032628425842027,0.009998671593271896
6743,-3.6034807917543583,-4.547684043915641,1.4941857787611597,0.009998671593271896
6744,-5.228593826506319,-4.605597364852494,1.4630130023857766,0.009998671593271896
6745,-7.020231205480302,-4.693236099398627,1.473746930814243,0.009998671593271896
6746,-2.3528825837874745,-4.682275197441381,1.4889954926011988,0.009998671593271896
6747,-5.076790589707983,-4.75240501979408,1.4218348619275498,0.009998671593271896
6748,-5.457365707142108,-4.789678637363991,1.4153839739846037,0.009998671593271896
6749,-5.077701597875393,-4.780568431632028,1.4120308455159394,0.009998671593271896
6750,-2.9244227131408813,-4.786592397132394,1.403430688337311,0.009998671593271896
6751,-2.3123673154183146,-4.71239116099173,1.4338765010937478,0.009998671593271896
6752,-6.509384451178875,-4.794885052874727,1.4161272572339716,0.009998671593271896
6753,-4.800247011199512,-4.7777296945703,1.4107525700144032,0.009998671593271896
6754,-2.6328119699833983,-4.726040279717845,1.4407290938917374,0.009998671593271896
6755,-3.751323513862482,-4.739958074215106,1.4278268632851179,0.009998671593271896
6756,-4.83110286733024,-4.778291627546066,1.4038286334999013,0.009998671593271896
6757,-1.9789371076116025,-4.7787868525195965,1.4028363069373542,0.009998671593271896
6758,-5.155791400844284,-4.844599032771191,1.340402659688041,0.009998671593271896
6759,-6.486736852117589,-4.864180604463181,1.3569949275983813,0.009998671593271896
6760,-3.556234323686084,-4.834623177486943,1.3690137219660439,0.009998671593271896
6761,-2.873730436496541,-4.838410581571923,1.3633098028920654,0.009998671593271896
6762,-2.960315067364848,-4.794218361823827,1.387446385056245,0.009998671593271896
6763,-5.708136246198987,-4.7953154740923924,1.388146759543328,0.009998671593271896
6764,-4.3931892485363555,-4.789250260099319,1.3892275772497535,0.009998671593271896
6765,-6.452273322855925,-4.802788433380135,1.402010863457752,0.009998671593271896
6766,-4.921834863718432,-4.798433511951615,1.401295954885882,0.009998671593271896
6767,-7.649466223951821,-4.8454080825716055,1.4556597485633422,0.009998671593271896
6768,-5.206090828879265,-4.8147860636526705,1.4314442097577207,0.009998671593271896
6769,-2.7832653180643665,-4.792246812561633,1.4542013368804378,0.009998671593271896
6770,-3.8247017791693105,-4.741075301763042,1.442282327093293,0.009998671593271896
6771,-2.245674467756163,-4.676379724694858,1.479729604586324,0.009998671593271896
6772,-5.834115755351956,-4.706983576458796,1.4875132549106762,0.009998671593271896
6773,-6.336168337209326,-4.712874649378939,1.4933589770176545,0.009998671593271896
6774,-2.344742639843597,-4.641099242259341,1.5189901744275798,0.009998671593271896
6775,-2.101552467399652,-4.554660814456497,1.5379558898929577,0.009998671593271896
6776,-2.718505722256591,-4.502231709629692,1.554880989719449,0.009998671593271896
6777,-2.865567449945206,-4.432418382006377,1.5484211029711927,0.009998671593271896
6778,-6.6093578013834495,-4.441606004724482,1.5599053417709743,0.009998671593271896
6779,-5.118807581260697,-4.433556848065653,1.5553451826068996,0.009998671593271896
6780,-2.6274326709579157,-4.380291513674791,1.5706079285780812,0.009998671593271896
6781,-2.4322347992954283,-4.328646268555643,1.591224748374131,0.009998671593271896
6782,-6.569257044896416,-4.34846482715861,1.6126921632081415,0.009998671593271896
6783,-5.205776556755156,-4.339975711571022,1.6070298868665276,0.009998671593271896
6784,-6.060188436732425,-4.325620319782489,1.5882841247963497,0.009998671593271896
6785,-4.634883231866759,-4.331587324571817,1.5888742383150702,0.009998671593271896
6786,-5.44573795672704,-4.388833106727137,1.5763727781305863,0.009998671593271896
6787,-5.9147853355049955,-4.412201952752459,1.5901004275804216,0.009998671593271896
6788,-5.2374740781459925,-4.473203869224456,1.5618331562094603,0.009998671593271896
6789,-3.4165668951585735,-4.421488252851887,1.5531298460883423,0.009998671593271896
6790,-3.5198909066643345,-4.423181176854537,1.5520997009401831,0.009998671593271896
6791,-6.397327073819094,-4.4414852768273825,1.5697758965884394,0.009998671593271896
6792,-5.649853865420818,-4.496306204764293,1.563141739897567,0.009998671593271896
6793,-4.075650289679022,-4.505749594722786,1.559140534080133,0.009998671593271896
6794,-2.479194739288874,-4.450761612978437,1.5810072557861858,0.009998671593271896
6795,-7.504017319917676,-4.4604373352671844,1.5980908146128818,0.009998671593271896
6796,-5.837911339617362,-4.530137910383782,1.5805533947393222,0.009998671593271896
6797,-5.473152959526349,-4.538065157780149,1.584264863270234,0.009998671593271896
6798,-5.972606783107656,-4.54836997929946,1.5918683648910517,0.009998671593271896
6799,-2.5259584608992194,-4.497335116559937,1.614818708608723,0.009998671593271896
6800,-5.044442366176822,-4.539735509620656,1.600733309023123,0.009998671593271896
6801,-6.976317391998664,-4.633014511152263,1.604107664226175,0.009998671593271896
6802,-2.688133300819419,-4.5565894881450735,1.6039191344007684,0.009998671593271896
6803,-6.93091692367811,-4.599202886394647,1.6377734652992186,0.009998671593271896
6804,-5.091374187351294,-4.648374130742004,1.614742982469457,0.009998671593271896
6805,-2.047990049608205,-4.614307461456918,1.6508725912927324,0.009998671593271896
6806,-4.620934685807659,-4.610104097826467,1.650582781279893,0.009998671593271896
6807,-3.1887795906997036,-4.634300947488229,1.620426025095675,0.009998671593271896
6808,-4.661197428419138,-4.624409068039725,1.6187211236291583,0.009998671593271896
6809,-4.597932670615848,-4.5866329844096905,1.5967090430238895,0.009998671593271896
6810,-5.92102323253048,-4.633928762586579,1.6005062936852466,0.009998671593271896
6811,-5.392098981102847,-4.684296133478705,1.5838604745169307,0.009998671593271896
6812,-5.035962718284948,-4.725809086497107,1.5652226202300084,0.009998671593271896
6813,-3.2193431663449235,-4.676033224900026,1.5727471738584688,0.009998671593271896
6814,-6.334969555186066,-4.714868831033019,1.5891717494454896,0.009998671593271896
6815,-5.632391408309254,-4.698471192742087,1.575329626753151,0.009998671593271896
6816,-5.2519145355443495,-4.705072786178604,1.5769426165761145,0.009998671593271896
6817,-5.315815637837086,-4.65839977445631,1.5227083529815197,0.009998671593271896
6818,-4.003267011390285,-4.634343298106531,1.5233668905120255,0.009998671593271896
6819,-6.263861381133379,-4.703955219367911,1.516699592345454,0.009998671593271896
6820,-4.814503669044211,-4.723751257165409,1.5115450563118793,0.009998671593271896
6821,-5.054647383127875,-4.779930715472844,1.4700288701806261,0.009998671593271896
6822,-5.060014048387782,-4.76444868133356,1.462903960376372,0.009998671593271896
6823,-5.105867014676134,-4.739842654882896,1.4465157506161859,0.009998671593271896
6824,-5.638245762807333,-4.80571271734217,1.4104897847549478,0.009998671593271896
6825,-4.665992454803899,-4.857001517090255,1.3568314832013415,0.009998671593271896
6826,-5.962355356435902,-4.921878509773842,1.330321580122409,0.009998671593271896
6827,-3.1004687656189147,-4.926576536087316,1.3234484503427855,0.009998671593271896
6828,-4.760102113044196,-4.889591422320531,1.3015633373018372,0.009998671593271896
6829,-6.271280245126357,-4.912640875597844,1.3155479173419942,0.009998671593271896
6830,-1.9343915806542507,-4.8987800537917705,1.3429184811176313,0.009998671593271896
6831,-4.591773325707753,-4.941970824320017,1.2968318152484812,0.009998671593271896
6832,-1.9737205492575849,-4.85006009440724,1.3403634431758347,0.009998671593271896
6833,-3.373700650075625,-4.81341857627365,1.355099117812672,0.009998671593271896
6834,-4.763647270339728,-4.787487752945796,1.3433473316522204,0.009998671593271896
6835,-4.748055166695491,-4.78975119164237,1.343183630812444,0.009998671593271896
6836,-2.6855499754398946,-4.734547432016628,1.3715107339907033,0.009998671593271896
6837,-3.19468983994061,-4.68014552210534,1.3775507698631628,0.009998671593271896
6838,-6.363179510038121,-4.702659630743183,1.3955568795882192,0.009998671593271896
6839,-5.403960205841905,-4.742407496956849,1.3866343680796585,0.009998671593271896
6840,-3.675057088706651,-4.745510820597696,1.384066126213297,0.009998671593271896
6841,-4.640607347014035,-4.710376426061594,1.3638382499911545,0.009998671593271896
6842,-2.0916987691137714,-4.6392133241354525,1.4051646456205196,0.009998671593271896
6843,-3.416526719769041,-4.626030852737253,1.4134571406744185,0.009998671593271896
6844,-2.145016375733303,-4.619347285466143,1.4243408893919935,0.009998671593271896
6845,-2.2918016359957196,-4.515102971787703,1.399929656487714,0.009998671593271896
6846,-3.9257922561281284,-4.476860590117918,1.3893487201526662,0.009998671593271896
6847,-3.5083000103168196,-4.437563531133728,1.3884004572071806,0.009998671593271896
6848,-3.6214086629195665,-4.390539568729967,1.3753688945888436,0.009998671593271896
6849,-2.39658134418475,-4.387952026395677,1.3789913105956286,0.009998671593271896
6850,-2.5328374992806393,-4.337719929057753,1.3997511128572209,0.009998671593271896
6851,-2.540719738899367,-4.249007975995767,1.3699538786283199,0.009998671593271896
6852,-3.7908080183153143,-4.271061470345685,1.3534251445676504,0.009998671593271896
6853,-2.86587802492343,-4.189760692370591,1.3126857945075587,0.009998671593271896
6854,-4.529802943818542,-4.178529267499936,1.3073149149941206,0.009998671593271896
6855,-4.242067059095914,-4.222410807689691,1.27139430989618,0.009998671593271896
6856,-2.8936369925186245,-4.1878648538239105,1.2835055277313645,0.009998671593271896
6857,-5.094739755873505,-4.225984057127386,1.281568718624166,0.009998671593271896
6858,-1.7673828403379679,-4.168107765365763,1.32520749345182,0.009998671593271896
6859,-3.4279499601839354,-4.144708111157125,1.327738317377238,0.009998671593271896
6860,-5.339592857319758,-4.13307950365291,1.3146113105565087,0.009998671593271896
6861,-4.84029800249353,-4.122043484080724,1.3062854448110433,0.009998671593271896
6862,-2.4786471580640788,-4.070897172876306,1.3194983063762142,0.009998671593271896
6863,-2.4997561555062084,-4.056505432659531,1.3325672424878574,0.009998671593271896
6864,-2.4394872128687237,-3.9785957858131846,1.310775543710618,0.009998671593271896
6865,-4.650511755323066,-3.958958192753461,1.2930875891101081,0.009998671593271896
6866,-3.640729649694567,-3.9267344950364658,1.2804795244130691,0.009998671593271896
6867,-4.4046339539992605,-3.908510861359709,1.2669935047381213,0.009998671593271896
6868,-2.1810024269497483,-3.872065569670898,1.2897481983015462,0.009998671593271896
6869,-7.865967709487739,-3.9041076962379857,1.366394913310652,0.009998671593271896
6870,-7.064052326843688,-3.949098669393975,1.4311322287893393,0.009998671593271896
6871,-1.9739354622973881,-3.887484430977365,1.4484211323466911,0.009998671593271896
6872,-4.682859297070262,-3.8799413359510146,1.443268092844863,0.009998671593271896
6873,-3.211130794610514,-3.8420466115497023,1.4354354924884667,0.009998671593271896
6874,-4.914135633884358,-3.827564408971243,1.4208188443713434,0.009998671593271896
6875,-4.01380470851681,-3.8145206540455012,1.4160475013928306,0.009998671593271896
6876,-6.414460404305393,-3.8235627550028912,1.4310969996946172,0.009998671593271896
6877,-1.9842032844956514,-3.801237445380426,1.4507748860420853,0.009998671593271896
6878,-5.2924943997056175,-3.8118852911136543,1.4596995959478278,0.009998671593271896
6879,-2.751975994725725,-3.7414992061056416,1.4238203513724703,0.009998671593271896
6880,-5.408876787950702,-3.8109889102515706,1.4187056687733488,0.009998671593271896
6881,-6.4507696404327,-3.8481688365460696,1.4623678701649245,0.009998671593271896
6882,-4.922560618445461,-3.907145637929827,1.4449417811715193,0.009998671593271896
6883,-5.579371704320232,-3.9512590590147196,1.4615561180797283,0.009998671593271896
6884,-3.4211370906432004,-3.924408855420789,1.458713970171073,0.009998671593271896
6885,-5.324803858065636,-3.935943829248192,1.4674357394782847,0.009998671593271896
6886,-5.375593490632041,-3.9897446995520345,1.4699167469657426,0.009998671593271896
6887,-5.453506988814153,-4.034921042529506,1.4794675046242196,0.009998671593271896
6888,-4.744882013300958,-4.002555092594762,1.4454901190577887,0.009998671593271896
6889,-5.756313076806331,-4.00960215001405,1.453143708925735,0.009998671593271896
6890,-6.574753163116393,-4.067596071502245,1.4958692891761496,0.009998671593271896
6891,-4.834242834025718,-4.071468781242479,1.4975974222574329,0.009998671593271896
6892,-6.447879504325231,-4.158592395946708,1.5065736913241743,0.009998671593271896
6893,-4.641636039976785,-4.183094582350863,1.5042663740631517,0.009998671593271896
6894,-4.880328685349464,-4.237800828543186,1.4786723785634677,0.009998671593271896
6895,-5.378794543472193,-4.299540686692716,1.4604654289110923,0.009998671593271896
6896,-6.561703618550526,-4.3522589139411645,1.4932293602721194,0.009998671593271896
6897,-2.643119360342757,-4.334955300941683,1.5078502362665869,0.009998671593271896
6898,-6.074185307329367,-4.384010833829878,1.523653941652103,0.009998671593271896
6899,-2.3303319060791075,-4.3826858450677655,1.525409453738995,0.009998671593271896
6900,-5.239173421374206,-4.436812563509637,1.5067106361959923,0.009998671593271896
6901,-4.399315166077223,-4.4739844720531945,1.4822010496376241,0.009998671593271896
6902,-7.7365942836009705,-4.552900197358907,1.5473364579675832,0.009998671593271896
6903,-5.220514251089338,-4.599992921882225,1.5310211245249448,0.009998671593271896
6904,-5.522694484603871,-4.619850752697932,1.536411527265234,0.009998671593271896
6905,-4.917595706099691,-4.633361325638008,1.5360001550438767,0.009998671593271896
6906,-5.777878944297634,-4.691046164673588,1.5236910881552548,0.009998671593271896
6907,-5.255120432701011,-4.694253778210138,1.524706026952291,0.009998671593271896
6908,-5.42421320398674,-4.767390385483114,1.469253160904419,0.009998671593271896
6909,-6.279878795383743,-4.82442896218711,1.4715032661663958,0.009998671593271896
6910,-4.694594456243042,-4.811528994165576,1.4697566861100255,0.009998671593271896
6911,-6.097835288928364,-4.836679739894272,1.480752268583958,0.009998671593271896
6912,-4.80793104279828,-4.883265417588956,1.4419664462679098,0.009998671593271896
6913,-4.222907830458953,-4.917728451088011,1.4046987742193933,0.009998671593271896
6914,-5.783082821142523,-4.984600363253486,1.3641297462763702,0.009998671593271896
6915,-5.207225562653679,-4.9957346394001,1.3636293221399673,0.009998671593271896
6916,-4.8576630653361486,-5.020073307712931,1.3500196525137762,0.009998671593271896
6917,-3.82046198291052,-5.008389868291156,1.357800645922143,0.009998671593271896
6918,-4.119161868112407,-5.047153057114409,1.3030932979321848,0.009998671593271896
6919,-3.765058904601586,-4.965134881016686,1.2511139633681818,0.009998671593271896
6920,-1.60370732222112,-4.855927980924235,1.3004748433090527,0.009998671593271896
6921,-5.094780405098485,-4.918344879780257,1.2338404843735506,0.009998671593271896
6922,-4.23862547711238,-4.9094602033811,1.2370993102974468,0.009998671593271896
6923,-3.7345380941474597,-4.919928349371838,1.224837746438015,0.009998671593271896
6924,-2.385221820024671,-4.869350073094644,1.2752111259534367,0.009998671593271896
6925,-4.900171238055761,-4.8870774036854225,1.2693419550982845,0.009998671593271896
6926,-7.18233222566189,-4.902434840112553,1.2921683580182535,0.009998671593271896
6927,-4.095532084217838,-4.944661416106997,1.2290713220349825,0.009998671593271896
6928,-6.3495598362998855,-4.965802724838882,1.2438747507066577,0.009998671593271896
6929,-4.27468021105783,-4.996256809165525,1.2074060522273384,0.009998671593271896
6930,-2.7490022809344685,-4.9430593190252,1.2460326461827644,0.009998671593271896
6931,-2.6565720571911093,-4.8671753673603675,1.2672551648890482,0.009998671593271896
6932,-3.029460442557281,-4.829313363842603,1.293052471481229,0.009998671593271896
6933,-5.427642954644689,-4.826278788849093,1.2914657181127613,0.009998671593271896
6934,-3.323191446001481,-4.8243198759562596,1.2936679755967617,0.009998671593271896
6935,-2.9107077156255863,-4.776037953107458,1.3188912891845914,0.009998671593271896
6936,-1.7584499814744745,-4.703695082924307,1.3817265099505078,0.009998671593271896
6937,-2.7220585429442465,-4.649066114006908,1.4048050162575703,0.009998671593271896
6938,-4.449298351661373,-4.643154440774117,1.4050112865270232,0.009998671593271896
6939,-2.4218300495877303,-4.5764647802297445,1.4295147437095312,0.009998671593271896
6940,-2.6715128654373985,-4.498399974276165,1.4248270053884375,0.009998671593271896
6941,-2.8146751092826454,-4.458008619781303,1.4432405598711902,0.009998671593271896
6942,-4.594877409944994,-4.420948577893698,1.4151864914292747,0.009998671593271896
6943,-2.7321994518752057,-4.382759846131667,1.4343492738466663,0.009998671593271896
6944,-1.741819651466738,-4.319989665454012,1.4791746181715257,0.009998671593271896
6945,-6.068523521728302,-4.333784245019134,1.4921438664398108,0.009998671593271896
6946,-1.9532182980722992,-4.24161453860957,1.4940105264791308,0.009998671593271896
6947,-4.9313844417558474,-4.287379840237833,1.4793190677079127,0.009998671593271896
6948,-2.0189478707746233,-4.206275091506738,1.490258071702537,0.009998671593271896
6949,-4.529652340314537,-4.250261500191446,1.4665069097441952,0.009998671593271896
6950,-5.270071408546254,-4.250879459934887,1.466929938231424,0.009998671593271896
6951,-3.572075762528325,-4.234334671863909,1.469824662904536,0.009998671593271896
6952,-2.4496690783722177,-4.1285961677593335,1.4027074129282728,0.009998671593271896
6953,-5.4611895866617335,-4.133409674470782,1.406852984083641,0.009998671593271896
6954,-4.941340327889442,-4.121782591336493,1.3976955759049154,0.009998671593271896
6955,-5.083100443846531,-4.12509268609143,1.3997707798691166,0.009998671593271896
6956,-2.569289620872989,-4.060920899622937,1.3960718581954845,0.009998671593271896
6957,-4.931824813822055,-4.054454987245357,1.391266346635966,0.009998671593271896
6958,-2.2916966849564977,-3.991804656864753,1.3986845850956335,0.009998671593271896
6959,-5.334192171164742,-3.9728909243803727,1.3737886514349416,0.009998671593271896
6960,-4.745134641479586,-3.9739017280851034,1.37433777671329,0.009998671593271896
6961,-4.5854099975511176,-3.943653222257559,1.3435573393984381,0.009998671593271896
6962,-7.794994149316116,-4.003394484387916,1.443362158835278,0.009998671593271896
6963,-5.5831874686204035,-4.030600077151145,1.4599675929823146,0.009998671593271896
6964,-2.0991276093792828,-3.95692097291588,1.4626224956129747,0.009998671593271896
6965,-5.6842683175161195,-3.9664618280131285,1.4722713345007779,0.009998671593271896
6966,-2.8681805430928873,-3.926672177568263,1.4745301993578077,0.009998671593271896
6967,-5.320467603581889,-3.9566722899816904,1.487268302545275,0.009998671593271896
6968,-6.833045843277503,-4.010949969484992,1.5407671389167183,0.009998671593271896
6969,-6.982037120836558,-4.075289533809692,1.5953563005582343,0.009998671593271896
6970,-8.8235566337733,-4.219686520040736,1.689099663305088,0.009998671593271896
6971,-5.841602917403864,-4.234622970286843,1.700038542174502,0.009998671593271896
6972,-5.529692295525358,-4.260444306655103,1.7096806936411313,0.009998671593271896
6973,-5.8098971414309855,-4.301951487600773,1.7215602699284105,0.009998671593271896
6974,-4.591844915205475,-4.34608394950439,1.7000075883414012,0.009998671593271896
6975,-4.889018951586335,-4.345860903775002,1.6999356059957036,0.009998671593271896
6976,-2.851131772945866,-4.259236894720681,1.66314468940035,0.009998671593271896
6977,-6.4590730133518,-4.30650771330336,1.691172765056295,0.009998671593271896
6978,-4.2334402021403825,-4.26418532062017,1.6658030117705585,0.009998671593271896
6979,-3.329684147580752,-4.245285399350628,1.670929715156686,0.009998671593271896
6980,-6.3709736697760695,-4.31772482712746,1.6829594146468032,0.009998671593271896
6981,-5.0439756451252,-4.365472898886142,1.6689615775994193,0.009998671593271896
6982,-5.722334383177454,-4.419330377698545,1.6684289003613135,0.009998671593271896
6983,-6.006644640467698,-4.430910411415005,1.6773724525874505,0.009998671593271896
6984,-6.312141766460784,-4.490689417824191,1.6900427856091043,0.009998671593271896
6985,-2.9288856759149025,-4.491052977029978,1.6897047848642892,0.009998671593271896
6986,-4.86220224918119,-4.553128022384112,1.6445855410271444,0.009998671593271896
6987,-6.742838445170202,-4.6335436204286315,1.651373749121962,0.009998671593271896
6988,-3.124542713421185,-4.607048507663828,1.6646909673132813,0.009998671593271896
6989,-5.855319070345399,-4.675718288078981,1.6438188682683321,0.009998671593271896
6990,-7.144255842504758,-4.765173147620327,1.6539876255307076,0.009998671593271896
6991,-5.647176824305317,-4.821823181920782,1.634605639530526,0.009998671593271896
6992,-6.672611633103479,-4.863377866383951,1.6545957437200294,0.009998671593271896
6993,-2.430498280109299,-4.857343842948634,1.6628861351982274,0.009998671593271896
6994,-5.525270681441011,-4.933012863548119,1.6044491900441729,0.009998671593271896
6995,-1.9059067653729773,-4.849760528421013,1.6506986368276473,0.009998671593271896
6996,-4.276800581636129,-4.896232174092289,1.6004414703267913,0.009998671593271896
6997,-6.563394836586552,-4.928872381988903,1.6173779490261722,0.009998671593271896
6998,-4.463589174825213,-4.977765208069914,1.5647675474625544,0.009998671593271896
6999,-4.301143611001787,-4.973195033483659,1.5664025102008903,0.009998671593271896
7000,-4.543504714952791,-4.95866369961179,1.566951061155048,0.009998671593271896
7001,-4.669264888983251,-4.980607482140889,1.5550165946863086,0.009998671593271896
7002,-5.904011826390096,-5.049694337101246,1.5173147807253557,0.009998671593271896
7003,-7.034208060532496,-5.081154706578662,1.541633457252891,0.009998671593271896
7004,-1.8558298423514306,-5.0194444968679015,1.606390056905619,0.009998671593271896
7005,-4.025473380292762,-4.998291955596826,1.6123647586520276,0.009998671593271896
7006,-2.9305033330682755,-5.005516229840731,1.6022427636634697,0.009998671593271896
7007,-2.807141006729434,-4.963022553698879,1.6315405680324964,0.009998671593271896
7008,-2.1156487677777243,-4.959501595355304,1.6374807905996693,0.009998671593271896
7009,-6.337440401057474,-4.979566559953159,1.6480616442572151,0.009998671593271896
7010,-4.483651241463637,-4.97433689195284,1.6492117230418506,0.009998671593271896
7011,-5.3716799020713015,-4.990062290043243,1.6491768753058562,0.009998671593271896
7012,-7.393574830144209,-4.982033903659805,1.6364304161683254,0.009998671593271896
7013,-5.34275279031604,-4.977225210093717,1.6350094903570254,0.009998671593271896
7014,-4.061283446981263,-5.016468326845757,1.5883406692610478,0.009998671593271896
7015,-4.588547175556332,-4.994553904006562,1.58653365340414,0.009998671593271896
7016,-3.567966740008224,-5.008549627944868,1.5707217762624166,0.009998671593271896
7017,-5.555713580601811,-5.013254547485266,1.572000850352287,0.009998671593271896
7018,-4.151692080009289,-4.959627472219902,1.5546458763362279,0.009998671593271896
7019,-2.6368633813911027,-4.8727239974309935,1.5606003433215603,0.009998671593271896
7020,-4.9596526800085865,-4.795445918355699,1.4551532880006655,0.009998671593271896
7021,-5.237272151126078,-4.783359303030144,1.4489100470268166,0.009998671593271896
7022,-5.139252381088626,-4.775550504741409,1.445915725756864,0.009998671593271896
7023,-3.858258339812517,-4.73651772870904,1.4438073858400862,0.009998671593271896
7024,-2.057847940473755,-4.685837789214405,1.4916762863865447,0.009998671593271896
7025,-5.667347975583793,-4.701404369694354,1.4977641396976344,0.009998671593271896
7026,-3.240166916127232,-4.709185072557982,1.4891175249441266,0.009998671593271896
7027,-2.9543748541084556,-4.639091109373115,1.4875828922683754,0.009998671593271896
7028,-6.709748508192552,-4.688617275494158,1.5142362458790355,0.009998671593271896
7029,-5.348731657638455,-4.728998225695312,1.504347640082621,0.009998671593271896
7030,-2.8117751516963057,-4.657814255333717,1.5091679441718573,0.009998671593271896
7031,-2.9378613625582894,-4.615691969682379,1.527087405309675,0.009998671593271896
7032,-4.9122170656861215,-4.599489623332552,1.519539016100762,0.009998671593271896
7033,-5.747543895136169,-4.594307608425922,1.5151669332285265,0.009998671593271896
7034,-3.4310698958716492,-4.536686171014139,1.5034806154811842,0.009998671593271896
7035,-5.984155873637951,-4.5977915749686,1.4989739867304879,0.009998671593271896
7036,-6.420478625921982,-4.628957102503415,1.5201964427039294,0.009998671593271896
7037,-5.915674711525035,-4.612413827830512,1.5014880958444559,0.009998671593271896
7038,-5.207042365074141,-4.654063820863572,1.48846505935718,0.009998671593271896
7039,-6.371895326017754,-4.664395345977018,1.4985259792976084,0.009998671593271896
7040,-2.1778823792785342,-4.565067876712494,1.4954514159630123,0.009998671593271896
7041,-4.536993814118525,-4.542864216508758,1.4874402517580119,0.009998671593271896
7042,-4.977171667178716,-4.508955417190263,1.457526903334215,0.009998671593271896
7043,-2.4370784808908272,-4.509087021205893,1.4573395129458147,0.009998671593271896
7044,-5.742270258609099,-4.513427012749254,1.4606785593621263,0.009998671593271896
7045,-6.425756094199736,-4.60382399932579,1.436164005990882,0.009998671593271896
7046,-2.9149993931127094,-4.576587975555322,1.4548982561710697,0.009998671593271896
7047,-6.069875521423081,-4.566717589252052,1.4430113080346612,0.009998671593271896
7048,-2.4116475983003642,-4.525678757721556,1.4742019106429354,0.009998671593271896
7049,-1.9288795051668406,-4.478233475604856,1.5181828694420423,0.009998671593271896
7050,-5.560779426751756,-4.498578969840835,1.5257189105352063,0.009998671593271896
7051,-3.9829308322370047,-4.484852288705911,1.527208223709581,0.009998671593271896
7052,-4.787233532356437,-4.462516722825238,1.5144023552296781,0.009998671593271896
7053,-5.603089104298444,-4.4338943437005565,1.478628226890471,0.009998671593271896
7054,-2.6348029906094603,-4.449473806665717,1.4553023658896416,0.009998671593271896
7055,-2.436511075004775,-4.417694560559958,1.4813304518677681,0.009998671593271896
7056,-4.549621894258371,-4.450076931783759,1.4660847967118618,0.009998671593271896
7057,-3.571460228728289,-4.465363316223737,1.45279920661511,0.009998671593271896
7058,-4.046493332150542,-4.5039802075111925,1.4149982835807111,0.009998671593271896
7059,-2.5849213195599474,-4.428929825881243,1.4152779929878356,0.009998671593271896
7060,-5.491700454215228,-4.4490908101362745,1.4230724056252602,0.009998671593271896
7061,-2.4665595739255477,-4.39098840357336,1.443379496668682,0.009998671593271896
7062,-3.3819435968813663,-4.310755778908103,1.3845432534957343,0.009998671593271896
7063,-5.37347857552904,-4.311370294612362,1.3850078993959063,0.009998671593271896
7064,-1.8303918880392034,-4.266752463433521,1.4276240187740055,0.009998671593271896
7065,-3.2009597591625494,-4.239000715105646,1.43456872420938,0.009998671593271896
7066,-5.377834730817135,-4.275198074921824,1.44000357708382,0.009998671593271896
7067,-5.666869110649408,-4.277421185522776,1.442063079765021,0.009998671593271896
7068,-5.998034600692756,-4.314348035936446,1.4618742723195102,0.009998671593271896
7069,-4.74013017146215,-4.356413371737866,1.443140190282138,0.009998671593271896
7070,-3.145308829803332,-4.320126494733761,1.4503083818050162,0.009998671593271896
7071,-6.575639559198981,-4.346893842895219,1.4790542829744173,0.009998671593271896
7072,-2.417062478613082,-4.292450044845708,1.4988548247476448,0.009998671593271896
7073,-6.3311527777275405,-4.341907933604008,1.5242950602936656,0.009998671593271896
7074,-4.359271767993237,-4.387936410154398,1.4889675077692763,0.009998671593271896
7075,-1.159720281946547,-4.2977838562816535,1.5442106283004944,0.009998671593271896
7076,-3.5016512588986606,-4.303013543137082,1.5410595657994162,0.009998671593271896
7077,-1.4734386052011996,-4.273394818158937,1.580424207859888,0.009998671593271896
7078,-2.7974541663740697,-4.195148931322567,1.5544998835882102,0.009998671593271896
7079,-1.9834110047063827,-4.127842518263925,1.5758046724859334,0.009998671593271896
7080,-5.864636666210751,-4.188899748554215,1.5827573384564486,0.009998671593271896
7081,-4.6791415249676875,-4.223725351802402,1.5739799137594659,0.009998671593271896
7082,-6.922290971991082,-4.263926829928502,1.6161563418810347,0.009998671593271896
7083,-6.2432685209909184,-4.2738413224455964,1.6267134052796346,0.009998671593271896
7084,-6.650394968873748,-4.338227823905639,1.6555379042728768,0.009998671593271896
7085,-4.114102610910053,-4.30082675865108,1.6389722304316654,0.009998671593271896
7086,-1.820914110070725,-4.208835468334056,1.6464836557813844,0.009998671593271896
7087,-3.9729020452229022,-4.169980015008013,1.6285717577260586,0.009998671593271896
7088,-2.1872775893952183,-4.109584719494434,1.6449044319214705,0.009998671593271896
7089,-5.713387761293298,-4.096414568199945,1.629300412937922,0.009998671593271896
7090,-6.04375575307937,-4.173732035675962,1.6281490360009365,0.009998671593271896
7091,-5.889103962429574,-4.2007742386421825,1.6450984278266927,0.009998671593271896
7092,-6.099082459747372,-4.223212454493556,1.6630877867427234,0.009998671593271896
7093,-3.0860512544537957,-4.236191909964815,1.6515900643358328,0.009998671593271896
7094,-6.621471075884476,-4.253775926310323,1.6720843989237826,0.009998671593271896
7095,-6.335354909073482,-4.251967902607798,1.6697821511832391,0.009998671593271896
7096,-5.290808646101517,-4.299484087667574,1.664856975979232,0.009998671593271896
7097,-6.9415716278225235,-4.316918009795563,1.68771194925215,0.009998671593271896
7098,-5.790260772413319,-4.384490273277821,1.677682712541664,0.009998671593271896
7099,-4.808199170843558,-4.4420766665913565,1.6414302272635808,0.009998671593271896
7100,-4.694415436003146,-4.424749386776384,1.6340858411135992,0.009998671593271896
7101,-4.377397214670609,-4.432638714425056,1.6328855031809633,0.009998671593271896
7102,-5.760848719829523,-4.452111018174518,1.6427732596302789,0.009998671593271896
7103,-7.114550891455005,-4.482340253917649,1.6772199874627671,0.009998671593271896
7104,-5.549297825837549,-4.540630150622211,1.662579100285479,0.009998671593271896
7105,-2.765009485602648,-4.5472001188341675,1.654882573917894,0.009998671593271896
7106,-6.106872739569671,-4.578345135740394,1.6692267005282837,0.009998671593271896
7107,-6.37612755119981,-4.634438482189825,1.6815276989059593,0.009998671593271896
7108,-5.684842951628248,-4.667205474579379,1.6857090874160177,0.009998671593271896
7109,-2.1684361885609227,-4.658875771959398,1.6969692266806993,0.009998671593271896
7110,-5.444330786525164,-4.657928378605597,1.6965171709469264,0.009998671593271896
7111,-4.992418205136701,-4.70844555122982,1.6678771689505123,0.009998671593271896
7112,-5.263524126971732,-4.746077161831627,1.658724874232324,0.009998671593271896
7113,-7.235538505330249,-4.783318360427652,1.6929432968831115,0.009998671593271896
7114,-2.7531681251097577,-4.801773885169063,1.6654582266152922,0.009998671593271896
7115,-2.724947556977598,-4.792253641125364,1.6759094558426622,0.009998671593271896
7116,-2.2052068245252014,-4.728801082999524,1.7122045431033244,0.009998671593271896
7117,-2.820760269716129,-4.67187890618086,1.7273150336933367,0.009998671593271896
7118,-2.766120999196183,-4.607240634150928,1.7369236036426479,0.009998671593271896
7119,-2.3803499322325865,-4.560045029366337,1.7645123493938066,0.009998671593271896
7120,-2.8635695573381965,-4.554410243917033,1.7694640687544274,0.009998671593271896
7121,-2.072668867940449,-4.464350830091863,1.778866447724511,0.009998671593271896
7122,-3.386212061301394,-4.48373382174563,1.7616497979700556,0.009998671593271896
7123,-2.7953742148060003,-4.413018250487198,1.7570319706647377,0.009998671593271896
7124,-2.2660613951756665,-4.371154043030847,1.7825654083808082,0.009998671593271896
7125,-3.0146974538577402,-4.408253586469072,1.7339828178393508,0.009998671593271896
7126,-2.2781665509566547,-4.383783892310232,1.7551081182080799,0.009998671593271896
7127,-2.570350325993069,-4.4057221267260696,1.7251932797966678,0.009998671593271896
7128,-3.627142246434913,-4.422315888327286,1.7135955519566144,0.009998671593271896
7129,-2.318334986048693,-4.429014367954132,1.7046801512812442,0.009998671593271896
7130,-1.9666950075664311,-4.351055534781246,1.7262378003879817,0.009998671593271896
7131,-2.5327767149614564,-4.308128238581121,1.7441399427001998,0.009998671593271896
7132,-2.1712525939504315,-4.213107471020308,1.7284799703588523,0.009998671593271896
7133,-3.316849532785151,-4.154579091256192,1.7081721004496475,0.009998671593271896
7134,-2.6831059957996004,-4.07523331179471,1.6823432751819423,0.009998671593271896
7135,-3.1495675524763374,-4.055942610626035,1.6873096010837907,0.009998671593271896
7136,-2.27441340880898,-4.0650125966008,1.6764549809752143,0.009998671593271896
7137,-6.116063569300007,-4.107875827082342,1.7007735185755912,0.009998671593271896
7138,-2.767613817828938,-4.119482551651017,1.6895703414447134,0.009998671593271896
7139,-3.0501531304725122,-4.066217859034601,1.6804372773428786,0.009998671593271896
7140,-2.6880421452843026,-3.9991035868786993,1.6670750916105408,0.009998671593271896
7141,-1.9652585630726667,-3.920626678891561,1.6686129626748778,0.009998671593271896
7142,-5.033543733306772,-3.8993159043627497,1.6473230908698204,0.009998671593271896
7143,-2.759913267301627,-3.892793144619706,1.6511715837214616,0.009998671593271896
7144,-2.595881257589707,-3.8122813482538107,1.6138808485567149,0.009998671593271896
7145,-3.1668289363330677,-3.7489108287990023,1.575312585824512,0.009998671593271896
7146,-3.067159662832574,-3.7044378491336234,1.5624911560078285,0.009998671593271896
7147,-2.972553218926074,-3.6250574809556944,1.4953961916384315,0.009998671593271896
7148,-3.473369956009885,-3.578719664627626,1.4631338465712478,0.009998671593271896
7149,-2.1521136803331866,-3.5255979548174183,1.465745691616936,0.009998671593271896
7150,-2.67171459043418,-3.485143937906039,1.4608331714888751,0.009998671593271896
7151,-2.4853532350918983,-3.447303058314465,1.4617355894773554,0.009998671593271896
7152,-6.7312467712844954,-3.466711019343564,1.4983090870158295,0.009998671593271896
7153,-2.043729898616095,-3.365294599486786,1.41739465949511,0.009998671593271896
7154,-3.504534069658626,-3.3243993243632075,1.3828685938962852,0.009998671593271896
7155,-2.793340342550193,-3.3249659415021586,1.3826450592754531,0.009998671593271896
7156,-2.3288249557273,-3.2494049858253113,1.330813183930843,0.009998671593271896
7157,-2.986317687814277,-3.1816087885576008,1.2539233727270733,0.009998671593271896
7158,-2.831027743752548,-3.1245324844000866,1.2025808230847563,0.009998671593271896
7159,-2.6584215068455435,-3.134332190765779,1.1967319616923189,0.009998671593271896
7160,-6.951006857727705,-3.1644657121898296,1.2711717425442182,0.009998671593271896
7161,-4.516334991291125,-3.154944047912918,1.2591702591700795,0.009998671593271896
7162,-3.051728638648253,-3.1107081381464488,1.2226380475364318,0.009998671593271896
7163,-5.2415817661318584,-3.070829003362481,1.1152494730331064,0.009998671593271896
7164,-2.3101641700763182,-3.061968924261812,1.1194895878030626,0.009998671593271896
7165,-5.644122663634231,-3.1203524263949447,1.1751285012768256,0.009998671593271896
7166,-3.875792472719026,-3.153764139358821,1.172379893963262,0.009998671593271896
7167,-4.059435899061047,-3.17853765194572,1.1781544398023203,0.009998671593271896
7168,-2.6927536342065275,-3.1770703046459268,1.1787127314347354,0.009998671593271896
7169,-5.634507048648319,-3.2421534469742412,1.221970755709849,0.009998671593271896
7170,-4.780208541628378,-3.280486226660045,1.2394308694177545,0.009998671593271896
7171,-4.909449703907544,-3.3372218433793868,1.2477435372001588,0.009998671593271896
7172,-2.727160459551903,-3.324040811344397,1.2506341159711607,0.009998671593271896
7173,-6.593840713118123,-3.4000101413106396,1.3291186604221332,0.009998671593271896
7174,-2.1405670978532028,-3.39750025536419,1.3313741977265097,0.009998671593271896
7175,-4.760561959911275,-3.4324175454852606,1.3437135192196812,0.009998671593271896
7176,-2.8481836949171386,-3.44381788836447,1.3362697072790224,0.009998671593271896
7177,-2.6397993264879855,-3.4452068683743686,1.3353968723314558,0.009998671593271896
7178,-8.877276735275807,-3.5502095581511863,1.5367969589098096,0.009998671593271896
7179,-3.0536395416825193,-3.564915649263863,1.5284338259132728,0.009998671593271896
7180,-4.662129560106285,-3.61882434031466,1.5186162109489816,0.009998671593271896
7181,-5.014610007398858,-3.668461006163408,1.5228610446257098,0.009998671593271896
7182,-4.812748090935098,-3.7212909161031016,1.5158067026866426,0.009998671593271896
7183,-5.73579319896892,-3.769669789426777,1.5405266556695192,0.009998671593271896
7184,-6.218640535376972,-3.8403804802183243,1.5698914331169729,0.009998671593271896
7185,-6.381912957717737,-3.905027388323152,1.6062450578001868,0.009998671593271896
7186,-5.591276254696968,-3.9713646452409117,1.6060240408646913,0.009998671593271896
7187,-6.261259854153196,-3.974268570937976,1.61002562678663,0.009998671593271896
7188,-6.360906710259884,-4.046134428786595,1.6345697708212608,0.009998671593271896
7189,-5.717215836179552,-4.099475682900735,1.6446834749467936,0.009998671593271896
7190,-2.379552900270289,-4.093305898000455,1.6505349016180786,0.009998671593271896
7191,-5.772931545470476,-4.169459357648412,1.6383886135962873,0.009998671593271896
7192,-5.635521263456528,-4.181498908251406,1.6468837883868246,0.009998671593271896
7193,-4.830374388447538,-4.222908130674325,1.636616681399335,0.009998671593271896
7194,-7.1796157543428105,-4.314582820609386,1.670930274901463,0.009998671593271896
7195,-7.832940846973305,-4.407905058822191,1.7333577322334222,0.009998671593271896
7196,-6.986988648474622,-4.486301638535032,1.75939321446164,0.009998671593271896
7197,-5.62694420598042,-4.539389458276119,1.7529514512001738,0.009998671593271896
7198,-4.137357362644334,-4.552669206408808,1.7473314176447612,0.009998671593271896
7199,-6.146104814929835,-4.632549029100741,1.7269376656700055,0.009998671593271896
7200,-5.4528176085155815,-4.68817108946237,1.7075653031264086,0.009998671593271896
7201,-5.475012517606543,-4.747964275112663,1.6815285599897452,0.009998671593271896
7202,-4.032942246235315,-4.693998184611679,1.660175562999405,0.009998671593271896
7203,-2.8067017171417277,-4.709257620982192,1.6391184731279973,0.009998671593271896
7204,-3.7290726794797457,-4.713748393178614,1.636116522623993,0.009998671593271896
7205,-4.704284864101142,-4.751967283609632,1.6129659145706494,0.009998671593271896
7206,-5.13779527032367,-4.80814668990156,1.5760862304323815,0.009998671593271896
7207,-3.947853590461988,-4.827377407954515,1.5595187883843087,0.009998671593271896
7208,-6.026495914769537,-4.891286771374855,1.5417729757728305,0.009998671593271896
7209,-2.276171985885325,-4.883641780955649,1.5537272038487924,0.009998671593271896
7210,-3.1118954264789678,-4.806859552330675,1.5444981220532652,0.009998671593271896
7211,-2.51679370896953,-4.766868726684244,1.5770463290016001,0.009998671593271896
7212,-2.4683117377759953,-4.755200388666799,1.5917826949363254,0.009998671593271896
7213,-2.86615616479392,-4.707691876640039,1.6118788769295933,0.009998671593271896
7214,-1.8860790284276108,-4.6992101738070655,1.6255303054197405,0.009998671593271896
7215,-3.019807776445982,-4.646723876063301,1.636503778902989,0.009998671593271896
7216,-3.691722766486324,-4.643042481938647,1.638439777200761,0.009998671593271896
7217,-2.2660613951756665,-4.607174991860939,1.6701458845065669,0.009998671593271896
7218,-3.340591559861767,-4.6201317503740436,1.6577104352251886,0.009998671593271896
7219,-2.2781665509566547,-4.553004940420211,1.683037359487474,0.009998671593271896
7220,-2.570350325993069,-4.5088077761075045,1.7053584142260036,0.009998671593271896
7221,-3.627142246434913,-4.483161626958051,1.7087790960341434,0.009998671593271896
7222,-2.318334986048693,-4.474985117487987,1.718114614756924,0.009998671593271896
7223,-2.572691795565413,-4.394562139136932,1.7111497277983716,0.009998671593271896
7224,-3.755919589856393,-4.426869188976996,1.6833113374142856,0.009998671593271896
7225,-2.8121220423862328,-4.387900390626495,1.6976276508891965,0.009998671593271896
7226,-2.313379074995499,-4.377204298228063,1.7089422045201532,0.009998671593271896
7227,-3.5859586215798886,-4.396127484129901,1.694778818939295,0.009998671593271896
7228,-2.6144994813874973,-4.270871939052135,1.5869644886180505,0.009998671593271896
7229,-2.27441340880898,-4.255287416394665,1.6025907930172876,0.009998671593271896
7230,-6.665487461278831,-4.295354574418115,1.6369370016102935,0.009998671593271896
7231,-2.0402193121516863,-4.235866760513171,1.6635474386691267,0.009998671593271896
7232,-2.76056078261006,-4.194823014346671,1.674090859178252,0.009998671593271896
7233,-1.9030915581122236,-4.118168981529537,1.6894535338946264,0.009998671593271896
7234,-1.9418791787266392,-4.03263375439653,1.6892075358740204,0.009998671593271896
7235,-6.04220596504179,-4.0258396145430115,1.6804050978291019,0.009998671593271896
7236,-2.759913267301627,-3.969212354795104,1.6743936810408548,0.009998671593271896
7237,-2.329345349403224,-3.890574064700105,1.657143282749462,0.009998671593271896
7238,-3.1668289363330677,-3.8266925092215685,1.6218718442138513,0.009998671593271896
7239,-2.5333626733929826,-3.763015445965837,1.608846165100383,0.009998671593271896
7240,-3.724223748893735,-3.789908862938306,1.596688275991948,0.009998671593271896
7241,-3.473369956009885,-3.7439176311490945,1.5718316117485032,0.009998671593271896
7242,-2.874407888961847,-3.6886953636592006,1.5527919289670362,0.009998671593271896
7243,-2.8680029106082015,-3.6494479341024135,1.5482327073393776,0.009998671593271896
7244,-2.4853532350918983,-3.5555626837173957,1.4717576935146734,0.009998671593271896
7245,-6.521746645795577,-3.529338799693841,1.4054994426303333,0.009998671593271896
7246,-2.043729898616095,-3.4304736246966705,1.3306720809465833,0.009998671593271896
7247,-3.504534069658626,-3.3880254219702346,1.2932541806610427,0.009998671593271896
7248,-2.793340342550193,-3.3611450815683517,1.2913662775620838,0.009998671593271896
7249,-2.3288249557273,-3.284799484384301,1.2361196928819616,0.009998671593271896
7250,-2.953554475969227,-3.2348142217333744,1.1973645151035155,0.009998671593271896
7251,-2.831027743752548,-3.1819345262562946,1.1548924721092741,0.009998671593271896
7252,-2.3408325206800584,-3.148092331745189,1.154251314442289,0.009998671593271896
7253,-7.324783610382702,-3.238453969610009,1.292553643374342,0.009998671593271896
7254,-4.516334991291125,-3.2541992158462363,1.3031855094203655,0.009998671593271896
7255,-3.051728638648253,-3.221148091337178,1.2868430417416976,0.009998671593271896
7256,-6.355020608846743,-3.24549259810764,1.3335384396465013,0.009998671593271896
7257,-2.3101641700763182,-3.2127388096999265,1.335994957121403,0.009998671593271896
7258,-5.798053469658561,-3.208169960797707,1.3267230713177764,0.009998671593271896
7259,-3.875792472719026,-3.2401623705343807,1.3231449601422294,0.009998671593271896
7260,-4.059435899061047,-3.2591131799860227,1.3279490150164102,0.009998671593271896
7261,-2.793044151747857,-3.264638188841589,1.3254213305967477,0.009998671593271896
7262,-6.152747335958871,-3.3383269008052467,1.3803812697620559,0.009998671593271896
7263,-5.1862148038406755,-3.3847280735861816,1.402545639556604,0.009998671593271896
7264,-5.295795732160871,-3.452922407660847,1.4108892290117128,0.009998671593271896
7265,-2.727160459551903,-3.4470694613229655,1.4132788125460032,0.009998671593271896
7266,-6.450984952167509,-3.5022547050365893,1.4743081942375138,0.009998671593271896
7267,-2.1405670978532028,-3.49974481909014,1.4765157421689254,0.009998671593271896
7268,-6.85524548904768,-3.570037897673858,1.5491412846151655,0.009998671593271896
7269,-2.8481836949171386,-3.5814382405530676,1.5416716868882085,0.009998671593271896
7270,-2.6397993264879855,-3.582827220562966,1.5407911481954697,0.009998671593271896
7271,-6.666633108036794,-3.6436170377950035,1.600156198338279,0.009998671593271896
7272,-3.0536395416825193,-3.6583231289076803,1.5912628973709417,0.009998671593271896
7273,-4.662129560106285,-3.7001118841984972,1.589638936258241,0.009998671593271896
7274,-5.189336465479643,-3.7287802217109625,1.6032540600797267,0.009998671593271896
7275,-5.542221181164917,-3.783382204486536,1.6175315522589198,0.009998671593271896
7276,-3.365240573603957,-3.8044194344587057,1.6050683542963278,0.009998671593271896
7277,-6.218640535376972,-3.8570730727346474,1.6398435243299694,0.009998671593271896
7278,-5.827450016505187,-3.921332083437001,1.65279323789852,0.009998671593271896
7279,-4.356760559195761,-3.9629790264447364,1.6369288793696706,0.009998671593271896
7280,-5.787027706493847,-3.9454098313490364,1.6123583703491369,0.009998671593271896
7281,-6.360906710259884,-4.0318235793112,1.6236778201816477,0.009998671593271896
7282,-5.534885682534665,-4.087310077309693,1.62668762952421,0.009998671593271896
7283,-2.379552900270289,-4.096839304152855,1.615219588354894,0.009998671593271896
7284,-5.841458119475595,-4.174830882967833,1.6033865615039073,0.009998671593271896
7285,-6.356897105982118,-4.181124705786639,1.6113023674950122,0.009998671593271896
7286,-4.4707978182842725,-4.215342396806292,1.5988764305914271,0.009998671593271896
7287,-6.1971378624178035,-4.292698247066584,1.5993225068213714,0.009998671593271896
7288,-7.319623918861205,-4.3757541467171475,1.6458517991341097,0.009998671593271896
7289,-6.445377207759467,-4.453994437404477,1.6493893618859559,0.009998671593271896
7290,-5.101606598658712,-4.481542094399776,1.6484729657378456,0.009998671593271896
7291,-5.464941612321464,-4.521373527526007,1.6476922791371265,0.009998671593271896
7292,-5.191942858654292,-4.567724226919856,1.6332436461405795,0.009998671593271896
7293,-5.195730379281936,-4.6142787762933315,1.617227338711789,0.009998671593271896
7294,-5.475012517606543,-4.674071961943625,1.5924885595493958,0.009998671593271896
7295,-1.6100995094780677,-4.575839019217274,1.6266070854085934,0.009998671593271896
7296,-2.8067017171417277,-4.591098455587787,1.606232599532945,0.009998671593271896
7297,-5.245631567087139,-4.625920405536357,1.6011640840931107,0.009998671593271896
7298,-6.05234017156427,-4.691100402116639,1.5915415374625757,0.009998671593271896
7299,-4.849183466850234,-4.741507572339097,1.5554280703631833,0.009998671593271896
7300,-6.218395653793233,-4.806804395895577,1.5475080773661969,0.009998671593271896
7301,-4.194963064869439,-4.834083102317916,1.5242868005705206,0.009998671593271896
7302,-2.7490022809344685,-4.8422464975230035,1.5119553170479314,0.009998671593271896
7303,-2.6565720571911093,-4.748882266459172,1.4998585419816288,0.009998671593271896
7304,-1.8938583345231599,-4.696432733323812,1.5520200903222632,0.009998671593271896
7305,-6.2588699141665405,-4.760575558834178,1.5489916805458372,0.009998671593271896
7306,-2.563986471878825,-4.68475487609482,1.5618199071780299,0.009998671593271896
7307,-2.9107077156255863,-4.696765747005806,1.5457387902122206,0.009998671593271896
7308,-1.7584499814744745,-4.615973677242124,1.5909740245610944,0.009998671593271896
7309,-2.7220585429442465,-4.592898998646628,1.6097971401526672,0.009998671593271896
7310,-3.0492778613716656,-4.57269583789284,1.622652868445902,0.009998671593271896
7311,-2.4218300495877303,-4.5652715558496375,1.6316030405150361,0.009998671593271896
7312,-2.6715128654373985,-4.495646866439208,1.6366446581173266,0.009998671593271896
7313,-2.8146751092826454,-4.448216072548048,1.6502520098998994,0.009998671593271896
7314,-5.093481759751754,-4.444169793099865,1.648415862079453,0.009998671593271896
7315,-3.246996988356827,-4.454566523675965,1.6391671042962597,0.009998671593271896
7316,-5.381608492229896,-4.4331789944772115,1.6198412807428235,0.009998671593271896
7317,-5.684565253730504,-4.504058957594757,1.5953243465995015,0.009998671593271896
7318,-1.9532182980722992,-4.40601841377525,1.5984436248777898,0.009998671593271896
7319,-4.887779530202142,-4.44681033048095,1.5841284470283168,0.009998671593271896
7320,-2.0189478707746233,-4.434393301366683,1.600591547261922,0.009998671593271896
7321,-6.611916368473363,-4.433298966575414,1.5990829705376957,0.009998671593271896
7322,-4.835234539767732,-4.468930866537118,1.5877526746615205,0.009998671593271896
7323,-3.7066969078827428,-4.449822213492648,1.5910584253019182,0.009998671593271896
7324,-2.841287554690473,-4.402861235276864,1.6031442940804659,0.009998671593271896
7325,-5.217846248433598,-4.3963737366222375,1.5991718887322535,0.009998671593271896
7326,-5.7649968899652,-4.444368862949463,1.6035102345417453,0.009998671593271896
7327,-6.236860643048551,-4.444733265102895,1.6039154203928823,0.009998671593271896
7328,-2.569289620872989,-4.37957005719025,1.6125774700987503,0.009998671593271896
7329,-5.7864603775711405,-4.408164053557758,1.6245506709393445,0.009998671593271896
7330,-1.9083302383427996,-4.330590104194737,1.649274157754185,0.009998671593271896
7331,-5.776681746696243,-4.318905604923464,1.6368715985884574,0.009998671593271896
7332,-5.141998866000435,-4.311047868592779,1.6319510977939717,0.009998671593271896
7333,-5.513228963087798,-4.37372138984913,1.6166718117015593,0.009998671593271896
7334,-6.756117549740959,-4.392014578454437,1.6382076526205422,0.009998671593271896
7335,-5.8389444557940315,-4.381655525450675,1.6273517928169252,0.009998671593271896
7336,-2.0991276093792828,-4.334222121272576,1.6583315942651544,0.009998671593271896
7337,-6.00327616338344,-4.330344887291888,1.6541929664740649,0.009998671593271896
7338,-2.8681805430928873,-4.241316019776521,1.6101151946051986,0.009998671593271896
7339,-4.30778636642143,-4.198564202949761,1.579105403001571,0.009998671593271896
7340,-6.859317001243671,-4.23371841100146,1.6179061941746296,0.009998671593271896
7341,-6.951288435232916,-4.263445347459689,1.6535181546327504,0.009998671593271896
7342,-8.017494755139301,-4.319956385389389,1.7307641020174602,0.009998671593271896
7343,-5.763482577702652,-4.331311429357804,1.7383184965359768,0.009998671593271896
7344,-5.481677842334191,-4.331444735852356,1.7384064518188298,0.009998671593271896
7345,-5.691712171294622,-4.413076989088688,1.7041963854125455,0.009998671593271896
7346,-6.121082316903459,-4.4793646010839225,1.7048835990353046,0.009998671593271896
7347,-6.295024109426525,-4.50035245193071,1.720574521523944,0.009998671593271896
7348,-2.851131772945866,-4.436328283958342,1.7211922755330828,0.009998671593271896
7349,-6.626885232745863,-4.471882319276254,1.7475126800124159,0.009998671593271896
7350,-5.4045848863070205,-4.455606103926531,1.7349144522529258,0.009998671593271896
7351,-3.329684147580752,-4.4383005255807575,1.7417301693298073,0.009998671593271896
7352,-6.775380508988493,-4.518828090141837,1.754794455168212,0.009998671593271896
7353,-4.177519895322824,-4.549247046904472,1.7353236418577254,0.009998671593271896
7354,-6.13946512220938,-4.6341591826581965,1.706954058390497,0.009998671593271896
7355,-5.2179637313668525,-4.613341059002202,1.693304939750523,0.009998671593271896
7356,-5.413355336975176,-4.670328436304129,1.6711784555324156,0.009998671593271896
7357,-2.9288856759149025,-4.670691995509916,1.6707975503339203,0.009998671593271896
7358,-5.770631055662408,-4.750935616993674,1.624715256027258,0.009998671593271896
7359,-5.297861579164618,-4.802451677718081,1.6002191959806704,0.009998671593271896
7360,-3.124542713421185,-4.803956974759072,1.5986038941866576,0.009998671593271896
7361,-5.492192215823524,-4.865364218083788,1.5645275140323807,0.009998671593271896
7362,-7.028274989342484,-4.9524994605618895,1.561235977237584,0.009998671593271896
7363,-4.101264918541206,-4.978231256747061,1.5361906773113196,0.009998671593271896
7364,-4.97470353640083,-4.975855692280042,1.536102453965566,0.009998671593271896
7365,-2.430498280109299,-4.959525718115091,1.5585704731496859,0.009998671593271896
7366,-6.113882889340902,-4.974171206057312,1.5658911717191875,0.009998671593271896
7367,-1.9059067653729773,-4.898598036290162,1.620029505033598,0.009998671593271896
7368,-4.276800581636129,-4.945069681961439,1.567342779603175,0.009998671593271896
7369,-5.283009604007866,-4.952974283437552,1.5680303985057793,0.009998671593271896
7370,-4.463589174825213,-5.001867109518564,1.5129271489673788,0.009998671593271896
7371,-4.756617586601537,-4.964761133881128,1.4956368138352163,0.009998671593271896
7372,-5.748207269364324,-4.983020588473059,1.4995120157536523,0.009998671593271896
7373,-4.448514692671021,-4.997856944168825,1.4904529701535307,0.009998671593271896
7374,-6.517476562297052,-5.0713807243209565,1.472824957364223,0.009998671593271896
7375,-6.835137132321991,-5.103726541998725,1.4933033159589193,0.009998671593271896
7376,-4.66982763316565,-5.081823156862734,1.4914740463625995,0.009998671593271896
7377,-4.025473380292762,-5.037595411607619,1.489353551928545,0.009998671593271896
7378,-2.9305033330682755,-5.0448196858515235,1.4781975116746764,0.009998671593271896
7379,-2.807141006729434,-4.985233298434689,1.5068712105098698,0.009998671593271896
7380,-6.098873004493907,-5.069044153757711,1.4488249737865786,0.009998671593271896
7381,-7.295969236438506,-5.099429903552557,1.4789656514252607,0.009998671593271896
7382,-3.9551164371983716,-5.0756922549765155,1.4875915924709104,0.009998671593271896
7383,-5.805665517169965,-5.081540986058159,1.4898734812682328,0.009998671593271896
7384,-5.41937735524608,-5.054806182168262,1.4714641603999399,0.009998671593271896
7385,-5.039624979003212,-5.038819792632445,1.467194044230825,0.009998671593271896
7386,-4.300405498272034,-5.0828453504103,1.4102444555627485,0.009998671593271896
7387,-5.430284180719829,-5.071385510757027,1.4050368371353557,0.009998671593271896
7388,-4.352949537500875,-5.101080890645187,1.3734946161100134,0.009998671593271896
7389,-5.778988563396834,-5.130504934584695,1.3719426148107223,0.009998671593271896
7390,-4.427536365040775,-5.081869321860638,1.3527633157605423,0.009998671593271896
7391,-6.200573190966908,-5.0668550169753175,1.335993476639202,0.009998671593271896
7392,-5.748498548119048,-5.021475092834912,1.2720009799091612,0.009998671593271896
7393,-5.237272151126078,-5.010950884303381,1.2679888008890294,0.009998671593271896
7394,-6.048155175751662,-5.022280430971731,1.2746573727931456,0.009998671593271896
7395,-2.9509427550947036,-4.967465042647731,1.303300698024033,0.009998671593271896
7396,-6.411683076470316,-4.973277057839069,1.309067449837666,0.009998671593271896
7397,-3.1106914322668233,-4.909590404295875,1.320623260914756,0.009998671593271896
7398,-2.3218924555237774,-4.8990056179474335,1.339071444811322,0.009998671593271896
7399,-5.735822032483285,-4.8811843539421815,1.3217747961836577,0.009998671593271896
7400,-3.659823935465377,-4.846289134925348,1.3304985526512074,0.009998671593271896
7401,-2.126729368485015,-4.822230039343434,1.3680518452305774,0.009998671593271896
7402,-2.723136503836043,-4.741185159240384,1.3699728161253983,0.009998671593271896
7403,-1.8026625767031927,-4.693688012867993,1.428605427252644,0.009998671593271896
7404,-2.5822559148713955,-4.622543828721232,1.4433327589052003,0.009998671593271896
7405,-2.717820722563719,-4.57254096854517,1.464983983501658,0.009998671593271896
7406,-2.7684538466454716,-4.519642938738576,1.4813288295256684,0.009998671593271896
7407,-4.942531125642008,-4.559915847733118,1.4648138820249241,0.009998671593271896
7408,-4.785354176653607,-4.540210310152942,1.4549883928300968,0.009998671593271896
7409,-5.734078138078379,-4.548934641331217,1.4608014266895446,0.009998671593271896
7410,-3.205597484811889,-4.550555736759032,1.4592640019213885,0.009998671593271896
7411,-2.5623493169337213,-4.491958878781235,1.4789670536294404,0.009998671593271896
7412,-4.982713831722867,-4.451047655628843,1.4359069042818922,0.009998671593271896
7413,-2.410030837682351,-4.417222974011666,1.4634044425371346,0.009998671593271896
7414,-2.4550883946900526,-4.36683067117745,1.486538572944222,0.009998671593271896
7415,-2.6012583968090146,-4.370245873511444,1.4822761253526409,0.009998671593271896
7416,-2.844687482051494,-4.304861965365657,1.476011051314212,0.009998671593271896
7417,-2.9242356968714693,-4.325228543995626,1.449557409318541,0.009998671593271896
7418,-1.668527332755245,-4.273063079018009,1.4965325817834059,0.009998671593271896
7419,-5.555020667167207,-4.278503300281196,1.5006827239031566,0.009998671593271896
7420,-2.7494136278544143,-4.24421978934178,1.5155693476731424,0.009998671593271896
7421,-3.718659686445198,-4.223460631338654,1.515517318722487,0.009998671593271896
7422,-3.3347172711342,-4.17519083137405,1.504580678714808,0.009998671593271896
7423,-2.656389807635627,-4.139348333673342,1.51892045428705,0.009998671593271896
7424,-2.044296840905643,-4.049884739245514,1.5079093306412876,0.009998671593271896
7425,-2.3338161553458328,-3.959858319705991,1.47289884345468,0.009998671593271896
7426,-6.210079028884253,-3.990663347620363,1.5032201400941032,0.009998671593271896
7427,-3.736643089471652,-3.984886741803941,1.5036301777609022,0.009998671593271896
7428,-3.1809778360710026,-3.9898962318639954,1.5005230819966133,0.009998671593271896
7429,-5.511754301961294,-4.043988497768632,1.5056514827916387,0.009998671593271896
7430,-4.778368001319455,-4.017578397705144,1.4807512122677517,0.009998671593271896
7431,-4.588160130138258,-3.963422215579139,1.4075672634044392,0.009998671593271896
7432,-2.725856392296226,-3.938837014681096,1.418192925001649,0.009998671593271896
7433,-2.6569638608073607,-3.875862981553844,1.4037337518827306,0.009998671593271896
7434,-6.056790500361393,-3.88861124445615,1.4204879768508045,0.009998671593271896
7435,-1.9388495670306423,-3.8265957362166985,1.4364800481553226,0.009998671593271896
7436,-5.010807415433137,-3.8408037745599204,1.4445865472882644,0.009998671593271896
7437,-6.428305328882542,-3.860764197523175,1.4730262050494793,0.009998671593271896
7438,-2.358570411609035,-3.8208766150053375,1.486102949581339,0.009998671593271896
7439,-5.619612182746593,-3.817689087392333,1.4820650327251332,0.009998671593271896
7440,-5.475129068332172,-3.838640941458161,1.4978590230075082,0.009998671593271896
7441,-4.825850393924882,-3.8111464855173205,1.4665411275286242,0.009998671593271896
7442,-2.837582432316404,-3.7529281632012674,1.4461131991320697,0.009998671593271896
7443,-4.849439247142993,-3.745171505121606,1.439154060069246,0.009998671593271896
7444,-5.870645267043825,-3.741621306947449,1.433677056807195,0.009998671593271896
7445,-3.8754443954987354,-3.7601113397555297,1.4293154805134822,0.009998671593271896
7446,-5.325222732185004,-3.7383821328698232,1.396726674879148,0.009998671593271896
7447,-3.1599388729233295,-3.7393670816829534,1.3963009897518077,0.009998671593271896
7448,-5.173552542749778,-3.7964002834274737,1.3954772446368497,0.009998671593271896
7449,-3.4640261369510394,-3.750964365516829,1.3683108691790677,0.009998671593271896
7450,-2.6086024103438037,-3.7299399350143974,1.3775943863156381,0.009998671593271896
7451,-4.37694173822933,-3.7749441824092838,1.3611419673125273,0.009998671593271896
7452,-4.980111596033842,-3.8200836842532397,1.3629352378582906,0.009998671593271896
7453,-4.566818105408769,-3.875366794827351,1.335772708095238,0.009998671593271896
7454,-5.655023219531323,-3.9368221409205497,1.3455158092609856,0.009998671593271896
7455,-5.174281415211533,-3.985951354773506,1.3449557365463336,0.009998671593271896
7456,-6.388827926625899,-4.058358836373115,1.3745884484537456,0.009998671593271896
7457,-6.696839238540694,-4.093444998631089,1.4184000591337802,0.009998671593271896
7458,-6.146627300479436,-4.120670461107605,1.4442485544474264,0.009998671593271896
7459,-1.8795666385793104,-4.043580231117623,1.458869501939233,0.009998671593271896
7460,-2.528525944713581,-4.030038800315657,1.4696871576948494,0.009998671593271896
7461,-4.901610375103161,-4.076824021479046,1.4594183692076823,0.009998671593271896
7462,-2.4607392932425434,-4.026384530709439,1.4707752051766534,0.009998671593271896
7463,-5.029371334520736,-4.078771340646208,1.4588704506090393,0.009998671593271896
7464,-4.284729505418763,-4.115364162860781,1.440515673693121,0.009998671593271896
7465,-4.85770654149385,-4.160493125754478,1.427662390619769,0.009998671593271896
7466,-4.592834973345327,-4.1954560755803545,1.4163717708826238,0.009998671593271896
7467,-3.66804270344317,-4.210332215711789,1.406815896301025,0.009998671593271896
7468,-3.9732778706128054,-4.25642722646894,1.3597480171188803,0.009998671593271896
7469,-5.432346294523912,-4.2539737390160735,1.3575114972131392,0.009998671593271896
7470,-4.247977290683893,-4.283945012272664,1.34039765906656,0.009998671593271896
7471,-1.492180504730989,-4.239415428638379,1.3943353369731195,0.009998671593271896
7472,-3.223065157487036,-4.237182386365436,1.395870992536097,0.009998671593271896
7473,-2.445071252216941,-4.232956015257063,1.4009614942582822,0.009998671593271896
7474,-6.5539987194300595,-4.323150052827551,1.4023189184502836,0.009998671593271896
7475,-5.395395026380584,-4.384381630248246,1.3807947861731467,0.009998671593271896
7476,-5.869987635270819,-4.377579802375978,1.3725979239660822,0.009998671593271896
7477,-4.619035111566632,-4.395227642817877,1.3699137310544378,0.009998671593271896
7478,-5.436163035968801,-4.440331346815833,1.3663133478114544,0.009998671593271896
7479,-6.5181703994687705,-4.460459668765983,1.3891711106489208,0.009998671593271896
7480,-5.026773451789506,-4.465427777775384,1.3907424651649696,0.009998671593271896
7481,-5.844962717181876,-4.490563829516256,1.4040277246872839,0.009998671593271896
7482,-5.599858814155558,-4.548043877953442,1.3893583973192571,0.009998671593271896
7483,-1.6798085954256279,-4.528500772645808,1.4223032810656921,0.009998671593271896
7484,-4.975208168577334,-4.506869126010127,1.4070381143767363,0.009998671593271896
7485,-3.4072942303702547,-4.536238019276919,1.3679110107508932,0.009998671593271896
7486,-4.814151105495823,-4.532304893078173,1.3668231250920169,0.009998671593271896
7487,-6.17928706484644,-4.52732452779745,1.3603438181867926,0.009998671593271896
7488,-3.111277002959707,-4.542378659624465,1.3402770610274035,0.009998671593271896
7489,-3.1361070537859552,-4.492708557045251,1.3454437322114272,0.009998671593271896
7490,-2.0553869162361402,-4.42431371400333,1.3802350221565418,0.009998671593271896
7491,-3.9010350646264627,-4.405817407417362,1.3809266381026808,0.009998671593271896
7492,-2.5838644307600567,-4.400743047386236,1.3871321728415995,0.009998671593271896
7493,-3.5734491441652,-4.37522324532668,1.390376259538298,0.009998671593271896
7494,-2.9959440128421186,-4.317729220242645,1.3867815486693922,0.009998671593271896
7495,-6.453120437302161,-4.369282741078713,1.416965382037686,0.009998671593271896
7496,-1.857910533765456,-4.299936497110323,1.4528748653211898,0.009998671593271896
7497,-2.2150398895918033,-4.281038517443692,1.4735780353494654,0.009998671593271896
7498,-3.1676206992046163,-4.240919880572789,1.476036950855938,0.009998671593271896
7499,-6.435992226832246,-4.300359202370414,1.503145908301992,0.009998671593271896
7500,-3.4264703116078126,-4.316716560395694,1.489030850413804,0.009998671593271896
7501,-2.835661988685836,-4.285890965404823,1.5033497821945052,0.009998671593271896
7502,-1.951749552250231,-4.225323724529151,1.5348347318226878,0.009998671593271896
7503,-6.786447315346395,-4.2697163087279035,1.5756273877991407,0.009998671593271896
7504,-2.2979697129845347,-4.2025752385969675,1.5866530590833439,0.009998671593271896
7505,-5.976567720888545,-4.218620964710508,1.6003959488961303,0.009998671593271896
7506,-3.4644923772583085,-4.1601342537231565,1.573221132345469,0.009998671593271896
7507,-3.2550833657106772,-4.0912991362665565,1.5355687403893634,0.009998671593271896
7508,-2.286818688637912,-4.014102964029726,1.5273007640665626,0.009998671593271896
7509,-5.330513664355592,-4.083121904545251,1.507122372574212,0.009998671593271896
7510,-5.806327362062728,-4.148677932892234,1.5093619917272836,0.009998671593271896
7511,-1.9675337773060462,-4.0899964009362915,1.5357538055224014,0.009998671593271896
7512,-7.0646795766884845,-4.1820752066052105,1.572878402860747,0.009998671593271896
7513,-6.542537540185141,-4.212338530718498,1.6031556491485062,0.009998671593271896
7514,-2.277293128288858,-4.1721898031759,1.6258165087728684,0.009998671593271896
7515,-5.24573049846868,-4.179950282315398,1.6299908661341134,0.009998671593271896
7516,-2.5459119246561106,-4.139011821341613,1.644745092048623,0.009998671593271896
7517,-3.217708320557176,-4.130005133683893,1.6485281502013676,0.009998671593271896
7518,-5.6987326723549625,-4.164514229718736,1.6628833505117264,0.009998671593271896
7519,-3.487141752150262,-4.125610138871263,1.655504822010742,0.009998671593271896
7520,-2.2517175516212835,-4.08568494409001,1.676016762653838,0.009998671593271896
7521,-5.133133033102093,-4.158503994657433,1.6404716452944603,0.009998671593271896
7522,-4.406611480988038,-4.182174921127453,1.635333952557977,0.009998671593271896
7523,-5.139721430044303,-4.236067924684001,1.6215424767055842,0.009998671593271896
7524,-4.809184169541728,-4.201171633686234,1.589746971644492,0.009998671593271896
7525,-5.283167114175314,-4.198927075442128,1.5881376797916265,0.009998671593271896
7526,-6.332855302516718,-4.208184428787046,1.5991621922296662,0.009998671593271896
7527,-2.7553160198368403,-4.17091004695245,1.6108292597663296,0.009998671593271896
7528,-3.695585724201389,-4.136098500717102,1.6018927623532495,0.009998671593271896
7529,-5.3985720142137374,-4.113706533012001,1.5760553539426152,0.009998671593271896
7530,-4.517715183418692,-4.103525367644585,1.5717625324430198,0.009998671593271896
7531,-5.45747839665721,-4.095775681234092,1.5640936979607116,0.009998671593271896
7532,-5.533871980831334,-4.094455944567607,1.5628513851992047,0.009998671593271896
7533,-5.061592289468598,-4.162091618448467,1.5297145111477357,0.009998671593271896
7534,-5.862869328557135,-4.179844841648063,1.5441311584785025,0.009998671593271896
7535,-4.73821818805277,-4.2064633208017135,1.5420542850663521,0.009998671593271896
7536,-6.141865952454497,-4.233017617740886,1.5635716374584205,0.009998671593271896
7537,-6.791781066029217,-4.245267497764543,1.5810731540238765,0.009998671593271896
7538,-3.7727608859713997,-4.258497175424776,1.5742820125764079,0.009998671593271896
7539,-4.0343184313854366,-4.276461402976766,1.5664772810777114,0.009998671593271896
7540,-3.6362215422449404,-4.308078095496942,1.5370055826050533,0.009998671593271896
7541,-3.9827302428468725,-4.30971199906135,1.5366153829905247,0.009998671593271896
7542,-6.152556483122615,-4.381085840108602,1.537674584990514,0.009998671593271896
7543,-2.3583985888580816,-4.356784829002459,1.5596898165531852,0.009998671593271896
7544,-5.988792180611597,-4.416641792357849,1.563739323919798,0.009998671593271896
7545,-4.20324472719358,-4.371644278155676,1.5366267463541374,0.009998671593271896
7546,-1.5823717495298677,-4.366133502470965,1.5460967198036046,0.009998671593271896
7547,-1.9254123498975,-4.360340951677079,1.5546638973127813,0.009998671593271896
7548,-4.567730520961538,-4.3883431481122175,1.5455110116910764,0.009998671593271896
7549,-5.1834327540943,-4.363291958657458,1.5220915674835176,0.009998671593271896
7550,-7.493490269761691,-4.444632357820536,1.5775159627203785,0.009998671593271896
7551,-5.268805860502231,-4.493295235256864,1.564607958330969,0.009998671593271896
7552,-4.429558377515474,-4.542851411762168,1.521983707930962,0.009998671593271896
7553,-3.4686789929543753,-4.476496045314328,1.4948022774553837,0.009998671593271896
7554,-2.606250264919054,-4.482661656353018,1.4864160520846652,0.009998671593271896
7555,-2.9686957813742154,-4.422504217562732,1.4856044255696201,0.009998671593271896
7556,-4.861278433274399,-4.450439938683054,1.48045088648078,0.009998671593271896
7557,-3.1796055446173837,-4.448930382261188,1.4817069220777017,0.009998671593271896
7558,-4.340946570520183,-4.4900129398988335,1.449312353134699,0.009998671593271896
7559,-5.108403867303097,-4.485570743957783,1.4470680292473228,0.009998671593271896
7560,-4.705592541718742,-4.463556047550904,1.4351311666033466,0.009998671593271896
7561,-3.4259528166168387,-4.4927244283371195,1.3984564836791753,0.009998671593271896
7562,-2.1630637158821213,-4.3946921111209925,1.3864766556008308,0.009998671593271896
7563,-5.063534005655303,-4.365112040430395,1.3557745851721272,0.009998671593271896
7564,-5.238617989196554,-4.424338537648549,1.3276661645453656,0.009998671593271896
7565,-3.941554707940658,-4.398255021837989,1.3240789267034316,0.009998671593271896
7566,-5.764086026976994,-4.462618503884407,1.3106215067735634,0.009998671593271896
7567,-5.465903884508844,-4.507582415163441,1.3056962068216154,0.009998671593271896
7568,-5.281408693949216,-4.499235935595324,1.2993738046758576,0.009998671593271896
7569,-6.213572346815768,-4.553764547488635,1.3128942107634793,0.009998671593271896
7570,-2.6265195065783122,-4.5612605865877764,1.3007428952658993,0.009998671593271896
7571,-4.319662001558178,-4.544991165956898,1.2985738412432195,0.009998671593271896
7572,-4.286008632973286,-4.542579108996603,1.2989405927316158,0.009998671593271896
7573,-4.391691613164879,-4.527618512659014,1.296281838837306,0.009998671593271896
7574,-5.800896765451677,-4.547452764577214,1.307972619724225,0.009998671593271896
7575,-7.321953162623501,-4.5882284855461775,1.3609780496462103,0.009998671593271896
7576,-5.1800454989996645,-4.565172289475836,1.3408430767170232,0.009998671593271896
7577,-6.352896084832574,-4.637123890775751,1.3383163514225678,0.009998671593271896
7578,-5.087691531143655,-4.664966006914597,1.3329087795654038,0.009998671593271896
7579,-4.622279331628755,-4.649440153262897,1.3287880380545847,0.009998671593271896
7580,-5.028392052975996,-4.659653690654043,1.3296986106720672,0.009998671593271896
7581,-4.963393928225985,-4.6497720012854185,1.3255623051545604,0.009998671593271896
7582,-4.167078676746199,-4.622436135203715,1.3211341251767998,0.009998671593271896
7583,-3.607310718339976,-4.593350503781142,1.3271404720051678,0.009998671593271896
7584,-5.074035589257219,-4.577573828995144,1.3166018878406514,0.009998671593271896
7585,-6.179758078321578,-4.60640462680052,1.3354523845264292,0.009998671593271896
7586,-4.845718881478674,-4.580481685381004,1.3178595027709699,0.009998671593271896
7587,-4.64220727138307,-4.537490209488081,1.2795251869293307,0.009998671593271896
7588,-4.1118150385856795,-4.544271292540367,1.2763488900597308,0.009998671593271896
7589,-4.009504321891386,-4.543775010350486,1.2765518864138012,0.009998671593271896
7590,-4.750903828437207,-4.56606865607433,1.2702254496990708,0.009998671593271896
7591,-1.9835342203984463,-4.526084735625362,1.3185059678707707,0.009998671593271896
7592,-2.545592496757185,-4.4539454558980545,1.3261948178482184,0.009998671593271896
7593,-4.294687109773975,-4.4926712263163715,1.2922747155964784,0.009998671593271896
7594,-2.36208493866733,-4.4201370814774865,1.3079499756440185,0.009998671593271896
7595,-2.459017781066708,-4.385252542554949,1.3362242102556319,0.009998671593271896
7596,-4.790979104242626,-4.449424689649204,1.2757533232053917,0.009998671593271896
7597,-3.841265772915284,-4.48774175810956,1.2272174719542934,0.009998671593271896
7598,-5.0937750668789885,-4.498262649027909,1.2301095876820405,0.009998671593271896
7599,-2.392402795350314,-4.44244204985303,1.2606971925978594,0.009998671593271896
7600,-4.964653497625403,-4.391865314410303,1.1857805852583414,0.009998671593271896
7601,-2.565624604033672,-4.337801689280932,1.2060163054580249,0.009998671593271896
7602,-4.884476392514885,-4.3469000495809205,1.2083878631039286,0.009998671593271896
7603,-1.9969705865489868,-4.317465881452812,1.2467368537834882,0.009998671593271896
7604,-2.9816219860658686,-4.324973315875749,1.2375058874776346,0.009998671593271896
7605,-4.654843761638794,-4.358696275481041,1.2229759191190783,0.009998671593271896
7606,-2.049669583575089,-4.302464098487054,1.2625721166680777,0.009998671593271896
7607,-5.369131297839659,-4.3462546135514994,1.2608370601396632,0.009998671593271896
7608,-4.722521930043891,-4.353886120741974,1.2619361436627536,0.009998671593271896
7609,-2.8354665491098867,-4.30842737437811,1.2748107123703667,0.009998671593271896
7610,-5.851063741101221,-4.33133679836576,1.2919199845433753,0.009998671593271896
7611,-5.234964961738344,-4.36751704126819,1.2913886752448809,0.009998671593271896
7612,-3.7208690317923727,-4.398673147586395,1.256138842356562,0.009998671593271896
7613,-2.4517633887281285,-4.346437735247851,1.281454098259323,0.009998671593271896
7614,-2.7348510600911915,-4.296362396665744,1.294465753325144,0.009998671593271896
7615,-2.3901628673781516,-4.265334559854494,1.3209212780722412,0.009998671593271896
7616,-2.4482815871580437,-4.199018471058115,1.3272315962703785,0.009998671593271896
7617,-4.620956880051747,-4.182119530968973,1.3163277720103292,0.009998671593271896
7618,-6.329065004282912,-4.203072657175647,1.3417520389023423,0.009998671593271896
7619,-3.5256029189671074,-4.149313268618673,1.313676363083191,0.009998671593271896
7620,-4.323478543883423,-4.183252449364776,1.295693780552235,0.009998671593271896
7621,-2.007098258419214,-4.137001174501997,1.330798250101088,0.009998671593271896
7622,-4.419596722033985,-4.13967293628321,1.3312287499063407,0.009998671593271896
7623,-2.429791495184138,-4.100434933923596,1.3519741071227593,0.009998671593271896
7624,-6.708271409489237,-4.1185824268043465,1.380467119379763,0.009998671593271896
7625,-4.2302133858544835,-4.0567476312689665,1.3026447995321202,0.009998671593271896
7626,-3.78235014344,-4.028793724157773,1.293202215610098,0.009998671593271896
7627,-4.04659544519202,-3.9826677113649622,1.249888660549513,0.009998671593271896
7628,-3.0891963835777196,-3.942697808413643,1.2458604809746194,0.009998671593271896
7629,-2.040415216869559,-3.891060526118459,1.2698971963743377,0.009998671593271896
7630,-1.4998027165085035,-3.8204887393891096,1.302363363458125,0.009998671593271896
7631,-2.692384950568506,-3.77506855983596,1.3013128200094486,0.009998671593271896
7632,-3.223725602412223,-3.75620149834928,1.3023306922631503,0.009998671593271896
7633,-6.1158445309232565,-3.806372174600946,1.3433030450315855,0.009998671593271896
7634,-2.6934468220537817,-3.758760399256877,1.339712221258506,0.009998671593271896
7635,-2.276998819950509,-3.680705214089456,1.3097419502235226,0.009998671593271896
7636,-6.679972008810948,-3.717390276636101,1.3663253900793801,0.009998671593271896
7637,-2.1738166999268347,-3.6680224652069766,1.3765734811586023,0.009998671593271896
7638,-4.793408767979546,-3.6816543397948536,1.384254156818745,0.009998671593271896
7639,-4.636242200680826,-3.694189097370643,1.3899919057283368,0.009998671593271896
7640,-2.4369936677546815,-3.6479108941569924,1.3925565383155876,0.009998671593271896
7641,-3.328794156199479,-3.6748160928730127,1.3729980110303899,0.009998671593271896
7642,-4.355763612511435,-3.711019515188098,1.3665956689509964,0.009998671593271896
7643,-4.283760442574153,-3.7108009818441015,1.3665031872694136,0.009998671593271896
7644,-4.665533920796426,-3.7568699614866836,1.3590651972308465,0.009998671593271896
7645,-5.993504677860084,-3.827559699422551,1.3814570071920427,0.009998671593271896
7646,-3.2126523318412685,-3.795993163974524,1.3771077296211218,0.009998671593271896
7647,-5.112767924746512,-3.821423207011149,1.389394089206915,0.009998671593271896
7648,-5.314583032153537,-3.8258393663166395,1.3937752232057734,0.009998671593271896
7649,-3.01343700232555,-3.838260050456144,1.383676350664599,0.009998671593271896
7650,-5.753012447604826,-3.854027229455733,1.40080759933194,0.009998671593271896
7651,-1.8169646673910913,-3.839054030722881,1.4183901384306214,0.009998671593271896
7652,-3.2714851873582202,-3.8067942066197475,1.4125772255330122,0.009998671593271896
7653,-3.4655069419903115,-3.836164933728574,1.389723745104863,0.009998671593271896
7654,-8.042709421888112,-3.9373866824450188,1.5034565849815476,0.009998671593271896
7655,-5.406594943936389,-3.9524217060909703,1.5142761360106445,0.009998671593271896
7656,-2.333266348405628,-3.958093641387581,1.507655137587163,0.009998671593271896
7657,-2.1860132116424174,-3.8944312796636367,1.5139207222387498,0.009998671593271896
7658,-3.7881962261231714,-3.875744765585222,1.5093435005467,0.009998671593271896
7659,-5.211515258024643,-3.923265739763517,1.5132420957902564,0.009998671593271896
7660,-3.986976832886447,-3.8859840015992217,1.488040588108954,0.009998671593271896
7661,-5.795123718888291,-3.8971871767422206,1.5002135105752819,0.009998671593271896
7662,-3.64944207322485,-3.8957586375708706,1.5004147185195207,0.009998671593271896
7663,-6.004482980955224,-3.9668130294154125,1.5144066569134074,0.009998671593271896
7664,-1.4822004936828006,-3.9417600180872445,1.5446395217992455,0.009998671593271896
7665,-4.511640034667284,-3.984189561433027,1.5305087965966886,0.009998671593271896
7666,-2.9360664704464905,-3.9939452590987963,1.5222197531865271,0.009998671593271896
7667,-2.124121906073045,-3.9440085596192223,1.5416618367886474,0.009998671593271896
7668,-5.543700791831313,-3.92830127537019,1.5211459233431304,0.009998671593271896
7669,-4.563685139876796,-3.9490629197883838,1.5225914777132403,0.009998671593271896
7670,-4.884361034448345,-3.9602805695996826,1.527367304354817,0.009998671593271896
7671,-3.5653374719315662,-3.9914453538699295,1.5028974738242251,0.009998671593271896
7672,-5.715827510374778,-4.0173699696367455,1.52112863876689,0.009998671593271896
7673,-5.833175356959613,-4.085437646872255,1.524707841796022,0.009998671593271896
7674,-1.4142799299465634,-3.9795578172814015,1.5227081127279312,0.009998671593271896
7675,-4.39783494360298,-3.9829102484363714,1.5234406153768358,0.009998671593271896
7676,-1.9896139390417276,-3.947055524348406,1.5486270899628904,0.009998671593271896
7677,-4.62941633489384,-3.958711942142442,1.5515231720118379,0.009998671593271896
7678,-3.987063142068128,-3.97666927731225,1.546543441705501,0.009998671593271896
7679,-3.4960420802182077,-4.005781814579223,1.5233474756523178,0.009998671593271896
7680,-1.7189581974368364,-4.01016492419779,1.5164303281870282,0.009998671593271896
7681,-2.421000694516068,-4.004737239076741,1.5216140963725575,0.009998671593271896
7682,-2.5988619545447773,-3.9922399661193926,1.5305173632564097,0.009998671593271896
7683,-2.7381649684403495,-3.9246863748697343,1.509695355554088,0.009998671593271896
7684,-2.262004477318554,-3.9160575279750294,1.517918579734556,0.009998671593271896
7685,-2.424093058684559,-3.9189994127497108,1.5148785596881447,0.009998671593271896
7686,-2.6378497024520056,-3.838156966622532,1.4726469527985644,0.009998671593271896
7687,-2.452038438925831,-3.843721401402512,1.466861958618487,0.009998671593271896
7688,-2.973979582630667,-3.807332817695534,1.4654182922836587,0.009998671593271896
7689,-2.0391578025480332,-3.755391129732878,1.4810603886374656,0.009998671593271896
7690,-2.765452674360325,-3.761960309864991,1.4759176285338047,0.009998671593271896
7691,-3.00454270798529,-3.7554752809007077,1.4785167434815536,0.009998671593271896
7692,-2.729419850741657,-3.7229484056653117,1.4828360113095909,0.009998671593271896
7693,-2.2776005079403596,-3.6828252069726357,1.4942165751515164,0.009998671593271896
7694,-2.061621888031591,-3.6307469663173393,1.5044011120742302,0.009998671593271896
7695,-2.638450843442936,-3.5636458896289964,1.4719920867171072,0.009998671593271896
7696,-2.1612818127418447,-3.542618479247008,1.48431368716357,0.009998671593271896
7697,-2.3905349754604543,-3.4881738202612866,1.475622391866881,0.009998671593271896
7698,-2.486096709715391,-3.431604093812524,1.4586394578347144,0.009998671593271896
7699,-2.0234803636746834,-3.4118049610395067,1.470848747068603,0.009998671593271896
7700,-2.057293928985385,-3.3378905906671177,1.4439534810449637,0.009998671593271896
7701,-2.5943518303030113,-3.3534383339253555,1.4316258615933353,0.009998671593271896
7702,-4.846260211882319,-3.384933834415838,1.4467192740311463,0.009998671593271896
7703,-1.8305492318755254,-3.352234680213542,1.462914834331331,0.009998671593271896
7704,-2.8208887254433828,-3.2477982662846476,1.3018634154087012,0.009998671593271896
7705,-1.7362541400948641,-3.174391450207817,1.2813848144615432,0.009998671593271896
7706,-2.413349831012296,-3.1759931198599505,1.2803821052999331,0.009998671593271896
7707,-1.8191399900943264,-3.1686556554289886,1.2870681027551032,0.009998671593271896
7708,-2.5016477296143282,-3.1429246854988118,1.2872853605177614,0.009998671593271896
7709,-3.3083802347672164,-3.104861985033663,1.253244190841299,0.009998671593271896
7710,-2.576100290782855,-3.0766444541915914,1.248941159270817,0.009998671593271896
7711,-2.765406683634997,-3.016050113486526,1.1875677386742844,0.009998671593271896
7712,-2.6335935950555287,-2.995733143923139,1.1852451674503035,0.009998671593271896
7713,-4.490310694922318,-2.965449698202481,1.125838687095884,0.009998671593271896
7714,-3.0409458259785738,-2.9966246048483964,1.105736995767719,0.009998671593271896
7715,-1.754035824369616,-2.941472520642443,1.0975370854384872,0.009998671593271896
7716,-2.4871475548176183,-2.9324941423298654,1.099379225572116,0.009998671593271896
7717,-2.846694178785006,-2.9469455877841044,1.0933909440688163,0.009998671593271896
7718,-1.7805615347771526,-2.8716828026430212,1.0402814778374927,0.009998671593271896
7719,-3.356570360752234,-2.84754050706053,1.0144198260049222,0.009998671593271896
7720,-2.092025643980778,-2.7916937992511786,0.9769196617786103,0.009998671593271896
7721,-6.480021763109709,-2.8499874850747418,1.1004901837348602,0.009998671593271896
7722,-2.332927779663668,-2.7823294904605196,1.0235171097878775,0.009998671593271896
7723,-2.6382944781736803,-2.7184318728848007,0.9261566175163217,0.009998671593271896
7724,-2.9009276816497716,-2.748164827918865,0.9074865729878104,0.009998671593271896
7725,-1.570299472073041,-2.6916141184882663,0.8908720466680208,0.009998671593271896
7726,-3.5936848286465106,-2.7236955362803617,0.893891678253336,0.009998671593271896
7727,-5.493769541189283,-2.7409826004062707,0.9378562013830027,0.009998671593271896
7728,-2.623224438122528,-2.7137058263273586,0.920898060285679,0.009998671593271896
7729,-5.575945631339666,-2.755303897349788,0.9989645497564152,0.009998671593271896
7730,-2.384689857029097,-2.768618530541633,0.9894542633978083,0.009998671593271896
7731,-5.658014926420858,-2.8333588151797287,1.067419272054338,0.009998671593271896
7732,-5.3076529406713275,-2.88753463490226,1.1215131455967409,0.009998671593271896
7733,-3.055433788999409,-2.893880011313441,1.121547613130289,0.009998671593271896
7734,-2.914425200782242,-2.906928425782715,1.11790960980084,0.009998671593271896
7735,-1.954175858935104,-2.897530081787726,1.123888658210188,0.009998671593271896
7736,-1.865182388264521,-2.8820767355039765,1.1326310376112538,0.009998671593271896
7737,-5.507658267518142,-2.9431891320758226,1.1888201088643275,0.009998671593271896
7738,-5.135094048756046,-2.98641142139833,1.2278009069813982,0.009998671593271896
7739,-2.6843602322475397,-2.9993154699923203,1.2211500574307306,0.009998671593271896
7740,-5.484679961330008,-3.053700015731714,1.2691322550862163,0.009998671593271896
7741,-5.393972365909129,-3.1014886088901905,1.310687642387064,0.009998671593271896
7742,-4.696449948190037,-3.1408292108391582,1.32833118731959,0.009998671593271896
7743,-5.8216030024444505,-3.21170926072924,1.3741424410513055,0.009998671593271896
7744,-5.069910956695559,-3.2718750421025193,1.3882549400636952,0.009998671593271896
7745,-5.300737692952302,-3.325120779092707,1.4137601702251126,0.009998671593271896
7746,-6.317196911313747,-3.4082390810641447,1.4641615811175104,0.009998671593271896
7747,-3.910227872616264,-3.4386329390072605,1.458482351976015,0.009998671593271896
7748,-3.0628917977796672,-3.4501688407685465,1.453174049017526,0.009998671593271896
7749,-5.845556890982458,-3.526610371314702,1.4764553454657734,0.009998671593271896
7750,-5.84398182399541,-3.6023441292149023,1.4961320723481515,0.009998671593271896
7751,-6.829078342827274,-3.6870386594653874,1.5553627611162109,0.009998671593271896
7752,-6.147612392232519,-3.7130657030723917,1.5851462019019051,0.009998671593271896
7753,-6.442507857489652,-3.8053048755846746,1.6069536834202578,0.009998671593271896
7754,-4.986209295470307,-3.848611286985213,1.609016437838492,0.009998671593271896
7755,-6.1604610360878755,-3.937095424905073,1.6120658750495263,0.009998671593271896
7756,-6.3474936300433304,-4.015778300885694,1.6316647229057613,0.009998671593271896
7757,-4.057049156134434,-4.060536484206496,1.6012045907072865,0.009998671593271896
7758,-5.093616718788269,-4.112375863989975,1.5918263826320838,0.009998671593271896
7759,-5.070821910691211,-4.147624697508455,1.5931456145725316,0.009998671593271896
7760,-4.939579126845512,-4.194894274229707,1.5808316145284198,0.009998671593271896
7761,-5.330033412256219,-4.246186808802132,1.5752142048654756,0.009998671593271896
7762,-5.843379052961803,-4.3103825179602575,1.5735914418842338,0.009998671593271896
7763,-5.568913570021106,-4.331954575462234,1.583273570015354,0.009998671593271896
7764,-6.320746999422433,-4.397550598931111,1.5963158188470716,0.009998671593271896
7765,-6.2450830079770006,-4.487371542603258,1.5711971564263478,0.009998671593271896
7766,-6.427810690097506,-4.566184805308856,1.5677171733639468,0.009998671593271896
7767,-6.3871922130717484,-4.636994765994591,1.568410496144554,0.009998671593271896
7768,-7.695074166682044,-4.755285018632689,1.5715507236094333,0.009998671593271896
7769,-3.858258339812517,-4.765318778213894,1.5641726515678855,0.009998671593271896
7770,-2.057847940473755,-4.7646352241437535,1.5653477759847014,0.009998671593271896
7771,-2.8210536159465063,-4.69145586120049,1.5689670520481331,0.009998671593271896
7772,-4.055142339297742,-4.725900152393171,1.535355335077849,0.009998671593271896
7773,-2.9543748541084556,-4.732221759911867,1.5273768791162774,0.009998671593271896
7774,-5.637214765518173,-4.786947501589235,1.509699543233425,0.009998671593271896
7775,-6.563794859543307,-4.88681740933864,1.4578840667621331,0.009998671593271896
7776,-2.8117751516963057,-4.871179215799636,1.4757552537656138,0.009998671593271896
7777,-2.7933097320729674,-4.8171700196173095,1.501177881967099,0.009998671593271896
7778,-2.4025630555691215,-4.812756791966242,1.507930418903444,0.009998671593271896
7779,-4.348692998896637,-4.788211739317381,1.505293874509114,0.009998671593271896
7780,-3.4310698958716492,-4.809139340094232,1.4787731452295982,0.009998671593271896
7781,-4.594777534981234,-4.78787459226544,1.4740505588346062,0.009998671593271896
7782,-6.436856481524511,-4.810458663082503,1.490400766417745,0.009998671593271896
7783,-5.915674711525035,-4.8676634815330155,1.4767700760058542,0.009998671593271896
7784,-4.99457878714313,-4.909266553260234,1.4502201198705504,0.009998671593271896
7785,-5.791683143110504,-4.986016698943741,1.392181659030902,0.009998671593271896
7786,-2.1778823792785342,-4.992270698764022,1.3787860205556413,0.009998671593271896
7787,-4.536993814118525,-4.972857409696029,1.3782260585987147,0.009998671593271896
7788,-5.678337876764026,-4.983722286256189,1.3815993132254736,0.009998671593271896
7789,-2.4370784808908272,-4.9787766512290546,1.390236950781807,0.009998671593271896
7790,-5.101080602635945,-4.971104664055174,1.3884813005147292,0.009998671593271896
7791,-6.514187005951211,-4.993508956856015,1.4040741041537548,0.009998671593271896
7792,-2.9149993931127094,-4.957879945754469,1.4334552042397248,0.009998671593271896
7793,-5.934232475937865,-4.960132535224337,1.434898492330863,0.009998671593271896
7794,-5.208435627527117,-4.9629030286409686,1.4352414675364353,0.009998671593271896
7795,-1.9288795051668406,-4.895465864885259,1.4957251180255033,0.009998671593271896
7796,-4.118068898144542,-4.851483304621874,1.4855704966764334,0.009998671593271896
7797,-5.22395374272789,-4.8777578220241065,1.4802988884378723,0.009998671593271896
7798,-5.367979305837164,-4.923859572185258,1.458797791363553,0.009998671593271896
7799,-5.59686949702862,-4.91888582430618,1.4560681941957287,0.009998671593271896
7800,-2.6348029906094603,-4.854702247638461,1.484331395034643,0.009998671593271896
7801,-2.436511075004775,-4.766850902282012,1.4948282787824028,0.009998671593271896
7802,-4.28543833523644,-4.72960742114209,1.4831148376008252,0.009998671593271896
7803,-3.571460228728289,-4.672186468566863,1.471216502084653,0.009998671593271896
7804,-2.46541499329664,-4.621770582523389,1.5024516080745,0.009998671593271896
7805,-2.5849213195599474,-4.550259788192831,1.512570915052497,0.009998671593271896
7806,-6.477213013461577,-4.552854175861196,1.5157592246847758,0.009998671593271896
7807,-2.4665595739255477,-4.521044384217017,1.5422873322899784,0.009998671593271896
7808,-3.2883520571638725,-4.48493909098453,1.5495742799362413,0.009998671593271896
7809,-5.1626569035336,-4.486775790841378,1.550321879699159,0.009998671593271896
7810,-1.8303918880392034,-4.424592046065252,1.5926889225831111,0.009998671593271896
7811,-3.2009597591625494,-4.382010573003378,1.5963689612334777,0.009998671593271896
7812,-6.269788500550615,-4.390538761955154,1.6052673558548514,0.009998671593271896
7813,-4.268058093126784,-4.364521652417268,1.5964758314185539,0.009998671593271896
7814,-6.411678312586542,-4.36634027868055,1.5987533982957711,0.009998671593271896
7815,-5.842754519250333,-4.358293708906016,1.5902673286635174,0.009998671593271896
7816,-3.145308829803332,-4.292643671700134,1.5711170818431395,0.009998671593271896
7817,-5.016417233450968,-4.265228172107718,1.5460891199319498,0.009998671593271896
7818,-2.417062478613082,-4.159667938346338,1.4873755616865745,0.009998671593271896
7819,-6.386346251741568,-4.2102296965849195,1.518905705240257,0.009998671593271896
7820,-4.2962074075310355,-4.254996885926065,1.4874687690922062,0.009998671593271896
7821,-3.965119896643575,-4.277878211540006,1.4739730293701945,0.009998671593271896
7822,-3.5016512588986606,-4.2668083899320255,1.4776780064089683,0.009998671593271896
7823,-4.252901575296873,-4.292778924355794,1.4657462448313847,0.009998671593271896
7824,-5.269760827100912,-4.285429845587448,1.4598964906541667,0.009998671593271896
7825,-1.9834110047063827,-4.19382216849071,1.457762898780305,0.009998671593271896
7826,-5.8649509358912795,-4.254885684174609,1.4625307737359745,0.009998671593271896
7827,-1.9919588757176032,-4.238858667047502,1.4827110535705155,0.009998671593271896
7828,-6.974891016909414,-4.330305226274307,1.5074307360939967,0.009998671593271896
7829,-5.134592301172993,-4.346023212319834,1.5116319528274411,0.009998671593271896
7830,-4.987404781477137,-4.377149910031944,1.508491599054481,0.009998671593271896
7831,-1.745656214683593,-4.320167483625991,1.55236846567082,0.009998671593271896
7832,-1.820914110070725,-4.227848636196915,1.5609750112819223,0.009998671593271896
7833,-4.33976686399926,-4.1963304792464005,1.5423764028965752,0.009998671593271896
7834,-2.1872775893952183,-4.1401844552914415,1.5632512450880747,0.009998671593271896
7835,-5.740228274382977,-4.139155357916891,1.5621802848490018,0.009998671593271896
7836,-6.06597921501602,-4.216917294631641,1.5593849727249096,0.009998671593271896
7837,-5.691872670903406,-4.240014871767339,1.5724531416751504,0.009998671593271896
7838,-6.099082459747372,-4.248429763427006,1.5812290336829482,0.009998671593271896
7839,-3.0860512544537957,-4.261409218898265,1.568923005531223,0.009998671593271896
7840,-7.819098665465383,-4.3157695801548535,1.6424391835681835,0.009998671593271896
7841,-8.258289032951062,-4.350651620694851,1.7060475152001238,0.009998671593271896
7842,-3.722304732930271,-4.3667977274912015,1.6961756622507806,0.009998671593271896
7843,-6.147281327921249,-4.37105870453087,1.700370290407883,0.009998671593271896
7844,-5.790260772413319,-4.382695207428594,1.7080346613193782,0.009998671593271896
7845,-6.0974514120684615,-4.4660666455666265,1.6878433441480551,0.009998671593271896
7846,-5.276851866427098,-4.489242304932278,1.690858790094831,0.009998671593271896
7847,-6.3121260728001936,-4.511005751533723,1.7071004326399646,0.009998671593271896
7848,-5.903914520347486,-4.5217244558239305,1.7141157544947625,0.009998671593271896
7849,-6.53316997518267,-4.5404504653870115,1.7307922118866317,0.009998671593271896
7850,-4.977630628782057,-4.587307018150463,1.7101575448283548,0.009998671593271896
7851,-6.209194681299605,-4.66276069027636,1.69677267173671,0.009998671593271896
7852,-5.35589578546487,-4.684169839280928,1.6986289853593146,0.009998671593271896
7853,-6.558385253735757,-4.743908339781077,1.7109245910641668,0.009998671593271896
7854,-6.859396789187198,-4.831787975698889,1.7044692179358876,0.009998671593271896
7855,-2.0890321584365013,-4.82187019247642,1.7188958509811125,0.009998671593271896
7856,-5.57646908424625,-4.803855313892114,1.7061253187615315,0.009998671593271896
7857,-4.133266114145512,-4.837189444696513,1.676152501718645,0.009998671593271896
7858,-4.25773371794658,-4.856577077912167,1.663685295487357,0.009998671593271896
7859,-5.72930053088683,-4.867909950459231,1.6676569058817459,0.009998671593271896
7860,-5.888723870183446,-4.949076590102116,1.6157977701208948,0.009998671593271896
7861,-3.196188281937065,-4.948981160557606,1.6159011492497333,0.009998671593271896
7862,-2.7490022809344685,-4.8785654361652835,1.633427577437421,0.009998671593271896
7863,-2.6565720571911093,-4.846335715446569,1.660824374532569,0.009998671593271896
7864,-2.501107145166893,-4.768124292098177,1.6772646089117904,0.009998671593271896
7865,-4.7290511237374435,-4.74585022418792,1.6702258427991956,0.009998671593271896
7866,-2.6350319293146733,-4.735644686178146,1.6814953569144564,0.009998671593271896
7867,-2.9107077156255863,-4.693530495821639,1.700201242429625,0.009998671593271896
7868,-2.93251470688005,-4.703839540386978,1.6878848858467665,0.009998671593271896
7869,-2.8105845689576037,-4.632324306731299,1.690831946198942,0.009998671593271896
7870,-5.59614765751868,-4.658323111731052,1.6954516655031446,0.009998671593271896
7871,-2.4218300495877303,-4.627457314789934,1.721636158724813,0.009998671593271896
7872,-2.6715128654373985,-4.610854546920709,1.736352786560738,0.009998671593271896
7873,-2.8146751092826454,-4.582090017600425,1.7538689250044348,0.009998671593271896
7874,-5.093481759751754,-4.578564436253442,1.752659802644657,0.009998671593271896
7875,-2.511981721614511,-4.589135850591604,1.7385118592258084,0.009998671593271896
7876,-5.381608492229896,-4.579469001718376,1.7327250825849376,0.009998671593271896
7877,-5.684565253730504,-4.653321129278634,1.6992359037387645,0.009998671593271896
7878,-1.9532182980722992,-4.552887674901893,1.7074346690036315,0.009998671593271896
7879,-4.711642772612978,-4.544428684330692,1.705578509647251,0.009998671593271896
7880,-1.9289718668083204,-4.483260026037316,1.7430273028976766,0.009998671593271896
7881,-5.409015087062896,-4.556527203484901,1.7029465803298511,0.009998671593271896
7882,-4.835234539767732,-4.6168136120788414,1.65779207985946,0.009998671593271896
7883,-5.063550910896406,-4.631289293016785,1.6584696020659542,0.009998671593271896
7884,-2.2999159059820817,-4.633542059348522,1.6552215921946367,0.009998671593271896
7885,-5.217846248433598,-4.623094418829535,1.6498431762478625,0.009998671593271896
7886,-4.621303602479528,-4.594200906578804,1.636920708098164,0.009998671593271896
7887,-4.946376891351845,-4.579290990987774,1.6302361765887698,0.009998671593271896
7888,-2.569289620872989,-4.508695134210286,1.6392964968094088,0.009998671593271896
7889,-5.213741927142099,-4.551248947664051,1.6294004065435967,0.009998671593271896
7890,-2.2916966849564977,-4.440700908053874,1.5909932459876241,0.009998671593271896
7891,-5.784109598686667,-4.391217319368586,1.5077885261545452,0.009998671593271896
7892,-4.364292781588441,-4.404057080341749,1.50476808770994,0.009998671593271896
7893,-5.603829323692073,-4.393188040257166,1.4940620184346982,0.009998671593271896
7894,-7.666141560052155,-4.430705656009943,1.5511357109916188,0.009998671593271896
7895,-5.5831874686204035,-4.420420377140982,1.5417261965774722,0.009998671593271896
7896,-2.470112776197466,-4.364285595336389,1.5605041007104512,0.009998671593271896
7897,-5.463081649087336,-4.347304706862133,1.5437454785691205,0.009998671593271896
7898,-2.8681805430928873,-4.28659002731704,1.5410254098808633,0.009998671593271896
7899,-5.108262152145288,-4.258091870856292,1.5121202469870505,0.009998671593271896
7900,-6.847127569715461,-4.2954818096749605,1.5520364139863185,0.009998671593271896
7901,-6.783935932093014,-4.3069766346908285,1.5682114138803216,0.009998671593271896
7902,-8.79176126242353,-4.375693944230001,1.683694213757342,0.009998671593271896
7903,-6.412308971077932,-4.3727724185768455,1.6800270409810758,0.009998671593271896
7904,-6.869795628485985,-4.372980395362821,1.6803354719161048,0.009998671593271896
7905,-6.4752507006477025,-4.460704766207044,1.6732884242383255,0.009998671593271896
7906,-6.347243579745569,-4.4761202561170315,1.6869909564050336,0.009998671593271896
7907,-5.178677189640442,-4.49702847762693,1.6890891269880222,0.009998671593271896
7908,-2.851131772945866,-4.468896438726915,1.7044837772492518,0.009998671593271896
7909,-6.626885232745863,-4.486848132764097,1.7222974849829604,0.009998671593271896
7910,-5.4045848863070205,-4.477165353086567,1.7157373265943467,0.009998671593271896
7911,-3.329684147580752,-4.479835270399441,1.7138447020118905,0.009998671593271896
7912,-6.047676543245918,-4.5458087556456706,1.7094320782783687,0.009998671593271896
7913,-5.581788668451373,-4.604313087870876,1.6937579682165258,0.009998671593271896
7914,-5.703822335339032,-4.668367391674319,1.6734461473313333,0.009998671593271896
7915,-6.789084212459335,-4.7095680534487565,1.6995880853488883,0.009998671593271896
7916,-5.217397988541146,-4.761215374633286,1.6748182099341813,0.009998671593271896
7917,-2.9288856759149025,-4.761578933839073,1.674418398945444,0.009998671593271896
7918,-5.822905630310375,-4.819386752307679,1.660106622797751,0.009998671593271896
7919,-5.999967982722241,-4.8831744205829715,1.6428800470601799,0.009998671593271896
7920,-3.124542713421185,-4.833742321701021,1.6577998701669472,0.009998671593271896
7921,-5.899638390878288,-4.903298488526833,1.627832491880041,0.009998671593271896
7922,-7.377537516986514,-4.997418981557814,1.6321151272083956,0.009998671593271896
7923,-5.364464558454653,-5.048414770541255,1.6026871968165617,0.009998671593271896
7924,-6.657257318368319,-5.079690281713586,1.618442139665265,0.009998671593271896
7925,-2.430498280109299,-5.0780606128834815,1.6210657370566275,0.009998671593271896
7926,-6.113882889340902,-5.092706100825702,1.6270388326677623,0.009998671593271896
7927,-4.920922870671983,-5.077433253164532,1.6249942607772163,0.009998671593271896
7928,-5.026969998500624,-5.138908287173098,1.5625823872172382,0.009998671593271896
7929,-5.073117888268446,-5.1461377894862075,1.5614246386780701,0.009998671593271896
7930,-5.774729970552617,-5.223052951561093,1.4943327578672347,0.009998671593271896
7931,-4.686558546713387,-5.208603820754103,1.4959567174440134,0.009998671593271896
7932,-5.867209669779296,-5.229243323354334,1.4977809093075,0.009998671593271896
7933,-4.474075342011243,-5.217453811976631,1.5013544397634657,0.009998671593271896
7934,-6.788161823058551,-5.30721873031816,1.4577754757492134,0.009998671593271896
7935,-6.4888152816520694,-5.33263811098253,1.467046983628883,0.009998671593271896
7936,-1.8558298423514306,-5.277328635779968,1.5429879109066635,0.009998671593271896
7937,-4.025473380292762,-5.258910565558787,1.5522965948440572,0.009998671593271896
7938,-6.156962976866579,-5.3306640326786585,1.508616884589324,0.009998671593271896
7939,-5.593234558533932,-5.338253885306495,1.5089641310020534,0.009998671593271896
7940,-4.398908601186866,-5.380398123631102,1.451624533955901,0.009998671593271896
7941,-7.308438855306074,-5.41088470876349,1.4755919211854536,0.009998671593271896
7942,-4.390020590982777,-5.411399264951378,1.4752313143363627,0.009998671593271896
7943,-2.5236020388793485,-5.349794719255122,1.5292348349995812,0.009998671593271896
7944,-5.668588440831922,-5.309843656870719,1.493883003515162,0.009998671593271896
7945,-5.0070085232248225,-5.298320077962806,1.4939523020818317,0.009998671593271896
7946,-3.9115612145182435,-5.327149046729222,1.452428739569393,0.009998671593271896
7947,-4.671775580188264,-5.311322925351241,1.4551699253264223,0.009998671593271896
7948,-4.391904873131809,-5.341797411952019,1.4191964326111182,0.009998671593271896
7949,-5.9043821052059435,-5.357719811013233,1.4209518809356183,0.009998671593271896
7950,-4.381997976195302,-5.308417219142829,1.4111511098796237,0.009998671593271896
7951,-5.043115121556802,-5.273600802932105,1.395707658032685,0.009998671593271896
7952,-5.218553843548635,-5.202136654554606,1.302076912155319,0.009998671593271896
7953,-5.175587226364026,-5.177402219660329,1.2905488172198476,0.009998671593271896
7954,-4.833443498910728,-5.136675177068824,1.2684399081770334,0.009998671593271896
7955,-3.764485234005136,-5.082459867735972,1.2679995729654319,0.009998671593271896
7956,-3.074503952361027,-5.0170050751882815,1.2853726189597883,0.009998671593271896
7957,-2.5230214545921243,-4.963891960487315,1.3316298641749202,0.009998671593271896
7958,-2.042212865192172,-4.947713582332241,1.361772895074387,0.009998671593271896
7959,-3.2066875440838154,-4.879309628559,1.361608387736206,0.009998671593271896
7960,-3.2206012139081373,-4.835629955111022,1.3789769678459807,0.009998671593271896
7961,-2.401078943273428,-4.817057851024876,1.405139093428098,0.009998671593271896
7962,-2.5847689728023533,-4.747799699616005,1.4279331236956463,0.009998671593271896
7963,-3.6867007295207403,-4.709897940837392,1.4304420054349134,0.009998671593271896
7964,-2.402918381008942,-4.643879861750791,1.458934996460085,0.009998671593271896
7965,-3.3291093383216874,-4.574680364268038,1.4374411813718524,0.009998671593271896
7966,-2.838715442589041,-4.527106713348996,1.4546421081960035,0.009998671593271896
7967,-2.9615687124835293,-4.527760374080367,1.4539309511175902,0.009998671593271896
7968,-3.004949501906656,-4.471401251512294,1.4572473689372591,0.009998671593271896
7969,-2.464331465294921,-4.400688521163747,1.4671079924603077,0.009998671593271896
7970,-2.2220977851204657,-4.382639622597733,1.4880975398986993,0.009998671593271896
7971,-3.4219650133039594,-4.333086155046246,1.477975287664082,0.009998671593271896
7972,-2.4227627936561213,-4.233990660579638,1.4360376244789697,0.009998671593271896
7973,-2.8288153933267783,-4.183277677277081,1.4399872145967842,0.009998671593271896
7974,-3.0351069566518833,-4.1108346700427525,1.4043751648645717,0.009998671593271896
7975,-2.36653660609108,-4.109555436562388,1.4059334530131629,0.009998671593271896
7976,-2.484812263133041,-4.03697402403823,1.3942130574952978,0.009998671593271896
7977,-1.669895467089065,-3.971953475966572,1.426897433120165,0.009998671593271896
7978,-2.894925564157163,-3.9293125872797026,1.426589157556177,0.009998671593271896
7979,-2.477716303205096,-3.877404555578436,1.4312368793491625,0.009998671593271896
7980,-3.417804831492232,-3.830266052797228,1.4065719782101938,0.009998671593271896
7981,-3.1813383621846163,-3.8001616491066526,1.4040284402442518,0.009998671593271896
7982,-4.571829280606382,-3.7742540413231946,1.3773453906513062,0.009998671593271896
7983,-4.265311474092358,-3.770078763964817,1.3755328579117994,0.009998671593271896
7984,-1.9646828918236454,-3.6736091853401187,1.3288328870351196,0.009998671593271896
7985,-2.790022863898761,-3.5996333369850526,1.2717826874040885,0.009998671593271896
7986,-2.4686730394699743,-3.6118902009274234,1.2577938561625441,0.009998671593271896
7987,-2.2104140785326494,-3.575589014892221,1.2714516483140268,0.009998671593271896
7988,-6.087246737782195,-3.5741946901105335,1.2686551972725812,0.009998671593271896
7989,-1.7992504779437624,-3.49831500849873,1.2590497936164582,0.009998671593271896
7990,-3.767081041701968,-3.485678457309032,1.2531041567275778,0.009998671593271896
7991,-2.8859095357795552,-3.3972278709185018,1.1302084035034723,0.009998671593271896
7992,-2.0605720587958114,-3.3506389002747623,1.1363189387956178,0.009998671593271896
7993,-2.2381354330908376,-3.344929568158992,1.141166777504577,0.009998671593271896
7994,-3.7834079575582695,-3.307225958493519,1.0939367014259762,0.009998671593271896
7995,-2.4123729896828623,-3.25533324782268,1.0734219462422372,0.009998671593271896
7996,-3.8034711642007655,-3.2531714468163306,1.0722063243204825,0.009998671593271896
7997,-2.1246100833622004,-3.202228136879809,1.0640749232844373,0.009998671593271896
7998,-2.556306128790312,-3.1655161619929792,1.054013929385088,0.009998671593271896
7999,-2.3941965372583,-3.095312450634026,0.983812862500487,0.009998671593271896
8000,-4.249587476449044,-3.0926642406391007,0.9805185155191372,0.009998671593271896
8001,-3.5134372916038754,-3.0620706840400427,0.9423037832893295,0.009998671593271896
8002,-5.5538830300408915,-3.068777267769888,0.9586791041557234,0.009998671593271896
8003,-2.2306196732772063,-3.0098779167081515,0.9169916522089027,0.009998671593271896
8004,-5.884463669579052,-3.030898320121518,0.9691175724448728,0.009998671593271896
8005,-4.909391686631418,-3.053796449174043,0.9992378577012309,0.009998671593271896
8006,-5.532749634984272,-3.102961362826508,1.0578065557860283,0.009998671593271896
8007,-3.2226064556901677,-3.116953062848469,1.0546651766395172,0.009998671593271896
8008,-4.689756448177684,-3.1699039345081794,1.0657803338096627,0.009998671593271896
8009,-6.063218080855165,-3.2270345452436064,1.1401851110950345,0.009998671593271896
8010,-4.528088871100474,-3.2531842983874535,1.1546394664114372,0.009998671593271896
8011,-3.0315628187884305,-3.265793975897753,1.148692275724046,0.009998671593271896
8012,-3.6403028860687607,-3.2869046541630818,1.1456777561558893,0.009998671593271896
8013,-5.683271377628779,-3.3268360671252424,1.192743784154202,0.009998671593271896
8014,-5.365596950526186,-3.386089638515587,1.2186817426610284,0.009998671593271896
8015,-7.8516817437432485,-3.4765410866240183,1.3695871813592726,0.009998671593271896
8016,-7.8640145750302946,-3.577047069272843,1.4975078083205502,0.009998671593271896
8017,-2.9327226907632764,-3.576470148838438,1.4977503493857522,0.009998671593271896
8018,-4.890531856334123,-3.6141817959269877,1.5065976195334154,0.009998671593271896
8019,-1.8919885259790639,-3.6027349371406707,1.5174258578697233,0.009998671593271896
8020,-4.103220952383031,-3.6403574004859216,1.5060054218035854,0.009998671593271896
8021,-3.868543429571077,-3.649288968811264,1.5060079781232425,0.009998671593271896
8022,-6.4784696299591,-3.7304031055373237,1.5464405782620576,0.009998671593271896
8023,-4.843410726760586,-3.7706950122059997,1.5486683103861623,0.009998671593271896
8024,-6.292168767739213,-3.8358362484277464,1.5844446841670463,0.009998671593271896
8025,-4.715592935221616,-3.8828173750103576,1.574979472472577,0.009998671593271896
8026,-4.809635541709488,-3.9293138405818864,1.5673193324352,0.009998671593271896
8027,-6.359522212085565,-4.023106375481817,1.5696215075842834,0.009998671593271896
8028,-3.827208563690225,-4.041752035472477,1.5616259784683217,0.009998671593271896
8029,-6.695790410209419,-4.126113517612564,1.5885569160132769,0.009998671593271896
8030,-6.365489522278516,-4.185067211428289,1.6156421668512797,0.009998671593271896
8031,-6.244972014361634,-4.24633988447183,1.6343989704881958,0.009998671593271896
8032,-5.517619477308784,-4.265255688405878,1.6435042915118159,0.009998671593271896
8033,-5.539642764957459,-4.29074231422318,1.6531600153879833,0.009998671593271896
8034,-5.489429932513769,-4.361237255036982,1.627419580560418,0.009998671593271896
8035,-5.671068337150869,-4.418858164502025,1.6217623679192041,0.009998671593271896
8036,-6.03153698409535,-4.490115443394532,1.6127572034466662,0.009998671593271896
8037,-8.412705695638591,-4.614161275736651,1.6701472833940731,0.009998671593271896
8038,-6.30899941877072,-4.618596329356421,1.6743423155316408,0.009998671593271896
8039,-4.1394856705550325,-4.665401033208647,1.6269137128769764,0.009998671593271896
8040,-4.129195558548841,-4.672643323545584,1.6237014899470026,0.009998671593271896
8041,-4.4699311027580375,-4.704323754885154,1.6038629527015371,0.009998671593271896
8042,-4.493065309155975,-4.752973619892357,1.5592029065165336,0.009998671593271896
8043,-3.261841670759212,-4.773447744645725,1.5325389983892088,0.009998671593271896
8044,-2.4173927372264172,-4.746127440239087,1.561840488305485,0.009998671593271896
8045,-2.493248494820843,-4.747744950341847,1.5594627820873892,0.009998671593271896
8046,-1.926067653992877,-4.71019688013769,1.6037202083812638,0.009998671593271896
8047,-2.1879883107783673,-4.711464444686013,1.6016998594382026,0.009998671593271896
8048,-2.606585705608313,-4.712470036222372,1.6003617001487376,0.009998671593271896
8049,-2.711641850459917,-4.718818942486405,1.5917586786165343,0.009998671593271896
8050,-3.330449771949089,-4.700436188396406,1.6023437774094236,0.009998671593271896
8051,-4.1687836545285135,-4.713543115654899,1.5952452946729447,0.009998671593271896
8052,-2.7878873760496377,-4.6582232025750745,1.613005528356397,0.009998671593271896
8053,-2.6430841755545442,-4.6664724926206205,1.6015833764675753,0.009998671593271896
8054,-1.7114007029200644,-4.583011233287441,1.6441053693332761,0.009998671593271896
8055,-1.7351518628100584,-4.519526436811013,1.6908955384531212,0.009998671593271896
8056,-2.8298395214869814,-4.465468234541068,1.7008156411492779,0.009998671593271896
8057,-1.887544761252155,-4.438767000652307,1.7303411715447787,0.009998671593271896
8058,-3.931209052361259,-4.423596052735979,1.731399087340745,0.009998671593271896
8059,-2.0153594080324826,-4.342638879279526,1.747401957921041,0.009998671593271896
8060,-2.2465553709696855,-4.29700820927691,1.7715854289275021,0.009998671593271896
8061,-1.916703350791771,-4.274711019916976,1.7942429464805698,0.009998671593271896
8062,-1.948727291011327,-4.240879508015828,1.8216250196828603,0.009998671593271896
8063,-3.125837400290545,-4.189730828469063,1.8163033933912862,0.009998671593271896
8064,-2.9868149856322916,-4.142155189171185,1.8160345489965273,0.009998671593271896
8065,-2.947822208070623,-4.044077998457732,1.7440410625969112,0.009998671593271896
8066,-2.200459645954927,-3.930806899876225,1.67481018323369,0.009998671593271896
8067,-2.0327908513495445,-3.9128082630879506,1.6902044419468063,0.009998671593271896
8068,-2.2514662933243565,-3.8600269518277552,1.700025724238467,0.009998671593271896
8069,-2.2054243306788184,-3.8662956679217504,1.6933218412448874,0.009998671593271896
8070,-3.9384488080621702,-3.863000225035333,1.6930178521791963,0.009998671593271896
8071,-1.6713446597467676,-3.819056249638847,1.720594328311787,0.009998671593271896
8072,-1.7654788666344194,-3.7247964343723536,1.7013094782125426,0.009998671593271896
8073,-4.031620195437149,-3.7085606237458846,1.6944164767888412,0.009998671593271896
8074,-2.2536311060766434,-3.6277898705126335,1.6653405235654284,0.009998671593271896
8075,-2.6237184809502634,-3.585952381427206,1.6637624712954522,0.009998671593271896
8076,-2.234241079458073,-3.534444492182178,1.6649465329490092,0.009998671593271896
8077,-2.4577050745061912,-3.4564081494305903,1.6215805128918317,0.009998671593271896
8078,-3.221783604519062,-3.444299650247167,1.6210267914612817,0.009998671593271896
8079,-2.692119770192982,-3.3642262374468386,1.5560166308219636,0.009998671593271896
8080,-1.8135057357249662,-3.273186561715767,1.51024587012478,0.009998671593271896
8081,-2.3759937897901673,-3.195806997224338,1.454071495180629,0.009998671593271896
8082,-2.276085415219652,-3.130976315982555,1.4209934509986815,0.009998671593271896
8083,-2.0759117705021666,-3.0617016960934498,1.3858763139164367,0.009998671593271896
8084,-2.610267848851793,-3.00411845442021,1.342957888514554,0.009998671593271896
8085,-2.439367351728568,-2.939484434711764,1.2897615192118597,0.009998671593271896
8086,-2.4070762020742444,-2.866995219071342,1.213541709714229,0.009998671593271896
8087,-4.341742956485746,-2.7855759642882854,0.9457557349277501,0.009998671593271896
8088,-2.671299141409926,-2.7128219587410696,0.8007069950228792,0.009998671593271896
8089,-2.5635983541420817,-2.681304212412811,0.7745168108544906,0.009998671593271896
8090,-5.719611179625607,-2.7131125248343455,0.861140475818591,0.009998671593271896
8091,-5.825617972996767,-2.74022626223912,0.9342662025991697,0.009998671593271896
8092,-2.1730776884385503,-2.693826509824772,0.9031526204924131,0.009998671593271896
8093,-5.490410852185281,-2.738397893453293,0.9816633347953072,0.009998671593271896
8094,-6.533072038982098,-2.8207114794884065,1.1148172619958368,0.009998671593271896
8095,-6.848100214973522,-2.9078085138914602,1.2479920651389527,0.009998671593271896
8096,-5.598919852670885,-2.9812655578650205,1.2952426644357842,0.009998671593271896
8097,-2.2264039914643767,-2.98203387147874,1.2947831916357926,0.009998671593271896
8098,-3.4861902138733027,-2.99962596164404,1.2955378333158047,0.009998671593271896
8099,-5.851654428422862,-3.062426213203299,1.3548051655116866,0.009998671593271896
8100,-2.244276968697615,-3.04070275713827,1.3590348630990259,0.009998671593271896
8101,-2.853715220656064,-3.014401388460821,1.3496414167026511,0.009998671593271896
8102,-2.8424536073835265,-3.0154927130874984,1.3494798670308774,0.009998671593271896
8103,-4.264493231157789,-3.0479208941995637,1.3595847189850605,0.009998671593271896
8104,-2.713527546141057,-3.0679634310639834,1.347063309055771,0.009998671593271896
8105,-4.999077111423,-3.1332419360362422,1.3599171087948105,0.009998671593271896
8106,-6.051576126668337,-3.1976766681398696,1.419054310642383,0.009998671593271896
8107,-5.231549175667555,-3.2645567564281777,1.4344497292034712,0.009998671593271896
8108,-8.470682965070965,-3.3553462346823717,1.607043805433795,0.009998671593271896
8109,-4.168813503262454,-3.398415316586971,1.5993930513779735,0.009998671593271896
8110,-6.184714807404461,-3.4771785053156665,1.637250183466681,0.009998671593271896
8111,-2.6331247563659566,-3.49150693342715,1.626631408732208,0.009998671593271896
8112,-5.975184863423468,-3.572036084875393,1.647790804786553,0.009998671593271896
8113,-6.376432838354052,-3.6370479936366635,1.6924239852218652,0.009998671593271896
8114,-6.398163100929587,-3.7052749559426092,1.733107931084853,0.009998671593271896
8115,-6.374952136217052,-3.7738175545055377,1.769190166320129,0.009998671593271896
8116,-6.49263154144735,-3.859660992415386,1.7947129677236686,0.009998671593271896
8117,-5.262338229726584,-3.924251939982927,1.785895748469906,0.009998671593271896
8118,-6.236269565633515,-4.003948005429111,1.7983371305704403,0.009998671593271896
8119,-5.182406473699123,-4.063487648289517,1.787051483637889,0.009998671593271896
8120,-4.172933216531865,-4.068177336458911,1.78702486955669,0.009998671593271896
8121,-6.003429820183589,-4.154819039667647,1.7736851483821312,0.009998671593271896
8122,-5.545218955091576,-4.230413841436789,1.7506369528784758,0.009998671593271896
8123,-6.211587169620941,-4.274013180920466,1.7721567129440303,0.009998671593271896
8124,-6.309437588752708,-4.355129310573987,1.7706438841776184,0.009998671593271896
8125,-1.7109405810978249,-4.336873752576938,1.7929655631664623,0.009998671593271896
8126,-6.410883548456682,-4.420406601956911,1.7903510335356179,0.009998671593271896
8127,-1.72287315703257,-4.405709963607437,1.8093177222687673,0.009998671593271896
8128,-4.537916269124073,-4.432032616899537,1.8014587632552086,0.009998671593271896
8129,-4.714114531881722,-4.472472512133313,1.7845626244082826,0.009998671593271896
8130,-5.936873992400763,-4.554939877266829,1.7548077506297477,0.009998671593271896
8131,-3.848226751097994,-4.584384536492985,1.730178025962843,0.009998671593271896
8132,-5.482122075176813,-4.648505269692128,1.7026327525924376,0.009998671593271896
8133,-3.0219213165754613,-4.667425460613594,1.6790327803426712,0.009998671593271896
8134,-3.6034807917543583,-4.687289719471646,1.6603487901825176,0.009998671593271896
8135,-4.848928695257946,-4.735480946342233,1.6290780074800375,0.009998671593271896
8136,-4.0711326840828175,-4.768762075982405,1.5978689934014467,0.009998671593271896
8137,-2.3528825837874745,-4.728984868528439,1.6323864927426845,0.009998671593271896
8138,-3.4836511832622072,-4.745231909365485,1.615783835812895,0.009998671593271896
8139,-6.721692138238883,-4.828393785047421,1.608346637963386,0.009998671593271896
8140,-4.128837758938331,-4.796578316633675,1.6061347663266234,0.009998671593271896
8141,-2.9244227131408813,-4.738554411436557,1.6202539905259252,0.009998671593271896
8142,-2.3123673154183146,-4.7413402039761525,1.6159546693357236,0.009998671593271896
8143,-7.191543062984374,-4.775362848192135,1.6489389610637966,0.009998671593271896
8144,-5.57516202066228,-4.756204647825738,1.6339018951610291,0.009998671593271896
8145,-2.6328119699833983,-4.671898882925936,1.6325389211362464,0.009998671593271896
8146,-4.100243651277179,-4.641925358898062,1.6289976529733066,0.009998671593271896
8147,-6.5439113353389935,-4.728275505775555,1.6130198849015351,0.009998671593271896
8148,-6.386685135284756,-4.786285404203783,1.6194501947605207,0.009998671593271896
8149,-4.580867456807706,-4.76086966477148,1.6124877304977967,0.009998671593271896
8150,-5.917617265651256,-4.834336470710553,1.5794986019985018,0.009998671593271896
8151,-3.556234323686084,-4.848386852771153,1.5648744715536755,0.009998671593271896
8152,-2.873730436496541,-4.849012389353414,1.5640785517268763,0.009998671593271896
8153,-2.960315067364848,-4.822928826077554,1.584352126976405,0.009998671593271896
8154,-5.536312791000228,-4.879384530974738,1.5582590522988922,0.009998671593271896
8155,-4.367478611936081,-4.866752560985,1.5597968247590033,0.009998671593271896
8156,-5.6350274753681475,-4.858421587958995,1.5545499408710375,0.009998671593271896
8157,-5.393103637396342,-4.861652677193572,1.5554897276003241,0.009998671593271896
8158,-7.315121676748417,-4.838541451427121,1.5096033830688471,0.009998671593271896
8159,-6.300389385075787,-4.881172969063387,1.5201494021997104,0.009998671593271896
8160,-2.7832653180643665,-4.813143979276585,1.5363157765619073,0.009998671593271896
8161,-3.8247017791693105,-4.836975519732652,1.5113533360555922,0.009998671593271896
8162,-2.245674467756163,-4.7623853118193065,1.5449956698735436,0.009998671593271896
8163,-5.678726384453483,-4.748431182741294,1.5334625959179253,0.009998671593271896
8164,-6.930449019862629,-4.759076901119956,1.54666930225956,0.009998671593271896
8165,-2.344742639843597,-4.678472711192487,1.5652629293871574,0.009998671593271896
8166,-5.782823413616295,-4.664276548635866,1.5519068500826254,0.009998671593271896
8167,-3.0893389491026317,-4.620816563023387,1.5649220793204461,0.009998671593271896
8168,-2.9618491132767946,-4.5553281539762525,1.5644622317392762,0.009998671593271896
8169,-4.065601792654231,-4.532992060355355,1.5633218693725677,0.009998671593271896
8170,-5.732143918220974,-4.564176274389136,1.5713590513303368,0.009998671593271896
8171,-2.6274326709579157,-4.496656331404623,1.5805697788532278,0.009998671593271896
8172,-2.4322347992954283,-4.4343966482887,1.599240948516296,0.009998671593271896
8173,-6.66120806985238,-4.443389066293328,1.610433608377445,0.009998671593271896
8174,-5.286510554465137,-4.422930525607578,1.5930010013234428,0.009998671593271896
8175,-6.060188436732425,-4.509915482720269,1.560961334441687,0.009998671593271896
8176,-5.4161886602587925,-4.490021584956311,1.5428407403751214,0.009998671593271896
8177,-5.242689525030849,-4.560417912316277,1.4945199494729353,0.009998671593271896
8178,-7.129376576183036,-4.612247118457456,1.5371676742039417,0.009998671593271896
8179,-3.9673468150086992,-4.597311764119996,1.5397310747133022,0.009998671593271896
8180,-6.39992836095248,-4.6065728514910305,1.5491242711071553,0.009998671593271896
8181,-2.990423868280728,-4.589416793834685,1.5621231230533572,0.009998671593271896
8182,-2.351703179374637,-4.526808415918642,1.587613817215248,0.009998671593271896
8183,-5.199735600398367,-4.5703647015951,1.575558122973471,0.009998671593271896
8184,-4.032754920861054,-4.578950184177233,1.5714302033438068,0.009998671593271896
8185,-2.479194739288874,-4.5315555050578515,1.5980827009295195,0.009998671593271896
8186,-6.673180211234369,-4.583596455600883,1.6243926257642847,0.009998671593271896
8187,-5.287069354425137,-4.642280191013636,1.5954884570766978,0.009998671593271896
8188,-5.799797664458756,-4.688603120637567,1.5947997094715662,0.009998671593271896
8189,-5.780850593443422,-4.669786289741658,1.5761418438620367,0.009998671593271896
8190,-2.5259584608992194,-4.637728703780876,1.602892033821994,0.009998671593271896
8191,-4.427853187082452,-4.667797313259707,1.5844656377192117,0.009998671593271896
8192,-6.35866591953296,-4.748723285342,1.565312131025142,0.009998671593271896
8193,-2.688133300819419,-4.658655090098701,1.5516646029685561,0.009998671593271896
8194,-7.5513460475753575,-4.698178770636963,1.5989541704552384,0.009998671593271896
8195,-5.091374187351294,-4.74735001498432,1.5722639346608431,0.009998671593271896
8196,-2.047990049608205,-4.706304942950942,1.614832850121483,0.009998671593271896
8197,-4.44958627892926,-4.664418441822747,1.5936476396107586,0.009998671593271896
8198,-5.060509146337084,-4.6378949220437935,1.575697625749103,0.009998671593271896
8199,-5.597613043222357,-4.658229833772086,1.5813809262675798,0.009998671593271896
8200,-4.597932670615848,-4.631836141871378,1.5711208062644157,0.009998671593271896
8201,-5.367242281449133,-4.668056301026638,1.5667759081389458,0.009998671593271896
8202,-5.45417256629716,-4.719665143622651,1.5492226254410768,0.009998671593271896
8203,-7.406833608074576,-4.8085955144368455,1.5731158144382515,0.009998671593271896
8204,-3.2193431663449235,-4.762256121943739,1.585076981778876,0.009998671593271896
8205,-6.334969555186066,-4.80160594080874,1.5991473337795938,0.009998671593271896
8206,-5.535951588358721,-4.7996244230685505,1.598174493050741,0.009998671593271896
8207,-5.54335043308176,-4.802629358982259,1.599428303051052,0.009998671593271896
8208,-5.228519528289086,-4.7608973160130725,1.5600655848328784,0.009998671593271896
8209,-4.0978412973235745,-4.716846354258029,1.5470152846086151,0.009998671593271896
8210,-6.233486730653202,-4.785850782509805,1.5361392931143991,0.009998671593271896
8211,-1.6868797471995207,-4.7430943418704095,1.591066339300549,0.009998671593271896
8212,-5.77188444372519,-4.81361854138979,1.5565810272062521,0.009998671593271896
8213,-5.257064968647991,-4.805185313073681,1.5530093489715362,0.009998671593271896
8214,-5.399950369416846,-4.774575340064764,1.5256608602577573,0.009998671593271896
8215,-5.180758557263863,-4.831295658413169,1.48648640192445,0.009998671593271896
8216,-5.46511949350984,-4.82494158001104,1.4830805778831615,0.009998671593271896
8217,-5.345461709000003,-4.870064035208987,1.4637842938003165,0.009998671593271896
8218,-4.72429475234986,-4.905312947990449,1.438409282101248,0.009998671593271896
8219,-4.936141102221035,-4.922723734181785,1.4333997482813965,0.009998671593271896
8220,-6.398221682041267,-4.936045289458192,1.443916908182164,0.009998671593271896
8221,-2.304101092623257,-4.929578657891498,1.4549237028344844,0.009998671593271896
8222,-4.467885595542709,-4.970291673816443,1.4123293221196578,0.009998671593271896
8223,-6.140876745121657,-4.959885047321829,1.4017086855903989,0.009998671593271896
8224,-6.193329459697656,-4.97802142542648,1.4116487980297716,0.009998671593271896
8225,-6.200858970349223,-4.980834836098815,1.4139410659987086,0.009998671593271896
8226,-7.006938943210509,-5.01264984175785,1.4410164612333072,0.009998671593271896
8227,-2.7490022809344685,-4.962776096875922,1.4749456571655926,0.009998671593271896
8228,-4.437807833931837,-4.908944722030898,1.4436743245889048,0.009998671593271896
8229,-2.6945589681994244,-4.883488965094712,1.4710151300653913,0.009998671593271896
8230,-4.83765687944166,-4.8522435354644955,1.4549774839439407,0.009998671593271896
8231,-2.7369176386396017,-4.847173410871674,1.4618817996519995,0.009998671593271896
8232,-2.9107077156255863,-4.858353501596692,1.4447920113208996,0.009998671593271896
8233,-1.7584499814744745,-4.789527789218215,1.5074959964212054,0.009998671593271896
8234,-2.8105845689576037,-4.765084382180146,1.529319103710214,0.009998671593271896
8235,-5.47020536833751,-4.824904594761119,1.4968889558189071,0.009998671593271896
8236,-2.4218300495877303,-4.739877591528186,1.510172124321615,0.009998671593271896
8237,-2.6715128654373985,-4.687566461748432,1.5354014677192125,0.009998671593271896
8238,-2.8146751092826454,-4.62786401064491,1.5489695154533278,0.009998671593271896
8239,-5.093481759751754,-4.614116633971076,1.5417087941637044,0.009998671593271896
8240,-2.7622407147150247,-4.618842279047392,1.5356511555595524,0.009998671593271896
8241,-5.381608492229896,-4.63791738515034,1.539080024284967,0.009998671593271896
8242,-5.684565253730504,-4.624435371834291,1.5268514928814882,0.009998671593271896
8243,-1.9532182980722992,-4.6097370717793495,1.5488002260423213,0.009998671593271896
8244,-3.3727048562557043,-4.5261642479529565,1.499780460608026,0.009998671593271896
8245,-3.3358371644471623,-4.491053507494874,1.5066708305827,0.009998671593271896
8246,-4.889536009568477,-4.547884426694079,1.4665032639771687,0.009998671593271896
8247,-4.835234539767732,-4.555597391910848,1.4669800559843489,0.009998671593271896
8248,-5.522515025132085,-4.564837509486749,1.471579077547841,0.009998671593271896
8249,-2.4496690783722177,-4.501878630189746,1.4932271778842738,0.009998671593271896
8250,-5.217846248433598,-4.514276901746101,1.4965431342492201,0.009998671593271896
8251,-5.277300825882237,-4.512478072634762,1.4955705360426672,0.009998671593271896
8252,-6.328165033512054,-4.52995792197906,1.5114973686897264,0.009998671593271896
8253,-2.55525424175463,-4.432926334652661,1.4790774100248345,0.009998671593271896
8254,-5.7864603775711405,-4.484268678877186,1.480614519216292,0.009998671593271896
8255,-2.2916966849564977,-4.403403221472594,1.487725007053365,0.009998671593271896
8256,-2.1469998731099396,-4.335624187167618,1.5115903891147018,0.009998671593271896
8257,-5.071496048246191,-4.326187099470907,1.505481497746448,0.009998671593271896
8258,-6.299589236266925,-4.347608493630465,1.5256532723910212,0.009998671593271896
8259,-7.075730244378315,-4.407166272571559,1.5721565034105498,0.009998671593271896
8260,-5.5831874686204035,-4.394160287330903,1.5596340930881765,0.009998671593271896
8261,-2.0991276093792828,-4.402405244574499,1.5463332973201036,0.009998671593271896
8262,-5.327598481763424,-4.393519525335263,1.5397005862761564,0.009998671593271896
8263,-2.8681805430928873,-4.3457418368241605,1.5491979064733195,0.009998671593271896
8264,-5.09688579324278,-4.33968054530068,1.5456502341823144,0.009998671593271896
8265,-6.103705951862649,-4.358139493192655,1.5610193406637627,0.009998671593271896
8266,-6.787407308624639,-4.384585249494951,1.5904718645294411,0.009998671593271896
8267,-8.390898127616222,-4.445493977867276,1.6817954884013726,0.009998671593271896
8268,-7.163306667772661,-4.494274216175731,1.7240162621242743,0.009998671593271896
8269,-5.246208334735958,-4.50047556082603,1.72615085866413,0.009998671593271896
8270,-7.335838650370253,-4.519227900192609,1.7515712965261907,0.009998671593271896
8271,-4.591253522953886,-4.564970948799223,1.7227529128267491,0.009998671593271896
8272,-5.247526240609709,-4.580563761700562,1.7253299933781083,0.009998671593271896
8273,-2.851131772945866,-4.514768862257046,1.7272989854704461,0.009998671593271896
8274,-6.338585928874139,-4.517673991640576,1.7302393492504353,0.009998671593271896
8275,-4.280020442964052,-4.4792572210928725,1.7136860004587235,0.009998671593271896
8276,-3.688960578778816,-4.412897653804239,1.6783992355479636,0.009998671593271896
8277,-6.366004629826071,-4.485237700782071,1.683066395734223,0.009998671593271896
8278,-5.635394223131018,-4.509189428566055,1.6907249971117706,0.009998671593271896
8279,-7.569678183405351,-4.6066918128701735,1.723519206487052,0.009998671593271896
8280,-7.609342002289266,-4.6621255153271255,1.773893126916758,0.009998671593271896
8281,-6.340062339780896,-4.734188409349951,1.7673948900558514,0.009998671593271896
8282,-2.9288856759149025,-4.7345519685557385,1.7670215866252144,0.009998671593271896
8283,-5.989023839727969,-4.8191634457208075,1.7232343190328185,0.009998671593271896
8284,-6.993238709615667,-4.902816528533968,1.7252196854332378,0.009998671593271896
8285,-3.493130483035573,-4.86327503082793,1.7343947434169387,0.009998671593271896
8286,-5.899638390878288,-4.932831197653741,1.7045688528192244,0.009998671593271896
8287,-7.847196643730708,-5.036344873219607,1.7211737855445293,0.009998671593271896
8288,-5.832537205862999,-5.096702115151214,1.6949213306827733,0.009998671593271896
8289,-6.674330051918424,-5.128319080994547,1.7092503255515017,0.009998671593271896
8290,-2.430498280109299,-5.121684232302433,1.7190377712391922,0.009998671593271896
8291,-6.767759020498407,-5.149407242867804,1.7341171602232972,0.009998671593271896
8292,-5.558224313893861,-5.146880424071071,1.7334274390891353,0.009998671593271896
8293,-6.588764140168479,-5.239591340912995,1.6833794551436125,0.009998671593271896
8294,-5.564447049965801,-5.283426184787197,1.6626034458536085,0.009998671593271896
8295,-5.774729970552617,-5.332204040909305,1.6403769284135858,0.009998671593271896
8296,-5.558250876568025,-5.345578338249296,1.6394390623506125,0.009998671593271896
8297,-6.038646557257207,-5.3696465785990855,1.6406032470522924,0.009998671593271896
8298,-4.499714631241731,-5.349190570721278,1.6449403705307917,0.009998671593271896
8299,-6.608923930898696,-5.432375667771808,1.6007820361665943,0.009998671593271896
8300,-7.050932695719457,-5.469037396717525,1.6163641682998053,0.009998671593271896
8301,-5.027721525036181,-5.464045810700604,1.6173336527608027,0.009998671593271896
8302,-5.2547599068069895,-5.442577708166503,1.6128388748083027,0.009998671593271896
8303,-6.6905594257787975,-5.525283811846986,1.568064210376266,0.009998671593271896
8304,-6.844410380177875,-5.546442811899121,1.5785484784052706,0.009998671593271896
8305,-5.365109213646717,-5.607911062472926,1.5089158834431873,0.009998671593271896
8306,-7.0293358270120265,-5.705557781550967,1.4381039960907456,0.009998671593271896
8307,-3.9728473693922335,-5.683584807973888,1.4559070416134365,0.009998671593271896
8308,-5.271801145398535,-5.66302904615652,1.4543193806923715,0.009998671593271896
8309,-5.567945280635492,-5.632873346881663,1.4402783827437162,0.009998671593271896
8310,-5.264182225644111,-5.626493242022137,1.4411906200043256,0.009998671593271896
8311,-4.714145083148535,-5.678793591497523,1.3572385544797227,0.009998671593271896
8312,-1.9258075331147708,-5.610757772524549,1.4548879503553418,0.009998671593271896
8313,-3.4099248023732507,-5.621592657710156,1.4363217854695167,0.009998671593271896
8314,-4.586276674558166,-5.611380475336465,1.441820800436907,0.009998671593271896
8315,-3.113427760055258,-5.5515749115003175,1.4816268703575959,0.009998671593271896
8316,-6.652555443623058,-5.5488778742002856,1.4794960078763546,0.009998671593271896
8317,-5.518068195118843,-5.491421275550338,1.4227032645297557,0.009998671593271896
8318,-2.742343108746611,-5.403002004369817,1.4531039919554762,0.009998671593271896
8319,-5.832343871168781,-5.414724715098473,1.4541556977040306,0.009998671593271896
