episode,reward,epsilon
1,-1.1839496674842882,0.99995
2,-1.6393080147554995,0.9999000025
3,-2.9283437232040646,0.999850007499875
4,-3.9785147095193505,0.9998000149995
5,-5.141391893169723,0.99975002499875
6,-4.854693768355037,0.9997000374975
7,-1.6883002249235919,0.9996500524956251
8,-4.140670635947066,0.9996000699930003
9,-1.9200532184091397,0.9995500899895007
10,-3.7466354122690833,0.9995001124850013
11,-3.0858827956720356,0.999450137479377
12,-4.607180371244656,0.9994001649725031
13,-3.816571466623761,0.9993501949642545
14,-2.3784230885489746,0.9993002274545063
15,-4.099464610298909,0.9992502624431336
16,-3.944728947227284,0.9992002999300115
17,-1.5278479907083211,0.999150339915015
18,-3.5074517985944937,0.9991003823980192
19,-2.066152180559456,0.9990504273788994
20,-3.9525027328288003,0.9990004748575304
21,-3.6909308951823383,0.9989505248337875
22,-4.829507182148252,0.9989005773075459
23,-2.564930343871925,0.9988506322786805
24,-1.6786372221456674,0.9988006897470666
25,-1.6009930821161331,0.9987507497125793
26,-4.142934837994675,0.9987008121750937
27,-2.416993705510311,0.9986508771344849
28,-2.2190810205820513,0.9986009445906281
29,-4.044036545596928,0.9985510145433986
30,-2.0736422282176132,0.9985010869926714
31,-4.860761484733379,0.9984511619383217
32,-2.1669486372650537,0.9984012393802248
33,-4.91866202840506,0.9983513193182558
34,-4.709096875499286,0.9983014017522899
35,-1.8169700907855493,0.9982514866822023
36,-5.963835318574371,0.9982015741078683
37,-1.7596940323130545,0.9981516640291629
38,-1.928459535217936,0.9981017564459614
39,-4.013813240151623,0.9980518513581391
40,-3.672406130908106,0.9980019487655712
41,-5.084055803370077,0.9979520486681329
42,-3.943806930942051,0.9979021510656996
43,-4.2168267571557445,0.9978522559581463
44,-4.507695697748503,0.9978023633453484
45,-4.143622483116636,0.9977524732271812
46,-4.656508059595111,0.9977025856035199
47,-4.3439916179338685,0.9976527004742397
48,-3.744276917709258,0.997602817839216
49,-4.822856709324233,0.9975529376983241
50,-5.153797130770567,0.9975030600514392
51,-4.465632117712657,0.9974531848984366
52,-5.098739120091363,0.9974033122391917
53,-3.9705302208266056,0.9973534420735797
54,-3.5819905649719113,0.997303574401476
55,-3.589599412764059,0.9972537092227559
56,-5.162214008518793,0.9972038465372948
57,-3.8037807619272286,0.9971539863449679
58,-4.470693108319043,0.9971041286456507
59,-5.912995857461347,0.9970542734392184
60,-4.252641996930927,0.9970044207255464
61,-3.8061959116445885,0.9969545705045101
62,-2.604692554967543,0.9969047227759849
63,-4.608399579746484,0.996854877539846
64,-4.391938910448784,0.996805034795969
65,-4.943643067993891,0.9967551945442292
66,-4.323642513720397,0.996705356784502
67,-5.210161054462063,0.9966555215166628
68,-5.229417407973188,0.996605688740587
69,-2.2847111481206914,0.9965558584561499
70,-5.411564753313291,0.9965060306632271
71,-4.800249121135536,0.9964562053616939
72,-3.7769796542994944,0.9964063825514258
73,-4.431836454979827,0.9963565622322982
74,-4.720242257939333,0.9963067444041865
75,-5.296387787366303,0.9962569290669664
76,-4.078884566638878,0.9962071162205131
77,-4.29547585784816,0.9961573058647021
78,-5.703427390608043,0.9961074979994089
79,-4.694453905204602,0.9960576926245089
80,-5.632246253054197,0.9960078897398777
81,-3.5757899914620084,0.9959580893453908
82,-4.056186392738489,0.9959082914409235
83,-4.918749124321218,0.9958584960263515
84,-4.5846514629692106,0.9958087031015501
85,-5.259953004583219,0.995758912666395
86,-4.652412545718464,0.9957091247207618
87,-4.203938917862843,0.9956593392645258
88,-4.543132198356373,0.9956095562975625
89,-5.822517208218624,0.9955597758197476
90,-5.662081139021238,0.9955099978309566
91,-4.501150462784764,0.9954602223310651
92,-4.008814595364386,0.9954104493199486
93,-5.040224433537206,0.9953606787974826
94,-5.7605041758413265,0.9953109107635427
95,-5.485326543079724,0.9952611452180046
96,-4.007382206005515,0.9952113821607437
97,-5.348638729213954,0.9951616215916357
98,-4.844910223000181,0.9951118635105561
99,-1.937418033187823,0.9950621079173806
100,-1.339604726848956,0.9950123548119847
101,-2.750413294601602,0.9949626041942441
102,-4.961472776217386,0.9949128560640343
103,-1.310840032096252,0.9948631104212311
104,-2.5020169929008764,0.99481336726571
105,-3.531469450191336,0.9947636265973467
106,-4.297877021175411,0.9947138884160168
107,-4.411574421044094,0.994664152721596
108,-3.679242924908493,0.9946144195139599
109,-3.148718532458542,0.9945646887929842
110,-1.9484346445793534,0.9945149605585446
111,-3.549317105798599,0.9944652348105166
112,-2.516243954168938,0.994415511548776
113,-2.5874648020486095,0.9943657907731986
114,-1.8249033675595947,0.9943160724836599
115,-1.5798253754251739,0.9942663566800357
116,-3.3970332789428754,0.9942166433622017
117,-3.3927773173787337,0.9941669325300336
118,-2.872595180433608,0.9941172241834071
119,-3.1884748244803562,0.994067518322198
120,-3.319737961578997,0.9940178149462818
121,-3.3355778609922737,0.9939681140555345
122,-2.7695249727184152,0.9939184156498317
123,-3.5135152713904167,0.9938687197290492
124,-4.734366544562723,0.9938190262930627
125,-2.732812078110518,0.993769335341748
126,-2.5976930968005583,0.9937196468749809
127,-3.562349351665113,0.9936699608926371
128,-3.9761466273764086,0.9936202773945926
129,-3.8797782007376544,0.9935705963807229
130,-1.5421423860528134,0.9935209178509038
131,-3.9426662377029507,0.9934712418050112
132,-4.383368081563068,0.9934215682429209
133,-3.5975802449255845,0.9933718971645088
134,-3.276682616692961,0.9933222285696506
135,-3.4384588795471145,0.9932725624582222
136,-1.8741606383183056,0.9932228988300993
137,-2.200317654284026,0.9931732376851578
138,-4.22254851887352,0.9931235790232735
139,-4.352535326381398,0.9930739228443224
140,-3.8131384958324026,0.9930242691481802
141,-2.1248742392655413,0.9929746179347227
142,-4.051781456732054,0.992924969203826
143,-3.7942660501213323,0.9928753229553658
144,-1.2906645676251158,0.992825679189218
145,-2.8935642849020002,0.9927760379052586
146,-4.44033838226469,0.9927263991033634
147,-2.2468513558037913,0.9926767627834082
148,-4.089278684194178,0.992627128945269
149,-3.95880355929857,0.9925774975888217
150,-3.5881804493707166,0.9925278687139423
151,-3.59828391999116,0.9924782423205066
152,-1.9160342517279991,0.9924286184083906
153,-4.194772128491252,0.9923789969774701
154,-3.9804254102423644,0.9923293780276212
155,-3.249234516871738,0.9922797615587199
156,-3.0686929528345335,0.992230147570642
157,-3.7481028504761507,0.9921805360632635
158,-3.6557342666468067,0.9921309270364603
159,-3.101259983652266,0.9920813204901086
160,-2.2047404971683364,0.992031716424084
161,-2.000496441176195,0.9919821148382628
162,-4.212035684816204,0.991932515732521
163,-4.072531821882212,0.9918829191067343
164,-4.25992930935204,0.991833324960779
165,-4.342142245386922,0.991783733294531
166,-3.9996047674903634,0.9917341441078662
167,-4.9442773449322885,0.9916845574006609
168,-4.522954191734987,0.9916349731727908
169,-2.772907310395955,0.9915853914241322
170,-3.932157972033314,0.991535812154561
171,-4.312497382378522,0.9914862353639533
172,-3.5225902192589045,0.9914366610521851
173,-4.471457336393972,0.9913870892191324
174,-3.8910544971989562,0.9913375198646714
175,-5.013404924085535,0.9912879529886782
176,-3.8570716124262017,0.9912383885910288
177,-4.390705054402289,0.9911888266715992
178,-2.803409059078676,0.9911392672302657
179,-5.343516406183962,0.9910897102669042
180,-4.60567370237805,0.9910401557813908
181,-5.593528059600327,0.9909906037736017
182,-5.2713307344035,0.990941054243413
183,-4.4072991907876045,0.9908915071907008
184,-3.8952408701528296,0.9908419626153413
185,-5.27785921241945,0.9907924205172105
186,-4.807698571663663,0.9907428808961847
187,-4.18531254398052,0.9906933437521399
188,-1.8742987835989995,0.9906438090849523
189,-3.9845987908757623,0.9905942768944981
190,-5.403866283281988,0.9905447471806533
191,-4.962018001741107,0.9904952199432943
192,-1.8233958208928378,0.9904456951822971
193,-4.921268387045716,0.990396172897538
194,-3.9013580112766904,0.9903466530888931
195,-2.375076797521589,0.9902971357562387
196,-3.283273686362321,0.9902476208994508
197,-2.2859975199535256,0.9901981085184058
198,-3.2792086413860946,0.9901485986129799
199,-5.080965423186966,0.9900990911830493
200,-2.175134736117048,0.9900495862284902
201,-1.6022855208920694,0.9900000837491787
202,-4.563461821327506,0.9899505837449912
203,-3.4527392212085948,0.989901086215804
204,-1.4372662089755632,0.9898515911614932
205,-2.297916023752286,0.9898020985819351
206,-3.0894066604639376,0.9897526084770061
207,-1.5509328148468924,0.9897031208465822
208,-3.339040509150969,0.9896536356905399
209,-2.72769064266701,0.9896041530087554
210,-4.42947877391873,0.989554672801105
211,-1.3830612382309786,0.9895051950674649
212,-4.646703723729278,0.9894557198077115
213,-2.881484171481345,0.9894062470217211
214,-1.4200799714126846,0.9893567767093701
215,-4.045599480274631,0.9893073088705346
216,-3.795439676498979,0.9892578435050912
217,-3.700166495699272,0.9892083806129159
218,-3.129014895760425,0.9891589201938853
219,-3.358924119790246,0.9891094622478757
220,-4.329036372528837,0.9890600067747632
221,-2.197246157016722,0.9890105537744245
222,-1.9678181978066767,0.9889611032467358
223,-1.7317535277773968,0.9889116551915734
224,-3.737687117948938,0.9888622096088139
225,-1.8161889117258232,0.9888127664983335
226,-4.446536467323792,0.9887633258600086
227,-4.250017780585947,0.9887138876937156
228,-3.816088857160426,0.988664451999331
229,-3.3357176710518424,0.988615018776731
230,-3.2085889459022794,0.9885655880257921
231,-4.207193697505646,0.9885161597463908
232,-2.7304013776771834,0.9884667339384036
233,-1.9667585763298292,0.9884173106017067
234,-3.7422489312089517,0.9883678897361766
235,-5.141143266068898,0.9883184713416898
236,-2.1401274530109697,0.9882690554181227
237,-1.69644928338638,0.9882196419653518
238,-4.865278229334219,0.9881702309832536
239,-4.654733371328079,0.9881208224717045
240,-4.898632138444315,0.9880714164305809
241,-5.240729513185394,0.9880220128597594
242,-4.658186983958629,0.9879726117591164
243,-4.935876751596523,0.9879232131285285
244,-4.946079933631349,0.987873816967872
245,-2.0740003693486573,0.9878244232770236
246,-5.184769559821043,0.9877750320558597
247,-3.7363710918685964,0.9877256433042569
248,-1.5123076726535012,0.9876762570220917
249,-1.7953755303436885,0.9876268732092406
250,-4.894423647000247,0.9875774918655801
251,-2.309165855015119,0.9875281129909869
252,-5.288529016992884,0.9874787365853374
253,-5.343136398115366,0.9874293626485081
254,-3.391775893387262,0.9873799911803757
255,-4.592406120759416,0.9873306221808167
256,-4.065537985030753,0.9872812556497077
257,-5.10570211274504,0.9872318915869253
258,-5.594088824267136,0.9871825299923459
259,-3.735980120158323,0.9871331708658463
260,-4.949617678452055,0.987083814207303
261,-4.835111261417121,0.9870344600165926
262,-2.7600557819286564,0.9869851082935918
263,-4.6966140809307415,0.9869357590381771
264,-5.7485729256292615,0.9868864122502252
265,-5.359433877913267,0.9868370679296127
266,-5.151616041668701,0.9867877260762162
267,-5.740613612658379,0.9867383866899124
268,-4.501199168854216,0.9866890497705779
269,-2.206373465751734,0.9866397153180894
270,-4.172661196457391,0.9865903833323235
271,-4.170102365535428,0.9865410538131569
272,-5.646693017645424,0.9864917267604663
273,-5.152471647496474,0.9864424021741283
274,-4.913086504010071,0.9863930800540196
275,-5.016645845272068,0.9863437604000169
276,-5.121377338732179,0.9862944432119969
277,-4.647540357548721,0.9862451284898363
278,-4.463159955421971,0.9861958162334118
279,-4.498787030439347,0.9861465064426002
280,-4.94917679054424,0.986097199117278
281,-5.517990389798124,0.9860478942573221
282,-5.5296959889235,0.9859985918626092
283,-6.180456573743071,0.9859492919330161
284,-4.598276277879134,0.9858999944684194
285,-4.149456907305982,0.985850699468696
286,-4.552061547156402,0.9858014069337225
287,-4.844084993963737,0.9857521168633758
288,-4.8253787149121905,0.9857028292575326
289,-5.092732416675915,0.9856535441160698
290,-4.654359600633278,0.9856042614388639
291,-5.487803941177763,0.985554981225792
292,-4.4991796577746666,0.9855057034767307
293,-4.733669791294975,0.9854564281915569
294,-1.851124748757197,0.9854071553701473
295,-4.366298734472839,0.9853578850123789
296,-4.6208234159786805,0.9853086171181282
297,-4.774732629995162,0.9852593516872723
298,-4.601639157215252,0.985210088719688
299,-3.7153805053279783,0.985160828215252
300,-4.885584377557644,0.9851115701738412
301,-3.465745165897024,0.9850623145953326
302,-5.193960936572821,0.9850130614796028
303,-3.1554220121892094,0.9849638108265288
304,-4.362477259731334,0.9849145626359875
305,-1.8001099655911554,0.9848653169078557
306,-3.862572386613822,0.9848160736420103
307,-1.321833469191644,0.9847668328383282
308,-3.9248019729635653,0.9847175944966863
309,-3.881894380385728,0.9846683586169614
310,-2.3976393942906644,0.9846191251990306
311,-4.223329666532831,0.9845698942427706
312,-4.360702411584516,0.9845206657480585
313,-4.0160607301391105,0.9844714397147711
314,-1.096784742063417,0.9844222161427854
315,-4.41896460284306,0.9843729950319782
316,-3.154806461826093,0.9843237763822266
317,-2.335753640967852,0.9842745601934074
318,-3.8582199475519836,0.9842253464653977
319,-1.4724267731011014,0.9841761351980745
320,-3.3875932253404537,0.9841269263913146
321,-3.6476562204760272,0.984077720044995
322,-3.5384965793314427,0.9840285161589928
323,-3.8008652037894652,0.9839793147331848
324,-4.21236055030443,0.9839301157674482
325,-3.6275201687728984,0.9838809192616598
326,-4.000731301764436,0.9838317252156967
327,-3.949042395155899,0.9837825336294359
328,-0.9770663369808267,0.9837333445027544
329,-3.5221129403418323,0.9836841578355293
330,-3.2732227848301454,0.9836349736276375
331,-2.369264159557368,0.9835857918789561
332,-3.249221317421363,0.9835366125893622
333,-3.1725371854383786,0.9834874357587328
334,-2.6359900652362045,0.9834382613869448
335,-2.7517765670452707,0.9833890894738755
336,-3.1732549749154035,0.9833399200194018
337,-3.835615195407191,0.9832907530234009
338,-3.2428682886146483,0.9832415884857497
339,-3.4725619403006234,0.9831924264063254
340,-5.3919260248664695,0.9831432667850051
341,-3.7868966731742884,0.9830941096216659
342,-5.1059010317956455,0.9830449549161848
343,-2.1716905236809754,0.982995802668439
344,-5.4356138628959085,0.9829466528783056
345,-4.146950160136476,0.9828975055456617
346,-5.230449896136553,0.9828483606703844
347,-4.002342155314117,0.9827992182523508
348,-4.901227091061484,0.9827500782914382
349,-5.034508662773004,0.9827009407875237
350,-4.2906585156817245,0.9826518057404843
351,-4.606966383163284,0.9826026731501972
352,-5.6129718587324255,0.9825535430165397
353,-3.6671531846688055,0.9825044153393889
354,-3.9798701668959127,0.982455290118622
355,-4.916702643439061,0.982406167354116
356,-3.8555899364464548,0.9823570470457483
357,-4.7388004966058785,0.982307929193396
358,-5.446097769867734,0.9822588137969364
359,-5.234601317471159,0.9822097008562465
360,-4.40168149432462,0.9821605903712036
361,-4.581774294503875,0.9821114823416851
362,-4.752487083196628,0.982062376767568
363,-3.9696267757948878,0.9820132736487297
364,-4.802300226323853,0.9819641729850472
365,-4.5997217676956,0.981915074776398
366,-3.010312549521485,0.9818659790226592
367,-1.8285498906288533,0.9818168857237081
368,-4.276994656968775,0.9817677948794219
369,-3.7848462020430023,0.981718706489678
370,-3.6751706787284535,0.9816696205543535
371,-4.700404974874472,0.9816205370733257
372,-3.9508119618536024,0.9815714560464721
373,-4.558302167622642,0.9815223774736698
374,-4.646760953096179,0.981473301354796
375,-2.2418523363576273,0.9814242276897283
376,-6.277108817008097,0.9813751564783437
377,-3.829942336383746,0.9813260877205198
378,-4.400340817395431,0.9812770214161337
379,-4.1211206522064945,0.9812279575650629
380,-4.672121799950517,0.9811788961671846
381,-2.4087376864098258,0.9811298372223762
382,-5.359257130621541,0.9810807807305151
383,-4.33179613419146,0.9810317266914785
384,-5.237202004375865,0.9809826751051439
385,-3.6656198777274716,0.9809336259713887
386,-3.745613926210905,0.9808845792900901
387,-4.925781500825334,0.9808355350611256
388,-5.183899500109979,0.9807864932843726
389,-4.237941243131454,0.9807374539597083
390,-5.0582211261676875,0.9806884170870104
391,-4.8104907774631265,0.980639382666156
392,-4.423907173882786,0.9805903506970227
393,-3.797751183019094,0.9805413211794879
394,-3.582416325775224,0.980492294113429
395,-1.2142222708909638,0.9804432694987233
396,-4.008093003115694,0.9803942473352484
397,-3.969304717141445,0.9803452276228817
398,-3.449977949082302,0.9802962103615005
399,-3.478646067019431,0.9802471955509824
400,-3.7809640972042082,0.9801981831912049
401,-3.4225836683458626,0.9801491732820453
402,-3.3822015320982786,0.9801001658233812
403,-1.9576910797555582,0.98005116081509
404,-4.14897465599581,0.9800021582570493
405,-1.726094821739058,0.9799531581491364
406,-3.8788741132848568,0.979904160491229
407,-1.8258373947561604,0.9798551652832044
408,-4.26089748820665,0.9798061725249402
409,-1.3763877114967324,0.9797571822163139
410,-4.098264383269434,0.9797081943572031
411,-5.701365382719336,0.9796592089474853
412,-3.684777972895197,0.9796102259870378
413,-4.48862920224285,0.9795612454757385
414,-4.473781878868513,0.9795122674134648
415,-3.188814021281427,0.9794632918000941
416,-3.3941971799285957,0.9794143186355041
417,-3.970063055228897,0.9793653479195723
418,-3.990453803922559,0.9793163796521763
419,-3.1625192574509753,0.9792674138331937
420,-4.063609503135669,0.9792184504625021
421,-1.7592317008324938,0.979169489539979
422,-2.959423027518125,0.979120531065502
423,-2.8199874298502685,0.9790715750389487
424,-1.6017643920107019,0.9790226214601968
425,-4.110574264439502,0.9789736703291239
426,-3.226031314852416,0.9789247216456074
427,-4.747983369552344,0.9788757754095251
428,-4.469777540409584,0.9788268316207546
429,-4.2074874700878455,0.9787778902791735
430,-3.4453791743328983,0.9787289513846595
431,-2.2132811566941313,0.9786800149370903
432,-1.6885423922489378,0.9786310809363434
433,-1.58594773094651,0.9785821493822966
434,-3.2140578281527445,0.9785332202748275
435,-3.5932137357683893,0.9784842936138137
436,-4.7123372927240466,0.978435369399133
437,-3.3274954284411553,0.9783864476306631
438,-3.7224549317672597,0.9783375283082816
439,-3.6524142036105935,0.9782886114318662
440,-3.7748792190685347,0.9782396970012947
441,-3.8245004587187394,0.9781907850164446
442,-4.455276824566381,0.9781418754771938
443,-4.037720673125146,0.97809296838342
444,-3.674132704331957,0.9780440637350009
445,-3.0684946471532237,0.9779951615318141
446,-3.853696173885043,0.9779462617737376
447,-3.7403946268388273,0.9778973644606489
448,-3.875671780356598,0.9778484695924259
449,-3.8289021181177296,0.9777995771689463
450,-3.534851243248471,0.9777506871900878
451,-5.272785633101816,0.9777017996557283
452,-3.0231369118444893,0.9776529145657455
453,-1.503336855160406,0.9776040319200172
454,-2.7487677539811814,0.9775551517184212
455,-3.0009392554863163,0.9775062739608353
456,-5.04193165885515,0.9774573986471373
457,-3.9452316736820148,0.9774085257772049
458,-4.017362734156739,0.9773596553509161
459,-4.023526059218658,0.9773107873681486
460,-4.588700038628082,0.9772619218287801
461,-3.299304392778255,0.9772130587326887
462,-4.623576727504256,0.9771641980797521
463,-3.0433553699755524,0.9771153398698481
464,-3.8634789699625594,0.9770664841028546
465,-4.934489587881953,0.9770176307786494
466,-3.4333884075642596,0.9769687798971105
467,-2.4664072116263784,0.9769199314581156
468,-4.093396283425552,0.9768710854615427
469,-4.876942933260554,0.9768222419072696
470,-1.6188659683053355,0.9767734007951743
471,-5.24527638040535,0.9767245621251345
472,-4.805176542996357,0.9766757258970282
473,-4.534369139819962,0.9766268921107334
474,-4.410280379261232,0.9765780607661279
475,-3.9179658480794233,0.9765292318630896
476,-4.079146787554059,0.9764804054014965
477,-3.3357832908906553,0.9764315813812264
478,-4.6630495874189934,0.9763827598021574
479,-5.04541321571318,0.9763339406641672
480,-5.1840214058594505,0.9762851239671341
481,-3.7685231361833433,0.9762363097109357
482,-4.958559250112916,0.9761874978954501
483,-4.560226103228935,0.9761386885205553
484,-1.5465355850293154,0.9760898815861293
485,-4.8264142450444645,0.97604107709205
486,-2.114442533375997,0.9759922750381954
487,-1.5558528772735447,0.9759434754244435
488,-1.153746599076954,0.9758946782506722
489,-3.71981218098757,0.9758458835167597
490,-4.361355933774838,0.9757970912225838
491,-2.1405582963791097,0.9757483013680227
492,-4.107629100275493,0.9756995139529543
493,-2.853994130376077,0.9756507289772567
494,-4.0982376716318125,0.9756019464408078
495,-2.6015955692757524,0.9755531663434858
496,-3.4669405561418145,0.9755043886851686
497,-3.8429136529797727,0.9754556134657344
498,-1.5509328148468924,0.9754068406850611
499,-3.522902759509363,0.9753580703430269
500,-3.072110582007258,0.9753093024395098
501,-4.5980099416723945,0.9752605369743877
502,-3.256634059512446,0.975211773947539
503,-4.225777616305251,0.9751630133588416
504,-1.0003679818988789,0.9751142552081736
505,-2.9386413173409554,0.9750654994954132
506,-3.3897425832760844,0.9750167462204384
507,-3.670877619608851,0.9749679953831274
508,-2.960394037104609,0.9749192469833582
509,-3.0506284630285405,0.974870501021009
510,-2.084120825570087,0.974821757495958
511,-3.976924397621821,0.9747730164080832
512,-2.3097979194067917,0.9747242777572628
513,-3.501712565078739,0.9746755415433749
514,-3.792240709040785,0.9746268077662977
515,-4.1695534904246845,0.9745780764259094
516,-3.5332315641149528,0.9745293475220882
517,-3.740527464139258,0.9744806210547121
518,-3.3933315004699964,0.9744318970236594
519,-3.032190861150685,0.9743831754288083
520,-3.4293537704541,0.9743344562700368
521,-3.0762901603461863,0.9742857395472233
522,-2.216982064722576,0.9742370252602459
523,-3.979392452355058,0.9741883134089829
524,-3.738769061924975,0.9741396039933125
525,-2.293986853686606,0.9740908970131128
526,-4.079370198030899,0.9740421924682622
527,-2.8710930305492353,0.9739934903586388
528,-4.928303469787749,0.9739447906841209
529,-3.848109330041387,0.9738960934445867
530,-6.090912037485991,0.9738473986399145
531,-2.781867054968806,0.9737987062699826
532,-3.9854620032258974,0.9737500163346691
533,-4.154371829815574,0.9737013288338523
534,-4.975227472120735,0.9736526437674106
535,-5.528957712243802,0.9736039611352222
536,-4.964818420649757,0.9735552809371655
537,-4.662274554674888,0.9735066031731187
538,-4.2422217488682925,0.97345792784296
539,-3.6876947617640035,0.9734092549465679
540,-1.245751115204123,0.9733605844838206
541,-4.8202443496094265,0.9733119164545964
542,-4.601538468494641,0.9732632508587736
543,-3.5183952120900175,0.9732145876962307
544,-5.483598723058931,0.9731659269668459
545,-5.754505783288346,0.9731172686704975
546,-2.2851788190445963,0.973068612807064
547,-3.824948632493932,0.9730199593764237
548,-4.608512194895384,0.9729713083784549
549,-2.9415624620886702,0.972922659813036
550,-4.226622336446178,0.9728740136800454
551,-4.947411908746638,0.9728253699793614
552,-4.436139600687698,0.9727767287108624
553,-4.591197725310298,0.9727280898744268
554,-4.538826666516562,0.9726794534699331
555,-5.807326645010004,0.9726308194972596
556,-2.389861115434626,0.9725821879562847
557,-4.839022146627858,0.9725335588468869
558,-4.676284899028911,0.9724849321689445
559,-3.8618862829369682,0.972436307922336
560,-2.876813609462255,0.9723876861069399
561,-4.680666822889462,0.9723390667226346
562,-4.797017226487382,0.9722904497692985
563,-2.1531203881732015,0.97224183524681
564,-4.728717823172566,0.9721932231550476
565,-5.027413650081036,0.9721446134938899
566,-5.117183138105938,0.9720960062632152
567,-5.059488433025002,0.9720474014629021
568,-1.5840948853532315,0.971998799092829
569,-4.508210173566228,0.9719501991528744
570,-5.8536922628207595,0.9719016016429167
571,-4.744460725100179,0.9718530065628346
572,-4.333047460666466,0.9718044139125065
573,-2.0909688712116123,0.9717558236918109
574,-1.9355579600823671,0.9717072359006264
575,-4.1047761726164165,0.9716586505388314
576,-1.6053215229388726,0.9716100676063044
577,-5.326159237484737,0.9715614871029241
578,-4.289664833375005,0.971512909028569
579,-5.327061354348675,0.9714643333831176
580,-5.368944452098531,0.9714157601664484
581,-5.034713397742512,0.97136718937844
582,-4.407715277740451,0.9713186210189712
583,-4.6926033191197405,0.9712700550879202
584,-4.543177440459379,0.9712214915851658
585,-3.92473199515154,0.9711729305105865
586,-3.3582598609037335,0.971124371864061
587,-1.3753677814633753,0.9710758156454677
588,-2.406858695893664,0.9710272618546855
589,-3.929458224633672,0.9709787104915928
590,-3.6027166818740897,0.9709301615560683
591,-3.9891712897136298,0.9708816150479904
592,-3.1180079839006556,0.970833070967238
593,-4.046336886293627,0.9707845293136896
594,-1.8861405658337875,0.970735990087224
595,-1.6734654149573736,0.9706874532877197
596,-1.6531430913703966,0.9706389189150553
597,-1.6371569117085452,0.9705903869691095
598,-1.7507060895736684,0.9705418574497611
599,-3.4326112515898477,0.9704933303568886
600,-4.127691142765294,0.9704448056903707
601,-4.196819384520632,0.9703962834500862
602,-3.1577125344983026,0.9703477636359137
603,-3.253113387239867,0.9702992462477319
604,-3.702509652276853,0.9702507312854195
605,-4.029233064791647,0.9702022187488553
606,-2.774270018122699,0.9701537086379178
607,-2.7941167218867813,0.970105200952486
608,-4.102326187836174,0.9700566956924384
609,-2.694250267166665,0.9700081928576537
610,-4.1889290781771,0.9699596924480108
611,-2.2256302632101486,0.9699111944633885
612,-4.015630237605183,0.9698626989036653
613,-4.136227355265854,0.9698142057687201
614,-4.854889035175566,0.9697657150584317
615,-4.008007099004093,0.9697172267726788
616,-2.3781135021372437,0.9696687409113401
617,-2.8246072349559666,0.9696202574742946
618,-1.6493558227835825,0.9695717764614209
619,-3.187071021734438,0.9695232978725978
620,-1.5617637002090698,0.9694748217077042
621,-4.001073445613914,0.9694263479666188
622,-3.216527642016983,0.9693778766492204
623,-5.191890135523269,0.9693294077553879
624,-2.4436879194226826,0.9692809412850001
625,-3.4712307674790353,0.9692324772379358
626,-3.8738920568896793,0.969184015614074
627,-4.2822035094285535,0.9691355564132933
628,-3.4004937643443833,0.9690870996354727
629,-5.220116889264271,0.9690386452804909
630,-4.658028107082421,0.9689901933482269
631,-4.432137993274017,0.9689417438385595
632,-5.531909918308685,0.9688932967513676
633,-5.511917426403976,0.96884485208653
634,-5.083394825116863,0.9687964098439257
635,-5.263079470217466,0.9687479700234335
636,-4.729768281967986,0.9686995326249324
637,-3.5805187257274644,0.9686510976483012
638,-5.442270738508961,0.9686026650934187
639,-4.530416044411256,0.9685542349601641
640,-3.7954363979566206,0.9685058072484162
641,-3.567287988021075,0.9684573819580538
642,-4.081796400077543,0.9684089590889559
643,-4.2351073668814045,0.9683605386410015
644,-1.9427721796468171,0.9683121206140695
645,-5.106726648385857,0.9682637050080387
646,-4.391125659685624,0.9682152918227883
647,-4.048790520785034,0.9681668810581971
648,-4.398444416576031,0.9681184727141442
649,-3.8376769720220736,0.9680700667905084
650,-3.856508567216693,0.9680216632871689
651,-5.722496654729698,0.9679732622040045
652,-4.08746253125806,0.9679248635408942
653,-5.3734427395835755,0.9678764672977173
654,-5.53179565913665,0.9678280734743524
655,-5.273223696392803,0.9677796820706787
656,-4.710674871809552,0.9677312930865751
657,-3.0153370068116496,0.9676829065219208
658,-4.066041683220333,0.9676345223765948
659,-4.119382924718734,0.9675861406504759
660,-3.9621227269588117,0.9675377613434434
661,-5.9818663022684815,0.9674893844553762
662,-3.4107836519988948,0.9674410099861535
663,-4.309016581485601,0.9673926379356541
664,-2.7946572175503395,0.9673442683037573
665,-2.670339172543681,0.9672959010903421
666,-4.112300063439017,0.9672475362952876
667,-5.36305804032634,0.9671991739184729
668,-4.790565452535676,0.967150813959777
669,-5.052629949379492,0.967102456419079
670,-3.8168050549183485,0.967054101296258
671,-4.887750426681534,0.9670057485911933
672,-4.014662466919338,0.9669573983037637
673,-5.14123741421913,0.9669090504338486
674,-5.084619020256357,0.9668607049813269
675,-5.186440659534441,0.9668123619460779
676,-4.5334068975790025,0.9667640213279806
677,-4.704894873039414,0.9667156831269141
678,-5.067561336762783,0.9666673473427578
679,-4.439470555874449,0.9666190139753907
680,-4.965816599609408,0.966570683024692
681,-4.244412568996745,0.9665223544905407
682,-4.904042315903309,0.9664740283728162
683,-2.8743612171488975,0.9664257046713975
684,-4.562836329811537,0.966377383386164
685,-2.479270488992608,0.9663290645169946
686,-2.0110182229153017,0.9662807480637687
687,-4.234785260273058,0.9662324340263656
688,-2.6177617455382616,0.9661841224046643
689,-4.783623524354782,0.9661358131985441
690,-4.898909536508019,0.9660875064078842
691,-3.222845534133546,0.9660392020325638
692,-2.050885882883228,0.9659909000724621
693,-3.53080826858397,0.9659426005274585
694,-3.43658104753396,0.9658943033974321
695,-2.0653576797588835,0.9658460086822622
696,-1.2283216527169514,0.9657977163818281
697,-2.068346173837238,0.965749426496009
698,-3.358595192462965,0.9657011390246842
699,-2.0981440752127574,0.965652853967733
700,-2.243134459693204,0.9656045713250346
701,-3.5240122273580825,0.9655562910964683
702,-3.433418404775369,0.9655080132819135
703,-3.0401083721491347,0.9654597378812494
704,-3.300193116241955,0.9654114648943554
705,-3.3501509200367314,0.9653631943211106
706,-4.078086027872217,0.9653149261613946
707,-2.276168850797303,0.9652666604150865
708,-2.1202191640559693,0.9652183970820657
709,-1.4842368464378042,0.9651701361622116
710,-3.8067370658941924,0.9651218776554035
711,-1.4943393544648005,0.9650736215615207
712,-4.013233620883739,0.9650253678804426
713,-4.263784591949165,0.9649771166120485
714,-3.008795815496474,0.964928867756218
715,-3.5649138795908906,0.9648806213128301
716,-4.031818356103872,0.9648323772817645
717,-4.4750300417481075,0.9647841356629004
718,-3.7156686648190744,0.9647358964561173
719,-4.089351173034389,0.9646876596612945
720,-3.918608240696215,0.9646394252783115
721,-4.583634632044965,0.9645911933070476
722,-3.006598513136917,0.9645429637473822
723,-5.4577166608623005,0.9644947365991948
724,-3.733551072865742,0.9644465118623649
725,-4.759060481178667,0.9643982895367718
726,-2.2497344636319627,0.964350069622295
727,-3.3855865534545124,0.9643018521188138
728,-3.7829300145240117,0.9642536370262079
729,-3.5334032232908874,0.9642054243443566
730,-3.8210692381256983,0.9641572140731394
731,-3.874506925892088,0.9641090062124357
732,-4.139381030019717,0.9640608007621251
733,-3.43302395220662,0.964012597722087
734,-4.487553633418999,0.9639643970922009
735,-4.491935645675976,0.9639161988723464
736,-4.412955930523394,0.9638680030624027
737,-4.479509142537739,0.9638198096622496
738,-4.175756263962314,0.9637716186717664
739,-3.399882805934969,0.9637234300908328
740,-2.7601035736000905,0.9636752439193284
741,-3.0211165528977975,0.9636270601571324
742,-4.210523307524255,0.9635788788041245
743,-3.8672846664433287,0.9635306998601844
744,-2.966784785751591,0.9634825233251914
745,-2.171217184384544,0.9634343491990252
746,-3.796920865759491,0.9633861774815652
747,-3.6239488985210357,0.9633380081726911
748,-4.578501025217842,0.9632898412722825
749,-4.551715118574942,0.9632416767802189
750,-0.9576328599100089,0.9631935146963799
751,-1.5743132173134289,0.9631453550206451
752,-4.796655937900432,0.9630971977528942
753,-1.5946551023888587,0.9630490428930065
754,-2.90738495475369,0.9630008904408619
755,-1.942777195817054,0.9629527403963398
756,-4.389373950934826,0.96290459275932
757,-4.62237686568038,0.9628564475296821
758,-1.4365568616646165,0.9628083047073056
759,-5.122131363049613,0.9627601642920702
760,-4.277414773849516,0.9627120262838557
761,-4.483519530371765,0.9626638906825414
762,-4.18251821503994,0.9626157574880073
763,-1.7010052306719161,0.962567626700133
764,-4.900395453686,0.9625194983187979
765,-4.01569242060484,0.962471372343882
766,-4.672777170973744,0.9624232487752649
767,-4.115977690247599,0.9623751276128261
768,-4.976568710011149,0.9623270088564454
769,-4.364596985465047,0.9622788925060026
770,-4.8768667812695465,0.9622307785613773
771,-4.955882776286485,0.9621826670224493
772,-4.529109924698977,0.9621345578890982
773,-5.491734004653337,0.9620864511612037
774,-4.873607710530123,0.9620383468386456
775,-4.25259139829711,0.9619902449213037
776,-2.12500069580637,0.9619421454090576
777,-4.749456311277671,0.9618940483017872
778,-5.059875548692027,0.9618459535993721
779,-4.961360547975609,0.9617978613016921
780,-4.412812197622675,0.961749771408627
781,-3.484950105163939,0.9617016839200566
782,-1.8787176092950568,0.9616535988358607
783,-4.406792066350828,0.9616055161559188
784,-4.419669726779961,0.961557435880111
785,-3.8554007681477955,0.961509358008317
786,-4.747052275366105,0.9614612825404166
787,-3.650622519092881,0.9614132094762896
788,-2.84071419536719,0.9613651388158158
789,-1.8244354744455922,0.9613170705588749
790,-3.224008004530807,0.961269004705347
791,-1.6742687011793325,0.9612209412551118
792,-3.6853176359218334,0.961172880208049
793,-1.6690848414977957,0.9611248215640387
794,-3.3216186143243513,0.9610767653229605
795,-3.929949625011424,0.9610287114846944
796,-4.410707136918594,0.9609806600491202
797,-3.846286202356935,0.9609326110161177
798,-5.494366592149126,0.9608845643855669
799,-3.9116628271448115,0.9608365201573477
800,-2.8174978810218887,0.9607884783313398
801,-4.477193631529879,0.9607404389074233
802,-3.7339155399610435,0.960692401885478
803,-3.463845547226806,0.9606443672653837
804,-1.8258323448452942,0.9605963350470205
805,-1.709440716861132,0.9605483052302681
806,-3.8479483640035568,0.9605002778150066
807,-4.200476336292727,0.9604522528011158
808,-4.336322119327943,0.9604042301884758
809,-3.0990378773492013,0.9603562099769664
810,-1.024916212186373,0.9603081921664676
811,-4.179037491860482,0.9602601767568593
812,-3.6285438308846834,0.9602121637480214
813,-3.62357616814195,0.960164153139834
814,-3.591643103036539,0.9601161449321771
815,-3.7242029485791086,0.9600681391249305
816,-1.6071538701146042,0.9600201357179743
817,-5.327541327539073,0.9599721347111884
818,-5.441532016573515,0.9599241361044528
819,-5.341242640450295,0.9598761398976476
820,-1.7491090133790932,0.9598281460906528
821,-2.888526513761629,0.9597801546833483
822,-3.887475314660393,0.9597321656756141
823,-2.830673545127789,0.9596841790673304
824,-1.7226455630765387,0.959636194858377
825,-3.395974235366647,0.9595882130486342
826,-4.168442605417069,0.9595402336379818
827,-2.0802323710993527,0.9594922566262999
828,-5.008065024977575,0.9594442820134685
829,-4.9954699233746265,0.9593963097993679
830,-5.3673655285619475,0.9593483399838779
831,-4.407146055330559,0.9593003725668787
832,-4.784367872722311,0.9592524075482504
833,-4.332513615479801,0.9592044449278729
834,-4.238626568660138,0.9591564847056265
835,-5.291499803220184,0.9591085268813913
836,-3.7785899781596575,0.9590605714550472
837,-3.601490515983316,0.9590126184264745
838,-4.65450416786374,0.9589646677955531
839,-2.738782828017734,0.9589167195621633
840,-4.299074303418646,0.9588687737261852
841,-5.279236665568989,0.9588208302874989
842,-4.585539068313287,0.9587728892459845
843,-4.898058237316571,0.9587249506015222
844,-4.954909845980772,0.9586770143539921
845,-3.338285169951677,0.9586290805032744
846,-3.7615146400350854,0.9585811490492493
847,-6.041132897810957,0.9585332199917969
848,-4.99429185159418,0.9584852933307972
849,-5.274154686640219,0.9584373690661308
850,-5.439850280088226,0.9583894471976775
851,-2.5650894331388048,0.9583415277253177
852,-2.009380836990771,0.9582936106489314
853,-4.701758086306045,0.9582456959683989
854,-4.322755188170441,0.9581977836836005
855,-5.512960751316823,0.9581498737944164
856,-4.664062304765695,0.9581019663007266
857,-4.862959379538159,0.9580540612024117
858,-5.077830019447141,0.9580061584993516
859,-4.8899099345206585,0.9579582581914265
860,-4.006597455704784,0.957910360278517
861,-5.388400598403359,0.9578624647605031
862,-5.216627289249278,0.957814571637265
863,-4.434349962982708,0.9577666809086831
864,-5.6501653661276645,0.9577187925746377
865,-4.397862548700684,0.957670906635009
866,-2.923437824828227,0.9576230230896773
867,-5.879354330718209,0.9575751419385228
868,-4.664959632517997,0.9575272631814259
869,-4.212109302984814,0.9574793868182668
870,-4.320189687322259,0.9574315128489259
871,-5.112745854472278,0.9573836412732835
872,-4.854364407061969,0.9573357720912198
873,-4.911049374423594,0.9572879053026152
874,-5.133776920144949,0.95724004090735
875,-4.004138202736241,0.9571921789053047
876,-5.413673412610928,0.9571443192963595
877,-4.369720839386794,0.9570964620803947
878,-3.42484852506058,0.9570486072572907
879,-3.89846475030319,0.9570007548269278
880,-4.1214810779368785,0.9569529047891865
881,-1.7887610058261378,0.956905057143947
882,-2.5411051508784954,0.9568572118910899
883,-3.5520587503913736,0.9568093690304953
884,-3.576476583214899,0.9567615285620438
885,-4.297279434598778,0.9567136904856157
886,-3.714707442372216,0.9566658548010915
887,-2.801876580232595,0.9566180215083514
888,-4.129825183823272,0.956570190607276
889,-4.075354776501209,0.9565223620977457
890,-4.694879895287146,0.9564745359796408
891,-2.22320351302531,0.9564267122528418
892,-4.395848193260093,0.9563788909172292
893,-1.4699761230995785,0.9563310719726833
894,-4.558546147788123,0.9562832554190847
895,-3.1764307359322785,0.9562354412563137
896,-3.4192916670881974,0.9561876294842508
897,-3.5689494593343376,0.9561398201027766
898,-3.254120583085362,0.9560920131117715
899,-4.09296068074657,0.9560442085111159
900,-1.1939727212846507,0.9559964063006904
901,-2.4651806243186285,0.9559486064803754
902,-3.749918595718259,0.9559008090500514
903,-3.3278633608613744,0.9558530140095989
904,-3.1823773396077337,0.9558052213588984
905,-3.0034917487557977,0.9557574310978305
906,-3.8533607183262353,0.9557096432262756
907,-1.4980409258912122,0.9556618577441143
908,-4.563258917081864,0.955614074651227
909,-3.252844245824548,0.9555662939474945
910,-3.3257273625852006,0.9555185156327971
911,-5.601561520330296,0.9554707397070155
912,-3.8105399731816014,0.9554229661700301
913,-3.800327572918153,0.9553751950217216
914,-2.9675682608891654,0.9553274262619705
915,-2.020554410470006,0.9552796598906574
916,-2.014883151214214,0.9552318959076629
917,-4.0689641323107635,0.9551841343128675
918,-3.960787928524029,0.9551363751061519
919,-2.9696863252874053,0.9550886182873966
920,-3.6677318552603912,0.9550408638564822
921,-4.237592866606394,0.9549931118132894
922,-1.255874317785013,0.9549453621576988
923,-4.828481596168719,0.9548976148895909
924,-2.23021283644928,0.9548498700088465
925,-0.8683026120704709,0.954802127515346
926,-3.860998071271655,0.9547543874089702
927,-3.310991698415819,0.9547066496895998
928,-5.456796504734759,0.9546589143571154
929,-2.8779908025088874,0.9546111814113976
930,-2.9201909683547047,0.954563450852327
931,-2.6422913484451804,0.9545157226797844
932,-0.8316888744200924,0.9544679968936504
933,-3.972739708248703,0.9544202734938056
934,-3.668805722751465,0.954372552480131
935,-5.541558283922047,0.954324833852507
936,-4.632752944270697,0.9542771176108144
937,-3.9682988463494144,0.9542294037549338
938,-2.135379198160413,0.954181692284746
939,-5.052840773104964,0.9541339832001318
940,-3.4843425610706484,0.9540862765009718
941,-3.593836389122746,0.9540385721871467
942,-4.580015763865813,0.9539908702585373
943,-4.60662453258178,0.9539431707150244
944,-5.277550446179502,0.9538954735564887
945,-4.980323419920917,0.9538477787828109
946,-3.333016957777203,0.9538000863938718
947,-5.021152804815112,0.9537523963895521
948,-3.9991979418234265,0.9537047087697327
949,-4.516853064820564,0.9536570235342942
950,-4.717200087598387,0.9536093406831174
951,-4.920585721954596,0.9535616602160832
952,-3.789705232709594,0.9535139821330725
953,-5.308283050835547,0.9534663064339658
954,-1.492166082876119,0.953418633118644
955,-5.699728243807337,0.9533709621869881
956,-4.872457743796067,0.9533232936388788
957,-4.501082075668487,0.9532756274741968
958,-4.555868371129556,0.9532279636928231
959,-3.9857780464279378,0.9531803022946385
960,-4.546686196269604,0.9531326432795237
961,-3.889225290689344,0.9530849866473597
962,-2.6058222925220527,0.9530373323980273
963,-4.653584988517812,0.9529896805314074
964,-4.992538189628582,0.9529420310473808
965,-5.316129901410671,0.9528943839458285
966,-4.0211274201202665,0.9528467392266312
967,-4.7754983073810955,0.9527990968896699
968,-3.792979857132983,0.9527514569348254
969,-4.138686394545667,0.9527038193619787
970,-4.5504133678624665,0.9526561841710106
971,-5.614715420608713,0.9526085513618021
972,-4.2163392955320695,0.9525609209342341
973,-5.403995556045592,0.9525132928881873
974,-4.366869832381035,0.9524656672235429
975,-2.2941124992856805,0.9524180439401817
976,-4.555703529973895,0.9523704230379847
977,-1.1839496674842882,0.9523228045168328
978,-3.3816590108376916,0.952275188376607
979,-2.2495174602269747,0.9522275746171881
980,-4.32495716596128,0.9521799632384572
981,-3.552896151843261,0.9521323542402953
982,-3.9972539389702435,0.9520847476225833
983,-3.423382694578975,0.9520371433852022
984,-3.396377718819139,0.951989541528033
985,-1.1500895781644513,0.9519419420509565
986,-3.860170714832708,0.9518943449538539
987,-3.2139511829858693,0.9518467502366063
988,-3.2413239294487655,0.9517991578990944
989,-3.6422282385435087,0.9517515679411994
990,-2.045048900154836,0.9517039803628023
991,-3.5674062096201964,0.9516563951637842
992,-4.849820595052735,0.9516088123440261
993,-1.2109522854015522,0.9515612319034089
994,-3.010462209854336,0.9515136538418137
995,-3.519162971866571,0.9514660781591217
996,-3.820546027674766,0.9514185048552137
997,-3.3884796334749776,0.951370933929971
998,-3.8382187606298563,0.9513233653832744
999,-2.498078472475267,0.9512757992150053
1000,-1.6572383269466817,0.9512282354250445
1001,-2.9162839691050944,0.9511806740132733
1002,-3.7823840148164933,0.9511331149795726
1003,-3.6530171573178065,0.9510855583238237
1004,-1.6358390277551984,0.9510380040459075
1005,-4.578977213455475,0.9509904521457052
1006,-3.951418971659664,0.9509429026230979
1007,-2.2422542914444517,0.9508953554779668
1008,-5.533335117597409,0.9508478107101929
1009,-4.648726292104551,0.9508002683196574
1010,-5.672209515748353,0.9507527283062414
1011,-3.938503496521725,0.9507051906698261
1012,-2.8404828205542927,0.9506576554102926
1013,-1.7603639742554544,0.9506101225275221
1014,-3.690553574761381,0.9505625920213957
1015,-4.844082749610719,0.9505150638917946
1016,-4.45604752509472,0.9504675381386001
1017,-5.348083017012383,0.9504200147616931
1018,-3.8572310703092967,0.950372493760955
1019,-5.44884235830858,0.950324975136267
1020,-1.761304675087644,0.9502774588875103
1021,-5.339907928790965,0.9502299450145659
1022,-4.816020612360686,0.9501824335173152
1023,-5.0242321654012105,0.9501349243956394
1024,-3.88535124520971,0.9500874176494196
1025,-4.230978443589166,0.9500399132785372
1026,-2.9544743828517492,0.9499924112828733
1027,-1.8455836888049937,0.9499449116623091
1028,-5.002341344057087,0.949897414416726
1029,-4.432250912563951,0.9498499195460052
1030,-3.8299296775678533,0.9498024270500279
1031,-4.080462236749472,0.9497549369286754
1032,-4.581437967450228,0.949707449181829
1033,-4.230097242580234,0.9496599638093699
1034,-4.850548535823451,0.9496124808111794
1035,-4.866310949932366,0.9495650001871389
1036,-4.754798350010866,0.9495175219371295
1037,-4.56923928055891,0.9494700460610326
1038,-4.871174927883414,0.9494225725587295
1039,-4.707896815814414,0.9493751014301016
1040,-4.931457495424768,0.9493276326750302
1041,-4.750022363059189,0.9492801662933964
1042,-5.231402434000861,0.9492327022850817
1043,-4.5010178619396175,0.9491852406499675
1044,-5.884879824590663,0.9491377813879349
1045,-3.935369087343995,0.9490903244988655
1046,-5.148096147010062,0.9490428699826406
1047,-5.529216229046451,0.9489954178391415
1048,-4.859082875090188,0.9489479680682495
1049,-4.540589422724894,0.9489005206698461
1050,-4.099532073489598,0.9488530756438126
1051,-4.804438233017575,0.9488056329900304
1052,-4.632567148830464,0.9487581927083809
1053,-4.445799009123192,0.9487107547987454
1054,-4.505731704060093,0.9486633192610056
1055,-4.518771436865389,0.9486158860950425
1056,-2.1031873472041296,0.9485684553007379
1057,-5.3357374013703645,0.9485210268779728
1058,-5.186151726631383,0.9484736008266289
1059,-4.112794846266904,0.9484261771465876
1060,-4.734976224842214,0.9483787558377302
1061,-5.0108822358667435,0.9483313368999383
1062,-4.8931232298460845,0.9482839203330933
1063,-3.8721736542191216,0.9482365061370767
1064,-5.877816108796415,0.9481890943117698
1065,-4.348327628278907,0.9481416848570542
1066,-5.24199413358844,0.9480942777728113
1067,-4.490897401020338,0.9480468730589227
1068,-3.4694636442348687,0.9479994707152697
1069,-5.65340498984493,0.9479520707417339
1070,-4.484027214272633,0.9479046731381968
1071,-4.6125007822206605,0.9478572779045399
1072,-5.579359046208552,0.9478098850406447
1073,-5.663962575334812,0.9477624945463926
1074,-4.64648289015928,0.9477151064216653
1075,-5.164649056987853,0.9476677206663443
1076,-3.468223853845874,0.947620337280311
1077,-2.7577259066875315,0.9475729562634471
1078,-1.1931781432080504,0.9475255776156339
1079,-4.368515210139758,0.9474782013367532
1080,-1.9963599544339405,0.9474308274266864
1081,-1.998005180124703,0.947383455885315
1082,-4.423943577415098,0.9473360867125208
1083,-4.307883715287457,0.9472887199081852
1084,-3.695545713817286,0.9472413554721898
1085,-2.3722809401594733,0.9471939934044162
1086,-4.648858212701852,0.947146633704746
1087,-4.463252109251772,0.9470992763730608
1088,-2.390902271973241,0.9470519214092421
1089,-3.8468554591010626,0.9470045688131716
1090,-3.3450892029334613,0.946957218584731
1091,-3.6230641514900297,0.9469098707238018
1092,-1.9726914305885601,0.9468625252302657
1093,-2.3261241596017643,0.9468151821040042
1094,-2.0725941079021735,0.946767841344899
1095,-3.0733933191913807,0.9467205029528317
1096,-3.8963850280592194,0.9466731669276841
1097,-2.0895202495685283,0.9466258332693377
1098,-1.1501963038917993,0.9465785019776742
1099,-4.432868358397073,0.9465311730525754
1100,-3.3299801277962384,0.9464838464939228
1101,-3.3213448197879116,0.9464365223015981
1102,-4.668877343809674,0.946389200475483
1103,-1.8289499233834245,0.9463418810154592
1104,-2.130498163960047,0.9462945639214084
1105,-1.9462084731538003,0.9462472491932123
1106,-3.3148660115375144,0.9461999368307527
1107,-4.189350881938022,0.9461526268339111
1108,-3.9329834812076854,0.9461053192025695
1109,-2.7887371095964726,0.9460580139366094
1110,-3.822811944304746,0.9460107110359125
1111,-4.899562260577117,0.9459634105003607
1112,-3.973861191340707,0.9459161123298356
1113,-4.253280488970045,0.9458688165242192
1114,-3.7618035934909653,0.945821523083393
1115,-3.4673271022477503,0.9457742320072388
1116,-3.3335844945819892,0.9457269432956384
1117,-3.9170426208676874,0.9456796569484737
1118,-3.948046298085405,0.9456323729656263
1119,-3.309489053776188,0.945585091346978
1120,-3.2973325835793137,0.9455378120924106
1121,-1.8031167710995133,0.945490535201806
1122,-1.7414298786010827,0.9454432606750459
1123,-3.7692900518869616,0.9453959885120121
1124,-1.7952665184573249,0.9453487187125865
1125,-1.6867251930026388,0.9453014512766509
1126,-3.9801781723520877,0.9452541862040871
1127,-3.1942107800129445,0.9452069234947769
1128,-3.2330073601559572,0.9451596631486021
1129,-3.235431425791122,0.9451124051654447
1130,-4.162266164046158,0.9450651495451864
1131,-4.492636117542892,0.9450178962877092
1132,-3.465039184473387,0.9449706453928948
1133,-3.095978697308162,0.9449233968606251
1134,-3.365337777767037,0.9448761506907821
1135,-4.056755879805349,0.9448289068832476
1136,-2.955379691003829,0.9447816654379034
1137,-2.442033476934943,0.9447344263546316
1138,-2.7284441313048067,0.9446871896333139
1139,-4.052001418232799,0.9446399552738323
1140,-3.4384646452011656,0.9445927232760686
1141,-4.410391140930635,0.9445454936399048
1142,-5.343930807032202,0.9444982663652228
1143,-2.583103373448248,0.9444510414519046
1144,-4.07384435493277,0.944403818899832
1145,-4.214867753499204,0.9443565987088871
1146,-4.004945760252334,0.9443093808789517
1147,-4.992013085580691,0.9442621654099077
1148,-4.9193650618936005,0.9442149523016372
1149,-6.040196519700137,0.9441677415540222
1150,-3.9491796114619353,0.9441205331669444
1151,-4.44137041890181,0.9440733271402861
1152,-5.548007064172342,0.9440261234739291
1153,-5.120654257971304,0.9439789221677555
1154,-4.388293821519463,0.9439317232216471
1155,-4.875144381400488,0.943884526635486
1156,-4.573529854278517,0.9438373324091542
1157,-5.1355385024576385,0.9437901405425337
1158,-4.747997731760219,0.9437429510355066
1159,-4.463960953573425,0.9436957638879548
1160,-5.05794179357052,0.9436485790997604
1161,-4.558744084254851,0.9436013966708054
1162,-3.978488716502908,0.9435542166009719
1163,-5.488067093607697,0.9435070388901419
1164,-5.050935312308833,0.9434598635381973
1165,-5.885796287886377,0.9434126905450204
1166,-4.504075768325803,0.9433655199104932
1167,-4.5330929857057205,0.9433183516344977
1168,-6.020620641332223,0.943271185716916
1169,-2.2918354487957213,0.9432240221576302
1170,-4.25482966252131,0.9431768609565223
1171,-5.515466666782868,0.9431297021134745
1172,-3.4477297392304767,0.9430825456283688
1173,-1.2425267328193679,0.9430353915010874
1174,-4.032126427487882,0.9429882397315124
1175,-3.259746882659395,0.9429410903195258
1176,-1.4284209394767915,0.9428939432650099
1177,-1.3732981253275178,0.9428467985678466
1178,-3.037877066455241,0.9427996562279182
1179,-1.4789231459324794,0.9427525162451068
1180,-2.3430763395469003,0.9427053786192946
1181,-3.666329533134499,0.9426582433503636
1182,-1.4959507144387993,0.9426111104381961
1183,-3.889869723511109,0.9425639798826743
1184,-4.607360128743273,0.9425168516836802
1185,-3.033633544419041,0.942469725841096
1186,-1.3087444378846376,0.9424226023548039
1187,-1.4265216212840586,0.9423754812246862
1188,-1.6930574406470433,0.9423283624506249
1189,-3.4693319491938803,0.9422812460325024
1190,-3.923807161837109,0.9422341319702008
1191,-4.350487215722336,0.9421870202636022
1192,-1.1563360810676802,0.9421399109125891
1193,-5.224924502728122,0.9420928039170434
1194,-4.406395000759715,0.9420456992768476
1195,-4.869745114448693,0.9419985969918837
1196,-1.5765771475070496,0.9419514970620341
1197,-3.714889373514276,0.941904399487181
1198,-4.583333276834739,0.9418573042672066
1199,-2.8619407052338017,0.9418102114019933
1200,-3.04306358191147,0.9417631208914232
1201,-4.461291200970027,0.9417160327353786
1202,-3.4540006705788473,0.9416689469337418
1203,-4.614895063560914,0.9416218634863951
1204,-1.3724022655163186,0.9415747823932208
1205,-3.8678901114813886,0.9415277036541011
1206,-1.5631209185331771,0.9414806272689183
1207,-3.336977466335602,0.941433553237555
1208,-2.394796301615532,0.9413864815598931
1209,-4.972113372342763,0.9413394122358152
1210,-3.9929663783496823,0.9412923452652034
1211,-3.685199653005121,0.9412452806479402
1212,-3.7511979309918613,0.9411982183839078
1213,-3.097538077371146,0.9411511584729886
1214,-3.319636977521615,0.9411041009150649
1215,-2.976057403158758,0.9410570457100191
1216,-3.4409504891646616,0.9410099928577337
1217,-3.129879080908941,0.9409629423580907
1218,-1.4707065486200788,0.9409158942109729
1219,-4.044050222863036,0.9408688484162623
1220,-3.6614202763281285,0.9408218049738415
1221,-4.110149600980573,0.9407747638835928
1222,-2.1499019272394673,0.9407277251453986
1223,-3.0723747808581185,0.9406806887591413
1224,-4.307946050792599,0.9406336547247034
1225,-4.071187650483824,0.9405866230419672
1226,-3.4958024962609215,0.9405395937108151
1227,-3.2057954965548423,0.9404925667311296
1228,-4.43388036734358,0.9404455421027931
1229,-4.424534999871886,0.9403985198256879
1230,-4.024227185884158,0.9403514998996966
1231,-3.28004925466535,0.9403044823247015
1232,-3.7055907723255554,0.9402574671005853
1233,-3.3009205401704227,0.9402104542272303
1234,-2.6708074452706354,0.9401634437045189
1235,-4.839306423754591,0.9401164355323337
1236,-2.5106521258308403,0.9400694297105571
1237,-4.476535695843226,0.9400224262390715
1238,-2.5352280496189152,0.9399754251177596
1239,-4.3977775064993985,0.9399284263465036
1240,-5.3865894744186456,0.9398814299251863
1241,-4.4004454129136725,0.9398344358536901
1242,-4.844215926977693,0.9397874441318974
1243,-3.718773707956255,0.9397404547596908
1244,-4.8868912709619465,0.9396934677369528
1245,-3.0808851107013586,0.939646483063566
1246,-3.5841805581847526,0.9395995007394129
1247,-5.291997915111118,0.9395525207643759
1248,-4.573532354866353,0.9395055431383377
1249,-5.31155190934502,0.9394585678611808
1250,-4.917878816944272,0.9394115949327877
1251,-5.714556638438218,0.939364624353041
1252,-4.4795199864974204,0.9393176561218234
1253,-5.454650072823872,0.9392706902390173
1254,-3.678149539123283,0.9392237267045054
1255,-5.208863001979113,0.9391767655181702
1256,-4.922672099640777,0.9391298066798943
1257,-3.3633929086294168,0.9390828501895603
1258,-1.5906640422053377,0.9390358960470508
1259,-4.680304454909324,0.9389889442522485
1260,-4.616703318202634,0.9389419948050359
1261,-4.664480465651188,0.9388950477052956
1262,-4.306489188009618,0.9388481029529103
1263,-3.17477009770146,0.9388011605477626
1264,-4.372055224380322,0.9387542204897352
1265,-4.244025447255892,0.9387072827787107
1266,-5.53937470369611,0.9386603474145718
1267,-3.4493777240313683,0.9386134143972011
1268,-4.7957800957270385,0.9385664837264813
1269,-3.4861662453791054,0.938519555402295
1270,-3.833278906750915,0.9384726294245249
1271,-3.3077517280137014,0.9384257057930537
1272,-3.449633985303553,0.9383787845077641
1273,-4.0720142501297225,0.9383318655685388
1274,-4.422247456397607,0.9382849489752604
1275,-4.411306837966503,0.9382380347278116
1276,-2.7796964412707488,0.9381911228260753
1277,-3.1504502698206864,0.938144213269934
1278,-3.762485969503504,0.9380973060592706
1279,-1.854809824067023,0.9380504011939675
1280,-3.1209523489744564,0.9380034986739079
1281,-1.6496910628018653,0.9379565984989742
1282,-4.694852699046454,0.9379097006690492
1283,-3.3960670447447443,0.9378628051840158
1284,-3.9621472226516414,0.9378159120437566
1285,-1.303252773130834,0.9377690212481544
1286,-3.808026785668306,0.937722132797092
1287,-3.8873807063656716,0.9376752466904522
1288,-3.1247099538928924,0.9376283629281177
1289,-2.611081838966668,0.9375814815099713
1290,-2.945070466753232,0.9375346024358958
1291,-2.759804736191219,0.937487725705774
1292,-2.2315827252008247,0.9374408513194887
1293,-3.9140657282606908,0.9373939792769228
1294,-4.39099094600353,0.937347109577959
1295,-4.065886693053079,0.9373002422224801
1296,-2.532425490653612,0.9372533772103689
1297,-3.062857639676469,0.9372065145415084
1298,-2.309316234450632,0.9371596542157813
1299,-3.470731180843897,0.9371127962330705
1300,-4.0042524347766975,0.9370659405932589
1301,-4.012844246428928,0.9370190872962292
1302,-1.6493298407844326,0.9369722363418643
1303,-3.8730542345179355,0.9369253877300472
1304,-3.1236743650988266,0.9368785414606607
1305,-2.2278345246006888,0.9368316975335877
1306,-1.0160367269968464,0.9367848559487111
1307,-2.944661407671176,0.9367380167059136
1308,-3.5144609360019587,0.9366911798050783
1309,-1.3348232196213772,0.9366443452460881
1310,-2.9973819162527615,0.9365975130288258
1311,-3.4768870567122505,0.9365506831531744
1312,-3.0568181777567753,0.9365038556190167
1313,-1.7264218282375348,0.9364570304262357
1314,-3.2039496242352707,0.9364102075747144
1315,-4.349893287091856,0.9363633870643356
1316,-3.772053494095055,0.9363165688949824
1317,-1.6518754017351727,0.9362697530665376
1318,-1.6364529296513983,0.9362229395788843
1319,-3.9005278954484277,0.9361761284319053
1320,-3.5407661841825098,0.9361293196254837
1321,-2.7376874022904665,0.9360825131595024
1322,-4.677543764029874,0.9360357090338445
1323,-4.529128364211298,0.9359889072483928
1324,-3.8156648847354604,0.9359421078030303
1325,-4.772720752521166,0.9358953106976402
1326,-1.3760148318107892,0.9358485159321053
1327,-4.09825819233759,0.9358017235063086
1328,-3.67977690473439,0.9357549334201333
1329,-5.024880977361024,0.9357081456734623
1330,-4.7796356003796525,0.9356613602661786
1331,-2.0481815608829512,0.9356145771981653
1332,-5.621588271678235,0.9355677964693054
1333,-4.896051874848478,0.935521018079482
1334,-3.757145459872241,0.935474242028578
1335,-3.9074576273296002,0.9354274683164766
1336,-4.794390395916205,0.9353806969430608
1337,-4.335838487634707,0.9353339279082137
1338,-2.9039696876978827,0.9352871612118183
1339,-4.765102987284484,0.9352403968537577
1340,-4.8110237766793436,0.935193634833915
1341,-4.322207019740264,0.9351468751521733
1342,-3.7965504906737397,0.9351001178084157
1343,-4.099828625955262,0.9350533628025253
1344,-4.526383851356494,0.9350066101343851
1345,-3.174008782448764,0.9349598598038784
1346,-5.037545545103665,0.9349131118108882
1347,-4.242038018220351,0.9348663661552977
1348,-5.034950586624929,0.9348196228369899
1349,-3.7523302558282867,0.9347728818558481
1350,-4.300924998677104,0.9347261432117553
1351,-4.5510529808321465,0.9346794069045947
1352,-3.5848598068063415,0.9346326729342495
1353,-2.2371298731858267,0.9345859413006028
1354,-4.984151252741815,0.9345392120035377
1355,-3.8337603702112735,0.9344924850429376
1356,-3.757715561580052,0.9344457604186854
1357,-4.289596728992898,0.9343990381306645
1358,-4.476008136539151,0.934352318178758
1359,-5.222622833985321,0.9343056005628491
1360,-4.890951542687477,0.934258885282821
1361,-3.9812279705483298,0.9342121723385568
1362,-3.6743126966382684,0.9341654617299399
1363,-4.610951929324126,0.9341187534568534
1364,-2.965481832037403,0.9340720475191805
1365,-3.695415257444581,0.9340253439168046
1366,-4.309520591673111,0.9339786426496087
1367,-1.4594740494975365,0.9339319437174762
1368,-4.489931385595364,0.9338852471202904
1369,-1.8745867155522922,0.9338385528579344
1370,-5.091280278369175,0.9337918609302915
1371,-2.4748442511407873,0.933745171337245
1372,-3.582174646371244,0.9336984840786782
1373,-4.395401902034259,0.9336517991544743
1374,-1.839010184405173,0.9336051165645165
1375,-3.439202571563235,0.9335584363086883
1376,-3.130634506486049,0.9335117583868728
1377,-2.9071105096334433,0.9334650827989535
1378,-3.9846691601464777,0.9334184095448135
1379,-3.340975171751119,0.9333717386243362
1380,-3.8366798545018015,0.933325070037405
1381,-3.876339109662308,0.933278403783903
1382,-2.9640324513467364,0.9332317398637139
1383,-4.782840666398742,0.9331850782767207
1384,-2.651113288352221,0.9331384190228069
1385,-1.6151117147603045,0.9330917621018557
1386,-3.349217035118723,0.9330451075137507
1387,-1.5507114138567175,0.932998455258375
1388,-4.665292571246308,0.9329518053356121
1389,-4.504082006197448,0.9329051577453453
1390,-3.1088656827110945,0.9328585124874581
1391,-4.222670484163577,0.9328118695618337
1392,-2.9985261776140835,0.9327652289683557
1393,-1.1849106592795338,0.9327185907069072
1394,-2.0547163675605624,0.9326719547773719
1395,-3.3537274874695595,0.932625321179633
1396,-4.403100485235142,0.9325786899135741
1397,-4.207689382745793,0.9325320609790784
1398,-4.057218223091942,0.9324854343760294
1399,-3.6897260906232106,0.9324388101043106
1400,-3.516784672547029,0.9323921881638054
1401,-3.0404999450162156,0.9323455685543972
1402,-3.6302055380209177,0.9322989512759695
1403,-2.8765477129208517,0.9322523363284058
1404,-3.1349193971785243,0.9322057237115894
1405,-3.56035886058965,0.9321591134254038
1406,-4.782922700020331,0.9321125054697326
1407,-3.6344477181764074,0.9320658998444591
1408,-5.303581129943039,0.9320192965494669
1409,-4.535261320436183,0.9319726955846395
1410,-4.715648392717508,0.9319260969498603
1411,-3.2093950282299106,0.9318795006450128
1412,-2.940596818408061,0.9318329066699805
1413,-4.584476735755324,0.931786315024647
1414,-4.632181780815633,0.9317397257088958
1415,-5.414138491756901,0.9316931387226104
1416,-4.705449806653846,0.9316465540656743
1417,-4.738149239876057,0.931599971737971
1418,-2.511111285257557,0.9315533917393841
1419,-2.753331003017532,0.9315068140697972
1420,-4.181941655633439,0.9314602387290937
1421,-4.675688020033425,0.9314136657171572
1422,-5.112783790617003,0.9313670950338714
1423,-5.4012526615947944,0.9313205266791197
1424,-3.9813751223905713,0.9312739606527858
1425,-5.578961955898586,0.9312273969547531
1426,-3.611294656913361,0.9311808355849054
1427,-5.027119996151187,0.9311342765431262
1428,-3.83296809288472,0.931087719829299
1429,-4.942085404354185,0.9310411654433076
1430,-4.8882920630689055,0.9309946133850354
1431,-5.548375617800132,0.9309480636543662
1432,-2.55520999555062,0.9309015162511836
1433,-5.821368270960718,0.930854971175371
1434,-5.55647749333635,0.9308084284268122
1435,-3.789458697629784,0.9307618880053908
1436,-2.5533573970060575,0.9307153499109906
1437,-5.287407099963616,0.930668814143495
1438,-4.3986839925459815,0.9306222807027879
1439,-4.39723495068854,0.9305757495887527
1440,-4.552808165911862,0.9305292208012732
1441,-4.905071320596194,0.9304826943402331
1442,-4.687527949654107,0.9304361702055162
1443,-4.633486151128283,0.9303896483970059
1444,-5.227911582971446,0.930343128914586
1445,-3.821758960875409,0.9302966117581403
1446,-4.469606683937052,0.9302500969275523
1447,-4.659412043675489,0.930203584422706
1448,-2.5037935285958515,0.9301570742434849
1449,-4.1757053841966,0.9301105663897727
1450,-4.422718575447979,0.9300640608614532
1451,-4.626643083913731,0.9300175576584101
1452,-3.447909821790553,0.9299710567805272
1453,-3.1564965778366014,0.9299245582276882
1454,-4.429651399733792,0.9298780619997767
1455,-4.426425545529004,0.9298315680966768
1456,-5.444538706228606,0.9297850765182719
1457,-4.865723374993668,0.929738587264446
1458,-4.890415606843961,0.9296921003350828
1459,-5.1792093976967655,0.929645615730066
1460,-3.431391385053458,0.9295991334492795
1461,-5.3709719134686065,0.929552653492607
1462,-3.9145757489499715,0.9295061758599323
1463,-4.570356466589319,0.9294597005511394
1464,-5.13102368793071,0.9294132275661118
1465,-1.8873021453793992,0.9293667569047335
1466,-3.5096193100339765,0.9293202885668882
1467,-4.787410152341744,0.9292738225524598
1468,-1.7101641521732978,0.9292273588613322
1469,-3.743487092219461,0.9291808974933892
1470,-3.0937234693674514,0.9291344384485145
1471,-3.5176180283177336,0.9290879817265921
1472,-3.2185844383737123,0.9290415273275058
1473,-2.558188966997329,0.9289950752511394
1474,-4.228280601188814,0.9289486254973769
1475,-1.5388253707345736,0.928902178066102
1476,-1.3901782620119434,0.9288557329571987
1477,-2.2169007614970067,0.9288092901705508
1478,-3.0130086204319104,0.9287628497060423
1479,-3.6368376747581186,0.928716411563557
1480,-2.955537183926162,0.9286699757429788
1481,-3.1436268372798897,0.9286235422441916
1482,-3.5423098644240723,0.9285771110670794
1483,-4.128723987132306,0.928530682211526
1484,-4.49932207319978,0.9284842556774154
1485,-1.703594491380041,0.9284378314646315
1486,-3.090965954486397,0.9283914095730583
1487,-3.072091302198797,0.9283449900025796
1488,-3.5464758457877688,0.9282985727530795
1489,-3.2555222843110436,0.9282521578244418
1490,-4.056244689314144,0.9282057452165506
1491,-1.9713602344037668,0.9281593349292898
1492,-3.1958783032796596,0.9281129269625433
1493,-3.37495882100036,0.9280665213161952
1494,-3.218093132408412,0.9280201179901294
1495,-3.777966147727985,0.9279737169842299
1496,-3.448288867031776,0.9279273182983807
1497,-2.47332872022955,0.9278809219324657
1498,-3.17038012713575,0.9278345278863691
1499,-3.5126414201371823,0.9277881361599748
1500,-1.949333838010212,0.9277417467531668
1501,-1.8898842730385323,0.9276953596658292
1502,-4.933919739140284,0.9276489748978459
1503,-4.324653793439259,0.927602592449101
1504,-4.16367641718364,0.9275562123194786
1505,-5.124224840120119,0.9275098345088626
1506,-3.4120074348044414,0.9274634590171371
1507,-2.1128644434482484,0.9274170858441863
1508,-3.374149937645659,0.9273707149898941
1509,-4.384549891854184,0.9273243464541446
1510,-4.2245251934226,0.927277980236822
1511,-5.512147861628959,0.9272316163378101
1512,-3.9507678497120184,0.9271852547569933
1513,-3.9593857748818237,0.9271388954942554
1514,-3.22518313484568,0.9270925385494807
1515,-4.137445869824698,0.9270461839225532
1516,-2.7543361877455976,0.9269998316133571
1517,-3.8093501082583883,0.9269534816217764
1518,-3.7854927699460585,0.9269071339476953
1519,-4.011363456264631,0.926860788590998
1520,-4.41954937562631,0.9268144455515684
1521,-4.427558389850566,0.9267681048292908
1522,-3.672503640002035,0.9267217664240494
1523,-5.318511190634963,0.9266754303357282
1524,-2.1014313493184424,0.9266290965642114
1525,-5.543435605149172,0.9265827651093832
1526,-3.5975134570682856,0.9265364359711278
1527,-4.213221412031331,0.9264901091493293
1528,-3.447789293580322,0.9264437846438718
1529,-4.065351354724836,0.9263974624546396
1530,-4.285285410374179,0.9263511425815169
1531,-4.760904922597662,0.9263048250243878
1532,-4.3441509100099385,0.9262585097831366
1533,-6.389866668860119,0.9262121968576474
1534,-4.460695821635131,0.9261658862478046
1535,-3.671684546244081,0.9261195779534922
1536,-5.035736494220891,0.9260732719745945
1537,-4.883463052296669,0.9260269683109958
1538,-3.9473830183672725,0.9259806669625803
1539,-4.930835887853307,0.9259343679292322
1540,-4.372731256129512,0.9258880712108357
1541,-4.465268751061878,0.9258417768072752
1542,-4.553596027764691,0.9257954847184349
1543,-3.5683396518819936,0.9257491949441989
1544,-4.504201858071317,0.9257029074844517
1545,-4.442415694763008,0.9256566223390775
1546,-4.986346963390134,0.9256103395079606
1547,-4.147019330446021,0.9255640589909852
1548,-3.9951225464253644,0.9255177807880356
1549,-4.799452150170243,0.9254715048989962
1550,-4.6275377379439675,0.9254252313237513
1551,-4.82341996357489,0.9253789600621851
1552,-4.336913925034644,0.925332691114182
1553,-4.173226463618636,0.9252864244796263
1554,-4.425001484421226,0.9252401601584023
1555,-4.2249152436464925,0.9251938981503943
1556,-4.745592690987656,0.9251476384554868
1557,-3.7120502624430363,0.925101381073564
1558,-3.308773629961215,0.9250551260045103
1559,-5.449592946501646,0.9250088732482101
1560,-4.121252018169665,0.9249626228045478
1561,-4.974328001255907,0.9249163746734076
1562,-1.5282885816443135,0.9248701288546739
1563,-3.504968310545272,0.9248238853482311
1564,-4.194131088716507,0.9247776441539637
1565,-4.550032561535757,0.924731405271756
1566,-4.859414180449526,0.9246851687014924
1567,-1.3026066869212096,0.9246389344430573
1568,-1.375239553554884,0.9245927024963352
1569,-3.4281853658239734,0.9245464728612104
1570,-2.9637269176577585,0.9245002455375674
1571,-1.5611607863432133,0.9244540205252905
1572,-2.161903019652796,0.9244077978242642
1573,-4.024288926789721,0.924361577434373
1574,-4.056410140094801,0.9243153593555012
1575,-3.7849196595475263,0.9242691435875334
1576,-1.5334942490598455,0.9242229301303541
1577,-4.0102455108022035,0.9241767189838476
1578,-4.184931898416483,0.9241305101478984
1579,-2.9675921977202178,0.924084303622391
1580,-2.6257358493495104,0.9240380994072099
1581,-3.297597496167353,0.9239918975022395
1582,-3.1297074820236848,0.9239456979073645
1583,-3.3856375857398406,0.9238995006224691
1584,-3.3334513032086015,0.923853305647438
1585,-1.8767427066635585,0.9238071129821556
1586,-3.070000918866443,0.9237609226265064
1587,-3.571675420120029,0.9237147345803751
1588,-3.467205513502379,0.9236685488436461
1589,-3.4646366877184986,0.9236223654162039
1590,-4.272164237557172,0.9235761842979331
1591,-4.446346779208865,0.9235300054887182
1592,-2.1189934376198885,0.9234838289884438
1593,-4.455831578582317,0.9234376547969945
1594,-4.020678465712706,0.9233914829142547
1595,-4.694149074764518,0.9233453133401089
1596,-5.573180223653901,0.923299146074442
1597,-1.9800095208810213,0.9232529811171383
1598,-3.1350430612915323,0.9232068184680824
1599,-4.281000628355412,0.923160658127159
1600,-4.0120800604872,0.9231145000942527
1601,-4.068639606233383,0.923068344369248
1602,-4.7725476454705875,0.9230221909520295
1603,-2.6366410482908504,0.9229760398424819
1604,-1.6449735933898024,0.9229298910404897
1605,-4.225687212547751,0.9228837445459377
1606,-3.1925025662424007,0.9228376003587104
1607,-5.400187903398404,0.9227914584786925
1608,-5.156813331440311,0.9227453189057686
1609,-3.4373132714251664,0.9226991816398233
1610,-4.138633099000057,0.9226530466807413
1611,-4.600770440208954,0.9226069140284073
1612,-3.667476537764656,0.9225607836827059
1613,-5.087852952818526,0.9225146556435218
1614,-1.5744095645236913,0.9224685299107396
1615,-1.7443501988042427,0.922422406484244
1616,-1.8845881433912433,0.9223762853639198
1617,-1.995891466696736,0.9223301665496516
1618,-3.1466430604684392,0.9222840500413241
1619,-4.053924264834881,0.922237935838822
1620,-4.701729263978062,0.92219182394203
1621,-4.158307164856888,0.9221457143508329
1622,-4.14703519870433,0.9220996070651154
1623,-3.8319557600273795,0.9220535020847621
1624,-4.731475897851993,0.9220073994096579
1625,-3.941995461806764,0.9219612990396875
1626,-3.571412318150595,0.9219152009747356
1627,-3.5794123862195955,0.9218691052146868
1628,-3.685657816662859,0.921823011759426
1629,-4.532423068386004,0.9217769206088381
1630,-4.865548273780389,0.9217308317628077
1631,-4.824416533054767,0.9216847452212196
1632,-5.473846409965033,0.9216386609839585
1633,-2.7072815388199505,0.9215925790509093
1634,-4.755683504023242,0.9215464994219568
1635,-4.291696775863741,0.9215004220969857
1636,-4.550977542991266,0.9214543470758808
1637,-5.072430356535776,0.921408274358527
1638,-4.291956491638045,0.921362203944809
1639,-4.464086002413664,0.9213161358346118
1640,-3.383352419518035,0.9212700700278201
1641,-5.078558547458954,0.9212240065243188
1642,-4.649876621278112,0.9211779453239926
1643,-4.76509452182609,0.9211318864267264
1644,-4.325613279706162,0.9210858298324051
1645,-3.6359113945764943,0.9210397755409134
1646,-2.0833765477758783,0.9209937235521364
1647,-3.7971518910373288,0.9209476738659588
1648,-5.263321203639426,0.9209016264822655
1649,-4.121089994433572,0.9208555814009414
1650,-5.453986492952948,0.9208095386218713
1651,-4.257126518960655,0.9207634981449402
1652,-3.6103219762247107,0.920717459970033
1653,-5.491608034388326,0.9206714240970345
1654,-5.0046802326471544,0.9206253905258297
1655,-3.674181722049681,0.9205793592563034
1656,-4.91257520105434,0.9205333302883406
1657,-4.844655388188551,0.9204873036218262
1658,-4.239289408704353,0.9204412792566451
1659,-4.215907746148035,0.9203952571926822
1660,-3.550066537137038,0.9203492374298226
1661,-2.309729607987105,0.9203032199679511
1662,-2.3553085761820904,0.9202572048069526
1663,-5.058232681060268,0.9202111919467123
1664,-1.484770486957292,0.920165181387115
1665,-1.8160288327982386,0.9201191731280457
1666,-3.2933719550058416,0.9200731671693892
1667,-3.485262960068984,0.9200271635110308
1668,-2.388183683159002,0.9199811621528552
1669,-3.5129821166445803,0.9199351630947475
1670,-4.917370496193631,0.9198891663365928
1671,-1.51743854427551,0.9198431718782759
1672,-2.8251341313449263,0.919797179719682
1673,-1.2764184498678317,0.919751189860696
1674,-1.4559768604225092,0.919705202301203
1675,-3.21637647647746,0.919659217041088
1676,-3.738056481735202,0.919613234080236
1677,-3.0672724517731953,0.919567253418532
1678,-3.991201520213257,0.919521275055861
1679,-5.113902097491931,0.9194752989921082
1680,-3.2288211475324897,0.9194293252271586
1681,-4.468415028546949,0.9193833537608972
1682,-1.881163073043954,0.9193373845932091
1683,-4.177173759287749,0.9192914177239795
1684,-2.8275029006531187,0.9192454531530933
1685,-4.297703021672971,0.9191994908804356
1686,-4.268673360950604,0.9191535309058916
1687,-1.8203413328206286,0.9191075732293463
1688,-2.431664733368958,0.9190616178506849
1689,-4.363364535274574,0.9190156647697924
1690,-4.018161982836917,0.9189697139865539
1691,-3.898217803323548,0.9189237655008546
1692,-4.427777605125622,0.9188778193125796
1693,-3.120085562192382,0.918831875421614
1694,-4.334822580504172,0.918785933827843
1695,-3.9266944125003613,0.9187399945311516
1696,-4.058497889742233,0.9186940575314251
1697,-3.8529527376049444,0.9186481228285485
1698,-1.713495810470844,0.9186021904224071
1699,-3.4469328126424834,0.918556260312886
1700,-4.047699784907355,0.9185103324998704
1701,-2.8105817646612206,0.9184644069832454
1702,-3.495589750170836,0.9184184837628963
1703,-3.573488685142394,0.9183725628387082
1704,-2.9903854654810478,0.9183266442105662
1705,-2.4475480243436323,0.9182807278783557
1706,-2.9690375122228203,0.9182348138419618
1707,-2.469454407220795,0.9181889021012697
1708,-4.271659599758436,0.9181429926561646
1709,-1.5467627811572857,0.9180970855065318
1710,-4.103982730996289,0.9180511806522564
1711,-3.4409689018540015,0.9180052780932239
1712,-2.416000115772106,0.9179593778293192
1713,-3.5909962358446608,0.9179134798604278
1714,-3.187513699633751,0.9178675841864348
1715,-3.1801184260931783,0.9178216908072254
1716,-3.212014046106239,0.9177757997226851
1717,-1.3834197482203792,0.917729910932699
1718,-3.3280533851780256,0.9176840244371524
1719,-3.205719170748326,0.9176381402359305
1720,-3.670362099450605,0.9175922583289187
1721,-3.3869020078793626,0.9175463787160022
1722,-5.14154364344183,0.9175005013970664
1723,-3.6375144183061896,0.9174546263719966
1724,-3.3849388062523182,0.917408753640678
1725,-5.082003426698623,0.917362883202996
1726,-3.912191289148107,0.9173170150588358
1727,-4.605672551980298,0.9172711492080828
1728,-4.334035164753267,0.9172252856506224
1729,-3.206812967522218,0.9171794243863399
1730,-4.585721507775181,0.9171335654151206
1731,-1.7800876283808027,0.9170877087368499
1732,-4.884534689673856,0.917041854351413
1733,-4.952595141531741,0.9169960022586955
1734,-4.566554638324579,0.9169501524585826
1735,-5.145030863348847,0.9169043049509596
1736,-4.473818861651726,0.9168584597357121
1737,-4.07063231568347,0.9168126168127253
1738,-3.597720018090711,0.9167667761818846
1739,-4.258946305266257,0.9167209378430755
1740,-4.265144954656219,0.9166751017961834
1741,-5.145376550217211,0.9166292680410936
1742,-3.557059712830138,0.9165834365776915
1743,-5.040200044818263,0.9165376074058627
1744,-4.389198529815481,0.9164917805254924
1745,-1.8607192415734917,0.9164459559364662
1746,-4.117002387509775,0.9164001336386693
1747,-4.009877990971895,0.9163543136319874
1748,-4.177939950847833,0.9163084959163058
1749,-5.092579457936794,0.91626268049151
1750,-2.6598327835504927,0.9162168673574855
1751,-4.858829844269634,0.9161710565141177
1752,-4.035799258235472,0.916125247961292
1753,-1.8051009731330856,0.916079441698894
1754,-4.299002066540948,0.916033637726809
1755,-4.553759837131716,0.9159878360449227
1756,-2.508798249479916,0.9159420366531205
1757,-1.7940655602732538,0.9158962395512878
1758,-2.1935115815485937,0.9158504447393103
1759,-1.9994037401967073,0.9158046522170734
1760,-2.4245444879725113,0.9157588619844625
1761,-1.3885538920697518,0.9157130740413634
1762,-2.5203718228382117,0.9156672883876613
1763,-4.483917604333055,0.9156215050232419
1764,-3.1839278738094436,0.9155757239479908
1765,-1.005414060305639,0.9155299451617934
1766,-3.8827385739675178,0.9154841686645353
1767,-4.5284025845087275,0.9154383944561021
1768,-2.4657768841958587,0.9153926225363793
1769,-3.672274006482289,0.9153468529052525
1770,-3.1565611602149644,0.9153010855626073
1771,-4.299833158948748,0.9152553205083291
1772,-4.504453322049891,0.9152095577423037
1773,-3.348827364171453,0.9151637972644167
1774,-3.9070674488610275,0.9151180390745535
1775,-3.593937096370941,0.9150722831725997
1776,-4.988810474117568,0.9150265295584411
1777,-4.822348909418015,0.9149807782319632
1778,-4.529354663025185,0.9149350291930516
1779,-4.136939849745762,0.914889282441592
1780,-5.256768272094352,0.9148435379774699
1781,-4.110539410153835,0.914797795800571
1782,-3.3833075403273374,0.9147520559107809
1783,-1.5436863492137034,0.9147063183079853
1784,-5.26806361194264,0.91466058299207
1785,-4.897627240770136,0.9146148499629204
1786,-5.179273260027259,0.9145691192204223
1787,-2.228382372121546,0.9145233907644612
1788,-2.6548734791351136,0.914477664594923
1789,-3.600589367064636,0.9144319407116932
1790,-3.1608732753427233,0.9143862191146577
1791,-3.9554670099600395,0.9143404998037019
1792,-3.9153132577618655,0.9142947827787117
1793,-3.7348183184176222,0.9142490680395727
1794,-4.71773968911204,0.9142033555861707
1795,-5.0494711148249465,0.9141576454183914
1796,-3.861549167999717,0.9141119375361205
1797,-3.750632258359729,0.9140662319392437
1798,-4.332756299500094,0.9140205286276468
1799,-4.743636559959244,0.9139748276012154
1800,-3.0280534557711762,0.9139291288598353
1801,-5.1932471073710245,0.9138834324033923
1802,-2.0318877964384794,0.9138377382317722
1803,-6.040135517058381,0.9137920463448606
1804,-4.764948377977754,0.9137463567425433
1805,-5.0665984001750095,0.9137006694247062
1806,-4.470737606112336,0.9136549843912349
1807,-4.536527725906283,0.9136093016420154
1808,-5.22886227229097,0.9135636211769332
1809,-3.607105770388758,0.9135179429958744
1810,-3.797453790675501,0.9134722670987246
1811,-4.1627015488813734,0.9134265934853697
1812,-4.513051536459685,0.9133809221556954
1813,-4.784540506182929,0.9133352531095876
1814,-3.8694328094316823,0.9132895863469321
1815,-2.205697944918677,0.9132439218676148
1816,-4.922032838661016,0.9131982596715215
1817,-4.644895516293033,0.9131525997585379
1818,-3.7226855410242967,0.91310694212855
1819,-4.554762503948574,0.9130612867814436
1820,-2.1832359324869417,0.9130156337171046
1821,-5.8945950866708134,0.9129699829354188
1822,-5.314210725327591,0.912924334436272
1823,-5.23373657785049,0.9128786882195502
1824,-4.7712855132098895,0.9128330442851392
1825,-3.1817825726357616,0.912787402632925
1826,-2.949291470791314,0.9127417632627933
1827,-5.105205231471944,0.9126961261746301
1828,-4.614120530270277,0.9126504913683214
1829,-3.671048164545608,0.912604858843753
1830,-3.9689398601794554,0.9125592286008108
1831,-4.7844951371913504,0.9125136006393808
1832,-5.823852046995114,0.9124679749593488
1833,-4.554543045596741,0.9124223515606009
1834,-4.3342676250189935,0.9123767304430229
1835,-4.25429703617554,0.9123311116065008
1836,-5.121319506936924,0.9122854950509205
1837,-5.255171518810512,0.9122398807761679
1838,-4.828909323016502,0.9121942687821291
1839,-4.57878605731759,0.9121486590686899
1840,-4.737194547293806,0.9121030516357365
1841,-5.72291571838206,0.9120574464831547
1842,-4.8665906665600245,0.9120118436108305
1843,-5.189727953309024,0.91196624301865
1844,-4.555910448881807,0.9119206447064991
1845,-3.7453262460959795,0.9118750486742638
1846,-5.115549373919589,0.9118294549218301
1847,-4.313302587547273,0.911783863449084
1848,-4.348873171679106,0.9117382742559116
1849,-3.9548860683343823,0.9116926873421988
1850,-5.7222600098408645,0.9116471027078317
1851,-5.443816105523951,0.9116015203526963
1852,-2.2909445753940014,0.9115559402766786
1853,-2.8832041373922035,0.9115103624796648
1854,-3.4524171448156014,0.9114647869615408
1855,-2.678441104999142,0.9114192137221927
1856,-1.6128565524554164,0.9113736427615066
1857,-4.25473694953739,0.9113280740793684
1858,-4.2024291358068595,0.9112825076756644
1859,-3.666080711553102,0.9112369435502806
1860,-4.428611387554049,0.9111913817031031
1861,-3.030113980656094,0.911145822134018
1862,-3.6684315739659965,0.9111002648429113
1863,-3.2183364084164134,0.9110547098296692
1864,-2.68225115863513,0.9110091570941777
1865,-3.8715528302359092,0.910963606636323
1866,-3.5031370228484437,0.9109180584559913
1867,-4.328518568935079,0.9108725125530684
1868,-2.9977212715757373,0.9108269689274407
1869,-1.919075962436143,0.9107814275789944
1870,-3.633021303125106,0.9107358885076154
1871,-5.410383616680338,0.91069035171319
1872,-3.3271293190633022,0.9106448171956044
1873,-3.835818519885195,0.9105992849547446
1874,-2.9650930436198477,0.9105537549904968
1875,-4.159157389701585,0.9105082273027473
1876,-3.067249923823778,0.9104627018913821
1877,-3.6746065606113647,0.9104171787562876
1878,-4.680794275047244,0.9103716578973498
1879,-3.611990220610612,0.9103261393144549
1880,-4.045429668470446,0.9102806230074892
1881,-3.9781352070418086,0.9102351089763389
1882,-3.9770612834165826,0.9101895972208901
1883,-3.342713965188481,0.9101440877410291
1884,-4.216650989466769,0.910098580536642
1885,-3.884512239857678,0.9100530756076153
1886,-4.588476747080106,0.9100075729538349
1887,-4.358064053291123,0.9099620725751872
1888,-3.1577354971117813,0.9099165744715585
1889,-1.8238672297845362,0.9098710786428349
1890,-4.4794512187498245,0.9098255850889028
1891,-2.266208603626763,0.9097800938096483
1892,-4.904888968843781,0.9097346048049578
1893,-5.281668069982793,0.9096891180747175
1894,-1.8366560442961446,0.9096436336188138
1895,-5.108221876844152,0.9095981514371329
1896,-5.00812640848544,0.909552671529561
1897,-1.7779780047171618,0.9095071938959846
1898,-1.9429207700456521,0.9094617185362898
1899,-5.237518872674952,0.9094162454503629
1900,-3.8970300517884198,0.9093707746380905
1901,-3.7391235254917468,0.9093253060993586
1902,-4.154798021978974,0.9092798398340536
1903,-3.7075930758581563,0.9092343758420619
1904,-5.537617683138405,0.9091889141232699
1905,-4.4683626873039755,0.9091434546775637
1906,-5.691883622029669,0.9090979975048299
1907,-5.081601987126852,0.9090525426049546
1908,-5.356103945438193,0.9090070899778243
1909,-4.146816464807296,0.9089616396233254
1910,-3.978933965120314,0.9089161915413443
1911,-3.435208905701046,0.9088707457317672
1912,-3.7124685122016428,0.9088253021944805
1913,-3.845691921441987,0.9087798609293708
1914,-5.43491325162299,0.9087344219363244
1915,-4.868312850586193,0.9086889852152276
1916,-4.841690159530165,0.9086435507659668
1917,-4.385891145853689,0.9085981185884285
1918,-3.9039277600814195,0.9085526886824992
1919,-3.620234725358894,0.908507261048065
1920,-5.008325607413605,0.9084618356850126
1921,-3.9355037043988754,0.9084164125932284
1922,-4.469053103381015,0.9083709917725987
1923,-2.085432834520976,0.9083255732230101
1924,-3.723224100034572,0.9082801569443489
1925,-3.0748090512911,0.9082347429365017
1926,-4.659487903933112,0.908189331199355
1927,-4.021865959445398,0.908143921732795
1928,-4.973596546027817,0.9080985145367084
1929,-4.352167374672743,0.9080531096109816
1930,-5.1161230541670815,0.908007706955501
1931,-4.420574338170827,0.9079623065701533
1932,-5.241039739729835,0.9079169084548248
1933,-4.922690295286988,0.907871512609402
1934,-4.103297081572659,0.9078261190337715
1935,-5.128444047335597,0.9077807277278198
1936,-4.263860647874289,0.9077353386914334
1937,-5.285918270010219,0.9076899519244989
1938,-5.124954014937755,0.9076445674269027
1939,-4.7191494853583,0.9075991851985313
1940,-4.18535285303423,0.9075538052392714
1941,-3.8666350764126496,0.9075084275490095
1942,-4.266535012128591,0.9074630521276321
1943,-3.6367658933955416,0.9074176789750258
1944,-4.344625664283192,0.907372308091077
1945,-4.944765447720418,0.9073269394756726
1946,-4.964907648406136,0.9072815731286987
1947,-4.409801120913459,0.9072362090500423
1948,-5.05284458626218,0.9071908472395899
1949,-3.888040881409547,0.9071454876972279
1950,-1.851124748757197,0.9071001304228431
1951,-4.164352424270027,0.907054775416322
1952,-2.859421031456578,0.9070094226775511
1953,-3.2059834967747434,0.9069640722064173
1954,-3.3687519718418586,0.9069187240028069
1955,-3.360946547127284,0.9068733780666068
1956,-4.4156096587199505,0.9068280343977035
1957,-4.469147810643523,0.9067826929959837
1958,-3.8768021284069163,0.9067373538613339
1959,-3.679197148742302,0.9066920169936409
1960,-1.606039305489257,0.9066466823927912
1961,-4.612559840532715,0.9066013500586716
1962,-4.532881335691907,0.9065560199911686
1963,-1.2437017058358288,0.9065106921901691
1964,-4.219762319668962,0.9064653666555597
1965,-5.035526095826377,0.9064200433872269
1966,-2.0699307296408436,0.9063747223850576
1967,-3.976052408646136,0.9063294036489383
1968,-3.673888747834776,0.9062840871787559
1969,-4.255958166836567,0.9062387729743969
1970,-2.2863253565098085,0.9061934610357482
1971,-3.5837425274182193,0.9061481513626963
1972,-3.116505556913025,0.9061028439551282
1973,-4.539337840279151,0.9060575388129304
1974,-3.6591998609041707,0.9060122359359898
1975,-3.9050405571254854,0.905966935324193
1976,-1.7305383831793058,0.9059216369774268
1977,-3.4975743816262437,0.9058763408955779
1978,-2.9773345220494596,0.9058310470785331
1979,-4.891466033265841,0.9057857555261792
1980,-2.0027863884084494,0.905740466238403
1981,-1.7799705830930657,0.905695179215091
1982,-1.696292864450266,0.9056498944561303
1983,-3.423967663782542,0.9056046119614075
1984,-3.5598920009296555,0.9055593317308095
1985,-3.078747575247226,0.905514053764223
1986,-3.7570209378551755,0.9054687780615348
1987,-1.266510613177444,0.9054235046226318
1988,-2.590626793214078,0.9053782334474006
1989,-3.637341580306154,0.9053329645357283
1990,-1.0407009178293551,0.9052876978875015
1991,-3.646445250969293,0.9052424335026071
1992,-3.2506920854970667,0.905197171380932
1993,-3.0321144832131424,0.905151911522363
1994,-1.516934672356989,0.9051066539267868
1995,-2.6167789168239377,0.9050613985940905
1996,-3.66683262126573,0.9050161455241608
1997,-1.8390650592642002,0.9049708947168845
1998,-5.006430959337929,0.9049256461721487
1999,-3.854413784065999,0.90488039988984
2000,-2.1069777852364666,0.9048351558698455
2001,-3.4977427852533194,0.904789914112052
2002,-1.7612956854684816,0.9047446746163464
2003,-3.611019026535125,0.9046994373826156
2004,-4.069508364745308,0.9046542024107465
2005,-4.402089745258383,0.9046089697006259
2006,-4.7873709795870525,0.9045637392521408
2007,-2.3743914631698275,0.9045185110651782
2008,-4.985234172842106,0.904473285139625
2009,-4.0109778301519885,0.904428061475368
2010,-3.7432647669639767,0.9043828400722943
2011,-3.2318225166916155,0.9043376209302907
2012,-5.5863716488455,0.9042924040492442
2013,-4.914130889061908,0.9042471894290417
2014,-4.568099595085606,0.9042019770695703
2015,-4.952663209021191,0.9041567669707168
2016,-2.2370042748567096,0.9041115591323683
2017,-4.381093292656955,0.9040663535544117
2018,-4.395536302950093,0.9040211502367339
2019,-5.1055528794475915,0.9039759491792221
2020,-5.314506781304395,0.9039307503817632
2021,-4.051499770665226,0.9038855538442441
2022,-4.0821019342268725,0.9038403595665518
2023,-4.053540054015264,0.9037951675485735
2024,-4.915532800611526,0.9037499777901961
2025,-5.62535105411401,0.9037047902913066
2026,-4.621074639466244,0.903659605051792
2027,-3.6882888188222562,0.9036144220715394
2028,-4.861383505069009,0.9035692413504358
2029,-4.732405295743851,0.9035240628883683
2030,-3.890299764398918,0.9034788866852239
2031,-4.772997331196715,0.9034337127408897
2032,-3.4954862340683537,0.9033885410552527
2033,-4.4928789510983,0.9033433716281999
2034,-5.380517738905702,0.9032982044596185
2035,-4.3831193476718235,0.9032530395493955
2036,-4.488908134709472,0.903207876897418
2037,-2.460539126796941,0.9031627165035732
2038,-3.986288309865161,0.903117558367748
2039,-4.019632746285142,0.9030724024898296
2040,-4.305864271070616,0.9030272488697051
2041,-5.510167126950154,0.9029820975072617
2042,-4.477094707429352,0.9029369484023863
2043,-3.6251371907700145,0.9028918015549662
2044,-5.694144090841624,0.9028466569648884
2045,-5.562372066035573,0.9028015146320402
2046,-3.042119638356165,0.9027563745563085
2047,-4.074422741910343,0.9027112367375807
2048,-2.5172730447072507,0.9026661011757439
2049,-4.568957586240823,0.9026209678706851
2050,-4.569306349977566,0.9025758368222916
2051,-3.699488352619084,0.9025307080304504
2052,-3.8648238449768963,0.9024855814950489
2053,-2.0062083084132403,0.9024404572159741
2054,-2.991254883920353,0.9023953351931133
2055,-2.141849390204264,0.9023502154263536
2056,-4.632746585999196,0.9023050979155823
2057,-4.339589588820772,0.9022599826606865
2058,-1.7446885057155266,0.9022148696615535
2059,-4.164765480310235,0.9021697589180704
2060,-3.5378649677520198,0.9021246504301245
2061,-3.9980988985988697,0.902079544197603
2062,-2.992823907701785,0.902034440220393
2063,-4.8572355225717825,0.901989338498382
2064,-3.5133265581091626,0.9019442390314572
2065,-3.9084578652707824,0.9018991418195056
2066,-3.14353926052159,0.9018540468624147
2067,-3.174342399310187,0.9018089541600716
2068,-4.07901531991477,0.9017638637123636
2069,-2.977155424363012,0.901718775519178
2070,-4.486214403355741,0.9016736895804021
2071,-3.1656426125650334,0.9016286058959231
2072,-1.8762477392357841,0.9015835244656283
2073,-3.856804906699741,0.901538445289405
2074,-3.4626493040258395,0.9014933683671404
2075,-3.982659235779572,0.9014482936987221
2076,-4.065620142081095,0.9014032212840373
2077,-1.4280528178779597,0.9013581511229731
2078,-2.271344626440766,0.901313083215417
2079,-3.5630310665890863,0.9012680175612563
2080,-3.753701261153312,0.9012229541603782
2081,-1.5615125190900887,0.9011778930126703
2082,-3.21470997478537,0.9011328341180196
2083,-3.528906422186484,0.9010877774763137
2084,-3.0047447121516586,0.9010427230874399
2085,-4.005577956365584,0.9009976709512856
2086,-3.468719162111386,0.900952621067738
2087,-3.4906038458322186,0.9009075734366846
2088,-3.4217120736496343,0.9008625280580128
2089,-3.379167609803331,0.90081748493161
2090,-4.121901517244392,0.9007724440573633
2091,-2.98398360854788,0.9007274054351605
2092,-5.060363017925304,0.9006823690648887
2093,-2.9332349135157787,0.9006373349464355
2094,-4.075344992483285,0.9005923030796882
2095,-1.2748533938059412,0.9005472734645342
2096,-4.5551654827564345,0.900502246100861
2097,-3.0156590468950437,0.900457220988556
2098,-2.2367310852046343,0.9004121981275065
2099,-1.8749307950435323,0.9003671775176001
2100,-4.060003278445346,0.9003221591587243
2101,-3.2539491131309153,0.9002771430507663
2102,-2.014511835237751,0.9002321291936138
2103,-5.230765277863252,0.9001871175871542
2104,-4.189554593789077,0.9001421082312748
2105,-1.8900760833914778,0.9000971011258633
2106,-4.686495461850235,0.900052096270807
2107,-1.6463091866487485,0.9000070936659934
2108,-3.2254042071612705,0.8999620933113102
2109,-1.9991570469016904,0.8999170952066446
2110,-3.588431150374789,0.8998720993518843
2111,-4.740349395455364,0.8998271057469167
2112,-4.298544895846078,0.8997821143916294
2113,-3.1866484489558884,0.8997371252859098
2114,-4.161044515151945,0.8996921384296455
2115,-2.363332221292467,0.899647153822724
2116,-3.70774024477264,0.8996021714650329
2117,-3.4432302716239405,0.8995571913564596
2118,-4.89037017871142,0.8995122134968918
2119,-4.725792833233832,0.899467237886217
2120,-4.199621423397736,0.8994222645243226
2121,-1.3769389102668252,0.8993772934110964
2122,-2.79974148888215,0.8993323245464259
2123,-5.848811892831442,0.8992873579301985
2124,-3.6313770514589208,0.8992423935623021
2125,-3.6674827207063196,0.899197431442624
2126,-4.707987110024268,0.8991524715710518
2127,-4.530045524950138,0.8991075139474732
2128,-4.098534423710166,0.8990625585717759
2129,-5.138897792852315,0.8990176054438472
2130,-4.437088972573985,0.898972654563575
2131,-4.240123828512918,0.8989277059308468
2132,-5.331766144200324,0.8988827595455503
2133,-4.914026327254169,0.898837815407573
2134,-4.768248729100504,0.8987928735168026
2135,-4.541973240662458,0.8987479338731268
2136,-4.8694313043394715,0.8987029964764331
2137,-5.0618880438153235,0.8986580613266093
2138,-2.7503280827709267,0.898613128423543
2139,-4.989764428756729,0.8985681977671218
2140,-4.791132451946616,0.8985232693572335
2141,-4.916425453116233,0.8984783431937656
2142,-5.449637096980355,0.8984334192766059
2143,-4.06796941399111,0.8983884976056421
2144,-4.440379689397579,0.8983435781807618
2145,-1.4820586954100994,0.8982986610018527
2146,-3.975210118918246,0.8982537460688027
2147,-2.2418524739194234,0.8982088333814993
2148,-4.15708037343521,0.8981639229398302
2149,-3.3939123417568258,0.8981190147436832
2150,-3.126463030988103,0.898074108792946
2151,-1.35984492698091,0.8980292050875064
2152,-4.024609902291548,0.897984303627252
2153,-4.220340759279315,0.8979394044120707
2154,-4.091735724393608,0.8978945074418501
2155,-3.631273867374455,0.897849612716478
2156,-3.4116260037180863,0.8978047202358422
2157,-3.4186502343497858,0.8977598299998304
2158,-4.082174635384955,0.8977149420083305
2159,-4.216271817690981,0.8976700562612301
2160,-3.580809465279184,0.897625172758417
2161,-3.572764643604017,0.8975802914997791
2162,-3.1450225567770325,0.8975354124852042
2163,-3.692068804804351,0.8974905357145799
2164,-3.804001503835472,0.8974456611877942
2165,-3.4143102215895587,0.8974007889047348
2166,-1.8479365727156987,0.8973559188652896
2167,-2.7797126183767977,0.8973110510693464
2168,-1.7162292499041985,0.8972661855167929
2169,-1.7384579359945582,0.897221322207517
2170,-4.074222155967913,0.8971764611414067
2171,-4.791544140291348,0.8971316023183497
2172,-2.408659320434078,0.8970867457382338
2173,-2.9168230293465847,0.8970418914009468
2174,-3.767166244762379,0.8969970393063768
2175,-3.3084537770375517,0.8969521894544115
2176,-3.7870540835257396,0.8969073418449387
2177,-3.3235068014741085,0.8968624964778464
2178,-4.746269417405234,0.8968176533530225
2179,-3.7364986203104085,0.8967728124703549
2180,-3.476010369064709,0.8967279738297314
2181,-3.148780126514952,0.8966831374310399
2182,-2.2514003075990408,0.8966383032741684
2183,-2.965789025896522,0.8965934713590047
2184,-2.967579885845433,0.8965486416854368
2185,-1.5539564199245879,0.8965038142533526
2186,-1.9262609910536912,0.8964589890626399
2187,-3.485924108897269,0.8964141661131868
2188,-2.969044471536349,0.8963693454048811
2189,-3.0355586418717384,0.8963245269376109
2190,-1.8387686859949963,0.896279710711264
2191,-3.812018332658383,0.8962348967257284
2192,-2.355932034460767,0.8961900849808921
2193,-2.698264711304994,0.8961452754766431
2194,-1.5894814917759466,0.8961004682128693
2195,-3.4205523752341795,0.8960556631894586
2196,-3.1482591859325857,0.8960108604062992
2197,-1.4584196727943632,0.8959660598632788
2198,-5.044903087615865,0.8959212615602856
2199,-1.298344116059229,0.8958764654972076
2200,-4.476809719828344,0.8958316716739327
2201,-4.345760772049065,0.895786880090349
2202,-2.3994053316421886,0.8957420907463445
2203,-2.008742516218451,0.8956973036418072
2204,-3.5298575814585114,0.8956525187766251
2205,-5.854593944153844,0.8956077361506862
2206,-2.2728740786333086,0.8955629557638787
2207,-5.015529309641819,0.8955181776160905
2208,-4.587786025605563,0.8954734017072098
2209,-4.444328293153854,0.8954286280371244
2210,-4.932329697816538,0.8953838566057226
2211,-3.980912757266061,0.8953390874128924
2212,-3.8390769107385516,0.8952943204585218
2213,-4.863281871905588,0.8952495557424989
2214,-3.508083776676727,0.8952047932647117
2215,-4.803723606209597,0.8951600330250484
2216,-1.9269882551083373,0.8951152750233972
2217,-5.112376952040298,0.895070519259646
2218,-3.6946640762330643,0.895025765733683
2219,-4.537687382179685,0.8949810144453964
2220,-1.333585199868616,0.8949362653946741
2221,-3.7401809608753314,0.8948915185814044
2222,-4.687431295516433,0.8948467740054753
2223,-4.438113639671143,0.8948020316667751
2224,-3.7770081786032383,0.8947572915651918
2225,-4.276900640005981,0.8947125537006135
2226,-5.037816346680803,0.8946678180729285
2227,-3.1481485682018984,0.8946230846820249
2228,-4.019193411720549,0.8945783535277908
2229,-4.394083607301826,0.8945336246101144
2230,-4.031764687697561,0.894488897928884
2231,-3.332572521151633,0.8944441734839875
2232,-3.5674973002707917,0.8943994512753133
2233,-4.564652011884594,0.8943547313027496
2234,-4.555919643897376,0.8943100135661844
2235,-4.750686127201712,0.8942652980655061
2236,-4.530816196651022,0.8942205848006028
2237,-5.516854951401919,0.8941758737713629
2238,-4.385954881710502,0.8941311649776743
2239,-5.731926638178029,0.8940864584194255
2240,-4.4867918222593905,0.8940417540965045
2241,-4.265272782870102,0.8939970520087998
2242,-3.849538608384699,0.8939523521561993
2243,-2.8512301282996773,0.8939076545385914
2244,-3.643390200914375,0.8938629591558646
2245,-4.470482800158603,0.8938182660079068
2246,-3.1994400358271062,0.8937735750946064
2247,-3.325439521118528,0.8937288864158517
2248,-2.085350092379123,0.8936841999715309
2249,-3.4805326098597718,0.8936395157615323
2250,-1.365938883408144,0.8935948337857442
2251,-2.422499002892259,0.8935501540440549
2252,-3.3709372328044127,0.8935054765363527
2253,-1.3815606891439853,0.8934608012625259
2254,-3.8659381656488865,0.8934161282224627
2255,-3.949725066703337,0.8933714574160516
2256,-3.706754389413426,0.8933267888431808
2257,-1.9463954471086564,0.8932821225037387
2258,-1.503507750015695,0.8932374583976136
2259,-1.3874511283374096,0.8931927965246937
2260,-2.6257028434221645,0.8931481368848675
2261,-4.085070558260852,0.8931034794780233
2262,-3.755990432790281,0.8930588243040494
2263,-1.1563360810676802,0.8930141713628341
2264,-2.8415230795878883,0.8929695206542659
2265,-2.187380515205923,0.8929248721782332
2266,-4.2703542151887675,0.8928802259346243
2267,-2.109570684892484,0.8928355819233276
2268,-3.5891426347967297,0.8927909401442314
2269,-1.6299063826616154,0.8927463005972243
2270,-3.7868408849075483,0.8927016632821944
2271,-1.1997588253224358,0.8926570281990303
2272,-4.748498916446067,0.8926123953476203
2273,-3.434848338177507,0.8925677647278529
2274,-3.5445733099503114,0.8925231363396166
2275,-1.3297828705444483,0.8924785101827996
2276,-3.034668468532189,0.8924338862572905
2277,-4.052888532016402,0.8923892645629776
2278,-3.45978608572949,0.8923446450997495
2279,-2.4321969883431174,0.8923000278674945
2280,-4.1172069189667715,0.8922554128661011
2281,-3.717264398482117,0.8922108000954578
2282,-2.728275120826286,0.892166189555453
2283,-3.5384697455438383,0.8921215812459753
2284,-3.0907431340206664,0.892076975166913
2285,-2.8889940678251254,0.8920323713181546
2286,-3.4931734650114294,0.8919877696995887
2287,-2.707674307872111,0.8919431703111037
2288,-3.469464681152205,0.8918985731525881
2289,-2.0457168017708804,0.8918539782239305
2290,-3.7575074359259566,0.8918093855250193
2291,-4.0946841535527625,0.891764795055743
2292,-5.016718343341854,0.8917202068159903
2293,-4.77042195405987,0.8916756208056495
2294,-2.3033862036497434,0.8916310370246092
2295,-3.6954268705254734,0.8915864554727579
2296,-1.91211628308448,0.8915418761499843
2297,-3.524662574778684,0.8914972990561768
2298,-3.891953492047188,0.891452724191224
2299,-3.039838280580084,0.8914081515550144
2300,-3.2767202277105474,0.8913635811474366
2301,-3.718049554009854,0.8913190129683792
2302,-3.6741800446210218,0.8912744470177308
2303,-4.263307047972196,0.89122988329538
2304,-4.934387835883403,0.8911853218012152
2305,-1.3905476491029363,0.8911407625351252
2306,-2.324984077231401,0.8910962054969984
2307,-1.308564934003948,0.8910516506867235
2308,-5.651674779357274,0.8910070981041892
2309,-1.9202844227002167,0.890962547749284
2310,-4.278172307289068,0.8909179996218966
2311,-3.872313287786588,0.8908734537219155
2312,-5.005809006732006,0.8908289100492294
2313,-4.635577327946775,0.8907843686037269
2314,-1.4642726051239716,0.8907398293852967
2315,-5.492144376865345,0.8906952923938275
2316,-3.4899258585966644,0.8906507576292078
2317,-3.1621754113948666,0.8906062250913263
2318,-4.35308881525049,0.8905616947800717
2319,-3.478061437871829,0.8905171666953328
2320,-3.748718930485027,0.890472640836998
2321,-4.379680404184818,0.8904281172049561
2322,-4.750344636809298,0.8903835957990959
2323,-4.658207002864408,0.8903390766193059
2324,-4.52762105118882,0.8902945596654749
2325,-4.905966322602852,0.8902500449374916
2326,-5.128076095499971,0.8902055324352447
2327,-5.259189933610137,0.8901610221586229
2328,-4.795554701613526,0.890116514107515
2329,-4.837557836315229,0.8900720082818097
2330,-1.4880533162861593,0.8900275046813956
2331,-4.175865961755223,0.8899830033061615
2332,-1.9008414767530395,0.8899385041559962
2333,-4.204836772454916,0.8898940072307884
2334,-4.664582991074977,0.8898495125304269
2335,-5.544184504211644,0.8898050200548003
2336,-2.090026356474966,0.8897605298037976
2337,-4.200706268723721,0.8897160417773075
2338,-3.1965282007618105,0.8896715559752186
2339,-1.5813574698472928,0.8896270723974199
2340,-4.055555542793404,0.8895825910438
2341,-1.2190292868152037,0.8895381119142478
2342,-2.5025569398028447,0.8894936350086521
2343,-2.2359983303864985,0.8894491603269017
2344,-1.9543292658940028,0.8894046878688854
2345,-2.8250200469845415,0.8893602176344919
2346,-3.309898223694603,0.8893157496236102
2347,-2.030836142937842,0.889271283836129
2348,-2.951590588280742,0.8892268202719371
2349,-2.4734684853134423,0.8891823589309236
2350,-3.028050739245937,0.889137899812977
2351,-4.078558052002173,0.8890934429179863
2352,-3.399508338878711,0.8890489882458404
2353,-4.095425237200039,0.8890045357964281
2354,-3.389348931912141,0.8889600855696383
2355,-4.3344769417429765,0.8889156375653599
2356,-4.543924496482413,0.8888711917834816
2357,-3.964437840572355,0.8888267482238924
2358,-3.88976487555023,0.8887823068864812
2359,-4.017518548315415,0.8887378677711368
2360,-2.7263362700536065,0.8886934308777483
2361,-3.7919028404188904,0.8886489962062044
2362,-4.6146685614152725,0.8886045637563941
2363,-2.799254696004768,0.8885601335282063
2364,-2.6936923247158253,0.8885157055215299
2365,-4.3731820685136125,0.8884712797362538
2366,-2.1512729829678996,0.888426856172267
2367,-4.48384077616214,0.8883824348294584
2368,-4.560678861396604,0.888338015707717
2369,-1.9074399277948924,0.8882935988069316
2370,-4.4124735782244295,0.8882491841269913
2371,-5.220785270465488,0.8882047716677849
2372,-4.199238986620633,0.8881603614292015
2373,-4.514912144728194,0.88811595341113
2374,-4.952123023692481,0.8880715476134595
2375,-2.6662711275828057,0.8880271440360789
2376,-5.700985482090738,0.887982742678877
2377,-4.822940969701567,0.8879383435417431
2378,-5.089419469875777,0.887893946624566
2379,-1.7136220814992655,0.8878495519272348
2380,-4.526434516821602,0.8878051594496384
2381,-2.8337133592254578,0.887760769191666
2382,-4.436440261542614,0.8877163811532064
2383,-3.341959987178518,0.8876719953341488
2384,-5.034687570531814,0.8876276117343821
2385,-5.39068580775309,0.8875832303537954
2386,-5.493719142789745,0.8875388511922777
2387,-4.231519431353798,0.8874944742497181
2388,-4.628102578397059,0.8874500995260056
2389,-2.0960832247991226,0.8874057270210294
2390,-2.9043467189420173,0.8873613567346783
2391,-4.341340829246478,0.8873169886668416
2392,-3.976527207108028,0.8872726228174083
2393,-5.545689240256348,0.8872282591862674
2394,-4.01585833006349,0.8871838977733081
2395,-4.245324597931116,0.8871395385784194
2396,-5.276344232467091,0.8870951816014905
2397,-3.656729376661562,0.8870508268424104
2398,-4.292245094180481,0.8870064743010683
2399,-5.933269830387578,0.8869621239773532
2400,-6.438453253445082,0.8869177758711543
2401,-3.4407240952298244,0.8868734299823607
2402,-2.7228872843133534,0.8868290863108617
2403,-5.606010614491051,0.8867847448565461
2404,-5.472849541482952,0.8867404056193033
2405,-4.144514318963538,0.8866960685990224
2406,-5.104086580872368,0.8866517337955925
2407,-5.149823410907288,0.8866074012089027
2408,-5.144011642998308,0.8865630708388422
2409,-5.395535824112965,0.8865187426853003
2410,-5.1507390844455365,0.8864744167481661
2411,-5.537485301299316,0.8864300930273287
2412,-4.6170903134558205,0.8863857715226773
2413,-4.7674553271461955,0.8863414522341011
2414,-1.931950658203566,0.8862971351614894
2415,-3.806276019846129,0.8862528203047314
2416,-3.9790282455978754,0.8862085076637162
2417,-4.2675138813490054,0.886164197238333
2418,-5.1980705291276585,0.886119889028471
2419,-4.878963725457706,0.8860755830340197
2420,-4.195720780270751,0.886031279254868
2421,-4.157531548283648,0.8859869776909053
2422,-4.776578201894907,0.8859426783420208
2423,-5.245559839341432,0.8858983812081037
2424,-4.743947061648742,0.8858540862890433
2425,-5.92402183431523,0.8858097935847288
2426,-3.323934539756756,0.8857655030950495
2427,-3.769621023965869,0.8857212148198947
2428,-5.020068752436773,0.8856769287591537
2429,-5.3443202137035435,0.8856326449127158
2430,-5.283835351443396,0.8855883632804701
2431,-4.540844044467802,0.8855440838623061
2432,-5.774930073023727,0.885499806658113
2433,-5.191004650107197,0.8854555316677801
2434,-1.8840007079687484,0.8854112588911968
2435,-3.4779678830597196,0.8853669883282522
2436,-3.179468848928542,0.8853227199788358
2437,-3.2956408294176813,0.8852784538428369
2438,-4.687416091579369,0.8852341899201447
2439,-3.565991707660643,0.8851899282106487
2440,-4.82299221180879,0.8851456687142382
2441,-4.027906627398462,0.8851014114308025
2442,-4.51587501685591,0.885057156360231
2443,-3.722173880206311,0.8850129035024129
2444,-1.5780034749285763,0.8849686528572378
2445,-4.039049399032118,0.884924404424595
2446,-3.9348945256525125,0.8848801582043737
2447,-1.3097630765549197,0.8848359141964635
2448,-3.764133361488253,0.8847916724007536
2449,-1.4835393232159704,0.8847474328171336
2450,-1.6550620056078627,0.8847031954454928
2451,-3.411388718448836,0.8846589602857206
2452,-4.319801309346362,0.8846147273377063
2453,-4.047692720689421,0.8845704966013395
2454,-3.7651050035210853,0.8845262680765094
2455,-5.0884565169024984,0.8844820417631055
2456,-3.087192352980898,0.8844378176610174
2457,-2.335753640967852,0.8843935957701343
2458,-3.71679971026548,0.8843493760903458
2459,-2.783340982568733,0.8843051586215412
2460,-3.1853465932117206,0.8842609433636102
2461,-3.0007995487131973,0.884216730316442
2462,-2.890458432029969,0.8841725194799261
2463,-3.3024230690882193,0.8841283108539522
2464,-3.534099270329864,0.8840841044384095
2465,-3.4405565531832467,0.8840399002331876
2466,-1.711197771360408,0.8839956982381759
2467,-4.083594765506431,0.883951498453264
2468,-2.607524231576027,0.8839073008783414
2469,-3.827292773411312,0.8838631055132974
2470,-2.4771814356757607,0.8838189123580217
2471,-3.2095932781869596,0.8837747214124038
2472,-3.2859555933513267,0.8837305326763332
2473,-3.469392775908833,0.8836863461496993
2474,-3.3217607791180814,0.8836421618323919
2475,-3.815650217474038,0.8835979797243002
2476,-3.886354861630714,0.883553799825314
2477,-3.8791251551527877,0.8835096221353228
2478,-2.920841879591284,0.883465446654216
2479,-3.713529177938396,0.8834212733818833
2480,-4.552529826731064,0.8833771023182142
2481,-3.72311580283767,0.8833329334630983
2482,-1.2026527112969265,0.8832887668164251
2483,-3.243020338265051,0.8832446023780843
2484,-5.128801508922542,0.8832004401479654
2485,-4.5446327508807425,0.883156280125958
2486,-4.2016015318612006,0.8831121223119518
2487,-5.79292279839003,0.8830679667058362
2488,-3.985670515555591,0.8830238133075009
2489,-3.9808215893133103,0.8829796621168355
2490,-4.191967240461933,0.8829355131337298
2491,-3.6071549162428376,0.8828913663580731
2492,-5.225204593211458,0.8828472217897552
2493,-4.573168493266038,0.8828030794286656
2494,-5.003945088951366,0.8827589392746942
2495,-3.154832622107866,0.8827148013277304
2496,-5.8351266088267515,0.882670665587664
2497,-5.216131340623945,0.8826265320543847
2498,-2.540062625390896,0.8825824007277819
2499,-3.9262930556869415,0.8825382716077456
2500,-4.54391783969645,0.8824941446941652
2501,-5.358743644374098,0.8824500199869305
2502,-2.9699101755758646,0.8824058974859311
2503,-4.130190769697842,0.8823617771910568
2504,-5.65703980669603,0.8823176591021973
2505,-5.027665070949132,0.8822735432192422
2506,-3.781001447555004,0.8822294295420813
2507,-3.2184685047156405,0.8821853180706042
2508,-4.71899542816546,0.8821412088047007
2509,-3.007847223624292,0.8820971017442605
2510,-4.881542682784929,0.8820529968891733
2511,-4.819102830195531,0.8820088942393288
2512,-4.496090823879014,0.8819647937946169
2513,-1.1229287671488255,0.8819206955549271
2514,-6.166395478967443,0.8818765995201494
2515,-5.631598691994928,0.8818325056901734
2516,-4.460310359132855,0.8817884140648888
2517,-2.292312851346855,0.8817443246441856
2518,-4.902453384461094,0.8817002374279534
2519,-4.065340077685908,0.8816561524160821
2520,-4.522355733701339,0.8816120696084613
2521,-3.748867852884956,0.8815679890049809
2522,-5.267941292583442,0.8815239106055307
2523,-4.197871724121368,0.8814798344100004
2524,-5.583893295571942,0.88143576041828
2525,-2.3921075097831928,0.8813916886302591
2526,-3.604379534343477,0.8813476190458276
2527,-3.9236509628071463,0.8813035516648753
2528,-2.377698836238518,0.881259486487292
2529,-5.923094402362237,0.8812154235129677
2530,-4.568682867968059,0.881171362741792
2531,-1.5886727815188577,0.8811273041736549
2532,-1.9607101523402306,0.8810832478084463
2533,-1.273233310101239,0.8810391936460559
2534,-3.524946646175134,0.8809951416863736
2535,-4.107260886413355,0.8809510919292893
2536,-1.6796229985781466,0.8809070443746929
2537,-3.041080108912817,0.8808629990224742
2538,-4.103625165643113,0.8808189558725231
2539,-1.5285950056961775,0.8807749149247295
2540,-4.461141243620564,0.8807308761789833
2541,-3.571148798255204,0.8806868396351744
2542,-1.711929566251722,0.8806428052931926
2543,-2.8678414075982896,0.880598773152928
2544,-3.048688333662372,0.8805547432142704
2545,-3.47343849014852,0.8805107154771097
2546,-1.3949881778633957,0.8804666899413358
2547,-2.5519390989111423,0.8804226666068388
2548,-4.129240633459741,0.8803786454735084
2549,-3.5868650490738565,0.8803346265412347
2550,-3.777723906952425,0.8802906098099077
2551,-1.2405580375781167,0.8802465952794172
2552,-1.4854818987170115,0.8802025829496533
2553,-1.8303646572118129,0.8801585728205058
2554,-3.6149934768641314,0.8801145648918648
2555,-1.364330171602401,0.8800705591636202
2556,-3.4547274772854215,0.880026555635662
2557,-3.3261374106696993,0.8799825543078802
2558,-2.5658750916784543,0.8799385551801648
2559,-3.3968197403032896,0.8798945582524058
2560,-2.902109188616486,0.8798505635244932
2561,-2.2213311163898544,0.879806570996317
2562,-1.707780628881138,0.8797625806677671
2563,-3.8268426821613373,0.8797185925387337
2564,-2.2011643639771656,0.8796746066091068
2565,-3.2431914547368583,0.8796306228787764
2566,-3.9089636762929287,0.8795866413476324
2567,-1.5962852119244262,0.8795426620155651
2568,-4.376399634770365,0.8794986848824643
2569,-3.6298835855780567,0.8794547099482202
2570,-2.8975458454591783,0.8794107372127228
2571,-1.6360222041178392,0.8793667666758621
2572,-4.431767002484987,0.8793227983375284
2573,-5.477546634390297,0.8792788321976115
2574,-3.605634667970601,0.8792348682560016
2575,-1.797315253605943,0.8791909065125888
2576,-5.060006916826689,0.8791469469672631
2577,-4.4408647887188595,0.8791029896199147
2578,-3.905100796266243,0.8790590344704338
2579,-3.5003494232995798,0.8790150815187102
2580,-2.038916450759274,0.8789711307646343
2581,-3.2732103622673803,0.8789271822080961
2582,-3.9493660665668595,0.8788832358489856
2583,-1.6778772152796915,0.8788392916871932
2584,-3.668666436051371,0.8787953497226089
2585,-4.858235412444868,0.8787514099551227
2586,-1.8814052438231461,0.878707472384625
2587,-4.207420131154223,0.8786635370110057
2588,-4.7122936191326374,0.8786196038341552
2589,-3.9990874890659014,0.8785756728539634
2590,-4.894437118001166,0.8785317440703208
2591,-2.222676368703458,0.8784878174831172
2592,-2.5329024134530833,0.878443893092243
2593,-4.959106301101404,0.8783999708975884
2594,-3.2120371126259495,0.8783560508990435
2595,-2.722698208202542,0.8783121330964985
2596,-5.174878315470351,0.8782682174898436
2597,-2.508285051869561,0.8782243040789691
2598,-4.06701197349897,0.8781803928637651
2599,-4.751977006441747,0.878136483844122
2600,-5.405998074976721,0.8780925770199298
2601,-3.081283348674539,0.8780486723910789
2602,-4.17571792410994,0.8780047699574594
2603,-4.832326664523624,0.8779608697189615
2604,-4.921498483303758,0.8779169716754756
2605,-4.88176915583524,0.8778730758268918
2606,-4.970750556875014,0.8778291821731005
2607,-5.035551965922711,0.8777852907139918
2608,-5.422312414112823,0.8777414014494561
2609,-3.556993159142648,0.8776975143793837
2610,-5.571045344924459,0.8776536295036648
2611,-4.267412909812578,0.8776097468221896
2612,-4.779514742902752,0.8775658663348486
2613,-3.8160303781705145,0.8775219880415318
2614,-4.954221751128726,0.8774781119421298
2615,-5.04206000082611,0.8774342380365326
2616,-5.070861908075075,0.8773903663246309
2617,-5.032994200745782,0.8773464968063146
2618,-4.9890127008786855,0.8773026294814743
2619,-4.255786262969357,0.8772587643500003
2620,-3.460097386183577,0.8772149014117828
2621,-5.172844999630636,0.8771710406667123
2622,-2.5073108287309127,0.8771271821146789
2623,-5.348959587669537,0.8770833257555731
2624,-4.589229405840567,0.8770394715892853
2625,-4.855991280611181,0.8769956196157058
2626,-4.110008539472707,0.876951769834725
2627,-3.546997256865885,0.8769079222462333
2628,-4.648149923043285,0.8768640768501209
2629,-6.118136728497118,0.8768202336462784
2630,-1.6408979143396343,0.8767763926345961
2631,-1.4638138947175339,0.8767325538149643
2632,-1.6807033783418088,0.8766887171872736
2633,-3.808323739140539,0.8766448827514143
2634,-2.386012646010354,0.8766010505072767
2635,-0.9399925630500672,0.8765572204547513
2636,-3.074246854907055,0.8765133925937285
2637,-1.9170260851773293,0.8764695669240988
2638,-2.4603257941538623,0.8764257434457526
2639,-3.1841464360751517,0.8763819221585804
2640,-3.3476816688956315,0.8763381030624724
2641,-2.8956092653007683,0.8762942861573193
2642,-3.525091728784352,0.8762504714430115
2643,-1.6110421688896006,0.8762066589194394
2644,-1.4920396386065982,0.8761628485864934
2645,-1.8893174829057096,0.8761190404440641
2646,-2.0118661530329023,0.8760752344920418
2647,-3.474238984800351,0.8760314307303172
2648,-2.663422299174699,0.8759876291587807
2649,-3.2776559839524886,0.8759438297773228
2650,-1.6740488627389032,0.8759000325858339
2651,-3.6115152187837003,0.8758562375842046
2652,-1.2675027040304945,0.8758124447723254
2653,-3.693387892654551,0.8757686541500869
2654,-2.6751360875851615,0.8757248657173794
2655,-2.0811534963509533,0.8756810794740936
2656,-3.794408502467081,0.8756372954201199
2657,-3.288961501082437,0.8755935135553489
2658,-2.431664733368958,0.875549733879671
2659,-5.120506402296287,0.8755059563929771
2660,-2.7918583311319676,0.8754621810951575
2661,-3.729201616673315,0.8754184079861027
2662,-3.5281870790367504,0.8753746370657034
2663,-3.725848246895784,0.8753308683338501
2664,-3.2411488246814995,0.8752871017904335
2665,-3.7358581877890584,0.8752433374353439
2666,-1.2716609586113836,0.8751995752684721
2667,-4.039569640921754,0.8751558152897088
2668,-4.170664982202927,0.8751120574989443
2669,-2.507033323686177,0.8750683018960693
2670,-4.7304666500193235,0.8750245484809746
2671,-2.9600599957851372,0.8749807972535505
2672,-1.6684196578106962,0.8749370482136878
2673,-3.6773631697329185,0.8748933013612771
2674,-3.825607090743797,0.874849556696209
2675,-2.649207013123242,0.8748058142183742
2676,-3.4711133753758237,0.8747620739276634
2677,-1.7013923246100222,0.874718335823967
2678,-2.136674869733066,0.8746745999071758
2679,-2.8518539025079432,0.8746308661771804
2680,-3.74927419602434,0.8745871346338716
2681,-3.8566614105678103,0.8745434052771399
2682,-3.302746945512146,0.874499678106876
2683,-3.6260779967997445,0.8744559531229706
2684,-3.858682776964753,0.8744122303253145
2685,-2.439644576487831,0.8743685097137982
2686,-3.660973877081128,0.8743247912883125
2687,-1.3834197482203792,0.8742810750487481
2688,-2.878504949070609,0.8742373609949956
2689,-2.677114043805438,0.8741936491269459
2690,-4.097148523275648,0.8741499394444895
2691,-3.733990562100629,0.8741062319475172
2692,-4.250573628839651,0.8740625266359199
2693,-3.8752569261241736,0.874018823509588
2694,-1.4591773517684312,0.8739751225684126
2695,-1.4396231054608069,0.8739314238122842
2696,-4.849132954704997,0.8738877272410935
2697,-4.510021397633871,0.8738440328547314
2698,-3.244720828717441,0.8738003406530888
2699,-4.525333669294138,0.8737566506360561
2700,-5.126412379731199,0.8737129628035243
2701,-3.7831200259430813,0.8736692771553841
2702,-1.8239440231721966,0.8736255936915264
2703,-5.427528974560724,0.8735819124118418
2704,-4.779333907854051,0.8735382333162212
2705,-4.5780053499794615,0.8734945564045553
2706,-1.7455634009555603,0.8734508816767351
2707,-4.855252477997586,0.8734072091326512
2708,-1.471335718220306,0.8733635387721946
2709,-4.390028506916268,0.8733198705952561
2710,-4.56781106325351,0.8732762046017263
2711,-4.514323738231939,0.8732325407914961
2712,-2.4467999969330934,0.8731888791644565
2713,-5.273501586973676,0.8731452197204983
2714,-5.007064913269493,0.8731015624595123
2715,-3.5786403178231674,0.8730579073813893
2716,-3.736043808648949,0.8730142544860202
2717,-4.177058237460264,0.8729706037732959
2718,-4.717354103499527,0.8729269552431073
2719,-5.562435045449918,0.8728833088953452
2720,-2.360689193883956,0.8728396647299004
2721,-5.372092412687236,0.8727960227466639
2722,-3.8560100278886393,0.8727523829455266
2723,-5.523171417679849,0.8727087453263793
2724,-2.970504587191222,0.872665109889113
2725,-1.8368219107422559,0.8726214766336186
2726,-3.6708487249888284,0.8725778455597869
2727,-2.0968717314907215,0.872534216667509
2728,-3.1621128844061106,0.8724905899566756
2729,-3.3199969805061973,0.8724469654271778
2730,-3.6803139297544267,0.8724033430789064
2731,-3.6410459585169557,0.8723597229117525
2732,-1.876679448741469,0.8723161049256068
2733,-4.827329110174373,0.8722724891203606
2734,-1.9368787765518296,0.8722288754959046
2735,-3.0126237990388285,0.8721852640521298
2736,-4.1390771250221885,0.8721416547889272
2737,-4.426657058818323,0.8720980477061878
2738,-4.581370962148881,0.8720544428038025
2739,-4.458807632769382,0.8720108400816623
2740,-4.062617251695041,0.8719672395396583
2741,-3.547381667775616,0.8719236411776813
2742,-2.006950847946281,0.8718800449956224
2743,-4.979552562869833,0.8718364509933727
2744,-1.7967095111087135,0.871792859170823
2745,-3.27249934825945,0.8717492695278645
2746,-1.5674125024037526,0.871705682064388
2747,-4.365228531155643,0.8716620967802848
2748,-3.9209029103701107,0.8716185136754458
2749,-4.215486951982911,0.871574932749762
2750,-2.9354359111205888,0.8715313540031245
2751,-0.9605295602136743,0.8714877774354244
2752,-2.6962031328907634,0.8714442030465526
2753,-3.6381899722077335,0.8714006308364003
2754,-3.578153007269263,0.8713570608048585
2755,-3.045500583389859,0.8713134929518183
2756,-4.371022495815701,0.8712699272771707
2757,-3.452254431734066,0.8712263637808069
2758,-3.9376530863189156,0.8711828024626178
2759,-3.689588425166689,0.8711392433224947
2760,-3.9737547226271763,0.8710956863603286
2761,-3.5718282465574305,0.8710521315760106
2762,-3.3389378209480034,0.8710085789694317
2763,-2.701781098603113,0.8709650285404833
2764,-2.9986182431398145,0.8709214802890562
2765,-1.343978810500479,0.8708779342150418
2766,-2.742043351948988,0.870834390318331
2767,-1.8830305432309737,0.8707908485988151
2768,-3.3934767904237284,0.8707473090563851
2769,-5.322121411523297,0.8707037716909323
2770,-2.8098900850138087,0.8706602365023477
2771,-4.340754792968861,0.8706167034905226
2772,-3.757328476505873,0.8705731726553481
2773,-5.186501427558039,0.8705296439967153
2774,-2.4988988687676734,0.8704861175145154
2775,-2.221303139402467,0.8704425932086397
2776,-4.584492844112869,0.8703990710789793
2777,-2.208000784721512,0.8703555511254254
2778,-3.686496218633303,0.8703120333478691
2779,-5.581947538844803,0.8702685177462017
2780,-4.690137546491725,0.8702250043203145
2781,-4.00681086942566,0.8701814930700984
2782,-2.394911638294241,0.870137983995445
2783,-4.206047434337194,0.8700944770962452
2784,-5.288010314325109,0.8700509723723904
2785,-4.5744747733887765,0.8700074698237718
2786,-1.4353948637876712,0.8699639694502805
2787,-4.9664334580889165,0.869920471251808
2788,-5.327424667514608,0.8698769752282455
2789,-5.160761932489487,0.869833481379484
2790,-4.62547879872098,0.8697899897054151
2791,-4.2832113228782855,0.8697465002059298
2792,-4.7955265079900276,0.8697030128809196
2793,-5.539661973561904,0.8696595277302756
2794,-4.851987586114352,0.8696160447538891
2795,-5.102222772178791,0.8695725639516514
2796,-3.721950776243182,0.8695290853234539
2797,-4.401446430612296,0.8694856088691877
2798,-5.592286774596797,0.8694421345887442
2799,-3.6659649836170223,0.8693986624820148
2800,-4.545866835516103,0.8693551925488907
2801,-3.354465953519763,0.8693117247892632
2802,-1.1702858438629318,0.8692682592030238
2803,-5.483720152847408,0.8692247957900636
2804,-4.161649356575082,0.8691813345502741
2805,-4.556049640952249,0.8691378754835466
2806,-5.865716662734407,0.8690944185897724
2807,-3.3481585525182456,0.869050963868843
2808,-5.396806929678014,0.8690075113206495
2809,-4.177912758080964,0.8689640609450834
2810,-5.442316482040924,0.8689206127420361
2811,-5.883564967371035,0.868877166711399
2812,-4.49910825252671,0.8688337228530635
2813,-4.9284800544696505,0.8687902811669208
2814,-4.0538840331124115,0.8687468416528624
2815,-3.9379234930053246,0.8687034043107797
2816,-5.277523120221561,0.8686599691405642
2817,-4.989793285163374,0.8686165361421072
2818,-5.565412609917587,0.8685731053153001
2819,-4.673367578850224,0.8685296766600343
2820,-3.980911056018825,0.8684862501762013
2821,-3.475191904113391,0.8684428258636925
2822,-4.32324745788682,0.8683994037223993
2823,-1.5029188914602147,0.8683559837522132
2824,-4.057314580493796,0.8683125659530256
2825,-1.4173344042206035,0.868269150324728
2826,-3.762958199708337,0.8682257368672117
2827,-3.772181853394052,0.8681823255803683
2828,-4.486562950596747,0.8681389164640894
2829,-4.052348497181317,0.8680955095182662
2830,-3.430050055388895,0.8680521047427903
2831,-2.2356102241134046,0.8680087021375531
2832,-4.118129001597129,0.8679653017024462
2833,-1.9347283398979185,0.8679219034373611
2834,-5.514513642677793,0.8678785073421892
2835,-2.3399470288572153,0.8678351134168221
2836,-3.593991709719396,0.8677917216611513
2837,-1.8029631700991304,0.8677483320750682
2838,-2.6540541103159345,0.8677049446584645
2839,-4.009071125273207,0.8676615594112316
2840,-3.2024782347215526,0.867618176333261
2841,-3.805871125441014,0.8675747954244444
2842,-3.7770398621001866,0.8675314166846732
2843,-3.9623458059374905,0.867488040113839
2844,-1.4631857604666871,0.8674446657118333
2845,-2.524382369823015,0.8674012934785478
2846,-3.3786912417291775,0.8673579234138739
2847,-3.9327272861641203,0.8673145555177032
2848,-3.799480814949284,0.8672711897899273
2849,-2.5543331850115165,0.8672278262304378
2850,-2.9301891304347247,0.8671844648391263
2851,-3.1133425807769575,0.8671411056158843
2852,-2.619871870202353,0.8670977485606035
2853,-3.655787908611014,0.8670543936731755
2854,-2.347197712913,0.8670110409534918
2855,-3.988095483845724,0.8669676904014442
2856,-3.0042031915149288,0.8669243420169241
2857,-2.8250710953063454,0.8668809957998233
2858,-2.98241004167234,0.8668376517500332
2859,-3.382914235037791,0.8667943098674458
2860,-2.1093279405999468,0.8667509701519523
2861,-3.0427502197445904,0.8667076326034447
2862,-3.3764120158948616,0.8666642972218146
2863,-3.4172385887113217,0.8666209640069535
2864,-2.7849089655954455,0.8665776329587532
2865,-3.199088680173733,0.8665343040771053
2866,-4.6490883179056075,0.8664909773619015
2867,-1.4918459894185934,0.8664476528130334
2868,-1.8761573096967028,0.8664043304303928
2869,-1.6480172234715678,0.8663610102138712
2870,-4.018956754204358,0.8663176921633605
2871,-1.9133986651700727,0.8662743762787524
2872,-2.674674821010756,0.8662310625599384
2873,-2.553901440971012,0.8661877510068104
2874,-3.1001824588767946,0.8661444416192601
2875,-3.542680643664826,0.8661011343971791
2876,-4.947640126089485,0.8660578293404592
2877,-1.9719298990634948,0.8660145264489921
2878,-3.760478298440359,0.8659712257226697
2879,-3.926918610470094,0.8659279271613836
2880,-3.072298087282394,0.8658846307650255
2881,-3.8828147850383967,0.8658413365334873
2882,-3.8329546864672466,0.8657980444666606
2883,-5.254947104031286,0.8657547545644373
2884,-5.0794909680574385,0.8657114668267091
2885,-1.6774118600915862,0.8656681812533678
2886,-2.9132908124262524,0.8656248978443051
2887,-4.870674347240371,0.8655816165994129
2888,-5.678598073555854,0.8655383375185829
2889,-2.1612076790690544,0.865495060601707
2890,-4.2891423495593495,0.8654517858486769
2891,-1.8497792102195025,0.8654085132593845
2892,-2.0004296065407106,0.8653652428337215
2893,-4.50363371861085,0.8653219745715799
2894,-4.370750923545803,0.8652787084728513
2895,-3.9137199868034065,0.8652354445374276
2896,-3.9339861088861685,0.8651921827652007
2897,-5.2589535862873555,0.8651489231560625
2898,-4.641815049875255,0.8651056657099047
2899,-4.09654323088823,0.8650624104266191
2900,-5.07455175699266,0.8650191573060978
2901,-1.7401184873455384,0.8649759063482325
2902,-4.53635081277321,0.8649326575529152
2903,-3.6289782843269958,0.8648894109200375
2904,-5.298683366815323,0.8648461664494914
2905,-5.402035528854959,0.864802924141169
2906,-4.337240777748493,0.864759683994962
2907,-3.843128291835744,0.8647164460107623
2908,-4.79164472633062,0.8646732101884618
2909,-4.099852335097273,0.8646299765279524
2910,-2.4933072638972376,0.864586745029126
2911,-5.613631137498987,0.8645435156918746
2912,-3.770329153440443,0.86450028851609
2913,-3.8701157540423012,0.8644570635016642
2914,-4.739738401872274,0.8644138406484891
2915,-3.9679394911445347,0.8643706199564567
2916,-3.213697444479033,0.8643274014254588
2917,-3.819656744312674,0.8642841850553875
2918,-4.644213474018288,0.8642409708461347
2919,-3.7777395164918532,0.8641977587975924
2920,-4.952667850932839,0.8641545489096526
2921,-4.476498693745581,0.8641113411822071
2922,-1.5275676527345932,0.8640681356151481
2923,-1.824790717557447,0.8640249322083673
2924,-4.171741562449063,0.8639817309617569
2925,-2.9484788343307438,0.8639385318752089
2926,-2.1125062654253464,0.8638953349486151
2927,-2.3276963292993864,0.8638521401818677
2928,-1.7913439652959626,0.8638089475748586
2929,-3.5386758393615363,0.8637657571274798
2930,-2.30997181918492,0.8637225688396235
2931,-3.0357238026754825,0.8636793827111815
2932,-3.6211276877726424,0.8636361987420459
2933,-2.2597629611178656,0.8635930169321088
2934,-1.9067792614811256,0.8635498372812622
2935,-4.665860898894342,0.8635066597893981
2936,-3.983235400201554,0.8634634844564086
2937,-3.3793378124642013,0.8634203112821858
2938,-1.3012724024967346,0.8633771402666217
2939,-4.381329489952234,0.8633339714096084
2940,-1.6012238217925625,0.8632908047110379
2941,-4.148372900558719,0.8632476401708024
2942,-3.8018143672356612,0.8632044777887938
2943,-3.775493829610349,0.8631613175649044
2944,-3.748051503822264,0.8631181594990261
2945,-4.436735810997987,0.8630750035910512
2946,-3.9232411034518138,0.8630318498408716
2947,-3.553877378003981,0.8629886982483795
2948,-4.162674265017506,0.8629455488134671
2949,-4.087472595842641,0.8629024015360264
2950,-1.087777026655922,0.8628592564159496
2951,-3.327205667904664,0.8628161134531288
2952,-3.963458003557471,0.8627729726474561
2953,-3.9585885683539725,0.8627298339988237
2954,-4.0979163590421095,0.8626866975071238
2955,-4.175399417614295,0.8626435631722484
2956,-2.77213329360316,0.8626004309940898
2957,-5.373950968464242,0.8625573009725401
2958,-1.8899886548659182,0.8625141731074915
2959,-4.302410282899462,0.8624710473988361
2960,-4.372386049210068,0.8624279238464662
2961,-3.373517123612446,0.8623848024502738
2962,-5.142581415841441,0.8623416832101514
2963,-5.023999472395078,0.8622985661259909
2964,-5.400878748700468,0.8622554511976845
2965,-2.2170667599413822,0.8622123384251247
2966,-5.08109207986702,0.8621692278082034
2967,-4.978085361744932,0.8621261193468129
2968,-4.303501576673639,0.8620830130408456
2969,-4.667444240761574,0.8620399088901936
2970,-4.228044868151636,0.861996806894749
2971,-5.315695967403914,0.8619537070544042
2972,-4.306659996184968,0.8619106093690515
2973,-3.9356020921102903,0.8618675138385831
2974,-4.727379994352671,0.8618244204628911
2975,-4.6963171025853985,0.8617813292418679
2976,-3.262759980179323,0.8617382401754058
2977,-4.5532956777374505,0.8616951532633971
2978,-4.82027200396632,0.861652068505734
2979,-4.780811571597497,0.8616089859023086
2980,-2.5486709622030372,0.8615659054530135
2981,-3.846239459789013,0.8615228271577409
2982,-4.269048197948456,0.861479751016383
2983,-5.2764911619375425,0.8614366770288322
2984,-5.476981966322304,0.8613936051949808
2985,-4.788107315805671,0.861350535514721
2986,-3.9166313901466254,0.8613074679879452
2987,-3.683838042328016,0.8612644026145458
2988,-4.831362479503648,0.8612213393944151
2989,-6.376668362452017,0.8611782783274454
2990,-4.876589383103423,0.8611352194135291
2991,-4.514434773908894,0.8610921626525584
2992,-4.729954662804365,0.8610491080444258
2993,-5.152201106869458,0.8610060555890235
2994,-4.9343480681615315,0.8609630052862441
2995,-4.688845760127516,0.8609199571359798
2996,-5.161671821342705,0.860876911138123
2997,-4.266792542080006,0.8608338672925662
2998,-4.739562280052448,0.8607908255992015
2999,-3.069220779064202,0.8607477860579216
3000,-5.863821526938381,0.8607047486686187
3001,-4.300918345765533,0.8606617134311852
3002,-4.650951442818807,0.8606186803455137
3003,-4.918188579053898,0.8605756494114964
3004,-3.9381575761317142,0.8605326206290259
3005,-4.824781216674394,0.8604895939979945
3006,-4.5132011114042525,0.8604465695182946
3007,-4.964890764054979,0.8604035471898187
3008,-4.42952301194198,0.8603605270124592
3009,-3.800207078986161,0.8603175089861086
3010,-2.5555375410710512,0.8602744931106593
3011,-2.7106525079550625,0.8602314793860038
3012,-5.117024447902763,0.8601884678120345
3013,-4.228148829891174,0.8601454583886439
3014,-5.090098676962374,0.8601024511157245
3015,-5.457530954013492,0.8600594459931687
3016,-6.075411500807215,0.8600164430208691
3017,-5.273657240866239,0.8599734421987181
3018,-2.867914220461579,0.8599304435266082
3019,-3.3588652727622117,0.8598874470044319
3020,-2.1296216159989063,0.8598444526320816
3021,-4.238946551115643,0.85980146040945
3022,-4.157408665971795,0.8597584703364296
3023,-4.64377555815649,0.8597154824129127
3024,-2.075690205558352,0.8596724966387921
3025,-2.913155347225836,0.8596295130139602
3026,-4.403001332677221,0.8595865315383094
3027,-1.4887394852445888,0.8595435522117325
3028,-3.7549669739854448,0.8595005750341219
3029,-2.9399601739719365,0.8594576000053702
3030,-1.7727414789964373,0.85941462712537
3031,-3.59767138833189,0.8593716563940137
3032,-2.657652173669832,0.859328687811194
3033,-3.103463353864212,0.8592857213768035
3034,-3.612598548857374,0.8592427570907346
3035,-2.4092733125524273,0.8591997949528801
3036,-3.928454321098658,0.8591568349631324
3037,-4.409692675243571,0.8591138771213843
3038,-1.7106637387700505,0.8590709214275283
3039,-3.180127047775925,0.8590279678814569
3040,-2.5594407316140027,0.8589850164830628
3041,-1.8767427066635585,0.8589420672322386
3042,-3.0875636606290713,0.858899120128877
3043,-3.4571305690169627,0.8588561751728706
3044,-4.2700977614987945,0.858813232364112
3045,-3.9265126693960406,0.8587702917024937
3046,-2.6424147156238096,0.8587273531879086
3047,-3.8135709113040805,0.8586844168202492
3048,-4.872711784384262,0.8586414825994082
3049,-4.285838053764147,0.8585985505252782
3050,-4.184669860302796,0.8585556205977519
3051,-2.558537026743587,0.858512692816722
3052,-5.117516541290675,0.8584697671820812
3053,-3.0822213158662297,0.8584268436937221
3054,-5.505863262965025,0.8583839223515375
3055,-3.735805596738749,0.85834100315542
3056,-1.8351643522269439,0.8582980861052621
3057,-4.039592818350942,0.8582551712009568
3058,-2.6277147870420468,0.8582122584423968
3059,-4.426068932716056,0.8581693478294746
3060,-4.453078706309578,0.8581264393620831
3061,-4.858802541102777,0.858083533040115
3062,-3.0470498465469955,0.858040628863463
3063,-4.905570852514602,0.8579977268320198
3064,-4.789330892867403,0.8579548269456783
3065,-3.602271508127152,0.857911929204331
3066,-2.4697449914166234,0.8578690336078708
3067,-5.523672634844138,0.8578261401561904
3068,-4.268740924393718,0.8577832488491826
3069,-4.503746262559476,0.8577403596867401
3070,-4.028398992707416,0.8576974726687557
3071,-4.704343640134198,0.8576545877951223
3072,-3.3814299303386606,0.8576117050657325
3073,-3.758795025142563,0.8575688244804792
3074,-5.122647513836709,0.8575259460392552
3075,-3.4730799934334,0.8574830697419533
3076,-1.6126675996120408,0.8574401955884662
3077,-4.541275522716436,0.8573973235786868
3078,-5.040787122034644,0.8573544537125078
3079,-4.006196835056382,0.8573115859898223
3080,-2.5932102949442677,0.8572687204105228
3081,-2.786417589332331,0.8572258569745023
3082,-3.001476250478852,0.8571829956816536
3083,-5.20848690217262,0.8571401365318695
3084,-5.421968504422603,0.8570972795250429
3085,-5.095873149557436,0.8570544246610666
3086,-4.49296395524412,0.8570115719398336
3087,-4.788945923655866,0.8569687213612366
3088,-5.023476325531781,0.8569258729251685
3089,-4.649916833581065,0.8568830266315223
3090,-4.367642911519361,0.8568401824801907
3091,-5.080288897031863,0.8567973404710667
3092,-4.484791272987742,0.8567545006040431
3093,-4.41433687005971,0.8567116628790129
3094,-4.387139164172997,0.8566688272958689
3095,-3.50857482643507,0.8566259938545041
3096,-3.2736084159479093,0.8565831625548114
3097,-4.615954370422913,0.8565403333966837
3098,-4.263132383162482,0.8564975063800139
3099,-5.24888577488746,0.8564546815046948
3100,-3.5637456684781252,0.8564118587706196
3101,-5.855459602306192,0.8563690381776812
3102,-4.442711377769848,0.8563262197257723
3103,-2.872353303108694,0.856283403414786
3104,-4.454235834322807,0.8562405892446153
3105,-4.9262240517443034,0.8561977772151531
3106,-4.523194772105068,0.8561549673262924
3107,-4.800752869473887,0.8561121595779261
3108,-3.928796640788093,0.8560693539699472
3109,-4.600069002372071,0.8560265505022487
3110,-3.6076435098156017,0.8559837491747236
3111,-4.241702654273364,0.8559409499872649
3112,-4.202057603628016,0.8558981529397656
3113,-3.7447765743335935,0.8558553580321185
3114,-4.511189441173402,0.8558125652642169
3115,-5.030376975082234,0.8557697746359537
3116,-5.1965366676644695,0.855726986147222
3117,-3.816813551591786,0.8556841997979147
3118,-3.5161183186539744,0.8556414155879247
3119,-1.728877338778855,0.8555986335171454
3120,-2.0877231269888306,0.8555558535854695
3121,-4.748809881317511,0.8555130757927902
3122,-3.612145648783228,0.8554703001390006
3123,-3.5724099447544315,0.8554275266239937
3124,-4.620187958758645,0.8553847552476624
3125,-1.1868995375354277,0.8553419860099001
3126,-2.02356405523601,0.8552992189105996
3127,-2.967270422270953,0.855256453949654
3128,-4.420341003351615,0.8552136911269566
3129,-4.1882408643558975,0.8551709304424002
3130,-3.4316638813169735,0.8551281718958781
3131,-1.4699761230995785,0.8550854154872833
3132,-3.5907932093284725,0.855042661216509
3133,-2.1422073950638163,0.8549999090834481
3134,-4.007244236117863,0.854957159087994
3135,-3.188045468799586,0.8549144112300395
3136,-2.949814894752521,0.854871665509478
3137,-4.113685836745729,0.8548289219262025
3138,-3.6102430648820434,0.8547861804801062
3139,-2.926014125977594,0.8547434411710823
3140,-3.553354680014161,0.8547007039990236
3141,-3.639120153602778,0.8546579689638237
3142,-1.7258270459152558,0.8546152360653756
3143,-2.0898242325906047,0.8545725053035723
3144,-3.9612601501488305,0.8545297766783071
3145,-1.6147487710732196,0.8544870501894732
3146,-3.498884796652715,0.8544443258369637
3147,-2.190564963389116,0.8544016036206719
3148,-3.318691015327043,0.8543588835404908
3149,-4.338495771416202,0.8543161655963138
3150,-4.014657601152551,0.854273449788034
3151,-3.2181395657318435,0.8542307361155446
3152,-2.4184654405676356,0.8541880245787388
3153,-3.512096938444481,0.8541453151775098
3154,-4.505427650695966,0.854102607911751
3155,-3.6826289903269425,0.8540599027813554
3156,-3.151723100353826,0.8540171997862163
3157,-4.360164572208729,0.853974498926227
3158,-1.636968649316278,0.8539318002012807
3159,-4.479585021672494,0.8538891036112706
3160,-5.1676850247100035,0.85384640915609
3161,-3.3789418696707423,0.8538037168356322
3162,-2.1048932450040474,0.8537610266497904
3163,-2.1200695243672825,0.8537183385984579
3164,-1.750093777478681,0.853675652681528
3165,-1.2645645696519539,0.853632968898894
3166,-4.169731856528212,0.853590287250449
3167,-3.9276350982925248,0.8535476077360865
3168,-3.776715328935029,0.8535049303556997
3169,-4.04053524217035,0.8534622551091819
3170,-3.1954416839326325,0.8534195819964265
3171,-3.601106322812721,0.8533769110173267
3172,-3.7602289213841256,0.8533342421717759
3173,-4.599813404670674,0.8532915754596673
3174,-2.0183027522299044,0.8532489108808943
3175,-5.473165151694687,0.8532062484353502
3176,-5.107073489224501,0.8531635881229285
3177,-4.534067384432623,0.8531209299435223
3178,-3.5315306793472914,0.8530782738970251
3179,-3.8420064281507003,0.8530356199833302
3180,-3.6111761190042224,0.8529929682023311
3181,-3.240307443835202,0.8529503185539209
3182,-4.009066959664324,0.8529076710379933
3183,-5.236363951737394,0.8528650256544413
3184,-5.248973458588829,0.8528223824031587
3185,-4.95535777459871,0.8527797412840386
3186,-3.7970185913674284,0.8527371022969743
3187,-4.012258155308137,0.8526944654418595
3188,-2.9721468344543904,0.8526518307185874
3189,-5.24663927881895,0.8526091981270515
3190,-3.2860935445851402,0.8525665676671451
3191,-4.451660627568128,0.8525239393387618
3192,-3.3242429429928544,0.8524813131417949
3193,-4.278448223641577,0.8524386890761377
3194,-4.194582479852535,0.8523960671416839
3195,-4.5275795801182745,0.8523534473383269
3196,-2.6899195912959257,0.85231082966596
3197,-3.401768219349143,0.8522682141244766
3198,-3.559630660766511,0.8522256007137704
3199,-2.1104134017892524,0.8521829894337347
3200,-4.495375460966294,0.8521403802842631
3201,-4.043037158842626,0.8520977732652488
3202,-5.004844362411422,0.8520551683765856
3203,-3.0670788952139527,0.8520125656181667
3204,-2.1885086002265957,0.8519699649898859
3205,-4.492916678218572,0.8519273664916364
3206,-1.9252407912003766,0.8518847701233118
3207,-5.347106886244983,0.8518421758848056
3208,-5.057172692976886,0.8517995837760114
3209,-1.7731314867406827,0.8517569937968226
3210,-5.9637436417475005,0.8517144059471328
3211,-1.9324286954285494,0.8516718202268354
3212,-5.306418126023864,0.851629236635824
3213,-4.490018521015655,0.8515866551739922
3214,-4.895162425277759,0.8515440758412336
3215,-1.65494846592225,0.8515014986374415
3216,-3.382674832471161,0.8514589235625096
3217,-2.272418944471684,0.8514163506163315
3218,-3.4002231887667813,0.8513737797988007
3219,-3.2066090562616383,0.8513312111098108
3220,-2.68799118558209,0.8512886445492553
3221,-1.0912923787472024,0.8512460801170278
3222,-2.7484315058716264,0.851203517813022
3223,-1.4631232177718307,0.8511609576371313
3224,-3.2003283091736376,0.8511183995892494
3225,-3.308721917353775,0.8510758436692699
3226,-1.4992637206525214,0.8510332898770865
3227,-1.3919685817342757,0.8509907382125926
3228,-3.130084660604356,0.850948188675682
3229,-3.8812928992291846,0.8509056412662482
3230,-3.9062881760277746,0.850863095984185
3231,-4.481331433541618,0.8508205528293857
3232,-3.3744360937289177,0.8507780118017443
3233,-4.453300880319474,0.8507354729011543
3234,-2.093838357661169,0.8506929361275092
3235,-2.9008208940125586,0.8506504014807028
3236,-1.6748528756800165,0.8506078689606288
3237,-1.8303646572118129,0.8505653385671808
3238,-4.157763831060917,0.8505228103002525
3239,-1.7570857932278343,0.8504802841597374
3240,-2.8718803111891935,0.8504377601455294
3241,-3.236607487237734,0.8503952382575222
3242,-2.5962665129526283,0.8503527184956093
3243,-3.530163337679719,0.8503102008596846
3244,-3.227410700433958,0.8502676853496416
3245,-3.020421071854684,0.8502251719653741
3246,-1.707780628881138,0.8501826607067758
3247,-3.5335353916057883,0.8501401515737405
3248,-3.0853640329384513,0.8500976445661618
3249,-1.9038844929907484,0.8500551396839334
3250,-3.414604668484415,0.8500126369269493
3251,-4.3303799630185775,0.849970136295103
3252,-2.9799257094622646,0.8499276377882883
3253,-3.6971525115595183,0.8498851414063989
3254,-4.462963302881144,0.8498426471493286
3255,-2.7359123707044537,0.8498001550169711
3256,-4.972505505790357,0.8497576650092203
3257,-4.988510084676271,0.8497151771259699
3258,-2.1525103306311033,0.8496726913671135
3259,-1.928714676625812,0.8496302077325452
3260,-5.432924273332572,0.8495877262221585
3261,-3.8951513551125,0.8495452468358474
3262,-4.9728755815750745,0.8495027695735057
3263,-3.869891568473501,0.849460294435027
3264,-5.735141743502785,0.8494178214203053
3265,-3.938389881674146,0.8493753505292343
3266,-2.2817212618127645,0.8493328817617078
3267,-5.227693605666563,0.8492904151176197
3268,-3.339551429271512,0.8492479505968639
3269,-5.799484305251346,0.8492054881993341
3270,-4.513160651443696,0.849163027924924
3271,-3.988299036357904,0.8491205697735278
3272,-4.644491346975486,0.8490781137450392
3273,-4.045157135150762,0.8490356598393519
3274,-1.90888189150645,0.8489932080563599
3275,-5.772374565764174,0.8489507583959571
3276,-4.866809249997821,0.8489083108580373
3277,-4.77634538627656,0.8488658654424944
3278,-4.99142597618679,0.8488234221492224
3279,-5.220649240459755,0.8487809809781149
3280,-4.600767028503084,0.8487385419290661
3281,-5.305691263099532,0.8486961050019696
3282,-4.83614018409277,0.8486536701967194
3283,-4.6784102096649605,0.8486112375132097
3284,-3.673430953819542,0.848568806951334
3285,-5.04736757722778,0.8485263785109864
3286,-4.8813960972471495,0.8484839521920609
3287,-2.1019735347347526,0.8484415279944513
3288,-6.018555230117649,0.8483991059180516
3289,-4.437357612415536,0.8483566859627557
3290,-4.569918665276315,0.8483142681284576
3291,-5.173072095994997,0.8482718524150511
3292,-4.775657544889085,0.8482294388224304
3293,-5.107066951199901,0.8481870273504893
3294,-5.878762912114088,0.8481446179991218
3295,-5.003663003805393,0.8481022107682218
3296,-3.4755578246347576,0.8480598056576834
3297,-2.2811442058496176,0.8480174026674004
3298,-4.432232765891304,0.847975001797267
3299,-4.509838663982263,0.8479326030471772
3300,-2.0684736365606486,0.8478902064170248
3301,-4.974490214621706,0.847847811906704
3302,-4.892924420118293,0.8478054195161087
3303,-3.96592476321519,0.8477630292451328
3304,-4.2594570630947715,0.8477206410936705
3305,-3.758825129426765,0.8476782550616159
3306,-5.514867293586732,0.8476358711488627
3307,-5.037388051044179,0.8475934893553053
3308,-5.596764975787922,0.8475511096808376
3309,-5.488699657194029,0.8475087321253535
3310,-5.406491808815398,0.8474663566887473
3311,-2.577082017115208,0.8474239833709128
3312,-4.828361515307677,0.8473816121717443
3313,-5.9263362509349236,0.8473392430911357
3314,-1.3554369464286493,0.8472968761289812
3315,-2.7451402283215454,0.8472545112851747
3316,-3.372696145407085,0.8472121485596105
3317,-4.871605903245307,0.8471697879521825
3318,-4.077599423057777,0.8471274294627849
3319,-3.5846414403617697,0.8470850730913118
3320,-3.6873123628173827,0.8470427188376572
3321,-3.15578654477208,0.8470003667017154
3322,-1.845752514950704,0.8469580166833803
3323,-2.8116179296873316,0.8469156687825462
3324,-2.9305598656152663,0.8468733229991071
3325,-3.170584376689024,0.8468309793329571
3326,-3.4961210988638127,0.8467886377839905
3327,-4.296697595317069,0.8467462983521012
3328,-3.8561595161262123,0.8467039610371836
3329,-2.567025492473581,0.8466616258391317
3330,-2.706665427506698,0.8466192927578398
3331,-3.1894284718848582,0.8465769617932019
3332,-3.9249116619743822,0.8465346329451122
3333,-2.707557934339875,0.8464923062134649
3334,-3.7284383057026664,0.8464499815981543
3335,-2.4564893093417655,0.8464076590990744
3336,-4.1040325341833865,0.8463653387161195
3337,-3.4649630220756302,0.8463230204491837
3338,-3.0247780041795176,0.8462807042981613
3339,-3.6709003276600445,0.8462383902629463
3340,-4.2927245941023635,0.8461960783434332
3341,-2.000197381544164,0.8461537685395161
3342,-3.7185672051270986,0.8461114608510891
3343,-4.209099227274383,0.8460691552780466
3344,-4.52926025956012,0.8460268518202827
3345,-3.4024040491819294,0.8459845504776917
3346,-3.4518372763582676,0.8459422512501679
3347,-3.996047688261705,0.8458999541376053
3348,-3.513910489019869,0.8458576591398984
3349,-2.0318400054849706,0.8458153662569414
3350,-1.1126882387620323,0.8457730754886286
3351,-3.986151653876663,0.8457307868348541
3352,-3.2336039049061456,0.8456885002955125
3353,-5.806241377427005,0.8456462158704977
3354,-4.361132088257024,0.8456039335597042
3355,-2.2128701134783784,0.8455616533630262
3356,-2.472918377344339,0.8455193752803581
3357,-5.550111820054761,0.8454770993115941
3358,-3.878875792883121,0.8454348254566285
3359,-3.4337492090427375,0.8453925537153557
3360,-4.05495587273138,0.84535028408767
3361,-3.4406101168454875,0.8453080165734657
3362,-4.702411682516928,0.845265751172637
3363,-4.775650360054844,0.8452234878850784
3364,-4.496075036787857,0.8451812267106842
3365,-3.808898174525757,0.8451389676493487
3366,-4.726090732270831,0.8450967107009663
3367,-4.231290043333513,0.8450544558654313
3368,-3.9888008122980265,0.845012203142638
3369,-3.9518452584773236,0.8449699525324809
3370,-5.054167930941253,0.8449277040348543
3371,-4.234471659259639,0.8448854576496525
3372,-4.546706348999316,0.84484321337677
3373,-4.6145057762623,0.8448009712161012
3374,-4.798421476945958,0.8447587311675404
3375,-5.554370436471192,0.8447164932309821
3376,-2.632947804993131,0.8446742574063205
3377,-4.513818976182075,0.8446320236934503
3378,-4.213646462274021,0.8445897920922656
3379,-4.696974978190662,0.844547562602661
3380,-4.371459659449652,0.8445053352245309
3381,-4.213122944751318,0.8444631099577696
3382,-4.021512848291622,0.8444208868022718
3383,-3.267239232975014,0.8443786657579316
3384,-1.6675783998401315,0.8443364468246437
3385,-4.988477218146561,0.8442942300023025
3386,-5.128852118869489,0.8442520152908024
3387,-4.432215744564084,0.8442098026900379
3388,-4.371034310088097,0.8441675921999033
3389,-3.932008124906445,0.8441253838202933
3390,-3.764405596148589,0.8440831775511023
3391,-5.476642327411296,0.8440409733922247
3392,-3.8276881826158813,0.8439987713435552
3393,-4.326550308242318,0.843956571404988
3394,-3.6172358275990497,0.8439143735764177
3395,-2.5037935285958515,0.8438721778577389
3396,-3.889220938306192,0.843829984248846
3397,-4.958820487097479,0.8437877927496336
3398,-3.4966691711504363,0.843745603359996
3399,-4.474931434316735,0.843703416079828
3400,-5.341059486896787,0.843661230909024
3401,-4.975395080813389,0.8436190478474785
3402,-4.781740650141156,0.8435768668950862
3403,-5.193428654955173,0.8435346880517414
3404,-4.29401029290881,0.8434925113173388
3405,-4.106262721234987,0.8434503366917729
3406,-5.236730456014421,0.8434081641749384
3407,-5.355155347684307,0.8433659937667296
3408,-4.247455826309324,0.8433238254670413
3409,-5.096002521020289,0.8432816592757679
3410,-3.7178511572753097,0.8432394951928042
3411,-4.616924693181981,0.8431973332180446
3412,-4.538082031221721,0.8431551733513837
3413,-3.0235483771195906,0.8431130155927161
3414,-4.208561663549987,0.8430708599419365
3415,-4.191664853982777,0.8430287063989395
3416,-4.292776171700691,0.8429865549636195
3417,-3.8952610229873246,0.8429444056358714
3418,-2.76289414530211,0.8429022584155895
3419,-3.5181696244628546,0.8428601133026687
3420,-3.340285352687779,0.8428179702970037
3421,-2.119239345553821,0.8427758293984888
3422,-4.362436508182789,0.8427336906070189
3423,-1.988304950785048,0.8426915539224885
3424,-1.5346563109951368,0.8426494193447924
3425,-2.7798118818123787,0.8426072868738252
3426,-3.5198785899201432,0.8425651565094816
3427,-4.682817674700642,0.8425230282516561
3428,-2.794570586173469,0.8424809021002436
3429,-1.3496132778754573,0.8424387780551387
3430,-3.067321727081347,0.8423966561162359
3431,-3.3176164350564163,0.8423545362834302
3432,-2.812802586983305,0.842312418556616
3433,-4.133292330808429,0.8422703029356882
3434,-2.8461423984991865,0.8422281894205413
3435,-2.452256801275495,0.8421860780110704
3436,-3.4467182389054374,0.8421439687071698
3437,-3.601258222335567,0.8421018615087345
3438,-3.9361011016186063,0.842059756415659
3439,-1.9993225244082846,0.8420176534278382
3440,-3.3535650206951404,0.8419755525451668
3441,-3.8205527423386267,0.8419334537675395
3442,-4.724028509103816,0.8418913570948511
3443,-3.599967711885738,0.8418492625269963
3444,-1.732811752672112,0.84180717006387
3445,-3.7291238168475127,0.8417650797053667
3446,-1.443080948891513,0.8417229914513815
3447,-1.8153094088256276,0.841680905301809
3448,-3.344267749037854,0.8416388212565439
3449,-3.6960896780672132,0.8415967393154811
3450,-3.339659588409079,0.8415546594785153
3451,-4.807529533815899,0.8415125817455413
3452,-3.4183933874679675,0.841470506116454
3453,-5.496979655845698,0.8414284325911482
3454,-3.650867627450138,0.8413863611695186
3455,-3.8011092888219995,0.8413442918514601
3456,-3.795707894978516,0.8413022246368675
3457,-3.605203140425846,0.8412601595256357
3458,-4.431042131729258,0.8412180965176594
3459,-3.5431977706832853,0.8411760356128336
3460,-1.4954737780166005,0.841133976811053
3461,-4.392908515004772,0.8410919201122125
3462,-4.801995476073982,0.8410498655162069
3463,-3.386094905685707,0.841007813022931
3464,-3.2259500686792735,0.8409657626322798
3465,-3.7516488633773086,0.8409237143441483
3466,-4.13526409323462,0.840881668158431
3467,-3.4923832461022717,0.8408396240750231
3468,-1.2543076137529625,0.8407975820938194
3469,-3.9876433658403343,0.8407555422147147
3470,-2.962352047483116,0.840713504437604
3471,-3.6794757259970887,0.8406714687623821
3472,-4.38413701720668,0.840629435188944
3473,-4.231699682729361,0.8405874037171845
3474,-2.865476515353357,0.8405453743469987
3475,-3.4461127697301803,0.8405033470782813
3476,-4.00525682568988,0.8404613219109275
3477,-4.792884597421938,0.8404192988448319
3478,-3.1672171672732077,0.8403772778798897
3479,-3.969266322226518,0.8403352590159957
3480,-4.624069795140607,0.8402932422530449
3481,-2.817022408194963,0.8402512275909323
3482,-3.507875853025875,0.8402092150295527
3483,-4.055885577210933,0.8401672045688012
3484,-3.1935553760983524,0.8401251962085728
3485,-3.764156375497489,0.8400831899487624
3486,-3.4203418141421054,0.840041185789265
3487,-1.780102198683599,0.8399991837299755
3488,-3.4930696917369506,0.839957183770789
3489,-3.629378761194829,0.8399151859116004
3490,-5.2558188669532075,0.8398731901523049
3491,-1.3662252945219555,0.8398311964927972
3492,-3.835473223081573,0.8397892049329726
3493,-4.166506145308272,0.8397472154727259
3494,-4.4214143562478645,0.8397052281119523
3495,-2.7013857206358973,0.8396632428505466
3496,-2.6512206975786103,0.8396212596884041
3497,-4.844621337502925,0.8395792786254197
3498,-2.0617765123045095,0.8395372996614884
3499,-4.440619426672072,0.8394953227965053
3500,-4.214080875144947,0.8394533480303654
3501,-5.214870203692825,0.839411375362964
3502,-1.2242014541022503,0.8393694047941959
3503,-4.0981254656496535,0.8393274363239561
3504,-4.203505520123737,0.8392854699521399
3505,-4.767785130214998,0.8392435056786424
3506,-1.609147844594535,0.8392015435033584
3507,-2.290202682847604,0.8391595834261832
3508,-4.426300714614273,0.839117625447012
3509,-2.986500506482392,0.8390756695657396
3510,-2.4898744773408814,0.8390337157822614
3511,-3.630499668989377,0.8389917640964722
3512,-3.15373424511144,0.8389498145082674
3513,-2.2412659813153897,0.838907867017542
3514,-2.2374505152006137,0.8388659216241912
3515,-3.140300833505349,0.83882397832811
3516,-4.004154227756036,0.8387820371291935
3517,-3.681067333157203,0.8387400980273371
3518,-3.991335436588602,0.8386981610224357
3519,-3.6967693651620284,0.8386562261143845
3520,-5.277090964598173,0.8386142933030788
3521,-2.8040195293432726,0.8385723625884136
3522,-4.378611209552295,0.8385304339702842
3523,-3.0253608187007286,0.8384885074485856
3524,-1.1832139474200338,0.8384465830232132
3525,-2.38362931448984,0.838404660694062
3526,-3.5511823766292254,0.8383627404610273
3527,-3.057457455738085,0.8383208223240043
3528,-2.649090092238133,0.8382789062828881
3529,-3.5241690673522728,0.838236992337574
3530,-2.889125860399375,0.8381950804879571
3531,-3.081485378020629,0.8381531707339327
3532,-2.589852602606857,0.838111263075396
3533,-3.8345134008844086,0.8380693575122422
3534,-1.6687877047468525,0.8380274540443666
3535,-2.8692126176098993,0.8379855526716644
3536,-3.0787174357126554,0.8379436533940309
3537,-3.284782003176213,0.8379017562113612
3538,-3.078486286878066,0.8378598611235506
3539,-3.622769480605077,0.8378179681304945
3540,-3.8893671816208997,0.8377760772320879
3541,-3.089395493702713,0.8377341884282263
3542,-1.020015124385768,0.8376923017188049
3543,-4.232424501466173,0.837650417103719
3544,-3.4584881894270665,0.8376085345828639
3545,-4.920961696572603,0.8375666541561347
3546,-2.8689139624866833,0.8375247758234269
3547,-1.8891009036406663,0.8374828995846357
3548,-4.261489331687675,0.8374410254396565
3549,-1.2889480269043192,0.8373991533883846
3550,-3.6202150867574203,0.8373572834307151
3551,-4.332339784873831,0.8373154155665437
3552,-1.8071859488287267,0.8372735497957653
3553,-4.206127285249126,0.8372316861182755
3554,-2.6959851929014635,0.8371898245339696
3555,-3.157275697067464,0.8371479650427429
3556,-4.827377107875746,0.8371061076444908
3557,-4.669806032651891,0.8370642523391085
3558,-4.1215734543333085,0.8370223991264916
3559,-3.1592900489525038,0.8369805480065352
3560,-4.814423090706765,0.8369386989791349
3561,-3.948881403714041,0.836896852044186
3562,-4.532316415900832,0.8368550072015838
3563,-4.843313079737705,0.8368131644512237
3564,-5.11042742821215,0.8367713237930011
3565,-2.744425838175647,0.8367294852268115
3566,-2.9838851495446628,0.8366876487525501
3567,-3.1927138642150608,0.8366458143701124
3568,-3.7349353713754914,0.8366039820793939
3569,-4.63444532627369,0.8365621518802899
3570,-5.011537682167589,0.8365203237726959
3571,-2.803069042831501,0.8364784977565073
3572,-4.988930078031066,0.8364366738316195
3573,-4.352660245674944,0.8363948519979278
3574,-5.445886235039824,0.836353032255328
3575,-3.673966200034223,0.8363112146037153
3576,-3.658064743010569,0.8362693990429851
3577,-3.908079848758246,0.836227585573033
3578,-5.252765494937905,0.8361857741937544
3579,-4.362594328525084,0.8361439649050447
3580,-3.8310496944036103,0.8361021577067995
3581,-3.356398157858707,0.8360603525989142
3582,-5.8769927890397415,0.8360185495812843
3583,-5.01019128880392,0.8359767486538052
3584,-3.2730897719143286,0.8359349498163725
3585,-5.572398560915044,0.8358931530688817
3586,-4.460073162723109,0.8358513584112283
3587,-3.8487308615210605,0.8358095658433077
3588,-4.735769253273098,0.8357677753650156
3589,-4.380352213360416,0.8357259869762473
3590,-2.180001995210339,0.8356842006768985
3591,-4.334384436815479,0.8356424164668647
3592,-4.154682619284566,0.8356006343460414
3593,-4.409640720864424,0.8355588543143241
3594,-4.239296781311677,0.8355170763716083
3595,-5.0253123924240555,0.8354753005177897
3596,-4.035295385396434,0.8354335267527638
3597,-4.798163900144713,0.8353917550764262
3598,-4.327069986005667,0.8353499854886723
3599,-3.5043205633995176,0.8353082179893979
3600,-5.2290347679403855,0.8352664525784984
3601,-4.793297252640296,0.8352246892558695
3602,-4.592049554044555,0.8351829280214067
3603,-2.176885738954512,0.8351411688750057
3604,-1.6712889154272532,0.8350994118165619
3605,-1.9217858067629239,0.8350576568459711
3606,-1.687778543088666,0.8350159039631289
3607,-1.830946067841982,0.8349741531679307
3608,-2.4587468232332887,0.8349324044602723
3609,-2.1861325484568477,0.8348906578400492
3610,-3.772586443681959,0.8348489133071573
3611,-3.5272169039866235,0.8348071708614919
3612,-2.6364873006052676,0.8347654305029488
3613,-3.5573698062421024,0.8347236922314237
3614,-2.42421643637854,0.8346819560468122
3615,-1.7845372912771378,0.8346402219490099
3616,-3.9774920278298467,0.8345984899379124
3617,-3.611618816666071,0.8345567600134155
3618,-3.669484623589588,0.8345150321754148
3619,-1.3012724024967346,0.834473306423806
3620,-3.4108236504348604,0.8344315827584848
3621,-3.874300033549961,0.8343898611793469
3622,-4.008520459972953,0.8343481416862879
3623,-4.742518813931021,0.8343064242792035
3624,-3.2575858829059383,0.8342647089579895
3625,-3.6371958421702097,0.8342229957225417
3626,-3.810465788174979,0.8341812845727555
3627,-3.5401666349202037,0.8341395755085269
3628,-3.589760552875932,0.8340978685297515
3629,-2.547682645098628,0.8340561636363251
3630,-4.587725408575121,0.8340144608281432
3631,-5.6479715958436465,0.8339727601051018
3632,-2.848682872117112,0.8339310614670965
3633,-1.6529875938320313,0.8338893649140231
3634,-3.7608173295999054,0.8338476704457775
3635,-4.104440008675891,0.8338059780622552
3636,-4.776882587363325,0.8337642877633521
3637,-2.6453847988036845,0.8337225995489639
3638,-4.4426272030595895,0.8336809134189864
3639,-4.721389221118246,0.8336392293733155
3640,-3.5957422247957544,0.8335975474118468
3641,-4.980546586135375,0.8335558675344762
3642,-4.933984436074363,0.8335141897410995
3643,-4.241666870686254,0.8334725140316124
3644,-4.619814514405076,0.8334308404059108
3645,-2.7773734647965136,0.8333891688638905
3646,-2.6510987422022656,0.8333474994054473
3647,-4.092482171928948,0.833305832030477
3648,-5.165910352698798,0.8332641667388755
3649,-3.8023577647977973,0.8332225035305385
3650,-4.545564189658558,0.8331808424053619
3651,-3.0591354507531485,0.8331391833632417
3652,-1.8293420748624043,0.8330975264040735
3653,-4.957963547465111,0.8330558715277533
3654,-4.738207482526267,0.8330142187341769
3655,-4.781121739907996,0.8329725680232402
3656,-2.384550429113588,0.832930919394839
3657,-3.5105558900499347,0.8328892728488693
3658,-4.356515318549662,0.8328476283852269
3659,-4.688836999054528,0.8328059860038076
3660,-5.203617901070711,0.8327643457045074
3661,-4.581060685499407,0.8327227074872222
3662,-5.689920575677628,0.8326810713518479
3663,-4.3931689728968495,0.8326394372982803
3664,-5.424495460167668,0.8325978053264154
3665,-4.900787969844144,0.832556175436149
3666,-4.527297764106967,0.8325145476273772
3667,-5.375694230591231,0.8324729218999959
3668,-3.9547214502973618,0.8324312982539009
3669,-5.234671065768654,0.8323896766889882
3670,-4.934533585896487,0.8323480572051538
3671,-5.352267672464746,0.8323064398022936
3672,-5.046124744121473,0.8322648244803035
3673,-6.5480796767177125,0.8322232112390795
3674,-2.0680592292216033,0.8321816000785176
3675,-4.665333299159457,0.8321399909985137
3676,-5.995407272562789,0.8320983839989637
3677,-5.277639344900063,0.8320567790797638
3678,-4.236921732729381,0.8320151762408099
3679,-4.785473398540288,0.8319735754819979
3680,-4.569937569507397,0.8319319768032238
3681,-5.3620777332783,0.8318903802043837
3682,-5.182551972829197,0.8318487856853735
3683,-5.216547087367633,0.8318071932460892
3684,-5.234601546175674,0.8317656028864269
3685,-3.897832915854355,0.8317240146062825
3686,-5.448664774263851,0.8316824284055522
3687,-5.540947531189335,0.8316408442841319
3688,-3.6750182080344587,0.8315992622419177
3689,-5.2407708377508,0.8315576822788057
3690,-5.794702176242199,0.8315161043946917
3691,-5.887392062569795,0.831474528589472
3692,-4.253037754011251,0.8314329548630426
3693,-3.6238632554235943,0.8313913832152995
3694,-4.149610246812971,0.8313498136461387
3695,-4.299194187956354,0.8313082461554564
3696,-5.777194932051804,0.8312666807431486
3697,-4.788790950370233,0.8312251174091114
3698,-5.204441785177972,0.831183556153241
3699,-1.2225971956855173,0.8311419969754333
3700,-1.5886958878703021,0.8311004398755846
3701,-4.134109556786486,0.8310588848535908
3702,-5.109935920042884,0.8310173319093481
3703,-2.8975936621271146,0.8309757810427527
3704,-4.017096922129736,0.8309342322537006
3705,-3.1389764941602656,0.8308926855420878
3706,-4.403280552523878,0.8308511409078108
3707,-3.9649272555314843,0.8308095983507654
3708,-3.7022738035617566,0.8307680578708478
3709,-1.8817058635877566,0.8307265194679543
3710,-2.9602000277811826,0.8306849831419809
3711,-3.3166997255750847,0.8306434488928238
3712,-1.6942815421899913,0.8306019167203792
3713,-3.685780546581914,0.8305603866245432
3714,-1.9199133267000863,0.830518858605212
3715,-3.0187538020542455,0.8304773326622817
3716,-3.455012830527835,0.8304358087956486
3717,-3.642278745939488,0.8303942870052088
3718,-4.589918176741078,0.8303527672908585
3719,-2.6149265934923687,0.8303112496524939
3720,-3.6360966558274264,0.8302697340900113
3721,-1.063977685952524,0.8302282206033068
3722,-4.080697837865417,0.8301867091922767
3723,-3.291666310791191,0.830145199856817
3724,-3.3774861874176407,0.8301036925968241
3725,-3.6878751480295815,0.8300621874121943
3726,-3.7373890817578754,0.8300206843028237
3727,-3.76205391862986,0.8299791832686085
3728,-5.201853634444029,0.8299376843094451
3729,-4.9990332664156885,0.8298961874252296
3730,-3.8951206928858406,0.8298546926158584
3731,-1.345544601100217,0.8298131998812276
3732,-1.9904734709953875,0.8297717092212336
3733,-3.1648288440905556,0.8297302206357725
3734,-4.173301252949816,0.8296887341247408
3735,-3.3480836280829367,0.8296472496880345
3736,-4.946597946949503,0.8296057673255501
3737,-4.065425378338197,0.8295642870371839
3738,-3.6442817018566025,0.829522808822832
3739,-3.3438449665467966,0.8294813326823909
3740,-3.605963279480776,0.8294398586157568
3741,-3.7067896961065423,0.829398386622826
3742,-5.128205416889853,0.8293569167034948
3743,-0.9422046819838971,0.8293154488576596
3744,-3.367579176081165,0.8292739830852167
3745,-3.7859211881242585,0.8292325193860625
3746,-3.4313062730930284,0.8291910577600932
3747,-3.1673318281314904,0.8291495982072051
3748,-1.2507038101126446,0.8291081407272948
3749,-1.30940938622452,0.8290666853202584
3750,-3.6185200921936294,0.8290252319859924
3751,-2.1111528365179817,0.8289837807243932
3752,-2.5593137922441915,0.8289423315353569
3753,-4.630286103708437,0.8289008844187802
3754,-2.6076845424674953,0.8288594393745592
3755,-2.9200039096907213,0.8288179964025905
3756,-3.7340357453909503,0.8287765555027703
3757,-4.653361943647696,0.8287351166749951
3758,-5.426790490678952,0.8286936799191613
3759,-5.18262949302311,0.8286522452351653
3760,-4.639216578987876,0.8286108126229036
3761,-2.443352787704204,0.8285693820822725
3762,-1.967357558994538,0.8285279536131683
3763,-3.848413373369067,0.8284865272154877
3764,-1.5414449318258618,0.8284451028891269
3765,-4.530210537498826,0.8284036806339824
3766,-3.7778835351734994,0.8283622604499506
3767,-5.029011613980119,0.8283208423369282
3768,-3.808493453241954,0.8282794262948113
3769,-5.005894476339224,0.8282380123234966
3770,-3.2686657492664803,0.8281966004228805
3771,-4.429899466785358,0.8281551905928594
3772,-3.5157601832392857,0.8281137828333297
3773,-4.8221665668783755,0.828072377144188
3774,-5.8198968937887265,0.8280309735253308
3775,-4.541955782143399,0.8279895719766546
3776,-3.7192840929408866,0.8279481724980557
3777,-4.069927158484872,0.8279067750894309
3778,-5.003559020305154,0.8278653797506764
3779,-3.906075751197971,0.8278239864816889
3780,-4.516521862494259,0.8277825952823648
3781,-4.468300050144375,0.8277412061526006
3782,-5.629002630189312,0.827699819092293
3783,-5.075340760923931,0.8276584341013383
3784,-5.259675773427892,0.8276170511796332
3785,-5.59742425462511,0.8275756703270742
3786,-4.372290907011735,0.8275342915435578
3787,-4.407612328749725,0.8274929148289807
3788,-4.924070949807155,0.8274515401832392
3789,-5.456703487153554,0.82741016760623
3790,-4.615411685778124,0.8273687970978497
3791,-4.063793863249102,0.8273274286579948
3792,-5.214756238134877,0.8272860622865619
3793,-3.4252501779827424,0.8272446979834476
3794,-4.207800700086695,0.8272033357485484
3795,-4.479885892978395,0.827161975581761
3796,-1.1403111285151615,0.8271206174829819
3797,-3.276488152007442,0.8270792614521078
3798,-3.128421931995309,0.8270379074890352
3799,-4.242031937751977,0.8269965555936607
3800,-3.979076123990983,0.826955205765881
3801,-4.595535992991507,0.8269138580055927
3802,-3.272312916683523,0.8268725123126924
3803,-4.064078283439365,0.8268311686870768
3804,-3.5326294956607867,0.8267898271286425
3805,-3.5854213176338563,0.826748487637286
3806,-1.6117707443929916,0.8267071502129042
3807,-4.7089426947177735,0.8266658148553936
3808,-3.991577758277195,0.8266244815646508
3809,-1.9137521243578302,0.8265831503405726
3810,-4.667114165626812,0.8265418211830556
3811,-3.215784302963203,0.8265004940919964
3812,-1.521459269160152,0.8264591690672919
3813,-2.275751914004294,0.8264178461088385
3814,-3.2941935616479414,0.826376525216533
3815,-3.5237849469856037,0.8263352063902722
3816,-3.035832756026754,0.8262938896299528
3817,-3.5720257741856787,0.8262525749354712
3818,-3.6185148636995526,0.8262112623067245
3819,-1.4169616326767027,0.8261699517436092
3820,-3.2754562996925114,0.826128643246022
3821,-3.4479401714724056,0.8260873368138597
3822,-1.3578375319376228,0.826046032447019
3823,-3.98314532644795,0.8260047301453967
3824,-4.045272556610968,0.8259634299088894
3825,-4.526793180550427,0.8259221317373939
3826,-4.5639239616407234,0.825880835630807
3827,-2.12020393692767,0.8258395415890255
3828,-1.4064028505642572,0.825798249611946
3829,-3.70299123384096,0.8257569596994654
3830,-3.9243402671217433,0.8257156718514804
3831,-3.9202175125376004,0.8256743860678879
3832,-1.625161745351102,0.8256331023485846
3833,-3.516523507491744,0.8255918206934671
3834,-3.300773989673768,0.8255505411024325
3835,-3.6243910161081088,0.8255092635753775
3836,-3.792431628067247,0.8254679881121987
3837,-3.5540250570694845,0.825426714712793
3838,-3.9391239809833825,0.8253854433770574
3839,-3.7471281551342948,0.8253441741048886
3840,-0.8741587416200517,0.8253029068961834
3841,-1.3857026484096207,0.8252616417508385
3842,-4.317483841620153,0.825220378668751
3843,-3.5194934272592544,0.8251791176498176
3844,-4.736410181110823,0.8251378586939351
3845,-2.3807112830994788,0.8250966018010004
3846,-5.551044785480967,0.8250553469709103
3847,-4.716352573975767,0.8250140942035618
3848,-4.037294938553649,0.8249728434988516
3849,-4.300599146854475,0.8249315948566767
3850,-4.762447749332723,0.8248903482769339
3851,-2.505825020421147,0.82484910375952
3852,-4.191383375202086,0.824807861304332
3853,-4.685469353202988,0.8247666209112668
3854,-2.532461617835684,0.8247253825802213
3855,-4.845690842046633,0.8246841463110923
3856,-3.266860925383921,0.8246429121037768
3857,-4.000052124506478,0.8246016799581717
3858,-3.9171450977220847,0.8245604498741738
3859,-4.843917658931092,0.82451922185168
3860,-4.504288744796458,0.8244779958905875
3861,-4.332340811762399,0.8244367719907929
3862,-4.937297262815267,0.8243955501521933
3863,-5.436547867167812,0.8243543303746858
3864,-3.1834592860748776,0.824313112658167
3865,-4.0314370751022786,0.8242718970025341
3866,-4.810309345449802,0.824230683407684
3867,-4.491928321352486,0.8241894718735137
3868,-4.473906468909345,0.82414826239992
3869,-3.9237231216171278,0.8241070549868
3870,-1.6431832159419555,0.8240658496340507
3871,-4.569990627120051,0.824024646341569
3872,-4.634518885293419,0.8239834451092519
3873,-5.32791158689586,0.8239422459369965
3874,-5.819443422989911,0.8239010488246996
3875,-4.225827898417476,0.8238598537722583
3876,-6.067021089487573,0.8238186607795698
3877,-4.495012028381327,0.8237774698465308
3878,-3.452156677021394,0.8237362809730384
3879,-4.0273393369905515,0.8236950941589898
3880,-4.423126623763151,0.8236539094042818
3881,-4.605071408921779,0.8236127267088117
3882,-4.594554642269935,0.8235715460724763
3883,-4.280496203995523,0.8235303674951727
3884,-5.455890831991816,0.823489190976798
3885,-4.554822520135412,0.8234480165172491
3886,-4.3111562062338935,0.8234068441164232
3887,-4.020706813044287,0.8233656737742173
3888,-4.268706846086733,0.8233245054905286
3889,-3.7928666510689792,0.8232833392652541
3890,-5.018163609896482,0.8232421750982909
3891,-3.367550870180817,0.823201012989536
3892,-5.9518600365768775,0.8231598529388865
3893,-5.111699111514495,0.8231186949462396
3894,-4.427290784880595,0.8230775390114923
3895,-1.273233310101239,0.8230363851345417
3896,-3.911389108798568,0.822995233315285
3897,-5.352806780861727,0.8229540835536192
3898,-3.6298376547877895,0.8229129358494416
3899,-3.457070969291031,0.8228717902026491
3900,-1.8137451972363294,0.822830646613139
3901,-1.4958591117340039,0.8227895050808083
3902,-4.045875910437024,0.8227483656055542
3903,-4.30511484928068,0.8227072281872739
3904,-4.475422871389268,0.8226660928258646
3905,-2.185753600692788,0.8226249595212233
3906,-1.2133990124981775,0.8225838282732472
3907,-4.7515739193214905,0.8225426990818335
3908,-3.917341529759149,0.8225015719468795
3909,-1.7353683350348919,0.8224604468682821
3910,-4.269514198352246,0.8224193238459387
3911,-1.8975118450203023,0.8223782028797465
3912,-4.400653060862735,0.8223370839696025
3913,-1.221591377902938,0.822295967115404
3914,-1.3978629668427418,0.8222548523170482
3915,-4.311684335748575,0.8222137395744323
3916,-1.0866254761557028,0.8221726288874536
3917,-1.3235156925347902,0.8221315202560092
3918,-2.94537739430341,0.8220904136799965
3919,-3.6887788376819612,0.8220493091593125
3920,-2.4963783596655724,0.8220082066938545
3921,-4.492484911130572,0.8219671062835199
3922,-3.738920478948267,0.8219260079282057
3923,-4.0047078931148015,0.8218849116278093
3924,-3.418086182017166,0.8218438173822279
3925,-3.7286621462317853,0.8218027251913588
3926,-1.7250353428030927,0.8217616350550992
3927,-1.8013106504648713,0.8217205469733465
3928,-3.4853538276634435,0.8216794609459979
3929,-3.181135199420753,0.8216383769729506
3930,-0.7761147873815044,0.821597295054102
3931,-3.4013991939806867,0.8215562151893493
3932,-1.2217305123580404,0.8215151373785898
3933,-2.8682740438437633,0.8214740616217209
3934,-5.677472542303134,0.8214329879186398
3935,-4.01119979922713,0.8213919162692439
3936,-2.5661059598862845,0.8213508466734305
3937,-4.665668314801252,0.8213097791310968
3938,-1.6592119632551805,0.8212687136421403
3939,-4.060005390994469,0.8212276502064582
3940,-3.9516610401868797,0.8211865888239478
3941,-5.204076750732208,0.8211455294945066
3942,-3.1887613432924047,0.8211044722180318
3943,-4.751276604735197,0.821063416994421
3944,-4.624835656965062,0.8210223638235713
3945,-2.342451962903339,0.8209813127053801
3946,-4.5990905601523435,0.8209402636397448
3947,-5.1597105234155825,0.8208992166265628
3948,-4.910276376350884,0.8208581716657315
3949,-4.46140734052678,0.8208171287571482
3950,-5.132113118705741,0.8207760879007103
3951,-1.8252338935102368,0.8207350490963153
3952,-4.323746731188814,0.8206940123438605
3953,-4.70405998925995,0.8206529776432433
3954,-1.8312106442766345,0.8206119449943612
3955,-3.226654238463569,0.8205709143971115
3956,-3.198585590120439,0.8205298858513916
3957,-1.821672641072562,0.820488859357099
3958,-5.267834429611934,0.8204478349141312
3959,-5.461200886404744,0.8204068125223855
3960,-4.273348772458359,0.8203657921817593
3961,-3.453639021569018,0.8203247738921502
3962,-3.627203055790991,0.8202837576534556
3963,-5.287077413360349,0.8202427434655729
3964,-3.458618937421497,0.8202017313283997
3965,-3.7482074641935292,0.8201607212418333
3966,-2.520511925103218,0.8201197132057712
3967,-3.3881532605395757,0.8200787072201109
3968,-5.148886196608158,0.8200377032847499
3969,-4.467776341234167,0.8199967013995857
3970,-5.021942041837377,0.8199557015645157
3971,-4.075850193574645,0.8199147037794374
3972,-3.8968938115843494,0.8198737080442484
3973,-3.830183208596347,0.8198327143588462
3974,-5.257839596872761,0.8197917227231283
3975,-1.8571558418259109,0.8197507331369921
3976,-4.638337067528491,0.8197097456003353
3977,-5.3138013107305735,0.8196687601130552
3978,-2.8073061141488935,0.8196277766750496
3979,-4.324393347312444,0.8195867952862158
3980,-5.167936033492063,0.8195458159464515
3981,-4.6185972734524565,0.8195048386556542
3982,-5.07743058190116,0.8194638634137213
3983,-6.075351342988567,0.8194228902205507
3984,-4.975063945432818,0.8193819190760396
3985,-5.597778182493862,0.8193409499800859
3986,-2.355748355873739,0.8192999829325869
3987,-3.4290852046346445,0.8192590179334402
3988,-4.94931238554129,0.8192180549825436
3989,-4.342010846679948,0.8191770940797946
3990,-4.114269341498019,0.8191361352250905
3991,-4.5232056806873375,0.8190951784183292
3992,-1.7150001894452789,0.8190542236594083
3993,-2.9995738428028265,0.8190132709482253
3994,-1.6034145631815144,0.8189723202846779
3995,-3.827424191123345,0.8189313716686637
3996,-1.7730396323310489,0.8188904251000803
3997,-2.133109889796713,0.8188494805788252
3998,-4.189206742648569,0.8188085381047963
3999,-3.1371108721758976,0.818767597677891
4000,-2.0822070691632737,0.8187266592980071
4001,-1.7519130837840748,0.8186857229650423
4002,-1.3498424853044793,0.818644788678894
4003,-4.212633475689857,0.8186038564394601
4004,-3.2095586271315986,0.8185629262466382
4005,-3.525059487419286,0.8185219981003259
4006,-1.8925273007062147,0.8184810720004209
4007,-1.2460111627809125,0.8184401479468209
4008,-2.6753670251499195,0.8183992259394235
4009,-3.5641288048873,0.8183583059781265
4010,-3.0060954837716567,0.8183173880628276
4011,-3.76128014571701,0.8182764721934245
4012,-1.7209708261659158,0.8182355583698148
4013,-2.9991752814757406,0.8181946465918962
4014,-2.9941510722405136,0.8181537368595666
4015,-2.1103444391211235,0.8181128291727237
4016,-3.4055140575939595,0.818071923531265
4017,-3.64033342883238,0.8180310199350884
4018,-1.6301740446496882,0.8179901183840916
4019,-2.994939890904193,0.8179492188781724
4020,-3.509153996881436,0.8179083214172285
4021,-2.243762575748622,0.8178674260011576
4022,-4.613022650065563,0.8178265326298575
4023,-1.9966413471742683,0.817785641303226
4024,-3.6121678656087113,0.8177447520211608
4025,-3.8221154459783526,0.8177038647835597
4026,-3.506667493490345,0.8176629795903205
4027,-3.04954931542606,0.817622096441341
4028,-3.3929283296901085,0.817581215336519
4029,-5.007502136539283,0.8175403362757522
4030,-3.3769715580644935,0.8174994592589384
4031,-3.338739945308528,0.8174585842859755
4032,-3.6293558041684815,0.8174177113567612
4033,-4.490990296792777,0.8173768404711934
4034,-1.430274415300965,0.8173359716291698
4035,-3.8123061203335755,0.8172951048305883
4036,-4.690075524908109,0.8172542400753467
4037,-3.6138877363969772,0.817213377363343
4038,-3.5677260103670845,0.8171725166944748
4039,-3.0371038340537924,0.8171316580686401
4040,-3.3944200059706198,0.8170908014857367
4041,-3.618149364716883,0.8170499469456624
4042,-2.743117465901367,0.817009094448315
4043,-1.344055136998695,0.8169682439935926
4044,-5.296119835495384,0.8169273955813929
4045,-3.604849004927095,0.8168865492116139
4046,-3.134709079057161,0.8168457048841533
4047,-4.654632233712345,0.816804862598909
4048,-5.222358865285863,0.8167640223557792
4049,-4.218872415449743,0.8167231841546614
4050,-3.1918538787482404,0.8166823479954537
4051,-4.722815653958897,0.816641513878054
4052,-1.3568095219787386,0.81660068180236
4053,-5.133537240729121,0.8165598517682698
4054,-5.046293156627451,0.8165190237756814
4055,-3.4457989110406357,0.8164781978244926
4056,-1.193835725664013,0.8164373739146014
4057,-3.7438322078371904,0.8163965520459057
4058,-3.890297902717707,0.8163557322183034
4059,-4.947842124654576,0.8163149144316925
4060,-2.37800502532686,0.8162740986859709
4061,-5.403801765630303,0.8162332849810366
4062,-3.4163395500171743,0.8161924733167876
4063,-3.8092355400825246,0.8161516636931218
4064,-5.473265196862202,0.816110856109937
4065,-3.3041533614611436,0.8160700505671316
4066,-4.6743443119245285,0.8160292470646032
4067,-4.598494002526595,0.81598844560225
4068,-4.690176203983507,0.81594764617997
4069,-2.6029512724294275,0.815906848797661
4070,-5.013846871655305,0.8158660534552211
4071,-5.247103814383473,0.8158252601525484
4072,-5.629746139783865,0.8157844688895408
4073,-3.7972053486434096,0.8157436796660963
4074,-5.154530763546916,0.815702892482113
4075,-4.7932583833312545,0.8156621073374889
4076,-5.914731024544726,0.8156213242321221
4077,-4.181350910962196,0.8155805431659104
4078,-5.5502324055300765,0.8155397641387522
4079,-3.333335080618085,0.8154989871505453
4080,-4.308550109829165,0.8154582122011877
4081,-4.6559218761985655,0.8154174392905776
4082,-4.333982111215524,0.8153766684186131
4083,-3.196368345487466,0.8153358995851921
4084,-2.197639539739145,0.8152951327902129
4085,-5.058411567351229,0.8152543680335734
4086,-4.365913529677373,0.8152136053151717
4087,-4.608787998132513,0.815172844634906
4088,-5.526359468683369,0.8151320859926743
4089,-2.456087044790616,0.8150913293883747
4090,-3.5068282208932224,0.8150505748219052
4091,-3.6020284020089406,0.8150098222931641
4092,-4.01154927391877,0.8149690718020495
4093,-4.275957697395825,0.8149283233484593
4094,-3.735100452940661,0.8148875769322919
4095,-4.6519171320253765,0.8148468325534453
4096,-1.2222441015698282,0.8148060902118176
4097,-3.307861755313504,0.814765349907307
4098,-3.5882049959087787,0.8147246116398116
4099,-3.79855867802207,0.8146838754092296
4100,-4.146300966626784,0.8146431412154591
4101,-3.365689491345125,0.8146024090583983
4102,-4.736663524484541,0.8145616789379454
4103,-3.609727212187159,0.8145209508539986
4104,-3.1911560177925526,0.8144802248064559
4105,-4.8337765151890775,0.8144395007952155
4106,-1.8562278166354873,0.8143987788201758
4107,-3.285632002840993,0.8143580588812347
4108,-2.0509805364611937,0.8143173409782907
4109,-1.8414648479293851,0.8142766251112418
4110,-4.072898436732387,0.8142359112799862
4111,-3.992625374482919,0.8141951994844222
4112,-4.243388292385933,0.814154489724448
4113,-3.0037399571409678,0.8141137819999619
4114,-3.1886815985359203,0.8140730763108619
4115,-3.163942124652571,0.8140323726570463
4116,-1.8990739558442775,0.8139916710384134
4117,-4.200249198452869,0.8139509714548615
4118,-3.9036350500270975,0.8139102739062888
4119,-1.4281432219170676,0.8138695783925934
4120,-3.2122088674472424,0.8138288849136738
4121,-3.935931388011463,0.8137881934694281
4122,-3.0855858240543608,0.8137475040597546
4123,-1.732811752672112,0.8137068166845516
4124,-3.518115993863889,0.8136661313437173
4125,-4.070335605180734,0.8136254480371502
4126,-3.4217973312447283,0.8135847667647483
4127,-4.496266929852268,0.81354408752641
4128,-4.245734936495528,0.8135034103220338
4129,-3.5221482190368154,0.8134627351515177
4130,-2.1418324913733264,0.8134220620147601
4131,-3.2390531094959827,0.8133813909116594
4132,-3.736611500080511,0.8133407218421138
4133,-3.022749630121343,0.8133000548060217
4134,-4.084896785771521,0.8132593898032815
4135,-3.4759119577431696,0.8132187268337914
4136,-3.567975728743189,0.8131780658974497
4137,-3.6409012912666694,0.8131374069941548
4138,-3.347814929797912,0.8130967501238051
4139,-2.1410892256832277,0.813056095286299
4140,-3.6260651251190463,0.8130154424815347
4141,-3.491543441446762,0.8129747917094106
4142,-4.163065906052754,0.8129341429698251
4143,-3.4340336141902483,0.8128934962626766
4144,-4.316441598363029,0.8128528515878635
4145,-3.2851015333137816,0.812812208945284
4146,-1.6079121346531104,0.8127715683348368
4147,-1.806020853731628,0.81273092975642
4148,-4.015942324446138,0.8126902932099322
4149,-1.4654532891035252,0.8126496586952717
4150,-4.341429423871594,0.812609026212337
4151,-2.818532219343245,0.8125683957610264
4152,-3.4641745314008667,0.8125277673412383
4153,-3.0062587000688845,0.8124871409528712
4154,-2.9075278914304277,0.8124465165958236
4155,-2.0319017344099977,0.8124058942699938
4156,-3.88832067197686,0.8123652739752802
4157,-3.452591437379727,0.8123246557115815
4158,-3.4809474829568456,0.8122840394787959
4159,-1.780717564868287,0.8122434252768219
4160,-2.9662227116671485,0.8122028131055581
4161,-4.058030587991237,0.8121622029649028
4162,-4.125459118288049,0.8121215948547545
4163,-3.045766920310519,0.8120809887750118
4164,-4.745021474245005,0.812040384725573
4165,-4.036312210054548,0.8119997827063368
4166,-4.243657340047932,0.8119591827172015
4167,-4.031585340269681,0.8119185847580657
4168,-2.1616552750050495,0.8118779888288278
4169,-3.9297674692141236,0.8118373949293863
4170,-3.7961470792414693,0.8117968030596399
4171,-1.4308351134891857,0.8117562132194869
4172,-4.070907843471096,0.8117156254088259
4173,-5.338691294825306,0.8116750396275555
4174,-3.9565353733295354,0.8116344558755741
4175,-3.9143748508701,0.8115938741527804
4176,-3.8492212270226975,0.8115532944590728
4177,-3.6662981186462473,0.8115127167943498
4178,-3.4386236073712872,0.8114721411585101
4179,-4.454381713739929,0.8114315675514522
4180,-3.9655911897534084,0.8113909959730746
4181,-5.601427127284646,0.8113504264232759
4182,-3.969146678380395,0.8113098589019547
4183,-4.6995853675146595,0.8112692934090097
4184,-4.203631413789836,0.8112287299443393
4185,-1.866786621017127,0.811188168507842
4186,-3.9976951995548116,0.8111476090994166
4187,-4.987493394595978,0.8111070517189617
4188,-3.828474539652614,0.8110664963663757
4189,-4.311007453479944,0.8110259430415574
4190,-4.2265596207488265,0.8109853917444053
4191,-2.1197370820402894,0.8109448424748181
4192,-1.5853699483228416,0.8109042952326944
4193,-2.8019799577521303,0.8108637500179328
4194,-1.431899354550136,0.8108232068304319
4195,-3.869329469230672,0.8107826656700904
4196,-3.2359487911430502,0.8107421265368069
4197,-3.939874915674437,0.8107015894304801
4198,-4.360704052817714,0.8106610543510085
4199,-4.327173728938855,0.810620521298291
4200,-3.254156980591728,0.810579990272226
4201,-4.341021504944408,0.8105394612727125
4202,-3.428196920336689,0.8104989342996488
4203,-4.003481467408345,0.8104584093529338
4204,-2.287721455053403,0.8104178864324662
4205,-4.4893092445845335,0.8103773655381445
4206,-4.638585475387291,0.8103368466698676
4207,-3.729971559377888,0.8102963298275341
4208,-3.2878522249293813,0.8102558150110427
4209,-2.1362545383809826,0.8102153022202921
4210,-1.463094441750473,0.8101747914551811
4211,-3.2880101051407973,0.8101342827156084
4212,-3.842623634854012,0.8100937760014726
4213,-4.363280319405082,0.8100532713126726
4214,-3.7354085889610817,0.810012768649107
4215,-3.6802366619045674,0.8099722680106746
4216,-3.0154800347230717,0.8099317693972741
4217,-4.4847494880384335,0.8098912728088042
4218,-3.118250793977714,0.8098507782451638
4219,-3.6381779087362687,0.8098102857062516
4220,-2.0318400054849706,0.8097697951919662
4221,-3.2905408263448175,0.8097293067022067
4222,-4.195282008515407,0.8096888202368716
4223,-4.127122341648251,0.8096483357958598
4224,-1.2045475947274191,0.80960785337907
4225,-3.507501944434265,0.8095673729864011
4226,-1.6313382409642154,0.8095268946177518
4227,-5.245406068999951,0.8094864182730209
4228,-4.608986422964314,0.8094459439521072
4229,-3.275130223965842,0.8094054716549096
4230,-3.943751124286174,0.8093650013813268
4231,-3.141750304602885,0.8093245331312577
4232,-4.496260864505668,0.8092840669046012
4233,-5.726998480067214,0.809243602701256
4234,-4.651884298849482,0.8092031405211209
4235,-4.792622298794374,0.8091626803640948
4236,-2.158998308504061,0.8091222222300766
4237,-1.9946059758170294,0.8090817661189651
4238,-1.7039938898270572,0.8090413120306591
4239,-4.343982436369088,0.8090008599650576
4240,-3.1633884777513845,0.8089604099220593
4241,-1.9527935713713949,0.8089199619015632
4242,-6.1401507804125535,0.8088795159034682
4243,-3.7193755073222077,0.808839071927673
4244,-4.9563637157435885,0.8087986299740766
4245,-4.634161263595578,0.8087581900425779
4246,-5.262764589089418,0.8087177521330757
4247,-4.439857604206127,0.8086773162454691
4248,-3.8188032681761968,0.8086368823796568
4249,-2.7297620311331032,0.8085964505355379
4250,-3.7195250144591347,0.8085560207130111
4251,-4.6547647424681715,0.8085155929119755
4252,-4.055884737328315,0.8084751671323299
4253,-4.590212316727871,0.8084347433739733
4254,-6.050952079752642,0.8083943216368046
4255,-3.6621211126817275,0.8083539019207228
4256,-5.419361594434186,0.8083134842256268
4257,-5.26900347585155,0.8082730685514155
4258,-4.764770177739884,0.8082326548979879
4259,-4.307494329953441,0.808192243265243
4260,-4.12897875899489,0.8081518336530797
4261,-4.0106140279620295,0.8081114260613971
4262,-3.8954016798015445,0.808071020490094
4263,-4.82046880318004,0.8080306169390695
4264,-3.7445931682377083,0.8079902154082226
4265,-4.06085589947646,0.8079498158974522
4266,-4.656976342650154,0.8079094184066573
4267,-5.148975108781169,0.807869022935737
4268,-5.139824647049817,0.8078286294845902
4269,-3.650292766108337,0.807788238053116
4270,-4.971000269495583,0.8077478486412133
4271,-4.5834232120473075,0.8077074612487812
4272,-4.196041763515291,0.8076670758757188
4273,-3.977687183410768,0.8076266925219251
4274,-5.436724868095867,0.807586311187299
4275,-5.532534380158948,0.8075459318717396
4276,-4.972807304042327,0.8075055545751461
4277,-4.274385382920814,0.8074651792974173
4278,-2.249618035705089,0.8074248060384525
4279,-4.077639292872529,0.8073844347981506
4280,-5.582088597810648,0.8073440655764107
4281,-5.416645877688881,0.8073036983731319
4282,-3.5041086048827226,0.8072633331882132
4283,-4.880521692032202,0.8072229700215537
4284,-4.055342355517156,0.8071826088730527
4285,-1.4713511157741723,0.8071422497426091
4286,-3.738486978154717,0.8071018926301219
4287,-3.2789020275866956,0.8070615375354904
4288,-3.3640071846230075,0.8070211844586136
4289,-3.9507946206090083,0.8069808333993906
4290,-4.107575234293897,0.8069404843577207
4291,-3.0113479993570125,0.8069001373335029
4292,-4.167583152020261,0.8068597923266362
4293,-1.902051484473876,0.8068194493370199
4294,-3.6420151161602448,0.806779108364553
4295,-4.274972155666617,0.8067387694091348
4296,-4.098595877778622,0.8066984324706643
4297,-4.063058328117585,0.8066580975490408
4298,-4.187990142703519,0.8066177646441633
4299,-4.357614390162357,0.8065774337559312
4300,-2.4546545695543216,0.8065371048842433
4301,-3.386240257465929,0.8064967780289991
4302,-1.898972918704501,0.8064564531900976
4303,-3.5428496712250652,0.8064161303674381
4304,-3.8676219635324807,0.8063758095609197
4305,-4.0714352223690184,0.8063354907704416
4306,-1.7162292499041985,0.8062951739959031
4307,-3.775416777420622,0.8062548592372033
4308,-1.7166090370974416,0.8062145464942414
4309,-4.11049541446145,0.8061742357669167
4310,-3.717794903190084,0.8061339270551283
4311,-2.9430435037955287,0.8060936203587755
4312,-2.7521063568015487,0.8060533156777576
4313,-4.295430818224715,0.8060130130119737
4314,-3.2154912080924696,0.8059727123613231
4315,-2.829114994769778,0.805932413725705
4316,-2.922102528455545,0.8058921171050187
4317,-3.118922390221121,0.8058518224991635
4318,-3.2937029636606177,0.8058115299080386
4319,-1.7478737283539116,0.8057712393315433
4320,-2.2514003075990408,0.8057309507695767
4321,-1.0160367269968464,0.8056906642220382
4322,-1.7287432569056933,0.805650379688827
4323,-1.5539564199245879,0.8056100971698426
4324,-1.3348232196213772,0.8055698166649841
4325,-3.513989219904008,0.8055295381741508
4326,-3.5107632436317493,0.8054892616972421
4327,-3.126533628707354,0.8054489872341573
4328,-1.7825952571162658,0.8054087147847956
4329,-3.1380068808426773,0.8053684443490563
4330,-3.466251403971367,0.8053281759268388
4331,-2.6742186002869572,0.8052879095180425
4332,-1.6518754017351727,0.8052476451225666
4333,-2.8478144890988615,0.8052073827403106
4334,-2.4287163328747465,0.8051671223711736
4335,-1.7176570157833702,0.8051268640150551
4336,-2.5509226892062675,0.8050866076718544
4337,-4.625054754821238,0.8050463533414708
4338,-2.6554218396418294,0.8050061010238038
4339,-5.181038888869118,0.8049658507187526
4340,-3.1478564527579156,0.8049256024262167
4341,-4.7777307295073825,0.8048853561460954
4342,-3.507382037951672,0.804845111878288
4343,-4.007865068693257,0.804804869622694
4344,-3.579938961809604,0.8047646293792129
4345,-4.502668266153917,0.804724391147744
4346,-2.501568052865021,0.8046841549281866
4347,-3.6776411737442,0.8046439207204401
4348,-4.3625830005429735,0.8046036885244041
4349,-3.590836735986109,0.8045634583399779
4350,-3.658220087057078,0.8045232301670608
4351,-4.78288129365804,0.8044830040055525
4352,-3.404160655571813,0.8044427798553523
4353,-1.7980449270124672,0.8044025577163595
4354,-1.6685545678862743,0.8043623375884736
4355,-1.2650216305814383,0.8043221194715943
4356,-3.3287495118816217,0.8042819033656207
4357,-4.105842415905058,0.8042416892704524
4358,-4.578727556420272,0.8042014771859889
4359,-4.701988142089974,0.8041612671121295
4360,-4.333039962738486,0.804121059048774
4361,-2.338599714260033,0.8040808529958215
4362,-4.206314814789396,0.8040406489531717
4363,-4.428883825462575,0.804000446920724
4364,-2.1258349826922647,0.803960246898378
4365,-3.503733778981313,0.8039200488860331
4366,-5.480394107571096,0.8038798528835888
4367,-4.204580196689952,0.8038396588909446
4368,-4.169800571886299,0.803799466908
4369,-4.043337839674191,0.8037592769346545
4370,-5.151836221693708,0.8037190889708078
4371,-5.445695772341605,0.8036789030163592
4372,-3.5672590205382644,0.8036387190712084
4373,-1.9558518791721358,0.8035985371352549
4374,-3.7307631093284948,0.8035583572083981
4375,-4.6514661372550785,0.8035181792905377
4376,-5.611005511746706,0.8034780033815732
4377,-2.4554713871300105,0.8034378294814041
4378,-3.3941287198013006,0.80339765758993
4379,-4.408592576857051,0.8033574877070505
4380,-5.099828591795486,0.8033173198326652
4381,-5.035784653746493,0.8032771539666735
4382,-2.255032110002309,0.8032369901089752
4383,-4.427290784880595,0.8031968282594698
4384,-2.3568548687239423,0.8031566684180569
4385,-2.905621745419299,0.803116510584636
4386,-4.5960680167629935,0.8030763547591068
4387,-3.2809046320734234,0.8030362009413688
4388,-4.330333738884207,0.8029960491313218
4389,-1.2022336576751966,0.8029558993288652
4390,-1.5285950056961775,0.8029157515338988
4391,-3.0884859707628247,0.8028756057463221
4392,-3.473113878187909,0.8028354619660348
4393,-4.125613683851851,0.8027953201929365
4394,-3.2636408072199785,0.8027551804269268
4395,-2.000472080656238,0.8027150426679055
4396,-3.659002244592283,0.8026749069157721
4397,-3.7099446136557344,0.8026347731704263
4398,-2.974125623132994,0.8025946414317678
4399,-3.1020942842403985,0.8025545116996963
4400,-4.453300880319474,0.8025143839741113
4401,-2.9425364284516538,0.8024742582549127
4402,-2.8778823391305752,0.802434134542
4403,-3.5104188482470877,0.8023940128352729
4404,-3.6264058079082115,0.8023538931346311
4405,-4.580436652743418,0.8023137754399744
4406,-2.990767175590501,0.8022736597512024
4407,-3.9158750078152713,0.8022335460682148
4408,-3.3475926951393804,0.8021934343909114
4409,-3.432994014256888,0.8021533247191919
4410,-3.593743067806379,0.8021132170529559
4411,-4.0666922576061255,0.8020731113921032
4412,-3.94960588856598,0.8020330077365336
4413,-2.0101615365444014,0.8019929060861468
4414,-3.070727576918708,0.8019528064408425
4415,-3.510456012264821,0.8019127088005205
4416,-3.780694638855175,0.8018726131650804
4417,-1.9446823946076377,0.8018325195344221
4418,-1.9050591748069046,0.8017924279084454
4419,-0.7761147873815044,0.80175233828705
4420,-3.6971525115595183,0.8017122506701356
4421,-4.379843772009533,0.8016721650576021
4422,-1.9212659595271382,0.8016320814493492
4423,-2.9807975244606113,0.8015919998452767
4424,-5.432433251035972,0.8015519202452844
4425,-2.1525103306311033,0.8015118426492722
4426,-4.164009764394715,0.8014717670571397
4427,-2.456836631699988,0.8014316934687868
4428,-5.289620659868971,0.8013916218841134
4429,-4.931838116849109,0.8013515523030192
4430,-5.392481176322335,0.8013114847254041
4431,-2.5090812853683695,0.8012714191511678
4432,-3.8522235030723744,0.8012313555802103
4433,-3.8394586231522365,0.8011912940124313
4434,-4.436669990646028,0.8011512344477306
4435,-1.959030855068045,0.8011111768860082
4436,-4.4122800164307945,0.8010711213271638
4437,-2.0053671764625864,0.8010310677710974
4438,-4.871256027848672,0.8009910162177089
4439,-3.649425421007714,0.800950966666898
4440,-4.099256845654953,0.8009109191185647
4441,-4.578840387616635,0.8008708735726088
4442,-4.194593517735401,0.8008308300289302
4443,-2.3684669882261966,0.8007907884874288
4444,-3.5851664113042863,0.8007507489480045
4445,-4.485324327326714,0.800710711410557
4446,-3.2901677008811627,0.8006706758749865
4447,-3.97317768712808,0.8006306423411927
4448,-4.378385219338689,0.8005906108090757
4449,-2.1959812719703473,0.8005505812785352
4450,-4.34754600779222,0.8005105537494712
4451,-5.032880344208266,0.8004705282217838
4452,-4.086930091752717,0.8004305046953727
4453,-4.237426895966701,0.800390483170138
4454,-5.340577680722669,0.8003504636459794
4455,-4.354588944568585,0.8003104461227971
4456,-5.119240200394399,0.800270430600491
4457,-2.395013505160997,0.8002304170789609
4458,-5.129657175764054,0.8001904055581069
4459,-4.932939393692362,0.800150396037829
4460,-2.4104401064660856,0.8001103885180271
4461,-5.650016029386143,0.8000703829986012
4462,-2.3605211489876914,0.8000303794794513
4463,-5.539158582610446,0.7999903779604773
4464,-5.305808961044646,0.7999503784415793
4465,-4.051190678366189,0.7999103809226573
4466,-4.510788312203308,0.7998703854036112
4467,-3.113019876604294,0.799830391884341
4468,-4.4317307483712,0.7997904003647468
4469,-5.64428872970551,0.7997504108447285
4470,-4.273621893149846,0.7997104233241863
4471,-3.831657269353356,0.79967043780302
4472,-4.134912564123596,0.7996304542811299
4473,-3.583577044236267,0.7995904727584159
4474,-4.473547062396422,0.799550493234778
4475,-4.660838191874339,0.7995105157101162
4476,-4.748166026427436,0.7994705401843307
4477,-4.0414887789678335,0.7994305666573215
4478,-5.732329306196129,0.7993905951289886
4479,-3.9529304450265412,0.7993506255992321
4480,-6.019620704092496,0.7993106580679521
4481,-1.9640740088975206,0.7992706925350487
4482,-2.0384938273141255,0.7992307290004219
4483,-3.3639535573464325,0.7991907674639719
4484,-4.411688642839316,0.7991508079255987
4485,-4.699674679280967,0.7991108503852024
4486,-2.1987388757551347,0.7990708948426831
4487,-5.044713498592486,0.7990309412979409
4488,-3.3745744987948023,0.798990989750876
4489,-4.027583455817537,0.7989510402013885
4490,-4.008634104978289,0.7989110926493784
4491,-1.6146171547237862,0.7988711470947459
4492,-1.8512987170745332,0.7988312035373912
4493,-4.337570539161431,0.7987912619772144
4494,-5.03196319831614,0.7987513224141155
4495,-5.09550683233595,0.7987113848479948
4496,-4.19131946976966,0.7986714492787523
4497,-3.0900630767164086,0.7986315157062884
4498,-3.6494142523649633,0.7985915841305031
4499,-1.2754011863813501,0.7985516545512966
4500,-3.5065833759192433,0.7985117269685691
4501,-3.3002299001533473,0.7984718013822206
4502,-3.4975720565900987,0.7984318777921515
4503,-3.6912915069563397,0.7983919561982619
4504,-4.141055374013956,0.798352036600452
4505,-2.1715180582290556,0.798312118998622
4506,-3.632318481579448,0.798272203392672
4507,-3.17165658275837,0.7982322897825024
4508,-3.1265973228903885,0.7981923781680133
4509,-3.3766636667541317,0.7981524685491048
4510,-3.5552852014394647,0.7981125609256774
4511,-3.8746366488274617,0.7980726552976312
4512,-3.4513068154522983,0.7980327516648663
4513,-0.9355108362446827,0.797992850027283
4514,-3.9279467531728853,0.7979529503847816
4515,-2.4829115656500385,0.7979130527372624
4516,-4.1176336196996,0.7978731570846256
4517,-2.1233908897591576,0.7978332634267714
4518,-3.9194475224830763,0.7977933717636001
4519,-3.4061522240377213,0.797753482095012
4520,-1.4983532323535234,0.7977135944209072
4521,-3.4904943766996817,0.7976737087411861
4522,-3.76383284035945,0.7976338250557491
4523,-4.133336684734767,0.7975939433644963
4524,-2.4811182323897505,0.7975540636673281
4525,-1.5267142701398464,0.7975141859641447
4526,-2.0793018011996263,0.7974743102548465
4527,-2.9927393687891835,0.7974344365393338
4528,-2.19869047533401,0.7973945648175068
4529,-3.65736826067201,0.7973546950892659
4530,-4.113886195823275,0.7973148273545114
4531,-4.665856894192242,0.7972749616131437
4532,-5.168903722900273,0.7972350978650631
4533,-4.834417503580728,0.7971952361101698
4534,-5.5016442295635,0.7971553763483643
4535,-5.086466265529566,0.7971155185795469
4536,-3.7461510482881435,0.7970756628036179
4537,-3.9061572785356016,0.7970358090204777
4538,-4.2005633992498055,0.7969959572300266
4539,-3.0552148380188475,0.796956107432165
4540,-4.7852959545379115,0.7969162596267935
4541,-2.6821431290858984,0.7968764138138121
4542,-5.5932253222551545,0.7968365699931215
4543,-1.349872263511247,0.7967967281646218
4544,-4.119156501960514,0.7967568883282136
4545,-4.6971080670236525,0.7967170504837972
4546,-4.8159511986203345,0.796677214631273
4547,-3.848382954090591,0.7966373807705414
4548,-5.674023342086816,0.7965975489015028
4549,-3.464454855441928,0.7965577190240577
4550,-5.286193492745693,0.7965178911381064
4551,-4.84286303272345,0.7964780652435496
4552,-4.339317544217922,0.7964382413402874
4553,-5.044718379380271,0.7963984194282204
4554,-2.673009732478251,0.7963585995072491
4555,-3.653709180772551,0.7963187815772738
4556,-3.535722532114597,0.7962789656381949
4557,-4.759261467098655,0.796239151689913
4558,-5.52935850741423,0.7961993397323285
4559,-3.7012603915788636,0.7961595297653419
4560,-3.4966733353023463,0.7961197217888536
4561,-4.689629241974945,0.7960799158027642
4562,-4.284781271892811,0.796040111806974
4563,-2.124138396931139,0.7960003098013836
4564,-4.566996158658398,0.7959605097858935
4565,-4.473156056969367,0.7959207117604042
4566,-4.188719310766413,0.7958809157248162
4567,-5.657331019402001,0.79584112167903
4568,-5.3677019285594,0.795801329622946
4569,-2.6793525294787157,0.7957615395564649
4570,-3.777957677219764,0.7957217514794871
4571,-4.248542182468136,0.7956819653919132
4572,-5.248921260244515,0.7956421812936436
4573,-4.937068116302565,0.795602399184579
4574,-2.820985422531983,0.7955626190646198
4575,-4.497320449643464,0.7955228409336665
4576,-5.521975719289131,0.7954830647916199
4577,-4.452433633221871,0.7954432906383804
4578,-1.5915093797209319,0.7954035184738485
4579,-1.3829702421157248,0.7953637482979248
4580,-4.978985593914176,0.7953239801105099
4581,-3.396523024106137,0.7952842139115044
4582,-1.4100793059978605,0.7952444497008088
4583,-2.462678529959539,0.7952046874783237
4584,-3.906054026435431,0.7951649272439498
4585,-2.166703537768127,0.7951251689975877
4586,-4.1168839817132685,0.7950854127391378
4587,-3.7778815540713264,0.7950456584685008
4588,-1.410158195467689,0.7950059061855774
4589,-3.5270103539434756,0.7949661558902682
4590,-4.02200596453134,0.7949264075824737
4591,-1.4090968537207653,0.7948866612620945
4592,-3.52671222643278,0.7948469169290314
4593,-2.540440559671176,0.794807174583185
4594,-4.259869230236799,0.7947674342244558
4595,-3.5227944891544123,0.7947276958527446
4596,-3.007643947572807,0.794687959467952
4597,-4.350487215722336,0.7946482250699786
4598,-1.1563360810676802,0.794608492658725
4599,-2.764204564735134,0.7945687622340921
4600,-2.111059643480579,0.7945290337959804
4601,-2.8682808171514678,0.7944893073442906
4602,-1.588196572234822,0.7944495828789233
4603,-3.581942792563982,0.7944098603997793
4604,-1.884581360973315,0.7943701399067593
4605,-3.381779803964835,0.794330421399764
4606,-1.9123452936157364,0.794290704878694
4607,-1.4951225244199815,0.79425099034345
4608,-1.687417393566717,0.7942112777939329
4609,-3.337854935061498,0.7941715672300431
4610,-3.734423119951523,0.7941318586516816
4611,-5.208637983822691,0.794092152058749
4612,-3.2310935617451335,0.794052447451146
4613,-3.228394538188926,0.7940127448287735
4614,-2.1037392327383295,0.793973044191532
4615,-4.626517402934986,0.7939333455393225
4616,-3.213224784202119,0.7938936488720455
4617,-3.2569900273300494,0.7938539541896019
4618,-3.6548600812791285,0.7938142614918925
4619,-3.5659046095887734,0.7937745707788179
4620,-2.265768736929246,0.7937348820502789
4621,-2.996198082049042,0.7936951953061764
4622,-3.494013912508884,0.793655510546411
4623,-3.7589124521534494,0.7936158277708837
4624,-2.958060693732528,0.7935761469794952
4625,-3.4676368122879473,0.7935364681721462
4626,-1.2908650933153853,0.7934967913487376
4627,-5.172855014691255,0.7934571165091702
4628,-3.659216844908302,0.7934174436533448
4629,-2.5332480253498506,0.7933777727811621
4630,-3.9053332713325544,0.793338103892523
4631,-4.6271436299650865,0.7932984369873284
4632,-1.3098629464874323,0.793258772065479
4633,-2.767236036864217,0.7932191091268758
4634,-3.0997404290109776,0.7931794481714194
4635,-3.0231451918203858,0.7931397891990108
4636,-2.001474541107111,0.7931001322095509
4637,-4.298975465066818,0.7930604772029404
4638,-3.855931686057514,0.7930208241790803
4639,-4.1200256269250914,0.7929811731378713
4640,-3.369146412281972,0.7929415240792144
4641,-4.3351650460850655,0.7929018770030104
4642,-3.2150329705735374,0.7928622319091603
4643,-5.239585045825401,0.7928225887975648
4644,-2.6068120311962932,0.792782947668125
4645,-5.338316967609667,0.7927433085207416
4646,-4.972195011532011,0.7927036713553156
4647,-2.5569410205484657,0.7926640361717479
4648,-4.664751688716081,0.7926244029699393
4649,-1.136508441048523,0.7925847717497908
4650,-3.761143929476604,0.7925451425112033
4651,-3.2738645524854753,0.7925055152540778
4652,-4.3580412956194925,0.792465889978315
4653,-4.714970208103511,0.7924262666838161
4654,-4.301283821654954,0.7923866453704819
4655,-4.813990469513824,0.7923470260382134
4656,-4.986580551881815,0.7923074086869115
4657,-5.51423595607588,0.7922677933164772
4658,-4.533565313132128,0.7922281799268114
4659,-1.2630152652948783,0.792188568517815
4660,-4.190624207371326,0.7921489590893892
4661,-3.3172011775073784,0.7921093516414347
4662,-3.5852541759630014,0.7920697461738526
4663,-4.966570688252825,0.7920301426865439
4664,-5.2252316732691755,0.7919905411794096
4665,-3.29699728929519,0.7919509416523506
4666,-4.526936578275377,0.791911344105268
4667,-1.9008414767530395,0.7918717485380627
4668,-3.164057105797899,0.7918321549506359
4669,-2.9572120992485775,0.7917925633428883
4670,-4.256899575295504,0.7917529737147211
4671,-4.242133294066809,0.7917133860660354
4672,-3.3833217787945538,0.7916738003967321
4673,-4.852078480891881,0.7916342167067122
4674,-2.225261850761879,0.7915946349958769
4675,-4.02776309989893,0.7915550552641271
4676,-4.896683688037801,0.7915154775113639
4677,-2.8696678354615086,0.7914759017374883
4678,-2.003831871274541,0.7914363279424014
4679,-3.2407249273779026,0.7913967561260042
4680,-3.6176022844024103,0.791357186288198
4681,-3.962345711804838,0.7913176184288836
4682,-3.985055809744952,0.7912780525479621
4683,-3.5668521024861835,0.7912384886453347
4684,-1.3039496883830526,0.7911989267209025
4685,-5.628547140592683,0.7911593667745664
4686,-4.942595158446611,0.7911198088062277
4687,-3.7411826329159465,0.7910802528157874
4688,-3.727443115287262,0.7910406988031466
4689,-1.843404102301291,0.7910011467682065
4690,-1.8215719065935683,0.7909615967108682
4691,-3.583634818929886,0.7909220486310327
4692,-3.5305051098299165,0.7908825025286012
4693,-3.9232789780095416,0.7908429584034747
4694,-3.2072859951856985,0.7908034162555546
4695,-3.7199350795309516,0.7907638760847419
4696,-4.4002174276670285,0.7907243378909377
4697,-4.229755134706515,0.7906848016740431
4698,-3.8198122219872275,0.7906452674339594
4699,-3.1773054321883523,0.7906057351705876
4700,-4.337519172690481,0.7905662048838291
4701,-2.758788392252079,0.7905266765735849
4702,-2.8065273316556865,0.7904871502397562
4703,-3.029787306572832,0.7904476258822443
4704,-3.7689822738489003,0.7904081035009501
4705,-2.881012171367273,0.7903685830957751
4706,-3.7124351221056844,0.7903290646666202
4707,-2.5911367252370017,0.7902895482133869
4708,-1.5536181712320802,0.7902500337359762
4709,-4.247155265423601,0.7902105212342895
4710,-3.320684673421408,0.7901710107082278
4711,-3.8605864607611604,0.7901315021576925
4712,-1.286940711907792,0.7900919955825846
4713,-1.3644259201975792,0.7900524909828055
4714,-3.0518010435888923,0.7900129883582564
4715,-4.1314815759528045,0.7899734877088385
4716,-3.5228832632775045,0.789933989034453
4717,-3.417067303072564,0.7898944923350013
4718,-3.9009968825001726,0.7898549976103846
4719,-4.200130259823128,0.7898155048605041
4720,-4.103541181274743,0.7897760140852611
4721,-3.986697088253716,0.7897365252845568
4722,-4.868987239248568,0.7896970384582926
4723,-3.033745378531618,0.7896575536063697
4724,-3.0577522010115636,0.7896180707286894
4725,-5.517642428303077,0.7895785898251529
4726,-4.806942040693892,0.7895391108956616
4727,-4.762531728437814,0.7894996339401169
4728,-2.19512473340915,0.7894601589584199
4729,-5.346001906018636,0.789420685950472
4730,-4.610894206714139,0.7893812149161745
4731,-6.6110868671945076,0.7893417458554287
4732,-4.775831479630618,0.789302278768136
4733,-4.770471881767344,0.7892628136541976
4734,-2.2240788403568326,0.7892233505135149
4735,-2.0561746706766426,0.7891838893459893
4736,-3.5815406014505693,0.7891444301515219
4737,-4.35756809555466,0.7891049729300144
4738,-4.082245067273295,0.7890655176813679
4739,-5.398276003871435,0.7890260644054838
4740,-4.995194646368754,0.7889866131022636
4741,-3.501207801421352,0.7889471637716085
4742,-5.593672312151893,0.7889077164134198
4743,-4.2120687789637685,0.7888682710275992
4744,-2.8687064196847247,0.7888288276140478
4745,-3.722194916020816,0.7887893861726671
4746,-4.295286795301182,0.7887499467033585
4747,-3.676178345217722,0.7887105092060234
4748,-4.111356223499201,0.7886710736805631
4749,-4.194145240373883,0.788631640126879
4750,-2.071045703961833,0.7885922085448727
4751,-3.372435987411546,0.7885527789344454
4752,-1.7931595966221776,0.7885133512954987
4753,-4.863076435537452,0.788473925627934
4754,-4.6199915576309145,0.7884345019316525
4755,-3.095026315859528,0.7883950802065559
4756,-4.379728266686596,0.7883556604525456
4757,-4.010486337764529,0.7883162426695229
4758,-5.884128463791782,0.7882768268573894
4759,-3.995597783406184,0.7882374130160466
4760,-5.288719052204249,0.7881980011453957
4761,-4.721403792253268,0.7881585912453385
4762,-3.1605423959223558,0.7881191833157762
4763,-4.315660779768217,0.7880797773566105
4764,-4.674048170702875,0.7880403733677427
4765,-4.756791862295973,0.7880009713490743
4766,-3.518607261903658,0.7879615713005069
4767,-5.444912123377156,0.7879221732219419
4768,-4.461202961427206,0.7878827771132808
4769,-4.348466191389344,0.7878433829744251
4770,-5.346800634494741,0.7878039908052764
4771,-1.3604600673226415,0.7877646006057362
4772,-2.710535740661949,0.7877252123757059
4773,-2.152971900104884,0.7876858261150871
4774,-3.3541151075306592,0.7876464418237813
4775,-3.794032971586298,0.7876070595016901
4776,-3.1678104796151167,0.787567679148715
4777,-3.2181316048766355,0.7875283007647575
4778,-1.9645951520665492,0.7874889243497193
4779,-2.74640576282244,0.7874495499035018
4780,-3.7437080785013914,0.7874101774260066
4781,-4.48435042936553,0.7873708069171353
4782,-1.8758584512541456,0.7873314383767895
4783,-3.6866051230376367,0.7872920718048707
4784,-2.6760238079724976,0.7872527072012805
4785,-2.140624818768652,0.7872133445659204
4786,-5.160364847447537,0.7871739838986921
4787,-3.590037169798196,0.7871346251994972
4788,-2.9210157988935306,0.7870952684682372
4789,-2.9706556873481063,0.7870559137048138
4790,-2.38362931448984,0.7870165609091285
4791,-3.4805968324516874,0.7869772100810831
4792,-3.524471945458473,0.7869378612205791
4793,-2.421171073418687,0.786898514327518
4794,-3.4915964047758,0.7868591694018017
4795,-3.436690363249591,0.7868198264433316
4796,-3.9245511693492388,0.7867804854520094
4797,-1.6669587637451189,0.7867411464277368
4798,-2.6034186397866663,0.7867018093704155
4799,-3.582635132413444,0.786662474279947
4800,-2.9102469756772926,0.786623141156233
4801,-4.571002000171712,0.7865838099991752
4802,-3.7268793938845723,0.7865444808086752
4803,-3.5672187554353467,0.7865051535846348
4804,-1.8508142108438728,0.7864658283269556
4805,-3.903590336211467,0.7864265050355392
4806,-3.5125142108340865,0.7863871837102875
4807,-1.020015124385768,0.7863478643511019
4808,-4.059497361869091,0.7863085469578844
4809,-3.782200751624508,0.7862692315305365
4810,-4.605916626406591,0.78622991806896
4811,-3.8378266096686744,0.7861906065730566
4812,-3.4577982949134127,0.786151297042728
4813,-4.194602281092263,0.7861119894778759
4814,-3.9814629164942072,0.786072683878402
4815,-3.7149572799187283,0.7860333802442081
4816,-2.762675636744268,0.7859940785751959
4817,-5.018196415490547,0.7859547788712671
4818,-2.2876592623607723,0.7859154811323236
4819,-4.203787659795183,0.785876185358267
4820,-4.9392304372820535,0.785836891548999
4821,-1.9667090426963048,0.7857975997044216
4822,-4.0025951827321755,0.7857583098244364
4823,-4.454551934515135,0.7857190219089452
4824,-5.00296790180581,0.7856797359578497
4825,-1.87782509864823,0.7856404519710518
4826,-4.82128883353194,0.7856011699484533
4827,-4.198182500006574,0.7855618898899559
4828,-4.572365852895236,0.7855226117954615
4829,-4.027125937205705,0.7854833356648717
4830,-3.316488937311347,0.7854440614980884
4831,-4.429405640248116,0.7854047892950136
4832,-4.104749107461934,0.7853655190555489
4833,-5.187360620223781,0.7853262507795961
4834,-4.307541043198441,0.7852869844670571
4835,-3.636575770585536,0.7852477201178338
4836,-4.916340266458285,0.7852084577318279
4837,-4.899038464429731,0.7851691973089413
4838,-2.77699137629382,0.7851299388490759
4839,-4.823264695948717,0.7850906823521334
4840,-4.322254950105555,0.7850514278180158
4841,-3.7415057775627476,0.7850121752466249
4842,-4.601669947981493,0.7849729246378626
4843,-5.55813314171877,0.7849336759916308
4844,-5.653910146928266,0.7848944293078312
4845,-3.999483319165763,0.7848551845863657
4846,-4.534613033440348,0.7848159418271364
4847,-4.7802515148721545,0.784776701030045
4848,-5.064501743220507,0.7847374621949935
4849,-4.7393695841246455,0.7846982253218838
4850,-3.744619784955563,0.7846589904106177
4851,-2.164282010872655,0.7846197574610971
4852,-3.960693230111377,0.7845805264732241
4853,-2.8267952252952986,0.7845412974469004
4854,-4.075217585806609,0.784502070382028
4855,-2.576083000850456,0.784462845278509
4856,-4.539432768621442,0.7844236221362451
4857,-3.667406366797172,0.7843844009551383
4858,-4.8085237420110705,0.7843451817350905
4859,-4.391034159229139,0.7843059644760038
4860,-4.186962909713175,0.7842667491777799
4861,-4.611106185789254,0.784227535840321
4862,-3.877126692499433,0.784188324463529
4863,-5.221032971340385,0.7841491150473059
4864,-4.827142387191659,0.7841099075915535
4865,-4.543244546347159,0.7840707020961739
4866,-4.328374200083756,0.7840314985610691
4867,-4.962772698978361,0.783992296986141
4868,-4.610588497385907,0.7839530973712917
4869,-1.9924835888330386,0.7839138997164231
4870,-2.429136788588223,0.7838747040214373
4871,-1.6988356284746418,0.7838355102862362
4872,-2.201820898266391,0.783796318510722
4873,-2.1728301835318407,0.7837571286947964
4874,-3.8378054498859577,0.7837179408383617
4875,-2.9062762945634146,0.7836787549413198
4876,-3.468092629286087,0.7836395710035727
4877,-1.8187729850653909,0.7836003890250226
4878,-5.1027127739889035,0.7835612090055714
4879,-2.079691500426938,0.7835220309451211
4880,-1.0915198812509306,0.7834828548435738
4881,-4.176827912337577,0.7834436807008317
4882,-3.7412053313334006,0.7834045085167967
4883,-3.4847641957962283,0.7833653382913708
4884,-3.0980301827038392,0.7833261700244563
4885,-4.704112642181046,0.783287003715955
4886,-3.2960769400411136,0.7832478393657692
4887,-4.81354913037738,0.7832086769738009
4888,-4.083201947744019,0.7831695165399523
4889,-3.5727226985281124,0.7831303580641252
4890,-3.677759151988564,0.783091201546222
4891,-4.161726145571752,0.7830520469861447
4892,-4.356068839911433,0.7830128943837954
4893,-3.676429529077775,0.7829737437390762
4894,-5.790785507053602,0.7829345950518893
4895,-4.172147552623926,0.7828954483221368
4896,-3.7568717130384894,0.7828563035497207
4897,-3.945438937618818,0.7828171607345432
4898,-1.159729785598571,0.7827780198765065
4899,-4.592272384934676,0.7827388809755127
4900,-4.5870101711671865,0.7826997440314639
4901,-4.596186414046033,0.7826606090442624
4902,-4.243293538985082,0.7826214760138102
4903,-3.828531295226007,0.7825823449400094
4904,-3.8829538845431504,0.7825432158227624
4905,-4.935551190275783,0.7825040886619713
4906,-4.019891052359377,0.7824649634575382
4907,-4.277316057388748,0.7824258402093653
4908,-4.702012081823767,0.7823867189173549
4909,-2.3669668213731896,0.782347599581409
4910,-2.5749952494631625,0.7823084822014299
4911,-6.057651639489332,0.7822693667773198
4912,-4.0144470733250355,0.782230253308981
4913,-4.744513238303788,0.7821911417963155
4914,-5.340186501040808,0.7821520322392257
4915,-3.6500633310392447,0.7821129246376137
4916,-3.5163536428132174,0.7820738189913818
4917,-4.783506647927373,0.7820347153004322
4918,-4.142142484458606,0.7819956135646672
4919,-3.836134846808199,0.781956513783989
4920,-5.34430706608358,0.7819174159582998
4921,-2.931536134908102,0.7818783200875019
4922,-4.74274073420508,0.7818392261714976
4923,-4.943838143730579,0.781800134210189
4924,-5.413483203215642,0.7817610442034785
4925,-4.580745812441071,0.7817219561512683
4926,-3.2313824792484045,0.7816828700534607
4927,-4.5068201123885725,0.7816437859099581
4928,-2.738894716518394,0.7816047037206626
4929,-2.0297159140563177,0.7815656234854765
4930,-6.142615483798567,0.7815265452043023
4931,-3.645823176990061,0.7814874688770421
4932,-4.655940122343053,0.7814483945035983
4933,-4.428693451706572,0.781409322083873
4934,-4.553843683843299,0.7813702516177689
4935,-4.078929976061862,0.781331183105188
4936,-3.028470906084444,0.7812921165460327
4937,-4.50246815089794,0.7812530519402054
4938,-3.925639752208153,0.7812139892876084
4939,-5.009743816523086,0.7811749285881441
4940,-4.290228414964375,0.7811358698417147
4941,-4.911296585107328,0.7810968130482226
4942,-5.188897606942403,0.7810577582075703
4943,-3.2223296734890585,0.7810187053196599
4944,-4.701085922668653,0.7809796543843939
4945,-4.727764210046014,0.7809406054016746
4946,-4.267887671985656,0.7809015583714045
4947,-4.882648302837305,0.780862513293486
4948,-4.385786598638471,0.7808234701678213
4949,-5.210517284964395,0.7807844289943129
4950,-5.453290532464434,0.7807453897728631
4951,-4.926190357100216,0.7807063525033745
4952,-3.996638845194132,0.7806673171857493
4953,-4.171152581363144,0.78062828381989
4954,-4.294284270696939,0.780589252405699
4955,-1.933566302078303,0.7805502229430787
4956,-3.8952422041782935,0.7805111954319316
4957,-5.621247100034616,0.78047216987216
4958,-4.696528996046595,0.7804331462636663
4959,-4.7196601041919255,0.7803941246063532
4960,-4.099175049600321,0.7803551049001228
4961,-3.375521466833712,0.7803160871448779
4962,-4.191910242598623,0.7802770713405206
4963,-4.404832936601666,0.7802380574869536
4964,-1.5528663899496855,0.7801990455840793
4965,-1.8667255220353296,0.7801600356318
4966,-1.9983067378200463,0.7801210276300184
4967,-2.1634693938732994,0.7800820215786369
4968,-4.027086646140202,0.780043017477558
4969,-1.437493166463462,0.7800040153266842
4970,-2.026835239563632,0.7799650151259179
4971,-4.994946424001359,0.7799260168751616
4972,-3.826375315126308,0.7798870205743178
4973,-3.5003533528319535,0.7798480262232891
4974,-4.3526932936707885,0.779809033821978
4975,-2.233361815174533,0.7797700433702869
4976,-2.686385656001673,0.7797310548681183
4977,-4.05236191878712,0.779692068315375
4978,-2.025952747817957,0.7796530837119592
4979,-3.885673335744227,0.7796141010577736
4980,-2.8722608443118594,0.7795751203527207
4981,-4.682366826246588,0.779536141596703
4982,-4.259445622715595,0.7794971647896232
4983,-4.505212093190956,0.7794581899313837
4984,-4.290561018678277,0.7794192170218871
4985,-4.34876357323893,0.7793802460610361
4986,-4.833522816847119,0.779341277048733
4987,-3.904688977052711,0.7793023099848806
4988,-3.5476743135913473,0.7792633448693813
4989,-3.3862823230155623,0.7792243817021378
4990,-1.0927940781770162,0.7791854204830527
4991,-2.6719112398942078,0.7791464612120286
4992,-2.3789197293503626,0.779107503888968
4993,-2.0517348869192853,0.7790685485137735
4994,-3.7715349742131945,0.7790295950863478
4995,-1.096519800360023,0.7789906436065935
4996,-4.308931180634249,0.7789516940744132
4997,-1.8632762156382463,0.7789127464897095
4998,-2.539845185101372,0.7788738008523851
4999,-2.2071035345471266,0.7788348571623425
5000,-3.755238669076708,0.7787959154194843
5001,-4.633883446425813,0.7787569756237134
5002,-3.996778980270615,0.7787180377749322
5003,-4.00143948543805,0.7786791018730435
5004,-4.686278302397584,0.7786401679179498
5005,-3.4946926154513305,0.7786012359095539
5006,-4.846869179163581,0.7785623058477584
5007,-3.0577434851732113,0.778523377732466
5008,-3.514309370484209,0.7784844515635795
5009,-4.355603584115294,0.7784455273410013
5010,-2.7659739155242025,0.7784066050646342
5011,-5.097858427077604,0.778367684734381
5012,-4.751160547977015,0.7783287663501443
5013,-4.532221574365471,0.7782898499118267
5014,-2.6506047341081063,0.7782509354193311
5015,-5.03769063575246,0.7782120228725602
5016,-5.078760827153773,0.7781731122714166
5017,-4.640448155817076,0.7781342036158031
5018,-2.223079710085745,0.7780952969056223
5019,-4.083396309737234,0.778056392140777
5020,-4.535174175311585,0.77801748932117
5021,-4.150176099702021,0.777978588446704
5022,-5.173579477019807,0.7779396895172817
5023,-4.668903702048377,0.7779007925328058
5024,-4.800562515956727,0.7778618974931791
5025,-4.325398311626665,0.7778230043983044
5026,-4.377736512206749,0.7777841132480845
5027,-4.220200733309558,0.7777452240424221
5028,-5.899893598594476,0.7777063367812199
5029,-4.202199460118264,0.7776674514643809
5030,-4.7734248434529185,0.7776285680918077
5031,-4.078687991749735,0.7775896866634031
5032,-3.2133145389292475,0.77755080717907
5033,-4.807796771694031,0.7775119296387111
5034,-4.150981529030573,0.7774730540422291
5035,-4.254639574078464,0.777434180389527
5036,-4.387357505108944,0.7773953086805075
5037,-3.4940304114851153,0.7773564389150736
5038,-3.7130309157311157,0.7773175710931278
5039,-5.117798213041683,0.7772787052145732
5040,-3.8169412081041445,0.7772398412793124
5041,-3.8721517931582357,0.7772009792872485
5042,-4.714778010922272,0.7771621192382842
5043,-4.8596269844468605,0.7771232611323222
5044,-4.842322616201875,0.7770844049692656
5045,-2.2774487293592607,0.7770455507490172
5046,-4.132822810717199,0.7770066984714797
5047,-5.795851886607906,0.7769678481365562
5048,-4.874594839949918,0.7769289997441493
5049,-4.7358752698328495,0.7768901532941621
5050,-5.127798666415627,0.7768513087864974
5051,-4.336672433555851,0.7768124662210582
5052,-5.0127245510082865,0.7767736255977471
5053,-4.863663556794295,0.7767347869164672
5054,-4.425849670245604,0.7766959501771215
5055,-4.970753689041778,0.7766571153796126
5056,-4.900505532665097,0.7766182825238436
5057,-4.2497240612605385,0.7765794516097174
5058,-5.307306414720978,0.776540622637137
5059,-4.630193066608943,0.7765017956060051
5060,-3.601768115666568,0.7764629705162248
5061,-1.2919856153361078,0.776424147367699
5062,-1.6476639701710973,0.7763853261603306
5063,-3.5154998590355526,0.7763465068940226
5064,-3.5613189818947593,0.7763076895686779
5065,-4.936481530609247,0.7762688741841994
5066,-3.5382946271352393,0.7762300607404903
5067,-3.08094484159927,0.7761912492374533
5068,-2.942841745392893,0.7761524396749915
5069,-4.822667575461352,0.7761136320530078
5070,-1.4423603240395777,0.7760748263714051
5071,-3.5748638273780395,0.7760360226300865
5072,-4.232125324087493,0.7759972208289551
5073,-1.5455520391145794,0.7759584209679136
5074,-3.302948921334693,0.7759196230468651
5075,-3.6327496759744795,0.7758808270657128
5076,-3.998746074187567,0.7758420330243595
5077,-4.204489583520088,0.7758032409227082
5078,-5.144823490450291,0.7757644507606621
5079,-1.7051936122420464,0.7757256625381241
5080,-3.673715519445662,0.7756868762549972
5081,-3.9128619267859106,0.7756480919111844
5082,-3.540809358946308,0.7756093095065889
5083,-2.861271032932131,0.7755705290411136
5084,-3.58858860232347,0.7755317505146615
5085,-1.709440716861132,0.7754929739271358
5086,-3.399264204420553,0.7754541992784394
5087,-4.701989776184044,0.7754154265684755
5088,-4.570833150078391,0.7753766557971471
5089,-4.701157324905035,0.7753378869643572
5090,-3.272813667248373,0.775299120070009
5091,-3.895999618246089,0.7752603551140055
5092,-2.802722572053043,0.7752215920962497
5093,-5.522746690340363,0.775182831016645
5094,-4.854458269478339,0.7751440718750942
5095,-3.375793937031979,0.7751053146715005
5096,-4.476558233061697,0.7750665594057669
5097,-4.818575749086591,0.7750278060777965
5098,-0.9707466819574095,0.7749890546874927
5099,-5.110294395495668,0.7749503052347583
5100,-4.560537782503808,0.7749115577194965
5101,-4.378756989563694,0.7748728121416105
5102,-3.5607500333811846,0.7748340685010034
5103,-5.593771985806402,0.7747953267975785
5104,-2.4075757166322154,0.7747565870312386
5105,-4.5552170014905045,0.774717849201887
5106,-4.666324551389723,0.774679113309427
5107,-5.864066290140463,0.7746403793537615
5108,-4.655491240090373,0.7746016473347939
5109,-4.553710162112898,0.7745629172524271
5110,-4.166052784059004,0.7745241891065645
5111,-3.6573316074977913,0.7744854628971092
5112,-3.370475925850767,0.7744467386239643
5113,-5.425696587426632,0.7744080162870332
5114,-3.832271748452417,0.7743692958862188
5115,-3.8453899026524274,0.7743305774214245
5116,-5.022973056862673,0.7742918608925534
5117,-4.421165592141799,0.7742531462995088
5118,-4.859761004190542,0.7742144336421939
5119,-4.172582691478477,0.7741757229205117
5120,-5.2173648141778575,0.7741370141343658
5121,-3.111482562152149,0.774098307283659
5122,-3.4760617008738923,0.7740596023682949
5123,-4.763841250885312,0.7740208993881764
5124,-5.321467593557239,0.773982198343207
5125,-5.436378266304826,0.7739434992332899
5126,-4.904582151970381,0.7739048020583282
5127,-3.8714791924831813,0.7738661068182253
5128,-3.661506682138017,0.7738274135128844
5129,-5.1687717912002755,0.7737887221422087
5130,-3.6619409073766764,0.7737500327061017
5131,-5.158269261582767,0.7737113452044664
5132,-5.362730356336058,0.7736726596372062
5133,-4.364063137509378,0.7736339760042243
5134,-5.37818607598672,0.7735952943054242
5135,-2.2192377774595564,0.7735566145407089
5136,-4.9782751024075775,0.7735179367099818
5137,-4.260432245816614,0.7734792608131463
5138,-4.46710074751774,0.7734405868501056
5139,-5.796998878592615,0.7734019148207631
5140,-5.134893484633023,0.7733632447250222
5141,-5.831661789961697,0.7733245765627859
5142,-3.777491739423473,0.7732859103339578
5143,-4.419614538261155,0.7732472460384411
5144,-5.342211654377983,0.7732085836761392
5145,-5.419830614074689,0.7731699232469554
5146,-4.19465132500488,0.7731312647507931
5147,-3.94141466243436,0.7730926081875555
5148,-6.0713518400863755,0.7730539535571461
5149,-4.942808020170259,0.7730153008594682
5150,-5.880324440333641,0.7729766500944253
5151,-3.992859306289741,0.7729380012619206
5152,-4.316998895929906,0.7728993543618575
5153,-5.989422032290121,0.7728607093941394
5154,-3.2254881859173032,0.7728220663586697
5155,-2.889705762777127,0.7727834252553517
5156,-3.959180295133593,0.7727447860840889
5157,-3.276835502336041,0.7727061488447847
5158,-1.609147844594535,0.7726675135373425
5159,-2.290202682847604,0.7726288801616656
5160,-4.6227198186696405,0.7725902487176576
5161,-4.3977700159012185,0.7725516192052218
5162,-3.437375171085023,0.7725129916242615
5163,-3.231847556451805,0.7724743659746802
5164,-3.225796742547849,0.7724357422563815
5165,-1.0536120672234917,0.7723971204692687
5166,-2.3956283872295625,0.7723585006132452
5167,-3.276847533347666,0.7723198826882145
5168,-4.352488286563874,0.77228126669408
5169,-2.1486686558082337,0.7722426526307453
5170,-3.551779896055642,0.7722040404981138
5171,-1.7076055472601936,0.7721654302960889
5172,-2.268845689022851,0.772126822024574
5173,-3.1767491582932905,0.7720882156834729
5174,-1.9325034811006383,0.7720496112726887
5175,-1.210415749593224,0.772011008792125
5176,-3.190079664200246,0.7719724082416854
5177,-3.1747596925454102,0.7719338096212733
5178,-4.19204084285464,0.7718952129307923
5179,-2.8505387156659956,0.7718566181701458
5180,-3.2095966304650556,0.7718180253392374
5181,-3.7052753914073815,0.7717794344379704
5182,-3.319892851477224,0.7717408454662484
5183,-0.956326231412219,0.7717022584239751
5184,-2.051729855229263,0.7716636733110539
5185,-3.3027860706515044,0.7716250901273883
5186,-1.6270250114743932,0.7715865088728819
5187,-3.3649794567406928,0.7715479295474383
5188,-3.9343843328912573,0.771509352150961
5189,-4.036402920970874,0.7714707766833534
5190,-3.2626586606250028,0.7714322031445192
5191,-2.101134006305598,0.771393631534362
5192,-2.635968966918978,0.7713550618527854
5193,-4.621429069794122,0.7713164940996927
5194,-2.4927154473153026,0.7712779282749878
5195,-4.0937820167178876,0.771239364378574
5196,-3.8379228696124863,0.771200802410355
5197,-4.5435076402878245,0.7711622423702346
5198,-4.656015340256596,0.7711236842581161
5199,-3.572451436892247,0.7710851280739032
5200,-4.5019457792347435,0.7710465738174995
5201,-4.705437749342027,0.7710080214888086
5202,-4.112778693930483,0.7709694710877342
5203,-1.2931493808901917,0.7709309226141798
5204,-5.059032756769553,0.7708923760680492
5205,-4.9171025639524935,0.7708538314492458
5206,-3.9659030478492423,0.7708152887576734
5207,-4.971619173097828,0.7707767479932355
5208,-4.653109076495275,0.7707382091558358
5209,-2.5453828462433132,0.770699672245378
5210,-4.47849241169557,0.7706611372617658
5211,-4.439339484393445,0.7706226042049027
5212,-3.11247731071615,0.7705840730746925
5213,-3.900831880938063,0.7705455438710387
5214,-5.672961380777702,0.7705070165938451
5215,-3.1902918021688382,0.7704684912430154
5216,-5.302812759471312,0.7704299678184533
5217,-4.380159547267786,0.7703914463200624
5218,-4.572423350110428,0.7703529267477464
5219,-4.000746311611817,0.770314409101409
5220,-4.4420049896205,0.7702758933809539
5221,-4.301996140889759,0.7702373795862849
5222,-4.30007919729286,0.7701988677173056
5223,-3.161268655092495,0.7701603577739198
5224,-4.746412599628472,0.770121849756031
5225,-4.467012846256173,0.7700833436635433
5226,-3.910072297843641,0.77004483949636
5227,-4.381086370398696,0.7700063372543853
5228,-4.766751015415035,0.7699678369375226
5229,-4.445536668854906,0.7699293385456757
5230,-4.835020722346993,0.7698908420787484
5231,-2.741525211621709,0.7698523475366444
5232,-2.4788147765785977,0.7698138549192676
5233,-4.087048293793676,0.7697753642265216
5234,-4.457799992690717,0.7697368754583103
5235,-2.849572050914311,0.7696983886145373
5236,-2.939197322993673,0.7696599036951066
5237,-5.663458873762734,0.7696214206999219
5238,-2.3686480576717175,0.7695829396288869
5239,-4.689610402589986,0.7695444604819055
5240,-3.6594392180141986,0.7695059832588814
5241,-5.071634485745355,0.7694675079597185
5242,-3.7095257770992824,0.7694290345843205
5243,-4.033920616910926,0.7693905631325914
5244,-3.003379331318051,0.7693520936044347
5245,-5.706400026635503,0.7693136259997545
5246,-4.36557708470826,0.7692751603184546
5247,-4.674996476071737,0.7692366965604386
5248,-5.409968415038501,0.7691982347256106
5249,-3.691472874820297,0.7691597748138743
5250,-5.1369902874031155,0.7691213168251336
5251,-4.097767643842019,0.7690828607592923
5252,-2.7633442104220736,0.7690444066162544
5253,-4.796156070999531,0.7690059543959236
5254,-2.696889014279672,0.7689675040982038
5255,-1.9224107643077353,0.7689290557229989
5256,-3.098232205147911,0.7688906092702127
5257,-3.8543749200492043,0.7688521647397492
5258,-3.685353192772488,0.7688137221315122
5259,-3.3168538617614685,0.7687752814454056
5260,-4.070756899343585,0.7687368426813334
5261,-2.528202332336659,0.7686984058391992
5262,-2.281457580935391,0.7686599709189073
5263,-2.586747940023166,0.7686215379203614
5264,-3.2395824708604493,0.7685831068434653
5265,-4.201642177008829,0.7685446776881232
5266,-2.7879619141614866,0.7685062504542388
5267,-3.1711973748359714,0.7684678251417161
5268,-4.233817890240385,0.768429401750459
5269,-2.0580678431594794,0.7683909802803716
5270,-4.396553721847474,0.7683525607313575
5271,-3.4282633349174607,0.7683141431033209
5272,-2.9366167596812005,0.7682757273961658
5273,-3.988184681947705,0.768237313609796
5274,-4.48160462198605,0.7681989017441155
5275,-3.9475807485488956,0.7681604917990283
5276,-3.8977267750641347,0.7681220837744384
5277,-3.179225121154536,0.7680836776702497
5278,-3.0006856839888263,0.7680452734863662
5279,-2.8748288423937782,0.7680068712226918
5280,-1.6689970352766306,0.7679684708791307
5281,-1.3841227770982552,0.7679300724555868
5282,-2.768130437278537,0.767891675951964
5283,-1.3639058705475553,0.7678532813681663
5284,-2.924083121162461,0.767814888704098
5285,-4.347355117020649,0.7677764979596627
5286,-3.8221517472716187,0.7677381091347648
5287,-3.372717633244223,0.767699722229308
5288,-3.3458899935165434,0.7676613372431966
5289,-3.8957602712693142,0.7676229541763345
5290,-4.596236821036852,0.7675845730286257
5291,-1.020015124385768,0.7675461937999742
5292,-3.450695762515992,0.7675078164902842
5293,-1.7520969276718295,0.7674694410994597
5294,-4.925170541672292,0.7674310676274048
5295,-2.8553341252004074,0.7673926960740234
5296,-1.8596716664775998,0.7673543264392196
5297,-4.30203023655227,0.7673159587228977
5298,-5.097824945182012,0.7672775929249616
5299,-5.346587957737604,0.7672392290453153
5300,-4.5210964901984685,0.767200867083863
5301,-5.385741634513346,0.7671625070405088
5302,-4.462818576108792,0.7671241489151568
5303,-2.653323894875913,0.767085792707711
5304,-3.131945547454955,0.7670474384180757
5305,-4.670581225146151,0.7670090860461548
5306,-3.963325373126752,0.7669707355918525
5307,-5.098030978641222,0.7669323870550728
5308,-4.8140367563457005,0.7668940404357201
5309,-4.167802205362792,0.7668556957336983
5310,-4.1727604802063585,0.7668173529489116
5311,-4.901080217674197,0.7667790120812642
5312,-4.924771494740138,0.7667406731306602
5313,-5.1375624206064785,0.7667023360970037
5314,-5.151960900137672,0.7666640009801988
5315,-3.7893984821802587,0.7666256677801498
5316,-2.7356476669017833,0.7665873364967608
5317,-3.4552931744603876,0.766549007129936
5318,-1.7745411908156354,0.7665106796795795
5319,-3.580298202662425,0.7664723541455956
5320,-4.7513983523481,0.7664340305278883
5321,-3.2767612589064514,0.7663957088263619
5322,-4.873655756088299,0.7663573890409205
5323,-4.502113861404657,0.7663190711714685
5324,-3.369654271523358,0.76628075521791
5325,-3.969079094443978,0.7662424411801491
5326,-4.741348574100087,0.7662041290580901
5327,-4.207394416063609,0.7661658188516371
5328,-5.024597355442763,0.7661275105606946
5329,-2.650736090553381,0.7660892041851666
5330,-3.9995375133260787,0.7660508997249573
5331,-3.6221711230483042,0.766012597179971
5332,-3.6537484359376107,0.7659742965501121
5333,-3.853756764387421,0.7659359978352845
5334,-4.895930213214732,0.7658977010353928
5335,-4.118201877838606,0.765859406150341
5336,-3.0348561619064904,0.7658211131800334
5337,-5.021447997186662,0.7657828221243744
5338,-4.583199347587945,0.7657445329832682
5339,-4.004868291161511,0.765706245756619
5340,-3.3919836585214784,0.7656679604443313
5341,-2.9058491419335324,0.765629677046309
5342,-5.351085711219059,0.7655913955624567
5343,-1.863127710454299,0.7655531159926786
5344,-3.7260604115158973,0.7655148383368789
5345,-4.246788626327987,0.7654765625949621
5346,-3.7634406424164553,0.7654382887668324
5347,-5.21695710691224,0.765400016852394
5348,-3.9828057941445696,0.7653617468515513
5349,-3.5020016188160565,0.7653234787642088
5350,-4.728604881818624,0.7652852125902706
5351,-2.866299754283857,0.7652469483296411
5352,-1.3016780491536482,0.7652086859822247
5353,-2.884074987358846,0.7651704255479256
5354,-3.7823627963746156,0.7651321670266482
5355,-3.8113568089988332,0.7650939104182969
5356,-2.2903885737898633,0.765055655722776
5357,-1.017943771675047,0.7650174029399899
5358,-2.05491196285628,0.7649791520698429
5359,-2.976939555845855,0.7649409031122394
5360,-1.811775496059578,0.7649026560670837
5361,-4.36303726314271,0.7648644109342804
5362,-3.28166179179642,0.7648261677137337
5363,-1.7626873577405853,0.764787926405348
5364,-3.5610855157168517,0.7647496870090277
5365,-1.6115593328500397,0.7647114495246772
5366,-1.4285034169873467,0.764673213952201
5367,-1.1153996997328812,0.7646349802915035
5368,-1.0674462932803148,0.7645967485424889
5369,-2.7308500372689353,0.7645585187050619
5370,-4.174118306304708,0.7645202907791266
5371,-4.116344694725544,0.7644820647645877
5372,-3.7446460506983046,0.7644438406613495
5373,-3.5532911032559054,0.7644056184693164
5374,-3.4997689672633565,0.7643673981883929
5375,-4.715790404776033,0.7643291798184835
5376,-4.7651696886987445,0.7642909633594925
5377,-3.7301215755986012,0.7642527488113245
5378,-3.9129885490233542,0.764214536173884
5379,-5.451198468713117,0.7641763254470754
5380,-2.8974092134916063,0.764138116630803
5381,-4.121120364289953,0.7640999097249714
5382,-3.7915207404119067,0.7640617047294852
5383,-3.4571929108292125,0.7640235016442487
5384,-2.3953724581359923,0.7639853004691665
5385,-3.092562218475855,0.763947101204143
5386,-1.4982776343914221,0.7639089038490828
5387,-4.89662219945682,0.7638707084038904
5388,-1.579001526277267,0.7638325148684701
5389,-2.8716107820360683,0.7637943232427268
5390,-1.7299924918180096,0.7637561335265647
5391,-3.2017259122512454,0.7637179457198884
5392,-3.7971139830251457,0.7636797598226024
5393,-2.9506131190353404,0.7636415758346112
5394,-3.1440395359217996,0.7636033937558195
5395,-3.129022528063691,0.7635652135861317
5396,-3.9632377632206652,0.7635270353254524
5397,-3.5665317265134115,0.7634888589736861
5398,-3.447952237853074,0.7634506845307374
5399,-3.639027104809441,0.7634125119965108
5400,-3.769218441738042,0.763374341370911
5401,-2.237474035557195,0.7633361726538425
5402,-2.9965280982232043,0.7632980058452098
5403,-1.5817154210300735,0.7632598409449175
5404,-3.262588124933658,0.7632216779528702
5405,-3.477241477594578,0.7631835168689726
5406,-3.0863457078330647,0.7631453576931291
5407,-3.1779292521562637,0.7631072004252444
5408,-2.6813705746680703,0.7630690450652231
5409,-3.293904674177748,0.7630308916129699
5410,-3.0655521225711677,0.7629927400683892
5411,-2.6536924626505174,0.7629545904313858
5412,-4.187665617647886,0.7629164427018642
5413,-3.887565642558189,0.7628782968797291
5414,-4.197371058774116,0.762840152964885
5415,-2.707565705885743,0.7628020109572368
5416,-1.5057582252872672,0.762763870856689
5417,-3.9248489804088984,0.7627257326631461
5418,-3.7550628236429233,0.762687596376513
5419,-3.9585889507791965,0.7626494619966941
5420,-4.120194308549191,0.7626113295235943
5421,-3.0251581363636664,0.7625731989571182
5422,-3.7724120642741594,0.7625350702971703
5423,-4.459202283484343,0.7624969435436554
5424,-2.4397948350955514,0.7624588186964782
5425,-2.0711274923577374,0.7624206957555434
5426,-5.178458614270978,0.7623825747207557
5427,-4.343466355338719,0.7623444555920196
5428,-3.183392158624736,0.76230633836924
5429,-3.655804018377497,0.7622682230523216
5430,-1.8987414948339056,0.762230109641169
5431,-4.08811447332624,0.7621919981356869
5432,-3.0449053829948367,0.7621538885357801
5433,-3.838628814034701,0.7621157808413533
5434,-4.4105263293164825,0.7620776750523113
5435,-3.457203250944673,0.7620395711685587
5436,-3.706008396469586,0.7620014691900002
5437,-4.0019586487875545,0.7619633691165407
5438,-4.653520514293925,0.7619252709480849
5439,-5.352130151180688,0.7618871746845375
5440,-4.3504518052371335,0.7618490803258032
5441,-5.40241082203452,0.7618109878717869
5442,-4.0773695128484055,0.7617728973223933
5443,-1.469309166600093,0.7617348086775272
5444,-5.367865870678088,0.7616967219370934
5445,-3.855118323880088,0.7616586371009966
5446,-4.077575562801773,0.7616205541691415
5447,-3.47799846086796,0.7615824731414331
5448,-3.242383847056655,0.7615443940177761
5449,-1.4839277692180206,0.7615063167980752
5450,-3.6277822637371986,0.7614682414822354
5451,-3.9479180185628295,0.7614301680701613
5452,-4.363882539503893,0.7613920965617578
5453,-4.134307548618844,0.7613540269569297
5454,-3.723682439726214,0.7613159592555818
5455,-4.4301279434826135,0.7612778934576191
5456,-1.7090808553926469,0.7612398295629462
5457,-3.950730628093559,0.7612017675714681
5458,-2.0585266491278724,0.7611637074830895
5459,-1.7446885057155266,0.7611256492977153
5460,-4.374034854263693,0.7610875930152504
5461,-3.5965461233306892,0.7610495386355997
5462,-4.289312960296477,0.7610114861586679
5463,-4.919623252537599,0.7609734355843599
5464,-1.9683363270367056,0.7609353869125807
5465,-4.69119788835364,0.7608973401432351
5466,-3.900361699414412,0.7608592952762279
5467,-2.860879473393596,0.760821252311464
5468,-2.6829574081168537,0.7607832112488484
5469,-3.6277922255669948,0.760745172088286
5470,-3.487232483678871,0.7607071348296816
5471,-2.1407634051291247,0.76066909947294
5472,-3.7354101467100116,0.7606310660179664
5473,-2.9591750302713873,0.7605930344646655
5474,-2.9637411027771856,0.7605550048129422
5475,-3.8480295169303558,0.7605169770627016
5476,-1.641771374386211,0.7604789512138485
5477,-4.246033924867919,0.7604409272662878
5478,-1.4280528178779597,0.7604029052199245
5479,-3.156701465480217,0.7603648850746635
5480,-3.953864014156716,0.7603268668304097
5481,-3.658104708376347,0.7602888504870682
5482,-4.041709451607643,0.7602508360445438
5483,-2.7338352085227555,0.7602128235027416
5484,-2.6272279023199214,0.7601748128615664
5485,-3.012095098612252,0.7601368041209233
5486,-2.9986182431398145,0.7600987972807173
5487,-4.231794419773531,0.7600607923408532
5488,-3.814193427337454,0.7600227893012362
5489,-2.984156866651045,0.7599847881617712
5490,-3.6849527960116455,0.7599467889223631
5491,-4.058828824150115,0.759908791582917
5492,-2.939884292721998,0.7598707961433379
5493,-5.336060512789741,0.7598328026035307
5494,-3.3596145067704377,0.7597948109634005
5495,-1.617056240669993,0.7597568212228524
5496,-2.779510642490464,0.7597188333817912
5497,-1.841231500061276,0.7596808474401222
5498,-1.6200870219245973,0.7596428633977502
5499,-3.567524038814232,0.7596048812545804
5500,-2.250792019881417,0.7595669010105176
5501,-3.673379933714759,0.7595289226654671
5502,-4.708080851745327,0.7594909462193339
5503,-5.114442156611193,0.759452971672023
5504,-3.7160312188216937,0.7594149990234393
5505,-4.948506987075287,0.7593770282734882
5506,-1.438849035557027,0.7593390594220745
5507,-2.881566300271154,0.7593010924691034
5508,-4.168626434124417,0.7592631274144799
5509,-5.356620959926872,0.7592251642581092
5510,-1.9240318657613371,0.7591872029998963
5511,-5.051677547473454,0.7591492436397463
5512,-1.8910425896511978,0.7591112861775644
5513,-2.751297153954056,0.7590733306132555
5514,-2.9234148479241577,0.7590353769467248
5515,-3.367606099464281,0.7589974251778775
5516,-3.3430909899576946,0.7589594753066186
5517,-4.267700162057807,0.7589215273328532
5518,-4.28902018190966,0.7588835812564866
5519,-3.9069785134961035,0.7588456370774238
5520,-3.2653706141042975,0.75880769479557
5521,-4.266469910041035,0.7587697544108302
5522,-4.4128815894941145,0.7587318159231097
5523,-4.855227456564707,0.7586938793323135
5524,-5.291409674169072,0.7586559446383468
5525,-4.343021534180746,0.7586180118411149
5526,-5.044097647359432,0.7585800809405229
5527,-4.014503720776851,0.7585421519364759
5528,-5.584387548505502,0.758504224828879
5529,-2.2751052978866673,0.7584662996176376
5530,-3.5856925686914174,0.7584283763026567
5531,-4.820433049939741,0.7583904548838416
5532,-4.419642441196693,0.7583525353610974
5533,-4.4178315492833615,0.7583146177343293
5534,-4.974433001149542,0.7582767020034425
5535,-2.448696126536286,0.7582387881683423
5536,-3.7143700035052865,0.758200876228934
5537,-5.408799323759354,0.7581629661851225
5538,-4.3321369767190685,0.7581250580368132
5539,-3.911312449428931,0.7580871517839114
5540,-2.185774317517257,0.7580492474263222
5541,-4.1739724100123645,0.7580113449639508
5542,-3.307831533639533,0.7579734443967027
5543,-3.88931667680225,0.7579355457244829
5544,-3.3254415812515745,0.7578976489471966
5545,-3.4498560992794847,0.7578597540647493
5546,-1.5994446499778079,0.7578218610770461
5547,-4.226465336432673,0.7577839699839922
5548,-2.9016686656777373,0.757746080785493
5549,-1.3243675691848473,0.7577081934814537
5550,-2.367853448405522,0.7576703080717796
5551,-1.8904883503775152,0.757632424556376
5552,-2.506835683614686,0.7575945429351482
5553,-2.6806631693919085,0.7575566632080014
5554,-1.9171652447514713,0.757518785374841
5555,-2.8781526910735247,0.7574809094355722
5556,-1.61692267331443,0.7574430353901005
5557,-3.499489841034041,0.757405163238331
5558,-1.505559910422541,0.757367292980169
5559,-2.2520743190837127,0.75732942461552
5560,-1.8836287493283828,0.7572915581442893
5561,-3.732165674098546,0.7572536935663821
5562,-4.01451498252775,0.7572158308817037
5563,-4.599416501685498,0.7571779700901596
5564,-2.0735379248258297,0.7571401111916551
5565,-1.6213133807665765,0.7571022541860956
5566,-3.287754273400604,0.7570643990733863
5567,-1.6096749582719383,0.7570265458534327
5568,-3.8565963244489585,0.75698869452614
5569,-3.850160590546846,0.7569508450914137
5570,-1.859561520185657,0.7569129975491592
5571,-1.7156207435918431,0.7568751518992818
5572,-4.090442739951207,0.7568373081416868
5573,-1.6579344626026453,0.7567994662762797
5574,-2.936748269728278,0.7567616263029658
5575,-3.246076754732019,0.7567237882216507
5576,-4.259452617800643,0.7566859520322395
5577,-3.569089289107869,0.7566481177346379
5578,-1.4394839284080532,0.7566102853287512
5579,-1.1904289284146254,0.7565724548144848
5580,-4.512484834728207,0.756534626191744
5581,-1.6875442683170765,0.7564967994604345
5582,-3.965491362188707,0.7564589746204614
5583,-4.5465533735293135,0.7564211516717304
5584,-1.3997053864170625,0.7563833306141469
5585,-2.3734472336495616,0.7563455114476162
5586,-3.470564661801058,0.7563076941720438
5587,-4.806546676398883,0.7562698787873352
5588,-2.9034657772117063,0.7562320652933958
5589,-4.363519800751543,0.7561942536901312
5590,-3.481942197157089,0.7561564439774466
5591,-3.5766587905411034,0.7561186361552478
5592,-4.065170300254335,0.75608083022344
5593,-3.3403584901212047,0.7560430261819288
5594,-3.158699386266165,0.7560052240306196
5595,-3.159272353536373,0.7559674237694182
5596,-4.2044581398312,0.7559296253982297
5597,-4.316514978241016,0.7558918289169598
5598,-4.149397359612536,0.755854034325514
5599,-4.830882562194324,0.7558162416237978
5600,-3.932956856585104,0.7557784508117166
5601,-4.197664878950322,0.755740661889176
5602,-4.121127684536756,0.7557028748560816
5603,-2.140966329676737,0.7556650897123388
5604,-5.180240547609375,0.7556273064578531
5605,-3.841447218305959,0.7555895250925303
5606,-3.4516879637368256,0.7555517456162757
5607,-4.552032790286866,0.7555139680289948
5608,-3.258494523763119,0.7554761923305934
5609,-1.9491207553821464,0.7554384185209768
5610,-3.4395689046062747,0.7554006466000508
5611,-5.338804119655553,0.7553628765677208
5612,-3.825603333172082,0.7553251084238924
5613,-5.0768642957635155,0.7552873421684713
5614,-5.101384861966644,0.7552495778013628
5615,-5.495838483862716,0.7552118153224727
5616,-3.691926329368105,0.7551740547317066
5617,-3.291819247463127,0.75513629602897
5618,-4.311783062811754,0.7550985392141686
5619,-4.9099538645066065,0.7550607842872079
5620,-4.4482829042392265,0.7550230312479935
5621,-1.8521840701808565,0.7549852800964312
5622,-2.3778721032524044,0.7549475308324264
5623,-4.588221249490557,0.7549097834558848
5624,-4.222298117412122,0.754872037966712
5625,-5.00562891925672,0.7548342943648136
5626,-1.8344062845188187,0.7547965526500954
5627,-4.11410845822082,0.7547588128224628
5628,-5.192491637119447,0.7547210748818217
5629,-3.5413403929303193,0.7546833388280776
5630,-3.378701828758784,0.7546456046611362
5631,-3.564695240721053,0.7546078723809031
5632,-4.765027220940109,0.754570141987284
5633,-4.784350860000718,0.7545324134801846
5634,-4.419690281475287,0.7544946868595106
5635,-5.751722594886022,0.7544569621251677
5636,-5.277470829730737,0.7544192392770614
5637,-3.108976939730216,0.7543815183150976
5638,-4.896234923162547,0.7543437992391818
5639,-4.39605939366783,0.7543060820492199
5640,-4.277191042679117,0.7542683667451174
5641,-1.7502258227905774,0.7542306533267802
5642,-1.6353708297037075,0.7541929417941139
5643,-4.321364065887869,0.7541552321470242
5644,-2.3101772354544097,0.7541175243854168
5645,-3.351954946708319,0.7540798185091975
5646,-4.4130874583402635,0.754042114518272
5647,-3.6270630161905286,0.754004412412546
5648,-2.9200794232143785,0.7539667121919253
5649,-2.7178102759561,0.7539290138563157
5650,-2.279959985346111,0.7538913174056229
5651,-3.9439323889105493,0.7538536228397525
5652,-1.1058310092700467,0.7538159301586106
5653,-3.431542186392339,0.7537782393621026
5654,-3.89728235208088,0.7537405504501345
5655,-3.5455729797629507,0.7537028634226121
5656,-3.8072716670975817,0.7536651782794409
5657,-3.7586082450083587,0.753627495020527
5658,-3.428108840892968,0.7535898136457759
5659,-3.3607862328387723,0.7535521341550937
5660,-3.253672382653442,0.753514456548386
5661,-4.5442804358076385,0.7534767808255586
5662,-1.9574076530271292,0.7534391069865173
5663,-3.7060414439216927,0.753401435031168
5664,-3.517972334392985,0.7533637649594164
5665,-2.5321272320622636,0.7533260967711684
5666,-4.9116661315867,0.7532884304663298
5667,-2.740449655909302,0.7532507660448065
5668,-3.2742463180561567,0.7532131035065042
5669,-2.717568331481081,0.7531754428513289
5670,-3.1750865481044244,0.7531377840791863
5671,-2.7820615040897483,0.7531001271899823
5672,-3.6145026537812113,0.7530624721836228
5673,-4.823554678208276,0.7530248190600136
5674,-3.605036329755426,0.7529871678190606
5675,-1.434243163095105,0.7529495184606697
5676,-1.9191480139791142,0.7529118709847467
5677,-1.8346033725887616,0.7528742253911974
5678,-1.9056630521897202,0.7528365816799278
5679,-1.4875286636793097,0.7527989398508439
5680,-2.100154370430776,0.7527612999038513
5681,-4.143063266400246,0.7527236618388561
5682,-4.4599488283209645,0.7526860256557641
5683,-0.9899674682469735,0.7526483913544814
5684,-3.568787341570226,0.7526107589349137
5685,-2.0004343588014772,0.752573128396967
5686,-4.222876122391228,0.7525354997405471
5687,-4.551186377614571,0.7524978729655601
5688,-5.841056173523233,0.7524602480719119
5689,-3.6918486967022597,0.7524226250595083
5690,-4.259660214037693,0.7523850039282554
5691,-4.584641076166294,0.752347384678059
5692,-4.420080701545448,0.752309767308825
5693,-4.0951927888131845,0.7522721518204596
5694,-3.658610813128582,0.7522345382128686
5695,-5.172163278480278,0.7521969264859579
5696,-4.324015737094293,0.7521593166396336
5697,-4.603598739329906,0.7521217086738017
5698,-4.615542894728348,0.752084102588368
5699,-4.865886881545867,0.7520464983832386
5700,-5.056948537104443,0.7520088960583194
5701,-4.5510507430500535,0.7519712956135165
5702,-4.096236495365593,0.7519336970487358
5703,-5.651782691211686,0.7518961003638833
5704,-4.315876577270007,0.7518585055588651
5705,-4.283969037556631,0.7518209126335872
5706,-4.142576548721154,0.7517833215879555
5707,-1.4089055971304036,0.751745732421876
5708,-3.427459322255549,0.751708145135255
5709,-5.287536587674093,0.7516705597279982
5710,-5.462875899054811,0.7516329762000118
5711,-5.830798983371857,0.7515953945512018
5712,-5.519801217206423,0.7515578147814743
5713,-3.3712658960694473,0.7515202368907352
5714,-4.831628820528393,0.7514826608788907
5715,-4.2521304476360795,0.7514450867458468
5716,-5.027935175407924,0.7514075144915094
5717,-4.492988429446138,0.7513699441157848
5718,-4.299982815936273,0.751332375618579
5719,-3.9832663823870362,0.7512948089997981
5720,-5.161309058516663,0.751257244259348
5721,-5.186401125389171,0.751219681397135
5722,-3.5396517655800377,0.7511821204130652
5723,-4.0365665490372855,0.7511445613070445
5724,-4.701517365042651,0.7511070040789792
5725,-4.0616188008597875,0.7510694487287752
5726,-2.956985084921916,0.7510318952563388
5727,-4.667366668931173,0.750994343661576
5728,-3.081505556767726,0.750956793944393
5729,-5.162192198426192,0.7509192461046957
5730,-3.562272748292206,0.7508817001423905
5731,-4.794652423994286,0.7508441560573834
5732,-5.199018973992493,0.7508066138495806
5733,-4.3134072472612734,0.7507690735188881
5734,-4.798053785205013,0.7507315350652122
5735,-4.296177667762164,0.750693998488459
5736,-4.556918370057318,0.7506564637885346
5737,-2.707706798330822,0.7506189309653452
5738,-4.025522777944276,0.7505814000187969
5739,-2.4960972136755872,0.7505438709487959
5740,-3.5058832625043084,0.7505063437552485
5741,-2.7723977199312535,0.7504688184380608
5742,-3.5744883322232495,0.7504312949971389
5743,-2.6763419458379567,0.750393773432389
5744,-4.76595601231623,0.7503562537437174
5745,-3.123741818780678,0.7503187359310303
5746,-4.852233278737387,0.7502812199942337
5747,-1.8350788774893698,0.750243705933234
5748,-3.2394954521728794,0.7502061937479373
5749,-3.6420473525909762,0.7501686834382499
5750,-1.5812683511036054,0.750131175004078
5751,-3.8221756215744973,0.7500936684453278
5752,-4.4903600089254345,0.7500561637619055
5753,-4.439921377296579,0.7500186609537175
5754,-4.345189682365751,0.7499811600206698
5755,-4.349182943917471,0.7499436609626688
5756,-3.9562285631848857,0.7499061637796207
5757,-3.7797757073301606,0.7498686684714317
5758,-4.285101119538821,0.7498311750380082
5759,-4.208398485382553,0.7497936834792563
5760,-3.542238617003695,0.7497561937950824
5761,-2.187438489087192,0.7497187059853927
5762,-4.563296930967405,0.7496812200500934
5763,-4.548052103388592,0.749643735989091
5764,-3.6746851925820625,0.7496062538022915
5765,-1.5695874863382133,0.7495687734896014
5766,-2.120750180610893,0.7495312950509269
5767,-1.7606108475425097,0.7494938184861744
5768,-1.5656990254466212,0.7494563437952501
5769,-4.336290464617907,0.7494188709780603
5770,-4.590905651647815,0.7493814000345114
5771,-3.505197203562,0.7493439309645097
5772,-0.9355108362446827,0.7493064637679615
5773,-4.335349932303116,0.7492689984447731
5774,-2.817323127660121,0.7492315349948508
5775,-4.14067994834306,0.7491940734181011
5776,-2.1233908897591576,0.7491566137144302
5777,-4.8364118409310235,0.7491191558837444
5778,-2.989959013565008,0.7490816999259503
5779,-2.1099213525813267,0.749044245840954
5780,-3.326074720196704,0.749006793628662
5781,-3.59258322210804,0.7489693432889806
5782,-4.1870312974095185,0.7489318948218161
5783,-3.4783852717251,0.748894448227075
5784,-1.5874637279872106,0.7488570035046637
5785,-3.844559740835044,0.7488195606544884
5786,-3.7009699944325907,0.7487821196764557
5787,-4.337495525692334,0.7487446805704718
5788,-1.1067454820602283,0.7487072433364433
5789,-4.20533959232961,0.7486698079742765
5790,-4.210034218905357,0.7486323744838778
5791,-3.6101645255535977,0.7485949428651536
5792,-1.658782288864805,0.7485575131180103
5793,-3.2624193247710735,0.7485200852423545
5794,-4.9518284290547125,0.7484826592380923
5795,-3.851242053274253,0.7484452351051304
5796,-4.102929955831254,0.7484078128433751
5797,-1.3730453717004625,0.748370392452733
5798,-4.690188991521795,0.7483329739331104
5799,-2.2045487718216354,0.7482955572844138
5800,-4.258895792354663,0.7482581425065495
5801,-4.3494185275571144,0.7482207295994242
5802,-5.096696977653597,0.7481833185629443
5803,-1.7814259779333308,0.7481459093970162
5804,-3.811855486962858,0.7481085021015463
5805,-4.569583286331957,0.7480710966764412
5806,-4.52380720257594,0.7480336931216074
5807,-4.5635536299705795,0.7479962914369513
5808,-3.5264638933516634,0.7479588916223795
5809,-4.130233571805211,0.7479214936777984
5810,-3.47212892634758,0.7478840976031145
5811,-4.290388248308521,0.7478467033982343
5812,-4.581007701171931,0.7478093110630645
5813,-4.800226206776436,0.7477719205975113
5814,-3.655027789806056,0.7477345320014814
5815,-2.8203051078289416,0.7476971452748814
5816,-4.272046162695592,0.7476597604176176
5817,-4.670007038560595,0.7476223774295967
5818,-4.847999500186326,0.7475849963107252
5819,-4.172952442144529,0.7475476170609097
5820,-2.8303785946968447,0.7475102396800566
5821,-2.6702082572494543,0.7474728641680726
5822,-4.675790718700167,0.7474354905248641
5823,-2.8096073756889886,0.7473981187503379
5824,-4.935542706441815,0.7473607488444004
5825,-4.702706397472827,0.7473233808069581
5826,-2.6765966651968487,0.7472860146379178
5827,-6.33970070665575,0.7472486503371859
5828,-4.445976719992146,0.7472112879046691
5829,-4.284639913601078,0.7471739273402739
5830,-4.368880559066254,0.7471365686439069
5831,-5.219486726446554,0.7470992118154747
5832,-4.328351611182303,0.7470618568548839
5833,-5.727259779685666,0.7470245037620412
5834,-4.484621908479369,0.7469871525368531
5835,-3.8271788716459367,0.7469498031792262
5836,-5.119228991684449,0.7469124556890673
5837,-5.734610140427138,0.7468751100662828
5838,-3.476110045027607,0.7468377663107795
5839,-3.4634223603556205,0.746800424422464
5840,-2.660686094344855,0.7467630844012428
5841,-1.8486446728734207,0.7467257462470228
5842,-4.081524906234819,0.7466884099597104
5843,-2.574472576455195,0.7466510755392124
5844,-1.106677759315053,0.7466137429854355
5845,-3.66858633822762,0.7465764122982862
5846,-1.9247249747813122,0.7465390834776713
5847,-1.1424405630362922,0.7465017565234974
5848,-3.7704494584202735,0.7464644314356712
5849,-3.988514549359203,0.7464271082140994
5850,-4.009606421074102,0.7463897868586887
5851,-5.883513168106772,0.7463524673693458
5852,-2.9286777919300038,0.7463151497459773
5853,-1.589803350587348,0.74627783398849
5854,-3.4980361956367516,0.7462405200967905
5855,-3.527316286557063,0.7462032080707857
5856,-3.502740647477906,0.7461658979103821
5857,-2.5525513568143463,0.7461285896154866
5858,-2.2091934256482992,0.7460912831860058
5859,-1.4909479207540546,0.7460539786218465
5860,-1.1408925934443221,0.7460166759229154
5861,-3.3010221902643044,0.7459793750891193
5862,-3.4157996273699083,0.7459420761203648
5863,-2.898228501006668,0.7459047790165587
5864,-2.952418916216998,0.7458674837776079
5865,-1.9753981794460822,0.745830190403419
5866,-3.1023909786133963,0.7457928988938989
5867,-1.6147487710732196,0.7457556092489542
5868,-4.335674375335577,0.7457183214684918
5869,-2.129123820244968,0.7456810355524184
5870,-1.2912272310575368,0.7456437515006408
5871,-1.6713416293931416,0.7456064693130657
5872,-3.9237255410849525,0.7455691889896001
5873,-1.0117192557860086,0.7455319105301507
5874,-2.306820524927139,0.7454946339346241
5875,-1.9789181308998924,0.7454573592029274
5876,-2.014883151214214,0.7454200863349673
5877,-0.948694667408243,0.7453828153306505
5878,-3.482802549051071,0.745345546189884
5879,-3.101931375423944,0.7453082789125746
5880,-3.3894489382148008,0.7452710134986289
5881,-4.084221967604178,0.745233749947954
5882,-4.72283133754507,0.7451964882604566
5883,-3.9658188096331495,0.7451592284360435
5884,-3.570744794318182,0.7451219704746217
5885,-1.961079032496122,0.745084714376098
5886,-3.180727565564495,0.7450474601403793
5887,-3.544235754227263,0.7450102077673723
5888,-1.2398862362148262,0.7449729572569839
5889,-1.8883161299435387,0.7449357086091211
5890,-3.8887339232691516,0.7448984618236906
5891,-3.232319132641292,0.7448612169005994
5892,-3.3080374513560047,0.7448239738397543
5893,-3.5033882342123412,0.7447867326410623
5894,-3.7431623197999437,0.7447494933044303
5895,-2.5013586047821974,0.7447122558297651
5896,-5.10416581828816,0.7446750202169736
5897,-4.465746007510422,0.7446377864659628
5898,-4.612339267637994,0.7446005545766395
5899,-4.484309632747362,0.7445633245489107
5900,-2.3046888718759604,0.7445260963826833
5901,-3.978193308973291,0.7444888700778641
5902,-5.465833249274096,0.7444516456343603
5903,-4.033941602039883,0.7444144230520786
5904,-3.089169780596955,0.744377202330926
5905,-3.546500711610333,0.7443399834708094
5906,-3.5159586218861785,0.7443027664716358
5907,-3.5361960790924356,0.7442655513333123
5908,-3.7513400084836026,0.7442283380557456
5909,-3.812503302049844,0.7441911266388428
5910,-4.995222968631514,0.7441539170825109
5911,-2.875699114195001,0.7441167093866567
5912,-3.405348487811916,0.7440795035511875
5913,-5.376431354258448,0.7440422995760099
5914,-3.3812442530614573,0.744005097461031
5915,-4.057119934562752,0.743967897206158
5916,-3.8420243927010223,0.7439306988112977
5917,-4.225649267942747,0.7438935022763571
5918,-3.761352296836521,0.7438563076012433
5919,-4.834290322899147,0.7438191147858633
5920,-4.86967895569363,0.743781923830124
5921,-3.10820593478241,0.7437447347339324
5922,-4.043849519827042,0.7437075474971957
5923,-4.687035333145344,0.7436703621198208
5924,-3.8587157147346174,0.7436331786017149
5925,-4.096509147556872,0.7435959969427848
5926,-3.1869416512217645,0.7435588171429376
5927,-5.348530346971011,0.7435216392020805
5928,-3.5325395431504045,0.7434844631201204
5929,-3.396080918314365,0.7434472888969644
5930,-4.005789725714608,0.7434101165325195
5931,-5.7636408082471,0.7433729460266929
5932,-6.032070446785141,0.7433357773793916
5933,-1.760723582547472,0.7432986105905226
5934,-4.42141878364885,0.7432614456599931
5935,-2.968917986230852,0.7432242825877101
5936,-4.729447229292669,0.7431871213735808
5937,-1.9997642064470373,0.7431499620175122
5938,-4.63335856189863,0.7431128045194113
5939,-2.415305248244701,0.7430756488791853
5940,-3.117284043066687,0.7430384950967414
5941,-1.135979013641692,0.7430013431719865
5942,-2.125537718753622,0.742964193104828
5943,-5.071072648682154,0.7429270448951727
5944,-2.9567277683611284,0.742889898542928
5945,-1.2043743064985308,0.7428527540480009
5946,-2.4382237105790914,0.7428156114102985
5947,-1.1069135704606112,0.742778470629728
5948,-4.458029255377706,0.7427413317061965
5949,-4.616131117865967,0.7427041946396112
5950,-3.9486988902109554,0.7426670594298792
5951,-4.065824646766952,0.7426299260769077
5952,-1.2541165916998986,0.7425927945806039
5953,-3.2059323384921985,0.7425556649408749
5954,-1.8859825634732748,0.7425185371576278
5955,-2.5880255062436013,0.7424814112307699
5956,-2.561189919776163,0.7424442871602084
5957,-4.24896103436334,0.7424071649458504
5958,-3.3785989526116644,0.742370044587603
5959,-1.7668265838241466,0.7423329260853736
5960,-3.9769996381366197,0.7422958094390694
5961,-3.4590540714194766,0.7422586946485974
5962,-4.088649269481593,0.742221581713865
5963,-3.1346524899371513,0.7421844706347793
5964,-3.9523469573994103,0.7421473614112476
5965,-3.7207993024190267,0.742110254043177
5966,-2.2814699358045742,0.7420731485304748
5967,-1.455770038120648,0.7420360448730483
5968,-1.9966413471742683,0.7419989430708046
5969,-3.6741472467450986,0.7419618431236511
5970,-3.7098873824848484,0.741924745031495
5971,-3.9446594153561136,0.7418876487942434
5972,-3.6395483823631762,0.7418505544118037
5973,-3.5737173368980346,0.7418134618840831
5974,-1.407566979588123,0.7417763712109889
5975,-1.5690136539953774,0.7417392823924284
5976,-3.214741891770101,0.7417021954283087
5977,-3.550011120752907,0.7416651103185373
5978,-4.33219129759558,0.7416280270630214
5979,-4.519548695340826,0.7415909456616683
5980,-4.052609205381973,0.7415538661143852
5981,-4.56646416727766,0.7415167884210795
5982,-3.0064704191666483,0.7414797125816585
5983,-3.149800808432853,0.7414426385960293
5984,-1.2568835694424751,0.7414055664640995
5985,-3.915671664677436,0.7413684961857763
5986,-4.060030970710246,0.7413314277609669
5987,-3.1781657244465906,0.7412943611895789
5988,-2.374738416950531,0.7412572964715195
5989,-2.4154445194674348,0.741220233606696
5990,-3.525376371323805,0.7411831725950156
5991,-4.633164637083989,0.7411461134363859
5992,-3.6490179800903784,0.7411090561307141
5993,-4.233961768264804,0.7410720006779076
5994,-2.8215575375872577,0.7410349470778737
5995,-3.1491746157088447,0.7409978953305197
5996,-3.693123817540814,0.7409608454357532
5997,-3.2797928153848783,0.7409237973934815
5998,-4.906229666016744,0.7408867512036118
5999,-0.9947102936520553,0.7408497068660517
6000,-5.0616596339510345,0.7408126643807084
6001,-3.732613337832282,0.7407756237474893
6002,-4.521318401473351,0.740738584966302
6003,-2.836711000909077,0.7407015480370537
6004,-3.912461366290453,0.7406645129596519
6005,-1.555306336099958,0.7406274797340039
6006,-3.794004334070405,0.7405904483600172
6007,-4.455812357670354,0.7405534188375992
6008,-4.948289792863802,0.7405163911666574
6009,-3.0524555652665613,0.740479365347099
6010,-2.475146479543948,0.7404423413788317
6011,-4.058346218620635,0.7404053192617628
6012,-4.454883112099523,0.7403682989957997
6013,-2.372984359927419,0.74033128058085
6014,-5.391616708629764,0.740294264016821
6015,-4.686075313294315,0.7402572493036201
6016,-4.431031795585824,0.740220236441155
6017,-5.296929378918508,0.7401832254293329
6018,-3.534904123665083,0.7401462162680614
6019,-3.936835692348212,0.7401092089572481
6020,-4.108897141509191,0.7400722034968003
6021,-1.6831381194930286,0.7400351998866254
6022,-2.600382157375335,0.739998198126631
6023,-4.781309367584571,0.7399611982167247
6024,-2.814151732640422,0.7399242001568138
6025,-5.62121293344481,0.739887203946806
6026,-5.494413460012963,0.7398502095866086
6027,-4.277768144727347,0.7398132170761293
6028,-3.541151290438611,0.7397762264152755
6029,-4.678775701368963,0.7397392376039548
6030,-3.9573852501890556,0.7397022506420746
6031,-4.719817383406712,0.7396652655295425
6032,-3.818967532843236,0.739628282266266
6033,-1.434612122900672,0.7395913008521526
6034,-2.996194248036038,0.7395543212871101
6035,-3.665291428271993,0.7395173435710457
6036,-1.190177138457564,0.7394803677038672
6037,-2.1724636047669024,0.739443393685482
6038,-3.7304577778930277,0.7394064215157977
6039,-3.9232842874714895,0.739369451194722
6040,-4.690526562993819,0.7393324827221622
6041,-4.411456572225877,0.7392955160980261
6042,-1.737762612760926,0.7392585513222212
6043,-2.7777118155759633,0.7392215883946551
6044,-2.866930938280481,0.7391846273152354
6045,-3.2821956998878985,0.7391476680838697
6046,-3.3294748880414566,0.7391107107004655
6047,-2.429487336753011,0.7390737551649305
6048,-1.7927358767050399,0.7390368014771722
6049,-3.1071829341856643,0.7389998496370983
6050,-2.7188175492413293,0.7389628996446165
6051,-3.3634323254444984,0.7389259514996342
6052,-4.27234065453097,0.7388890052020592
6053,-4.8877506439339555,0.7388520607517991
6054,-3.7773332482407413,0.7388151181487616
6055,-3.860960145909602,0.7387781773928541
6056,-4.484410260479172,0.7387412384839844
6057,-4.228930838428975,0.7387043014220602
6058,-2.8789065779713496,0.7386673662069891
6059,-3.5844507563947685,0.7386304328386788
6060,-3.1182946867592665,0.7385935013170368
6061,-4.010254929659425,0.738556571641971
6062,-3.5082269158577883,0.7385196438133889
6063,-2.7167512596826167,0.7384827178311982
6064,-3.4964657291446244,0.7384457936953067
6065,-3.3808933306248345,0.738408871405622
6066,-4.326602660517681,0.7383719509620517
6067,-2.97276659012008,0.7383350323645036
6068,-4.149782233219671,0.7382981156128854
6069,-5.355721821733323,0.7382612007071048
6070,-3.920841693482185,0.7382242876470694
6071,-4.22361569191155,0.7381873764326871
6072,-1.4178501638962513,0.7381504670638654
6073,-4.360983007105428,0.7381135595405123
6074,-3.77929719754661,0.7380766538625353
6075,-5.061998716733591,0.7380397500298421
6076,-4.803037789825331,0.7380028480423406
6077,-3.098131857082255,0.7379659478999385
6078,-4.475574961364941,0.7379290496025436
6079,-3.173851404502597,0.7378921531500634
6080,-3.2049439139987808,0.7378552585424059
6081,-3.84356584004737,0.7378183657794788
6082,-2.298638053357978,0.7377814748611898
6083,-2.6962205581205447,0.7377445857874467
6084,-4.376809846763884,0.7377076985581573
6085,-2.4300131501380138,0.7376708131732295
6086,-4.881324067659994,0.7376339296325708
6087,-3.98658395253378,0.7375970479360892
6088,-5.052421053632727,0.7375601680836924
6089,-3.4648608803168153,0.7375232900752883
6090,-5.346217385240051,0.7374864139107845
6091,-4.885786203021168,0.737449539590089
6092,-4.685443228206497,0.7374126671131095
6093,-1.7200269673479478,0.7373757964797538
6094,-2.644853937398304,0.7373389276899298
6095,-3.7142897304653544,0.7373020607435453
6096,-4.261943672968911,0.7372651956405082
6097,-4.302864249406401,0.7372283323807262
6098,-3.935440501665016,0.7371914709641071
6099,-4.634404574896604,0.7371546113905589
6100,-3.6672322246701112,0.7371177536599894
6101,-3.4685872492696674,0.7370808977723065
6102,-2.5697953785796592,0.7370440437274178
6103,-5.139575130915741,0.7370071915252314
6104,-4.2416362418760105,0.7369703411656552
6105,-4.860951763713758,0.7369334926485969
6106,-3.5938883773978,0.7368966459739644
6107,-4.668702346744563,0.7368598011416657
6108,-4.548626106387443,0.7368229581516086
6109,-6.495817443152379,0.736786117003701
6110,-3.6534210494362345,0.7367492776978508
6111,-5.172197701632381,0.7367124402339659
6112,-5.343659764362421,0.7366756046119541
6113,-4.450990531051918,0.7366387708317236
6114,-3.779230660783942,0.736601938893182
6115,-1.9223662446518954,0.7365651087962374
6116,-6.616687887232256,0.7365282805407976
6117,-3.9634373918479615,0.7364914541267705
6118,-3.2861639153415148,0.7364546295540642
6119,-5.155776958391325,0.7364178068225865
6120,-5.424101815208372,0.7363809859322454
6121,-3.3315939904275274,0.7363441668829488
6122,-4.759831608607113,0.7363073496746046
6123,-4.222433281436702,0.736270534307121
6124,-4.3381407388463895,0.7362337207804056
6125,-5.796667752767015,0.7361969090943666
6126,-4.144172642320757,0.7361600992489119
6127,-4.413600948628587,0.7361232912439495
6128,-5.1407382754923265,0.7360864850793873
6129,-4.499833884941367,0.7360496807551333
6130,-5.127640268459824,0.7360128782710956
6131,-4.25060541427557,0.7359760776271821
6132,-5.523169160496563,0.7359392788233007
6133,-1.6256066928014041,0.7359024818593595
6134,-1.5549708669581745,0.7358656867352665
6135,-4.8332529826479655,0.7358288934509297
6136,-4.360060350593585,0.7357921020062572
6137,-2.105664223539267,0.7357553124011569
6138,-4.149224127504971,0.7357185246355368
6139,-2.946562152112528,0.735681738709305
6140,-3.775804287896146,0.7356449546223696
6141,-3.769667073637798,0.7356081723746385
6142,-2.208119192358751,0.7355713919660197
6143,-4.79207658037071,0.7355346133964215
6144,-3.0091379653140535,0.7354978366657516
6145,-2.6448106332620878,0.7354610617739183
6146,-4.274600403478891,0.7354242887208297
6147,-3.7662595811796833,0.7353875175063936
6148,-3.452098781962323,0.7353507481305184
6149,-4.8911139913234365,0.7353139805931118
6150,-3.277507085553197,0.7352772148940822
6151,-1.086377644675924,0.7352404510333375
6152,-2.7766997281579515,0.7352036890107858
6153,-2.9335876263096394,0.7351669288263353
6154,-4.084432940805849,0.7351301704798939
6155,-4.219994728604396,0.73509341397137
6156,-3.7732475920814954,0.7350566593006714
6157,-2.5088523312387494,0.7350199064677064
6158,-4.572838956405194,0.734983155472383
6159,-3.5530420611863542,0.7349464063146094
6160,-3.1259733756041204,0.7349096589942936
6161,-0.7458981704829484,0.7348729135113439
6162,-3.399925038780225,0.7348361698656684
6163,-4.259525386794497,0.734799428057175
6164,-3.020546408097207,0.7347626880857722
6165,-3.0402935007337133,0.7347259499513679
6166,-3.196618181987348,0.7346892136538703
6167,-1.5922715631367848,0.7346524791931877
6168,-3.2312314800335042,0.734615746569228
6169,-3.151937039018429,0.7345790157818995
6170,-1.9056630521897202,0.7345422868311104
6171,-1.4875286636793097,0.7345055597167689
6172,-4.671929608895302,0.7344688344387831
6173,-1.0841235923756856,0.7344321109970612
6174,-3.9955428829489605,0.7343953893915114
6175,-2.700576279156676,0.7343586696220418
6176,-3.1879628270210727,0.7343219516885606
6177,-3.421990065911879,0.7342852355909762
6178,-4.93242066620547,0.7342485213291967
6179,-3.1763318355331998,0.7342118089031302
6180,-5.73363931312601,0.734175098312685
6181,-3.630639947919658,0.7341383895577693
6182,-2.417764822694105,0.7341016826382915
6183,-3.7684131814909554,0.7340649775541596
6184,-4.657231449690816,0.7340282743052818
6185,-4.075821803369231,0.7339915728915666
6186,-3.31030510199515,0.733954873312922
6187,-3.3481847807476672,0.7339181755692563
6188,-4.738454823804173,0.7338814796604779
6189,-2.7081665059815117,0.7338447855864949
6190,-4.219491368663368,0.7338080933472156
6191,-3.2892189598628647,0.7337714029425483
6192,-5.043444529642372,0.7337347143724011
6193,-2.5869664511902983,0.7336980276366825
6194,-2.971346986993983,0.7336613427353006
6195,-3.2292551173799264,0.7336246596681638
6196,-4.704502292362447,0.7335879784351804
6197,-4.61119177101345,0.7335512990362587
6198,-4.773006773093851,0.7335146214713069
6199,-3.227178302701344,0.7334779457402333
6200,-3.8266708091087964,0.7334412718429463
6201,-3.6801718943667705,0.7334045997793541
6202,-4.878831539525708,0.7333679295493651
6203,-4.401341445542006,0.7333312611528877
6204,-3.7937418574110073,0.73329459458983
6205,-4.195323084100393,0.7332579298601005
6206,-3.5359014539379636,0.7332212669636076
6207,-2.444982598007645,0.7331846059002594
6208,-5.411700881156239,0.7331479466699643
6209,-3.971707819022061,0.7331112892726308
6210,-5.092876548593027,0.7330746337081672
6211,-3.3498994509085476,0.7330379799764818
6212,-4.613645742962975,0.733001328077483
6213,-3.9965137491450484,0.7329646780110791
6214,-4.580007222271002,0.7329280297771785
6215,-4.9411632734076445,0.7328913833756897
6216,-4.120533667835481,0.732854738806521
6217,-4.349559265277186,0.7328180960695806
6218,-4.600245806500022,0.7327814551647771
6219,-2.981087996805379,0.7327448160920189
6220,-4.592129979265007,0.7327081788512143
6221,-3.4588499588964634,0.7326715434422717
6222,-4.883135094106247,0.7326349098650996
6223,-2.870352898704292,0.7325982781196063
6224,-4.045308656715999,0.7325616482057004
6225,-4.178607454889196,0.7325250201232901
6226,-3.9055973588106854,0.7324883938722839
6227,-3.568099917422293,0.7324517694525903
6228,-3.579303098113253,0.7324151468641177
6229,-4.570257990146238,0.7323785261067745
6230,-5.397958575783539,0.7323419071804691
6231,-4.0626289412253005,0.73230529008511
6232,-3.210434991620306,0.7322686748206058
6233,-3.194863305005339,0.7322320613868647
6234,-4.168567930929296,0.7321954497837954
6235,-1.223512610792137,0.7321588400113062
6236,-4.024265560127581,0.7321222320693056
6237,-2.5807513117390335,0.7320856259577021
6238,-1.6334449290208557,0.7320490216764042
6239,-2.505428031294814,0.7320124192253203
6240,-3.124821221468382,0.7319758186043591
6241,-4.189443600399542,0.7319392198134289
6242,-3.394862993490884,0.7319026228524382
6243,-3.8877412088216703,0.7318660277212956
6244,-2.3892484388099535,0.7318294344199096
6245,-1.6415240208479214,0.7317928429481886
6246,-4.5489262267287875,0.7317562533060412
6247,-2.6346893387091432,0.731719665493376
6248,-4.696176695502507,0.7316830795101013
6249,-2.543190362566448,0.7316464953561258
6250,-3.7938367087007503,0.731609913031358
6251,-2.9983382372808287,0.7315733325357064
6252,-3.557550605949483,0.7315367538690797
6253,-4.068283949323083,0.7315001770313863
6254,-2.936386349846596,0.7314636020225347
6255,-2.9475739094692823,0.7314270288424336
6256,-3.6951675220804256,0.7313904574909915
6257,-4.431179034093818,0.731353887968117
6258,-3.0326887615232847,0.7313173202737185
6259,-3.235201826497286,0.7312807544077049
6260,-4.2690966123793235,0.7312441903699846
6261,-2.892170352098363,0.731207628160466
6262,-4.073007372871123,0.731171067779058
6263,-3.252599238174728,0.7311345092256691
6264,-1.9206075455048093,0.7310979525002078
6265,-2.8051032915002088,0.7310613976025828
6266,-3.077774468392259,0.7310248445327027
6267,-1.0452716545347376,0.730988293290476
6268,-4.783765751331121,0.7309517438758115
6269,-4.005935958180078,0.7309151962886178
6270,-2.3868637616884523,0.7308786505288034
6271,-2.7724449767931336,0.730842106596277
6272,-2.395601679287585,0.7308055644909472
6273,-5.001794605502287,0.7307690242127227
6274,-2.828373361264407,0.7307324857615121
6275,-3.2678518405679293,0.730695949137224
6276,-4.684685516828391,0.7306594143397671
6277,-4.4779634724916635,0.7306228813690502
6278,-3.6650757369383467,0.7305863502249818
6279,-3.4830782554651494,0.7305498209074706
6280,-4.955543815475084,0.7305132934164252
6281,-4.344650619857791,0.7304767677517544
6282,-2.9867185562014456,0.7304402439133668
6283,-5.180001170316441,0.7304037219011712
6284,-5.376568777924451,0.7303672017150762
6285,-5.753491300834089,0.7303306833549904
6286,-3.655142761096476,0.7302941668208227
6287,-4.611618218358717,0.7302576521124817
6288,-4.723059273242016,0.7302211392298761
6289,-4.657546581296492,0.7301846281729146
6290,-2.0856147613034692,0.730148118941506
6291,-2.557798660186304,0.7301116115355589
6292,-6.017574230185298,0.7300751059549822
6293,-4.141501465448304,0.7300386021996844
6294,-5.012974344723533,0.7300021002695745
6295,-4.085624007882551,0.729965600164561
6296,-4.610943237596946,0.7299291018845528
6297,-4.418124656780139,0.7298926054294587
6298,-5.533703730781412,0.7298561107991872
6299,-3.057128088794955,0.7298196179936473
6300,-3.9355817953444143,0.7297831270127476
6301,-4.51511604364123,0.7297466378563969
6302,-4.563485899300591,0.7297101505245042
6303,-4.626802791832066,0.729673665016978
6304,-4.449675016780518,0.7296371813337271
6305,-5.086122932751295,0.7296006994746604
6306,-4.749141093578235,0.7295642194396867
6307,-3.8514037149270512,0.7295277412287148
6308,-4.101835317907429,0.7294912648416534
6309,-3.855358679427641,0.7294547902784113
6310,-4.8690736430599255,0.7294183175388974
6311,-4.8870251071582,0.7293818466230204
6312,-4.205847139765435,0.7293453775306893
6313,-5.537505133504969,0.7293089102618128
6314,-4.162729030921184,0.7292724448162997
6315,-4.9414166836146585,0.7292359811940589
6316,-3.6636197975734195,0.7291995193949992
6317,-3.581981339782665,0.7291630594190294
6318,-2.602716001237061,0.7291266012660584
6319,-4.421725936887878,0.7290901449359951
6320,-4.632769594015848,0.7290536904287483
6321,-4.363323869835291,0.7290172377442269
6322,-4.176751343198972,0.7289807868823397
6323,-5.385316043889344,0.7289443378429956
6324,-3.7317702712032705,0.7289078906261035
6325,-4.36839304655728,0.7288714452315722
6326,-3.812387081927559,0.7288350016593106
6327,-2.8520429646666057,0.7287985599092276
6328,-5.633723167130371,0.7287621199812322
6329,-5.317591809679106,0.7287256818752331
6330,-1.757798924387765,0.7286892455911393
6331,-1.759121294248975,0.7286528111288598
6332,-2.0911617140644054,0.7286163784883034
6333,-2.3041614291660637,0.728579947669379
6334,-4.508961217551916,0.7285435186719955
6335,-1.9913401919966784,0.728507091496062
6336,-3.629092920140627,0.7284706661414871
6337,-2.663181884861098,0.7284342426081801
6338,-4.9763096147243955,0.7283978208960498
6339,-5.52304875864378,0.728361401005005
6340,-4.241401867909383,0.7283249829349547
6341,-3.7624316199193912,0.728288566685808
6342,-3.993266467691723,0.7282521522574738
6343,-4.631524680351568,0.7282157396498609
6344,-4.389516858150852,0.7281793288628784
6345,-1.3924335655007352,0.7281429198964352
6346,-1.9616531218159634,0.7281065127504404
6347,-1.3866822221852486,0.7280701074248028
6348,-2.3261241596017643,0.7280337039194316
6349,-3.4205699932109823,0.7279973022342356
6350,-3.7492423172864555,0.7279609023691239
6351,-3.4275706756890134,0.7279245043240055
6352,-1.725367904234871,0.7278881080987892
6353,-3.6201218551152192,0.7278517136933843
6354,-2.578832803881425,0.7278153211076996
6355,-3.735328352246002,0.7277789303416443
6356,-4.265134614674047,0.7277425413951273
6357,-2.326944760105727,0.7277061542680575
6358,-3.5856777077175197,0.7276697689603441
6359,-3.603655663710013,0.727633385471896
6360,-4.037138783574577,0.7275970038026225
6361,-3.563734898220578,0.7275606239524324
6362,-2.0995857971303953,0.7275242459212348
6363,-1.7685624839160017,0.7274878697089388
6364,-3.331926280690825,0.7274514953154533
6365,-3.658971709860058,0.7274151227406875
6366,-1.6760195311620387,0.7273787519845505
6367,-3.970459042959665,0.7273423830469513
6368,-4.068373167527934,0.727306015927799
6369,-3.452624707873227,0.7272696506270026
6370,-3.4287325030243396,0.7272332871444712
6371,-3.254602899530639,0.727196925480114
6372,-4.42911708077567,0.72716056563384
6373,-4.005015972017714,0.7271242076055583
6374,-3.206056227655395,0.7270878513951781
6375,-4.419069029878742,0.7270514970026083
6376,-1.8191489402966279,0.7270151444277582
6377,-1.7248831688682937,0.7269787936705367
6378,-4.189852862979076,0.7269424447308532
6379,-1.7952665184573249,0.7269060976086167
6380,-3.5785843596088767,0.7268697523037363
6381,-3.142154988495735,0.7268334088161211
6382,-3.5868456498228465,0.7267970671456804
6383,-3.651314742701626,0.7267607272923231
6384,-3.7886945390916313,0.7267243892559585
6385,-3.1922254746834895,0.7266880530364958
6386,-4.21007844229468,0.7266517186338439
6387,-3.1086726974002423,0.7266153860479122
6388,-3.163628021380661,0.7265790552786098
6389,-3.2014883430171275,0.7265427263258458
6390,-2.6352308028092097,0.7265063991895295
6391,-3.5031481795813875,0.7264700738695701
6392,-5.211105676229806,0.7264337503658767
6393,-3.227467490019729,0.7263974286783583
6394,-3.20971363325199,0.7263611088069244
6395,-3.1739803566292926,0.726324790751484
6396,-4.117152029298865,0.7262884745119464
6397,-3.9992864901380956,0.7262521600882208
6398,-2.872663368943997,0.7262158474802164
6399,-1.4742322974085176,0.7261795366878424
6400,-4.130060346546665,0.726143227711008
6401,-4.071551664324525,0.7261069205496224
6402,-4.502481578213127,0.726070615203595
6403,-5.142774245337431,0.7260343116728347
6404,-4.195064044672158,0.7259980099572511
6405,-3.6240887394689345,0.7259617100567533
6406,-5.113232041897136,0.7259254119712504
6407,-3.9474707458502154,0.7258891157006518
6408,-5.9461822830755064,0.7258528212448668
6409,-4.94631812292614,0.7258165286038046
6410,-2.8212643262008426,0.7257802377773744
6411,-4.426428360771662,0.7257439487654855
6412,-5.607908802339618,0.7257076615680472
6413,-4.404869649204324,0.7256713761849688
6414,-4.436292313682642,0.7256350926161595
6415,-4.8115195895096665,0.7255988108615288
6416,-4.771618606215251,0.7255625309209857
6417,-6.051416306081828,0.7255262527944396
6418,-1.9615194414848671,0.7254899764817999
6419,-5.402521080184248,0.7254537019829759
6420,-4.016863550122078,0.7254174292978768
6421,-5.145410182584989,0.7253811584264119
6422,-3.0093852061816397,0.7253448893684906
6423,-4.6411289065231305,0.7253086221240223
6424,-4.366319960471385,0.725272356692916
6425,-5.3790049128721495,0.7252360930750814
6426,-4.706867468247458,0.7251998312704276
6427,-4.797619616151389,0.7251635712788641
6428,-2.2724129841623726,0.7251273131003002
6429,-2.0365253981655007,0.7250910567346452
6430,-3.2156358024380474,0.7250548021818085
6431,-4.102940149334591,0.7250185494416994
6432,-4.154362733679067,0.7249822985142274
6433,-3.2172763408661282,0.7249460493993016
6434,-1.2202812337190303,0.7249098020968316
6435,-2.670200636059316,0.7248735566067268
6436,-4.406134073828264,0.7248373129288965
6437,-1.4749061467731353,0.7248010710632501
6438,-3.85068351778931,0.7247648310096969
6439,-3.36979652072092,0.7247285927681464
6440,-3.1852938931383425,0.7246923563385079
6441,-4.168282352784951,0.724656121720691
6442,-3.0992713669074012,0.724619888914605
6443,-3.5804159127091637,0.7245836579201593
6444,-2.0683404098182234,0.7245474287372633
6445,-4.472789543343026,0.7245112013658265
6446,-3.816527935332773,0.7244749758057581
6447,-3.5914906563462337,0.7244387520569678
6448,-3.3245663814461563,0.724402530119365
6449,-1.9574076530271292,0.724366309992859
6450,-3.6955171269363665,0.7243300916773594
6451,-2.1916024839988064,0.7242938751727755
6452,-3.8174009726926013,0.724257660479017
6453,-4.734120067354659,0.724221447595993
6454,-3.4350820014521273,0.7241852365236132
6455,-3.2742463180561567,0.7241490272617871
6456,-1.8790672484236925,0.724112819810424
6457,-1.4776183430701333,0.7240766141694335
6458,-3.7723850929939666,0.724040410338725
6459,-3.568996836555775,0.7240042083182081
6460,-3.619845473611778,0.7239680081077922
6461,-3.612281090761594,0.7239318097073868
6462,-3.5594949736487926,0.7238956131169014
6463,-1.9191480139791142,0.7238594183362456
6464,-3.4446206220495363,0.7238232253653287
6465,-3.7015721498185057,0.7237870342040604
6466,-2.9475177528238548,0.7237508448523502
6467,-4.982330027636218,0.7237146573101075
6468,-4.300630923945416,0.7236784715772421
6469,-1.6342057133580679,0.7236422876536632
6470,-3.2927703453518666,0.7236061055392805
6471,-4.056227062814657,0.7235699252340035
6472,-1.9853130387206228,0.7235337467377418
6473,-4.0452089747005875,0.7234975700504049
6474,-4.119637003552757,0.7234613951719024
6475,-2.296075119100213,0.7234252221021439
6476,-4.043401358627145,0.7233890508410388
6477,-3.449873782084303,0.7233528813884967
6478,-3.9244186047930523,0.7233167137444273
6479,-4.688804303580186,0.7232805479087401
6480,-2.572949237379072,0.7232443838813446
6481,-4.385148099317311,0.7232082216621505
6482,-5.137998804443297,0.7231720612510674
6483,-5.032141948369467,0.7231359026480049
6484,-2.724882443056355,0.7230997458528725
6485,-1.9087332873557896,0.7230635908655799
6486,-3.1584016253603413,0.7230274376860366
6487,-4.406497294904316,0.7229912863141523
6488,-3.2704059424753846,0.7229551367498366
6489,-5.10163542941763,0.7229189889929991
6490,-3.193423465256973,0.7228828430435494
6491,-5.3525583574047735,0.7228466989013973
6492,-1.2887121134532595,0.7228105565664522
6493,-3.118480994010863,0.7227744160386239
6494,-2.4575722789543515,0.722738277317822
6495,-5.440479910795407,0.7227021404039562
6496,-5.570247483591715,0.722666005296936
6497,-3.2763403050456867,0.7226298719966712
6498,-4.801893087439948,0.7225937405030713
6499,-2.895317244730253,0.7225576108160462
6500,-2.5288275973569103,0.7225214829355054
6501,-4.493871692531892,0.7224853568613586
6502,-4.227197145089193,0.7224492325935156
6503,-4.402291795902491,0.7224131101318859
6504,-3.6041582695077246,0.7223769894763793
6505,-4.691527192168239,0.7223408706269054
6506,-2.1111606799328415,0.7223047535833741
6507,-6.147456163263807,0.7222686383456949
6508,-4.298097093381962,0.7222325249137777
6509,-4.587249023601013,0.7221964132875319
6510,-3.9264807621898763,0.7221603034668675
6511,-3.6212890393932127,0.7221241954516943
6512,-3.253689178722407,0.7220880892419217
6513,-3.6497986122100743,0.7220519848374596
6514,-4.020145885471834,0.7220158822382177
6515,-1.5497029614622906,0.7219797814441058
6516,-5.194097409780058,0.7219436824550336
6517,-4.792419011744182,0.7219075852709108
6518,-3.441338097001942,0.7218714898916473
6519,-3.1671227343741797,0.7218353963171527
6520,-3.4970932215591795,0.7217993045473368
6521,-4.487679972174045,0.7217632145821093
6522,-5.341692946862854,0.7217271264213803
6523,-4.147013312833186,0.7216910400650592
6524,-3.6102977851884295,0.721654955513056
6525,-4.744066650132986,0.7216188727652804
6526,-4.8309251047354405,0.7215827918216421
6527,-1.8840007079687484,0.7215467126820511
6528,-4.24150433037344,0.721510635346417
6529,-5.068930035187815,0.7214745598146497
6530,-3.7665421285347476,0.721438486086659
6531,-1.540872483016972,0.7214024141623546
6532,-4.608048537142906,0.7213663440416465
6533,-4.147802355380663,0.7213302757244444
6534,-4.0225181343607925,0.7212942092106582
6535,-3.825466306219586,0.7212581445001977
6536,-3.918263274020367,0.7212220815929726
6537,-1.9889113273062264,0.721186020488893
6538,-4.554069297782596,0.7211499611878686
6539,-4.609969628026546,0.7211139036898092
6540,-2.6837152089923424,0.7210778479946247
6541,-1.9105240063971434,0.721041794102225
6542,-4.129994181509247,0.7210057420125199
6543,-4.499110606103248,0.7209696917254192
6544,-3.885379405079398,0.720933643240833
6545,-4.048795875670083,0.7208975965586709
6546,-3.983413768936058,0.720861551678843
6547,-2.9365925430555397,0.720825508601259
6548,-5.091251506504029,0.7207894673258289
6549,-2.89865762126483,0.7207534278524627
6550,-2.003121845417014,0.7207173901810701
6551,-4.4954107559681,0.720681354311561
6552,-2.740941298832003,0.7206453202438454
6553,-2.707714255493181,0.7206092879778332
6554,-3.1127251713272637,0.7205732575134343
6555,-3.350695504421389,0.7205372288505586
6556,-2.9604723514024194,0.720501201989116
6557,-3.8303681963619067,0.7204651769290166
6558,-1.9713151947366336,0.7204291536701701
6559,-2.4061577297646526,0.7203931322124866
6560,-3.3411364550697993,0.720357112555876
6561,-1.0546807641860663,0.7203210947002482
6562,-3.8564807736432094,0.7202850786455132
6563,-3.681095474013786,0.7202490643915809
6564,-3.0651858824230227,0.7202130519383613
6565,-1.4058011425550956,0.7201770412857643
6566,-3.638596847118019,0.7201410324337001
6567,-0.9604627149751764,0.7201050253820784
6568,-3.6344915659692436,0.7200690201308093
6569,-3.3735273379926554,0.7200330166798028
6570,-3.8124292569192786,0.7199970150289688
6571,-2.990783574741167,0.7199610151782174
6572,-3.254795126395172,0.7199250171274585
6573,-4.434727107152879,0.7198890208766021
6574,-4.2463043041335204,0.7198530264255583
6575,-1.3932348427902475,0.719817033774237
6576,-2.1716905236809754,0.7197810429225483
6577,-4.069253777838223,0.7197450538704022
6578,-4.865827495321934,0.7197090666177087
6579,-3.3030523848081437,0.7196730811643779
6580,-4.675867155146711,0.7196370975103197
6581,-3.7584233676283065,0.7196011156554442
6582,-4.774590244995934,0.7195651355996614
6583,-4.722192734550884,0.7195291573428814
6584,-3.9593220745436106,0.7194931808850142
6585,-5.025804702299833,0.71945720622597
6586,-4.369119443876535,0.7194212333656587
6587,-1.188446742618042,0.7193852623039904
6588,-2.6938966378774865,0.7193492930408751
6589,-5.313594439012626,0.7193133255762231
6590,-4.9655908473384756,0.7192773599099442
6591,-4.52559173416988,0.7192413960419487
6592,-5.067500973220876,0.7192054339721466
6593,-3.250050354049017,0.719169473700448
6594,-4.670328417356755,0.719133515226763
6595,-2.2656343675965855,0.7190975585510018
6596,-3.4652454241428368,0.7190616036730743
6597,-4.399405223059034,0.7190256505928906
6598,-1.6731041120417696,0.7189896993103609
6599,-3.243456928794514,0.7189537498253954
6600,-4.03419534967764,0.7189178021379041
6601,-5.29593990718922,0.7188818562477972
6602,-4.072044347941729,0.7188459121549848
6603,-4.253745947567215,0.7188099698593771
6604,-5.326266371137642,0.7187740293608841
6605,-2.2961757069317112,0.7187380906594161
6606,-3.922673440519601,0.7187021537548831
6607,-3.4446655715016874,0.7186662186471954
6608,-4.906370794547163,0.718630285336263
6609,-4.69222359573023,0.7185943538219962
6610,-5.392351343844836,0.7185584241043051
6611,-4.243798236412461,0.7185224961830999
6612,-4.456899857295284,0.7184865700582908
6613,-5.94599653181448,0.7184506457297879
6614,-5.500470540165845,0.7184147231975014
6615,-3.5174703662499134,0.7183788024613416
6616,-5.308365443163934,0.7183428835212184
6617,-4.293438622060433,0.7183069663770424
6618,-4.94169238401674,0.7182710510287236
6619,-3.6866890284923652,0.7182351374761722
6620,-4.324040491055141,0.7181992257192984
6621,-4.729169260687932,0.7181633157580124
6622,-4.653846844454978,0.7181274075922245
6623,-5.750989963921474,0.7180915012218448
6624,-3.854436796814675,0.7180555966467838
6625,-1.9742518750340847,0.7180196938669514
6626,-2.6245584217795668,0.7179837928822581
6627,-2.0252223644863614,0.717947893692614
6628,-4.244268726903138,0.7179119962979293
6629,-1.2204515302430332,0.7178761006981145
6630,-4.034711292944977,0.7178402068930796
6631,-4.378073592514223,0.717804314882735
6632,-2.310109070057498,0.7177684246669909
6633,-3.8130640767006545,0.7177325362457575
6634,-1.6983991185783842,0.7176966496189452
6635,-4.369065503595149,0.7176607647864642
6636,-3.6086823361618836,0.7176248817482249
6637,-2.091078059838724,0.7175890005041375
6638,-3.8745361101052294,0.7175531210541123
6639,-1.3924335655007352,0.7175172433980596
6640,-2.2411607095287196,0.7174813675358896
6641,-1.5072590225129598,0.7174454934675129
6642,-2.4607303554915525,0.7174096211928395
6643,-4.722230317771092,0.7173737507117798
6644,-3.121896611275222,0.7173378820242442
6645,-3.364013896394389,0.717302015130143
6646,-1.8064021806937673,0.7172661500293865
6647,-1.8897099368099035,0.717230286721885
6648,-1.8027954320650272,0.717194425207549
6649,-3.480302195625967,0.7171585654862885
6650,-4.5155804400799235,0.7171227075580142
6651,-2.326944760105727,0.7170868514226363
6652,-3.252784093096462,0.7170509970800651
6653,-4.059337110635366,0.7170151445302111
6654,-1.8515193222495439,0.7169792937729846
6655,-3.2201208360704063,0.716943444808296
6656,-2.0079552915474994,0.7169075976360556
6657,-3.5058585646165636,0.7168717522561738
6658,-4.231420889386328,0.7168359086685611
6659,-3.5752828794044156,0.7168000668731276
6660,-3.5642943336232067,0.7167642268697839
6661,-4.367872997267739,0.7167283886584405
6662,-3.661570533124195,0.7166925522390075
6663,-3.6635476514200875,0.7166567176113956
6664,-3.2764179563234976,0.716620884775515
6665,-3.5693542622195062,0.7165850537312762
6666,-4.336032737830058,0.7165492244785897
6667,-3.65232232277065,0.7165133970173658
6668,-4.490289481837548,0.716477571347515
6669,-3.7884363755779504,0.7164417474689476
6670,-1.8191489402966279,0.7164059253815742
6671,-1.7248831688682937,0.7163701050853052
6672,-4.1861547660752025,0.7163342865800509
6673,-4.0225866141029645,0.716298469865722
6674,-3.985957493757694,0.7162626549422287
6675,-4.149664778608625,0.7162268418094816
6676,-3.8256966914508004,0.7161910304673911
6677,-3.278289076326449,0.7161552209158677
6678,-3.795608427258892,0.7161194131548219
6679,-2.6697262559936825,0.7160836071841641
6680,-4.382993859631509,0.7160478030038049
6681,-2.8947002259956887,0.7160120006136547
6682,-3.4605396119663347,0.7159762000136239
6683,-1.7087373699494375,0.7159404012036232
6684,-1.1816435256294708,0.715904604183563
6685,-2.963222125200067,0.7158688089533539
6686,-4.557119276905853,0.7158330155129062
6687,-3.6142494566555525,0.7157972238621306
6688,-4.768984403011672,0.7157614340009375
6689,-3.2074641724947353,0.7157256459292375
6690,-2.4915354432852883,0.715689859646941
6691,-1.4943576602841058,0.7156540751539586
6692,-2.725191374349098,0.7156182924502009
6693,-4.307205251215811,0.7155825115355784
6694,-3.7988047686961695,0.7155467324100017
6695,-2.2430228022990697,0.7155109550733811
6696,-1.4838313127601923,0.7154751795256274
6697,-4.074668164780666,0.7154394057666512
6698,-1.880386508233209,0.7154036337963628
6699,-5.140216112775857,0.7153678636146731
6700,-4.337101620694071,0.7153320952214923
6701,-4.984778427629854,0.7152963286167312
6702,-4.731213729633846,0.7152605638003003
6703,-2.4655868653327158,0.7152248007721104
6704,-4.0637003665370095,0.7151890395320718
6705,-4.302674687379213,0.7151532800800952
6706,-4.757678584816087,0.7151175224160912
6707,-3.48119974680285,0.7150817665399704
6708,-5.4465024539875495,0.7150460124516433
6709,-4.857983537826012,0.7150102601510208
6710,-3.6610143752460447,0.7149745096380132
6711,-3.9466266599693696,0.7149387609125314
6712,-4.418568903084305,0.7149030139744857
6713,-4.752972999779001,0.714867268823787
6714,-3.296541678390197,0.7148315254603459
6715,-4.13687734609516,0.7147957838840728
6716,-4.906048998323864,0.7147600440948786
6717,-3.0163468013803434,0.7147243060926739
6718,-4.820038793040017,0.7146885698773693
6719,-3.9104221098704155,0.7146528354488754
6720,-2.0931394533662466,0.7146171028071029
6721,-2.0798710128041886,0.7145813719519626
6722,-1.4142400942504805,0.714545642883365
6723,-2.904364394498781,0.7145099156012208
6724,-3.9998128580519294,0.7144741901054408
6725,-1.5807752872937393,0.7144384663959356
6726,-1.2214382049372465,0.7144027444726158
6727,-4.21793749954679,0.7143670243353921
6728,-1.5020781532053624,0.7143313059841754
6729,-2.1106465062677646,0.7142955894188762
6730,-2.3913132929958305,0.7142598746394052
6731,-1.4387557017913926,0.7142241616456733
6732,-5.402614053659958,0.7141884504375909
6733,-3.430933016365581,0.7141527410150691
6734,-1.6024758094190152,0.7141170333780184
6735,-1.2815831602957777,0.7140813275263495
6736,-1.3585963811693027,0.7140456234599731
6737,-1.325537706367548,0.7140099211788001
6738,-3.2695467127426996,0.7139742206827412
6739,-3.8284746899873885,0.713938521971707
6740,-4.776363503320127,0.7139028250456084
6741,-3.8645664757009617,0.7138671299043562
6742,-4.46595957146449,0.713831436547861
6743,-3.9857059242026813,0.7137957449760336
6744,-2.4442296689781977,0.7137600551887848
6745,-1.53383346076044,0.7137243671860254
6746,-1.7942190272949938,0.7136886809676661
6747,-3.7974866843552855,0.7136529965336178
6748,-2.4462682010759047,0.7136173138837911
6749,-3.3473589601080302,0.713581633018097
6750,-3.1279735597492344,0.713545953936446
6751,-1.687417393566717,0.7135102766387492
6752,-3.5381109150031294,0.7134746011249173
6753,-2.64351401209247,0.7134389273948611
6754,-3.5875534044388595,0.7134032554484914
6755,-3.3798830951194327,0.713367585285719
6756,-3.2541329406511026,0.7133319169064547
6757,-2.1314572365705575,0.7132962503106094
6758,-4.123714897281139,0.7132605854980939
6759,-4.068045456277249,0.713224922468819
6760,-3.1952969119996566,0.7131892612226955
6761,-3.143424153342388,0.7131536017596344
6762,-3.3139402523709602,0.7131179440795464
6763,-2.323296837759913,0.7130822881823424
6764,-3.270253395795832,0.7130466340679333
6765,-3.08114496618865,0.7130109817362299
6766,-4.2409889627762976,0.7129753311871431
6767,-1.9918024145887228,0.7129396824205837
6768,-3.442370167937215,0.7129040354364626
6769,-3.5381067739451146,0.7128683902346908
6770,-4.330074231092533,0.7128327468151792
6771,-3.134363974598739,0.7127971051778385
6772,-2.25961153202348,0.7127614653225796
6773,-3.6572817057130678,0.7127258272493134
6774,-1.751145856871769,0.7126901909579509
6775,-2.673855894046546,0.712654556448403
6776,-3.588511352710255,0.7126189237205807
6777,-3.638721065026947,0.7125832927743947
6778,-3.753872011969081,0.712547663609756
6779,-2.001474541107111,0.7125120362265754
6780,-3.3251463400528607,0.7124764106247641
6781,-3.9729354697119934,0.7124407868042328
6782,-3.2825484881231626,0.7124051647648927
6783,-1.3905476491029363,0.7123695445066545
6784,-3.526590439528039,0.7123339260294291
6785,-3.6347165830469756,0.7122983093331277
6786,-3.5342632505246345,0.712262694417661
6787,-1.90258072283955,0.7122270812829401
6788,-4.696517927737232,0.7121914699288759
6789,-1.1608037693912028,0.7121558603553795
6790,-2.093514763252088,0.7121202525623617
6791,-5.207791543367723,0.7120846465497336
6792,-3.310733953150707,0.7120490423174061
6793,-4.000965962180416,0.7120134398652902
6794,-3.300988328158529,0.7119778391932969
6795,-4.354755733482228,0.7119422403013372
6796,-4.856021888429762,0.7119066431893222
6797,-3.2459306200498794,0.7118710478571627
6798,-4.770893691190249,0.7118354543047698
6799,-1.1503289674301365,0.7117998625320545
6800,-5.075272585688657,0.7117642725389279
6801,-4.598886483944954,0.711728684325301
6802,-4.019278872743521,0.7116930978910847
6803,-4.5806337746697885,0.7116575132361902
6804,-4.436413686898199,0.7116219303605283
6805,-4.632668006514326,0.7115863492640103
6806,-2.6864820500864286,0.7115507699465471
6807,-4.65771377213989,0.7115151924080497
6808,-4.734421146126175,0.7114796166484293
6809,-3.705680037189258,0.7114440426675969
6810,-3.9626979763226116,0.7114084704654635
6811,-4.500797545813905,0.7113729000419402
6812,-4.269122117213073,0.7113373313969381
6813,-4.143488568929361,0.7113017645303683
6814,-4.1292739495518225,0.7112661994421418
6815,-2.349229234586467,0.7112306361321696
6816,-1.4193870414219731,0.711195074600363
6817,-1.3537925317891382,0.711159514846633
6818,-3.529724990444901,0.7111239568708907
6819,-3.9195530249488786,0.7110884006730471
6820,-3.181752934347564,0.7110528462530135
6821,-3.4832183002412127,0.7110172936107008
6822,-3.085052051834963,0.7109817427460202
6823,-4.172571342808274,0.7109461936588829
6824,-2.690371747051473,0.7109106463492
6825,-2.9351631071741617,0.7108751008168825
6826,-3.5904712581070726,0.7108395570618417
6827,-1.209366884661339,0.7108040150839886
6828,-1.4035615495603904,0.7107684748832344
6829,-1.3418368651279966,0.7107329364594902
6830,-1.6637098648049151,0.7106973998126672
6831,-4.428717666848145,0.7106618649426766
6832,-1.6538048168031283,0.7106263318494295
6833,-3.456650522144251,0.710590800532837
6834,-3.556188825460963,0.7105552709928104
6835,-4.819580186804862,0.7105197432292607
6836,-3.751833532673683,0.7104842172420992
6837,-3.8021083065923036,0.7104486930312371
6838,-1.0279614418229928,0.7104131705965856
6839,-2.8217860691059,0.7103776499380557
6840,-2.84287093857143,0.7103421310555589
6841,-1.5541078268789827,0.7103066139490061
6842,-2.589852602606857,0.7102710986183086
6843,-2.814051657927558,0.7102355850633777
6844,-3.9675590324202177,0.7102000732841245
6845,-2.990286384274234,0.7101645632804603
6846,-2.534023467485792,0.7101290550522963
6847,-3.8484892875525176,0.7100935485995437
6848,-3.569409886374517,0.7100580439221137
6849,-3.5526179572599155,0.7100225410199176
6850,-3.2733440225444124,0.7099870398928666
6851,-4.277257933811597,0.709951540540872
6852,-1.962722661430588,0.7099160429638449
6853,-4.582951415307245,0.7098805471616967
6854,-2.038496899644924,0.7098450531343387
6855,-4.674686618272888,0.7098095608816819
6856,-3.9424970430721595,0.7097740704036378
6857,-4.020154425677618,0.7097385817001176
6858,-3.689770745566813,0.7097030947710327
6859,-3.1332511411660593,0.7096676096162942
6860,-5.238872528434096,0.7096321262358134
6861,-4.847560095116104,0.7095966446295016
6862,-3.62790977915487,0.70956116479727
6863,-1.7887689065813706,0.7095256867390302
6864,-4.658209452653347,0.7094902104546932
6865,-3.743706006808795,0.7094547359441704
6866,-3.8469437862833846,0.7094192632073733
6867,-4.480458538610128,0.7093837922442129
6868,-4.416630016349172,0.7093483230546007
6869,-2.9354727950496775,0.709312855638448
6870,-4.007556357028074,0.7092773899956661
6871,-4.81605728996291,0.7092419261261663
6872,-4.12100361818325,0.70920646402986
6873,-3.3855040583921925,0.7091710037066585
6874,-5.167865978138982,0.7091355451564733
6875,-3.94958068437123,0.7091000883792155
6876,-5.568056216808829,0.7090646333747965
6877,-4.337115301452873,0.7090291801431278
6878,-3.600563744918784,0.7089937286841206
6879,-3.426227445640847,0.7089582789976864
6880,-4.845179685478556,0.7089228310837365
6881,-4.505414769494141,0.7088873849421824
6882,-2.1630986558518,0.7088519405729353
6883,-2.8971170768894186,0.7088164979759067
6884,-4.424970149394928,0.7087810571510079
6885,-4.340158492539063,0.7087456180981504
6886,-3.8499345123167554,0.7087101808172455
6887,-4.43141870560197,0.7086747453082046
6888,-5.169576530880136,0.7086393115709392
6889,-2.984823503462458,0.7086038796053606
6890,-3.9996500296852613,0.7085684494113804
6891,-2.7770790665566243,0.7085330209889098
6892,-2.0190882091732356,0.7084975943378604
6893,-4.804204836542981,0.7084621694581436
6894,-4.6971182635117845,0.7084267463496706
6895,-4.275314296768365,0.7083913250123531
6896,-4.035121031757313,0.7083559054461025
6897,-3.7508490576025997,0.7083204876508302
6898,-4.637040722408653,0.7082850716264477
6899,-2.8299691800333546,0.7082496573728664
6900,-3.6967796401602113,0.7082142448899977
6901,-5.278116224991777,0.7081788341777533
6902,-4.667326604203235,0.7081434252360445
6903,-3.110841530417236,0.7081080180647826
6904,-4.773833466254112,0.7080726126638794
6905,-2.892919293721465,0.7080372090332463
6906,-4.684979880988996,0.7080018071727946
6907,-4.004028444237553,0.707966407082436
6908,-3.873269953588269,0.7079310087620818
6909,-4.420522232438207,0.7078956122116438
6910,-5.066465679372207,0.7078602174310332
6911,-3.6387387083516014,0.7078248244201617
6912,-4.322126512992832,0.7077894331789407
6913,-2.251068469716708,0.7077540437072818
6914,-3.5364854306286984,0.7077186560050964
6915,-2.2660580119750544,0.7076832700722961
6916,-3.730978023397979,0.7076478859087926
6917,-3.1737775758846993,0.7076125035144971
6918,-4.7631042722609,0.7075771228893214
6919,-1.8563189489836665,0.7075417440331769
6920,-1.540706570961845,0.7075063669459752
6921,-1.7237830543244188,0.7074709916276279
6922,-2.1519856982624903,0.7074356180780466
6923,-3.7927722920056164,0.7074002462971427
6924,-4.197705918958649,0.7073648762848278
6925,-3.6986136008155936,0.7073295080410136
6926,-2.161498713718874,0.7072941415656115
6927,-3.5208706477345797,0.7072587768585332
6928,-3.9902913057608345,0.7072234139196903
6929,-4.1650078369124754,0.7071880527489943
6930,-3.4211803886739487,0.7071526933463569
6931,-3.793962507749264,0.7071173357116896
6932,-1.8757106811589277,0.707081979844904
6933,-3.207597563089421,0.7070466257459117
6934,-3.6634534335445146,0.7070112734146244
6935,-3.814176064386858,0.7069759228509537
6936,-1.0458387729974112,0.7069405740548111
6937,-3.2660177142415554,0.7069052270261084
6938,-2.3720637296309945,0.7068698817647571
6939,-0.792982391763236,0.7068345382706689
6940,-3.9965003828744514,0.7067991965437553
6941,-3.687793223716119,0.7067638565839282
6942,-1.1828578158217522,0.706728518391099
6943,-4.938350192183766,0.7066931819651794
6944,-4.497077080353765,0.7066578473060812
6945,-4.289700820081764,0.7066225144137158
6946,-2.45089257022065,0.7065871832879952
6947,-3.9570820268080387,0.7065518539288308
6948,-3.7510977640446157,0.7065165263361344
6949,-3.425476602256073,0.7064812005098176
6950,-3.533012193532968,0.7064458764497921
6951,-4.913457242007804,0.7064105541559695
6952,-2.2773657613377427,0.7063752336282617
6953,-5.094435704738212,0.7063399148665803
6954,-3.285067716742304,0.706304597870837
6955,-4.383980066797785,0.7062692826409435
6956,-5.003317710826339,0.7062339691768115
6957,-3.2920137420979465,0.7061986574783526
6958,-3.0705000268760063,0.7061633475454787
6959,-4.771370133864359,0.7061280393781014
6960,-3.5793275150561996,0.7060927329761325
6961,-3.4646799647527846,0.7060574283394837
6962,-4.768543899307616,0.7060221254680668
6963,-4.974084644204267,0.7059868243617934
6964,-3.8583402679151306,0.7059515250205753
6965,-3.2815255533106353,0.7059162274443244
6966,-4.714993391892223,0.7058809316329522
6967,-4.777556454682925,0.7058456375863705
6968,-4.113741756007092,0.7058103453044913
6969,-5.301829259040238,0.705775054787226
6970,-4.221423997038306,0.7057397660344866
6971,-2.3677261365842606,0.7057044790461849
6972,-3.939114308847287,0.7056691938222326
6973,-3.818204525238193,0.7056339103625415
6974,-4.03670740753235,0.7055986286670234
6975,-2.859595410506966,0.70556334873559
6976,-3.4362678690266417,0.7055280705681533
6977,-4.950186219074529,0.7054927941646248
6978,-5.203216430115298,0.7054575195249166
6979,-4.618005509182682,0.7054222466489404
6980,-2.0541562399293314,0.7053869755366079
6981,-4.018584807734914,0.705351706187831
6982,-5.385436825478095,0.7053164386025217
6983,-3.656790879265233,0.7052811727805915
6984,-3.3399810603074105,0.7052459087219525
6985,-2.3991903335120277,0.7052106464265164
6986,-3.04070711868541,0.7051753858941952
6987,-4.637743699765318,0.7051401271249005
6988,-3.23413097630839,0.7051048701185443
6989,-4.295691715005889,0.7050696148750384
6990,-4.427066365426965,0.7050343613942947
6991,-4.730581099221721,0.7049991096762249
6992,-5.1752870115698375,0.7049638597207412
6993,-3.592988222138584,0.7049286115277551
6994,-4.543079940190516,0.7048933650971787
6995,-3.167426616259136,0.7048581204289238
6996,-4.851461670635311,0.7048228775229024
6997,-4.081070528876845,0.7047876363790263
6998,-3.6207139090014198,0.7047523969972074
6999,-5.7110881847827475,0.7047171593773576
7000,-4.572282858407515,0.7046819235193887
7001,-4.146344557918204,0.7046466894232127
7002,-3.7900063478982853,0.7046114570887416
7003,-4.618810383709162,0.7045762265158871
7004,-4.025372508308403,0.7045409977045614
7005,-3.4548492100130272,0.7045057706546761
7006,-3.27613932704151,0.7044705453661434
7007,-4.036691240927434,0.7044353218388751
7008,-4.413781108324588,0.7044001000727832
7009,-4.12724760779958,0.7043648800677795
7010,-5.6023832589253395,0.7043296618237761
7011,-0.9569342027998232,0.7042944453406849
7012,-3.838559177824375,0.7042592306184178
7013,-1.173711744050737,0.7042240176568869
7014,-3.7709376396257506,0.7041888064560041
7015,-1.4365761962397356,0.7041535970156814
7016,-2.175134736117048,0.7041183893358306
7017,-3.9225952336857075,0.7040831834163638
7018,-2.427723339664475,0.704047979257193
7019,-4.567744360634578,0.7040127768582302
7020,-3.6064607798412736,0.7039775762193873
7021,-3.001485893928267,0.7039423773405763
7022,-3.0072660342102946,0.7039071802217093
7023,-1.486787380157531,0.7038719848626982
7024,-2.875136020792169,0.7038367912634551
7025,-3.740735969971046,0.703801599423892
7026,-3.103573185796325,0.7037664093439208
7027,-3.1280957319696907,0.7037312210234535
7028,-4.31506936117928,0.7036960344624024
7029,-1.0003679818988789,0.7036608496606792
7030,-2.6519085218830654,0.7036256666181961
7031,-3.8583235939395317,0.7035904853348652
7032,-3.2665193763619094,0.7035553058105984
7033,-1.582727315399012,0.703520128045308
7034,-3.3956227257724128,0.7034849520389057
7035,-2.0128539393561127,0.7034497777913038
7036,-2.9863020432344625,0.7034146053024143
7037,-2.197246157016722,0.7033794345721491
7038,-3.3476303978694584,0.7033442656004205
7039,-3.351484532375272,0.7033090983871405
7040,-4.209837538506365,0.7032739329322212
7041,-3.7282783188394495,0.7032387692355746
7042,-1.4309935016313313,0.7032036072971128
7043,-4.683897323418231,0.703168447116748
7044,-3.3725072604275796,0.7031332886943922
7045,-4.0552587967573706,0.7030981320299574
7046,-3.1712514485471175,0.703062977123356
7047,-4.11329284018821,0.7030278239744998
7048,-1.4943285017302066,0.7029926725833011
7049,-1.8284798722572209,0.702957522949672
7050,-1.2056898498284587,0.7029223750735245
7051,-4.683014550064414,0.7028872289547708
7052,-3.02531868182652,0.7028520845933232
7053,-5.0200351314325795,0.7028169419890935
7054,-3.820574950157879,0.7027818011419941
7055,-4.816515004973014,0.7027466620519369
7056,-5.540116640811896,0.7027115247188344
7057,-4.368904206722044,0.7026763891425984
7058,-5.13429859809521,0.7026412553231414
7059,-1.2542409211592869,0.7026061232603752
7060,-3.7730023681006584,0.7025709929542122
7061,-4.222697872543637,0.7025358644045645
7062,-4.795915716245996,0.7025007376113442
7063,-4.45441750110169,0.7024656125744637
7064,-4.474046162826832,0.702430489293835
7065,-4.346649719881237,0.7023953677693703
7066,-4.706921507611639,0.7023602480009818
7067,-2.3286520233436865,0.7023251299885818
7068,-2.4300224318380064,0.7022900137320823
7069,-3.2272953339410044,0.7022548992313957
7070,-2.1407588637324624,0.7022197864864341
7071,-4.274035801203251,0.7021846754971098
7072,-1.2608406279147841,0.702149566263335
7073,-4.386536391586732,0.7021144587850219
7074,-5.699425279396316,0.7020793530620826
7075,-4.534142183529259,0.7020442490944295
7076,-4.910079526162907,0.7020091468819748
7077,-5.22421769201858,0.7019740464246307
7078,-3.9022858445192248,0.7019389477223095
7079,-4.669583961234463,0.7019038507749233
7080,-4.438061892446823,0.7018687555823846
7081,-3.452825612550024,0.7018336621446055
7082,-2.103272961906358,0.7017985704614983
7083,-5.488578069632343,0.7017634805329752
7084,-4.428847995344686,0.7017283923589486
7085,-3.8142725569732447,0.7016933059393307
7086,-3.1580098869971676,0.7016582212740337
7087,-2.4291324168338693,0.70162313836297
7088,-4.337611055101659,0.7015880572060518
7089,-4.07948914689886,0.7015529778031915
7090,-4.2029394141540966,0.7015179001543014
7091,-4.79451246935876,0.7014828242592936
7092,-3.779057720299167,0.7014477501180807
7093,-3.3578982414305294,0.7014126777305748
7094,-4.008397369285793,0.7013776070966883
7095,-3.451538038503431,0.7013425382163334
7096,-5.698827425330849,0.7013074710894226
7097,-3.107655031251356,0.7012724057158681
7098,-1.59963370845999,0.7012373420955823
7099,-4.486660242461372,0.7012022802284775
7100,-3.739525324582406,0.7011672201144661
7101,-4.274191116299588,0.7011321617534604
7102,-5.264637637977849,0.7010971051453727
7103,-4.328980894743694,0.7010620502901155
7104,-4.49328664271931,0.701026997187601
7105,-4.123459193780509,0.7009919458377416
7106,-4.708168798800397,0.7009568962404498
7107,-3.79574306558002,0.7009218483956378
7108,-4.5248273095579625,0.700886802303218
7109,-5.184094944896797,0.7008517579631028
7110,-2.7072370070929095,0.7008167153752047
7111,-3.250611889687626,0.700781674539436
7112,-1.7796896071223784,0.700746635455709
7113,-4.0332782868894705,0.7007115981239362
7114,-5.151377224605618,0.7006765625440301
7115,-3.9668275448823973,0.7006415287159029
7116,-1.8315903313946187,0.7006064966394672
7117,-1.4305008596894346,0.7005714663146352
7118,-1.6745988161138285,0.7005364377413195
7119,-2.1339132486513073,0.7005014109194324
7120,-3.323894978050965,0.7004663858488864
7121,-2.6888952445377887,0.700431362529594
7122,-3.219553836252741,0.7003963409614675
7123,-2.1571281702705436,0.7003613211444194
7124,-4.1372978020374305,0.7003263030783622
7125,-1.6279981059205633,0.7002912867632083
7126,-3.813978583962575,0.7002562721988701
7127,-1.6421473090079854,0.7002212593852601
7128,-3.949102383106291,0.7001862483222909
7129,-2.8589090887817683,0.7001512390098749
7130,-2.840473994567212,0.7001162314479243
7131,-3.444129566826308,0.700081225636352
7132,-3.5396858128326434,0.7000462215750702
7133,-1.0458387729974112,0.7000112192639915
7134,-3.892942164110109,0.6999762187030283
7135,-4.4809393760661305,0.6999412198920931
7136,-2.2428244002443734,0.6999062228310985
7137,-1.1607829452087075,0.6998712275199569
7138,-1.4248369076981615,0.6998362339585809
7139,-1.984079025834911,0.6998012421468829
7140,-5.6862973952491425,0.6997662520847755
7141,-4.226782552024669,0.6997312637721712
7142,-2.8728172380167054,0.6996962772089826
7143,-1.204319185488901,0.6996612923951222
7144,-4.634767925769632,0.6996263093305024
7145,-5.450792638435852,0.6995913280150359
7146,-4.4544462709312995,0.6995563484486351
7147,-5.3222178298754415,0.6995213706312127
7148,-2.2155091206997666,0.6994863945626811
7149,-2.1123427392318193,0.699451420242953
7150,-4.542328026156454,0.6994164476719409
7151,-4.189686938272123,0.6993814768495573
7152,-1.3237703147927318,0.6993465077757148
7153,-3.4634251063812007,0.6993115404503261
7154,-4.2638645593521725,0.6992765748733035
7155,-4.769846432084117,0.6992416110445598
7156,-3.262913565525591,0.6992066489640076
7157,-4.796783961513617,0.6991716886315594
7158,-3.5988927097657895,0.6991367300471278
7159,-4.612463559599307,0.6991017732106255
7160,-5.130762292984647,0.6990668181219649
7161,-4.044861513979489,0.6990318647810588
7162,-1.623998349759482,0.6989969131878198
7163,-3.7086089432016722,0.6989619633421603
7164,-3.317869019530211,0.6989270152439933
7165,-3.595815993726533,0.6988920688932311
7166,-2.3622323264418306,0.6988571242897864
7167,-4.269546441002059,0.6988221814335719
7168,-4.327738599603517,0.6987872403245002
7169,-5.076881819415133,0.698752300962484
7170,-4.139097012654048,0.6987173633474358
7171,-3.964847275601637,0.6986824274792685
7172,-5.502487884541429,0.6986474933578944
7173,-5.069860709871527,0.6986125609832265
7174,-3.6304180136401993,0.6985776303551774
7175,-3.106648955557488,0.6985427014736596
7176,-4.585451712862861,0.6985077743385859
7177,-4.330413297661722,0.6984728489498689
7178,-4.487074517775358,0.6984379253074214
7179,-2.985347276151054,0.698403003411156
7180,-6.663842913913962,0.6983680832609854
7181,-4.827963263887053,0.6983331648568224
7182,-3.5106284616132717,0.6982982481985796
7183,-1.886519716417117,0.6982633332861696
7184,-4.317564482620867,0.6982284201195054
7185,-3.7711327068997655,0.6981935086984994
7186,-3.6499607892302177,0.6981585990230644
7187,-4.945905433560448,0.6981236910931132
7188,-4.956246468159797,0.6980887849085585
7189,-4.268966855025788,0.698053880469313
7190,-3.6821639832272584,0.6980189777752895
7191,-4.060887891067975,0.6979840768264007
7192,-3.9671325409264804,0.6979491776225594
7193,-4.596267540682398,0.6979142801636783
7194,-4.406473154276682,0.6978793844496701
7195,-3.0337497675784393,0.6978444904804476
7196,-5.24272135377101,0.6978095982559236
7197,-4.3381966890870105,0.6977747077760108
7198,-3.9209026311120385,0.697739819040622
7199,-5.946168502358196,0.69770493204967
7200,-3.9004139965773312,0.6976700468030675
7201,-3.687407591049129,0.6976351633007274
7202,-3.7405165717341538,0.6976002815425624
7203,-4.3406321931488066,0.6975654015284852
7204,-6.1137626561992064,0.6975305232584088
7205,-2.971898367999307,0.6974956467322458
7206,-4.581768531486098,0.6974607719499092
7207,-5.473833166856453,0.6974258989113117
7208,-1.8411769915452416,0.6973910276163661
7209,-2.5690811324449414,0.6973561580649853
7210,-1.852697049899064,0.697321290257082
7211,-4.108368619979189,0.6972864241925691
7212,-2.129716757617703,0.6972515598713596
7213,-1.2606100545880634,0.697216697293366
7214,-1.306964897578908,0.6971818364585013
7215,-3.0342500372105485,0.6971469773666784
7216,-1.7877141191404946,0.6971121200178101
7217,-1.3657223427995318,0.6970772644118092
7218,-3.3790465930582343,0.6970424105485886
7219,-4.131742893199992,0.6970075584280612
7220,-2.292214141076141,0.6969727080501398
7221,-3.658979395359811,0.6969378594147373
7222,-2.346008007917362,0.6969030125217666
7223,-2.2895309641262265,0.6968681673711404
7224,-3.531848347042163,0.6968333239627719
7225,-2.7494181003123437,0.6967984822965737
7226,-3.127100799844479,0.6967636423724589
7227,-2.604796437526242,0.6967288041903403
7228,-1.7827702080821035,0.6966939677501308
7229,-3.542724170202903,0.6966591330517433
7230,-3.395637824008465,0.6966243000950907
7231,-2.1103444391211235,0.6965894688800859
7232,-3.319869603548022,0.6965546394066419
7233,-4.132781485805538,0.6965198116746716
7234,-1.602177618757594,0.6964849856840879
7235,-2.2401103222547856,0.6964501614348036
7236,-3.4813344985887955,0.6964153389267319
7237,-2.2814699358045742,0.6963805181597855
7238,-2.1827780489419553,0.6963456991338776
7239,-4.411977634646186,0.6963108818489209
7240,-3.3269391681443814,0.6962760663048284
7241,-3.4254112675733364,0.6962412525015131
7242,-3.8670473057522825,0.696206440438888
7243,-3.8881925494767904,0.6961716301168661
7244,-1.6107104354119657,0.6961368215353603
7245,-4.678677129898001,0.6961020146942835
7246,-3.5602674660935314,0.6960672095935487
7247,-4.004481220879273,0.6960324062330691
7248,-3.279869927661281,0.6959976046127574
7249,-3.519120162054638,0.6959628047325268
7250,-4.475018317992303,0.6959280065922901
7251,-3.393828118711811,0.6958932101919605
7252,-4.4058259132594895,0.6958584155314509
7253,-3.462850560721945,0.6958236226106743
7254,-3.9606680438907875,0.6957888314295438
7255,-3.0371038340537924,0.6957540419879724
7256,-3.783253281005208,0.695719254285873
7257,-3.9394341322181536,0.6956844683231587
7258,-3.4708946339529856,0.6956496840997425
7259,-4.1312850735272955,0.6956149016155375
7260,-4.387025998553581,0.6955801208704567
7261,-3.5323783683527443,0.6955453418644132
7262,-4.024889828067758,0.69551056459732
7263,-4.303254118659177,0.6954757890690901
7264,-4.681735811025979,0.6954410152796366
7265,-3.6448261118877108,0.6954062432288727
7266,-3.9722266928253602,0.6953714729167112
7267,-4.023083122741643,0.6953367043430654
7268,-3.5909493080221444,0.6953019375078482
7269,-4.425196116434032,0.6952671724109728
7270,-2.702127317794095,0.6952324090523523
7271,-4.647104534031445,0.6951976474318997
7272,-1.538408141010192,0.6951628875495282
7273,-4.487389726267688,0.6951281294051507
7274,-3.7181572434891352,0.6950933729986805
7275,-3.3670499283362796,0.6950586183300306
7276,-1.4982860027683387,0.6950238653991141
7277,-3.8039432887366194,0.6949891142058442
7278,-2.2855153072069037,0.694954364750134
7279,-4.732409444982149,0.6949196170318964
7280,-5.115312841773881,0.6948848710510448
7281,-2.3453630291938143,0.6948501268074923
7282,-3.559790603676089,0.6948153843011519
7283,-3.5858357110867205,0.6947806435319368
7284,-4.221606915514732,0.6947459044997603
7285,-3.7049994307362306,0.6947111672045353
7286,-4.0166864119774885,0.6946764316461751
7287,-4.99666521182589,0.6946416978245928
7288,-5.3428509302755085,0.6946069657397016
7289,-5.214153144098065,0.6945722353914147
7290,-4.349720923454628,0.6945375067796451
7291,-4.580205315375207,0.6945027799043061
7292,-3.7843404198582014,0.6944680547653109
7293,-4.513838406405363,0.6944333313625727
7294,-4.5715385437574465,0.6943986096960045
7295,-4.170214254963099,0.6943638897655198
7296,-3.9025954921589294,0.6943291715710315
7297,-4.9495157196225605,0.6942944551124529
7298,-1.750697650659845,0.6942597403896973
7299,-2.622777510458381,0.6942250274026778
7300,-2.485429303094543,0.6941903161513077
7301,-4.379739759020884,0.6941556066355001
7302,-5.34876458599368,0.6941208988551684
7303,-5.469863554826992,0.6940861928102257
7304,-3.5692173568775942,0.6940514885005852
7305,-4.926444697102306,0.6940167859261601
7306,-2.8524213893628314,0.6939820850868638
7307,-4.638345917838816,0.6939473859826094
7308,-1.8449018954021021,0.6939126886133102
7309,-2.956081643022011,0.6938779929788795
7310,-2.005696837231789,0.6938432990792306
7311,-5.0310188354260035,0.6938086069142766
7312,-1.566988711987324,0.6937739164839308
7313,-1.795466236386628,0.6937392277881066
7314,-3.0375718019260516,0.6937045408267172
7315,-1.524548220762503,0.6936698555996759
7316,-3.9857709792551983,0.6936351721068958
7317,-3.7798611237580926,0.6936004903482905
7318,-1.3358298972104092,0.6935658103237731
7319,-1.4010526721464085,0.6935311320332569
7320,-1.4521836641946042,0.6934964554766553
7321,-3.4931297740012965,0.6934617806538814
7322,-2.642561496943335,0.6934271075648487
7323,-2.8986852688863847,0.6933924362094704
7324,-4.754478416106439,0.69335776658766
7325,-3.454628378813718,0.6933230986993306
7326,-2.68688604988238,0.6932884325443956
7327,-2.0728992076179065,0.6932537681227684
7328,-4.0507142246887735,0.6932191054343623
7329,-2.2421178119927223,0.6931844444790906
7330,-3.857853187802576,0.6931497852568667
7331,-3.412384937401897,0.6931151277676039
7332,-1.6608709087833218,0.6930804720112155
7333,-3.3865189212614775,0.6930458179876149
7334,-3.4117256889864267,0.6930111656967155
7335,-1.6578171670182646,0.6929765151384307
7336,-3.2671690485554974,0.6929418663126738
7337,-5.2898159795400606,0.6929072192193583
7338,-3.542421128125666,0.6928725738583973
7339,-3.293280091681309,0.6928379302297044
7340,-4.070622658296892,0.6928032883331929
7341,-3.6318349335763602,0.6927686481687763
7342,-4.915872980949656,0.6927340097363678
7343,-4.193478651433658,0.6926993730358809
7344,-4.11828567709853,0.6926647380672292
7345,-4.253476779209549,0.6926301048303258
7346,-3.1081011155039446,0.6925954733250843
7347,-2.3523016020983576,0.6925608435514181
7348,-1.387812396915857,0.6925262155092405
7349,-3.1796270737227887,0.6924915891984651
7350,-3.8407300771547557,0.6924569646190052
7351,-2.396225584322462,0.6924223417707742
7352,-3.946628401220729,0.6923877206536857
7353,-1.9005731887994894,0.692353101267653
7354,-4.242023220401457,0.6923184836125896
7355,-4.2386991831983325,0.692283867688409
7356,-2.443569173662938,0.6922492534950245
7357,-1.6125499805823744,0.6922146410323498
7358,-4.369595005872549,0.6921800303002982
7359,-4.246890281730176,0.6921454212987832
7360,-3.694137960519926,0.6921108140277182
7361,-3.2329952089648186,0.6920762084870169
7362,-3.46797546122113,0.6920416046765926
7363,-3.9116500646926555,0.6920070025963587
7364,-4.084001764751984,0.6919724022462289
7365,-4.2673132303454135,0.6919378036261166
7366,-3.3241867998589427,0.6919032067359353
7367,-2.7106757360090894,0.6918686115755985
7368,-5.244733515342595,0.6918340181450198
7369,-4.27678698689237,0.6917994264441125
7370,-3.5921118853452727,0.6917648364727903
7371,-2.0240757828187292,0.6917302482309666
7372,-1.1279631244825281,0.6916956617185551
7373,-1.7067170864287116,0.6916610769354692
7374,-4.392338981953999,0.6916264938816225
7375,-4.252998081821136,0.6915919125569284
7376,-3.553727367082752,0.6915573329613006
7377,-3.673637936145565,0.6915227550946526
7378,-1.405867191653308,0.6914881789568978
7379,-3.327725661110101,0.69145360454795
7380,-4.4057866716087695,0.6914190318677226
7381,-3.308990150931642,0.6913844609161292
7382,-4.830916401094197,0.6913498916930834
7383,-3.8057695107802667,0.6913153241984987
7384,-4.176093922930809,0.6912807584322888
7385,-5.11535460236699,0.6912461943943672
7386,-3.1391445381351577,0.6912116320846474
7387,-1.8166041703306943,0.6911770715030432
7388,-4.811297490400895,0.691142512649468
7389,-3.735037982351198,0.6911079555238355
7390,-2.725386598381346,0.6910734001260593
7391,-3.90552239939234,0.6910388464560531
7392,-3.7174784927073175,0.6910042945137302
7393,-4.069327060364689,0.6909697442990046
7394,-3.052326948030484,0.6909351958117896
7395,-4.801043968088707,0.6909006490519991
7396,-5.1194035444839745,0.6908661040195465
7397,-5.39968256343464,0.6908315607143456
7398,-2.732322175574758,0.6907970191363099
7399,-5.724866282161095,0.6907624792853531
7400,-1.6779811547018402,0.6907279411613888
7401,-2.808096936166616,0.6906934047643307
7402,-4.042392292769629,0.6906588700940925
7403,-3.8276980550978092,0.6906243371505878
7404,-3.525823126052083,0.6905898059337303
7405,-4.937773380330091,0.6905552764434336
7406,-3.6291090055079893,0.6905207486796114
7407,-3.70115977830893,0.6904862226421775
7408,-3.312700926534072,0.6904516983310454
7409,-3.4913827079880386,0.6904171757461288
7410,-3.8882470387822656,0.6903826548873415
7411,-2.9838066800657104,0.6903481357545972
7412,-2.542142868902099,0.6903136183478095
7413,-2.4711349710249446,0.6902791026668921
7414,-1.4096023022876576,0.6902445887117588
7415,-4.586068579399037,0.6902100764823231
7416,-4.3987442732313085,0.690175565978499
7417,-2.8431847969996293,0.6901410572002001
7418,-3.803071576699572,0.6901065501473401
7419,-3.0977675891616765,0.6900720448198328
7420,-2.833783679216165,0.6900375412175918
7421,-4.172279830923017,0.6900030393405309
7422,-3.0256219400470212,0.6899685391885638
7423,-3.6348112846971565,0.6899340407616044
7424,-2.723625057160667,0.6898995440595663
7425,-5.240019151048431,0.6898650490823633
7426,-3.891907949243187,0.6898305558299093
7427,-3.3604234028267683,0.6897960643021178
7428,-2.7730644234464172,0.6897615744989027
7429,-1.6502560058887104,0.6897270864201778
7430,-2.762315810429949,0.6896926000658568
7431,-2.3032053360851776,0.6896581154358534
7432,-3.2721468670500133,0.6896236325300816
7433,-2.262286133187163,0.6895891513484551
7434,-1.434243163095105,0.6895546718908877
7435,-2.738075059277012,0.6895201941572932
7436,-3.0075997324845813,0.6894857181475853
7437,-1.9056630521897202,0.6894512438616779
7438,-2.563685034794784,0.6894167712994848
7439,-2.100154370430776,0.6893823004609198
7440,-3.2390084486434043,0.6893478313458967
7441,-5.343344571988979,0.6893133639543294
7442,-2.6266696120473227,0.6892788982861316
7443,-3.1998058805898477,0.6892444343412173
7444,-3.437483211814497,0.6892099721195002
7445,-1.9936131596493938,0.6891755116208942
7446,-5.144002612020195,0.6891410528453131
7447,-4.418118304607144,0.6891065957926709
7448,-2.026710072230901,0.6890721404628812
7449,-4.108910087705182,0.6890376868558581
7450,-1.8548403976723304,0.6890032349715153
7451,-5.115747232072254,0.6889687848097668
7452,-4.855416606608905,0.6889343363705263
7453,-1.6203136679935346,0.6888998896537077
7454,-1.3838208413239865,0.6888654446592251
7455,-3.8952678623990367,0.688831001386992
7456,-3.779353979087998,0.6887965598369227
7457,-1.7797648534698132,0.6887621200089308
7458,-3.7609309424988724,0.6887276819029303
7459,-3.8302919536916544,0.6886932455188352
7460,-4.2443181510872545,0.6886588108565592
7461,-2.930019170636765,0.6886243779160164
7462,-5.050095370429085,0.6885899466971206
7463,-5.099599921245254,0.6885555171997857
7464,-4.947307091105175,0.6885210894239258
7465,-3.055442439653733,0.6884866633694545
7466,-4.463739234677259,0.688452239036286
7467,-6.0742712581355836,0.6884178164243342
7468,-3.6398473687217336,0.688383395533513
7469,-3.7528413048168576,0.6883489763637364
7470,-3.6284224496779798,0.6883145589149182
7471,-5.158609719169993,0.6882801431869725
7472,-4.871810023806796,0.6882457291798132
7473,-2.9077341128163665,0.6882113168933542
7474,-5.168062474618512,0.6881769063275096
7475,-3.823995171605735,0.6881424974821932
7476,-3.0404419614074643,0.6881080903573191
7477,-4.954299923837143,0.6880736849528013
7478,-5.182634336023585,0.6880392812685536
7479,-5.408684637000077,0.6880048793044902
7480,-4.38495851649164,0.687970479060525
7481,-3.337899896801484,0.687936080536572
7482,-5.275886715436513,0.6879016837325451
7483,-2.894255257593444,0.6878672886483584
7484,-2.312294210155854,0.687832895283926
7485,-2.377354942373408,0.6877985036391618
7486,-4.483089704319333,0.6877641137139799
7487,-2.6842065666692734,0.6877297255082943
7488,-3.8568424737119926,0.6876953390220188
7489,-4.485865090327978,0.6876609542550678
7490,-3.672214038923201,0.687626571207355
7491,-3.061629926927548,0.6875921898787947
7492,-3.6370801624171776,0.6875578102693007
7493,-4.490660316280577,0.6875234323787873
7494,-4.060513155583498,0.6874890562071684
7495,-3.7015999485124174,0.687454681754358
7496,-4.210118343096466,0.6874203090202703
7497,-3.898934090685128,0.6873859380048193
7498,-5.417656994043304,0.687351568707919
7499,-3.880613642936659,0.6873172011294836
7500,-2.1537563525010226,0.6872828352694271
7501,-1.9892332738712335,0.6872484711276636
7502,-1.8630386292126566,0.6872141087041073
7503,-3.9160524261555474,0.6871797479986721
7504,-5.669442189260265,0.6871453890112722
7505,-3.7936341156395295,0.6871110317418216
7506,-3.8207138536715437,0.6870766761902346
7507,-1.4533080981937003,0.6870423223564252
7508,-5.333399128452603,0.6870079702403074
7509,-2.1204569366568586,0.6869736198417954
7510,-3.6082744714169985,0.6869392711608033
7511,-3.9093063541778275,0.6869049241972452
7512,-3.990548409457982,0.6868705789510354
7513,-4.287376312750882,0.6868362354220878
7514,-3.9582955749610917,0.6868018936103167
7515,-2.3219842365519785,0.6867675535156362
7516,-4.071755769533595,0.6867332151379605
7517,-3.9145847291174616,0.6866988784772036
7518,-2.799890980670666,0.6866645435332797
7519,-3.9282037976878157,0.686630210306103
7520,-3.121967624222727,0.6865958787955877
7521,-3.135415882245481,0.6865615490016479
7522,-2.847427907596502,0.6865272209241978
7523,-4.140243596909228,0.6864928945631517
7524,-5.159949615422995,0.6864585699184235
7525,-3.8428630661560175,0.6864242469899275
7526,-3.512683805316552,0.6863899257775781
7527,-2.7505794417344416,0.6863556062812892
7528,-3.1153582736048504,0.6863212885009752
7529,-3.3316079661266027,0.6862869724365501
7530,-5.104367074970398,0.6862526580879283
7531,-3.362850466225999,0.6862183454550239
7532,-2.683410708665611,0.6861840345377511
7533,-1.8022231269485636,0.6861497253360243
7534,-3.1744842816139607,0.6861154178497575
7535,-3.1818085403808833,0.686081112078865
7536,-2.682603335899324,0.6860468080232611
7537,-3.0373669938422956,0.68601250568286
7538,-1.343978810500479,0.6859782050575759
7539,-3.5173461110035555,0.685943906147323
7540,-3.2446336184770264,0.6859096089520157
7541,-4.5349707911047705,0.685875313471568
7542,-3.9809292239522653,0.6858410197058945
7543,-1.5380294918114332,0.6858067276549092
7544,-1.8089757902009826,0.6857724373185266
7545,-3.3000435549582874,0.6857381486966606
7546,-4.119154883416918,0.6857038617892258
7547,-3.079992246655969,0.6856695765961364
7548,-5.299008478304602,0.6856352931173065
7549,-4.350114709378199,0.6856010113526507
7550,-1.4195903310545108,0.6855667313020831
7551,-3.537642245653398,0.685532452965518
7552,-1.1508030215636282,0.6854981763428697
7553,-3.909833352656775,0.6854639014340526
7554,-4.476228824848857,0.6854296282389809
7555,-3.6131467467025913,0.6853953567575689
7556,-4.599535082917948,0.6853610869897311
7557,-3.624807913481484,0.6853268189353816
7558,-3.8619798442259805,0.6852925525944349
7559,-4.404830887674223,0.6852582879668052
7560,-4.42709627986141,0.6852240250524069
7561,-3.562603262396102,0.6851897638511543
7562,-1.1593790392658159,0.6851555043629617
7563,-1.316129654933394,0.6851212465877435
7564,-4.051108936724177,0.6850869905254141
7565,-4.361639471577991,0.6850527361758878
7566,-3.9350839998972953,0.685018483539079
7567,-3.028667411689441,0.684984232614902
7568,-5.698152009686845,0.6849499834032713
7569,-4.522589910665625,0.6849157359041012
7570,-3.420945455505201,0.6848814901173059
7571,-2.9001701208337454,0.6848472460428001
7572,-1.549160668338676,0.684813003680498
7573,-3.0348658133614004,0.684778763030314
7574,-2.7463286018169413,0.6847445240921626
7575,-3.6992663574244578,0.6847102868659579
7576,-5.592107898689076,0.6846760513516146
7577,-4.540334240463874,0.684641817549047
7578,-4.841556107739066,0.6846075854581695
7579,-4.744877986381065,0.6845733550788966
7580,-3.7268147670396647,0.6845391264111427
7581,-3.08887467335653,0.6845048994548221
7582,-4.493102107978567,0.6844706742098493
7583,-1.6540981380396391,0.6844364506761388
7584,-3.7421443548475084,0.684402228853605
7585,-4.637395938561423,0.6843680087421623
7586,-5.040730690235804,0.6843337903417251
7587,-2.270552677478969,0.6842995736522081
7588,-3.486756139875145,0.6842653586735254
7589,-4.437477212216409,0.6842311454055918
7590,-4.376188871508152,0.6841969338483216
7591,-4.846576017685605,0.6841627240016291
7592,-3.5347899338420223,0.6841285158654291
7593,-2.4292491492640433,0.6840943094396359
7594,-5.079598534456207,0.6840601047241639
7595,-4.8120838495284755,0.6840259017189277
7596,-1.5282885816443135,0.6839917004238418
7597,-3.911956482060133,0.6839575008388207
7598,-3.727116590782811,0.6839233029637788
7599,-2.081772461773762,0.6838891067986306
7600,-4.055377959795197,0.6838549123432907
7601,-4.919792172335048,0.6838207195976735
7602,-2.192461493970167,0.6837865285616936
7603,-3.4457717325889794,0.6837523392352656
7604,-4.662000508881809,0.6837181516183038
7605,-1.3024012439435961,0.683683965710723
7606,-4.188777830113806,0.6836497815124375
7607,-2.564404240598062,0.6836155990233619
7608,-3.7388079716862905,0.6835814182434107
7609,-2.7979698553229446,0.6835472391724985
7610,-1.5036716558924401,0.6835130618105398
7611,-4.062240955526095,0.6834788861574493
7612,-2.782973565803717,0.6834447122131415
7613,-3.250479978467859,0.6834105399775309
7614,-3.928454321098658,0.683376369450532
7615,-3.9524846447725865,0.6833422006320595
7616,-3.114245405061176,0.683308033522028
7617,-3.0929539974251314,0.6832738681203518
7618,-2.150501349531517,0.6832397044269458
7619,-1.8767427066635585,0.6832055424417245
7620,-3.286470618373391,0.6831713821646024
7621,-3.237514430345126,0.6831372235954941
7622,-4.220835498760114,0.6831030667343143
7623,-3.727107134215336,0.6830689115809776
7624,-3.1864822147901357,0.6830347581353986
7625,-3.855444608098596,0.6830006063974918
7626,-1.209945356396676,0.6829664563671719
7627,-3.626206461585684,0.6829323080443536
7628,-3.9404703058399098,0.6828981614289513
7629,-2.9745505922774744,0.6828640165208799
7630,-3.827205804196806,0.6828298733200538
7631,-5.788850910560738,0.6827957318263879
7632,-2.552909329196842,0.6827615920397966
7633,-1.3461469934395973,0.6827274539601946
7634,-1.3814524228476048,0.6826933175874966
7635,-3.2078194873970896,0.6826591829216172
7636,-4.653297235245986,0.6826250499624711
7637,-4.549056810548009,0.682590918709973
7638,-4.0596807592142525,0.6825567891640375
7639,-3.986342481422735,0.6825226613245793
7640,-1.343156550275613,0.6824885351915131
7641,-3.7718496030216646,0.6824544107647535
7642,-1.3988487802426546,0.6824202880442153
7643,-3.496844618867021,0.682386167029813
7644,-2.4866013498183692,0.6823520477214615
7645,-3.5390450671200666,0.6823179301190755
7646,-4.083626460136184,0.6822838142225696
7647,-5.31384418131826,0.6822497000318585
7648,-4.277349104284899,0.6822155875468568
7649,-4.534401273619437,0.6821814767674795
7650,-3.950082922984627,0.6821473676936411
7651,-4.264307434024321,0.6821132603252564
7652,-4.297807743397287,0.6820791546622402
7653,-1.9651985012819622,0.6820450507045072
7654,-4.068688405108794,0.682010948451972
7655,-4.837118585300665,0.6819768479045494
7656,-3.989030770635023,0.6819427490621541
7657,-4.2567033849082065,0.6819086519247011
7658,-3.854472637961612,0.6818745564921048
7659,-5.088455078073748,0.6818404627642802
7660,-4.805956830980269,0.681806370741142
7661,-2.8080513863016483,0.681772280422605
7662,-4.213593527634653,0.6817381918085839
7663,-3.768004232256847,0.6817041048989935
7664,-2.556116980973256,0.6816700196937485
7665,-2.571423533023193,0.6816359361927639
7666,-3.6463653630643496,0.6816018543959542
7667,-5.169968403224026,0.6815677743032345
7668,-2.5627728670099192,0.6815336959145193
7669,-4.039975210281403,0.6814996192297236
7670,-5.188125217037676,0.681465544248762
7671,-4.295829632679084,0.6814314709715497
7672,-2.658900292072794,0.681397399398001
7673,-4.1847090538203435,0.6813633295280311
7674,-4.205846693163663,0.6813292613615547
7675,-4.721063791365918,0.6812951948984867
7676,-3.9407492445938295,0.6812611301387418
7677,-4.693637379689569,0.6812270670822349
7678,-3.793253634318905,0.6811930057288808
7679,-4.111494345508404,0.6811589460785943
7680,-2.6043231597763303,0.6811248881312904
7681,-3.422875891710775,0.6810908318868838
7682,-3.4756174551168475,0.6810567773452895
7683,-6.359851014725566,0.6810227245064222
7684,-4.967710846654333,0.6809886733701969
7685,-3.8270320942227043,0.6809546239365284
7686,-3.8787965766417543,0.6809205762053315
7687,-4.43537455776751,0.6808865301765212
7688,-5.229462134347197,0.6808524858500125
7689,-5.042337898826474,0.6808184432257199
7690,-5.617606440007902,0.6807844023035586
7691,-3.719390684190304,0.6807503630834435
7692,-5.811177796014226,0.6807163255652894
7693,-3.5563396169987236,0.6806822897490111
7694,-1.5109914056324911,0.6806482556345237
7695,-1.8081233922001234,0.6806142232217419
7696,-1.4350687735223027,0.6805801925105809
7697,-1.543809527806138,0.6805461635009553
7698,-1.4183628012306504,0.6805121361927803
7699,-1.924336179025274,0.6804781105859706
7700,-2.1209551232795367,0.6804440866804413
7701,-3.5788928075018185,0.6804100644761073
7702,-4.552415318576578,0.6803760439728835
7703,-2.5148707520665776,0.6803420251706849
7704,-4.010917046541389,0.6803080080694264
7705,-3.8181416346217736,0.6802739926690229
7706,-2.517795813137422,0.6802399789693895
7707,-3.6117500018573554,0.680205966970441
7708,-3.8178964048973905,0.6801719566720925
7709,-3.9134795386285495,0.6801379480742589
7710,-2.9748055593024985,0.6801039411768551
7711,-4.747578884558099,0.6800699359797963
7712,-3.5950775831044437,0.6800359324829973
7713,-3.8117045267581324,0.6800019306863732
7714,-4.5037594774541665,0.6799679305898388
7715,-4.403961188475596,0.6799339321933093
7716,-3.9337425481228285,0.6798999354966997
7717,-3.494940984003465,0.6798659404999249
7718,-2.8175774433839758,0.6798319472028999
7719,-4.019945423107458,0.6797979556055397
7720,-1.8203632319773486,0.6797639657077594
7721,-4.9328586562955135,0.6797299775094741
7722,-4.939911209066788,0.6796959910105986
7723,-4.197175212250601,0.6796620062110481
7724,-3.935379490374408,0.6796280231107376
7725,-2.345005282698744,0.679594041709582
7726,-4.402632610224157,0.6795600620074965
7727,-1.906821928328637,0.6795260840043962
7728,-4.494350460805997,0.679492107700196
7729,-4.877402190962899,0.679458133094811
7730,-4.576405427308382,0.6794241601881562
7731,-4.879538113108625,0.6793901889801468
7732,-4.021243830678817,0.6793562194706978
7733,-5.063438052481773,0.6793222516597243
7734,-4.669715893332946,0.6792882855471413
7735,-3.949660931914074,0.6792543211328639
7736,-4.029583608241086,0.6792203584168073
7737,-3.915103793197971,0.6791863973988864
7738,-4.113408480660484,0.6791524380790165
7739,-5.210380828260048,0.6791184804571125
7740,-4.249789758428053,0.6790845245330897
7741,-5.355898069530373,0.679050570306863
7742,-4.193499193570922,0.6790166177783477
7743,-5.043144701369303,0.6789826669474588
7744,-4.685460557876936,0.6789487178141114
7745,-2.170932389191779,0.6789147703782207
7746,-5.0711322840261275,0.6788808246397018
7747,-4.269078607112425,0.6788468805984698
7748,-4.73489220758076,0.6788129382544399
7749,-5.033089200408527,0.6787789976075271
7750,-5.123946015918285,0.6787450586576468
7751,-4.711044598839997,0.6787111214047139
7752,-3.9082984354597765,0.6786771858486437
7753,-4.473916384309588,0.6786432519893513
7754,-3.6925841801379207,0.6786093198267518
7755,-6.101531823170585,0.6785753893607605
7756,-5.236480681755336,0.6785414605912924
7757,-3.54965987035546,0.6785075335182629
7758,-3.822878102936326,0.678473608141587
7759,-3.620866934370529,0.6784396844611799
7760,-4.723436178272582,0.6784057624769568
7761,-5.216406769826557,0.678371842188833
7762,-4.893103550930743,0.6783379235967235
7763,-4.511685882657973,0.6783040067005437
7764,-5.668432523140728,0.6782700915002087
7765,-4.443897945786974,0.6782361779956336
7766,-1.9010174888030822,0.6782022661867338
7767,-4.6237772487246795,0.6781683560734245
7768,-5.823161880095226,0.6781344476556208
7769,-2.864830330570477,0.678100540933238
7770,-5.014092760612771,0.6780666359061913
7771,-4.559760610649976,0.678032732574396
7772,-3.9052633126168548,0.6779988309377672
7773,-2.9414270316507545,0.6779649309962203
7774,-3.2993616729468283,0.6779310327496706
7775,-4.159818255740714,0.6778971361980332
7776,-3.4527514639974815,0.6778632413412232
7777,-5.286416348611723,0.6778293481791562
7778,-3.6617373972163447,0.6777954567117472
7779,-4.464317935079855,0.6777615669389117
7780,-5.255214853332614,0.6777276788605647
7781,-4.511256491015978,0.6776937924766218
7782,-3.6084121495056003,0.6776599077869979
7783,-3.5570269454180097,0.6776260247916086
7784,-4.965940733562361,0.677592143490369
7785,-4.860508803673615,0.6775582638831945
7786,-2.9700850327104096,0.6775243859700003
7787,-5.021085724492926,0.6774905097507018
7788,-4.196740169072332,0.6774566352252143
7789,-4.72685636615876,0.677422762393453
7790,-2.677483316650661,0.6773888912553333
7791,-4.368293960528597,0.6773550218107706
7792,-4.2450368172273025,0.6773211540596801
7793,-3.833740005312146,0.6772872880019771
7794,-3.351169541165693,0.677253423637577
7795,-2.7098957680171596,0.6772195609663951
7796,-5.1559977384377005,0.6771856999883468
7797,-3.9084977438880726,0.6771518407033473
7798,-3.9215129893411147,0.6771179831113122
7799,-1.590366130101579,0.6770841272121566
7800,-3.3812208033416704,0.677050273005796
7801,-1.902051484473876,0.6770164204921457
7802,-3.6569008827200613,0.6769825696711211
7803,-4.166031543997233,0.6769487205426375
7804,-1.8007509169673013,0.6769148731066105
7805,-3.2009433460308743,0.6768810273629552
7806,-3.68931771473779,0.676847183311587
7807,-4.292516257538317,0.6768133409524214
7808,-1.6686273229704098,0.6767795002853738
7809,-3.222832146730533,0.6767456613103595
7810,-3.211622936543283,0.676711824027294
7811,-3.621543283797937,0.6766779884360926
7812,-3.132198993944166,0.6766441545366708
7813,-2.570318496659409,0.676610322328944
7814,-1.510548599661103,0.6765764918128275
7815,-3.8549238079932393,0.6765426629882368
7816,-3.4070956578416345,0.6765088358550875
7817,-3.3013919381493846,0.6764750104132947
7818,-2.7244722660269227,0.6764411866627741
7819,-2.7888737574180884,0.676407364603441
7820,-2.7441424078053345,0.6763735442352108
7821,-1.4039207564194824,0.676339725557999
7822,-4.134238346750445,0.6763059085717211
7823,-2.994660413683498,0.6762720932762926
7824,-3.644395497240995,0.6762382796716288
7825,-1.7189381817069869,0.6762044677576452
7826,-2.9318039206724515,0.6761706575342573
7827,-3.2797829512185483,0.6761368490013806
7828,-3.663168412807264,0.6761030421589306
7829,-1.0160367269968464,0.6760692370068226
7830,-3.2042537119302352,0.6760354335449723
7831,-2.9880239239183943,0.6760016317732951
7832,-2.316681048561965,0.6759678316917064
7833,-3.3507882713711643,0.6759340333001218
7834,-1.1252373705736212,0.6759002365984568
7835,-3.5704995989271113,0.6758664415866269
7836,-3.0176032584004195,0.6758326482645476
7837,-2.4849547546698165,0.6757988566321343
7838,-3.06833926870181,0.6757650666893027
7839,-2.823551691299395,0.6757312784359683
7840,-2.86915749594562,0.6756974918720464
7841,-3.2214131535777426,0.6756637069974528
7842,-2.263524168078381,0.675629923812103
7843,-4.397042472052841,0.6755961423159124
7844,-2.974436394740704,0.6755623625087965
7845,-3.8783155641989806,0.6755285843906711
7846,-2.7850176173902645,0.6754948079614516
7847,-1.8377603453115876,0.6754610332210534
7848,-3.478774648818634,0.6754272601693924
7849,-4.246292368800766,0.675393488806384
7850,-4.280115206963453,0.6753597191319436
7851,-3.168608903821542,0.675325951145987
7852,-5.11415925260145,0.6752921848484298
7853,-4.686740331253519,0.6752584202391874
7854,-2.3850931009162712,0.6752246573181754
7855,-3.953697867653415,0.6751908960853095
7856,-4.388614396547112,0.6751571365405052
7857,-2.27981323380103,0.6751233786836782
7858,-4.456484043619243,0.675089622514744
7859,-4.072674632005198,0.6750558680336183
7860,-3.7318545761551776,0.6750221152402166
7861,-1.3127098940252786,0.6749883641344546
7862,-3.1673356840265647,0.6749546147162478
7863,-2.37980966288377,0.674920866985512
7864,-1.3240791073002045,0.6748871209421627
7865,-3.162532713270808,0.6748533765861157
7866,-1.2649836589815087,0.6748196339172864
7867,-5.131467377472659,0.6747858929355905
7868,-4.802836581721208,0.6747521536409438
7869,-4.514372400187298,0.6747184160332618
7870,-3.146861918222823,0.6746846801124601
7871,-3.6519935002616273,0.6746509458784544
7872,-4.0387259352293485,0.6746172133311605
7873,-4.305061944042243,0.6745834824704939
7874,-4.055628242645216,0.6745497532963705
7875,-2.5217045600651673,0.6745160258087056
7876,-4.606251535716694,0.6744823000074152
7877,-3.6529879031569656,0.6744485758924148
7878,-3.20713375559676,0.6744148534636202
7879,-4.253111530810962,0.674381132720947
7880,-2.448747073575066,0.674347413664311
7881,-3.702138072474763,0.6743136962936277
7882,-2.4895351333113602,0.674279980608813
7883,-1.3563668526524055,0.6742462666097826
7884,-4.445824375313263,0.6742125542964521
7885,-2.8936083337380074,0.6741788436687373
7886,-1.832407128676429,0.6741451347265538
7887,-3.6544071198077823,0.6741114274698174
7888,-2.544192360250341,0.674077721898444
7889,-5.08235516420248,0.674044018012349
7890,-3.0190540392689553,0.6740103158114484
7891,-2.4947428278438393,0.6739766152956579
7892,-4.88954328591721,0.6739429164648931
7893,-2.2833529748973778,0.6739092193190699
7894,-3.8040710130340347,0.6738755238581039
7895,-3.5709008467831937,0.673841830081911
7896,-1.107197798473701,0.673808137990407
7897,-3.3156499872862586,0.6737744475835075
7898,-3.6057739563952422,0.6737407588611283
7899,-4.491194440140974,0.6737070718231852
7900,-1.4907897242972457,0.6736733864695941
7901,-3.3497207215225453,0.6736397028002706
7902,-3.8062177657758647,0.6736060208151307
7903,-1.8354684273724162,0.6735723405140899
7904,-2.998044298154602,0.6735386618970641
7905,-3.3673604578756695,0.6735049849639693
7906,-3.472943130297322,0.673471309714721
7907,-3.977781927980118,0.6734376361492352
7908,-3.192432025632242,0.6734039642674278
7909,-3.602811295439056,0.6733702940692144
7910,-3.310698266299501,0.673336625554511
7911,-1.4472657508258193,0.6733029587232333
7912,-3.661329950863293,0.6732692935752972
7913,-4.4347075560003475,0.6732356301106184
7914,-3.6543561366414554,0.6732019683291128
7915,-1.0323328966403886,0.6731683082306964
7916,-3.2623412539480143,0.6731346498152848
7917,-3.633208171157511,0.673100993082794
7918,-3.2886014071251823,0.6730673380331399
7919,-3.549685606275537,0.6730336846662383
7920,-2.783135863706259,0.673000032982005
7921,-3.5238844982356907,0.6729663829803558
7922,-4.334765203296207,0.6729327346612068
7923,-3.3602853026319783,0.6728990880244737
7924,-3.5922055122498184,0.6728654430700726
7925,-4.687399655841954,0.6728317997979191
7926,-2.5189217897770457,0.6727981582079292
7927,-2.720892390481294,0.6727645183000188
7928,-4.655814937182252,0.6727308800741039
7929,-4.98899609920349,0.6726972435301002
7930,-3.361407224192755,0.6726636086679237
7931,-3.8251586645749867,0.6726299754874904
7932,-2.7774834472701233,0.672596343988716
7933,-3.9304623897817015,0.6725627141715166
7934,-1.0707576098733607,0.672529086035808
7935,-1.0649353892279674,0.6724954595815061
7936,-5.36275585811127,0.6724618348085271
7937,-4.040876464193852,0.6724282117167867
7938,-5.582677692320568,0.6723945903062009
7939,-4.56903459375321,0.6723609705766855
7940,-3.410212054181273,0.6723273525281567
7941,-4.063071410204151,0.6722937361605302
7942,-3.3533461494369465,0.6722601214737222
7943,-4.870695175799826,0.6722265084676485
7944,-4.317680844739868,0.6721928971422252
7945,-2.1114782086240087,0.6721592874973681
7946,-3.511581896867578,0.6721256795329932
7947,-2.0575220924994118,0.6720920732490165
7948,-4.148806900777941,0.6720584686453541
7949,-5.131322007324918,0.6720248657219219
7950,-3.153076807115058,0.6719912644786358
7951,-3.230808056284477,0.6719576649154119
7952,-2.0784436218295257,0.6719240670321661
7953,-4.013383623094023,0.6718904708288145
7954,-2.5152776778913712,0.671856876305273
7955,-2.11770278901609,0.6718232834614578
7956,-4.599443920480276,0.6717896922972847
7957,-4.4330457756649935,0.6717561028126698
7958,-4.461240694439708,0.6717225150075292
7959,-3.3526805704688867,0.6716889288817789
7960,-3.5206644767180175,0.6716553444353348
7961,-3.3885169170570455,0.671621761668113
7962,-4.306010338249178,0.6715881805800297
7963,-1.9610536832549568,0.6715546011710006
7964,-4.118411294722461,0.6715210234409421
7965,-4.088228836212338,0.6714874473897701
7966,-5.4935788166054085,0.6714538730174006
7967,-3.850852848388673,0.6714203003237497
7968,-4.888669494755802,0.6713867293087334
7969,-4.692092596867017,0.671353159972268
7970,-3.9548643066514915,0.6713195923142694
7971,-3.4603006475838898,0.6712860263346537
7972,-3.921764788232432,0.671252462033337
7973,-4.510514420208494,0.6712188994102354
7974,-4.227028695274208,0.6711853384652648
7975,-3.8692146116876227,0.6711517791983416
7976,-3.1633783137984746,0.6711182216093816
7977,-4.480172098513975,0.6710846656983012
7978,-4.050169290844739,0.6710511114650163
7979,-3.68274510388147,0.671017558909443
7980,-3.9501493943723536,0.6709840080314976
7981,-4.193207256401113,0.670950458831096
7982,-5.086166418030189,0.6709169113081545
7983,-5.17416803680068,0.6708833654625891
7984,-2.2476230593957216,0.6708498212943159
7985,-3.309883307523739,0.6708162788032512
7986,-5.574301133195727,0.6707827379893111
7987,-4.732102679420802,0.6707491988524117
7988,-4.0637825952643105,0.6707156613924691
7989,-3.9008991768573837,0.6706821256093994
7990,-3.3018343895476323,0.670648591503119
7991,-1.7681399462568177,0.6706150590735438
7992,-3.884136023066854,0.6705815283205901
7993,-2.686615582178833,0.6705479992441741
7994,-3.3231345054556973,0.6705144718442119
7995,-4.248357966052522,0.6704809461206197
7996,-2.351271446440019,0.6704474220733136
7997,-1.590366130101579,0.67041389970221
7998,-3.2066244805856647,0.6703803790072249
7999,-1.902051484473876,0.6703468599882746
8000,-1.854809824067023,0.6703133426452752
8001,-3.622337642612144,0.6702798269781429
8002,-1.753665139864267,0.670246312986794
8003,-3.5055250276608594,0.6702128006711447
8004,-3.90654449567064,0.6701792900311112
8005,-3.6267104003143507,0.6701457810666096
8006,-1.286414505366741,0.6701122737775562
8007,-1.9116983192295862,0.6700787681638674
8008,-3.263623263674712,0.6700452642254592
8009,-3.552433812193519,0.6700117619622479
8010,-3.5697855102652127,0.6699782613741497
8011,-3.4582176633630524,0.669944762461081
8012,-4.257230215528178,0.669911265222958
8013,-1.5388932756432219,0.6698777696596968
8014,-3.9140657282606908,0.6698442757712139
8015,-3.766872441375905,0.6698107835574253
8016,-2.9548372751283227,0.6697772930182474
8017,-3.2035001032513795,0.6697438041535965
8018,-3.527633536220982,0.6697103169633888
8019,-1.9378652464383233,0.6696768314475406
8020,-3.3569976581374634,0.6696433476059682
8021,-2.4580988032690985,0.6696098654385879
8022,-2.6029655097867406,0.669576384945316
8023,-3.4363131753630465,0.6695429061260687
8024,-3.035566896536947,0.6695094289807624
8025,-3.59430684937669,0.6694759535093133
8026,-2.2514003075990408,0.6694424797116378
8027,-2.3149479210469934,0.6694090075876523
8028,-3.3897482230209555,0.6693755371372729
8029,-3.7267134403517064,0.6693420683604161
8030,-2.767283115349563,0.6693086012569981
8031,-2.8941793777515823,0.6692751358269352
8032,-2.131895882936478,0.6692416720701438
8033,-1.7369729102177516,0.6692082099865403
8034,-1.7545085426769003,0.669174749576041
8035,-3.9052613093039805,0.6691412908385621
8036,-3.439443127818123,0.6691078337740202
8037,-4.067952983455499,0.6690743783823314
8038,-1.6102794617623553,0.6690409246634123
8039,-2.477670458200464,0.6690074726171791
8040,-2.5218885185740687,0.6689740222435482
8041,-1.6528476800361185,0.668940573542436
8042,-1.0458161617942914,0.6689071265137588
8043,-3.552769176032638,0.6688736811574332
8044,-5.15641972219683,0.6688402374733753
8045,-3.675095175447446,0.6688067954615016
8046,-5.139001997020567,0.6687733551217285
8047,-3.7281806122255823,0.6687399164539725
8048,-3.767704390716294,0.6687064794581498
8049,-1.708448246809517,0.6686730441341768
8050,-4.275371917913713,0.6686396104819701
8051,-4.41312824326081,0.668606178501446
8052,-4.330444513516975,0.6685727481925209
8053,-1.993320703773252,0.6685393195551113
8054,-3.985183325590094,0.6685058925891335
8055,-3.6791459993627496,0.668472467294504
8056,-3.296413969940871,0.6684390436711394
8057,-3.6226115595580755,0.6684056217189558
8058,-3.847103768205436,0.6683722014378698
8059,-4.900726059112177,0.6683387828277979
8060,-4.8332813102368934,0.6683053658886565
8061,-1.8474388324618176,0.668271950620362
8062,-2.737554594892101,0.668238537022831
8063,-1.3266974446291866,0.6682051250959798
8064,-3.5797120959384245,0.668171714839725
8065,-4.397298457533751,0.6681383062539831
8066,-4.717494575206263,0.6681048993386703
8067,-3.4648471325040786,0.6680714940937034
8068,-4.305408287388493,0.6680380905189987
8069,-5.052746284428801,0.6680046886144727
8070,-4.044471257705661,0.6679712883800419
8071,-5.155987293569262,0.667937889815623
8072,-4.787658482963936,0.6679044929211322
8073,-2.514886682331582,0.6678710976964861
8074,-1.3393199460509422,0.6678377041416013
8075,-4.918118545223213,0.6678043122563941
8076,-4.433511474116726,0.6677709220407814
8077,-2.543215890812126,0.6677375334946793
8078,-3.549589238734913,0.6677041466180046
8079,-4.61115742821889,0.6676707614106737
8080,-2.7754417683183963,0.6676373778726032
8081,-4.175690287038829,0.6676039960037096
8082,-3.4723837929674106,0.6675706158039094
8083,-3.2067581509854506,0.6675372372731192
8084,-3.6015257169913455,0.6675038604112555
8085,-5.235650069078357,0.6674704852182349
8086,-3.4540962061908265,0.667437111693974
8087,-5.006112146329616,0.6674037398383893
8088,-1.345498215904244,0.6673703696513974
8089,-1.9948794730834,0.6673370011329148
8090,-2.0825525591069622,0.6673036342828582
8091,-3.4018526224710888,0.6672702691011441
8092,-1.4199759979097466,0.667236905587689
8093,-3.286616062620231,0.6672035437424096
8094,-1.635635079556086,0.6671701835652225
8095,-3.438738671986988,0.6671368250560442
8096,-2.0020140216281956,0.6671034682147914
8097,-3.620339055800362,0.6670701130413806
8098,-3.0914761719778054,0.6670367595357286
8099,-1.3419314151378348,0.6670034076977518
8100,-2.5652750482667916,0.6669700575273669
8101,-3.408097296636963,0.6669367090244905
8102,-3.397232879679974,0.6669033621890393
8103,-1.4445294014627938,0.6668700170209299
8104,-2.243134459693204,0.6668366735200788
8105,-3.428323828626817,0.6668033316864028
8106,-3.5525156155824713,0.6667699915198185
8107,-2.905971766226576,0.6667366530202425
8108,-3.0555484936195927,0.6667033161875915
8109,-1.5041106620473963,0.6666699810217821
8110,-4.47146199173988,0.666636647522731
8111,-1.325556953322413,0.6666033156903549
8112,-3.6416826745848736,0.6665699855245704
8113,-1.4842368464378042,0.6665366570252942
8114,-2.641372609422154,0.6665033301924429
8115,-2.0386137328823297,0.6664700050259332
8116,-1.7057633779000543,0.6664366815256819
8117,-2.1985192993070584,0.6664033596916057
8118,-1.821173007443355,0.6663700395236211
8119,-3.5189472471991103,0.6663367210216449
8120,-4.037266210333697,0.6663034041855938
8121,-4.098254143016737,0.6662700890153844
8122,-2.077748102007411,0.6662367755109336
8123,-4.032078850444478,0.6662034636721581
8124,-3.9356729252196927,0.6661701534989745
8125,-1.9025404131202392,0.6661368449912995
8126,-1.4447794613901288,0.66610353814905
8127,-4.310333075408225,0.6660702329721425
8128,-3.779218392914909,0.6660369294604939
8129,-4.28588166315075,0.6660036276140209
8130,-3.2940758531934593,0.6659703274326402
8131,-4.204702665777397,0.6659370289162685
8132,-3.366723059839392,0.6659037320648227
8133,-3.5611033118665816,0.6658704368782195
8134,-3.1840138719719757,0.6658371433563756
8135,-3.9629378881905586,0.6658038514992077
8136,-2.2468513558037913,0.6657705613066328
8137,-3.9597145649531957,0.6657372727785675
8138,-3.8943423923025837,0.6657039859149286
8139,-3.6421551451880925,0.6656707007156328
8140,-3.7334923843672456,0.6656374171805971
8141,-1.831178819112023,0.665604135309738
8142,-3.1362495999597595,0.6655708551029725
8143,-3.6970713399171107,0.6655375765602174
8144,-3.035305838947532,0.6655042996813894
8145,-3.572634041855567,0.6654710244664053
8146,-3.8892047036488586,0.665437750915182
8147,-3.7896596132786886,0.6654044790276362
8148,-2.8595246042134637,0.6653712088036848
8149,-2.271787122735922,0.6653379402432447
8150,-3.7322733023619223,0.6653046733462326
8151,-4.459469824077933,0.6652714081125652
8152,-4.411580428252386,0.6652381445421596
8153,-4.695836197377874,0.6652048826349325
8154,-1.4473700526650202,0.6651716223908007
8155,-4.230511758312632,0.6651383638096812
8156,-4.1012016857128515,0.6651051068914907
8157,-3.6704006484952134,0.6650718516361461
8158,-3.446015295334309,0.6650385980435644
8159,-3.516280265050616,0.6650053461136621
8160,-4.077080800502088,0.6649720958463564
8161,-4.58536179349176,0.664938847241564
8162,-1.4198623570529054,0.664905600299202
8163,-1.3160943688739208,0.6648723550191871
8164,-3.0504729005393934,0.6648391114014361
8165,-4.905802649021563,0.6648058694458661
8166,-3.4718398568253765,0.6647726291523938
8167,-4.1589568086501565,0.6647393905209361
8168,-5.099550554355641,0.66470615355141
8169,-4.253515501005879,0.6646729182437325
8170,-4.490821351752109,0.6646396845978203
8171,-3.8051716380222365,0.6646064526135904
8172,-3.7195578767081647,0.6645732222909597
8173,-3.8233720250229983,0.6645399936298452
8174,-3.657041398767881,0.6645067666301637
8175,-3.675786663563658,0.6644735412918322
8176,-3.6477446091833476,0.6644403176147676
8177,-4.328577731350016,0.6644070955988869
8178,-4.049022811854186,0.664373875244107
8179,-3.8206943454764484,0.6643406565503448
8180,-4.679840256519664,0.6643074395175173
8181,-4.904613641692201,0.6642742241455414
8182,-2.5479184261606167,0.6642410104343341
8183,-4.6974778877453325,0.6642077983838124
8184,-1.328048535414439,0.6641745879938932
8185,-4.313563412017936,0.6641413792644935
8186,-2.370044879491728,0.6641081721955302
8187,-1.6378042856489667,0.6640749667869205
8188,-3.5331844701976993,0.6640417630385811
8189,-3.473281664789858,0.6640085609504291
8190,-2.3443437398133473,0.6639753605223816
8191,-2.37671427657856,0.6639421617543555
8192,-4.613446079656747,0.6639089646462678
8193,-5.127938894057478,0.6638757691980355
8194,-3.4201918219420167,0.6638425754095756
8195,-4.228467996801563,0.6638093832808051
8196,-3.750446727818584,0.663776192811641
8197,-1.3783440845042134,0.6637430040020005
8198,-2.6780459257116247,0.6637098168518004
8199,-3.36710411635751,0.6636766313609578
8200,-4.7603102650248434,0.6636434475293898
8201,-3.579998451200157,0.6636102653570133
8202,-4.004876281735545,0.6635770848437454
8203,-3.5145415862231157,0.6635439059895033
8204,-1.2011164371675234,0.6635107287942038
8205,-1.4349141314987837,0.6634775532577641
8206,-3.5162681362699204,0.6634443793801013
8207,-3.7339256458158268,0.6634112071611322
8208,-4.258320020088695,0.6633780366007742
8209,-4.110513338732167,0.6633448676989442
8210,-3.013260863152314,0.6633117004555592
8211,-3.7636445434838635,0.6632785348705365
8212,-4.094821815548292,0.6632453709437929
8213,-3.152290628977914,0.6632122086752457
8214,-0.9022337805923848,0.6631790480648119
8215,-3.325741763419103,0.6631458891124087
8216,-2.4554343682950863,0.663112731817953
8217,-3.004217692658913,0.6630795761813622
8218,-2.75794516277648,0.663046422202553
8219,-4.374477645212598,0.6630132698814429
8220,-1.0710247950433072,0.6629801192179489
8221,-4.760142973017014,0.662946970211988
8222,-3.7623320844070243,0.6629138228634774
8223,-1.071127464301291,0.6628806771723342
8224,-2.090586105470294,0.6628475331384757
8225,-5.038862323204027,0.6628143907618187
8226,-2.356743632025225,0.6627812500422806
8227,-3.8203003008090315,0.6627481109797785
8228,-1.0707576098733607,0.6627149735742295
8229,-3.7003615384649127,0.6626818378255508
8230,-4.229584000899527,0.6626487037336595
8231,-3.6611366711040354,0.6626155712984728
8232,-5.09939526080555,0.6625824405199079
8233,-2.8733817811730367,0.6625493113978819
8234,-4.624996093580673,0.6625161839323119
8235,-4.105636516872533,0.6624830581231154
8236,-4.598218153871449,0.6624499339702092
8237,-4.040008006647469,0.6624168114735107
8238,-3.1099250121288,0.662383690632937
8239,-5.260795077431082,0.6623505714484054
8240,-1.2291796658928886,0.662317453919833
8241,-4.575794973019443,0.662284338047137
8242,-3.5733881905094202,0.6622512238302347
8243,-2.113527242215717,0.6622181112690432
8244,-3.4170807924237434,0.6621850003634797
8245,-4.313777772119019,0.6621518911134615
8246,-3.8585537941380985,0.6621187835189059
8247,-3.9461396556881345,0.6620856775797299
8248,-4.717454158581526,0.6620525732958509
8249,-5.261529464130671,0.6620194706671861
8250,-3.6420922425417497,0.6619863696936528
8251,-4.230534707292986,0.661953270375168
8252,-3.6123533558160767,0.6619201727116493
8253,-4.120767130165133,0.6618870767030137
8254,-3.777778064887384,0.6618539823491786
8255,-2.152733292640943,0.6618208896500611
8256,-4.399384051944274,0.6617877986055787
8257,-2.204460232389028,0.6617547092156484
8258,-3.0059353071859993,0.6617216214801876
8259,-2.4089310814779994,0.6616885353991137
8260,-4.038653122557021,0.6616554509723437
8261,-5.280620349502721,0.661622368199795
8262,-3.2763878421182424,0.6615892870813851
8263,-4.049957423884399,0.661556207617031
8264,-3.4014405616585193,0.6615231298066502
8265,-3.440455094997001,0.6614900536501599
8266,-3.2122066496451236,0.6614569791474774
8267,-4.220453792137224,0.66142390629852
8268,-4.818306827526582,0.6613908351032051
8269,-4.318316911537896,0.6613577655614499
8270,-3.9109302451716577,0.6613246976731718
8271,-4.0077131503060315,0.6612916314382882
8272,-4.489672591899062,0.6612585668567162
8273,-4.5732541537926386,0.6612255039283734
8274,-3.3074678588843103,0.661192442653177
8275,-3.3812451854111134,0.6611593830310444
8276,-4.829378465652025,0.6611263250618928
8277,-3.4997039211488223,0.6610932687456398
8278,-3.1176066225369956,0.6610602140822025
8279,-4.497414353563842,0.6610271610714984
8280,-4.010038208299665,0.6609941097134449
8281,-2.284549383609922,0.6609610600079592
8282,-4.081776146715253,0.6609280119549588
8283,-4.3983406153722555,0.660894965554361
8284,-3.7643228528047175,0.6608619208060833
8285,-1.728877338778855,0.660828877710043
8286,-2.9683810647377302,0.6607958362661575
8287,-3.8217223332151313,0.6607627964743441
8288,-3.9224564661044914,0.6607297583345204
8289,-3.392968687662092,0.6606967218466037
8290,-3.4205518744023804,0.6606636870105114
8291,-1.549389555018653,0.6606306538261608
8292,-4.247615961653437,0.6605976222934695
8293,-3.4732179624237975,0.6605645924123549
8294,-4.256498565000124,0.6605315641827343
8295,-4.582417384221026,0.6604985376045251
8296,-4.045089795560939,0.660465512677645
8297,-2.9705774232190763,0.660432489402011
8298,-1.340714476257078,0.660399467777541
8299,-3.2184484829195883,0.6603664478041521
8300,-3.7878530839253592,0.6603334294817619
8301,-3.6368736257925507,0.6603004128102878
8302,-2.949814894752521,0.6602673977896474
8303,-3.634707705201582,0.6602343844197579
8304,-1.1807026893245687,0.6602013727005369
8305,-2.1840899144428834,0.6601683626319019
8306,-4.046378356133884,0.6601353542137703
8307,-3.1713212536475788,0.6601023474460597
8308,-3.667117252722135,0.6600693423286874
8309,-2.38463199643434,0.660036338861571
8310,-3.730459382360066,0.6600033370446279
8311,-3.6285167342640845,0.6599703368777756
8312,-4.478122879163655,0.6599373383609317
8313,-2.129123820244968,0.6599043414940137
8314,-3.9507546166012113,0.659871346276939
8315,-4.5855162807710546,0.6598383527096252
8316,-3.1630519631336984,0.6598053607919897
8317,-3.6294200102575904,0.6597723705239501
8318,-3.126531469398213,0.6597393819054239
8319,-3.540736086463898,0.6597063949363287
8320,-1.986133151214214,0.6596734096165818
8321,-2.8566637969380517,0.659640425946101
8322,-2.7220734982256136,0.6596074439248036
8323,-3.289790735892936,0.6595744635526074
8324,-3.158253070219441,0.6595414848294298
8325,-3.8810050367345394,0.6595085077551883
8326,-1.255874317785013,0.6594755323298006
8327,-1.0664555083846858,0.6594425585531841
8328,-1.5663916057915546,0.6594095864252565
8329,-1.961079032496122,0.6593766159459352
8330,-1.750093777478681,0.6593436471151379
8331,-1.5830343163274592,0.6593106799327821
8332,-4.178004192107909,0.6592777143987855
8333,-0.9066889002046241,0.6592447505130655
8334,-2.834637509129393,0.6592117882755398
8335,-3.9035540179378154,0.659178827686126
8336,-3.240490569637853,0.6591458687447417
8337,-3.3054987347316507,0.6591129114513045
8338,-3.5868930321946144,0.6590799558057319
8339,-4.7892659397483115,0.6590470018079416
8340,-3.250705793607415,0.6590140494578512
8341,-3.997518381979412,0.6589810987553784
8342,-3.078078052564318,0.6589481497004406
8343,-5.177098655495751,0.6589152022929555
8344,-3.0571357426575325,0.6588822565328409
8345,-3.9865788113542866,0.6588493124200143
8346,-4.289421968299083,0.6588163699543933
8347,-4.0216114338465605,0.6587834291358956
8348,-3.0159310974706166,0.6587504899644389
8349,-5.591321185710045,0.6587175524399407
8350,-3.5182566330359872,0.6586846165623187
8351,-2.1755375947586146,0.6586516823314906
8352,-1.105437735064202,0.6586187497473741
8353,-3.468830974430047,0.6585858188098868
8354,-4.118585766100617,0.6585528895189463
8355,-4.193481693348732,0.6585199618744704
8356,-5.2154307228384384,0.6584870358763767
8357,-3.1846730110078827,0.6584541115245829
8358,-1.9602931187405144,0.6584211888190067
8359,-3.9502218469033425,0.6583882677595657
8360,-5.146168112478904,0.6583553483461777
8361,-3.7549908447591145,0.6583224305787604
8362,-4.957956403335542,0.6582895144572315
8363,-4.239873212975711,0.6582565999815086
8364,-4.332714156118074,0.6582236871515096
8365,-4.192837900146989,0.658190775967152
8366,-4.820649242986724,0.6581578664283537
8367,-2.950425789826743,0.6581249585350323
8368,-4.443687362883805,0.6580920522871055
8369,-2.8188709605732063,0.6580591476844911
8370,-4.592744944555598,0.6580262447271069
8371,-2.6332434533906657,0.6579933434148706
8372,-3.286985888727285,0.6579604437476998
8373,-3.0553407545181193,0.6579275457255124
8374,-6.338508506229962,0.6578946493482261
8375,-4.2639008702258945,0.6578617546157587
8376,-2.210215511746995,0.6578288615280279
8377,-4.650944572921629,0.6577959700849515
8378,-3.1627983654919647,0.6577630802864473
8379,-4.280399146544826,0.6577301921324329
8380,-4.643088578883445,0.6576973056228262
8381,-3.2301287183186975,0.657664420757545
8382,-2.4961842803856897,0.6576315375365072
8383,-1.9220176709032712,0.6575986559596303
8384,-2.806452165060672,0.6575657760268323
8385,-2.039161883430715,0.6575328977380309
8386,-2.0685180776275622,0.657500021093144
8387,-3.1943597093528,0.6574671460920893
8388,-3.4493104989490346,0.6574342727347847
8389,-1.7949078219080796,0.657401401021148
8390,-1.5528388705704628,0.6573685309510969
8391,-3.2305303419272526,0.6573356625245493
8392,-1.2830421634811653,0.6573027957414231
8393,-4.217562239422371,0.6572699306016361
8394,-1.5727842161674048,0.657237067105106
8395,-1.7448465940946292,0.6572042052517507
8396,-1.8385668082417193,0.6571713450414881
8397,-1.7537906870972706,0.657138486474236
8398,-3.070088114669359,0.6571056295499123
8399,-4.476921386105607,0.6570727742684348
8400,-1.7718049896035102,0.6570399206297214
8401,-1.8489587697596914,0.6570070686336899
8402,-2.281919648039538,0.6569742182802581
8403,-3.799130303464955,0.6569413695693441
8404,-4.127991204183273,0.6569085225008656
8405,-1.5740517425982072,0.6568756770747406
8406,-1.5938748458904515,0.6568428332908869
8407,-2.0561126545219284,0.6568099911492223
8408,-3.7362335807927733,0.6567771506496649
8409,-1.6579344626026453,0.6567443117921324
8410,-2.921828920951611,0.6567114745765429
8411,-3.5649741495863125,0.6566786390028141
8412,-3.9104904678207952,0.656645805070864
8413,-2.1971229138301736,0.6566129727806105
8414,-3.246064379158268,0.6565801421319715
8415,-1.1904289284146254,0.6565473131248649
8416,-2.0505123054041103,0.6565144857592087
8417,-3.023123598094018,0.6564816600349207
8418,-3.2421306774713923,0.6564488359519189
8419,-4.57567763144338,0.6564160135101214
8420,-2.933878369068786,0.6563831927094459
8421,-4.725403068225436,0.6563503735498104
8422,-3.470564661801058,0.656317556031133
8423,-4.310895263930037,0.6562847401533314
8424,-2.9213850832444717,0.6562519259163238
8425,-2.7784283758290904,0.6562191133200279
8426,-3.2816676298880205,0.6561863023643619
8427,-3.7768195882105897,0.6561534930492438
8428,-4.827496231511708,0.6561206853745913
8429,-3.6132430858682127,0.6560878793403226
8430,-3.0451839203543747,0.6560550749463556
8431,-2.9195314815151936,0.6560222721926083
8432,-4.173372661453563,0.6559894710789987
8433,-5.194464937084289,0.6559566716054448
8434,-3.964190839464261,0.6559238737718646
8435,-4.293140162972591,0.655891077578176
8436,-3.763988619826759,0.655858283024297
8437,-4.825002186407362,0.6558254901101458
8438,-4.4751192693856865,0.6557926988356403
8439,-2.888117701502095,0.6557599092006985
8440,-4.6670879371399,0.6557271212052385
8441,-4.2877243861875165,0.6556943348491782
8442,-4.637519575317994,0.6556615501324357
8443,-4.877187354129929,0.655628767054929
8444,-4.250050723497557,0.6555959856165763
8445,-4.245768720538554,0.6555632058172954
8446,-3.9119912209215775,0.6555304276570045
8447,-4.832402386109685,0.6554976511356216
8448,-5.1067812844525475,0.6554648762530648
8449,-3.6407798893242966,0.6554321030092521
8450,-4.139247652826661,0.6553993314041017
8451,-4.801015092007798,0.6553665614375315
8452,-3.933420777219518,0.6553337931094596
8453,-2.7787094837554878,0.6553010264198041
8454,-4.791938288074164,0.6552682613684832
8455,-1.892476720135115,0.6552354979554147
8456,-2.3319582852103506,0.6552027361805169
8457,-3.4692466610393495,0.655169976043708
8458,-4.652149160439913,0.6551372175449058
8459,-4.365363764178747,0.6551044606840286
8460,-3.234074037642738,0.6550717054609944
8461,-3.5141536132204205,0.6550389518757214
8462,-3.5115059081774955,0.6550061999281276
8463,-4.23966992529064,0.6549734496181312
8464,-4.01958262420588,0.6549407009456503
8465,-3.3337062388976926,0.654907953910603
8466,-3.572449571652318,0.6548752085129075
8467,-4.337118151726726,0.6548424647524819
8468,-4.019966727766866,0.6548097226292442
8469,-4.775689410762238,0.6547769821431128
8470,-3.8629485840255233,0.6547442432940056
8471,-3.725814557899903,0.6547115060818409
8472,-3.3662173218190743,0.6546787705065368
8473,-3.7396835319837227,0.6546460365680115
8474,-1.759863059528213,0.654613304266183
8475,-3.434150991488054,0.6545805736009698
8476,-4.234922344202431,0.6545478445722898
8477,-3.7712223292729017,0.6545151171800612
8478,-1.4868043841866376,0.6544823914242022
8479,-2.2609682856052116,0.6544496673046309
8480,-3.446584956688093,0.6544169448212657
8481,-3.899007298823919,0.6543842239740246
8482,-2.703742277481834,0.6543515047628259
8483,-3.6693610832887913,0.6543187871875877
8484,-3.4631311545276997,0.6542860712482284
8485,-1.578701176045231,0.6542533569446659
8486,-3.9500952506136264,0.6542206442768187
8487,-3.905237850789211,0.6541879332446049
8488,-3.555768533926466,0.6541552238479427
8489,-3.7971249093879433,0.6541225160867503
8490,-2.9753736942105133,0.654089809960946
8491,-4.065992748772852,0.6540571054704479
8492,-2.889540644585662,0.6540244026151744
8493,-3.814249571264124,0.6539917013950436
8494,-3.4453743793787357,0.6539590018099738
8495,-2.659731295275435,0.6539263038598833
8496,-1.8314664698300502,0.6538936075446903
8497,-1.708850453863096,0.653860912864313
8498,-3.046289339303004,0.6538282198186698
8499,-1.7988475634448382,0.6537955284076788
8500,-3.790940587386101,0.6537628386312585
8501,-2.945466454194381,0.6537301504893269
8502,-3.245778763868912,0.6536974639818025
8503,-2.0986829143380312,0.6536647791086034
8504,-2.9803861127210087,0.653632095869648
8505,-2.9496819278185544,0.6535994142648545
8506,-1.233600446546109,0.6535667342941412
8507,-3.558718999074249,0.6535340559574265
8508,-3.545124375134447,0.6535013792546287
8509,-2.3829848353516856,0.6534687041856659
8510,-1.7900503297160975,0.6534360307504566
8511,-2.4621115357348637,0.6534033589489191
8512,-3.236544666028641,0.6533706887809717
8513,-1.4062197017370406,0.6533380202465326
8514,-3.785807673130974,0.6533053533455203
8515,-2.242028599359969,0.653272688077853
8516,-1.0893513457846633,0.6532400244434491
8517,-3.4687191228976832,0.6532073624422269
8518,-2.542454181738094,0.6531747020741048
8519,-4.640794906668213,0.653142043339001
8520,-2.5167175611688872,0.6531093862368341
8521,-4.395200898059727,0.6530767307675223
8522,-3.7072179975393604,0.6530440769309839
8523,-2.7598932106805245,0.6530114247271374
8524,-3.988524539605084,0.652978774155901
8525,-3.5238817657944885,0.6529461252171932
8526,-4.117384784319302,0.6529134779109323
8527,-1.8568678750219259,0.6528808322370369
8528,-2.3077888686417674,0.652848188195425
8529,-3.6605189611839775,0.6528155457860152
8530,-4.6470310634915055,0.6527829050087259
8531,-3.34843137074503,0.6527502658634755
8532,-4.729814419630978,0.6527176283501823
8533,-3.3629332922661743,0.6526849924687648
8534,-3.243617223270184,0.6526523582191414
8535,-3.764372114150116,0.6526197256012304
8536,-4.959618179583774,0.6525870946149503
8537,-4.1839295996917025,0.6525544652602197
8538,-4.270240565243269,0.6525218375369567
8539,-4.460412399982623,0.6524892114450799
8540,-3.795972763573673,0.6524565869845076
8541,-1.9388038938501226,0.6524239641551584
8542,-4.409525515385877,0.6523913429569506
8543,-5.019368683462326,0.6523587233898027
8544,-4.892304467194995,0.6523261054536332
8545,-1.9337259203166024,0.6522934891483606
8546,-3.3101133692491356,0.6522608744739032
8547,-3.9195815140074672,0.6522282614301795
8548,-3.4128703911846965,0.652195650017108
8549,-5.342620747883935,0.6521630402346071
8550,-3.932349962212507,0.6521304320825954
8551,-5.046395277166633,0.6520978255609913
8552,-4.647286644010203,0.6520652206697132
8553,-4.92583375317686,0.6520326174086797
8554,-4.126948416439735,0.6520000157778093
8555,-4.4275267432266725,0.6519674157770204
8556,-3.7263791982296324,0.6519348174062316
8557,-5.589788807661692,0.6519022206653613
8558,-4.161187908105983,0.651869625554328
8559,-2.8951543990665636,0.6518370320730503
8560,-3.8798769523478276,0.6518044402214467
8561,-3.1929433569980388,0.6517718499994356
8562,-4.332183659196063,0.6517392614069356
8563,-4.290182489029479,0.6517066744438653
8564,-4.072221739939712,0.6516740891101431
8565,-3.6220042494326012,0.6516415054056877
8566,-4.694815256115934,0.6516089233304174
8567,-3.648251846311181,0.6515763428842509
8568,-4.663895178005909,0.6515437640671067
8569,-4.447338362880409,0.6515111868789033
8570,-4.557725782095623,0.6514786113195593
8571,-4.450070670814684,0.6514460373889933
8572,-4.532517409699195,0.6514134650871238
8573,-4.542977815930979,0.6513808944138695
8574,-3.3362483661987774,0.6513483253691488
8575,-3.0153153307315437,0.6513157579528803
8576,-4.443565847527493,0.6512831921649826
8577,-2.0690888834689316,0.6512506280053744
8578,-2.171543210641674,0.6512180654739741
8579,-2.4300185098233507,0.6511855045707003
8580,-1.3022137348172127,0.6511529452954719
8581,-2.4047116195433333,0.6511203876482071
8582,-3.2298182498825136,0.6510878316288247
8583,-1.4394832411712055,0.6510552772372432
8584,-1.7886277376574318,0.6510227244733814
8585,-2.232026737590017,0.6509901733371577
8586,-4.030336728166292,0.6509576238284909
8587,-1.3665122909394816,0.6509250759472994
8588,-3.1728699805695912,0.6508925296935021
8589,-2.0362781663091245,0.6508599850670174
8590,-1.2616657916474638,0.650827442067764
8591,-2.3722730943411956,0.6507949006956606
8592,-3.361825224811757,0.6507623609506258
8593,-3.070088114669359,0.6507298228325783
8594,-4.747546168818432,0.6506972863414366
8595,-3.949555167820735,0.6506647514771196
8596,-3.521728037546293,0.6506322182395456
8597,-2.2881138590357426,0.6505996866286337
8598,-4.010089195038981,0.6505671566443022
8599,-3.3564866219381853,0.65053462828647
8600,-1.5740517425982072,0.6505021015550557
8601,-1.2968924857281208,0.6504695764499779
8602,-3.342661330554283,0.6504370529711554
8603,-3.561572958919011,0.6504045311185068
8604,-1.7041209494147445,0.6503720108919508
8605,-1.6760865989473828,0.6503394922914063
8606,-3.5552910909128106,0.6503069753167917
8607,-3.3480991887383262,0.6502744599680259
8608,-5.034495756007734,0.6502419462450275
8609,-1.4394839284080532,0.6502094341477153
8610,-1.1904289284146254,0.6501769236760079
8611,-4.343586057702893,0.6501444148298241
8612,-3.1587659549927336,0.6501119076090827
8613,-3.0054608686358195,0.6500794020137022
8614,-4.36289594934038,0.6500468980436015
8615,-3.7054885378628915,0.6500143956986993
8616,-2.3734472336495616,0.6499818949789145
8617,-3.924118843957712,0.6499493958841656
8618,-3.5246032868413937,0.6499168984143714
8619,-2.7980103792739675,0.6498844025694507
8620,-2.654436958648718,0.6498519083493222
8621,-3.1645085297850297,0.6498194157539047
8622,-3.980545612057602,0.649786924783117
8623,-1.6825259737196365,0.6497544354368778
8624,-3.448493425540809,0.6497219477151059
8625,-3.485684194665925,0.6496894616177202
8626,-1.7752985270597346,0.6496569771446393
8627,-4.022747808774553,0.6496244942957821
8628,-0.9723850242022707,0.6495920130710673
8629,-3.6966666716355516,0.6495595334704137
8630,-3.839927196912159,0.6495270554937402
8631,-4.055715022392972,0.6494945791409655
8632,-2.0572398514368695,0.6494621044120085
8633,-3.8268029589219523,0.6494296313067879
8634,-3.453068290061456,0.6493971598252225
8635,-3.1655979139381634,0.6493646899672313
8636,-2.7022554026618826,0.649332221732733
8637,-2.7115565881265455,0.6492997551216464
8638,-2.7388599948128,0.6492672901338903
8639,-4.592290178466259,0.6492348267693836
8640,-4.395597311181472,0.6492023650280452
8641,-3.4577399920565624,0.6491699049097938
8642,-3.378238109054922,0.6491374464145483
8643,-4.138012421633424,0.6491049895422276
8644,-3.9537475359124814,0.6490725342927505
8645,-4.78989047850488,0.6490400806660358
8646,-2.928576608384137,0.6490076286620025
8647,-4.028670773369521,0.6489751782805694
8648,-3.1692472698978857,0.6489427295216553
8649,-4.609218512830031,0.6489102823851792
8650,-2.758537867488813,0.6488778368710599
8651,-4.4204075353315915,0.6488453929792164
8652,-1.4079131427112501,0.6488129507095675
8653,-3.721008386540078,0.648780510062032
8654,-4.742328195083765,0.6487480710365289
8655,-2.282211950075273,0.648715633632977
8656,-3.8526819359143,0.6486831978512954
8657,-4.489635436178087,0.6486507636914028
8658,-1.0007859769408949,0.6486183311532183
8659,-1.002994870886806,0.6485859002366606
8660,-1.9704238962245295,0.6485534709416488
8661,-4.203562393330678,0.6485210432681018
8662,-3.8347491369064306,0.6484886172159384
8663,-3.2369056899738213,0.6484561927850776
8664,-4.190493079647635,0.6484237699754384
8665,-3.6119444029937307,0.6483913487869396
8666,-3.46439176377571,0.6483589292195002
8667,-3.396298438036431,0.6483265112730393
8668,-4.09934470436646,0.6482940949474757
8669,-2.6125472366528735,0.6482616802427283
8670,-5.907050554087231,0.6482292671587162
8671,-4.90625305049962,0.6481968556953582
8672,-1.8840007079687484,0.6481644458525735
8673,-3.7297559082013647,0.6481320376302808
8674,-3.844447288572909,0.6480996310283993
8675,-2.9844702520065067,0.6480672260468479
8676,-3.3900901099564833,0.6480348226855455
8677,-3.614793092469052,0.6480024209444112
8678,-4.699082422213461,0.647970020823364
8679,-3.6575785258210756,0.6479376223223228
8680,-3.4283088654713665,0.6479052254412067
8681,-3.0366218813485157,0.6478728301799346
8682,-3.374667793355014,0.6478404365384256
8683,-2.9630422484588075,0.6478080445165987
8684,-5.2451760391000155,0.6477756541143729
8685,-3.2575787088265376,0.6477432653316672
8686,-1.9105240063971434,0.6477108781684006
8687,-1.7754576701670273,0.6476784926244922
8688,-2.63261325805257,0.647646108699861
8689,-3.717582266920506,0.6476137263944259
8690,-4.000531844285081,0.6475813457081062
8691,-3.2905120124056615,0.6475489666408208
8692,-4.509199769703845,0.6475165891924888
8693,-4.365231316824671,0.6474842133630292
8694,-1.4199873017358335,0.647451839152361
8695,-4.415056196593614,0.6474194665604034
8696,-3.400761345729026,0.6473870955870754
8697,-3.6551637169302085,0.6473547262322961
8698,-3.266007800607407,0.6473223584959844
8699,-1.710233879593931,0.6472899923780596
8700,-3.503745358105398,0.6472576278784408
8701,-3.845666972752877,0.6472252649970468
8702,-3.9795913201196607,0.6471929037337969
8703,-3.164325499355959,0.6471605440886102
8704,-4.25983979234965,0.6471281860614058
8705,-3.2186664107614966,0.6470958296521027
8706,-3.425764741653324,0.6470634748606201
8707,-3.5549804532319844,0.647031121686877
8708,-1.579746157915718,0.6469987701307927
8709,-2.907843831040125,0.6469664201922861
8710,-3.363207606118844,0.6469340718712765
8711,-3.9695927200411125,0.646901725167683
8712,-3.8065473206075104,0.6468693800814246
8713,-3.1208489769999566,0.6468370366124205
8714,-3.5085358060718477,0.6468046947605899
8715,-3.938148724780183,0.6467723545258519
8716,-1.743754473569807,0.6467400159081256
8717,-3.3107235409389877,0.6467076789073302
8718,-5.328167296484183,0.6466753435233848
8719,-4.412560407809772,0.6466430097562087
8720,-1.1025551196904562,0.6466106776057209
8721,-3.7880167134861504,0.6465783470718406
8722,-1.0782110887779695,0.646546018154487
8723,-1.1217586344119819,0.6465136908535792
8724,-3.5295615024374607,0.6464813651690365
8725,-4.930326004816788,0.646449041100778
8726,-3.5580149304747986,0.646416718648723
8727,-5.272878713078935,0.6463843978127906
8728,-3.056423175466266,0.6463520785928999
8729,-3.5107734186298396,0.6463197609889703
8730,-3.1169989898332835,0.6462874450009208
8731,-4.219560459263159,0.6462551306286708
8732,-2.641682747305715,0.6462228178721393
8733,-3.034429313013381,0.6461905067312457
8734,-3.2882834501837097,0.6461581972059092
8735,-3.3505843747821946,0.6461258892960489
8736,-2.7512614788247927,0.646093583001584
8737,-3.4157895321939433,0.646061278322434
8738,-2.1329254726415456,0.6460289752585179
8739,-1.1937773022249158,0.645996673809755
8740,-3.237680711674387,0.6459643739760645
8741,-4.965421251056909,0.6459320757573658
8742,-3.9627204361866233,0.6458997791535779
8743,-4.560681127008183,0.6458674841646203
8744,-2.6228668281404537,0.6458351907904121
8745,-3.4785918153537616,0.6458028990308725
8746,-2.5725809897684426,0.645770608885921
8747,-4.773606920300358,0.6457383203554766
8748,-4.598051334786408,0.6457060334394589
8749,-4.449413682270512,0.6456737481377869
8750,-4.681909356535755,0.64564146445038
8751,-4.814558604021753,0.6456091823771575
8752,-5.195173231053307,0.6455769019180386
8753,-4.953330032571678,0.6455446230729427
8754,-4.4301851277814155,0.6455123458417891
8755,-2.167438901259718,0.6454800702244969
8756,-4.949470409618482,0.6454477962209857
8757,-2.9295263372707585,0.6454155238311746
8758,-5.476476638462785,0.6453832530549831
8759,-4.595519336394091,0.6453509838923304
8760,-5.050436446158001,0.6453187163431358
8761,-5.954623130618801,0.6452864504073186
8762,-3.4526188913777913,0.6452541860847982
8763,-4.233405659102482,0.645221923375494
8764,-4.175935541439081,0.6451896622793253
8765,-2.224227488670565,0.6451574027962114
8766,-5.145661266201904,0.6451251449260715
8767,-4.963321886546735,0.6450928886688252
8768,-4.216007828962764,0.6450606340243917
8769,-3.500987451903229,0.6450283809926906
8770,-3.498640937119427,0.6449961295736409
8771,-1.7028949126893747,0.6449638797671623
8772,-3.0221983113711497,0.6449316315731739
8773,-3.6837892633287805,0.6448993849915953
8774,-4.041033095771374,0.6448671400223457
8775,-4.318879603558015,0.6448348966653445
8776,-4.691446359111513,0.6448026549205113
8777,-3.701988939839523,0.6447704147877652
8778,-3.8057986189825947,0.6447381762670258
8779,-3.7299992709294374,0.6447059393582124
8780,-1.6531430913703966,0.6446737040612445
8781,-3.5922192210532606,0.6446414703760414
8782,-1.5114579383130198,0.6446092383025226
8783,-4.102532589897319,0.6445770078406075
8784,-3.917308471111939,0.6445447789902155
8785,-3.9866888723791174,0.644512551751266
8786,-3.2114334213787643,0.6444803261236784
8787,-3.2100170413622866,0.6444481021073722
8788,-3.5013754139875495,0.6444158797022669
8789,-1.5192699637661469,0.6443836589082818
8790,-2.6263569165647436,0.6443514397253364
8791,-3.03414655837602,0.6443192221533501
8792,-3.4429205588931127,0.6442870061922424
8793,-2.8097144733522357,0.6442547918419328
8794,-2.9954363838312625,0.6442225791023407
8795,-3.0283308743338067,0.6441903679733856
8796,-4.0759822310333,0.6441581584549869
8797,-2.963253250085973,0.6441259505470641
8798,-3.68309798803985,0.6440937442495368
8799,-3.4968427020262967,0.6440615395623244
8800,-1.4476168248828718,0.6440293364853462
8801,-2.92977675515249,0.643997135018522
8802,-3.099051786911138,0.643964935161771
8803,-1.2727141131080957,0.643932736915013
8804,-1.3645797290396158,0.6439005402781672
8805,-1.3713217928017278,0.6438683452511533
8806,-3.3663982418304017,0.6438361518338908
8807,-4.24619212690419,0.643803960026299
8808,-2.4436879194226826,0.6437717698282978
8809,-3.808449856569795,0.6437395812398063
8810,-4.619975709768265,0.6437073942607444
8811,-4.269609319610666,0.6436752088910314
8812,-5.260764938879317,0.6436430251305868
8813,-4.581430230103148,0.6436108429793302
8814,-3.7887732539175842,0.6435786624371813
8815,-3.5169558601338973,0.6435464835040594
8816,-4.687901403873052,0.6435143061798843
8817,-4.3086379841930125,0.6434821304645753
8818,-3.523997850729315,0.643449956358052
8819,-3.2128415921231195,0.6434177838602341
8820,-3.441770632859788,0.643385612971041
8821,-2.9949810478834644,0.6433534436903925
8822,-4.624188462400991,0.643321276018208
8823,-2.355614207508239,0.6432891099544071
8824,-1.2739131171484317,0.6432569454989094
8825,-4.338168905620991,0.6432247826516345
8826,-3.6804578214898513,0.6431926214125019
8827,-2.8121336890079753,0.6431604617814313
8828,-4.8327630213643396,0.6431283037583422
8829,-4.101781185105603,0.6430961473431542
8830,-3.6715474748806667,0.643063992535787
8831,-3.296615464754965,0.6430318393361603
8832,-4.326996592890983,0.6429996877441935
8833,-4.836085307643477,0.6429675377598063
8834,-4.734839420413487,0.6429353893829183
8835,-5.6379571231251635,0.6429032426134491
8836,-2.151332851112385,0.6428710974513184
8837,-2.9766337156340246,0.6428389538964459
8838,-4.840770825892624,0.642806811948751
8839,-3.592417537764229,0.6427746716081536
8840,-2.739195501175464,0.6427425328745732
8841,-4.149964571542,0.6427103957479294
8842,-2.7317576189287545,0.642678260228142
8843,-3.577873278476784,0.6426461263151306
8844,-3.960705955697688,0.6426139940088149
8845,-4.402241578115175,0.6425818633091145
8846,-4.89206745452702,0.6425497342159491
8847,-5.092361394191174,0.6425176067292383
8848,-4.233033651273632,0.6424854808489019
8849,-5.15126060704996,0.6424533565748595
8850,-4.6542424094980115,0.6424212339070308
8851,-3.5401936319279543,0.6423891128453354
8852,-2.8583881929918187,0.6423569933896931
8853,-6.022781083050081,0.6423248755400236
8854,-4.447885881719012,0.6422927592962466
8855,-4.591686438070315,0.6422606446582818
8856,-3.8898622488199908,0.6422285316260489
8857,-2.3651956936181855,0.6421964201994675
8858,-4.461941819334095,0.6421643103784576
8859,-3.858386656699986,0.6421322021629386
8860,-3.885980288331416,0.6421000955528305
8861,-4.999682393940699,0.6420679905480529
8862,-4.739736529740156,0.6420358871485254
8863,-2.1188127296870363,0.642003785354168
8864,-2.70686979094822,0.6419716851649003
8865,-4.99862792723121,0.6419395865806421
8866,-2.7192219872479626,0.641907489601313
8867,-3.9144893106143686,0.641875394226833
8868,-1.2500258847423025,0.6418433004571217
8869,-3.403421210931903,0.6418112082920988
8870,-3.187892694724053,0.6417791177316842
8871,-4.4847391079098164,0.6417470287757976
8872,-3.5678048287099227,0.6417149414243588
8873,-4.558353340932754,0.6416828556772876
8874,-2.0665314275209115,0.6416507715345037
8875,-4.683034444838796,0.641618688995927
8876,-4.326419280653872,0.6415866080614772
8877,-3.307851803341348,0.6415545287310741
8878,-1.1812422694714324,0.6415224510046376
8879,-1.5543349033574925,0.6414903748820874
8880,-3.889128799107775,0.6414583003633433
8881,-2.067464895368644,0.6414262274483251
8882,-2.190548163799712,0.6413941561369527
8883,-3.603598234708703,0.6413620864291458
8884,-2.1145330474879476,0.6413300183248244
8885,-3.675644905167086,0.6412979518239081
8886,-3.356658751668943,0.6412658869263169
8887,-3.8972156242882,0.6412338236319706
8888,-3.6645210201108336,0.6412017619407889
8889,-3.158036642091271,0.6411697018526918
8890,-2.7686547352065336,0.6411376433675993
8891,-2.9876016273925448,0.6411055864854309
8892,-1.614295112877715,0.6410735312061067
8893,-2.9734541724141863,0.6410414775295463
8894,-3.260592931599513,0.6410094254556699
8895,-3.835016121515669,0.6409773749843971
8896,-2.8695301918548224,0.6409453261156479
8897,-3.781327633561778,0.6409132788493421
8898,-2.9538892892189343,0.6408812331853997
8899,-2.845834838810216,0.6408491891237404
8900,-2.5765939856660722,0.6408171466642842
8901,-2.4385478556818967,0.640785105806951
8902,-3.5805103807312824,0.6407530665516606
8903,-3.5917243172601543,0.640721028898333
8904,-3.4845757312228636,0.6406889928468882
8905,-3.433405632900323,0.6406569583972458
8906,-3.260266820960777,0.6406249255493259
8907,-4.197650084044049,0.6405928943030484
8908,-1.671100326304548,0.6405608646583333
8909,-4.188136825702217,0.6405288366151004
8910,-3.0926727052529293,0.6404968101732696
8911,-4.450540390465456,0.640464785332761
8912,-3.2664931082808355,0.6404327620934943
8913,-3.9545814656616742,0.6404007404553896
8914,-1.5467120673955779,0.6403687204183669
8915,-2.3306121771253787,0.6403367019823459
8916,-3.649695479857442,0.6403046851472468
8917,-2.915114853793658,0.6402726699129895
8918,-2.4589660018410964,0.6402406562794938
8919,-4.853493236915881,0.6402086442466798
8920,-4.240907931377696,0.6401766338144674
8921,-1.268335044518564,0.6401446249827767
8922,-2.7901435704243625,0.6401126177515275
8923,-1.3510274192977876,0.6400806121206399
8924,-3.610850134540118,0.6400486080900339
8925,-5.566507136470279,0.6400166056596295
8926,-3.9389609147896993,0.6399846048293465
8927,-2.8539448521956787,0.639952605599105
8928,-3.734342158177602,0.6399206079688251
8929,-4.25758636488851,0.6398886119384267
8930,-3.7271946547026413,0.6398566175078299
8931,-2.7944805381255717,0.6398246246769544
8932,-3.9133521596743703,0.6397926334457206
8933,-3.4001797810595784,0.6397606438140483
8934,-4.668525719400218,0.6397286557818576
8935,-4.303602419472171,0.6396966693490684
8936,-4.827815255103993,0.639664684515601
8937,-3.530633813427632,0.6396327012813752
8938,-2.6914892544406785,0.6396007196463112
8939,-4.842463462534274,0.6395687396103289
8940,-2.512487524082685,0.6395367611733483
8941,-2.656634843112137,0.6395047843352897
8942,-3.8064212799126773,0.639472809096073
8943,-4.027114860239153,0.6394408354556181
8944,-4.310993682098188,0.6394088634138454
8945,-4.028024274315662,0.6393768929706747
8946,-3.131471584006035,0.6393449241260262
8947,-3.074765494614568,0.6393129568798199
8948,-3.4619667956092988,0.6392809912319759
8949,-4.084900813277654,0.6392490271824143
8950,-3.538657763302185,0.6392170647310551
8951,-4.459941482008581,0.6391851038778186
8952,-3.1538984002394925,0.6391531446226247
8953,-4.207771830790346,0.6391211869653937
8954,-3.5053124597338874,0.6390892309060454
8955,-1.4249538515215123,0.6390572764445002
8956,-5.023088497651699,0.639025323580678
8957,-2.1499510533300947,0.6389933723144989
8958,-5.41154945569373,0.6389614226458832
8959,-3.076982276391932,0.6389294745747509
8960,-5.072515240734014,0.6388975281010222
8961,-3.1091709278986537,0.6388655832246172
8962,-5.436887080517938,0.6388336399454559
8963,-2.6830542801498463,0.6388016982634587
8964,-4.974209619649338,0.6387697581785455
8965,-1.3361557390169392,0.6387378196906366
8966,-3.2955917246004383,0.638705882799652
8967,-1.8449018954021021,0.638673947505512
8968,-1.4284209394767915,0.6386420138081367
8969,-1.7572147642727287,0.6386100817074463
8970,-1.7520182932805222,0.6385781512033609
8971,-2.2421017288373957,0.6385462222958007
8972,-2.070198311863198,0.6385142949846859
8973,-1.340678163063868,0.6384823692699367
8974,-1.4959507144387993,0.6384504451514732
8975,-3.880960917747865,0.6384185226292156
8976,-3.7249364474336533,0.6383866017030841
8977,-1.365581380914436,0.638354682372999
8978,-2.7180009741787203,0.6383227646388804
8979,-1.8081114656813593,0.6382908485006484
8980,-1.2767327252634977,0.6382589339582234
8981,-3.2415689751282297,0.6382270210115255
8982,-3.722379834014357,0.638195109660475
8983,-2.829728746506366,0.6381631999049919
8984,-2.8523188915400284,0.6381312917449967
8985,-2.727861172765004,0.6380993851804094
8986,-3.921269394110234,0.6380674802111505
8987,-2.4762323490313296,0.6380355768371399
8988,-1.7199763577253144,0.638003675058298
8989,-3.93734875632115,0.6379717748745451
8990,-1.5740444205710777,0.6379398762858014
8991,-2.8205896393974985,0.6379079792919871
8992,-3.421275682705482,0.6378760838930224
8993,-3.725367676820195,0.6378441900888278
8994,-1.7170176201151692,0.6378122978793234
8995,-3.392916866695624,0.6377804072644294
8996,-3.6383590427564245,0.6377485182440662
8997,-4.274166191548771,0.637716630818154
8998,-3.017506046879105,0.6376847449866131
8999,-3.00977218827526,0.6376528607493638
9000,-2.1037392327383295,0.6376209781063263
9001,-4.478768205231658,0.6375890970574211
9002,-3.213224784202119,0.6375572176025682
9003,-4.40300898346633,0.6375253397416881
9004,-3.615733457023483,0.637493463474701
9005,-1.2806105546198532,0.6374615888015273
9006,-1.0581039543758308,0.6374297157220872
9007,-3.2362246048786805,0.6373978442363011
9008,-3.5338174981501957,0.6373659743440893
9009,-3.465022930277348,0.6373341060453721
9010,-1.9918024145887228,0.6373022393400698
9011,-3.369130045910928,0.6372703742281028
9012,-4.289580483761808,0.6372385107093914
9013,-4.491366617305157,0.6372066487838559
9014,-3.660767995289392,0.6371747884514167
9015,-3.130502890235014,0.6371429297119942
9016,-1.6125499805823744,0.6371110725655086
9017,-1.91211628308448,0.6370792170118803
9018,-3.4514885810476086,0.6370473630510297
9019,-3.9130040005762297,0.6370155106828772
9020,-1.3319456976425275,0.6369836599073431
9021,-4.21797244862355,0.6369518107243477
9022,-2.001474541107111,0.6369199631338115
9023,-3.7612401592299864,0.6368881171356549
9024,-3.415229385168476,0.6368562727297981
9025,-3.195835970676664,0.6368244299161616
9026,-3.272369748864052,0.6367925886946658
9027,-3.2568922850801982,0.6367607490652311
9028,-3.658396497415179,0.6367289110277778
9029,-5.570463664856074,0.6366970745822265
9030,-2.287246335514107,0.6366652397284973
9031,-4.665181235642541,0.6366334064665109
9032,-3.7919669570397985,0.6366015747961876
9033,-4.721801499183144,0.6365697447174478
9034,-4.523953154428016,0.6365379162302119
9035,-1.136508441048523,0.6365060893344004
9036,-3.9564553864878653,0.6364742640299337
9037,-1.405867191653308,0.6364424403167321
9038,-3.2772985442159834,0.6364106181947163
9039,-1.1485171145999662,0.6363787976638066
9040,-4.029100344923009,0.6363469787239234
9041,-3.5530303864382655,0.6363151613749872
9042,-2.501434229226756,0.6362833456169185
9043,-3.0983476501201093,0.6362515314496376
9044,-2.1882865679168138,0.6362197188730652
9045,-3.4630840404286003,0.6361879078871215
9046,-4.550070149765151,0.6361560984917272
9047,-2.9639028953282747,0.6361242906868025
9048,-5.293479594292052,0.6360924844722682
9049,-3.776144127834378,0.6360606798480446
9050,-2.0021527731156255,0.6360288768140522
9051,-2.114877946953567,0.6359970753702114
9052,-4.138612503515141,0.6359652755164429
9053,-3.5315385434549755,0.635933477252667
9054,-2.180794456320221,0.6359016805788044
9055,-2.1183187026269716,0.6358698854947754
9056,-4.86778434954728,0.6358380920005007
9057,-4.223475078814241,0.6358063000959007
9058,-3.9233274217565888,0.6357745097808959
9059,-1.3899235543723072,0.6357427210554069
9060,-2.83498654079291,0.6357109339193541
9061,-4.01652744413435,0.6356791483726582
9062,-2.904861419749305,0.6356473644152395
9063,-3.8052124446888955,0.6356155820470187
9064,-3.0909660400082766,0.6355838012679164
9065,-2.5673398462760417,0.635552022077853
9066,-1.7316732857672075,0.6355202444767492
9067,-2.37925936338305,0.6354884684645253
9068,-3.8038996542102756,0.6354566940411022
9069,-4.1153842920460475,0.6354249212064002
9070,-2.2125769718581703,0.6353931499603398
9071,-2.403987559873725,0.6353613803028418
9072,-1.7812324354089129,0.6353296122338267
9073,-1.803530990100624,0.635297845753215
9074,-2.843039759183872,0.6352660808609274
9075,-3.3924030408796915,0.6352343175568843
9076,-2.396185546843893,0.6352025558410065
9077,-1.1832139474200338,0.6351707957132144
9078,-2.51639593221609,0.6351390371734288
9079,-4.185028955815006,0.6351072802215701
9080,-3.7290104420581685,0.635075524857559
9081,-1.0279614418229928,0.6350437710813162
9082,-4.230135755339065,0.635012018892762
9083,-2.84287093857143,0.6349802682918174
9084,-3.2670646548700923,0.6349485192784028
9085,-3.4602396335445857,0.6349167718524389
9086,-1.4435626855835233,0.6348850260138462
9087,-3.8233939458864654,0.6348532817625455
9088,-3.01335745429807,0.6348215390984574
9089,-4.161821183727209,0.6347897980215025
9090,-3.9741141378714904,0.6347580585316014
9091,-2.6550992121545995,0.6347263206286748
9092,-2.068881571857675,0.6346945843126434
9093,-2.5236013800235986,0.6346628495834278
9094,-2.006879208054377,0.6346311164409486
9095,-2.3422686814176625,0.6345993848851266
9096,-3.4827964387138186,0.6345676549158823
9097,-1.8948169332772107,0.6345359265331365
9098,-3.87677822951954,0.6345041997368098
9099,-3.782880589238286,0.634472474526823
9100,-3.5864268331484563,0.6344407509030966
9101,-4.359411097882398,0.6344090288655514
9102,-2.8175568782731166,0.6343773084141081
9103,-3.7112775749884768,0.6343455895486874
9104,-2.413683946721899,0.6343138722692099
9105,-1.4204129658806202,0.6342821565755964
9106,-1.1431748992889152,0.6342504424677676
9107,-4.2436996096365105,0.6342187299456442
9108,-3.1913894031493673,0.634187019009147
9109,-3.683952994365462,0.6341553096581966
9110,-3.3454093294173513,0.6341236018927137
9111,-3.5299129869821995,0.634091895712619
9112,-5.34406336571341,0.6340601911178334
9113,-5.639417062522689,0.6340284881082775
9114,-3.4892499265838444,0.633996786683872
9115,-4.568230385909293,0.6339650868445379
9116,-3.869393304408776,0.6339333885901957
9117,-3.3661842703655562,0.6339016919207662
9118,-4.811689238436752,0.6338699968361702
9119,-4.929976980960209,0.6338383033363284
9120,-2.6423812108901163,0.6338066114211616
9121,-4.612732960524699,0.6337749210905905
9122,-4.239429804252641,0.633743232344536
9123,-3.8095317472243395,0.6337115451829187
9124,-3.5235414547364994,0.6336798596056595
9125,-2.764317842129024,0.6336481756126793
9126,-3.0263082728663164,0.6336164932038987
9127,-4.888830315184981,0.6335848123792385
9128,-4.258698768363238,0.6335531331386195
9129,-1.7884053103057416,0.6335214554819626
9130,-3.4371824083057785,0.6334897794091885
9131,-3.8854800263071008,0.633458104920218
9132,-2.9385741680567636,0.6334264320149721
9133,-3.3651782901206895,0.6333947606933713
9134,-2.650262364657406,0.6333630909553366
9135,-2.6031865617357157,0.6333314228007888
9136,-4.521101398747358,0.6332997562296487
9137,-2.564179048883159,0.6332680912418372
9138,-4.801122640646543,0.6332364278372752
9139,-3.876940272226205,0.6332047660158833
9140,-4.585547834180771,0.6331731057775825
9141,-3.726854750967579,0.6331414471222936
9142,-4.029869961386417,0.6331097900499375
9143,-4.840048342617065,0.633078134560435
9144,-4.313687299793848,0.633046480653707
9145,-3.9549922990810673,0.6330148283296744
9146,-4.068442965265834,0.6329831775882578
9147,-4.27589465583355,0.6329515284293784
9148,-4.220036623089511,0.6329198808529569
9149,-2.7860625753735695,0.6328882348589143
9150,-4.344413303843577,0.6328565904471714
9151,-2.6744842468586496,0.632824947617649
9152,-4.6483193933210245,0.6327933063702681
9153,-4.510063187253705,0.6327616667049496
9154,-3.3999171976447156,0.6327300286216143
9155,-3.691971573023661,0.6326983921201832
9156,-1.5282885816443135,0.6326667572005772
9157,-2.8066515323920465,0.6326351238627171
9158,-3.797151144103129,0.632603492106524
9159,-4.444221774035984,0.6325718619319187
9160,-3.534530270909463,0.6325402333388221
9161,-3.2514014890422835,0.6325086063271552
9162,-2.116175017127166,0.6324769808968389
9163,-3.2478690392050353,0.632445357047794
9164,-2.8892688003838503,0.6324137347799417
9165,-1.8323439374355388,0.6323821140932027
9166,-3.5251372823564218,0.632350494987498
9167,-1.489786371671444,0.6323188774627486
9168,-3.9182489332802297,0.6322872615188755
9169,-3.692361947769883,0.6322556471557995
9170,-1.3259895350365758,0.6322240343734418
9171,-3.10874082135272,0.6321924231717231
9172,-3.099868749563133,0.6321608135505645
9173,-3.4703681063881118,0.632129205509887
9174,-2.783408562898817,0.6320975990496116
9175,-2.3137993985985577,0.6320659941696591
9176,-3.6109203324901458,0.6320343908699506
9177,-3.0929539974251314,0.6320027891504071
9178,-3.0133923944487484,0.6319711890109496
9179,-1.8767427066635585,0.6319395904514991
9180,-2.9997499518159314,0.6319079934719765
9181,-3.2517475684359196,0.6318763980723029
9182,-3.4785727852174144,0.6318448042523993
9183,-3.0733103809433184,0.6318132120121867
9184,-3.4717453122606017,0.631781621351586
9185,-3.044982484975065,0.6317500322705184
9186,-1.3463969525915624,0.6317184447689049
9187,-4.799444374551991,0.6316868588466665
9188,-2.693924594578523,0.6316552745037242
9189,-2.4349532448844204,0.631623691739999
9190,-3.9523281699923,0.631592110555412
9191,-2.5163425935415886,0.6315605309498842
9192,-3.7846078123731015,0.6315289529233367
9193,-4.232548252214793,0.6314973764756905
9194,-2.7370093007318888,0.6314658016068667
9195,-1.3150265041112603,0.6314342283167864
9196,-3.2639920554235804,0.6314026566053705
9197,-3.9335181648104673,0.6313710864725403
9198,-4.029456954686815,0.6313395179182166
9199,-4.347777443482189,0.6313079509423207
9200,-1.990465762465919,0.6312763855447736
9201,-5.27701134403789,0.6312448217254963
9202,-1.3988487802426546,0.6312132594844101
9203,-4.009782028961397,0.6311816988214359
9204,-2.1689202003529857,0.6311501397364949
9205,-3.4926047428100864,0.6311185822295081
9206,-5.464190047729577,0.6310870263003966
9207,-3.7925808143556203,0.6310554719490816
9208,-4.667155345463266,0.6310239191754842
9209,-4.407616129912072,0.6309923679795254
9210,-3.3833437910317814,0.6309608183611264
9211,-1.5134968980828387,0.6309292703202083
9212,-2.585481454913439,0.6308977238566923
9213,-5.271277891562143,0.6308661789704995
9214,-4.670629741195151,0.630834635661551
9215,-4.629795072765337,0.6308030939297679
9216,-3.456971234945116,0.6307715537750713
9217,-4.583232620885844,0.6307400151973825
9218,-4.811140142703956,0.6307084781966227
9219,-3.2404009207221227,0.6306769427727128
9220,-2.1827625187358612,0.6306454089255742
9221,-4.009393372205385,0.6306138766551279
9222,-5.455713692132014,0.6305823459612951
9223,-2.039232982623646,0.630550816843997
9224,-4.535882174399998,0.6305192893031548
9225,-2.992672128198681,0.6304877633386896
9226,-4.5038376316176,0.6304562389505227
9227,-3.9072940302369563,0.6304247161385752
9228,-3.4531913701598604,0.6303931949027682
9229,-4.094019199066036,0.6303616752430231
9230,-3.8351231604872553,0.630330157159261
9231,-3.9182990791111014,0.6302986406514031
9232,-2.7859151483913984,0.6302671257193705
9233,-3.190548930317414,0.6302356123630846
9234,-3.390029882256605,0.6302041005824665
9235,-4.115512117401602,0.6301725903774373
9236,-5.023056859298167,0.6301410817479185
9237,-4.194228448086527,0.6301095746938311
9238,-2.5956981619404376,0.6300780692150965
9239,-4.193021511300673,0.6300465653116357
9240,-2.761831849807667,0.6300150629833702
9241,-4.333274092552255,0.629983562230221
9242,-3.8981740916011587,0.6299520630521095
9243,-4.129014943903599,0.6299205654489569
9244,-4.537836433359752,0.6298890694206845
9245,-4.137554896512785,0.6298575749672134
9246,-4.25945408311647,0.629826082088465
9247,-4.263898451563959,0.6297945907843606
9248,-3.855578276459448,0.6297631010548214
9249,-3.9860446718032545,0.6297316128997686
9250,-4.244158291820598,0.6297001263191236
9251,-5.87375193807267,0.6296686413128076
9252,-4.276067460095858,0.629637157880742
9253,-3.841410279958097,0.629605676022848
9254,-1.9886792144282375,0.6295741957390468
9255,-1.6882721744204268,0.6295427170292599
9256,-1.811530597420544,0.6295112398934084
9257,-2.216752725686332,0.6294797643314137
9258,-2.171109905011728,0.6294482903431972
9259,-1.6406893975104535,0.62941681792868
9260,-1.927544742140039,0.6293853470877836
9261,-4.6075405016683195,0.6293538778204292
9262,-1.28088425079067,0.6293224101265381
9263,-1.693351466742211,0.6292909440060318
9264,-3.4741790397531425,0.6292594794588315
9265,-1.925663564843831,0.6292280164848586
9266,-1.686286567245302,0.6291965550840344
9267,-2.929115620263521,0.6291650952562802
9268,-3.7043090429131373,0.6291336370015174
9269,-3.320932416012351,0.6291021803196672
9270,-4.4747999591261,0.6290707252106512
9271,-2.073340588814578,0.6290392716743907
9272,-4.283273269835798,0.629007819710807
9273,-3.406576512638839,0.6289763693198215
9274,-4.953841122641792,0.6289449205013555
9275,-4.15841744495346,0.6289134732553304
9276,-3.1571148865834306,0.6288820275816677
9277,-4.037513134167317,0.6288505834802885
9278,-5.295006026221574,0.6288191409511146
9279,-2.772021812706799,0.628787699994067
9280,-5.524109802047323,0.6287562606090673
9281,-1.1428945826821268,0.6287248227960368
9282,-1.141757689864785,0.628693386554897
9283,-4.306355280871204,0.6286619518855693
9284,-4.209458993727594,0.628630518787975
9285,-4.313100612009105,0.6285990872620356
9286,-3.0169942015023024,0.6285676573076725
9287,-4.028076973713444,0.6285362289248071
9288,-5.057995457096711,0.6285048021133609
9289,-3.847707807486609,0.6284733768732552
9290,-3.417605588892807,0.6284419532044115
9291,-4.050478766951211,0.6284105311067513
9292,-4.281220014203427,0.6283791105801959
9293,-1.1588300526449231,0.6283476916246669
9294,-4.603058324633457,0.6283162742400856
9295,-1.7641838344074565,0.6282848584263736
9296,-4.483115089952529,0.6282534441834523
9297,-3.4306860422548575,0.6282220315112431
9298,-3.607856236319157,0.6281906204096676
9299,-3.9691099057175627,0.6281592108786471
9300,-4.066754641110221,0.6281278029181032
9301,-4.101225409221996,0.6280963965279573
9302,-5.051551621187464,0.6280649917081309
9303,-3.4334498943164604,0.6280335884585455
9304,-3.7047579872690797,0.6280021867791226
9305,-4.78029901571035,0.6279707866697836
9306,-4.766621043296935,0.62793938813045
9307,-5.535032908171219,0.6279079911610435
9308,-3.8928636830115377,0.6278765957614854
9309,-4.412856301450094,0.6278452019316972
9310,-5.096382215767802,0.6278138096716006
9311,-1.4110383827358053,0.6277824189811171
9312,-2.701787682980065,0.6277510298601681
9313,-3.862373646896977,0.627719642308675
9314,-2.8095708566681448,0.6276882563265597
9315,-3.9879338359103396,0.6276568719137433
9316,-4.996573786153172,0.6276254890701476
9317,-4.7911406373261265,0.6275941077956941
9318,-3.258183657204759,0.6275627280903043
9319,-3.4084817378231413,0.6275313499538998
9320,-4.5552658112505044,0.6274999733864021
9321,-2.4305717493541326,0.6274685983877327
9322,-4.268335317873348,0.6274372249578133
9323,-4.837088303122291,0.6274058530965654
9324,-4.648311042309883,0.6273744828039105
9325,-3.521666764897434,0.6273431140797703
9326,-4.711261213335069,0.6273117469240663
9327,-6.330158294300083,0.6272803813367201
9328,-4.75284106728255,0.6272490173176534
9329,-4.87422865782653,0.6272176548667875
9330,-4.297427050235614,0.6271862939840441
9331,-3.606208256750911,0.6271549346693449
9332,-2.992557424353878,0.6271235769226114
9333,-4.5255943098274365,0.6270922207437654
9334,-4.176944314501677,0.6270608661327282
9335,-4.811424745414184,0.6270295130894216
9336,-4.199688518532086,0.6269981616137671
9337,-2.49491321239048,0.6269668117056864
9338,-4.408626134799551,0.6269354633651011
9339,-3.078789497779134,0.6269041165919328
9340,-4.644217986162634,0.6268727713861032
9341,-4.922791190723471,0.6268414277475339
9342,-5.005498908824819,0.6268100856761466
9343,-3.436372543961009,0.6267787451718628
9344,-5.1671063773846875,0.6267474062346042
9345,-4.545580060233188,0.6267160688642925
9346,-6.045158962863814,0.6266847330608494
9347,-5.477639452890207,0.6266533988241964
9348,-5.108445639786709,0.6266220661542552
9349,-4.573145900499659,0.6265907350509475
9350,-1.3099226556969619,0.626559405514195
9351,-2.0733347896889667,0.6265280775439193
9352,-3.985237834514543,0.6264967511400421
9353,-3.3335187087834557,0.6264654263024851
9354,-2.490121911530988,0.62643410303117
9355,-2.758887215220315,0.6264027813260185
9356,-2.8822615406552696,0.6263714611869522
9357,-3.5154003798205675,0.6263401426138928
9358,-2.381222871989076,0.6263088256067622
9359,-3.1072494774481676,0.6262775101654818
9360,-3.719479630813269,0.6262461962899736
9361,-1.209366884661339,0.6262148839801591
9362,-2.8762215814531213,0.6261835732359601
9363,-2.2535096199316085,0.6261522640572983
9364,-1.6083683457871656,0.6261209564440954
9365,-4.602158842690226,0.6260896503962732
9366,-2.193667448445951,0.6260583459137534
9367,-1.430924465635557,0.6260270429964577
9368,-2.9189098317841844,0.6259957416443079
9369,-3.2369947577494242,0.6259644418572258
9370,-4.601265308363757,0.6259331436351329
9371,-2.6754122619669145,0.6259018469779511
9372,-2.575206138139645,0.6258705518856023
9373,-2.7711980211424487,0.625839258358008
9374,-2.506970839035117,0.6258079663950902
9375,-1.7518656059171334,0.6257766759967704
9376,-1.3693166053348835,0.6257453871629706
9377,-1.4435626855835233,0.6257140998936124
9378,-3.8623073241238215,0.6256828141886177
9379,-2.9393616440148125,0.6256515300479083
9380,-3.0942457642534364,0.6256202474714059
9381,-3.7019713110204417,0.6255889664590323
9382,-3.0260598160751537,0.6255576870107094
9383,-1.342238787441684,0.6255264091263588
9384,-3.9806992323625296,0.6254951328059025
9385,-2.0381871561529086,0.6254638580492622
9386,-2.463511236413426,0.6254325848563598
9387,-4.3823254542284005,0.625401313227117
9388,-2.0375369388825915,0.6253700431614556
9389,-1.7537585412251824,0.6253387746592975
9390,-3.7215418696863978,0.6253075077205645
9391,-1.9185301408037325,0.6252762423451785
9392,-2.6600362746628674,0.6252449785330613
9393,-4.4924753800118165,0.6252137162841346
9394,-4.061013072558254,0.6251824555983204
9395,-4.718192254466082,0.6251511964755405
9396,-2.0226705850180773,0.6251199389157167
9397,-2.230951701732452,0.625088682918771
9398,-4.130372043303329,0.625057428484625
9399,-5.375890720292498,0.6250261756132007
9400,-3.491303778899284,0.62499492430442
9401,-4.787864988993622,0.6249636745582048
9402,-3.000419036426246,0.6249324263744769
9403,-2.9942986795342468,0.6249011797531582
9404,-4.001920072242868,0.6248699346941705
9405,-4.176082272024312,0.6248386911974358
9406,-4.277024378969064,0.624807449262876
9407,-4.09673744313328,0.6247762088904129
9408,-2.4063066643375848,0.6247449700799683
9409,-4.936542329064807,0.6247137328314644
9410,-4.4985606706483905,0.6246824971448228
9411,-4.865004657733627,0.6246512630199655
9412,-2.6807256455266497,0.6246200304568146
9413,-4.634452380017353,0.6245887994552918
9414,-4.453584694632784,0.624557570015319
9415,-4.146495223228882,0.6245263421368182
9416,-4.90729446429774,0.6244951158197114
9417,-3.926099242836596,0.6244638910639204
9418,-2.7972443615533855,0.6244326678693672
9419,-3.9634639492569397,0.6244014462359738
9420,-4.601258752692706,0.624370226163662
9421,-5.696694454350331,0.6243390076523538
9422,-4.4054411090949515,0.6243077907019712
9423,-2.8192645130070333,0.6242765753124361
9424,-4.465174516107632,0.6242453614836705
9425,-5.37583105699885,0.6242141492155963
9426,-4.4737950361350265,0.6241829385081354
9427,-4.764446054158957,0.62415172936121
9428,-4.763623491710673,0.624120521774742
9429,-4.628505608822172,0.6240893157486532
9430,-3.425440709422694,0.6240581112828658
9431,-4.304482053241703,0.6240269083773017
9432,-2.859887578841616,0.6239957070318828
9433,-3.79828372716414,0.6239645072465312
9434,-4.462445102698184,0.6239333090211688
9435,-2.793711253330925,0.6239021123557178
9436,-3.933806738754123,0.6238709172501
9437,-3.904106840519315,0.6238397237042376
9438,-4.931150056412582,0.6238085317180524
9439,-4.895432815019225,0.6237773412914664
9440,-4.406571081088158,0.6237461524244019
9441,-2.6803364455180883,0.6237149651167807
9442,-3.7647366000555498,0.6236837793685248
9443,-4.813989513865574,0.6236525951795564
9444,-2.855349163363086,0.6236214125497974
9445,-5.07845330573627,0.6235902314791699
9446,-3.718870363511941,0.623559051967596
9447,-1.333887785050862,0.6235278740149977
9448,-2.03199584213427,0.6234966976212969
9449,-1.4075289232459927,0.6234655227864159
9450,-3.1405354039560236,0.6234343495102765
9451,-1.50336090285901,0.6234031777928011
9452,-0.9399925630500672,0.6233720076339114
9453,-3.8422641323703375,0.6233408390335298
9454,-5.30493820074335,0.623309671991578
9455,-4.156895609264065,0.6232785065079784
9456,-3.872850664952411,0.623247342582653
9457,-3.4001486251988204,0.6232161802155239
9458,-2.9682325738346735,0.6231850194065132
9459,-2.3917200311325804,0.6231538601555429
9460,-2.1818754167061885,0.6231227024625351
9461,-1.7187432204107813,0.6230915463274119
9462,-2.619669608938087,0.6230603917500955
9463,-1.7662419801707763,0.6230292387305081
9464,-3.878675411892176,0.6229980872685715
9465,-4.826783604309631,0.6229669373642082
9466,-3.9408403429540773,0.6229357890173399
9467,-1.707221315031962,0.6229046422278891
9468,-3.06351925013647,0.6228734969957778
9469,-3.3742291414900825,0.622842353320928
9470,-3.1311947785011016,0.6228112112032619
9471,-3.8349503745062665,0.6227800706427017
9472,-4.2848240830787985,0.6227489316391696
9473,-3.1931982915523287,0.6227177941925875
9474,-4.016098610178167,0.622686658302878
9475,-2.8813437409744473,0.6226555239699628
9476,-3.920334460916146,0.6226243911937643
9477,-4.543506469592254,0.6225932599742047
9478,-3.262296541631585,0.622562130311206
9479,-2.3953724581359923,0.6225310022046905
9480,-3.170930207257749,0.6224998756545802
9481,-4.484850683684995,0.6224687506607974
9482,-3.7288946499458744,0.6224376272232643
9483,-1.579001526277267,0.6224065053419032
9484,-3.8299908903972337,0.6223753850166361
9485,-1.713495810470844,0.6223442662473853
9486,-3.3013126510778914,0.6223131490340729
9487,-3.4847528143535698,0.6222820333766211
9488,-3.475146883627218,0.6222509192749524
9489,-3.7648106924634095,0.6222198067289886
9490,-1.464061042864691,0.6221886957386521
9491,-2.5727705458954757,0.6221575863038652
9492,-3.500979607001912,0.62212647842455
9493,-1.7577134639037753,0.6220953721006288
9494,-3.461577973713346,0.6220642673320238
9495,-3.9642023755569142,0.6220331641186572
9496,-3.3451205194038707,0.6220020624604512
9497,-1.1328307672898312,0.6219709623573282
9498,-1.5817154210300735,0.6219398638092103
9499,-2.387444858156927,0.6219087668160198
9500,-3.1494273849959056,0.621877671377679
9501,-3.1327128231899564,0.6218465774941101
9502,-2.849849738317258,0.6218154851652354
9503,-3.237298157891002,0.6217843943909772
9504,-1.3834197482203792,0.6217533051712577
9505,-3.3618300591407686,0.6217222175059991
9506,-1.124011188634873,0.6216911313951238
9507,-4.115968349965895,0.621660046838554
9508,-3.3800850709239585,0.6216289638362121
9509,-2.8027127180011977,0.6215978823880203
9510,-3.7622368979834357,0.6215668024939008
9511,-1.4591773517684312,0.6215357241537761
9512,-4.4562979661067335,0.6215046473675684
9513,-3.416920413448965,0.6214735721352
9514,-1.5777832727864092,0.6214424984565933
9515,-3.2107725932456574,0.6214114263316705
9516,-3.7669660994553538,0.6213803557603539
9517,-1.578190320591298,0.6213492867425658
9518,-3.614497762625036,0.6213182192782287
9519,-4.026922944494245,0.6212871533672648
9520,-4.822022805125323,0.6212560890095965
9521,-3.8014408774540995,0.6212250262051461
9522,-4.483404521987303,0.6211939649538358
9523,-4.7617254306931365,0.6211629052555881
9524,-4.320185293712891,0.6211318471103253
9525,-4.6717197472609255,0.6211007905179698
9526,-5.841659595257794,0.6210697354784439
9527,-4.2353990054715736,0.62103868199167
9528,-2.5068158125206983,0.6210076300575704
9529,-3.362048763235644,0.6209765796760676
9530,-3.3037667843957363,0.6209455308470838
9531,-3.755325047281481,0.6209144835705415
9532,-3.1780088371197044,0.6208834378463629
9533,-2.4190493774487996,0.6208523936744705
9534,-4.553351451986461,0.6208213510547869
9535,-4.499467006118126,0.6207903099872342
9536,-4.491827742946728,0.6207592704717348
9537,-4.74516983352456,0.6207282325082113
9538,-4.422576648442453,0.6206971960965859
9539,-3.525427290199344,0.6206661612367811
9540,-3.875374323590891,0.6206351279287192
9541,-4.800748959550375,0.6206040961723228
9542,-2.5877043901649044,0.6205730659675142
9543,-1.1839496674842882,0.6205420373142158
9544,-3.2256273338169343,0.62051101021235
9545,-1.3761260978486842,0.6204799846618394
9546,-4.091573719725873,0.6204489606626064
9547,-2.6442659663826884,0.6204179382145733
9548,-4.626745224735562,0.6203869173176625
9549,-1.3819851360849398,0.6203558979717966
9550,-4.071746172794201,0.620324880176898
9551,-1.1500895781644513,0.6202938639328892
9552,-4.045552402711557,0.6202628492396925
9553,-3.1591257859230373,0.6202318360972305
9554,-4.751894082590111,0.6202008245054257
9555,-4.395229193190598,0.6201698144642004
9556,-3.5213960849824315,0.6201388059734771
9557,-3.4235659149844384,0.6201077990331785
9558,-4.787502065397138,0.6200767936432268
9559,-2.219647907851766,0.6200457898035446
9560,-3.847199705664341,0.6200147875140545
9561,-3.24433112395727,0.6199837867746788
9562,-3.4835549325919075,0.6199527875853401
9563,-3.099445833883732,0.6199217899459608
9564,-3.372528825859651,0.6198907938564635
9565,-3.689914405237148,0.6198597993167707
9566,-1.7442464262715645,0.6198288063268049
9567,-4.156805731896934,0.6197978148864886
9568,-3.7823840148164933,0.6197668249957442
9569,-2.9021776529558094,0.6197358366544944
9570,-4.613849331248991,0.6197048498626616
9571,-2.292338036241297,0.6196738646201685
9572,-4.364276465492286,0.6196428809269375
9573,-3.888951356682823,0.6196118987828911
9574,-2.585283858017199,0.619580918187952
9575,-2.4179022527324605,0.6195499391420426
9576,-3.2415413895459393,0.6195189616450855
9577,-4.281785484711278,0.6194879856970033
9578,-2.9208446321823134,0.6194570112977184
9579,-3.088358295420372,0.6194260384471535
9580,-3.8125058014962807,0.6193950671452312
9581,-3.0783707899365296,0.6193640973918739
9582,-4.7733869793964745,0.6193331291870043
9583,-3.4940204850713448,0.619302162530545
9584,-4.213741483695722,0.6192711974224185
9585,-2.7534437779600225,0.6192402338625475
9586,-3.663849988268013,0.6192092718508543
9587,-4.294638057628217,0.6191783113872618
9588,-4.717639513809189,0.6191473524716924
9589,-3.877336034914746,0.6191163951040688
9590,-3.5330385476404746,0.6190854392843136
9591,-2.3853674305470824,0.6190544850123494
9592,-5.40119007368952,0.6190235322880988
9593,-1.2690777335760421,0.6189925811114844
9594,-4.973813812728439,0.6189616314824288
9595,-1.4007991243564266,0.6189306834008547
9596,-4.242767039581757,0.6188997368666846
9597,-3.9793027202051507,0.6188687918798413
9598,-1.413293125874258,0.6188378484402474
9599,-1.8052885808605306,0.6188069065478253
9600,-4.621815130337469,0.618775966202498
9601,-1.3230947309594177,0.6187450274041878
9602,-4.814515626533075,0.6187140901528176
9603,-4.399923297626161,0.61868315444831
9604,-4.90572142097551,0.6186522202905876
9605,-2.7766872375096896,0.6186212876795731
9606,-4.651364187469482,0.6185903566151891
9607,-3.889372676173048,0.6185594270973583
9608,-4.394084127856745,0.6185284991260035
9609,-4.179517825268027,0.6184975727010472
9610,-4.7088171895040976,0.6184666478224121
9611,-5.27277453046073,0.618435724490021
9612,-3.324166005511513,0.6184048027037965
9613,-2.544152173867839,0.6183738824636613
9614,-5.591311028685045,0.6183429637695381
9615,-2.2610579977765686,0.6183120466213496
9616,-3.7905134180907334,0.6182811310190186
9617,-3.454016155726393,0.6182502169624676
9618,-3.579563395755363,0.6182193044516195
9619,-3.305225734911175,0.618188393486397
9620,-4.62631747069474,0.6181574840667227
9621,-3.6052474751833157,0.6181265761925193
9622,-3.965216006517147,0.6180956698637097
9623,-3.655152568320405,0.6180647650802165
9624,-4.324671388874135,0.6180338618419624
9625,-3.807021798052511,0.6180029601488704
9626,-3.7831624091321148,0.6179720600008629
9627,-4.426295433522605,0.6179411613978629
9628,-3.795758069368966,0.617910264339793
9629,-3.8079632690704717,0.617879368826576
9630,-3.917535915277639,0.6178484748581347
9631,-4.3587469917553525,0.6178175824343918
9632,-5.022611980779748,0.6177866915552701
9633,-4.1535820859714025,0.6177558022206924
9634,-4.782713624126499,0.6177249144305813
9635,-4.1070463446511845,0.6176940281848597
9636,-3.706818983521889,0.6176631434834505
9637,-4.292019529862268,0.6176322603262764
9638,-4.64789041991092,0.61760137871326
9639,-4.531773552634259,0.6175704986443243
9640,-3.9564978070323935,0.6175396201193921
9641,-1.7121605094630241,0.6175087431383861
9642,-3.111191281320191,0.6174778677012291
9643,-1.3857710802738006,0.6174469938078441
9644,-4.238396465158949,0.6174161214581537
9645,-2.150963399199073,0.6173852506520808
9646,-3.976954336680399,0.6173543813895482
9647,-3.9736347613523604,0.6173235136704788
9648,-3.1031422492582337,0.6172926474947953
9649,-3.3616138643161655,0.6172617828624205
9650,-3.0686541094420656,0.6172309197732774
9651,-1.3248629537144558,0.6172000582272887
9652,-3.923029545640092,0.6171691982243773
9653,-4.515719835135043,0.6171383397644661
9654,-2.655633495839399,0.6171074828474779
9655,-4.539808922805207,0.6170766274733355
9656,-4.485412600211865,0.6170457736419618
9657,-2.8906175813781565,0.6170149213532797
9658,-3.047100373649191,0.616984070607212
9659,-1.6156978215288964,0.6169532214036817
9660,-3.439433660148221,0.6169223737426115
9661,-4.19219823327608,0.6168915276239244
9662,-3.403492348193415,0.6168606830475433
9663,-1.5911781328669996,0.6168298400133909
9664,-3.813790018198665,0.6167989985213902
9665,-3.271650477070861,0.6167681585714642
9666,-1.4802470636433842,0.6167373201635356
9667,-4.101486824698967,0.6167064832975274
9668,-1.4959021570688726,0.6166756479733625
9669,-4.334856071011003,0.6166448141909638
9670,-2.930074219261323,0.6166139819502543
9671,-4.472371228615176,0.6165831512511568
9672,-3.4948936044367995,0.6165523220935942
9673,-4.213446143633822,0.6165214944774896
9674,-4.574583146175297,0.6164906684027658
9675,-3.1566533909549084,0.6164598438693456
9676,-3.496428219693566,0.6164290208771521
9677,-2.200060131765937,0.6163981994261083
9678,-4.319935099575151,0.616367379516137
9679,-4.503353311473418,0.6163365611471612
9680,-4.1016145424260815,0.6163057443191038
9681,-3.1134226794749287,0.6162749290318879
9682,-4.682684128523967,0.6162441152854362
9683,-4.201578442035406,0.6162133030796719
9684,-2.07899722537286,0.616182492414518
9685,-3.632127421055516,0.6161516832898972
9686,-1.6914791526283692,0.6161208757057327
9687,-3.0348373859327804,0.6160900696619475
9688,-4.255378285476165,0.6160592651584643
9689,-5.337707870235016,0.6160284621952063
9690,-4.589463840582116,0.6159976607720966
9691,-2.0224041408664974,0.615966860889058
9692,-3.15986895922884,0.6159360625460136
9693,-4.94933171175879,0.6159052657428863
9694,-2.737057401385753,0.6158744704795992
9695,-4.136039011350217,0.6158436767560752
9696,-4.851465015527594,0.6158128845722374
9697,-6.288200601718,0.6157820939280088
9698,-5.235832181865126,0.6157513048233123
9699,-4.188617511292371,0.6157205172580712
9700,-4.807984932479964,0.6156897312322083
9701,-4.466460072866333,0.6156589467456467
9702,-2.2435074527974033,0.6156281637983094
9703,-4.795335021013515,0.6155973823901195
9704,-3.4814396316242733,0.615566602521
9705,-2.02512504797393,0.615535824190874
9706,-1.6620151561435677,0.6155050473996645
9707,-5.12339829631354,0.6154742721472946
9708,-3.9588442746097554,0.6154434984336872
9709,-4.162605482156337,0.6154127262587655
9710,-5.054118333351285,0.6153819556224526
9711,-2.751778937641942,0.6153511865246715
9712,-4.918019099927952,0.6153204189653453
9713,-2.9909821723782493,0.615289652944397
9714,-4.320099834616778,0.6152588884617497
9715,-4.960745750792341,0.6152281255173266
9716,-5.399986665941613,0.6151973641110507
9717,-4.134451994346822,0.6151666042428452
9718,-4.82932092697346,0.615135845912633
9719,-3.521252956734788,0.6151050891203375
9720,-2.7609708946164493,0.6150743338658814
9721,-3.9345649729481464,0.6150435801491881
9722,-4.168202228472128,0.6150128279701806
9723,-4.255378013557593,0.6149820773287822
9724,-5.281448578569327,0.6149513282249157
9725,-4.980829747917079,0.6149205806585045
9726,-5.291759630415096,0.6148898346294716
9727,-2.7592400532184653,0.6148590901377401
9728,-5.824443872405928,0.6148283471832332
9729,-2.0089449913911177,0.6147976057658741
9730,-4.563733844054038,0.6147668658855857
9731,-4.136558153589553,0.6147361275422915
9732,-3.7882999466451515,0.6147053907359143
9733,-4.314672210283067,0.6146746554663776
9734,-3.930465160675216,0.6146439217336043
9735,-4.041859726504668,0.6146131895375176
9736,-3.4394783885573776,0.6145824588780407
9737,-4.899766556824255,0.6145517297550969
9738,-4.334524072269291,0.6145210021686092
9739,-2.29904712848015,0.6144902761185007
9740,-1.5465619300463604,0.6144595516046948
9741,-1.6598128594436634,0.6144288286271146
9742,-2.0385361959849018,0.6143981071856832
9743,-1.7082007562488601,0.6143673872803239
9744,-2.0555619434030774,0.61433666891096
9745,-1.8739756946321116,0.6143059520775144
9746,-3.7769868658228054,0.6142752367799105
9747,-3.217841853702129,0.6142445230180715
9748,-1.6386166049760622,0.6142138107919206
9749,-4.280844730112856,0.614183100101381
9750,-1.7642209951327157,0.614152390946376
9751,-1.686286567245302,0.6141216833268287
9752,-2.896956549651966,0.6140909772426624
9753,-3.630880462241665,0.6140602726938003
9754,-2.4507270553616975,0.6140295696801655
9755,-3.4343534912951017,0.6139988682016815
9756,-2.107853797019423,0.6139681682582714
9757,-3.940422645943502,0.6139374698498585
9758,-1.9619211651243962,0.6139067729763661
9759,-4.110240408450064,0.6138760776377172
9760,-4.342180048215951,0.6138453838338354
9761,-2.311698834262801,0.6138146915646436
9762,-3.9349822859745824,0.6137840008300655
9763,-4.497403397536921,0.613753311630024
9764,-2.3052262704591633,0.6137226239644425
9765,-4.518173932047272,0.6136919378332444
9766,-4.34556670430716,0.6136612532363527
9767,-5.128358341938595,0.6136305701736908
9768,-3.8504907162288893,0.6135998886451821
9769,-4.808247721422792,0.6135692086507498
9770,-4.943004390575437,0.6135385301903172
9771,-4.337494849729666,0.6135078532638077
9772,-2.11495488229313,0.6134771778711445
9773,-3.952320652701688,0.613446504012251
9774,-4.268097988417823,0.6134158316870504
9775,-4.968549513782495,0.613385160895466
9776,-1.5202725372018744,0.6133544916374213
9777,-4.171302266964516,0.6133238239128395
9778,-4.9987194139512265,0.6132931577216438
9779,-4.917578357657693,0.6132624930637578
9780,-4.818080529976384,0.6132318299391046
9781,-3.5042832622375144,0.6132011683476076
9782,-4.210819765463723,0.6131705082891903
9783,-5.099688554209922,0.6131398497637758
9784,-5.048318259439796,0.6131091927712876
9785,-3.8928275298469552,0.6130785373116491
9786,-4.53999671779899,0.6130478833847834
9787,-3.95314470343171,0.6130172309906142
9788,-4.216163737301418,0.6129865801290647
9789,-4.041114440910773,0.6129559308000583
9790,-4.332339243297746,0.6129252830035182
9791,-4.008301816946398,0.6128946367393681
9792,-5.283664096148337,0.612863992007531
9793,-4.082714601874379,0.6128333488079307
9794,-5.093205852932747,0.6128027071404903
9795,-3.7497383425415993,0.6127720670051333
9796,-5.22361013958124,0.612741428401783
9797,-3.1151917100238307,0.612710791330363
9798,-3.3355765372328223,0.6126801557907965
9799,-4.333364909852412,0.6126495217830069
9800,-3.9602912755819792,0.6126188893069178
9801,-2.5108187855241093,0.6125882583624525
9802,-3.4931797950277814,0.6125576289495344
9803,-3.3552645882497885,0.6125270010680869
9804,-3.4764344300896615,0.6124963747180335
9805,-5.303386507155224,0.6124657498992976
9806,-3.865431687805539,0.6124351266118027
9807,-4.70871897419145,0.612404504855472
9808,-4.352136079909293,0.6123738846302292
9809,-4.243742999169902,0.6123432659359977
9810,-3.836457031850035,0.612312648772701
9811,-4.073600246091102,0.6122820331402623
9812,-4.640268390744062,0.6122514190386052
9813,-3.4146272018734956,0.6122208064676533
9814,-4.124668527801823,0.6121901954273299
9815,-4.173507136573439,0.6121595859175585
9816,-4.70803302788678,0.6121289779382626
9817,-5.610013697803748,0.6120983714893656
9818,-4.324091736356367,0.6120677665707912
9819,-3.8545216944431573,0.6120371631824627
9820,-4.294229954326749,0.6120065613243035
9821,-3.4359817717983345,0.6119759609962373
9822,-4.793766554289325,0.6119453621981875
9823,-3.5438134342814163,0.6119147649300776
9824,-5.602780306035788,0.6118841691918311
9825,-4.246317492959253,0.6118535749833715
9826,-4.564643133173641,0.6118229823046223
9827,-2.529014505269168,0.6117923911555071
9828,-5.719466619481115,0.6117618015359493
9829,-5.234871443211059,0.6117312134458724
9830,-3.6042668247228873,0.6117006268852001
9831,-3.3255368012321145,0.6116700418538559
9832,-4.916020718382045,0.6116394583517631
9833,-4.292378155719179,0.6116088763788455
9834,-4.059474284485722,0.6115782959350266
9835,-1.1839496674842882,0.6115477170202298
9836,-1.5059352380929156,0.6115171396343788
9837,-2.4277052281892755,0.6114865637773971
9838,-3.663422024327061,0.6114559894492082
9839,-3.8105927681268423,0.6114254166497357
9840,-3.944194949896591,0.6113948453789032
9841,-1.3573981197343674,0.6113642756366343
9842,-3.6690896582794448,0.6113337074228525
9843,-2.8046140176718746,0.6113031407374814
9844,-3.249668749704094,0.6112725755804445
9845,-2.7654738397382737,0.6112420119516654
9846,-2.7909642531598586,0.6112114498510678
9847,-3.2949099605395333,0.6111808892785753
9848,-2.228091623752384,0.6111503302341114
9849,-3.164240095394741,0.6111197727175997
9850,-4.0668941660156515,0.6110892167289638
9851,-4.15279424493315,0.6110586622681273
9852,-1.1591298066154836,0.611028109335014
9853,-1.214484990687556,0.6109975579295472
9854,-3.712418510509978,0.6109670080516507
9855,-3.088156049392054,0.6109364597012481
9856,-4.0046352450289024,0.610905912878263
9857,-2.9653560797103364,0.6108753675826191
9858,-1.7442464262715645,0.61084482381424
9859,-3.978909142835178,0.6108142815730493
9860,-3.7823840148164933,0.6107837408589707
9861,-1.0320886965461389,0.6107532016719277
9862,-3.7043568610793356,0.6107226640118442
9863,-4.367937248535532,0.6106921278786436
9864,-2.0736422282176132,0.6106615932722497
9865,-3.888951356682823,0.6106310601925861
9866,-4.679209071961302,0.6106005286395765
9867,-2.223678762846584,0.6105699986131445
9868,-4.6342664310483475,0.6105394701132139
9869,-3.3477795919655433,0.6105089431397082
9870,-4.89500882325721,0.6104784176925512
9871,-3.8404538915764217,0.6104478937716665
9872,-4.276551828326179,0.6104173713769779
9873,-2.0164520061947933,0.6103868505084091
9874,-3.4142270461925444,0.6103563311658837
9875,-3.6938132818860288,0.6103258133493255
9876,-4.913384389404692,0.610295297058658
9877,-4.686011554239065,0.6102647822938051
9878,-4.125015454427932,0.6102342690546904
9879,-4.517549867426957,0.6102037573412377
9880,-1.880617252221794,0.6101732471533706
9881,-5.056710058438014,0.610142738491013
9882,-3.3782576815921823,0.6101122313540884
9883,-1.8950507123964462,0.6100817257425207
9884,-5.051888556774111,0.6100512216562336
9885,-3.158065154237196,0.6100207190951508
9886,-4.273365602690112,0.6099902180591961
9887,-4.820792034504571,0.6099597185482931
9888,-5.721457017028636,0.6099292205623658
9889,-4.919437237255737,0.6098987241013376
9890,-4.41954132216255,0.6098682291651325
9891,-1.798246538428681,0.6098377357536743
9892,-2.1776755042713987,0.6098072438668866
9893,-4.3325523057502835,0.6097767535046932
9894,-4.689682271108156,0.609746264667018
9895,-4.928837691426292,0.6097157773537847
9896,-5.227644037999491,0.609685291564917
9897,-4.118131862702495,0.6096548073003388
9898,-4.250424478154556,0.6096243245599738
9899,-4.335020176657145,0.6095938433437459
9900,-5.234328188300429,0.6095633636515787
9901,-4.573440392245141,0.6095328854833961
9902,-4.499701694269371,0.609502408839122
9903,-4.887279144202578,0.60947193371868
9904,-4.887934563524843,0.6094414601219941
9905,-4.3277259913658135,0.609410988048988
9906,-4.123366292450731,0.6093805174995856
9907,-4.34940080189185,0.6093500484737105
9908,-3.771951248003815,0.6093195809712869
9909,-2.760929059877168,0.6092891149922384
9910,-4.122725684264999,0.6092586505364888
9911,-3.816637843127983,0.6092281876039619
9912,-4.535472738652163,0.6091977261945817
9913,-3.631075828689818,0.609167266308272
9914,-4.933796789372439,0.6091368079449566
9915,-2.6016952921940857,0.6091063511045594
9916,-5.33443369831942,0.6090758957870042
9917,-6.178505673742211,0.6090454419922148
9918,-4.846182859867579,0.6090149897201151
9919,-4.194249843251402,0.6089845389706291
9920,-5.536855917159034,0.6089540897436806
9921,-4.3770815987985925,0.6089236420391934
9922,-3.6800149182006954,0.6088931958570915
9923,-5.726654963112518,0.6088627511972986
9924,-5.4788122668215555,0.6088323080597388
9925,-3.3163985763743002,0.6088018664443358
9926,-5.399322130798364,0.6087714263510136
9927,-4.367486947441995,0.608740987779696
9928,-5.017061990515312,0.608710550730307
9929,-5.3366578797966175,0.6086801152027704
9930,-3.857789702352962,0.6086496811970104
9931,-3.6990248388900104,0.6086192487129505
9932,-4.524017137755819,0.6085888177505149
9933,-3.090074198787495,0.6085583883096274
9934,-1.9107296173159716,0.608527960390212
9935,-2.179552490616438,0.6084975339921924
9936,-1.4973671709296732,0.6084671091154928
9937,-1.4510780909453893,0.6084366857600371
9938,-1.1255261099630804,0.608406263925749
9939,-4.2775920656104685,0.6083758436125527
9940,-3.296165432722387,0.6083454248203721
9941,-4.840249320328827,0.6083150075491311
9942,-2.1738530517518395,0.6082845917987537
9943,-3.2714069643484214,0.6082541775691638
9944,-1.2816620029987247,0.6082237648602853
9945,-3.001093893800629,0.6081933536720423
9946,-5.064758709658772,0.6081629440043587
9947,-3.610752313289418,0.6081325358571584
9948,-3.6114362665341186,0.6081021292303656
9949,-3.5384017703262733,0.6080717241239041
9950,-4.779316894224997,0.6080413205376979
9951,-3.268351476887924,0.608010918471671
9952,-3.7721192166051383,0.6079805179257474
9953,-4.598740776504828,0.6079501188998511
9954,-3.360860135071434,0.607919721393906
9955,-4.205041221896935,0.6078893254078364
9956,-4.330014735276295,0.607858930941566
9957,-2.8263641331175973,0.6078285379950189
9958,-3.534141497190567,0.6077981465681191
9959,-4.508226846307153,0.6077677566607907
9960,-4.102467922163255,0.6077373682729577
9961,-4.835088802585654,0.607706981404544
9962,-4.351218308717629,0.6076765960554739
9963,-3.780030500502359,0.6076462122256711
9964,-4.850243749717178,0.6076158299150598
9965,-4.592800789153692,0.607585449123564
9966,-4.306917270488454,0.6075550698511079
9967,-4.884407049469948,0.6075246920976153
9968,-4.96304675101123,0.6074943158630104
9969,-4.581068014209948,0.6074639411472172
9970,-3.992653001002476,0.6074335679501599
9971,-3.3926755941980318,0.6074031962717624
9972,-6.3383230374886566,0.6073728261119489
9973,-3.7562069525915747,0.6073424574706433
9974,-3.144011686837487,0.6073120903477698
9975,-4.005431911676705,0.6072817247432524
9976,-1.1785368739050837,0.6072513606570152
9977,-5.187974121925263,0.6072209980889824
9978,-5.524619571928422,0.607190637039078
9979,-5.706610343981317,0.6071602775072261
9980,-3.2439458704544912,0.6071299194933507
9981,-3.29810504691039,0.607099562997376
9982,-2.139261920156259,0.6070692080192261
9983,-4.457289070229548,0.6070388545588252
9984,-2.3150259550055425,0.6070085026160973
9985,-1.9424202362533454,0.6069781521909665
9986,-2.293688221950383,0.606947803283357
9987,-4.8623002898082355,0.6069174558931928
9988,-3.7371044225377736,0.6068871100203982
9989,-4.427618170481212,0.6068567656648972
9990,-5.747076823010134,0.6068264228266139
9991,-3.1055303310656055,0.6067960815054726
9992,-4.878186506346563,0.6067657417013973
9993,-5.453205477322809,0.6067354034143122
9994,-3.8839349194618777,0.6067050666441415
9995,-4.381505227941185,0.6066747313908093
9996,-2.842942172190292,0.6066443976542397
9997,-2.432578151400806,0.606614065434357
9998,-4.3685566921957575,0.6065837347310853
9999,-4.79511918271883,0.6065534055443488
10000,-2.7073475927673547,0.6065230778740716
10001,-3.6323921749076846,0.6064927517201779
10002,-4.202789785031298,0.6064624270825919
10003,-4.939121573872146,0.6064321039612378
10004,-3.7359357973456278,0.6064017823560397
10005,-3.535856599030166,0.6063714622669218
10006,-2.9214421724329136,0.6063411436938085
10007,-2.445560190585764,0.6063108266366238
10008,-5.590649468351,0.606280511095292
10009,-5.216230093561712,0.6062501970697373
10010,-4.068886307625974,0.6062198845598837
10011,-3.0111552718575654,0.6061895735656557
10012,-3.8061686390002327,0.6061592640869774
10013,-4.992009615618397,0.606128956123773
10014,-4.166218133552361,0.6060986496759668
10015,-4.080552542952757,0.606068344743483
10016,-5.054866116466078,0.6060380413262458
10017,-4.118228818491555,0.6060077394241795
10018,-3.5414401804601923,0.6059774390372084
10019,-3.8871994206443876,0.6059471401652565
10020,-4.834246144055889,0.6059168428082483
10021,-5.1913465559170415,0.6058865469661079
10022,-3.785995692414983,0.6058562526387595
10023,-4.84589256149018,0.6058259598261276
10024,-3.3660364693844587,0.6057956685281364
10025,-5.510984461395226,0.6057653787447099
10026,-4.16891129901401,0.6057350904757727
10027,-3.849982745753728,0.6057048037212489
10028,-5.8925502626847726,0.6056745184810628
10029,-1.8840007079687484,0.6056442347551387
10030,-1.5236277641091194,0.605613952543401
10031,-3.883130099085531,0.6055836718457739
10032,-3.2300323928631705,0.6055533926621816
10033,-5.24476423333871,0.6055231149925484
10034,-4.310349981503821,0.6054928388367988
10035,-3.77297093859042,0.605462564194857
10036,-3.0048415351572872,0.6054322910666473
10037,-3.6147011535268163,0.6054020194520939
10038,-3.945417689485678,0.6053717493511214
10039,-1.9889113273062264,0.6053414807636538
10040,-3.1735174686588525,0.6053112136896156
10041,-4.137019208942394,0.6052809481289311
10042,-1.6766848046338638,0.6052506840815246
10043,-1.9105240063971434,0.6052204215473206
10044,-4.109931317955734,0.6051901605262432
10045,-1.6550620056078627,0.6051599010182169
10046,-3.4124258712357114,0.6051296430231661
10047,-1.7196154717179046,0.6050993865410149
10048,-4.073975959973758,0.6050691315716878
10049,-2.6829840746533686,0.6050388781151093
10050,-3.737029678065881,0.6050086261712035
10051,-1.4199873017358335,0.604978375739895
10052,-4.194159560365808,0.604948126821108
10053,-4.224670026431811,0.6049178794147669
10054,-4.746000820431378,0.6048876335207962
10055,-3.0230831145106447,0.6048573891391202
10056,-4.619123570140463,0.6048271462696633
10057,-4.959159070584027,0.6047969049123498
10058,-4.124597237616371,0.6047666650671042
10059,-3.5274258462773487,0.6047364267338509
10060,-1.9171334538404967,0.6047061899125141
10061,-3.5641498055638663,0.6046759546030185
10062,-4.098316961360272,0.6046457208052883
10063,-2.4702562304320623,0.6046154885192481
10064,-3.7587662493476715,0.6045852577448221
10065,-2.8268706990916765,0.6045550284819349
10066,-3.1789038533975855,0.6045248007305107
10067,-3.389168263299985,0.6044945744904742
10068,-3.6742382332795875,0.6044643497617497
10069,-3.065444294650094,0.6044341265442615
10070,-3.105394185888441,0.6044039048379344
10071,-3.1659551728298494,0.6043736846426925
10072,-1.5240883537292222,0.6043434659584603
10073,-3.199154729145971,0.6043132487851625
10074,-2.92652151228309,0.6042830331227232
10075,-4.327818746759389,0.6042528189710671
10076,-3.7390610204218246,0.6042226063301185
10077,-4.343907026693493,0.604192395199802
10078,-3.1439128200552036,0.604162185580042
10079,-2.437143756140527,0.604131977470763
10080,-2.3110968457260275,0.6041017708718894
10081,-4.758082879670361,0.6040715657833459
10082,-2.69252921778361,0.6040413622050567
10083,-4.892950630872518,0.6040111601369464
10084,-4.811525647660549,0.6039809595789396
10085,-4.036593964946926,0.6039507605309606
10086,-2.4541741506057164,0.6039205629929341
10087,-4.343426256234208,0.6038903669647844
10088,-3.931222704489736,0.6038601724464362
10089,-5.999211272236561,0.6038299794378139
10090,-1.337627102747385,0.603799787938842
10091,-4.679293484635053,0.6037695979494451
10092,-3.814398405794117,0.6037394094695476
10093,-3.2190594888633437,0.6037092224990741
10094,-3.0860692384318944,0.6036790370379491
10095,-3.3629287898574893,0.6036488530860972
10096,-3.083391616097584,0.6036186706434429
10097,-4.672332494376496,0.6035884897099107
10098,-2.30540303570478,0.6035583102854253
10099,-3.8737000758970437,0.603528132369911
10100,-3.6119668391767297,0.6034979559632925
10101,-4.437699419764312,0.6034677810654944
10102,-3.504178540527546,0.6034376076764411
10103,-4.102473865583979,0.6034074357960573
10104,-2.878183236965798,0.6033772654242675
10105,-4.654522924971021,0.6033470965609963
10106,-3.5695923842851083,0.6033169292061682
10107,-4.278173133064737,0.6032867633597079
10108,-4.469252210331858,0.6032565990215399
10109,-3.3292466157044984,0.6032264361915889
10110,-2.9552497693899515,0.6031962748697793
10111,-4.678189185954425,0.6031661150560359
10112,-4.15291566629469,0.6031359567502831
10113,-2.7207292162303958,0.6031057999524456
10114,-3.4400855511674777,0.603075644662448
10115,-4.417368245943203,0.6030454908802149
10116,-3.3647585288658775,0.6030153386056708
10117,-4.340668673196905,0.6029851878387406
10118,-5.501569390238261,0.6029550385793486
10119,-3.86177448560941,0.6029248908274196
10120,-4.893006992784422,0.6028947445828783
10121,-2.4835536513233745,0.6028645998456491
10122,-4.3434183052527136,0.6028344566156568
10123,-2.9448634420211186,0.602804314892826
10124,-4.061697952975323,0.6027741746770814
10125,-4.468873752072728,0.6027440359683476
10126,-2.0383293939614306,0.6027138987665491
10127,-2.808096936166616,0.6026837630716108
10128,-3.2289941272174723,0.6026536288834572
10129,-3.918147740330023,0.602623496202013
10130,-3.485383151491678,0.602593365027203
10131,-4.4372704476788405,0.6025632353589516
10132,-3.5743160225563932,0.6025331071971837
10133,-3.911656418523404,0.6025029805418238
10134,-3.3335158059064973,0.6024728553927967
10135,-1.4749061467731353,0.602442731750027
10136,-3.4469358323373456,0.6024126096134396
10137,-2.082761231554715,0.6023824889829589
10138,-1.037427982288727,0.6023523698585097
10139,-3.77970352743127,0.6023222522400168
10140,-2.6008332496684083,0.6022921361274048
10141,-3.161780396881462,0.6022620215205985
10142,-3.4325926497698127,0.6022319084195225
10143,-3.1215454865096004,0.6022017968241015
10144,-3.9986080356983438,0.6021716867342602
10145,-3.27426951306267,0.6021415781499235
10146,-3.5439583779810073,0.602111471071016
10147,-4.590588689242484,0.6020813654974625
10148,-3.527922135246911,0.6020512614291876
10149,-3.6295615416300073,0.6020211588661162
10150,-2.169366308755648,0.6019910578081729
10151,-3.7242884310979667,0.6019609582552825
10152,-2.685994949805232,0.6019308602073697
10153,-3.5647745933993202,0.6019007636643594
10154,-0.7062783959969432,0.6018706686261762
10155,-3.5153292142203183,0.6018405750927449
10156,-2.88521742474808,0.6018104830639903
10157,-2.661440162883137,0.6017803925398372
10158,-4.4653888011846306,0.6017503035202102
10159,-3.6016401465592214,0.6017202160050342
10160,-1.434243163095105,0.601690129994234
10161,-2.864856757701152,0.6016600454877343
10162,-1.921779027890063,0.60162996248546
10163,-1.9322491783907112,0.6015998809873357
10164,-2.563685034794784,0.6015698009932864
10165,-2.038670794576633,0.6015397225032367
10166,-3.1210555430911486,0.6015096455171116
10167,-3.830323297698603,0.6014795700348358
10168,-0.9899674682469735,0.601449496056334
10169,-3.194866232523642,0.6014194235815312
10170,-1.939949078478059,0.6013893526103522
10171,-4.157541363924096,0.6013592831427217
10172,-4.351677528774264,0.6013292151785645
10173,-3.1657413282504545,0.6012991487178057
10174,-4.115707871583794,0.6012690837603698
10175,-5.234284787891874,0.6012390203061818
10176,-4.8935198922428,0.6012089583551665
10177,-2.652536547110458,0.6011788979072488
10178,-4.370395970808071,0.6011488389623534
10179,-4.728398242346081,0.6011187815204053
10180,-3.8186103851602735,0.6010887255813293
10181,-2.6688211976730307,0.6010586711450503
10182,-4.244978387921409,0.601028618211493
10183,-4.83804078163758,0.6009985667805824
10184,-4.51617199024461,0.6009685168522434
10185,-3.187414341174123,0.6009384684264008
10186,-2.567605246614632,0.6009084215029794
10187,-4.214399404684796,0.6008783760819043
10188,-1.2680706355880227,0.6008483321631002
10189,-1.9413083873527865,0.600818289746492
10190,-3.6979923001145387,0.6007882488320047
10191,-3.1803390261678635,0.600758209419563
10192,-4.596060957683626,0.6007281715090921
10193,-2.697622840549009,0.6006981351005166
10194,-3.864803610221032,0.6006681001937616
10195,-2.494003834083409,0.6006380667887519
10196,-4.292318221042703,0.6006080348854125
10197,-3.655956140083273,0.6005780044836682
10198,-4.410680076874884,0.600547975583444
10199,-4.170137641372401,0.6005179481846648
10200,-3.247323864272401,0.6004879222872556
10201,-2.603769657398183,0.6004578978911412
10202,-4.425303664696351,0.6004278749962467
10203,-4.299296670859934,0.6003978536024969
10204,-2.5328307921147397,0.6003678337098167
10205,-3.454880468801113,0.6003378153181312
10206,-3.3444718312118176,0.6003077984273654
10207,-5.37260403679476,0.6002777830374441
10208,-3.792861403909207,0.6002477691482921
10209,-3.307549540799268,0.6002177567598347
10210,-5.683338962812181,0.6001877458719967
10211,-4.441288124678013,0.6001577364847032
10212,-3.5332597882823875,0.6001277285978789
10213,-2.9482333421961573,0.600097722211449
10214,-4.772446817435977,0.6000677173253384
10215,-2.3070060187063532,0.6000377139394721
10216,-4.284774939003784,0.6000077120537751
10217,-5.077304767683973,0.5999777116681725
10218,-5.73091591078378,0.5999477127825891
10219,-3.4514018782992615,0.5999177153969499
10220,-3.5854511153076913,0.5998877195111801
10221,-2.9106485308914065,0.5998577251252046
10222,-2.5203198004909697,0.5998277322389484
10223,-4.47649161510463,0.5997977408523364
10224,-2.9570631963903664,0.5997677509652938
10225,-3.1975316636243347,0.5997377625777455
10226,-1.5188192944101668,0.5997077756896166
10227,-2.0413033631185478,0.5996777903008321
10228,-1.7664908342433334,0.5996478064113171
10229,-4.413994925323843,0.5996178240209965
10230,-2.493902316641982,0.5995878431297954
10231,-1.5603620812881078,0.599557863737639
10232,-3.9390557752325246,0.599527885844452
10233,-2.600496975412176,0.5994979094501598
10234,-3.4094946072373205,0.5994679345546873
10235,-2.0961771587767988,0.5994379611579596
10236,-4.297039514727995,0.5994079892599017
10237,-1.8352754186770077,0.5993780188604387
10238,-2.6254494921243476,0.5993480499594958
10239,-3.8331396583250976,0.5993180825569978
10240,-2.644930069009295,0.59928811665287
10241,-2.125036364992562,0.5992581522470373
10242,-2.113581182561572,0.5992281893394249
10243,-4.101167377513158,0.5991982279299579
10244,-4.05090439259023,0.5991682680185614
10245,-3.1906557787945777,0.5991383096051605
10246,-3.681355823407925,0.5991083526896802
10247,-2.0964735539031425,0.5990783972720457
10248,-2.8096803935089247,0.5990484433521821
10249,-1.813827524098806,0.5990184909300145
10250,-2.996349231670658,0.598988540005468
10251,-3.6595083488132043,0.5989585905784677
10252,-5.404870904098841,0.5989286426489387
10253,-3.708782704931206,0.5988986962168064
10254,-2.0375614953591943,0.5988687512819956
10255,-1.8999165660304271,0.5988388078444314
10256,-4.208091067079909,0.5988088659040393
10257,-2.0079552915474994,0.5987789254607441
10258,-1.7685624839160017,0.5987489865144711
10259,-3.2836329907439286,0.5987190490651454
10260,-3.799814009554977,0.5986891131126921
10261,-3.2643085656569406,0.5986591786570366
10262,-3.7254706286265864,0.5986292456981037
10263,-3.1693779532909474,0.5985993142358188
10264,-3.5841438586706404,0.598569384270107
10265,-3.06388481293542,0.5985394558008935
10266,-3.0067676345712018,0.5985095288281035
10267,-4.025867703474729,0.5984796033516621
10268,-3.245911581045039,0.5984496793714945
10269,-3.498178107787556,0.5984197568875259
10270,-4.026222398355934,0.5983898358996815
10271,-4.698243480972645,0.5983599164078865
10272,-1.7248831688682937,0.5983299984120661
10273,-1.9962538472776055,0.5983000819121456
10274,-3.0403855207250317,0.59827016690805
10275,-4.070912126796252,0.5982402533997047
10276,-3.39427073415665,0.5982103413870347
10277,-3.1942107800129445,0.5981804308699653
10278,-3.097679152265014,0.5981505218484218
10279,-3.590697768401369,0.5981206143223293
10280,-2.8311128706942608,0.5980907082916133
10281,-4.47803023149487,0.5980608037561986
10282,-3.2192483630966557,0.5980309007160108
10283,-3.229947827724712,0.598000999170975
10284,-1.7087373699494375,0.5979710991210165
10285,-3.9580479228027645,0.5979412005660605
10286,-2.804560917458349,0.5979113035060322
10287,-4.120991721529126,0.5978814079408569
10288,-2.814240126138248,0.5978515138704599
10289,-4.484741791288643,0.5978216212947663
10290,-2.7581926571365085,0.5977917302137016
10291,-3.4178406215584065,0.5977618406271908
10292,-3.816268211845123,0.5977319525351595
10293,-2.872663368943997,0.5977020659375328
10294,-3.4744691259049496,0.597672180834236
10295,-4.898619181625162,0.5976422972251944
10296,-4.5846418827661175,0.5976124151103331
10297,-2.6732436907386106,0.5975825344895777
10298,-4.367947320306375,0.5975526553628532
10299,-4.878855875753898,0.597522777730085
10300,-1.5486197835791398,0.5974929015911985
10301,-4.104104898427378,0.597463026946119
10302,-3.8600327527008,0.5974331537947717
10303,-1.3470091647936997,0.5974032821370819
10304,-5.300032302080495,0.5973734119729751
10305,-3.7032720782823896,0.5973435433023765
10306,-3.487091751788266,0.5973136761252114
10307,-4.1555865236734055,0.5972838104414051
10308,-4.464772040396616,0.597253946250883
10309,-1.5038701537034371,0.5972240835535705
10310,-5.589971471423033,0.5971942223493928
10311,-4.3204954969340665,0.5971643626382753
10312,-4.881033723260419,0.5971345044201434
10313,-4.10244508554773,0.5971046476949223
10314,-2.088812294017109,0.5970747924625376
10315,-4.151582044298939,0.5970449387229144
10316,-4.4387918754419005,0.5970150864759782
10317,-5.100020758615906,0.5969852357216544
10318,-4.752377587706572,0.5969553864598683
10319,-2.477644044100241,0.5969255386905453
10320,-5.09547441864646,0.5968956924136108
10321,-3.3506489694350936,0.5968658476289902
10322,-3.900450266577892,0.5968360043366088
10323,-1.42623439271291,0.596806162536392
10324,-3.509498657771185,0.5967763222282652
10325,-3.7137001698039884,0.5967464834121537
10326,-3.3335187087834557,0.5967166460879831
10327,-3.6529860007071635,0.5966868102556787
10328,-3.5322949379715447,0.596656975915166
10329,-2.4728118984061034,0.5966271430663702
10330,-3.7288492612134063,0.5965973117092169
10331,-2.37925936338305,0.5965674818436315
10332,-3.0320258766730395,0.5965376534695394
10333,-3.2324405068158804,0.5965078265868659
10334,-1.2381582193953389,0.5964780011955365
10335,-4.202239705752732,0.5964481772954767
10336,-1.7020795336887509,0.596418354886612
10337,-1.6429180858427306,0.5963885339688677
10338,-4.257607600663997,0.5963587145421693
10339,-3.495752331942011,0.5963288966064422
10340,-2.8428552192296417,0.5962990801616118
10341,-3.1900879035743035,0.5962692652076037
10342,-3.6936344577514144,0.5962394517443433
10343,-4.124059968126322,0.5962096397717561
10344,-3.349628836639665,0.5961798292897675
10345,-3.042828831307431,0.5961500202983031
10346,-3.0041198499300936,0.5961202127972882
10347,-3.1533012523253436,0.5960904067866484
10348,-2.359417329586573,0.5960606022663091
10349,-1.3545104335715117,0.5960307992361957
10350,-1.4435626855835233,0.5960009976962339
10351,-3.8233939458864654,0.5959711976463491
10352,-3.030315211249017,0.5959413990864668
10353,-3.6105212742669774,0.5959116020165125
10354,-4.050522670619185,0.5958818064364116
10355,-3.224442029209846,0.5958520123460899
10356,-1.2528388604910679,0.5958222197454726
10357,-3.539224362277939,0.5957924286344853
10358,-4.394625865386953,0.5957626390130536
10359,-3.684007305048723,0.595732850881103
10360,-4.679743745894468,0.5957030642385589
10361,-3.9909078003311675,0.595673279085347
10362,-3.393565868156259,0.5956434954213927
10363,-4.427536565599899,0.5956137132466216
10364,-1.8596716664775998,0.5955839325609593
10365,-5.521842708423743,0.5955541533643313
10366,-5.199348093766813,0.595524375656663
10367,-1.4059641229129818,0.5954945994378802
10368,-3.769359484361654,0.5954648247079083
10369,-2.987635364438317,0.5954350514666729
10370,-5.841257334763839,0.5954052797140995
10371,-4.912249528448028,0.5953755094501139
10372,-3.1224422369460743,0.5953457406746414
10373,-5.124774037004229,0.5953159733876077
10374,-4.777597831769697,0.5952862075889382
10375,-3.5520356695178186,0.5952564432785588
10376,-4.692375760695047,0.5952266804563948
10377,-4.1780045525876615,0.595196919122372
10378,-4.879648075964192,0.595167159276416
10379,-4.078105149837659,0.5951374009184521
10380,-3.6355765285251573,0.5951076440484062
10381,-4.6132470117892534,0.5950778886662038
10382,-3.2252635319610428,0.5950481347717705
10383,-3.896426454258979,0.5950183823650319
10384,-5.515030926560474,0.5949886314459136
10385,-4.774113541129866,0.5949588820143413
10386,-5.0563482339454655,0.5949291340702406
10387,-4.786122225590736,0.5948993876135371
10388,-4.566521218469588,0.5948696426441564
10389,-4.2276364303886265,0.5948398991620242
10390,-4.4109426885217395,0.5948101571670661
10391,-3.179718181318001,0.5947804166592078
10392,-4.872220189344035,0.5947506776383749
10393,-4.758098626241117,0.594720940104493
10394,-4.734040942757313,0.5946912040574878
10395,-4.209063399420369,0.5946614694972849
10396,-1.7299640109659107,0.5946317364238101
10397,-3.6433638595867817,0.5946020048369889
10398,-3.4511110307453876,0.594572274736747
10399,-3.4500748811652278,0.5945425461230102
10400,-4.164535982033039,0.594512818995704
10401,-4.34412289787996,0.5944830933547541
10402,-4.780380388075529,0.5944533692000864
10403,-4.343414993617231,0.5944236465316264
10404,-3.4584438754057993,0.5943939253492998
10405,-3.7962827405776007,0.5943642056530324
10406,-4.101404274795145,0.5943344874427497
10407,-4.422764044431505,0.5943047707183776
10408,-4.161264750874616,0.5942750554798417
10409,-3.428571560573662,0.5942453417270678
10410,-3.6009396394948454,0.5942156294599814
10411,-6.012266494777793,0.5941859186785085
10412,-4.857694637732923,0.5941562093825745
10413,-3.400778976223487,0.5941265015721054
10414,-4.468499954240046,0.5940967952470269
10415,-2.7247483414016105,0.5940670904072645
10416,-4.973970704676281,0.5940373870527441
10417,-4.5824797805466915,0.5940076851833915
10418,-4.687539733803135,0.5939779847991323
10419,-4.104077904291698,0.5939482858998923
10420,-1.8840007079687484,0.5939185884855973
10421,-3.7127208628619437,0.593888892556173
10422,-3.986137962272618,0.5938591981115452
10423,-4.2111484195741316,0.5938295051516396
10424,-3.5174514561371173,0.593799813676382
10425,-3.9400870876030423,0.5937701236856981
10426,-5.020707438112112,0.5937404351795139
10427,-2.8970123641402066,0.5937107481577549
10428,-3.8537384983180925,0.593681062620347
10429,-3.529639537773055,0.5936513785672161
10430,-3.8315590989911783,0.5936216959982877
10431,-3.9528297750584946,0.5935920149134878
10432,-4.342590404217623,0.5935623353127422
10433,-2.9776130132670637,0.5935326571959765
10434,-1.9105240063971434,0.5935029805631167
10435,-1.672490603782136,0.5934733054140885
10436,-4.315582457109681,0.5934436317488178
10437,-4.941094208707579,0.5934139595672303
10438,-4.14076450614324,0.593384288869252
10439,-3.5339529102530225,0.5933546196548085
10440,-4.164100684465184,0.5933249519238257
10441,-4.33716676385769,0.5932952856762296
10442,-3.139863819540223,0.5932656209119458
10443,-2.335753640967852,0.5932359576309002
10444,-3.7793254483375467,0.5932062958330186
10445,-2.7595638019697875,0.593176635518227
10446,-3.614818856936413,0.5931469766864511
10447,-3.4120161380243204,0.5931173193376168
10448,-3.580048165436672,0.5930876634716499
10449,-1.4535781839833462,0.5930580090884763
10450,-3.287376209411028,0.5930283561880219
10451,-3.8176802140372583,0.5929987047702124
10452,-3.4918698148541414,0.592969054834974
10453,-4.227232269299231,0.5929394063822322
10454,-4.509483200601016,0.592909759411913
10455,-3.7444350141655103,0.5928801139239425
10456,-3.7813931172355035,0.5928504699182463
10457,-2.489450233595114,0.5928208273947504
10458,-2.954690546503427,0.5927911863533807
10459,-3.7933151825166083,0.592761546794063
10460,-4.688821065298125,0.5927319087167233
10461,-3.089939394776926,0.5927022721212875
10462,-3.3728130522783695,0.5926726370076814
10463,-3.4316369060936465,0.592643003375831
10464,-3.0790567330378984,0.5926133712256622
10465,-3.2083361049942463,0.5925837405571008
10466,-3.827554077010778,0.592554111370073
10467,-1.8390650592642002,0.5925244836645045
10468,-1.818177775137702,0.5924948574403213
10469,-3.0828351314249565,0.5924652326974492
10470,-3.702111045323081,0.5924356094358143
10471,-4.6699638123156735,0.5924059876553425
10472,-3.348298449737735,0.5923763673559597
10473,-4.4786027243161035,0.5923467485375918
10474,-4.224225402567436,0.5923171312001649
10475,-3.8566312016642468,0.5922875153436049
10476,-2.196919873045613,0.5922579009678377
10477,-5.189059437370103,0.5922282880727893
10478,-3.9334489836134754,0.5921986766583857
10479,-2.323031133805233,0.5921690667245527
10480,-4.804358284618628,0.5921394582712165
10481,-4.292592229155927,0.592109851298303
10482,-2.287389417450348,0.592080245805738
10483,-2.2624815488955177,0.5920506417934478
10484,-3.7222152514908724,0.5920210392613581
10485,-3.6248420582693806,0.591991438209395
10486,-4.542284959863167,0.5919618386374845
10487,-3.6581975560365194,0.5919322405455526
10488,-4.081017265010249,0.5919026439335253
10489,-4.634410433469078,0.5918730488013286
10490,-4.051072419603244,0.5918434551488886
10491,-1.838350028649681,0.5918138629761311
10492,-3.914893680233626,0.5917842722829824
10493,-3.5674953196409622,0.5917546830693682
10494,-4.383367643234069,0.5917250953352147
10495,-5.801091057685055,0.5916955090804479
10496,-2.612245226577992,0.5916659243049939
10497,-1.2234156959002314,0.5916363410087786
10498,-4.2983161638899965,0.5916067591917281
10499,-3.34204096551447,0.5915771788537685
10500,-5.732142451926967,0.5915475999948258
10501,-4.838196773878554,0.591518022614826
10502,-4.591174915288285,0.5914884467136953
10503,-2.656635037982898,0.5914588722913596
10504,-4.568895989541801,0.591429299347745
10505,-2.569490601652613,0.5913997278827776
10506,-3.224469262711094,0.5913701578963835
10507,-2.697889692822744,0.5913405893884887
10508,-5.689189797855965,0.5913110223590192
10509,-4.684157081634215,0.5912814568079012
10510,-3.954028531547162,0.5912518927350608
10511,-4.317650178655516,0.5912223301404241
10512,-3.1381613193578093,0.5911927690239172
10513,-4.5888205664768815,0.591163209385466
10514,-5.190104511559566,0.5911336512249967
10515,-4.631197237787405,0.5911040945424355
10516,-5.166545934734175,0.5910745393377084
10517,-2.5810141759522223,0.5910449856107415
10518,-1.3428898537753797,0.5910154333614609
10519,-2.1724636047669024,0.5909858825897928
10520,-4.071976413036587,0.5909563332956633
10521,-5.0123195217175445,0.5909267854789986
10522,-4.228220318386286,0.5908972391397246
10523,-3.8074073665226913,0.5908676942777676
10524,-3.748155554774228,0.5908381508930538
10525,-2.957969749323425,0.5908086089855091
10526,-2.9094702371695487,0.5907790685550599
10527,-3.2395586939462757,0.5907495296016322
10528,-3.6389492055309907,0.5907199921251521
10529,-3.2694520486610363,0.5906904561255459
10530,-1.6586802863374874,0.5906609216027396
10531,-2.369306371721171,0.5906313885566595
10532,-3.395483476897863,0.5906018569872317
10533,-3.7350822786525915,0.5905723268943823
10534,-3.319976313748664,0.5905427982780376
10535,-5.439020732152612,0.5905132711381237
10536,-3.8223455759932152,0.5904837454745668
10537,-2.989076890090911,0.5904542212872931
10538,-4.3734810874393695,0.5904246985762287
10539,-4.275050775140008,0.5903951773412999
10540,-1.5551232970182205,0.5903656575824328
10541,-3.633801386763194,0.5903361392995536
10542,-1.709440716861132,0.5903066224925887
10543,-3.662950399238298,0.5902771071614641
10544,-4.026714731879156,0.590247593306106
10545,-3.459084015475995,0.5902180809264407
10546,-4.132266801568617,0.5901885700223943
10547,-3.325433573552817,0.5901590605938932
10548,-4.406466193368358,0.5901295526408635
10549,-3.1731753491991155,0.5901000461632315
10550,-0.7968440155773464,0.5900705411609234
10551,-4.754280317167241,0.5900410376338654
10552,-4.03019883391813,0.5900115355819837
10553,-3.5916371832953518,0.5899820350052046
10554,-1.8179338876871187,0.5899525359034544
10555,-4.11458754460912,0.5899230382766593
10556,-3.515951590806572,0.5898935421247454
10557,-4.46596206219352,0.5898640474476392
10558,-3.347890700605796,0.5898345542452669
10559,-3.5596821054265098,0.5898050625175546
10560,-2.4924740996513024,0.5897755722644288
10561,-2.6358249755955128,0.5897460834858156
10562,-4.919635128690427,0.5897165961816413
10563,-1.5781744721738318,0.5896871103518322
10564,-3.8845948556948384,0.5896576259963145
10565,-3.900599739364075,0.5896281431150148
10566,-4.727436021999429,0.589598661707859
10567,-2.682692026009431,0.5895691817747736
10568,-5.031468596078543,0.5895397033156848
10569,-4.702757859054027,0.5895102263305191
10570,-2.466359097407759,0.5894807508192026
10571,-1.6632230533950147,0.5894512767816616
10572,-4.422044444532908,0.5894218042178225
10573,-1.6848004550957063,0.5893923331276116
10574,-2.412238383477942,0.5893628635109552
10575,-4.995573871485168,0.5893333953677797
10576,-4.697634085033476,0.5893039286980113
10577,-5.647926286257546,0.5892744635015764
10578,-3.567669527257144,0.5892449997784014
10579,-2.494945795331078,0.5892155375284125
10580,-5.5766364250043505,0.5891860767515361
10581,-4.82735472745439,0.5891566174476985
10582,-2.5531912378603527,0.5891271596168262
10583,-4.962232299290474,0.5890977032588454
10584,-3.8999025882049816,0.5890682483736824
10585,-3.334947245081038,0.5890387949612638
10586,-1.7740036390587446,0.5890093430215158
10587,-4.6707250001498615,0.5889798925543647
10588,-3.0218192564172335,0.5889504435597369
10589,-1.7807036471267557,0.5889209960375589
10590,-4.077739547824324,0.588891549987757
10591,-2.824011492617437,0.5888621054102575
10592,-4.6451427137375365,0.588832662304987
10593,-3.0154746330294286,0.5888032206718717
10594,-3.917669365119499,0.5887737805108382
10595,-2.7201422454381388,0.5887443418218127
10596,-1.8002322900581047,0.5887149046047216
10597,-3.1569424038474017,0.5886854688594915
10598,-5.531344419634445,0.5886560345860485
10599,-1.819994526222905,0.5886266017843192
10600,-3.804708875744292,0.58859717045423
10601,-3.449765284136333,0.5885677405957073
10602,-4.644409273508304,0.5885383122086775
10603,-1.8495451711788498,0.588508885293067
10604,-3.6193500589274468,0.5884794598488023
10605,-1.8556950661618208,0.5884500358758099
10606,-5.465260958725706,0.5884206133740161
10607,-3.2816540621568193,0.5883911923433474
10608,-3.4544728861126046,0.5883617727837301
10609,-1.8825190324363281,0.5883323546950909
10610,-4.470384459025036,0.5883029380773562
10611,-3.49515924804867,0.5882735229304523
10612,-5.0535235393271405,0.5882441092543058
10613,-5.06679611388615,0.5882146970488431
10614,-3.579556573081854,0.5881852863139907
10615,-4.879166602898339,0.588155877049675
10616,-1.522229800814464,0.5881264692558225
10617,-1.5021912516633085,0.5880970629323596
10618,-3.847885189278872,0.588067658079213
10619,-4.2019396787029955,0.5880382546963091
10620,-2.941023233087707,0.5880088527835743
10621,-3.3092846582044726,0.5879794523409351
10622,-3.528072040575489,0.5879500533683181
10623,-2.0790927861594133,0.5879206558656497
10624,-1.4290588862097497,0.5878912598328564
10625,-3.2869174087985784,0.5878618652698647
10626,-5.123705816156866,0.5878324721766013
10627,-4.431520282628153,0.5878030805529925
10628,-2.9380139085008268,0.5877736903989648
10629,-3.672216612378153,0.5877443017144448
10630,-1.1879798391947927,0.5877149144993591
10631,-3.5011780512203154,0.5876855287536341
10632,-3.2977776641559102,0.5876561444771964
10633,-3.8675488840482877,0.5876267616699725
10634,-2.948508211000437,0.587597380331889
10635,-2.39768851464519,0.5875680004628724
10636,-3.1733998431074903,0.5875386220628492
10637,-2.3166268529549408,0.5875092451317461
10638,-5.27528790274592,0.5874798696694895
10639,-3.421425421504539,0.587450495676006
10640,-2.1871492156731693,0.5874211231512223
10641,-1.0274116071397787,0.5873917520950648
10642,-2.5380464887867125,0.58736238250746
10643,-2.1957243590232585,0.5873330143883346
10644,-2.6024794334818306,0.5873036477376152
10645,-2.4140482334831823,0.5872742825552284
10646,-1.4965048671275087,0.5872449188411006
10647,-3.5928874612644695,0.5872155565951586
10648,-3.7489504135222713,0.5871861958173288
10649,-3.1506023293716523,0.5871568365075379
10650,-2.927266241018228,0.5871274786657126
10651,-3.0636151983064948,0.5870981222917793
10652,-1.1045804000502946,0.5870687673856647
10653,-4.233722689277693,0.5870394139472954
10654,-3.4001227054765657,0.5870100619765981
10655,-2.8212758282189156,0.5869807114734993
10656,-2.8917851632168423,0.5869513624379256
10657,-4.1065652867271485,0.5869220148698037
10658,-2.6612156015341797,0.5868926687690602
10659,-1.4860183056762097,0.5868633241356218
10660,-3.237705183686145,0.5868339809694151
10661,-1.6300552454885833,0.5868046392703666
10662,-1.464366821113706,0.5867752990384031
10663,-1.90781204050815,0.5867459602734512
10664,-2.141573046349227,0.5867166229754375
10665,-2.767077865603289,0.5866872871442887
10666,-2.742722842402289,0.5866579527799315
10667,-1.8568617197331672,0.5866286198822925
10668,-4.315336351518311,0.5865992884512984
10669,-1.991930409261069,0.5865699584868759
10670,-4.007099338162661,0.5865406299889515
10671,-3.7338354476655686,0.586511302957452
10672,-3.796339544735065,0.5864819773923041
10673,-3.562877706121362,0.5864526532934345
10674,-3.7978513237056104,0.5864233306607699
10675,-3.9942858337188163,0.5863940094942369
10676,-4.495270471768432,0.5863646897937622
10677,-4.903918763307384,0.5863353715592725
10678,-4.793659904323224,0.5863060547906945
10679,-4.4198359724223035,0.586276739487955
10680,-4.477072161510758,0.5862474256509806
10681,-4.84121096237646,0.5862181132796981
10682,-4.163564416321297,0.5861888023740341
10683,-4.2423286970662115,0.5861594929339154
10684,-5.031281019021947,0.5861301849592687
10685,-3.557299656194359,0.5861008784500208
10686,-4.477123267067006,0.5860715734060983
10687,-1.369724331039516,0.586042269827428
10688,-1.1470454520328754,0.5860129677139366
10689,-4.672230691944721,0.5859836670655509
10690,-4.195044104397515,0.5859543678821977
10691,-3.634225381073387,0.5859250701638036
10692,-3.610438371345773,0.5858957739102953
10693,-4.350450727008722,0.5858664791215998
10694,-5.640990810374976,0.5858371857976438
10695,-2.96736812967936,0.5858078939383539
10696,-1.8275731605765269,0.585778603543657
10697,-5.543128547626978,0.5857493146134798
10698,-2.765420373638792,0.5857200271477491
10699,-2.5500425930200707,0.5856907411463916
10700,-2.778090104440425,0.5856614566093343
10701,-4.544464469002908,0.5856321735365039
10702,-2.8858694421023126,0.5856028919278271
10703,-3.5643616482788443,0.5855736117832308
10704,-4.753682867125554,0.5855443331026416
10705,-4.2454074814138725,0.5855150558859865
10706,-4.52789372672888,0.5854857801331922
10707,-3.943272216637262,0.5854565058441855
10708,-2.3693836689615133,0.5854272330188933
10709,-4.527468447371987,0.5853979616572423
10710,-4.098760642998536,0.5853686917591595
10711,-2.0576590359436784,0.5853394233245716
10712,-4.682905810905552,0.5853101563534053
10713,-3.594941388605482,0.5852808908455877
10714,-1.4026218466726532,0.5852516268010454
10715,-1.6787061729151564,0.5852223642197053
10716,-1.9394838867236412,0.5851931031014943
10717,-3.6196135662578213,0.5851638434463392
10718,-2.6068994214077117,0.5851345852541668
10719,-5.326957982537337,0.5851053285249042
10720,-3.716337376422164,0.5850760732584779
10721,-3.3339608303463364,0.585046819454815
10722,-1.9429397240795117,0.5850175671138422
10723,-3.663032200256022,0.5849883162354865
10724,-3.5415751261121606,0.5849590668196748
10725,-4.001007785941498,0.5849298188663338
10726,-2.684678002807101,0.5849005723753905
10727,-2.750093747913047,0.5848713273467717
10728,-3.441533208341159,0.5848420837804044
10729,-1.2978739638832228,0.5848128416762154
10730,-3.4072711841060395,0.5847836010341316
10731,-4.069546705670914,0.5847543618540799
10732,-3.85297759238634,0.5847251241359872
10733,-3.481524259862505,0.5846958878797804
10734,-3.7195483421736903,0.5846666530853865
10735,-3.3920427487927816,0.5846374197527322
10736,-3.8442198418264977,0.5846081878817446
10737,-1.4025435345414106,0.5845789574723506
10738,-3.597849707134658,0.584549728524477
10739,-4.037877141679175,0.5845205010380508
10740,-2.906124041227435,0.5844912750129988
10741,-2.5752313331043104,0.5844620504492481
10742,-1.7531265973944024,0.5844328273467256
10743,-2.1593663027336896,0.5844036057053583
10744,-3.6509283088351805,0.584374385525073
10745,-3.5932955897273318,0.5843451668057967
10746,-2.133165301891753,0.5843159495474565
10747,-3.924523741343156,0.5842867337499791
10748,-2.077748102007411,0.5842575194132916
10749,-3.5247972575460325,0.5842283065373209
10750,-4.086552240463388,0.5841990951219941
10751,-1.9764092038028798,0.584169885167238
10752,-3.240428290435222,0.5841406766729796
10753,-4.271317957228325,0.584111469639146
10754,-4.071528546971234,0.584082264065664
10755,-3.1285091709466357,0.5840530599524607
10756,-1.409436001834389,0.584023857299463
10757,-1.8954114902410821,0.5839946561065981
10758,-2.506258122022781,0.5839654563737927
10759,-3.6499154928512256,0.583936258100974
10760,-2.7053331181327476,0.583907061288069
10761,-3.8639342694957977,0.5838778659350046
10762,-2.2468513558037913,0.5838486720417079
10763,-3.5734146023070545,0.5838194796081058
10764,-3.763100304074797,0.5837902886341254
10765,-3.842848291728599,0.5837610991196938
10766,-3.3826720407994846,0.5837319110647378
10767,-3.5279335269448016,0.5837027244691845
10768,-3.595698322039422,0.5836735393329611
10769,-3.4288340257795973,0.5836443556559944
10770,-3.8302397733886258,0.5836151734382116
10771,-3.386559806934364,0.5835859926795397
10772,-3.347649726186458,0.5835568133799057
10773,-3.668661665544468,0.5835276355392367
10774,-3.1191552038771393,0.5834984591574598
10775,-2.137693871600751,0.583469284234502
10776,-2.000496441176195,0.5834401107702902
10777,-3.748998763123474,0.5834109387647517
10778,-3.5808222875945455,0.5833817682178135
10779,-4.580181668309758,0.5833525991294026
10780,-2.9313815159737726,0.5833234314994462
10781,-3.2653170383004597,0.5832942653278712
10782,-5.43024487381847,0.5832651006146048
10783,-3.7681130073740157,0.583235937359574
10784,-3.2837065332991626,0.5832067755627061
10785,-2.362364971179172,0.583177615223928
10786,-4.571862513995688,0.5831484563431668
10787,-4.934940778931633,0.5831192989203496
10788,-5.282646119306726,0.5830901429554036
10789,-3.161031279880869,0.5830609884482558
10790,-4.341666733072582,0.5830318353988334
10791,-3.8471890184091464,0.5830026838070634
10792,-3.1409978997499373,0.5829735336728731
10793,-5.38315912873672,0.5829443849961894
10794,-4.634885371437294,0.5829152377769395
10795,-1.9182836896873088,0.5828860920150507
10796,-3.917065886386387,0.5828569477104499
10797,-3.9730772175024045,0.5828278048630644
10798,-2.9583583883152986,0.5827986634728213
10799,-5.024211082186214,0.5827695235396476
10800,-1.2726948611989446,0.5827403850634706
10801,-3.425713306510982,0.5827112480442174
10802,-4.674471134128746,0.5826821124818151
10803,-1.5936516290014011,0.582652978376191
10804,-4.008769414859982,0.5826238457272722
10805,-3.5736268738789936,0.5825947145349859
10806,-3.2455771462269047,0.5825655847992591
10807,-3.76361014501391,0.5825364565200192
10808,-1.979400827655022,0.5825073296971932
10809,-2.491056619653296,0.5824782043307084
10810,-1.9627167275390511,0.5824490804204919
10811,-1.9819533656423969,0.582419957966471
10812,-3.273753010474458,0.5823908369685726
10813,-3.2496035976589575,0.5823617174267242
10814,-1.7588179520322385,0.5823325993408528
10815,-3.375784338705669,0.5823034827108857
10816,-1.2943074780570498,0.5822743675367502
10817,-3.769851955848663,0.5822452538183733
10818,-4.281588354470215,0.5822161415556825
10819,-3.09288580660509,0.5821870307486047
10820,-1.638046348264551,0.5821579213970672
10821,-1.4966942031403663,0.5821288135009974
10822,-3.320834852553457,0.5820997070603224
10823,-3.5618910855801875,0.5820706020749694
10824,-3.6851632957258285,0.5820414985448656
10825,-3.8817214294816056,0.5820123964699384
10826,-3.307569424351181,0.5819832958501149
10827,-2.9876972780800295,0.5819541966853223
10828,-3.5380894075640392,0.581925098975488
10829,-3.4642666418250383,0.5818960027205393
10830,-3.4594231829619506,0.5818669079204033
10831,-3.5546312525921477,0.5818378145750073
10832,-3.407693604306569,0.5818087226842785
10833,-1.381403455323475,0.5817796322481443
10834,-1.4067368017228887,0.581750543266532
10835,-3.607690912616877,0.5817214557393686
10836,-1.9599499391028752,0.5816923696665817
10837,-1.9713602344037668,0.5816632850480984
10838,-3.8577786176554203,0.581634201883846
10839,-3.6501604205479112,0.5816051201737518
10840,-3.9523963414512386,0.5815760399177431
10841,-2.8212825805961366,0.5815469611157472
10842,-4.10688285584093,0.5815178837676914
10843,-2.5386840164185984,0.581488807873503
10844,-1.7697179603702475,0.5814597334331093
10845,-3.715744653264241,0.5814306604464377
10846,-1.949333838010212,0.5814015889134153
10847,-3.866668815660148,0.5813725188339697
10848,-3.8482466339783596,0.581343450208028
10849,-3.6442729089379204,0.5813143830355176
10850,-3.6354698979609985,0.5812853173163659
10851,-3.7996561661283743,0.5812562530505001
10852,-3.6240667456703495,0.5812271902378476
10853,-4.9332570872182355,0.5811981288783358
10854,-1.8770535198942047,0.5811690689718919
10855,-3.6714703128698742,0.5811400105184433
10856,-2.8119406844902075,0.5811109535179174
10857,-4.6884210065080065,0.5810818979702416
10858,-4.55782739410968,0.5810528438753431
10859,-1.9012690468697735,0.5810237912331493
10860,-2.457400862023475,0.5809947400435876
10861,-4.621274761858664,0.5809656903065855
10862,-2.7543361877455976,0.5809366420220702
10863,-3.878787538773281,0.580907595189969
10864,-4.727574869164412,0.5808785498102096
10865,-5.441012655722892,0.5808495058827191
10866,-3.604484813728032,0.580820463407425
10867,-3.469771248017717,0.5807914223842546
10868,-4.25818715114179,0.5807623828131354
10869,-4.709548386994024,0.5807333446939947
10870,-4.536667196283946,0.58070430802676
10871,-4.769530416861535,0.5806752728113587
10872,-4.752652232480783,0.5806462390477181
10873,-4.474965957722006,0.5806172067357657
10874,-4.241743098660777,0.5805881758754289
10875,-3.1656339453401428,0.5805591464666351
10876,-2.540994490663098,0.5805301185093118
10877,-4.958357618568511,0.5805010920033863
10878,-4.6345495364405345,0.5804720669487862
10879,-3.9955627809006597,0.5804430433454387
10880,-4.9653590581335925,0.5804140211932715
10881,-3.939957659118383,0.5803850004922118
10882,-4.746614705670334,0.5803559812421871
10883,-3.9453095089715533,0.5803269634431251
10884,-4.074117096380933,0.5802979470949529
10885,-3.976018711303186,0.5802689321975981
10886,-4.917284203056601,0.5802399187509882
10887,-3.7560535335613032,0.5802109067550507
10888,-4.712347441950765,0.5801818962097129
10889,-3.7595999039203822,0.5801528871149024
10890,-3.6755444006723392,0.5801238794705467
10891,-4.462694536378359,0.5800948732765732
10892,-2.093206902723428,0.5800658685329093
10893,-3.3796571286561155,0.5800368652394827
10894,-5.403316200381234,0.5800078633962208
10895,-3.1291112659889797,0.579978863003051
10896,-5.015302349653757,0.5799498640599009
10897,-3.7535898302196324,0.579920866566698
10898,-3.642270924986002,0.5798918705233697
10899,-3.2487174861064774,0.5798628759298435
10900,-3.2648606455783797,0.5798338827860471
10901,-5.202066048717173,0.5798048910919078
10902,-4.4125371511056475,0.5797759008473532
10903,-3.8597078576385044,0.5797469120523109
10904,-3.8049582408989724,0.5797179247067082
10905,-3.267351385102466,0.5796889388104729
10906,-4.385805146120433,0.5796599543635323
10907,-2.842687895943972,0.5796309713658142
10908,-1.3829702421157248,0.5796019898172459
10909,-3.348707743083723,0.579573009717755
10910,-1.7792781091025325,0.5795440310672691
10911,-1.4575177121007044,0.5795150538657158
10912,-2.138073028882492,0.5794860781130226
10913,-3.0536897423745475,0.5794571038091169
10914,-1.7704989248928495,0.5794281309539264
10915,-2.1106465062677646,0.5793991595473788
10916,-3.7974757486544526,0.5793701895894013
10917,-1.524548220762503,0.5793412210799219
10918,-3.257234154638074,0.5793122540188679
10919,-4.22804791860875,0.5792832884061669
10920,-1.4956227978999257,0.5792543242417466
10921,-2.238552840930305,0.5792253615255345
10922,-2.6067802027759375,0.5791964002574582
10923,-1.5558928719660394,0.5791674404374454
10924,-3.2383727096329213,0.5791384820654235
10925,-1.3752823485455643,0.5791095251413202
10926,-4.506845744285041,0.5790805696650632
10927,-2.6880208793080334,0.5790516156365799
10928,-2.727861172765004,0.5790226630557981
10929,-1.7509602557175616,0.5789937119226453
10930,-3.4653898798409033,0.5789647622370492
10931,-1.4979982500466957,0.5789358139989373
10932,-1.7942190272949938,0.5789068672082374
10933,-1.6359766106706395,0.578877921864877
10934,-2.4860815598201196,0.5788489779687838
10935,-3.5110023583734593,0.5788200355198854
10936,-4.926176273169168,0.5787910945181094
10937,-1.7170176201151692,0.5787621549633835
10938,-3.334717176213808,0.5787332168556353
10939,-1.3520182844601136,0.5787042801947925
10940,-3.895117709760421,0.5786753449807828
10941,-1.5631209185331771,0.5786464112135338
10942,-2.992191632967967,0.5786174788929731
10943,-1.7376170601850378,0.5785885480190285
10944,-4.53924007143096,0.5785596185916275
10945,-3.813136543311887,0.578530690610698
10946,-3.1416309584654423,0.5785017640761674
10947,-3.5564201564461064,0.5784728389879635
10948,-1.2806105546198532,0.5784439153460141
10949,-2.1596901285333443,0.5784149931502468
10950,-3.017428429768569,0.5783860724005893
10951,-2.7748872961296422,0.5783571530969692
10952,-4.227519479862103,0.5783282352393144
10953,-1.9918024145887228,0.5782993188275525
10954,-4.05018720560113,0.5782704038616111
10955,-3.2702654710600894,0.578241490341418
10956,-4.315930781450453,0.578212578266901
10957,-1.4622663391646407,0.5781836676379877
10958,-3.06188872674641,0.5781547584546057
10959,-1.6125499805823744,0.578125850716683
10960,-2.073524790810405,0.5780969444241472
10961,-3.8780357146525963,0.578068039576926
10962,-2.9875534779240414,0.5780391361749472
10963,-4.120931098503785,0.5780102342181385
10964,-3.3960136967440953,0.5779813337064276
10965,-2.001474541107111,0.5779524346397422
10966,-3.1316694603059942,0.5779235370180102
10967,-4.081927808990768,0.5778946408411594
10968,-4.067291787430799,0.5778657461091173
10969,-3.548841192368421,0.5778368528218119
10970,-2.746450011678545,0.5778079609791708
10971,-4.36621836277824,0.5777790705811218
10972,-3.0910701607248,0.5777501816275927
10973,-3.1125258344244378,0.5777212941185114
10974,-6.022419418954782,0.5776924080538054
10975,-5.68843743404594,0.5776635234334027
10976,-4.862477247464477,0.577634640257231
10977,-4.358817329694505,0.5776057585252181
10978,-3.66295323551996,0.5775768782372919
10979,-3.2488358401642703,0.57754799939338
10980,-3.579074893060075,0.5775191219934103
10981,-3.838131227947029,0.5774902460373106
10982,-1.8108619760950946,0.5774613715250088
10983,-3.5139200750874053,0.5774324984564325
10984,-3.68511256373921,0.5774036268315097
10985,-3.9183834759271607,0.5773747566501681
10986,-4.251908471889802,0.5773458879123357
10987,-2.301672561091989,0.57731702061794
10988,-4.6493650764445125,0.5772881547669091
10989,-3.6545867185982637,0.5772592903591708
10990,-4.078680189566146,0.5772304273946528
10991,-3.658312595099654,0.5772015658732831
10992,-4.064437877097243,0.5771727057949895
10993,-1.8282264525658614,0.5771438471596997
10994,-4.631213386639985,0.5771149899673417
10995,-3.9814503246267425,0.5770861342178433
10996,-4.307188533338975,0.5770572799111324
10997,-4.043645290265329,0.5770284270471369
10998,-3.4624437946941975,0.5769995756257845
10999,-5.365364379143846,0.5769707256470032
11000,-5.005536875446415,0.5769418771107209
11001,-1.9689434761123281,0.5769130300168653
11002,-1.2927646511943875,0.5768841843653645
11003,-1.6364418830643261,0.5768553401561463
11004,-1.2692374696573225,0.5768264973891385
11005,-3.831222172982966,0.576797656064269
11006,-3.720196309212173,0.5767688161814658
11007,-3.464639167087045,0.5767399777406568
11008,-1.8855188356584869,0.5767111407417698
11009,-1.5034555217932306,0.5766823051847327
11010,-1.9015207052132768,0.5766534710694735
11011,-2.99575786261209,0.57662463839592
11012,-2.2497950641526074,0.5765958071640003
11013,-4.137701954157673,0.576566977373642
11014,-2.5788853011469626,0.5765381490247734
11015,-1.2798077670881725,0.5765093221173222
11016,-3.4264702784520855,0.5764804966512164
11017,-3.0840875581620466,0.5764516726263839
11018,-3.863032812125641,0.5764228500427525
11019,-2.8042904616643347,0.5763940289002504
11020,-3.372334852268076,0.5763652091988054
11021,-2.1251479784993705,0.5763363909383454
11022,-2.749191158131817,0.5763075741187985
11023,-3.313495657982505,0.5762787587400926
11024,-3.5932441718880366,0.5762499448021556
11025,-1.0886365633953834,0.5762211323049156
11026,-3.8024834381208388,0.5761923212483003
11027,-3.3993832168085345,0.5761635116322379
11028,-1.8425826872173006,0.5761347034566563
11029,-4.549438180800318,0.5761058967214835
11030,-3.6979007313349443,0.5760770914266474
11031,-4.219401615195688,0.576048287572076
11032,-2.3148211267280736,0.5760194851576974
11033,-4.069779784161442,0.5759906841834396
11034,-3.6074646950851825,0.5759618846492304
11035,-1.2622915927185479,0.5759330865549979
11036,-5.228119371059164,0.5759042899006701
11037,-3.6693737856800865,0.575875494686175
11038,-3.6852909197334904,0.5758467009114407
11039,-4.483373506330542,0.5758179085763951
11040,-4.58784407757657,0.5757891176809663
11041,-3.8443058338443663,0.5757603282250823
11042,-3.562541946271945,0.575731540208671
11043,-4.87744770996931,0.5757027536316606
11044,-3.5251936485868054,0.575673968493979
11045,-3.5496639318106884,0.5756451847955543
11046,-3.3526044912436506,0.5756164025363145
11047,-3.5084983412169173,0.5755876217161877
11048,-3.9499387783873425,0.5755588423351019
11049,-3.107732705568107,0.5755300643929852
11050,-3.965216354254807,0.5755012878897655
11051,-3.202167974753303,0.575472512825371
11052,-4.893783248748399,0.5754437391997298
11053,-4.650462787537292,0.5754149670127698
11054,-3.6782682346705533,0.5753861962644192
11055,-1.3784047741168544,0.575357426954606
11056,-3.99506234750532,0.5753286590832583
11057,-5.234856660991729,0.5752998926503041
11058,-3.20745312497467,0.5752711276556716
11059,-3.678715421020522,0.5752423640992887
11060,-4.558109768304148,0.5752136019810838
11061,-3.2365678626343533,0.5751848413009848
11062,-4.959242721572711,0.5751560820589198
11063,-4.421671447842271,0.5751273242548168
11064,-3.0713175903905077,0.5750985678886041
11065,-4.373262289402875,0.5750698129602098
11066,-4.151943604818135,0.5750410594695617
11067,-4.183030174846631,0.5750123074165883
11068,-4.361397701762782,0.5749835568012175
11069,-4.312454793233322,0.5749548076233775
11070,-4.601834804330089,0.5749260598829963
11071,-3.701629341355373,0.5748973135800022
11072,-3.898505951985826,0.5748685687143232
11073,-3.8422937065829843,0.5748398252858875
11074,-2.27337510799672,0.5748110832946233
11075,-4.524681026391674,0.5747823427404586
11076,-4.395494049269773,0.5747536036233216
11077,-4.67118012745423,0.5747248659431404
11078,-3.9127736000585664,0.5746961296998433
11079,-4.392851654714081,0.5746673948933583
11080,-3.6410154171209825,0.5746386615236136
11081,-3.5868565938324686,0.5746099295905375
11082,-5.07057767067068,0.5745811990940579
11083,-2.4670352662557056,0.5745524700341033
11084,-4.864798558130296,0.5745237424106016
11085,-4.210071607435862,0.574495016223481
11086,-4.437878722530257,0.5744662914726698
11087,-4.585808151415744,0.5744375681580962
11088,-4.673395835347776,0.5744088462796884
11089,-2.954560504431436,0.5743801258373744
11090,-5.015032056666861,0.5743514068310825
11091,-4.03152769918923,0.574322689260741
11092,-3.5556718830636074,0.5742939731262781
11093,-2.302231414365955,0.5742652584276218
11094,-3.9377928813919696,0.5742365451647004
11095,-3.068529533345279,0.5742078333374421
11096,-2.2401423534349747,0.5741791229457752
11097,-5.394542469444748,0.574150413989628
11098,-2.2457266068997024,0.5741217064689285
11099,-4.26764609277086,0.574093000383605
11100,-1.6664939383059467,0.5740642957335859
11101,-5.04999966920299,0.5740355925187992
11102,-3.3768584257087113,0.5740068907391733
11103,-3.750567367809996,0.5739781903946364
11104,-3.609466770970231,0.5739494914851166
11105,-3.6742369409791835,0.5739207940105424
11106,-2.8587076186398797,0.5738920979708418
11107,-2.223911855357079,0.5738634033659433
11108,-1.7513372381649845,0.573834710195775
11109,-1.4648640946051097,0.5738060184602652
11110,-2.550737898324237,0.5737773281593422
11111,-3.425212797568917,0.5737486392929343
11112,-2.513687748911577,0.5737199518609697
11113,-2.9277578858160016,0.5736912658633766
11114,-3.387385270462751,0.5736625813000834
11115,-4.20951088472296,0.5736338981710184
11116,-4.1138315007948165,0.5736052164761098
11117,-2.651113288352221,0.573576536215286
11118,-1.6412601762738537,0.5735478573884752
11119,-2.707557934339875,0.5735191799956059
11120,-2.2852166781015084,0.5734905040366061
11121,-3.6305306811710567,0.5734618295114042
11122,-3.764294309065918,0.5734331564199286
11123,-3.0437543266285845,0.5734044847621077
11124,-3.0232092008864178,0.5733758145378696
11125,-3.012855040257393,0.5733471457471426
11126,-3.764782829405855,0.5733184783898553
11127,-3.833983421280891,0.5732898124659358
11128,-3.938937361654678,0.5732611479753125
11129,-4.710635655821091,0.5732324849179137
11130,-4.884531763079343,0.5732038232936678
11131,-2.9307140704154233,0.5731751631025032
11132,-4.4847494880384335,0.573146504344348
11133,-3.913254372267586,0.5731178470191308
11134,-3.475266395553172,0.5730891911267799
11135,-4.185291912412609,0.5730605366672236
11136,-4.070224680964081,0.5730318836403903
11137,-4.178795915329838,0.5730032320462083
11138,-3.4989625873279078,0.5729745818846059
11139,-3.8959138359341856,0.5729459331555117
11140,-3.9289309401013126,0.5729172858588539
11141,-1.6203569078395395,0.572888639994561
11142,-3.465494695957566,0.5728599955625613
11143,-3.8830554582676653,0.5728313525627832
11144,-3.2232225873637983,0.572802710995155
11145,-1.2920579127195908,0.5727740708596053
11146,-2.561003141256381,0.5727454321560623
11147,-5.19684664182202,0.5727167948844545
11148,-3.3498417489544243,0.5726881590447103
11149,-3.900831827204867,0.5726595246367581
11150,-5.478913108905321,0.5726308916605263
11151,-2.7557927236134807,0.5726022601159433
11152,-3.6123571571909854,0.5725736300029375
11153,-2.8225889016588455,0.5725450013214374
11154,-2.4725134153391206,0.5725163740713713
11155,-4.010892336933143,0.5724877482526678
11156,-4.70148238239707,0.5724591238652552
11157,-3.3743100060388036,0.572430500909062
11158,-2.5377665441520065,0.5724018793840165
11159,-1.1896895312385354,0.5723732592900473
11160,-3.1316011184046713,0.5723446406270828
11161,-3.4021363544123306,0.5723160233950514
11162,-4.0725309667483955,0.5722874075938816
11163,-3.401189840764557,0.5722587932235019
11164,-2.928379799534814,0.5722301802838408
11165,-3.4004185718991202,0.5722015687748265
11166,-3.2435794635433037,0.5721729586963878
11167,-3.921543392251145,0.572144350048453
11168,-3.9036832311427307,0.5721157428309506
11169,-4.19745663779917,0.572087137043809
11170,-2.470292590390223,0.5720585326869568
11171,-2.1127175005822125,0.5720299297603225
11172,-2.0758773154408456,0.5720013282638345
11173,-3.2580880429128025,0.5719727281974214
11174,-3.935040435511545,0.5719441295610115
11175,-2.2938970878412577,0.5719155323545334
11176,-2.836624571554901,0.5718869365779157
11177,-2.8829647977874857,0.5718583422310868
11178,-4.032050218344831,0.5718297493139752
11179,-3.0016777331223574,0.5718011578265095
11180,-5.219474630205289,0.5717725677686182
11181,-3.3932630777944612,0.5717439791402298
11182,-4.367785538563377,0.5717153919412727
11183,-3.9640276661606793,0.5716868061716757
11184,-4.735003448178005,0.571658221831367
11185,-3.818397378518763,0.5716296389202755
11186,-4.60166488105212,0.5716010574383295
11187,-4.484215135075754,0.5715724773854576
11188,-3.6335087784307696,0.5715438987615883
11189,-2.7513850641431024,0.5715153215666502
11190,-4.0820935814917485,0.5714867458005719
11191,-3.753474017690179,0.5714581714632819
11192,-2.9740652315593086,0.5714295985547088
11193,-5.32502477282757,0.571401027074781
11194,-3.354292471996315,0.5713724570234273
11195,-3.6324491984317975,0.5713438884005761
11196,-3.6609530367157506,0.5713153212061561
11197,-2.1291861296904924,0.5712867554400959
11198,-1.5558528772735447,0.5712581911023239
11199,-2.3205121653047036,0.5712296281927688
11200,-2.9353361929351367,0.5712010667113592
11201,-3.2194456908752986,0.5711725066580237
11202,-2.1405582963791097,0.5711439480326908
11203,-2.2341679041333053,0.5711153908352892
11204,-4.013971438421504,0.5710868350657474
11205,-3.6652975919724913,0.5710582807239941
11206,-4.385148860197189,0.5710297278099579
11207,-1.9213129114810052,0.5710011763235674
11208,-1.5921677831228258,0.5709726262647512
11209,-1.5509328148468924,0.570944077633438
11210,-1.5359884443510128,0.5709155304295563
11211,-3.0655087663215737,0.5708869846530349
11212,-3.83552043110644,0.5708584403038023
11213,-3.2194050560610474,0.5708298973817871
11214,-4.309926563200699,0.570801355886918
11215,-2.4471792257748626,0.5707728158191238
11216,-3.1468653991142608,0.5707442771783328
11217,-2.793220554056088,0.5707157399644739
11218,-1.7039110424322836,0.5706872041774756
11219,-2.7507076068976275,0.5706586698172668
11220,-3.174138748643391,0.570630136883776
11221,-1.4008462121178455,0.5706016053769317
11222,-3.531829549787168,0.5705730752966629
11223,-3.2500132504147046,0.5705445466428981
11224,-3.5852239960552086,0.570516019415566
11225,-3.8636160734969214,0.5704874936145952
11226,-3.9991706148624035,0.5704589692399145
11227,-1.8161889117258232,0.5704304462914525
11228,-1.4309935016313313,0.5704019247691379
11229,-1.8281994255121594,0.5703734046728994
11230,-1.3708729812059364,0.5703448860026658
11231,-3.8986684700850116,0.5703163687583657
11232,-3.124772374033336,0.5702878529399278
11233,-2.0828187355262155,0.5702593385472808
11234,-2.5283660894567594,0.5702308255803534
11235,-1.8284798722572209,0.5702023140390744
11236,-3.1471321842167437,0.5701738039233725
11237,-3.934663384496517,0.5701452952331763
11238,-2.8033352073217572,0.5701167879684146
11239,-3.5157592430988287,0.5700882821290162
11240,-4.1562854936759965,0.5700597777149098
11241,-3.817606663078971,0.570031274726024
11242,-4.2445043312147535,0.5700027731622876
11243,-2.657000177866337,0.5699742730236296
11244,-3.9429078447618333,0.5699457743099784
11245,-3.4134211320550096,0.5699172770212629
11246,-4.093427509208505,0.5698887811574119
11247,-2.6320370501625527,0.5698602867183541
11248,-4.522106023032638,0.5698317937040182
11249,-4.4873310319216575,0.5698033021143329
11250,-4.100172792149879,0.5697748119492272
11251,-4.996861697318384,0.5697463232086297
11252,-2.4286419907585133,0.5697178358924693
11253,-4.170263687234597,0.5696893500006747
11254,-4.1933599010959455,0.5696608655331746
11255,-4.022121878986215,0.569632382489898
11256,-1.8463379205702037,0.5696039008707735
11257,-3.0448228824780754,0.56957542067573
11258,-4.351674301539479,0.5695469419046962
11259,-4.359695862657491,0.569518464557601
11260,-4.506155228402778,0.5694899886343732
11261,-4.0886216334686125,0.5694615141349415
11262,-3.925452384274567,0.5694330410592348
11263,-4.173689543336762,0.5694045694071818
11264,-5.148876412797889,0.5693760991787115
11265,-4.906741929419299,0.5693476303737526
11266,-1.5512272630553108,0.5693191629922338
11267,-4.691772576728642,0.5692906970340842
11268,-4.876990431687462,0.5692622324992325
11269,-3.9228634222854377,0.5692337693876075
11270,-3.6085381175002786,0.5692053076991381
11271,-3.254429461370213,0.5691768474337532
11272,-4.295426288546022,0.5691483885913815
11273,-4.418992190553759,0.5691199311719519
11274,-4.727583609532868,0.5690914751753934
11275,-3.283794168277586,0.5690630206016346
11276,-2.895158352882188,0.5690345674506045
11277,-3.8081307469508046,0.569006115722232
11278,-3.2688689843577006,0.5689776654164459
11279,-3.2357843732250506,0.5689492165331751
11280,-4.198746743706775,0.5689207690723485
11281,-2.4053082065569895,0.5688923230338948
11282,-3.5006412977971926,0.5688638784177431
11283,-4.380945299267375,0.5688354352238222
11284,-3.499490789858402,0.568806993452061
11285,-3.336895226954682,0.5687785531023883
11286,-4.633092553789535,0.5687501141747332
11287,-4.453182725223945,0.5687216766690245
11288,-3.0231655022860062,0.5686932405851911
11289,-4.15583092467779,0.5686648059231618
11290,-4.150931949690463,0.5686363726828657
11291,-4.723784400424815,0.5686079408642316
11292,-4.0380271532101375,0.5685795104671884
11293,-5.277935669087929,0.568551081491665
11294,-4.570296716179172,0.5685226539375904
11295,-2.498765099938587,0.5684942278048936
11296,-1.4026218466726532,0.5684658030935034
11297,-1.8611845759377998,0.5684373798033487
11298,-2.3788068135490708,0.5684089579343585
11299,-3.4273921410150803,0.5683805374864618
11300,-1.5793496144239276,0.5683521184595874
11301,-3.2385534465036976,0.5683237008536645
11302,-3.3484175572370605,0.5682952846686218
11303,-2.6321882868919095,0.5682668699043883
11304,-1.5843695186740825,0.5682384565608931
11305,-3.7197830608133153,0.5682100446380651
11306,-3.6749312950425255,0.5681816341358332
11307,-1.7949585499558287,0.5681532250541265
11308,-3.1564607122496646,0.5681248173928738
11309,-3.275488955440828,0.5680964111520042
11310,-1.68693110935109,0.5680680063314466
11311,-2.7982218756091113,0.56803960293113
11312,-2.243134459693204,0.5680112009509835
11313,-1.7121276930747382,0.567982800390936
11314,-2.949194030285117,0.5679544012509165
11315,-3.5172214783405114,0.5679260035308539
11316,-2.871017255050995,0.5678976072306773
11317,-1.4525686031970109,0.5678692123503157
11318,-3.03114769926253,0.5678408188896982
11319,-3.75017779318404,0.5678124268487537
11320,-2.906653665054656,0.5677840362274112
11321,-3.62236900863875,0.5677556470255999
11322,-3.0706342034824075,0.5677272592432486
11323,-2.079899547727626,0.5676988728802864
11324,-1.6110369389113575,0.5676704879366424
11325,-4.995263451005864,0.5676421044122456
11326,-1.2426670662351504,0.567613722307025
11327,-3.206636632033421,0.5675853416209097
11328,-3.596206876761455,0.5675569623538287
11329,-2.239588488125143,0.567528584505711
11330,-2.077748102007411,0.5675002080764857
11331,-4.0150176929202255,0.5674718330660818
11332,-3.910364467229222,0.5674434594744285
11333,-1.9764092038028798,0.5674150873014548
11334,-3.917245892909491,0.5673867165470898
11335,-4.649168305738115,0.5673583472112624
11336,-4.096659846459639,0.5673299792939018
11337,-3.1347940185277237,0.5673016127949372
11338,-2.2797400863048107,0.5672732477142974
11339,-1.39116528020292,0.5672448840519118
11340,-3.160352475772769,0.5672165218077092
11341,-3.2344442138075657,0.5671881609816188
11342,-3.37025069632044,0.5671598015735697
11343,-4.4323763827179725,0.567131443583491
11344,-4.1602188862575,0.5671030870113118
11345,-3.391182099324068,0.5670747318569613
11346,-4.320783055864378,0.5670463781203685
11347,-3.765446854047153,0.5670180258014625
11348,-5.012126440092217,0.5669896749001725
11349,-1.831178819112023,0.5669613254164275
11350,-3.6388026536065103,0.5669329773501567
11351,-3.5475373340581724,0.5669046307012892
11352,-3.0011433100145783,0.5668762854697541
11353,-3.12781115381104,0.5668479416554806
11354,-3.777839153517,0.5668195992583978
11355,-4.4285974429408235,0.5667912582784348
11356,-2.895710070591341,0.5667629187155209
11357,-2.137693871600751,0.5667345805695851
11358,-4.1166996051217986,0.5667062438405567
11359,-3.3205046609332127,0.5666779085283646
11360,-2.561626664014482,0.5666495746329382
11361,-2.542065832140283,0.5666212421542065
11362,-4.402973913672907,0.5665929110920987
11363,-2.7550489172239754,0.5665645814465442
11364,-3.2202610813821755,0.5665362532174719
11365,-2.9930413634742754,0.5665079264048111
11366,-1.5922388799035565,0.5664796010084908
11367,-2.571410282358107,0.5664512770284404
11368,-3.197554629071577,0.566422954464589
11369,-3.387264001519812,0.5663946333168658
11370,-3.6024272485147204,0.5663663135852
11371,-1.4496690808957937,0.5663379952695207
11372,-4.138146962359114,0.5663096783697572
11373,-2.7998944124964398,0.5662813628858387
11374,-1.2628500745665012,0.5662530488176944
11375,-3.282387831798547,0.5662247361652536
11376,-4.355398508413057,0.5661964249284454
11377,-4.349840525457684,0.5661681151071989
11378,-4.1980315473528105,0.5661398067014435
11379,-4.398529942845025,0.5661114997111084
11380,-4.27136895969732,0.5660831941361228
11381,-4.701995568802104,0.5660548899764161
11382,-3.994410466772396,0.5660265872319172
11383,-3.0251590890183335,0.5659982859025556
11384,-3.2066843968220686,0.5659699859882605
11385,-3.8972103862353302,0.5659416874889611
11386,-2.5761502054509764,0.5659133904045867
11387,-5.1905229074600605,0.5658850947350664
11388,-3.6866235431887704,0.5658568004803297
11389,-3.7457047121048723,0.5658285076403057
11390,-4.410415969527299,0.5658002162149237
11391,-5.226120324923258,0.565771926204113
11392,-1.3640551306693143,0.5657436376078028
11393,-1.8399765352479003,0.5657153504259224
11394,-3.264933593149559,0.565687064658401
11395,-2.9890768493007354,0.5656587803051681
11396,-1.7588179520322385,0.5656304973661529
11397,-3.6783021941740364,0.5656022158412846
11398,-3.6765226683705157,0.5655739357304925
11399,-1.259766055782853,0.565545657033706
11400,-3.4029327678541614,0.5655173797508543
11401,-2.8340282906396133,0.5654891038818667
11402,-1.5480965295459552,0.5654608294266726
11403,-1.5388253707345736,0.5654325563852013
11404,-2.760224807035385,0.565404284757382
11405,-3.962682470079017,0.5653760145431441
11406,-3.5031370228484437,0.565347745742417
11407,-3.9345060628816118,0.5653194783551299
11408,-3.503737924643055,0.565291212381212
11409,-3.781028585108027,0.5652629478205929
11410,-3.4796224008526906,0.5652346846732019
11411,-3.9835088173310473,0.5652064229389683
11412,-3.0338060247689613,0.5651781626178213
11413,-3.657808014414843,0.5651499037096904
11414,-4.381304643868226,0.5651216462145049
11415,-3.5984912998718226,0.5650933901321942
11416,-3.0032237356742097,0.5650651354626876
11417,-3.467863171253441,0.5650368822059144
11418,-3.6249252048097564,0.5650086303618042
11419,-3.0729632623920393,0.564980379930286
11420,-3.920321479451471,0.5649521309112895
11421,-2.8266343492172643,0.564923883304744
11422,-2.665925791735157,0.5648956371105788
11423,-2.710131911368671,0.5648673923287233
11424,-3.5483208523886036,0.5648391489591068
11425,-0.7640330225502006,0.5648109070016588
11426,-3.1825647093553964,0.5647826664563087
11427,-3.3406846256545566,0.5647544273229859
11428,-2.869087396202338,0.5647261896016197
11429,-1.8238672297845362,0.5646979532921396
11430,-4.526356836093347,0.564669718394475
11431,-1.5839904188878873,0.5646414849085553
11432,-4.584091007007105,0.5646132528343099
11433,-4.967539216117501,0.5645850221716682
11434,-2.87324483732497,0.5645567929205596
11435,-4.32118378422,0.5645285650809135
11436,-1.6793493763469192,0.5645003386526595
11437,-4.721900551297191,0.5644721136357268
11438,-2.4733640370074954,0.564443890030045
11439,-3.9910972580201696,0.5644156678355435
11440,-3.437793015753166,0.5643874470521517
11441,-4.120025957835968,0.5643592276797991
11442,-4.908153864680973,0.5643310097184151
11443,-4.544512148043655,0.5643027931679292
11444,-3.804307949172067,0.5642745780282709
11445,-3.57852768992589,0.5642463642993695
11446,-3.5798620426617047,0.5642181519811545
11447,-3.945375152133251,0.5641899410735555
11448,-2.5636700149474305,0.5641617315765018
11449,-3.656449062472185,0.5641335234899231
11450,-3.9789937547314302,0.5641053168137485
11451,-3.049912390068787,0.5640771115479079
11452,-4.242344101691225,0.5640489076923304
11453,-4.417528533968031,0.5640207052469458
11454,-4.120809998713807,0.5639925042116835
11455,-1.6680866392347224,0.5639643045864728
11456,-3.1939938395258984,0.5639361063712435
11457,-4.306094197272371,0.563907909565925
11458,-3.529646170336086,0.5638797141704467
11459,-4.122946751384138,0.5638515201847382
11460,-3.466328191433119,0.5638233276087289
11461,-4.512177006878499,0.5637951364423485
11462,-4.061777650356607,0.5637669466855264
11463,-3.9083480727173256,0.5637387583381921
11464,-3.3990350302743852,0.5637105714002751
11465,-3.8988894638922234,0.5636823858717052
11466,-3.5745496765095797,0.5636542017524115
11467,-3.440120511592169,0.5636260190423239
11468,-2.586888896526688,0.5635978377413717
11469,-4.253718015252663,0.5635696578494847
11470,-3.636977418232404,0.5635414793665922
11471,-4.230958907776954,0.5635133022926239
11472,-2.9625219469838227,0.5634851266275093
11473,-3.4976302614559485,0.5634569523711779
11474,-2.0901664349231637,0.5634287795235593
11475,-4.828220268402783,0.5634006080845831
11476,-3.2648107321287094,0.5633724380541789
11477,-4.731331864074747,0.5633442694322762
11478,-3.322339451554807,0.5633161022188046
11479,-3.6194124771291873,0.5632879364136937
11480,-3.7000939220451254,0.563259772016873
11481,-4.021636061210181,0.5632316090282722
11482,-3.789527101628139,0.5632034474478208
11483,-3.352731645569886,0.5631752872754484
11484,-3.4103581397583214,0.5631471285110846
11485,-4.749683740007449,0.563118971154659
11486,-2.0832993651265532,0.5630908152061013
11487,-4.164386286071995,0.5630626606653409
11488,-4.396199422184006,0.5630345075323077
11489,-4.964579257030749,0.563006355806931
11490,-1.4142400942504805,0.5629782054891407
11491,-3.565428461571189,0.5629500565788662
11492,-1.8449018954021021,0.5629219090760372
11493,-1.5807752872937393,0.5628937629805835
11494,-1.3394877799863505,0.5628656182924344
11495,-3.0536897423745475,0.5628374750115198
11496,-3.911156660583365,0.5628093331377693
11497,-2.5813443295829748,0.5627811926711124
11498,-1.3793449809750495,0.5627530536114789
11499,-1.524548220762503,0.5627249159587983
11500,-2.9666272460955936,0.5626967797130004
11501,-3.414983034815664,0.5626686448740147
11502,-1.395332864618462,0.562640511441771
11503,-2.238552840930305,0.5626123794161989
11504,-1.8183751535365347,0.5625842487972281
11505,-2.078545921301094,0.5625561195847882
11506,-2.3910194468236377,0.562527991778809
11507,-3.779923160515169,0.56249986537922
11508,-4.520605823542907,0.562471740385951
11509,-2.552283560043345,0.5624436167989317
11510,-4.577593915341401,0.5624154946180918
11511,-1.723549111447203,0.5623873738433609
11512,-3.233147212169364,0.5623592544746687
11513,-1.5640873585301827,0.562331136511945
11514,-1.7942190272949938,0.5623030199551194
11515,-2.072306436471304,0.5622749048041217
11516,-3.190395064655683,0.5622467910588814
11517,-3.253126376982406,0.5622186787193285
11518,-3.2874634931413924,0.5621905677853926
11519,-1.7170176201151692,0.5621624582570033
11520,-3.5390832477112664,0.5621343501340904
11521,-2.2909104205906616,0.5621062434165837
11522,-4.438771268421698,0.5620781381044129
11523,-3.695327399182383,0.5620500341975077
11524,-1.530308781115301,0.5620219316957977
11525,-3.855421323163028,0.5619938305992129
11526,-5.085461489955003,0.561965730907683
11527,-3.9503392486635507,0.5619376326211376
11528,-3.897235111902408,0.5619095357395065
11529,-3.4886580638738787,0.5618814402627196
11530,-3.6457755136593812,0.5618533461907065
11531,-2.486408639165133,0.561825253523397
11532,-3.270253395795832,0.5617971622607207
11533,-3.7985789439402837,0.5617690724026078
11534,-3.8217874122975246,0.5617409839489876
11535,-1.4707065486200788,0.5617128968997902
11536,-3.4759340370936167,0.5616848112549452
11537,-3.7441029708040134,0.5616567270143824
11538,-4.47663002150067,0.5616286441780317
11539,-2.0334664198180294,0.5616005627458228
11540,-3.3538686087807124,0.5615724827176856
11541,-3.308284165586665,0.5615444040935497
11542,-4.388283878384597,0.561516326873345
11543,-3.8988942563378535,0.5614882510570013
11544,-3.1113581823977245,0.5614601766444485
11545,-4.027093958142059,0.5614321036356162
11546,-4.031393280290324,0.5614040320304344
11547,-4.010950249419126,0.5613759618288329
11548,-4.190273661290116,0.5613478930307414
11549,-3.390912900423745,0.5613198256360898
11550,-3.950806326441314,0.561291759644808
11551,-2.7067878383849377,0.5612636950568258
11552,-2.2464299218026014,0.561235631872073
11553,-1.308564934003948,0.5612075700904794
11554,-3.0510940580587578,0.5611795097119748
11555,-3.0587910201542607,0.5611514507364892
11556,-5.7063603552281155,0.5611233931639524
11557,-4.657810821849289,0.5610953369942943
11558,-5.060119698949183,0.5610672822274445
11559,-4.22679220319979,0.5610392288633331
11560,-3.9193072255449257,0.56101117690189
11561,-5.363749188380671,0.5609831263430448
11562,-3.0970819872955477,0.5609550771867277
11563,-3.667227559598862,0.5609270294328683
11564,-1.6481179495083738,0.5608989830813966
11565,-3.3916450782021292,0.5608709381322425
11566,-4.639390882054051,0.5608428945853359
11567,-4.400343336559076,0.5608148524406066
11568,-4.0477310278925,0.5607868116979845
11569,-4.087393821722777,0.5607587723573996
11570,-3.7718816039194527,0.5607307344187817
11571,-4.472483644469889,0.5607026978820608
11572,-4.266569104555684,0.5606746627471667
11573,-5.15181891464478,0.5606466290140294
11574,-2.982747501203388,0.5606185966825787
11575,-2.5610646718524817,0.5605905657527446
11576,-4.203077995509096,0.560562536224457
11577,-2.626843843441344,0.5605345080976457
11578,-2.2167877891141368,0.5605064813722408
11579,-4.6444455435254275,0.5604784560481721
11580,-4.021954921489062,0.5604504321253697
11581,-4.495330506746689,0.5604224096037634
11582,-4.286470838802463,0.5603943884832833
11583,-4.104011722787713,0.5603663687638591
11584,-1.7768651033299876,0.5603383504454209
11585,-2.0356291027932203,0.5603103335278986
11586,-3.4266525703032418,0.5602823180112222
11587,-5.045884939483791,0.5602543038953216
11588,-4.179751889005694,0.5602262911801268
11589,-3.981094375187202,0.5601982798655678
11590,-3.8279403741991453,0.5601702699515745
11591,-3.5399836237934053,0.5601422614380769
11592,-2.064577592811981,0.560114254325005
11593,-3.4105063618983267,0.5600862486122887
11594,-2.1204569366568586,0.5600582442998581
11595,-3.0963077418534204,0.5600302413876431
11596,-2.395045574854993,0.5600022398755737
11597,-4.543889124467279,0.55997423976358
11598,-3.7533277442583253,0.5599462410515917
11599,-1.8150491496992367,0.5599182437395391
11600,-2.1840283449164444,0.5598902478273522
11601,-3.554443640231402,0.5598622533149609
11602,-3.9572995846303827,0.5598342602022951
11603,-3.52498795735717,0.5598062684892849
11604,-2.613834071338374,0.5597782781758605
11605,-4.5283689954594735,0.5597502892619517
11606,-2.6134657111848565,0.5597223017474886
11607,-3.93912862980614,0.5596943156324012
11608,-3.123427990148337,0.5596663309166197
11609,-3.361993602100098,0.5596383476000738
11610,-3.0898366546047247,0.5596103656826938
11611,-3.4873614696419972,0.5595823851644097
11612,-3.6244109365273887,0.5595544060451515
11613,-1.917918491847134,0.5595264283248492
11614,-3.6121604599625234,0.559498452003433
11615,-2.271344626440766,0.5594704770808328
11616,-3.675833431698159,0.5594425035569787
11617,-3.9352009952527958,0.5594145314318009
11618,-4.085548445886873,0.5593865607052293
11619,-3.577461725119112,0.559358591377194
11620,-1.2066712698727848,0.5593306234476252
11621,-2.7897201389506687,0.5593026569164528
11622,-2.9986182431398145,0.5592746917836069
11623,-1.343978810500479,0.5592467280490178
11624,-3.8231129019747154,0.5592187657126153
11625,-3.901513564913609,0.5591908047743297
11626,-3.756887713098929,0.559162845234091
11627,-3.930442614426411,0.5591348870918292
11628,-2.83200206403448,0.5591069303474746
11629,-2.3304233276910553,0.5590789750009573
11630,-2.9762573910796597,0.5590510210522073
11631,-2.9551685181606118,0.5590230685011547
11632,-3.6792859469694745,0.5589951173477297
11633,-5.075688314970179,0.5589671675918623
11634,-1.4379305794345911,0.5589392192334827
11635,-3.3994095469080423,0.558911272272521
11636,-3.1879189857463337,0.5588833267089074
11637,-1.4543794469521272,0.5588553825425719
11638,-4.427004248711857,0.5588274397734448
11639,-3.922000713011189,0.5587994984014562
11640,-4.727362205417961,0.558771558426536
11641,-4.512966797910373,0.5587436198486148
11642,-3.0378643379157304,0.5587156826676223
11643,-5.036447022603336,0.5586877468834889
11644,-5.880101841121865,0.5586598124961447
11645,-3.8825945815937546,0.55863187950552
11646,-3.6465786388391375,0.5586039479115447
11647,-2.954699785458508,0.5585760177141491
11648,-3.2434343467488507,0.5585480889132634
11649,-4.359510853290983,0.5585201615088177
11650,-4.0432816655821,0.5584922355007422
11651,-1.860550813026843,0.5584643108889672
11652,-3.104897574499748,0.5584363876734227
11653,-4.059187935380267,0.558408465854039
11654,-1.1606875703281712,0.5583805454307463
11655,-4.408249417072335,0.5583526264034748
11656,-3.3902577457867147,0.5583247087721547
11657,-2.3050254102521874,0.558296792536716
11658,-5.446177051339644,0.5582688776970892
11659,-4.16381038628035,0.5582409642532044
11660,-5.332534908571582,0.5582130522049917
11661,-5.030894748027516,0.5581851415523815
11662,-3.4278493434254123,0.5581572322953039
11663,-4.676304610376544,0.5581293244336891
11664,-4.239850290457688,0.5581014179674675
11665,-6.364542076254758,0.5580735128965691
11666,-2.762873232989338,0.5580456092209243
11667,-3.404756443717213,0.5580177069404633
11668,-1.7354783520843124,0.5579898060551163
11669,-2.761997758936102,0.5579619065648135
11670,-3.3866496885042134,0.5579340084694853
11671,-4.764548163898949,0.5579061117690618
11672,-3.8410819252717285,0.5578782164634734
11673,-4.8332338812820455,0.5578503225526502
11674,-3.5303348590935837,0.5578224300365225
11675,-5.270636363217042,0.5577945389150207
11676,-5.116053928651453,0.557766649188075
11677,-3.8086321204653553,0.5577387608556156
11678,-4.245137367002403,0.5577108739175728
11679,-4.201174636229203,0.5576829883738769
11680,-3.863886608661605,0.5576551042244582
11681,-1.963373357626892,0.5576272214692469
11682,-3.7598900594933173,0.5575993401081735
11683,-3.555412166576895,0.5575714601411681
11684,-4.54591370931807,0.5575435815681611
11685,-4.641672575553736,0.5575157043890827
11686,-4.0637075883275,0.5574878286038633
11687,-0.9788411884015549,0.5574599542124331
11688,-2.6303266366861053,0.5574320812147225
11689,-3.5149419588344104,0.5574042096106618
11690,-2.914883719202468,0.5573763394001813
11691,-3.5482474594515883,0.5573484705832112
11692,-3.7678764607006228,0.5573206031596821
11693,-1.222871393078028,0.5572927371295241
11694,-4.114987886889407,0.5572648724926677
11695,-3.00490521159829,0.5572370092490431
11696,-3.9535072519542895,0.5572091473985806
11697,-2.837013514280025,0.5571812869412107
11698,-4.6362698041634465,0.5571534278768636
11699,-4.324528989115407,0.5571255702054698
11700,-2.023058620106136,0.5570977139269595
11701,-4.433548356748014,0.5570698590412632
11702,-4.13605669903362,0.5570420055483111
11703,-4.806154638751793,0.5570141534480336
11704,-3.4912029020154973,0.5569863027403612
11705,-2.11925714384407,0.5569584534252242
11706,-2.9327108659484864,0.5569306055025529
11707,-3.5009112425288906,0.5569027589722778
11708,-3.327235064049679,0.5568749138343292
11709,-3.939430486109991,0.5568470700886374
11710,-4.897628862315328,0.556819227735133
11711,-3.8768730133452465,0.5567913867737463
11712,-3.7862427184538485,0.5567635472044076
11713,-4.261595694559712,0.5567357090270474
11714,-3.8233587892137595,0.556707872241596
11715,-2.988504225244715,0.556680036847984
11716,-4.002384113322661,0.5566522028461416
11717,-3.94016780161847,0.5566243702359993
11718,-4.391268384460672,0.5565965390174875
11719,-3.707458458440986,0.5565687091905367
11720,-3.8004320224806847,0.5565408807550771
11721,-3.270606383773964,0.5565130537110394
11722,-1.5710040245885812,0.5564852280583539
11723,-1.1901510851664239,0.556457403796951
11724,-3.770523931552294,0.5564295809267611
11725,-3.2905310271350823,0.5564017594477147
11726,-1.2920579127195908,0.5563739393597423
11727,-2.957561489793261,0.5563461206627743
11728,-3.559604001530637,0.5563183033567412
11729,-3.653014712967002,0.5562904874415733
11730,-2.9686926173910924,0.5562626729172012
11731,-2.4710026164435144,0.5562348597835554
11732,-4.613380604397885,0.5562070480405662
11733,-3.985290608343915,0.5561792376881641
11734,-5.000115055324953,0.5561514287262798
11735,-1.2078595988194176,0.5561236211548435
11736,-2.2546984500830476,0.5560958149737858
11737,-4.603728834638883,0.5560680101830371
11738,-4.259628455556838,0.556040206782528
11739,-2.1902787295726878,0.5560124047721888
11740,-2.0926043130453675,0.5559846041519502
11741,-1.1951769460179997,0.5559568049217426
11742,-2.0304912516727414,0.5559290070814965
11743,-3.4709365362892455,0.5559012106311424
11744,-4.99760444294656,0.5558734155706109
11745,-3.841801883319957,0.5558456218998323
11746,-2.602104669513977,0.5558178296187374
11747,-2.1986151773901734,0.5557900387272564
11748,-4.010029154170949,0.55576224922532
11749,-3.6186897097797166,0.5557344611128587
11750,-5.380099347294455,0.5557066743898031
11751,-4.127415885093648,0.5556788890560836
11752,-3.5992968189347696,0.5556511051116308
11753,-5.199060288238844,0.5556233225563753
11754,-4.472214232645027,0.5555955413902475
11755,-2.197774653303517,0.555567761613178
11756,-4.5746645465328495,0.5555399832250973
11757,-3.369608290630081,0.5555122062259361
11758,-3.558766907890182,0.5554844306156248
11759,-4.880919200085938,0.555456656394094
11760,-4.901601185762647,0.5554288835612743
11761,-4.768766669703078,0.5554011121170962
11762,-2.397211769890651,0.5553733420614904
11763,-3.274934851140788,0.5553455733943873
11764,-4.79237589858559,0.5553178061157176
11765,-3.241727102460903,0.5552900402254118
11766,-3.697285825504614,0.5552622757234006
11767,-4.254406828061324,0.5552345126096144
11768,-3.2020632857580793,0.555206750883984
11769,-3.8183747984098177,0.5551789905464398
11770,-5.237861729353114,0.5551512315969125
11771,-4.844815344874464,0.5551234740353327
11772,-1.817569051334726,0.5550957178616309
11773,-2.4110446203402556,0.5550679630757378
11774,-4.432685192631332,0.555040209677584
11775,-4.132627895549685,0.5550124576671002
11776,-4.929347228368091,0.5549847070442168
11777,-3.5093013243627045,0.5549569578088646
11778,-2.2521314636060406,0.5549292099609742
11779,-1.5558528772735447,0.5549014635004761
11780,-1.289251127256614,0.554873718427301
11781,-2.7184707147282574,0.5548459747413796
11782,-4.71575502323316,0.5548182324426426
11783,-2.2097111758549866,0.5547904915310204
11784,-4.010202251457409,0.5547627520064439
11785,-3.873402709165991,0.5547350138688436
11786,-3.5966669178236153,0.5547072771181502
11787,-2.8554534430993574,0.5546795417542942
11788,-2.9319736073357108,0.5546518077772066
11789,-1.4898383241413926,0.5546240751868177
11790,-3.994647669421986,0.5545963439830583
11791,-1.748513893202976,0.5545686141658592
11792,-3.689156114619122,0.5545408857351509
11793,-3.2146602823112147,0.5545131586908641
11794,-3.3112898194483735,0.5544854330329296
11795,-3.6770894347814655,0.554457708761278
11796,-2.8090331156620634,0.5544299858758399
11797,-3.120650084833053,0.5544022643765462
11798,-2.929952135629375,0.5543745442633273
11799,-3.7496812955520284,0.5543468255361141
11800,-3.7751740027145795,0.5543191081948373
11801,-3.2077193241085404,0.5542913922394276
11802,-1.4130905558381288,0.5542636776698157
11803,-3.127624650478979,0.5542359644859322
11804,-3.3618710608365916,0.5542082526877079
11805,-1.9678181978066767,0.5541805422750735
11806,-1.7123185307725954,0.5541528332479597
11807,-2.9384720845075094,0.5541251256062973
11808,-3.3755661707644644,0.554097419350017
11809,-4.060408456755365,0.5540697144790495
11810,-4.559850763701445,0.5540420109933256
11811,-3.743157125860629,0.5540143088927759
11812,-3.7468076169356603,0.5539866081773313
11813,-3.0725450764588773,0.5539589088469223
11814,-4.46256420151363,0.55393121090148
11815,-3.9068429501310646,0.553903514340935
11816,-1.8284798722572209,0.553875819165218
11817,-4.56063759899488,0.5538481253742598
11818,-2.337113375954042,0.553820432967991
11819,-2.55401678203816,0.5537927419463426
11820,-3.4551111280167075,0.5537650523092453
11821,-3.7524697718312527,0.5537373640566299
11822,-1.2890657193063935,0.553709677188427
11823,-2.8642710630640553,0.5536819917045676
11824,-4.186806833039094,0.5536543076049824
11825,-4.930136640602544,0.5536266248896021
11826,-1.2542409211592869,0.5535989435583577
11827,-2.669704287212816,0.5535712636111798
11828,-3.312927710436117,0.5535435850479993
11829,-1.509527770247359,0.5535159078687468
11830,-2.649780969694445,0.5534882320733534
11831,-3.5335959211145167,0.5534605576617497
11832,-1.245751115204123,0.5534328846338666
11833,-3.8358305829744,0.553405212989635
11834,-5.071070046062598,0.5533775427289855
11835,-1.6998218624162469,0.5533498738518491
11836,-4.358230992240401,0.5533222063581565
11837,-2.4449236624209587,0.5532945402478386
11838,-3.989150952707431,0.5532668755208262
11839,-1.2608406279147841,0.5532392121770502
11840,-3.1409283921323743,0.5532115502164413
11841,-5.358323150849921,0.5531838896389305
11842,-5.442716246153678,0.5531562304444486
11843,-4.642156277797213,0.5531285726329264
11844,-2.368296375299273,0.5531009162042947
11845,-2.894072945287577,0.5530732611584844
11846,-4.9446608604037525,0.5530456074954265
11847,-3.2699253269936115,0.5530179552150517
11848,-4.054780371119846,0.5529903043172909
11849,-5.195366975245792,0.5529626548020751
11850,-3.1133976264510865,0.5529350066693349
11851,-3.9802035119287167,0.5529073599190014
11852,-3.5172775753029004,0.5528797145510055
11853,-4.032175117150202,0.552852070565278
11854,-4.413121047083386,0.5528244279617497
11855,-5.072622655529238,0.5527967867403516
11856,-4.044242019378077,0.5527691469010145
11857,-4.818610476397831,0.5527415084436694
11858,-3.2408550228831317,0.5527138713682472
11859,-3.902515477745811,0.5526862356746788
11860,-3.615466555454608,0.552658601362895
11861,-3.990482100957672,0.5526309684328269
11862,-4.2023376060726765,0.5526033368844052
11863,-4.2630684857745615,0.552575706717561
11864,-5.374953147483106,0.552548077932225
11865,-1.59963370845999,0.5525204505283284
11866,-3.375895195842136,0.5524928245058021
11867,-4.598456156903932,0.5524651998645768
11868,-3.634056969486472,0.5524375766045835
11869,-4.507050723994647,0.5524099547257533
11870,-4.612978378876566,0.552382334228017
11871,-2.58881798029973,0.5523547151113055
11872,-3.7921544686000592,0.55232709737555
11873,-5.1171567937425655,0.5522994810206812
11874,-4.471812093131547,0.5522718660466301
11875,-3.309528088507966,0.5522442524533279
11876,-5.5489203729000485,0.5522166402407052
11877,-3.805041402791054,0.5521890294086931
11878,-4.174322499197663,0.5521614199572227
11879,-5.50634113516038,0.5521338118862248
11880,-3.294040437839687,0.5521062051956305
11881,-3.1987970321689243,0.5520785998853707
11882,-2.421109001896924,0.5520509959553764
11883,-2.033818648075076,0.5520233934055787
11884,-2.9580564385802477,0.5519957922359084
11885,-3.1943021198399055,0.5519681924462967
11886,-3.553744974769103,0.5519405940366744
11887,-1.4565903699846927,0.5519129970069726
11888,-1.9314934317663033,0.5518854013571223
11889,-2.0189188218145384,0.5518578070870545
11890,-4.278897634206472,0.5518302141967001
11891,-2.6296395483196875,0.5518026226859902
11892,-3.699243469889334,0.5517750325548559
11893,-2.4174397186201793,0.5517474438032282
11894,-1.998076708855206,0.551719856431038
11895,-1.2036913680346368,0.5516922704382164
11896,-1.2280218240681218,0.5516646858246945
11897,-4.740635106511657,0.5516371025904033
11898,-4.226627744577516,0.5516095207352738
11899,-3.765815563748674,0.551581940259237
11900,-3.951720202631349,0.551554361162224
11901,-2.273052465006042,0.551526783444166
11902,-1.4901677246393228,0.5514992071049938
11903,-3.4215683375480657,0.5514716321446386
11904,-3.172944867935986,0.5514440585630314
11905,-1.208195764169673,0.5514164863601032
11906,-3.8192395393478913,0.5513889155357852
11907,-1.7592317008324938,0.5513613460900084
11908,-3.9715653350255233,0.5513337780227039
11909,-1.4381731890221467,0.5513062113338028
11910,-3.2790277789457507,0.5512786460232361
11911,-1.9503277642513157,0.5512510820909349
11912,-3.3005221983173874,0.5512235195368304
11913,-4.1962631904636245,0.5511959583608536
11914,-3.6107900203410117,0.5511683985629355
11915,-2.838040457543925,0.5511408401430073
11916,-3.3508737266164603,0.5511132831010002
11917,-1.9803752545641213,0.5510857274368451
11918,-3.7385894172163203,0.5510581731504733
11919,-3.652589400702122,0.5510306202418158
11920,-3.1035619049700855,0.5510030687108037
11921,-4.050850383711932,0.5509755185573681
11922,-3.273546666161561,0.5509479697814403
11923,-3.1729018249546335,0.5509204223829512
11924,-3.6952703849337296,0.5508928763618322
11925,-3.6476490244005975,0.5508653317180141
11926,-3.566576049388746,0.5508377884514282
11927,-4.414354071866301,0.5508102465620056
11928,-1.8301383716346302,0.5507827060496775
11929,-3.3927070898966614,0.550755166914375
11930,-4.561627268853997,0.5507276291560292
11931,-3.6073915939970487,0.5507000927745714
11932,-3.4087520975525134,0.5506725577699327
11933,-1.6331728910834473,0.5506450241420442
11934,-3.3111279135799028,0.5506174918908371
11935,-1.8066413875146319,0.5505899610162426
11936,-1.785359768574312,0.5505624315181917
11937,-3.1609636060793997,0.5505349033966158
11938,-2.389239349933429,0.550507376651446
11939,-1.503336855160406,0.5504798512826135
11940,-3.3403493588081643,0.5504523272900493
11941,-3.18452844693356,0.5504248046736848
11942,-3.8852769486590115,0.5503972834334512
11943,-3.5679867632452313,0.5503697635692795
11944,-3.5101355461177386,0.550342245081101
11945,-3.588295875815122,0.550314727968847
11946,-3.570015475853516,0.5502872122324485
11947,-3.375200683695031,0.5502596978718368
11948,-4.369159910494773,0.5502321848869433
11949,-4.1716068020412385,0.550204673277699
11950,-3.8159372829693203,0.5501771630440351
11951,-3.8815351159320928,0.5501496541858829
11952,-3.680409978992407,0.5501221467031736
11953,-1.5598843404891063,0.5500946405958385
11954,-2.058662977179265,0.5500671358638086
11955,-4.19117389782526,0.5500396325070155
11956,-4.423811825531398,0.5500121305253901
11957,-3.688256156147485,0.5499846299188639
11958,-5.015451634856396,0.549957130687368
11959,-4.769113969329833,0.5499296328308336
11960,-3.9084885000334078,0.549902136349192
11961,-5.766587618304386,0.5498746412423746
11962,-5.368318367292019,0.5498471475103125
11963,-1.4902518708494186,0.549819655152937
11964,-3.754296726639123,0.5497921641701793
11965,-3.0662294768184872,0.5497646745619708
11966,-4.120981070451689,0.5497371863282426
11967,-3.6613108583381626,0.5497096994689262
11968,-4.331656242915291,0.5496822139839528
11969,-5.2367377898347875,0.5496547298732536
11970,-3.287004880219465,0.5496272471367599
11971,-3.703727874762231,0.5495997657744031
11972,-1.789866239478602,0.5495722857861144
11973,-1.7474410710016166,0.5495448071718251
11974,-2.6728702494702823,0.5495173299314665
11975,-1.8998578391247094,0.54948985406497
11976,-1.3780881717501028,0.5494623795722667
11977,-1.3885538920697518,0.5494349064532881
11978,-1.1628740185655526,0.5494074347079654
11979,-3.575826315089536,0.5493799643362299
11980,-2.036065706099342,0.5493524953380131
11981,-2.5776976285841107,0.5493250277132462
11982,-3.6860457258372152,0.5492975614618606
11983,-3.0036496444551206,0.5492700965837876
11984,-3.1532646908714232,0.5492426330789584
11985,-3.56115437776568,0.5492151709473044
11986,-2.9163664835092673,0.5491877101887571
11987,-4.287284322130806,0.5491602508032477
11988,-3.7149773551135614,0.5491327927907076
11989,-5.031840366890592,0.549105336151068
11990,-4.496017588607529,0.5490778808842605
11991,-5.122348338325993,0.5490504269902162
11992,-3.467541168669532,0.5490229744688667
11993,-3.648413694910441,0.5489955233201432
11994,-5.500914863377066,0.5489680735439773
11995,-4.238601829585453,0.5489406251403001
11996,-4.013446566898344,0.548913178109043
11997,-4.301311490391336,0.5488857324501376
11998,-3.6369718940009554,0.5488582881635151
11999,-2.4013972370837036,0.548830845249107
12000,-1.8636424628552195,0.5488034037068446
12001,-4.134691207975194,0.5487759635366593
12002,-1.3419144382056056,0.5487485247384825
12003,-3.924670233460396,0.5487210873122456
12004,-2.442309574255647,0.5486936512578799
12005,-1.9221413293412184,0.548666216575317
12006,-3.1887381859290156,0.5486387832644882
12007,-4.57682595305977,0.548611351325325
12008,-4.201746152809514,0.5485839207577587
12009,-4.803618586304769,0.5485564915617208
12010,-4.426732725564549,0.5485290637371427
12011,-4.28246077115794,0.5485016372839558
12012,-2.6651976604837344,0.5484742122020917
12013,-3.3195481360529593,0.5484467884914815
12014,-2.5642742853182874,0.548419366152057
12015,-3.704749589785133,0.5483919451837495
12016,-4.053024821658389,0.5483645255864903
12017,-1.5655137157495473,0.548337107360211
12018,-5.742921875707068,0.548309690504843
12019,-5.108938312383874,0.5482822750203178
12020,-4.232673151790268,0.5482548609065667
12021,-2.5565041730077143,0.5482274481635214
12022,-3.640064129473105,0.5482000367911133
12023,-4.4651065995097365,0.5481726267892737
12024,-3.8305801378589486,0.5481452181579343
12025,-3.7422182668139143,0.5481178108970264
12026,-4.84704180585092,0.5480904050064815
12027,-3.9047994318334136,0.5480630004862312
12028,-4.767367504521228,0.5480355973362069
12029,-2.7989430158047535,0.5480081955563401
12030,-3.0015828256678896,0.5479807951465623
12031,-4.334325726067479,0.5479533961068049
12032,-4.55808345305712,0.5479259984369996
12033,-4.445340132486014,0.5478986021370778
12034,-3.5537874299339585,0.5478712072069709
12035,-4.486093279098567,0.5478438136466106
12036,-3.2217873514895716,0.5478164214559282
12037,-5.54224051884303,0.5477890306348554
12038,-5.376710955356753,0.5477616411833237
12039,-3.6265319853525955,0.5477342531012646
12040,-4.337164910578729,0.5477068663886095
12041,-4.076185508794875,0.5476794810452901
12042,-4.350942413871054,0.5476520970712379
12043,-4.488285447144939,0.5476247144663843
12044,-5.164031198425889,0.547597333230661
12045,-3.6464539965496066,0.5475699533639994
12046,-3.9647552270000768,0.5475425748663312
12047,-3.238124335870258,0.5475151977375878
12048,-3.586996688461346,0.547487821977701
12049,-4.9825082921439465,0.5474604475866021
12050,-4.511865200390911,0.5474330745642227
12051,-3.8370495521114725,0.5474057029104945
12052,-3.4949045510452694,0.547378332625349
12053,-4.0308025616825915,0.5473509637087177
12054,-6.5016614502130325,0.5473235961605323
12055,-4.547261267128718,0.5472962299807242
12056,-5.622252207667437,0.5472688651692252
12057,-3.4761118900029544,0.5472415017259668
12058,-4.797341134985096,0.5472141396508805
12059,-5.329392425525203,0.547186778943898
12060,-3.301311497445263,0.5471594196049508
12061,-4.6883802965313714,0.5471320616339707
12062,-4.85933000289134,0.5471047050308889
12063,-2.676865435871874,0.5470773497956374
12064,-2.738851246310836,0.5470499959281476
12065,-4.208814978722973,0.5470226434283513
12066,-5.125415510615029,0.5469952922961798
12067,-4.716771117730305,0.546967942531565
12068,-1.6166901110069722,0.5469405941344384
12069,-1.9607101523402306,0.5469132471047317
12070,-1.3917511384988492,0.5468859014423765
12071,-2.220373952205066,0.5468585571473044
12072,-3.9640150173936997,0.546831214219447
12073,-3.003579831688306,0.5468038726587361
12074,-3.855530738635675,0.5467765324651032
12075,-2.2529753383821913,0.54674919363848
12076,-1.5285950056961775,0.546721856178798
12077,-2.971138051570704,0.5466945200859891
12078,-3.3022571883458256,0.5466671853599848
12079,-2.3599319081815557,0.5466398520007169
12080,-1.8592022075511732,0.5466125200081168
12081,-3.3544645698897577,0.5465851893821164
12082,-4.030874884232823,0.5465578601226473
12083,-4.324835593072229,0.5465305322296412
12084,-3.5177317398622248,0.5465032057030297
12085,-4.340689707571852,0.5464758805427445
12086,-4.088171207671593,0.5464485567487174
12087,-3.172873596400861,0.54642123432088
12088,-2.851127292799479,0.546393913259164
12089,-1.6748528756800165,0.546366593563501
12090,-4.662193126446214,0.5463392752338229
12091,-1.0750791755020117,0.5463119582700612
12092,-4.8347015047825455,0.5462846426721477
12093,-4.316141688281932,0.5462573284400141
12094,-3.511727425818038,0.5462300155735921
12095,-3.9264960069636645,0.5462027040728133
12096,-4.819902977255246,0.5461753939376097
12097,-3.5545105365651453,0.5461480851679128
12098,-3.060914995921129,0.5461207777636544
12099,-3.279288353416956,0.5460934717247662
12100,-3.7952815516571268,0.5460661670511799
12101,-1.7250353428030927,0.5460388637428274
12102,-3.3588804437344186,0.5460115617996403
12103,-3.3709522185568352,0.5459842612215503
12104,-1.6256261200373132,0.5459569620084892
12105,-3.739800380227786,0.5459296641603888
12106,-3.168258729439649,0.5459023676771808
12107,-1.2217305123580404,0.545875072558797
12108,-1.707333142970164,0.545847778805169
12109,-2.866969935739533,0.5458204864162287
12110,-1.5918690788993575,0.5457931953919078
12111,-3.187200307846286,0.5457659057321382
12112,-3.537329588508763,0.5457386174368516
12113,-2.2089058604808383,0.5457113305059798
12114,-2.8959311547310476,0.5456840449394544
12115,-4.303650684754522,0.5456567607372075
12116,-4.104769460338468,0.5456294778991706
12117,-4.405977072086082,0.5456021964252756
12118,-4.386930679976917,0.5455749163154544
12119,-4.222313318216358,0.5455476375696386
12120,-3.8427531413484592,0.5455203601877602
12121,-4.23189814094064,0.5454930841697508
12122,-3.7895000678879125,0.5454658095155424
12123,-3.4302894662895733,0.5454385362250666
12124,-3.5194577983924447,0.5454112642982553
12125,-2.406306253761682,0.5453839937350403
12126,-4.48008848115885,0.5453567245353536
12127,-4.824729745204234,0.5453294566991268
12128,-3.5739032070737524,0.5453021902262919
12129,-2.9794285469954858,0.5452749251167806
12130,-1.9750103461910604,0.5452476613705247
12131,-4.23682440099571,0.5452203989874562
12132,-2.752997712732717,0.5451931379675069
12133,-5.038445010134115,0.5451658783106085
12134,-4.422732136916682,0.545138620016693
12135,-3.865586658358922,0.5451113630856922
12136,-4.284236695328318,0.5450841075175379
12137,-4.125962090238765,0.545056853312162
12138,-4.502420277620813,0.5450296004694964
12139,-4.970908633844909,0.545002348989473
12140,-4.754646788853404,0.5449750988720236
12141,-2.200913146619722,0.5449478501170799
12142,-4.187008813794647,0.5449206027245741
12143,-5.909607027161262,0.5448933566944378
12144,-3.27596211534179,0.5448661120266031
12145,-3.9075060075581955,0.5448388687210017
12146,-3.5287092948092207,0.5448116267775657
12147,-3.7789472125457304,0.5447843861962268
12148,-4.285768675869413,0.544757146976917
12149,-5.304189989663739,0.5447299091195682
12150,-3.8145236705356154,0.5447026726241122
12151,-5.038459201302542,0.544675437490481
12152,-4.687969968089453,0.5446482037186064
12153,-5.493490278280287,0.5446209713084206
12154,-2.9558168544119603,0.5445937402598552
12155,-4.330635229329043,0.5445665105728422
12156,-4.729200992854623,0.5445392822473136
12157,-4.297142972663755,0.5445120552832012
12158,-3.6953836831784015,0.5444848296804371
12159,-6.232184968067479,0.544457605438953
12160,-3.9661613459646627,0.5444303825586811
12161,-4.088216921502873,0.5444031610395532
12162,-3.634000993325155,0.5443759408815012
12163,-3.723946942445066,0.5443487220844572
12164,-5.19084167359532,0.5443215046483529
12165,-4.375849032290962,0.5442942885731206
12166,-4.536806435504291,0.5442670738586919
12167,-2.721712053209549,0.544239860504999
12168,-1.6722354115791938,0.5442126485119737
12169,-2.072205908784508,0.5441854378795481
12170,-4.362033392754533,0.5441582286076542
12171,-3.3919426141777818,0.5441310206962238
12172,-5.011641704182347,0.5441038141451889
12173,-1.7237333228668819,0.5440766089544817
12174,-1.4165373114137119,0.544049405124034
12175,-3.5750251010967125,0.5440222026537778
12176,-4.068386050911181,0.5439950015436451
12177,-3.6361381110839184,0.543967801793568
12178,-2.6888952445377887,0.5439406034034783
12179,-3.761089838227133,0.5439134063733081
12180,-1.4153631413348258,0.5438862107029895
12181,-3.4338026316055075,0.5438590163924544
12182,-3.848948830650387,0.5438318234416347
12183,-2.0435714326789642,0.5438046318504627
12184,-3.155446245825611,0.5437774416188702
12185,-4.339463804974122,0.5437502527467892
12186,-4.724820353684333,0.5437230652341519
12187,-4.161323506383594,0.5436958790808902
12188,-3.365935617008722,0.5436686942869362
12189,-3.846509964700455,0.5436415108522219
12190,-2.293651628740212,0.5436143287766793
12191,-3.8621086492017302,0.5435871480602404
12192,-4.458368932113146,0.5435599687028374
12193,-1.8562537718726255,0.5435327907044023
12194,-2.6257279500424993,0.5435056140648671
12195,-1.3501774521582464,0.5434784387841638
12196,-4.625350928870612,0.5434512648622246
12197,-4.538553046557814,0.5434240922989815
12198,-2.2096965792864287,0.5433969210943665
12199,-2.922154542197734,0.5433697512483119
12200,-1.2622915927185479,0.5433425827607494
12201,-2.791175249744258,0.5433154156316113
12202,-2.3828476139421406,0.5432882498608298
12203,-4.9006847675943765,0.5432610854483367
12204,-3.0625974528825846,0.5432339223940643
12205,-4.612120664528582,0.5432067606979446
12206,-1.628724593825749,0.5431796003599098
12207,-1.3532967449769986,0.5431524413798917
12208,-4.068802488963939,0.5431252837578228
12209,-1.453874977260893,0.5430981274936348
12210,-1.1778874857151493,0.5430709725872601
12211,-2.798464009697585,0.5430438190386307
12212,-3.9592029592889695,0.5430166668476788
12213,-3.7084517846346996,0.5429895160143364
12214,-4.025423228970839,0.5429623665385357
12215,-1.1929356475358937,0.5429352184202088
12216,-2.9562024446666477,0.5429080716592878
12217,-1.1802060703346364,0.5428809262557048
12218,-3.5794984943593784,0.5428537822093921
12219,-2.21717312678689,0.5428266395202817
12220,-3.271559490135137,0.5427994981883056
12221,-3.645965626697823,0.5427723582133962
12222,-3.693411243105185,0.5427452195954855
12223,-1.3858880899800181,0.5427180823345057
12224,-4.311181478568195,0.542690946430389
12225,-5.58417172748687,0.5426638118830674
12226,-4.406325925077008,0.5426366786924733
12227,-2.285336073578602,0.5426095468585387
12228,-3.6600701866451315,0.5425824163811958
12229,-4.109296147132652,0.5425552872603767
12230,-6.2148462583128214,0.5425281594960137
12231,-3.1962062768565094,0.542501033088039
12232,-3.5647920585446125,0.5424739080363846
12233,-2.5217003202948405,0.5424467843409828
12234,-4.958943569904461,0.5424196620017657
12235,-2.812933273431452,0.5423925410186656
12236,-3.793961672625076,0.5423654213916147
12237,-2.2632082882812887,0.5423383031205451
12238,-2.4180736772214604,0.5423111862053891
12239,-3.8061066045097087,0.5422840706460789
12240,-3.2398133786218364,0.5422569564425466
12241,-2.9362498528573395,0.5422298435947245
12242,-2.360193478265158,0.5422027321025448
12243,-1.3931917040794042,0.5421756219659396
12244,-5.365715976135383,0.5421485131848414
12245,-4.735091542134683,0.5421214057591821
12246,-2.5069447400593354,0.5420942996888941
12247,-3.0743657495068253,0.5420671949739096
12248,-4.62238925678227,0.542040091614161
12249,-3.8570547022839796,0.5420129896095803
12250,-3.790376170600227,0.5419858889600998
12251,-4.169276448711976,0.5419587896656518
12252,-4.092064562362527,0.5419316917261685
12253,-4.224171008093821,0.5419045951415822
12254,-4.150135182840648,0.5418774999118251
12255,-5.164377240597714,0.5418504060368295
12256,-6.423103438552127,0.5418233135165277
12257,-4.997357506409034,0.5417962223508519
12258,-2.4401700334225147,0.5417691325397344
12259,-3.7389399827750562,0.5417420440831073
12260,-5.410107550477858,0.5417149569809032
12261,-4.542747627958871,0.5416878712330542
12262,-3.207635250048633,0.5416607868394925
12263,-1.967385794315291,0.5416337038001505
12264,-3.6005692131092264,0.5416066221149605
12265,-3.1697633072873543,0.5415795417838547
12266,-3.526119819144716,0.5415524628067655
12267,-1.5991481085878485,0.5415253851836251
12268,-4.557242680177488,0.541498308914366
12269,-3.605582421956138,0.5414712339989203
12270,-3.786814805278002,0.5414441604372203
12271,-5.200034711473236,0.5414170882291984
12272,-3.1056323949778335,0.541390017374787
12273,-3.340334111127567,0.5413629478739183
12274,-1.2927695455984662,0.5413358797265245
12275,-3.4280324751256694,0.5413088129325382
12276,-1.6742687011793325,0.5412817474918915
12277,-2.4003180109257807,0.5412546834045169
12278,-1.7328204418879338,0.5412276206703467
12279,-2.6479563795149126,0.5412005592893132
12280,-4.202315942112292,0.5411734992613487
12281,-3.535219856960086,0.5411464405863856
12282,-3.6365592268954607,0.5411193832643563
12283,-5.494366592149126,0.5410923272951931
12284,-3.140062131494946,0.5410652726788283
12285,-3.6304300257432303,0.5410382194151944
12286,-4.1881761084736455,0.5410111675042236
12287,-4.042692405270915,0.5409841169458484
12288,-2.6440990630379417,0.5409570677400011
12289,-3.0298843060542806,0.540930019886614
12290,-4.154062069573026,0.5409029733856198
12291,-4.308754101349707,0.5408759282369505
12292,-3.865337274730707,0.5408488844405387
12293,-3.5751665963528967,0.5408218419963167
12294,-3.6456271748505644,0.5407948009042168
12295,-2.413111378008656,0.5407677611641716
12296,-4.718128290984138,0.5407407227761134
12297,-3.5187606776844884,0.5407136857399746
12298,-0.7968440155773464,0.5406866500556876
12299,-3.431872286192336,0.5406596157231849
12300,-4.606595022536261,0.5406325827423988
12301,-4.123275209139142,0.5406055511132617
12302,-4.321680202866491,0.540578520835706
12303,-3.4544859469333455,0.5405514919096642
12304,-1.523682342612742,0.5405244643350687
12305,-4.64476166619893,0.540497438111852
12306,-3.5668389711186674,0.5404704132399465
12307,-5.130015747904087,0.5404433897192845
12308,-4.755129473439419,0.5404163675497986
12309,-4.354129018564773,0.5403893467314211
12310,-3.6681951085333,0.5403623272640846
12311,-1.9341253058190233,0.5403353091477214
12312,-4.14479926545948,0.5403082923822641
12313,-4.193663789355828,0.5402812769676449
12314,-4.66032678860058,0.5402542629037965
12315,-2.478547976434421,0.5402272501906513
12316,-2.5531545111691374,0.5402002388281418
12317,-4.071590531457617,0.5401732288162004
12318,-4.524795581072775,0.5401462201547597
12319,-4.896103445117766,0.540119212843752
12320,-4.904922700268395,0.5400922068831098
12321,-1.7461548548295986,0.5400652022727657
12322,-4.84121685641902,0.540038199012652
12323,-3.69973609187524,0.5400111971027014
12324,-4.668919740882421,0.5399841965428462
12325,-4.865692621045982,0.5399571973330191
12326,-2.4070822376760224,0.5399301994731525
12327,-4.436016357011345,0.5399032029631788
12328,-5.444677625111932,0.5398762078030307
12329,-5.188959455944392,0.5398492139926405
12330,-3.6976947656559576,0.5398222215319409
12331,-4.370501153921644,0.5397952304208643
12332,-4.543665519306922,0.5397682406593433
12333,-1.8868869817256018,0.5397412522473103
12334,-3.70251812255134,0.5397142651846979
12335,-5.556400464610039,0.5396872794714387
12336,-3.991517502510165,0.5396602951074652
12337,-3.9460817525439955,0.5396333120927098
12338,-4.3178907476261665,0.5396063304271052
12339,-3.0638269634193134,0.5395793501105838
12340,-4.736449007940449,0.5395523711430783
12341,-3.0940250704149594,0.5395253935245211
12342,-4.141955859419939,0.5394984172548449
12343,-4.9086777928031005,0.5394714423339821
12344,-1.9453902057628936,0.5394444687618655
12345,-2.2076637099786587,0.5394174965384274
12346,-2.029312161282738,0.5393905256636005
12347,-1.8912626150732217,0.5393635561373172
12348,-1.9750969870921742,0.5393365879595103
12349,-2.021370376746402,0.5393096211301124
12350,-4.428841676414942,0.5392826556490559
12351,-2.6199248666822874,0.5392556915162734
12352,-4.036035619757353,0.5392287287316976
12353,-4.283001387593969,0.539201767295261
12354,-4.423144257236863,0.5391748072068963
12355,-4.712682720968467,0.539147848466536
12356,-2.0494583345507644,0.5391208910741127
12357,-4.993926596811089,0.5390939350295589
12358,-5.250430192510395,0.5390669803328074
12359,-6.06605244330746,0.5390400269837908
12360,-3.510518162031651,0.5390130749824417
12361,-4.364274315039781,0.5389861243286925
12362,-4.559450106338977,0.5389591750224761
12363,-1.8766675422557315,0.538932227063725
12364,-1.096482581211894,0.5389052804523718
12365,-2.2852865715773363,0.5388783351883493
12366,-1.976368714724366,0.5388513912715899
12367,-1.843842110693749,0.5388244487020263
12368,-3.8154398068279165,0.5387975074795912
12369,-3.794412703721228,0.5387705676042173
12370,-3.511940205560081,0.5387436290758371
12371,-1.4879164715487612,0.5387166918943833
12372,-3.489424715651511,0.5386897560597886
12373,-3.342966934337387,0.5386628215719856
12374,-1.9484346445793534,0.538635888430907
12375,-4.254943946761333,0.5386089566364854
12376,-2.1710222775670123,0.5385820261886536
12377,-1.68693110935109,0.5385550970873442
12378,-1.685953411018036,0.5385281693324898
12379,-2.243134459693204,0.5385012429240232
12380,-2.7238658633271253,0.538474317861877
12381,-3.453292420702306,0.538447394145984
12382,-2.582871543268712,0.5384204717762767
12383,-2.6434740024747074,0.5383935507526879
12384,-3.4246083459925516,0.5383666310751503
12385,-3.3350835895853472,0.5383397127435965
12386,-1.4025435345414106,0.5383127957579593
12387,-2.2721000369721547,0.5382858801181715
12388,-2.2353884905499104,0.5382589658241655
12389,-3.205878178722627,0.5382320528758744
12390,-3.3719460297337394,0.5382051412732306
12391,-1.7057633779000543,0.5381782310161669
12392,-2.1985192993070584,0.5381513221046161
12393,-1.6620479865459499,0.5381244145385109
12394,-3.890482116070822,0.538097508317784
12395,-3.39810676667665,0.5380706034423681
12396,-2.239588488125143,0.538043699912196
12397,-4.353463821267145,0.5380167977272005
12398,-3.6481813847048086,0.5379898968873141
12399,-4.150722934817942,0.5379629973924698
12400,-3.1908341005314664,0.5379360992426001
12401,-3.240428290435222,0.537909202437638
12402,-3.778580239531231,0.537882306977516
12403,-4.0116636814522035,0.5378554128621672
12404,-3.9167326206857327,0.5378285200915242
12405,-3.6390103958170963,0.5378016286655196
12406,-3.743837186149407,0.5377747385840863
12407,-3.6889443208308434,0.5377478498471571
12408,-3.674209667747091,0.5377209624546647
12409,-3.390364894061995,0.537694076406542
12410,-4.8627560493836,0.5376671917027217
12411,-4.200598227402821,0.5376403083431366
12412,-4.196747844407,0.5376134263277195
12413,-3.6337043582929147,0.5375865456564031
12414,-3.4800052930806595,0.5375596663291202
12415,-3.8924434664232233,0.5375327883458038
12416,-1.9160342517279991,0.5375059117063865
12417,-4.026640417116413,0.5374790364108012
12418,-3.185483080425251,0.5374521624589806
12419,-3.035305838947532,0.5374252898508577
12420,-3.6829039972869424,0.5373984185863652
12421,-3.6023207477493298,0.5373715486654359
12422,-4.25706773735611,0.5373446800880026
12423,-3.284255217399037,0.5373178128539983
12424,-3.763463917588231,0.5372909469633556
12425,-4.706790163481405,0.5372640824160074
12426,-4.1549284907154345,0.5372372192118866
12427,-2.3741425147628297,0.537210357350926
12428,-5.217137927728125,0.5371834968330585
12429,-2.8522328678197484,0.5371566376582169
12430,-1.5743132173134289,0.5371297798263339
12431,-1.617144452958545,0.5371029233373426
12432,-2.3520076310132914,0.5370760681911757
12433,-3.117066812461055,0.5370492143877661
12434,-3.5214048153568562,0.5370223619270467
12435,-2.776418704063977,0.5369955108089504
12436,-5.3465022799107835,0.5369686610334099
12437,-3.0328647553834704,0.5369418126003582
12438,-3.9281929157777893,0.5369149655097282
12439,-2.671117896695425,0.5368881197614527
12440,-5.384083426600254,0.5368612753554646
12441,-3.873098416868063,0.5368344322916968
12442,-4.725406465325136,0.5368075905700822
12443,-4.202050084754997,0.5367807501905537
12444,-2.978862641751749,0.5367539111530442
12445,-2.582937610696647,0.5367270734574865
12446,-5.249361708072419,0.5367002371038136
12447,-4.070359546315558,0.5366734020919585
12448,-2.4576904366096564,0.5366465684218539
12449,-4.000174109988537,0.5366197360934328
12450,-1.2746329347847172,0.5365929051066282
12451,-3.8100157160078076,0.5365660754613728
12452,-2.3200981454804195,0.5365392471575997
12453,-2.130473153330889,0.5365124201952418
12454,-3.4408972049783104,0.5364855945742321
12455,-4.162152110760137,0.5364587702945034
12456,-4.590723538818183,0.5364319473559886
12457,-4.223299199890642,0.5364051257586209
12458,-3.5965983656004137,0.5363783055023329
12459,-1.6779811547018402,0.5363514865870578
12460,-1.3252622185230554,0.5363246690127285
12461,-2.3531570474048413,0.5362978527792778
12462,-3.6191707426258017,0.5362710378866388
12463,-2.986758255495793,0.5362442243347444
12464,-2.638598265170455,0.5362174121235277
12465,-3.815208480204614,0.5361906012529215
12466,-4.169137784603909,0.5361637917228589
12467,-1.9367241994087365,0.5361369835332728
12468,-2.7712033025379603,0.5361101766840961
12469,-4.367187562172628,0.536083371175262
12470,-2.5425065035174983,0.5360565670067032
12471,-3.039980440522873,0.5360297641783529
12472,-3.4907623778420778,0.536002962690144
12473,-2.9659850892363018,0.5359761625420095
12474,-1.9276351450650493,0.5359493637338825
12475,-2.9188448704493344,0.5359225662656958
12476,-3.1554038099458395,0.5358957701373825
12477,-3.405202186845289,0.5358689753488757
12478,-1.9416944409698351,0.5358421819001082
12479,-3.9011869314255696,0.5358153897910133
12480,-3.909250686154926,0.5357885990215238
12481,-3.514083554628032,0.5357618095915727
12482,-2.0022008873439345,0.5357350215010931
12483,-2.8839089435396237,0.535708234750018
12484,-4.617125572717291,0.5356814493382805
12485,-3.3259485073892674,0.5356546652658136
12486,-2.552006533838677,0.5356278825325503
12487,-2.299729498410385,0.5356011011384237
12488,-3.2089117369767157,0.5355743210833668
12489,-3.008489182501385,0.5355475423673126
12490,-3.7671178905115283,0.5355207649901943
12491,-1.3287856138071752,0.5354939889519448
12492,-3.1100884470158556,0.5354672142524972
12493,-3.415795904618909,0.5354404408917846
12494,-2.5593782777534075,0.53541366886974
12495,-1.921779027890063,0.5353868981862965
12496,-3.393526667225376,0.5353601288413872
12497,-1.4875286636793097,0.5353333608349451
12498,-2.038670794576633,0.5353065941669034
12499,-3.7136397556041967,0.535279828837195
12500,-4.965498328687639,0.5352530648457532
12501,-4.063259841251417,0.5352263021925109
12502,-4.051743130110313,0.5351995408774013
12503,-1.9701917186397684,0.5351727809003575
12504,-4.356689744996799,0.5351460222613125
12505,-3.892074264764463,0.5351192649601995
12506,-4.091350081617561,0.5350925089969515
12507,-4.016791380857409,0.5350657543715016
12508,-1.7925570531330144,0.535039001083783
12509,-4.647370717877635,0.5350122491337288
12510,-1.85609772772234,0.5349854985212721
12511,-1.9487629731110696,0.534958749246346
12512,-3.749852506379238,0.5349320013088837
12513,-3.636514630047744,0.5349052547088183
12514,-1.895777715209652,0.534878509446083
12515,-3.295188978302826,0.5348517655206106
12516,-4.266992408784896,0.5348250229323346
12517,-5.585309543172933,0.5347982816811879
12518,-3.8913499036029027,0.5347715417671038
12519,-4.1361906636262145,0.5347448031900155
12520,-3.526693378846119,0.534718065949856
12521,-1.6649613197084916,0.5346913300465586
12522,-3.803255052296716,0.5346645954800562
12523,-4.952291934378795,0.5346378622502822
12524,-3.370569859083089,0.5346111303571697
12525,-1.9374842349686987,0.5345843998006519
12526,-2.102018996127203,0.5345576705806618
12527,-3.724073302648798,0.5345309426971329
12528,-4.345092952307311,0.534504216149998
12529,-3.7320738075401,0.5344774909391905
12530,-2.7340005121844677,0.5344507670646436
12531,-4.159712236485014,0.5344240445262903
12532,-2.7292485158092017,0.534397323324064
12533,-3.250170268896175,0.5343706034578978
12534,-3.660196383008839,0.5343438849277249
12535,-5.126210479484627,0.5343171677334785
12536,-3.896019205919471,0.5342904518750918
12537,-5.152824412567689,0.5342637373524981
12538,-2.984715722330703,0.5342370241656305
12539,-5.37140294212638,0.5342103123144222
12540,-4.39065839355276,0.5341836017988064
12541,-2.5262027450251163,0.5341568926187165
12542,-4.412888989062128,0.5341301847740856
12543,-3.535137612519837,0.5341034782648468
12544,-2.6851664187525706,0.5340767730909336
12545,-2.774997138138115,0.534050069252279
12546,-3.6529288275453617,0.5340233667488165
12547,-2.4393831522640648,0.533996665580479
12548,-5.1083443542295965,0.5339699657471999
12549,-4.175131288121103,0.5339432672489125
12550,-3.8690241830934884,0.53391657008555
12551,-3.72034655185469,0.5338898742570458
12552,-2.849717825105963,0.533863179763333
12553,-3.8374010434477763,0.5338364866043448
12554,-3.840045910316823,0.5338097947800146
12555,-3.178205272304157,0.5337831042902755
12556,-1.933929435148797,0.533756415135061
12557,-3.2831618815277586,0.5337297273143042
12558,-1.937418033187823,0.5337030408279385
12559,-1.216283880215097,0.5336763556758971
12560,-2.14954166566926,0.5336496718581133
12561,-4.296338485632564,0.5336229893745204
12562,-1.6599842132429488,0.5335963082250517
12563,-2.3985228873562567,0.5335696284096404
12564,-4.73040817635369,0.5335429499282199
12565,-4.088363803854668,0.5335162727807236
12566,-2.072973549819987,0.5334895969670845
12567,-4.05275507443792,0.5334629224872361
12568,-3.556642349039595,0.5334362493411118
12569,-1.92182730801104,0.5334095775286447
12570,-4.115175611486476,0.5333829070497683
12571,-2.033812376714565,0.5333562379044159
12572,-1.6445716489766824,0.5333295700925207
12573,-1.9783291346275245,0.5333029036140161
12574,-2.243134459693204,0.5332762384688354
12575,-3.71689553292929,0.533249574656912
12576,-3.4867574590636945,0.5332229121781792
12577,-3.388315221710519,0.5331962510325703
12578,-0.9539983736408205,0.5331695912200186
12579,-3.2959679039736707,0.5331429327404577
12580,-3.3289272226947153,0.5331162755938207
12581,-3.5235620601798123,0.533089619780041
12582,-4.16741926375551,0.533062965299052
12583,-3.453911695605717,0.533036312150787
12584,-2.8642437769756803,0.5330096603351794
12585,-3.899953383658837,0.5329830098521626
12586,-3.0045163459490225,0.5329563607016701
12587,-2.1985192993070584,0.532929712883635
12588,-1.821173007443355,0.5329030663979908
12589,-3.610912967617779,0.5328764212446709
12590,-3.39810676667665,0.5328497774236087
12591,-4.2242519328861405,0.5328231349347375
12592,-2.077748102007411,0.5327964937779908
12593,-4.6453565478493335,0.5327698539533019
12594,-3.734906638690592,0.5327432154606042
12595,-1.9808963270489073,0.5327165782998312
12596,-3.562601237299852,0.5326899424709163
12597,-4.290070854737937,0.5326633079737927
12598,-4.270237509825539,0.532636674808394
12599,-4.066402333896052,0.5326100429746536
12600,-3.512068928727201,0.532583412472505
12601,-3.3008414824977765,0.5325567833018814
12602,-4.0676332703935305,0.5325301554627163
12603,-2.4233364465980998,0.5325035289549431
12604,-3.787150812296221,0.5324769037784954
12605,-4.840659233115665,0.5324502799333065
12606,-4.163205539932359,0.5324236574193099
12607,-3.558549510854277,0.5323970362364389
12608,-2.229661345258643,0.532370416384627
12609,-4.2525336708776695,0.5323437978638078
12610,-4.070075678548895,0.5323171806739146
12611,-1.873606535420011,0.5322905648148809
12612,-4.280862297273223,0.5322639502866402
12613,-4.127760690610601,0.5322373370891259
12614,-3.4340382053473446,0.5322107252222714
12615,-3.434315825338363,0.5321841146860103
12616,-3.8452651444801322,0.5321575054802761
12617,-3.973505037647242,0.5321308976050021
12618,-2.8595246042134637,0.5321042910601218
12619,-2.271787122735922,0.5320776858455688
12620,-4.1866232758157516,0.5320510819612765
12621,-3.331582493716232,0.5320244794071785
12622,-3.4235312026487925,0.5319978781832081
12623,-4.919187536387382,0.5319712782892989
12624,-1.851755375202215,0.5319446797253844
12625,-1.5743132173134289,0.5319180824913982
12626,-3.5386165508759158,0.5318914865872736
12627,-5.625724322898273,0.5318648920129442
12628,-3.7358113273811018,0.5318382987683435
12629,-3.236796368682949,0.5318117068534052
12630,-4.827626840248307,0.5317851162680625
12631,-4.403626568541619,0.531758527012249
12632,-3.640299018117594,0.5317319390858984
12633,-4.183882388962958,0.5317053524889441
12634,-1.5560299503350257,0.5316787672213197
12635,-3.948194991778943,0.5316521832829586
12636,-4.756765785035396,0.5316256006737945
12637,-3.3778121700162576,0.5315990193937609
12638,-3.259138903837771,0.5315724394427912
12639,-2.4924852010145977,0.5315458608208191
12640,-4.261291192194762,0.5315192835277781
12641,-4.272068137340789,0.5314927075636017
12642,-3.7057007466189025,0.5314661329282235
12643,-3.7402119479436218,0.5314395596215771
12644,-4.071235532876194,0.531412987643596
12645,-4.566063428664156,0.5313864169942139
12646,-1.6724368785019301,0.5313598476733642
12647,-2.2039549217739856,0.5313332796809805
12648,-4.549707095400237,0.5313067130169965
12649,-3.2827269063364923,0.5312801476813457
12650,-3.4656645939004846,0.5312535836739616
12651,-3.569541963807258,0.5312270209947779
12652,-4.126994165541092,0.5312004596437282
12653,-4.5633621015197185,0.531173899620746
12654,-3.6303543186761558,0.531147340925765
12655,-4.11644057906776,0.5311207835587187
12656,-3.043044360566711,0.5310942275195408
12657,-1.9410793439702738,0.5310676728081648
12658,-4.306128559932892,0.5310411194245244
12659,-4.0061962260002675,0.5310145673685531
12660,-4.152434514392862,0.5309880166401847
12661,-3.7489974237237758,0.5309614672393527
12662,-2.8556972005244097,0.5309349191659907
12663,-3.4646001425717055,0.5309083724200324
12664,-3.837048095164591,0.5308818270014114
12665,-3.8282693686282103,0.5308552829100613
12666,-1.82802445563157,0.5308287401459159
12667,-2.9347796593776456,0.5308021987089085
12668,-1.7503976322454893,0.5307756585989731
12669,-4.162953847698521,0.5307491198160432
12670,-4.283614454853113,0.5307225823600524
12671,-3.6558699989311885,0.5306960462309345
12672,-2.890511746435358,0.530669511428623
12673,-3.509990763054451,0.5306429779530515
12674,-3.4605632807461015,0.5306164458041538
12675,-2.9552697305565307,0.5305899149818636
12676,-3.2492622686778394,0.5305633854861145
12677,-2.831425807885683,0.5305368573168402
12678,-2.6804270459803785,0.5305103304739743
12679,-3.9339162608364333,0.5304838049574506
12680,-1.9148568509141537,0.5304572807672028
12681,-4.508127162926565,0.5304307579031644
12682,-2.9620133309686416,0.5304042363652692
12683,-2.9430435037955287,0.530377716153451
12684,-3.021070832973715,0.5303511972676433
12685,-1.4039207564194824,0.53032467970778
12686,-3.1426067188294557,0.5302981634737945
12687,-3.4019016355443856,0.5302716485656208
12688,-3.8682031499763236,0.5302451349831925
12689,-3.0471948464587078,0.5302186227264433
12690,-3.8269584784515165,0.5301921117953069
12691,-3.0956563009674944,0.5301656021897171
12692,-3.663168412807264,0.5301390939096076
12693,-1.0160367269968464,0.530112586954912
12694,-2.735138720179606,0.5300860813255643
12695,-3.4676359021982046,0.5300595770214981
12696,-1.6690230130092112,0.530033074042647
12697,-2.3471896984732776,0.5300065723889449
12698,-3.51545138442481,0.5299800720603255
12699,-3.410800979036467,0.5299535730567225
12700,-1.8387686859949963,0.5299270753780697
12701,-1.4293048273479156,0.5299005790243008
12702,-2.601314534119349,0.5298740839953495
12703,-2.7062109125024536,0.5298475902911498
12704,-2.8414450484477385,0.5298210979116352
12705,-1.807683501101192,0.5297946068567396
12706,-2.7195937587578163,0.5297681171263968
12707,-4.397042472052841,0.5297416287205405
12708,-1.8596399398382069,0.5297151416391045
12709,-3.506078004776825,0.5296886558820225
12710,-3.861081236822512,0.5296621714492284
12711,-4.545666152969773,0.529635688340656
12712,-4.229447908348468,0.529609206556239
12713,-3.1581130772184625,0.5295827260959112
12714,-3.1443496015796892,0.5295562469596063
12715,-4.538877595775237,0.5295297691472584
12716,-1.3298585482731322,0.529503292658801
12717,-3.3195208704472967,0.5294768174941681
12718,-2.3802231882494245,0.5294503436532934
12719,-2.236958918548879,0.5294238711361107
12720,-3.3080890458224523,0.5293973999425539
12721,-2.5939488516227502,0.5293709300725568
12722,-3.695222238877669,0.5293444615260531
12723,-3.7172203049615824,0.5293179943029768
12724,-4.253808253998835,0.5292915284032617
12725,-3.173945625223574,0.5292650638268415
12726,-3.88109492220161,0.5292386005736501
12727,-2.871858236140345,0.5292121386436215
12728,-2.2633996873380133,0.5291856780366893
12729,-3.6834550162818873,0.5291592187527874
12730,-3.9809696105378296,0.5291327607918498
12731,-4.067426863998882,0.5291063041538102
12732,-3.850128451267124,0.5290798488386025
12733,-4.753379558058033,0.5290533948461605
12734,-3.8786491515850128,0.5290269421764182
12735,-1.8601016418006,0.5290004908293094
12736,-4.625028915959431,0.528974040804768
12737,-2.778638893987543,0.5289475921027277
12738,-5.490522354891439,0.5289211447231226
12739,-4.800451947531061,0.5288946986658865
12740,-4.280508172405696,0.5288682539309532
12741,-3.909866650690553,0.5288418105182566
12742,-3.7626985513751583,0.5288153684277307
12743,-3.484733008312494,0.5287889276593093
12744,-4.847888857815539,0.5287624882129264
12745,-4.866571926109861,0.5287360500885158
12746,-2.9636167050298656,0.5287096132860113
12747,-3.77611904127181,0.528683177805347
12748,-1.9659195506939782,0.5286567436464568
12749,-4.198711449439106,0.5286303108092745
12750,-3.978944176956838,0.528603879293734
12751,-3.8153143072587237,0.5285774490997693
12752,-3.305742174283738,0.5285510202273144
12753,-2.2594627325382106,0.528524592676303
12754,-3.7055714826497086,0.5284981664466692
12755,-3.9283409084833227,0.528471741538347
12756,-3.5452317939121096,0.52844531795127
12757,-2.3205322640633894,0.5284188956853725
12758,-4.053605487558439,0.5283924747405883
12759,-3.863984550272683,0.5283660551168512
12760,-1.7183317205170316,0.5283396368140953
12761,-2.8773438639189837,0.5283132198322547
12762,-3.8284155325198985,0.5282868041712631
12763,-1.7365786197268,0.5282603898310545
12764,-3.338250058916702,0.5282339768115629
12765,-3.223105479407719,0.5282075651127224
12766,-4.172309120834886,0.5281811547344667
12767,-2.5417527823602066,0.5281547456767299
12768,-1.6322392417601954,0.5281283379394461
12769,-1.5875731543440557,0.5281019315225491
12770,-2.484679665191393,0.528075526425973
12771,-3.1969932803924914,0.5280491226496516
12772,-2.4532930679568796,0.5280227201935191
12773,-2.3137993985985577,0.5279963190575094
12774,-3.1561696538718023,0.5279699192415566
12775,-3.498175738923262,0.5279435207455945
12776,-1.5446868136683927,0.5279171235695572
12777,-4.092035447253556,0.5278907277133787
12778,-3.136228088257403,0.5278643331769931
12779,-4.0551697915199565,0.5278379399603342
12780,-4.3142185726782785,0.5278115480633362
12781,-4.410121870888433,0.527785157485933
12782,-1.2140427693210154,0.5277587682280587
12783,-3.1978384023681126,0.5277323802896473
12784,-1.9535501422024781,0.5277059936706329
12785,-3.555838265054721,0.5276796083709493
12786,-3.694783878574091,0.5276532243905308
12787,-2.490705012589874,0.5276268417293112
12788,-3.080468168777041,0.5276004603872247
12789,-3.6086578194124126,0.5275740803642054
12790,-4.643760823867091,0.5275477016601872
12791,-4.297936572287492,0.5275213242751041
12792,-3.0750932492653966,0.5274949482088903
12793,-3.809924558572333,0.5274685734614799
12794,-3.542129879043775,0.5274422000328068
12795,-3.392168097591323,0.5274158279228052
12796,-2.6955587978438253,0.5273894571314091
12797,-1.685390389564251,0.5273630876585524
12798,-2.809997973164916,0.5273367195041695
12799,-3.683739442889577,0.5273103526681943
12800,-5.181604550662629,0.5272839871505609
12801,-3.7388706792434,0.5272576229512034
12802,-4.242417478715547,0.5272312600700558
12803,-1.3281862824045645,0.5272048985070523
12804,-2.9027029383093215,0.527178538262127
12805,-4.500118983700685,0.527152179335214
12806,-3.993554139721816,0.5271258217262472
12807,-1.793855967648471,0.527099465435161
12808,-3.0493226849986055,0.5270731104618892
12809,-4.244802349606552,0.5270467568063661
12810,-3.92388527783093,0.5270204044685258
12811,-4.184618236632201,0.5269940534483024
12812,-4.715130216675374,0.52696770374563
12813,-4.360229788691404,0.5269413553604427
12814,-3.989798603366426,0.5269150082926747
12815,-1.7144016074390733,0.5268886625422601
12816,-4.679395606016686,0.526862318109133
12817,-4.688774548713217,0.5268359749932275
12818,-3.517057998792263,0.5268096331944779
12819,-4.234443770511648,0.5267832927128182
12820,-5.131155152691483,0.5267569535481825
12821,-4.0656750376840405,0.5267306157005052
12822,-3.875734833908167,0.5267042791697202
12823,-4.676780540709245,0.5266779439557617
12824,-3.0750055911023533,0.526651610058564
12825,-4.798259522486026,0.5266252774780611
12826,-3.9036183546604497,0.5265989462141872
12827,-2.6249892164018083,0.5265726162668766
12828,-3.384831744807169,0.5265462876360633
12829,-4.265178609914932,0.5265199603216815
12830,-4.210474081663953,0.5264936343236654
12831,-4.779711037929848,0.5264673096419492
12832,-3.699175605917921,0.5264409862764671
12833,-3.240540634498286,0.5264146642271532
12834,-4.743483430412236,0.5263883434939418
12835,-2.6670256765620577,0.5263620240767671
12836,-4.201082903069144,0.5263357059755633
12837,-3.795697538730158,0.5263093891902646
12838,-2.74971001927304,0.5262830737208051
12839,-4.456828100574921,0.526256759567119
12840,-3.760662834592411,0.5262304467291407
12841,-4.967240326766207,0.5262041352068042
12842,-3.044720095005713,0.5261778250000438
12843,-3.912323808936316,0.5261515161087938
12844,-4.616441158274404,0.5261252085329884
12845,-4.840461802417964,0.5260989022725617
12846,-3.035308809782871,0.5260725973274482
12847,-3.1779871154998838,0.5260462936975818
12848,-3.2479260534058763,0.5260199913828969
12849,-3.9891478168041825,0.5259936903833278
12850,-3.8619426494265676,0.5259673906988086
12851,-4.041699430391381,0.5259410923292737
12852,-1.7951015662838121,0.5259147952746572
12853,-3.603428691231843,0.5258884995348935
12854,-1.5615708555807546,0.5258622051099168
12855,-2.8202003975317367,0.5258359119996613
12856,-5.189353420197248,0.5258096202040613
12857,-3.7597391672291467,0.5257833297230511
12858,-4.146760734381746,0.5257570405565649
12859,-2.0664713629335267,0.5257307527045371
12860,-3.8538072749474295,0.5257044661669018
12861,-3.80290668172003,0.5256781809435934
12862,-3.1413043450947997,0.5256518970345463
12863,-3.2789977939740007,0.5256256144396946
12864,-1.5509328148468924,0.5255993331589726
12865,-3.8488928062900643,0.5255730531923146
12866,-3.536461416098413,0.525546774539655
12867,-3.296066709826632,0.5255204972009281
12868,-1.560167864654888,0.525494221176068
12869,-4.255315168498616,0.5254679464650093
12870,-2.7691211375907003,0.5254416730676861
12871,-2.764270645070037,0.5254154009840327
12872,-3.966192121898146,0.5253891302139835
12873,-3.142138437223864,0.5253628607574727
12874,-3.0167625650229506,0.5253365926144349
12875,-3.1237678854456674,0.5253103257848042
12876,-1.376357524677279,0.5252840602685149
12877,-3.1901936789386127,0.5252577960655015
12878,-1.889380813873775,0.5252315331756983
12879,-3.6651538673250634,0.5252052715990395
12880,-1.556054398727027,0.5251790113354595
12881,-3.977226204204916,0.5251527523848928
12882,-1.8161889117258232,0.5251264947472736
12883,-1.4151591787234588,0.5251002384225362
12884,-1.8281994255121594,0.5250739834106151
12885,-1.917279986099628,0.5250477297114445
12886,-3.328094576097712,0.525021477324959
12887,-1.5269593978802378,0.5249952262510927
12888,-1.2473314392510426,0.5249689764897801
12889,-2.7874938085038994,0.5249427280409557
12890,-4.7277066987135665,0.5249164809045536
12891,-1.2056898498284587,0.5248902350805084
12892,-2.796484272210143,0.5248639905687543
12893,-2.237514835904803,0.5248377473692258
12894,-2.3207856013054804,0.5248115054818574
12895,-4.549086382572034,0.5247852649065833
12896,-4.039958814967864,0.524759025643338
12897,-1.5645522883139513,0.5247327876920558
12898,-4.393088468937198,0.5247065510526712
12899,-1.7773073735383473,0.5246803157251185
12900,-3.7922931407399796,0.5246540817093323
12901,-4.008881963834324,0.5246278490052468
12902,-5.404522422315312,0.5246016176127966
12903,-2.6762916450862217,0.5245753875319159
12904,-3.4599461774681455,0.5245491587625393
12905,-3.513061942858168,0.5245229313046011
12906,-4.768538008439388,0.5244967051580359
12907,-4.1320860703913755,0.524470480322778
12908,-2.369420496935088,0.5244442567987618
12909,-4.179307578376116,0.5244180345859218
12910,-4.111900745624915,0.5243918136841925
12911,-2.38797441376001,0.5243655940935084
12912,-4.827869113530227,0.5243393758138036
12913,-4.393294615562028,0.524313158845013
12914,-3.694984642690953,0.5242869431870707
12915,-4.8152614208619005,0.5242607288399114
12916,-2.907733227742058,0.5242345158034694
12917,-2.9026050632656433,0.5242083040776792
12918,-2.9127614014398007,0.5241820936624753
12919,-4.485357854234458,0.5241558845577922
12920,-5.341588591168856,0.5241296767635643
12921,-3.984177571655872,0.524103470279726
12922,-4.9275323723506235,0.524077265106212
12923,-3.007341769663059,0.5240510612429566
12924,-4.291673694171875,0.5240248586898945
12925,-4.952050060266864,0.52399865744696
12926,-1.9433045165240785,0.5239724575140876
12927,-4.510014262781742,0.5239462588912119
12928,-2.132957622557426,0.5239200615782674
12929,-2.9954470277602994,0.5238938655751885
12930,-2.3925774720681945,0.5238676708819097
12931,-2.1204421954870925,0.5238414774983656
12932,-4.473697842262036,0.5238152854244907
12933,-2.353854902406869,0.5237890946602195
12934,-3.991092890192035,0.5237629052054865
12935,-3.637900041433862,0.5237367170602263
12936,-5.300892040923986,0.5237105302243733
12937,-3.646898043529645,0.5236843446978621
12938,-4.202551305099935,0.5236581604806272
12939,-3.7024552640276385,0.5236319775726032
12940,-2.5118568355031363,0.5236057959737246
12941,-4.034721560719227,0.5235796156839259
12942,-4.285051789507612,0.5235534367031417
12943,-4.909644373066191,0.5235272590313066
12944,-4.71824375322364,0.523501082668355
12945,-3.939366885845525,0.5234749076142217
12946,-3.4902830927373367,0.5234487338688409
12947,-3.0486287174308475,0.5234225614321475
12948,-3.3512545343509332,0.5233963903040759
12949,-3.997174924337677,0.5233702204845607
12950,-2.498765099938587,0.5233440519735365
12951,-1.333887785050862,0.5233178847709379
12952,-1.6642533359977274,0.5232917188766993
12953,-1.4075289232459927,0.5232655542907555
12954,-3.041624349517032,0.523239391013041
12955,-1.5554237817667884,0.5232132290434903
12956,-1.0439275078833736,0.5231870683820381
12957,-3.7879876323701756,0.523160909028619
12958,-3.16243103857153,0.5231347509831675
12959,-3.0091444649465275,0.5231085942456184
12960,-3.3460233149664225,0.5230824388159061
12961,-4.555194835678297,0.5230562846939653
12962,-1.7626873577405853,0.5230301318797306
12963,-3.1249097564655615,0.5230039803731366
12964,-1.9434888870216565,0.5229778301741179
12965,-1.4107604417421498,0.5229516812826093
12966,-1.5572735372907,0.5229255336985451
12967,-2.0093338316078393,0.5228993874218602
12968,-4.316153278178284,0.522873242452489
12969,-3.584395557264159,0.5228470987903664
12970,-1.4720652082038053,0.5228209564354269
12971,-3.3640395994340038,0.5227948153876052
12972,-3.5614937190389737,0.5227686756468358
12973,-3.7429610985210915,0.5227425372130535
12974,-5.062486399733467,0.5227164000861929
12975,-2.504743295280485,0.5226902642661886
12976,-3.9114669776296886,0.5226641297529753
12977,-1.7387346092525013,0.5226379965464876
12978,-3.040836781744749,0.5226118646466602
12979,-1.4572181904344668,0.5225857340534279
12980,-2.119751237327828,0.5225596047667252
12981,-3.483296694507069,0.5225334767864869
12982,-2.695005009211947,0.5225073501126476
12983,-2.3120666908018177,0.5224812247451419
12984,-4.5264622243862815,0.5224551006839047
12985,-3.8303664682850544,0.5224289779288704
12986,-4.301879445253697,0.522402856479974
12987,-4.235558281315496,0.52237673633715
12988,-1.9495534639814256,0.5223506175003332
12989,-1.8455531231291793,0.5223244999694582
12990,-2.7949347578095836,0.5222983837444597
12991,-3.4399349560000134,0.5222722688252724
12992,-2.769273738142009,0.5222461552118312
12993,-3.410156591525666,0.5222200429040705
12994,-1.464061042864691,0.5221939319019253
12995,-3.257263154441005,0.5221678222053302
12996,-2.5080970427935494,0.5221417138142199
12997,-1.8098055435841691,0.5221156067285292
12998,-2.911604146903544,0.5220895009481927
12999,-2.205607010032984,0.5220633964731454
13000,-1.4693603221821938,0.5220372933033217
13001,-2.5407327081834286,0.5220111914386566
13002,-3.5741585632787594,0.5219850908790846
13003,-2.292390905429812,0.5219589916245406
13004,-3.476860920742215,0.5219328936749594
13005,-2.8832347324430243,0.5219067970302756
13006,-2.1552424616771533,0.5218807016904241
13007,-3.53340848152331,0.5218546076553396
13008,-3.2246072082086448,0.5218285149249569
13009,-4.176510640049083,0.5218024234992106
13010,-2.042041551826139,0.5217763333780356
13011,-3.5168166061225152,0.5217502445613668
13012,-3.6288631408024794,0.5217241570491387
13013,-3.677402275971657,0.5216980708412862
13014,-2.4310534614333097,0.5216719859377441
13015,-1.5989199723249388,0.5216459023384472
13016,-4.2409592802492,0.5216198200433303
13017,-4.671609589179124,0.5215937390523281
13018,-4.434473955093143,0.5215676593653755
13019,-3.848074876009291,0.5215415809824072
13020,-3.7669660994553538,0.5215155039033581
13021,-2.4410419781298085,0.5214894281281629
13022,-3.6227108871962157,0.5214633536567564
13023,-1.3649889324048212,0.5214372804890736
13024,-4.022030343639207,0.5214112086250491
13025,-2.7988434219242238,0.5213851380646178
13026,-3.1532790938488033,0.5213590688077147
13027,-4.390890227580067,0.5213330008542743
13028,-5.236645923350478,0.5213069342042316
13029,-2.4099934943525283,0.5212808688575213
13030,-3.894929344236162,0.5212548048140785
13031,-3.2592779967685925,0.5212287420738377
13032,-1.3243053969266483,0.521202680636734
13033,-3.59958382336597,0.5211766205027022
13034,-3.660841491848435,0.5211505616716771
13035,-2.425925397262643,0.5211245041435935
13036,-1.3497214566232563,0.5210984479183863
13037,-2.709156390641885,0.5210723929959904
13038,-3.055393446761193,0.5210463393763406
13039,-4.445824361379666,0.5210202870593718
13040,-5.161218040934106,0.5209942360450188
13041,-4.324327079369796,0.5209681863332166
13042,-4.2509164935167885,0.5209421379239
13043,-3.369213718148012,0.5209160908170037
13044,-4.966447279794391,0.5208900450124629
13045,-3.254650466048111,0.5208640005102123
13046,-1.2931463693286402,0.5208379573101868
13047,-1.2225971956855173,0.5208119154123213
13048,-3.645495224254042,0.5207858748165507
13049,-3.4666961207711884,0.5207598355228099
13050,-3.054116706140982,0.5207337975310338
13051,-3.2390028864331333,0.5207077608411572
13052,-3.531486757869983,0.5206817254531152
13053,-3.107834229871029,0.5206556913668425
13054,-1.6715625915943624,0.5206296585822742
13055,-4.591196307149737,0.520603627099345
13056,-3.7087438958624803,0.5205775969179901
13057,-3.7756998133220745,0.5205515680381442
13058,-1.8634385975197443,0.5205255404597423
13059,-3.285082612581881,0.5204995141827193
13060,-2.39699619512621,0.5204734892070102
13061,-4.777812158829122,0.5204474655325498
13062,-4.67153395968646,0.5204214431592732
13063,-1.9464249619500964,0.5203954220871152
13064,-3.4146833673234456,0.5203694023160108
13065,-3.314549071156918,0.520343383845895
13066,-3.934211207832269,0.5203173666767027
13067,-3.32903329225692,0.5202913508083689
13068,-3.53388078512604,0.5202653362408285
13069,-2.0625763858647654,0.5202393229740164
13070,-1.4169616326767027,0.5202133110078677
13071,-2.8457376575988933,0.5201873003423173
13072,-2.7293687341495447,0.5201612909773002
13073,-2.850203152345593,0.5201352829127514
13074,-1.8862361382444135,0.5201092761486057
13075,-4.549673804077688,0.5200832706847983
13076,-4.560045008320199,0.520057266521264
13077,-3.0870145234745268,0.520031263657938
13078,-4.077356673459164,0.5200052620947551
13079,-1.375973725832237,0.5199792618316503
13080,-4.981027563890027,0.5199532628685587
13081,-3.9275536847655017,0.5199272652054153
13082,-1.7906039768897983,0.519901268842155
13083,-3.4845757312228636,0.5198752737787129
13084,-2.2512461918818314,0.519849280015024
13085,-2.6446898362815094,0.5198232875510232
13086,-2.905720101702765,0.5197972963866457
13087,-3.805993049601129,0.5197713065218265
13088,-3.3183838705876885,0.5197453179565004
13089,-4.0125271796471225,0.5197193306906025
13090,-3.4474737365488926,0.5196933447240679
13091,-3.6365286583169736,0.5196673600568317
13092,-2.8991706121858027,0.5196413766888288
13093,-3.8721661955594078,0.5196153946199944
13094,-2.904279858421758,0.5195894138502634
13095,-1.528344478113564,0.5195634343795709
13096,-1.2507038101126446,0.5195374562078519
13097,-1.263708861952076,0.5195114793350415
13098,-2.954602708508271,0.5194855037610747
13099,-3.186766090588536,0.5194595294858867
13100,-2.745464850740981,0.5194335565094124
13101,-2.3175825468585183,0.5194075848315869
13102,-1.3510274192977876,0.5193816144523453
13103,-3.073487502745648,0.5193556453716227
13104,-4.032025327492006,0.5193296775893541
13105,-3.9740111160276586,0.5193037111054747
13106,-5.576560653804776,0.5192777459199194
13107,-2.8693700439557,0.5192517820326233
13108,-4.328346657893613,0.5192258194435218
13109,-4.9554997520702875,0.5191998581525495
13110,-4.69063344682496,0.5191738981596419
13111,-3.103851884224194,0.5191479394647339
13112,-4.719066440024441,0.5191219820677607
13113,-1.7439881628981775,0.5190960259686573
13114,-2.5214046791851468,0.5190700711673589
13115,-3.476793890179485,0.5190441176638005
13116,-4.527770878755955,0.5190181654579173
13117,-4.072862243569331,0.5189922145496445
13118,-2.741125009802639,0.5189662649389171
13119,-3.4238882524928886,0.5189403166256701
13120,-4.004954935108467,0.5189143696098388
13121,-3.262847276617576,0.5188884238913584
13122,-3.885627280893484,0.5188624794701638
13123,-3.814615985575296,0.5188365363461903
13124,-5.045718342678603,0.5188105945193731
13125,-3.9849023422339824,0.5187846539896471
13126,-3.0588670275252907,0.5187587147569477
13127,-2.611227030595567,0.5187327768212099
13128,-4.244283600329003,0.5187068401823688
13129,-2.8999857115323238,0.5186809048403597
13130,-2.5349629768898843,0.5186549707951177
13131,-5.88122206697895,0.5186290380465779
13132,-3.0892969263818677,0.5186031065946756
13133,-3.7604472249021637,0.5185771764393459
13134,-1.6345877481850404,0.518551247580524
13135,-2.0890967904750344,0.5185253200181449
13136,-3.4949644050428077,0.5184993937521439
13137,-4.092651461367401,0.5184734687824564
13138,-3.8356241129884996,0.5184475451090172
13139,-5.206686731540701,0.5184216227317618
13140,-2.797214273288706,0.5183957016506252
13141,-4.981541975774183,0.5183697818655427
13142,-4.188767045470944,0.5183438633764494
13143,-4.763315597736829,0.5183179461832806
13144,-1.5282885816443135,0.5182920302859715
13145,-2.8951857657282245,0.5182661156844572
13146,-3.2647145527493997,0.518240202378673
13147,-2.1542867652208084,0.518214290368554
13148,-4.5606363706783295,0.5181883796540356
13149,-3.9871221678215782,0.5181624702350529
13150,-2.2573529473610816,0.5181365621115411
13151,-2.715860195821227,0.5181106552834356
13152,-3.0075491656877285,0.5180847497506714
13153,-2.6186119563934334,0.5180588455131839
13154,-2.5043290878354565,0.5180329425709083
13155,-4.06765441011648,0.5180070409237797
13156,-4.602924884875069,0.5179811405717335
13157,-4.825940922518099,0.517955241514705
13158,-3.7529559122394893,0.5179293437526292
13159,-3.0645916110047433,0.5179034472854416
13160,-1.3809721163347177,0.5178775521130773
13161,-3.4741244088108068,0.5178516582354716
13162,-2.4562506298211706,0.5178257656525599
13163,-2.7570784804072224,0.5177998743642772
13164,-2.5846309708957858,0.517773984370559
13165,-3.0426887647981644,0.5177480956713405
13166,-1.5446868136683927,0.5177222082665569
13167,-3.9161604114971222,0.5176963221561436
13168,-2.9996437498219937,0.5176704373400358
13169,-1.7707824156356073,0.5176445538181688
13170,-3.6634747164789387,0.5176186715904778
13171,-2.888567929242393,0.5175927906568983
13172,-4.717974319681758,0.5175669110173655
13173,-2.9589263693873837,0.5175410326718146
13174,-1.209945356396676,0.517515155620181
13175,-2.939678382527763,0.5174892798624
13176,-3.6903758896996086,0.5174634053984069
13177,-2.130734976484299,0.5174375322281369
13178,-5.02849698764706,0.5174116603515255
13179,-3.4342559665814836,0.5173857897685079
13180,-3.5274211566533524,0.5173599204790195
13181,-1.3461469934395973,0.5173340524829955
13182,-4.54580591821658,0.5173081857803713
13183,-3.75452176646073,0.5172823203710822
13184,-4.853034014750492,0.5172564562550637
13185,-4.50082252808286,0.5172305934322509
13186,-3.6309103623982146,0.5172047319025792
13187,-1.3218984341496802,0.5171788716659841
13188,-3.1691915727600612,0.5171530127224008
13189,-2.4424720000617834,0.5171271550717647
13190,-4.671043406520916,0.5171012987140111
13191,-3.959931594135448,0.5170754436490754
13192,-3.216555210618721,0.517049589876893
13193,-3.9195645863069153,0.5170237373973992
13194,-4.765210919295692,0.5169978862105293
13195,-4.653119255988575,0.5169720363162188
13196,-3.391279057511855,0.516946187714403
13197,-2.0270354241734654,0.5169203404050173
13198,-3.385046550656706,0.5168944943879971
13199,-2.0782377451785137,0.5168686496632776
13200,-3.377042542152096,0.5168428062307945
13201,-3.306555172157337,0.5168169640904829
13202,-4.906500021241367,0.5167911232422784
13203,-3.8512571585878304,0.5167652836861163
13204,-2.574027112154251,0.516739445421932
13205,-2.5934058305899916,0.5167136084496609
13206,-4.4011771720868005,0.5166877727692384
13207,-3.5710940409702947,0.5166619383805999
13208,-4.216113204371234,0.5166361052836809
13209,-5.365526608312109,0.5166102734784167
13210,-2.740635414780268,0.5165844429647428
13211,-4.648246570638694,0.5165586137425946
13212,-3.682394791736665,0.5165327858119074
13213,-3.6497011115127704,0.5165069591726168
13214,-5.0153091360881445,0.5164811338246582
13215,-2.6134861524294752,0.5164553097679669
13216,-4.191735947013672,0.5164294870024786
13217,-4.741947218571543,0.5164036655281284
13218,-2.569333110816407,0.5163778453448521
13219,-4.097186535384585,0.5163520264525848
13220,-4.643979711436253,0.5163262088512622
13221,-4.707770925153539,0.5163003925408197
13222,-2.655659208702405,0.5162745775211927
13223,-5.196508473749638,0.5162487637923165
13224,-4.150315472519366,0.5162229513541269
13225,-2.8961799783815705,0.5161971402065592
13226,-4.638984877458253,0.5161713303495489
13227,-3.9887440015636777,0.5161455217830314
13228,-5.7076680000246895,0.5161197145069423
13229,-4.330000836564071,0.516093908521217
13230,-4.879962492717487,0.5160681038257909
13231,-4.439312763522522,0.5160423004205996
13232,-2.8538769006820286,0.5160164983055786
13233,-5.0059657239516575,0.5159906974806633
13234,-5.501305080991598,0.5159648979457893
13235,-3.042251651990899,0.515939099700892
13236,-3.5265846728171786,0.515913302745907
13237,-4.816716075305219,0.5158875070807697
13238,-4.1428262440281935,0.5158617127054157
13239,-3.60495258063777,0.5158359196197805
13240,-5.024281604654512,0.5158101278237995
13241,-3.824372911427775,0.5157843373174084
13242,-1.5382762252374753,0.5157585481005424
13243,-3.3569554017827663,0.5157327601731374
13244,-3.8204747125703307,0.5157069735351287
13245,-2.820222456858875,0.515681188186452
13246,-1.6726083605503206,0.5156554041270427
13247,-3.893230114041909,0.5156296213568363
13248,-3.4862860210646396,0.5156038398757685
13249,-3.355928521434161,0.5155780596837747
13250,-3.195011503172746,0.5155522807807905
13251,-2.8730653554572436,0.5155265031667515
13252,-3.3475359349226057,0.5155007268415932
13253,-1.5388253707345736,0.5154749518052512
13254,-2.0188663270315104,0.5154491780576609
13255,-3.9118002085187955,0.515423405598758
13256,-3.019260166493214,0.5153976344284781
13257,-4.245711875979265,0.5153718645467567
13258,-2.8433321378578116,0.5153460959535293
13259,-3.0198194393596363,0.5153203286487317
13260,-3.8356782925911297,0.5152945626322992
13261,-4.770896204391558,0.5152687979041676
13262,-3.235772052491352,0.5152430344642723
13263,-4.142383893530122,0.5152172723125491
13264,-2.6235152181791745,0.5151915114489335
13265,-3.0285255735711303,0.515165751873361
13266,-2.99267098709174,0.5151399935857673
13267,-3.8456081409483995,0.515114236586088
13268,-3.817041768187483,0.5150884808742587
13269,-4.020750821084002,0.515062726450215
13270,-3.4964568467253185,0.5150369733138925
13271,-3.5834802885652586,0.5150112214652268
13272,-3.4412516171583234,0.5149854709041536
13273,-2.6580827322822618,0.5149597216306084
13274,-3.63937138703445,0.5149339736445269
13275,-2.4507789954395682,0.5149082269458446
13276,-3.2135075829850135,0.5148824815344973
13277,-3.773977175067831,0.5148567374104206
13278,-4.138225896746086,0.5148309945735501
13279,-3.8250627234582617,0.5148052530238214
13280,-3.8078790409319954,0.5147795127611702
13281,-3.6503595087247573,0.5147537737855321
13282,-4.766531942093243,0.5147280360968428
13283,-3.5957361992119723,0.514702299695038
13284,-3.7623720025575422,0.5146765645800533
13285,-4.964866796037031,0.5146508307518243
13286,-4.224119438697015,0.5146250982102867
13287,-1.0134055031245273,0.5145993669553761
13288,-2.8025995601738645,0.5145736369870283
13289,-2.5332909300893305,0.5145479083051789
13290,-1.538369991712771,0.5145221809097636
13291,-2.5099644368887954,0.5144964548007182
13292,-1.9792843937249383,0.5144707299779782
13293,-3.553922836110943,0.5144450064414793
13294,-1.9569954110647185,0.5144192841911572
13295,-2.4306022410984496,0.5143935632269476
13296,-2.9550806779063525,0.5143678435487863
13297,-4.512829287630656,0.5143421251566088
13298,-3.727665809925537,0.514316408050351
13299,-1.9668162266633853,0.5142906922299484
13300,-1.96936263220312,0.5142649776953369
13301,-5.203000558211821,0.5142392644464521
13302,-3.585225438509719,0.5142135524832298
13303,-3.5248075608730227,0.5141878418056056
13304,-2.114322831396886,0.5141621324135154
13305,-4.689660571527643,0.5141364243068947
13306,-4.958749371027865,0.5141107174856793
13307,-4.58284136477876,0.5140850119498049
13308,-5.508725516349651,0.5140593076992075
13309,-1.9855145465229753,0.5140336047338225
13310,-3.9911820732861707,0.5140079030535859
13311,-3.234020463542058,0.5139822026584332
13312,-3.5593315536449732,0.5139565035483002
13313,-3.2546837507092423,0.5139308057231229
13314,-4.34722963924732,0.5139051091828367
13315,-4.305698115479625,0.5138794139273776
13316,-4.463205438390537,0.5138537199566812
13317,-3.512677190512871,0.5138280272706833
13318,-3.473263363947547,0.5138023358693198
13319,-4.01197359547537,0.5137766457525264
13320,-2.9348610615942223,0.5137509569202388
13321,-5.748502111701322,0.5137252693723927
13322,-5.526574720512633,0.513699583108924
13323,-3.839436114962614,0.5136738981297686
13324,-5.260238024198126,0.5136482144348621
13325,-4.283416032477188,0.5136225320241403
13326,-3.531758825645517,0.5135968508975391
13327,-3.7999717776027198,0.5135711710549943
13328,-4.156594719896583,0.5135454924964415
13329,-3.03580720020999,0.5135198152218168
13330,-3.477544658494023,0.5134941392310557
13331,-3.0129312194310067,0.5134684645240941
13332,-4.850442099394015,0.5134427911008679
13333,-4.630897578276513,0.5134171189613128
13334,-3.2518442892172956,0.5133914481053647
13335,-3.6238621318250814,0.5133657785329595
13336,-2.987776876404261,0.5133401102440328
13337,-2.980539403722047,0.5133144432385206
13338,-4.563838870922892,0.5132887775163587
13339,-4.027636133093879,0.5132631130774828
13340,-4.187522769337549,0.513237449921829
13341,-2.4961842803856897,0.5132117880493329
13342,-2.171543210641674,0.5131861274599304
13343,-2.600694842352391,0.5131604681535574
13344,-2.3934663582174096,0.5131348101301497
13345,-1.8861338224115882,0.5131091533896432
13346,-3.3286767503343624,0.5130834979319737
13347,-1.4394832411712055,0.5130578437570771
13348,-1.7627439782932366,0.5130321908648893
13349,-4.320237679052957,0.513006539255346
13350,-4.288253557127964,0.5129808889283832
13351,-1.61692267331443,0.5129552398839368
13352,-3.025870025101653,0.5129295921219426
13353,-1.8360322010943924,0.5129039456423364
13354,-1.3006862800569623,0.5128783004450543
13355,-2.153705362392305,0.5128526565300321
13356,-3.0803115891265747,0.5128270138972056
13357,-4.091517777957513,0.5128013725465108
13358,-5.106353184720923,0.5127757324778834
13359,-5.683577489479726,0.5127500936912596
13360,-2.0856429253306965,0.512724456186575
13361,-3.875481322889985,0.5126988199637657
13362,-3.8509562498310475,0.5126731850227675
13363,-3.2807412583017466,0.5126475513635164
13364,-1.5740517425982072,0.5126219189859482
13365,-1.2280788975493093,0.5125962878899989
13366,-4.083788071251192,0.5125706580756044
13367,-2.77770898357602,0.5125450295427006
13368,-1.796493923038942,0.5125194022912235
13369,-2.951667618504945,0.5124937763211089
13370,-3.7622254047931754,0.5124681516322929
13371,-1.6993958130905535,0.5124425282247113
13372,-2.2543262990647652,0.5124169060983
13373,-4.771440024591833,0.5123912852529952
13374,-3.4443045959488305,0.5123656656887325
13375,-4.512484834728207,0.5123400474054481
13376,-1.6875442683170765,0.5123144304030779
13377,-3.733076202945445,0.5122888146815577
13378,-4.4723697706494026,0.5122632002408236
13379,-1.3997053864170625,0.5122375870808116
13380,-2.3734472336495616,0.5122119752014576
13381,-4.139569017234898,0.5121863646026975
13382,-4.310764182863025,0.5121607552844674
13383,-3.019666407063366,0.5121351472467032
13384,-3.1198645648204617,0.5121095404893409
13385,-2.8422928837185393,0.5120839350123164
13386,-3.5732622536889758,0.5120583308155658
13387,-3.6038407623727045,0.5120327278990251
13388,-3.589127137805875,0.5120071262626301
13389,-3.080853005224179,0.511981525906317
13390,-3.159272353536373,0.5119559268300217
13391,-4.285584977747799,0.5119303290336802
13392,-2.8555622405658854,0.5119047325172285
13393,-4.264103372129689,0.5118791372806026
13394,-1.1593276665193277,0.5118535433237386
13395,-3.975643179901664,0.5118279506465724
13396,-3.186320023607162,0.51180235924904
13397,-4.040929218456002,0.5117767691310776
13398,-1.4058568292751743,0.511751180292621
13399,-4.417711193579811,0.5117255927336064
13400,-3.2662715921503347,0.5117000064539697
13401,-3.76435382709815,0.511674421453647
13402,-4.1895517833370555,0.5116488377325744
13403,-3.6995159904303447,0.5116232552906878
13404,-3.5179797755379747,0.5115976741279232
13405,-3.523229274916665,0.5115720942442168
13406,-4.660626847850886,0.5115465156395046
13407,-1.9149315464341194,0.5115209383137226
13408,-5.519945243223521,0.5114953622668069
13409,-2.307710014460882,0.5114697874986935
13410,-2.4367611602240857,0.5114442140093186
13411,-3.900951584493324,0.5114186417986182
13412,-3.0550863202986305,0.5113930708665283
13413,-4.405774441741452,0.511367501212985
13414,-3.4603573539625243,0.5113419328379244
13415,-0.9900343705399216,0.5113163657412825
13416,-3.7459827280963243,0.5112907999229954
13417,-1.7433361332848207,0.5112652353829993
13418,-3.601378185976012,0.5112396721212301
13419,-4.726110955544292,0.5112141101376241
13420,-5.066820945166726,0.5111885494321172
13421,-4.690028617652138,0.5111629900046456
13422,-1.0007859769408949,0.5111374318551454
13423,-1.002994870886806,0.5111118749835526
13424,-3.433650349628439,0.5110863193898034
13425,-4.541416741205474,0.5110607650738339
13426,-3.2495302486500233,0.5110352120355802
13427,-4.080934279073244,0.5110096602749784
13428,-2.9857592128870603,0.5109841097919646
13429,-1.904058425716902,0.510958560586475
13430,-4.121081365325127,0.5109330126584457
13431,-4.628070786419761,0.5109074660078128
13432,-1.932063809471297,0.5108819206345124
13433,-3.938627966849902,0.5108563765384807
13434,-2.6483343161475883,0.5108308337196538
13435,-5.34840797037409,0.5108052921779678
13436,-1.8731736383180915,0.5107797519133589
13437,-1.6561951573674416,0.5107542129257632
13438,-3.7022059512321883,0.5107286752151169
13439,-3.0975940132721504,0.5107031387813561
13440,-1.6043220800754046,0.510677603624417
13441,-1.3945222283762158,0.5106520697442358
13442,-3.626624420787141,0.5106265371407486
13443,-3.7635356943774187,0.5106010058138916
13444,-3.584387675223046,0.5105754757636009
13445,-2.9901877259793825,0.5105499469898127
13446,-1.638046348264551,0.5105244194924632
13447,-1.5388253707345736,0.5104988932714886
13448,-3.798240683135159,0.510473368326825
13449,-3.7621044428555894,0.5104478446584086
13450,-3.4164473826960986,0.5104223222661757
13451,-4.235302037936996,0.5103968011500624
13452,-4.903025214741529,0.5103712813100049
13453,-2.4430868043437064,0.5103457627459393
13454,-2.8650416357241006,0.5103202454578021
13455,-3.460105812580765,0.5102947294455292
13456,-2.8779006542337173,0.510269214709057
13457,-3.914014183282789,0.5102437012483215
13458,-2.844985987580677,0.5102181890632591
13459,-2.1767421671045795,0.510192678153806
13460,-1.9266260394888932,0.5101671685198983
13461,-3.401630847181827,0.5101416601614723
13462,-3.862081427991969,0.5101161530784643
13463,-1.3366242415698322,0.5100906472708103
13464,-3.460839869167108,0.5100651427384468
13465,-3.2716869210090964,0.5100396394813099
13466,-1.787866054606566,0.5100141374993359
13467,-3.1871024206215153,0.5099886367924609
13468,-3.4624928437691214,0.5099631373606213
13469,-2.6303267210035495,0.5099376392037532
13470,-1.321820940814523,0.509912142321793
13471,-3.7560204642868413,0.509886646714677
13472,-2.635664564828878,0.5098611523823412
13473,-3.865835920264849,0.5098356593247221
13474,-4.231312916879949,0.5098101675417559
13475,-3.7303712795662642,0.5097846770333788
13476,-4.071046581255807,0.5097591877995271
13477,-4.366779294239393,0.5097336998401372
13478,-3.026360745158562,0.5097082131551451
13479,-3.391303544381413,0.5096827277444874
13480,-4.123918544281089,0.5096572436081002
13481,-3.8375702100859845,0.5096317607459198
13482,-5.28978234553681,0.5096062791578825
13483,-4.613153987901946,0.5095807988439246
13484,-3.0577081223035787,0.5095553198039824
13485,-3.2279332374257845,0.5095298420379922
13486,-3.6373179678134857,0.5095043655458903
13487,-4.403762754896857,0.509478890327613
13488,-1.8397109181716302,0.5094534163830966
13489,-3.4868345796429665,0.5094279437122774
13490,-3.9411590978260187,0.5094024723150918
13491,-3.5353640910167097,0.5093770021914761
13492,-3.2275816244534457,0.5093515333413665
13493,-3.86756367897784,0.5093260657646994
13494,-2.6295358436739713,0.5093005994614112
13495,-4.1283578637332665,0.5092751344314381
13496,-5.540997651256628,0.5092496706747166
13497,-4.229163986893108,0.5092242081911829
13498,-4.1215328396726525,0.5091987469807733
13499,-4.347799737370993,0.5091732870434242
13500,-4.624837605408088,0.509147828379072
13501,-3.9540523011834354,0.5091223709876531
13502,-2.9860672615952915,0.5090969148691037
13503,-4.256369899666377,0.5090714600233602
13504,-5.1880048010797495,0.509046006450359
13505,-3.135997891379941,0.5090205541500366
13506,-3.7052939179094446,0.5089951031223291
13507,-4.955950848374201,0.508969653367173
13508,-3.705465189500134,0.5089442048845046
13509,-3.557037432061043,0.5089187576742604
13510,-3.7699969356469056,0.5088933117363768
13511,-2.2327456206149616,0.5088678670707899
13512,-3.7214131113668163,0.5088424236774364
13513,-3.872876963188978,0.5088169815562525
13514,-1.8836735462099308,0.5087915407071747
13515,-4.820366545813495,0.5087661011301393
13516,-3.8694973590284834,0.5087406628250828
13517,-4.9735939952885495,0.5087152257919415
13518,-5.532348923018874,0.508689790030652
13519,-2.151001772546772,0.5086643555411504
13520,-3.815649348143745,0.5086389223233734
13521,-4.0720859067604405,0.5086134903772572
13522,-5.151607043403075,0.5085880597027383
13523,-4.210155233691813,0.5085626302997532
13524,-3.7246357051793573,0.5085372021682383
13525,-4.135614006470947,0.5085117753081299
13526,-5.036314100593699,0.5084863497193645
13527,-4.333969804417255,0.5084609254018785
13528,-4.9320535479882714,0.5084355023556084
13529,-2.085235641993196,0.5084100805804906
13530,-2.087099949876883,0.5083846600764617
13531,-2.1270827913667074,0.5083592408434578
13532,-5.173959590325268,0.5083338228814157
13533,-6.258321075069133,0.5083084061902716
13534,-4.796171350878868,0.5082829907699621
13535,-1.6722354115791938,0.5082575766204236
13536,-1.2902971126037657,0.5082321637415925
13537,-3.182139111353801,0.5082067521334055
13538,-2.9333528737436256,0.5081813417957989
13539,-3.870419607832274,0.5081559327287091
13540,-1.5895930115078314,0.5081305249320727
13541,-1.7293246420186612,0.5081051184058261
13542,-4.016481379257961,0.5080797131499057
13543,-3.328494759113658,0.5080543091642482
13544,-3.791747464458782,0.50802890644879
13545,-3.6071999494872804,0.5080035050034675
13546,-3.139687690303618,0.5079781048282173
13547,-2.028413180674278,0.5079527059229758
13548,-3.8282654706259946,0.5079273082876796
13549,-3.148784486197517,0.5079019119222652
13550,-3.808468731261235,0.5078765168266691
13551,-3.397516778661614,0.5078511230008278
13552,-4.599367260267055,0.5078257304446777
13553,-4.190184120550748,0.5078003391581555
13554,-3.6115006607885425,0.5077749491411976
13555,-4.586078149440798,0.5077495603937405
13556,-3.381752261631695,0.5077241729157208
13557,-1.3328905296078228,0.507698786707075
13558,-3.5454414081414916,0.5076734017677397
13559,-2.685488523732958,0.5076480180976513
13560,-0.792982391763236,0.5076226356967464
13561,-2.2288603664556894,0.5075972545649615
13562,-1.1362543897469717,0.5075718747022333
13563,-3.8726516825328074,0.5075464961084982
13564,-2.2468835176251836,0.5075211187836928
13565,-5.602003911872707,0.5074957427277536
13566,-3.3775040297837293,0.5074703679406172
13567,-1.204319185488901,0.5074449944222201
13568,-2.20082972447051,0.507419622172499
13569,-3.5937474276989914,0.5073942511913904
13570,-3.891276532593704,0.5073688814788307
13571,-3.3569382005401023,0.5073435130347568
13572,-3.9894310052637185,0.5073181458591051
13573,-1.8223112528881982,0.5072927799518121
13574,-3.6913299454484414,0.5072674153128145
13575,-5.414292731047382,0.5072420519420489
13576,-4.459013801509185,0.5072166898394518
13577,-4.038840541133524,0.5071913290049598
13578,-4.191371343890511,0.5071659694385096
13579,-4.456727171382033,0.5071406111400376
13580,-4.28496356331107,0.5071152541094807
13581,-5.276188137357227,0.5070898983467752
13582,-3.8072405187879785,0.5070645438518578
13583,-4.415911186833528,0.5070391906246653
13584,-3.528156248901503,0.507013838665134
13585,-4.04225810972865,0.5069884879732008
13586,-4.508979594161607,0.5069631385488022
13587,-4.524713634545915,0.5069377903918747
13588,-4.695328562222532,0.5069124435023551
13589,-2.515255540525632,0.5068870978801799
13590,-4.864909610596101,0.506861753525286
13591,-4.307851316147019,0.5068364104376097
13592,-3.748202428528317,0.5068110686170879
13593,-3.2510605844296867,0.5067857280636571
13594,-4.885296101738338,0.5067603887772539
13595,-3.7776096323151007,0.5067350507578151
13596,-2.257623879702043,0.5067097140052772
13597,-4.013807051893421,0.5066843785195769
13598,-4.865480328640132,0.506659044300651
13599,-3.3233438562446116,0.5066337113484359
13600,-4.813464412244987,0.5066083796628685
13601,-3.417017990806312,0.5065830492438854
13602,-3.9381925222407794,0.5065577200914232
13603,-3.7017411483649867,0.5065323922054186
13604,-4.231446085090816,0.5065070655858083
13605,-4.127305005935857,0.506481740232529
13606,-3.3370177210631535,0.5064564161455174
13607,-2.206818448467005,0.5064310933247101
13608,-3.237629431198217,0.5064057717700439
13609,-2.1294155496757528,0.5063804514814554
13610,-3.388866301822098,0.5063551324588813
13611,-4.470565792533838,0.5063298147022584
13612,-3.32378884803014,0.5063044982115232
13613,-4.352069439071863,0.5062791829866127
13614,-3.8520008781451334,0.5062538690274634
13615,-2.06581230788803,0.506228556334012
13616,-4.956824532578345,0.5062032449061953
13617,-4.775878991977203,0.50617793474395
13618,-4.037497527567344,0.5061526258472128
13619,-3.907421211400851,0.5061273182159204
13620,-4.517793318964004,0.5061020118500096
13621,-3.27811054853548,0.5060767067494171
13622,-3.0928358066775843,0.5060514029140796
13623,-5.087971764103396,0.5060261003439339
13624,-5.045414734403312,0.5060007990389167
13625,-4.3976994996318695,0.5059754989989648
13626,-3.414579612433311,0.5059502002240148
13627,-4.683417590117689,0.5059249027140036
13628,-4.1850595817215615,0.5058996064688679
13629,-4.771204233181555,0.5058743114885444
13630,-4.332189127218836,0.50584901777297
13631,-3.5128090635443945,0.5058237253220813
13632,-3.874184723304513,0.5057984341358152
13633,-2.4961842803856897,0.5057731442141083
13634,-2.0000664005762485,0.5057478555568976
13635,-3.931004193888754,0.5057225681641198
13636,-1.3251110554066952,0.5056972820357115
13637,-4.233874144797708,0.5056719971716097
13638,-3.170437771714178,0.5056467135717512
13639,-1.4394832411712055,0.5056214312360726
13640,-1.895764992655665,0.5055961501645108
13641,-1.8285331693565272,0.5055708703570025
13642,-2.6978557981606484,0.5055455918134847
13643,-1.61692267331443,0.505520314533894
13644,-4.781563116654519,0.5054950385181674
13645,-2.069475076872682,0.5054697637662414
13646,-2.2520743190837127,0.5054444902780532
13647,-1.71167250603108,0.5054192180535393
13648,-4.1317075115963355,0.5053939470926366
13649,-3.832382651132014,0.505368677395282
13650,-5.319458796635908,0.5053434089614123
13651,-1.7909400456020745,0.5053181417909642
13652,-1.7580429189580986,0.5052928758838747
13653,-3.1972837189379906,0.5052676112400806
13654,-1.6096749582719383,0.5052423478595186
13655,-2.294470779764401,0.5052170857421256
13656,-1.5740517425982072,0.5051918248878385
13657,-1.734582958931613,0.5051665652965941
13658,-3.771732111572452,0.5051413069683293
13659,-4.402174659777959,0.5051160499029809
13660,-1.796493923038942,0.5050907941004857
13661,-1.747437454773538,0.5050655395607807
13662,-3.840663469121312,0.5050402862838027
13663,-1.6993958130905535,0.5050150342694886
13664,-2.225724606447469,0.5049897835177751
13665,-1.5154317109586184,0.5049645340285992
13666,-1.1904289284146254,0.5049392858018977
13667,-4.518907504719101,0.5049140388376077
13668,-3.9806211664070354,0.5048887931356658
13669,-3.439808448957873,0.504863548696009
13670,-4.5465533735293135,0.5048383055185742
13671,-2.104069727838098,0.5048130636032983
13672,-4.168250433401095,0.504787822950118
13673,-4.139569017234898,0.5047625835589705
13674,-4.052626792845359,0.5047373454297925
13675,-2.4695686942028536,0.504712108562521
13676,-4.170351758909673,0.5046868729570929
13677,-3.6451129214105413,0.504661638613445
13678,-3.7595833370249863,0.5046364055315143
13679,-3.8749160798855136,0.5046111737112378
13680,-3.539015163874401,0.5045859431525522
13681,-3.2258343909521607,0.5045607138553946
13682,-2.450476759742353,0.5045354858197019
13683,-4.065957572572345,0.5045102590454109
13684,-3.1061001301771376,0.5044850335324587
13685,-4.23033432516685,0.504459809280782
13686,-4.390386563897339,0.504434586290318
13687,-3.918876330269657,0.5044093645610035
13688,-3.5437514464965756,0.5043841440927754
13689,-4.3591533695739635,0.5043589248855708
13690,-1.4058568292751743,0.5043337069393264
13691,-4.283496089109869,0.5043084902539795
13692,-3.258127106334827,0.5042832748294668
13693,-3.7342087746972012,0.5042580606657253
13694,-4.749851290599137,0.5042328477626921
13695,-2.9183732257894657,0.504207636120304
13696,-4.315944110544605,0.5041824257384979
13697,-2.8860529530492087,0.504157216617211
13698,-4.1793444203701755,0.5041320087563802
13699,-4.5099336913022725,0.5041068021559424
13700,-4.131231472849642,0.5040815968158346
13701,-0.9946374973322043,0.5040563927359939
13702,-1.4063802936262642,0.5040311899163571
13703,-3.782533304208901,0.5040059883568613
13704,-3.7354111619609,0.5039807880574434
13705,-0.9976472677081711,0.5039555890180405
13706,-1.9379210426539273,0.5039303912385896
13707,-4.884226179077544,0.5039051947190277
13708,-3.208486015835443,0.5038799994592917
13709,-3.0056055568633404,0.5038548054593188
13710,-4.443021161899663,0.5038296127190458
13711,-4.878051741705962,0.5038044212384098
13712,-1.3963478605356356,0.5037792310173479
13713,-3.567882191420879,0.503754042055797
13714,-4.691674254558994,0.5037288543536942
13715,-2.937333574922222,0.5037036679109765
13716,-4.937025359725212,0.503678482727581
13717,-3.5138429648870244,0.5036532988034446
13718,-3.804086656406837,0.5036281161385044
13719,-4.798047790665839,0.5036029347326976
13720,-4.800870211759051,0.503577754585961
13721,-1.9014231943334283,0.5035525756982316
13722,-5.4126783349644,0.5035273980694467
13723,-1.92223747670728,0.5035022216995432
13724,-3.2283135455016034,0.5034770465884582
13725,-3.4173842184223497,0.5034518727361287
13726,-2.541960183078432,0.5034267001424919
13727,-1.6873172147661117,0.5034015288074848
13728,-3.185316345513029,0.5033763587310445
13729,-1.6372599760714872,0.5033511899131079
13730,-4.730431148300815,0.5033260223536122
13731,-4.873235722134071,0.5033008560524945
13732,-4.252914400874688,0.5032756910096919
13733,-3.6276379901108973,0.5032505272251414
13734,-4.394720472207945,0.5032253646987802
13735,-3.2112819989412515,0.5032002034305453
13736,-4.590534997788484,0.5031750434203738
13737,-4.35513966491372,0.5031498846682028
13738,-1.5937381963364703,0.5031247271739694
13739,-3.205384221597113,0.5030995709376107
13740,-3.5111438571323275,0.5030744159590639
13741,-4.56711012598319,0.503049262238266
13742,-5.144246273236444,0.503024109775154
13743,-5.102515139740566,0.5029989585696653
13744,-1.365797799250838,0.5029738086217368
13745,-3.7166946563936722,0.5029486599313057
13746,-3.9205049378229386,0.5029235124983091
13747,-3.8619927826488833,0.5028983663226843
13748,-3.7596198153295206,0.5028732214043681
13749,-0.982828506384267,0.5028480777432979
13750,-3.824137311309387,0.5028229353394107
13751,-4.914085236822119,0.5027977941926437
13752,-3.747578778912974,0.502772654302934
13753,-4.276378730115933,0.5027475156702189
13754,-3.619745644078063,0.5027223782944354
13755,-3.1796759315710825,0.5026972421755207
13756,-3.1361964474150557,0.5026721073134119
13757,-2.3722495180252596,0.5026469737080462
13758,-2.347935567318215,0.5026218413593608
13759,-2.4825389906263045,0.5025967102672929
13760,-2.897151202105309,0.5025715804317795
13761,-3.8789657587982065,0.5025464518527579
13762,-2.3290483204306462,0.5025213245301653
13763,-2.710962955844182,0.5024961984639388
13764,-2.1233908897591576,0.5024710736540156
13765,-3.9785936389500907,0.5024459501003329
13766,-1.6813005570026207,0.5024208278028278
13767,-2.8165146993644976,0.5023957067614376
13768,-2.854442024818092,0.5023705869760996
13769,-3.890726921026011,0.5023454684467508
13770,-4.352697120523888,0.5023203511733284
13771,-4.01718506541309,0.5022952351557698
13772,-3.1638878992618618,0.502270120394012
13773,-2.0793018011996263,0.5022450068879922
13774,-4.2901719711167505,0.5022198946376478
13775,-4.7059121725160145,0.5021947836429159
13776,-1.1067454820602283,0.5021696739037338
13777,-1.1168690472577838,0.5021445654200386
13778,-4.083584720860928,0.5021194581917676
13779,-2.200240639975928,0.502094352218858
13780,-4.999655515579599,0.502069247501247
13781,-4.842646160635321,0.502044144038872
13782,-2.939962559483549,0.50201904183167
13783,-3.9618221617134917,0.5019939408795784
13784,-3.704340229779401,0.5019688411825344
13785,-3.6245051989976766,0.5019437427404753
13786,-1.6986201108829626,0.5019186455533382
13787,-3.600495762997027,0.5018935496210606
13788,-5.1966329613389135,0.5018684549435796
13789,-3.050024755598381,0.5018433615208324
13790,-4.605045690581853,0.5018182693527564
13791,-2.6577676538484734,0.5017931784392888
13792,-3.53555441871115,0.5017680887803668
13793,-3.563566684429178,0.5017430003759278
13794,-3.3021147612104955,0.501717913225909
13795,-3.4379133891075013,0.5016928273302477
13796,-4.38963832579317,0.5016677426888811
13797,-2.150057635342962,0.5016426593017467
13798,-3.2521313823836184,0.5016175771687816
13799,-4.28962191904037,0.5015924962899232
13800,-3.585814731988487,0.5015674166651087
13801,-2.2720451160648167,0.5015423382942755
13802,-3.5314601362735814,0.5015172611773608
13803,-5.33428792890872,0.501492185314302
13804,-3.697569691187892,0.5014671107050362
13805,-3.1154140589134394,0.501442037349501
13806,-3.1215837358490806,0.5014169652476336
13807,-3.6438691903466474,0.5013918943993712
13808,-2.309257645653963,0.5013668248046512
13809,-3.5462117641343243,0.501341756463411
13810,-3.2601924139506497,0.5013166893755878
13811,-3.4737976813382905,0.501291623541119
13812,-4.53237592966099,0.501266558959942
13813,-5.695624909903277,0.5012414956319939
13814,-2.9498233897826367,0.5012164335572123
13815,-3.153492798018662,0.5011913727355345
13816,-3.8133998994524734,0.5011663131668977
13817,-2.4909375528557294,0.5011412548512394
13818,-3.3658395867480593,0.5011161977884968
13819,-2.8846098348470393,0.5010911419786074
13820,-4.004976696014946,0.5010660874215085
13821,-2.658512916482895,0.5010410341171374
13822,-4.914903629194106,0.5010159820654315
13823,-3.616030097854203,0.5009909312663282
13824,-4.592950543038907,0.5009658817197649
13825,-2.4564619381253316,0.5009408334256789
13826,-1.3640551306693143,0.5009157863840076
13827,-1.7323806949164393,0.5008907405946884
13828,-2.800512225712539,0.5008656960576586
13829,-4.659279655088456,0.5008406527728557
13830,-1.7408946410252364,0.5008156107402171
13831,-1.3945222283762158,0.5007905699596801
13832,-3.66869968507093,0.5007655304311821
13833,-3.3023568207864993,0.5007404921546605
13834,-4.00415600352518,0.5007154551300528
13835,-4.068698464184587,0.5006904193572963
13836,-1.638046348264551,0.5006653848363284
13837,-1.5388253707345736,0.5006403515670865
13838,-2.714152329744903,0.5006153195495082
13839,-4.311187479313524,0.5005902887835307
13840,-3.6851632957258285,0.5005652592690916
13841,-4.19460553888249,0.5005402310061281
13842,-3.9937314786700315,0.5005152039945778
13843,-2.5126050079284155,0.5004901782343781
13844,-3.2479615025763136,0.5004651537254664
13845,-3.161128939497339,0.5004401304677801
13846,-3.0640013319303083,0.5004151084612567
13847,-1.703594491380041,0.5003900877058336
13848,-2.732809524122092,0.5003650682014483
13849,-2.331008886142203,0.5003400499480383
13850,-1.3484150306082998,0.5003150329455409
13851,-3.064238229621166,0.5002900171938937
13852,-3.7756855098928312,0.500265002693034
13853,-2.864561382107867,0.5002399894428994
13854,-4.393555837198667,0.5002149774434272
13855,-4.035716294015483,0.5001899666945551
13856,-3.127500356770505,0.5001649571962203
13857,-2.874620021607919,0.5001399489483606
13858,-3.472810424928749,0.5001149419509131
13859,-2.4507789954395682,0.5000899362038156
13860,-3.1459015226133826,0.5000649317070054
13861,-3.969671992476057,0.50003992846042
13862,-2.7377066974248505,0.500014926463997
13863,-1.8898842730385323,0.4999899257176738
13864,-3.920270021663229,0.49996492622138794
13865,-1.0224522492197141,0.49993992797507686
13866,-3.5231490410675983,0.4999149309786781
13867,-1.8385212413429155,0.4998899352321292
13868,-4.711257770536051,0.49986494073536764
13869,-3.1571035685716375,0.4998399474883309
13870,-5.229573474451868,0.49981495549095645
13871,-4.56553325777144,0.4997899647431819
13872,-3.84774228654687,0.49976497524494473
13873,-1.9000669014164306,0.4997399869961825
13874,-2.74856236999484,0.49971499999683267
13875,-1.593293340469724,0.49969001424683285
13876,-3.4479627598814737,0.4996650297461205
13877,-3.2714746156653853,0.49964004649463317
13878,-4.395564254145354,0.49961506449230847
13879,-3.595446506746964,0.49959008373908387
13880,-4.177495134200909,0.4995651042348969
13881,-3.096890683676155,0.49954012597968517
13882,-4.072154507545114,0.49951514897338617
13883,-1.95617458936246,0.4994901732159375
13884,-3.419524477994397,0.49946519870727674
13885,-1.825450112356854,0.4994402254473414
13886,-4.569967149066546,0.499415253436069
13887,-3.145222714643663,0.4993902826733972
13888,-3.607928243218557,0.4993653131592635
13889,-3.410987663481561,0.49934034489360557
13890,-3.2433318150581796,0.4993153778763609
13891,-4.964273401889793,0.49929041210746705
13892,-3.94800514208194,0.4992654475868617
13893,-4.598609062005622,0.49924048431448237
13894,-4.8038610069913865,0.49921552229026667
13895,-4.1573883555956375,0.49919056151415214
13896,-2.0023421583497196,0.49916560198607646
13897,-4.9566257305423465,0.49914064370597716
13898,-3.9387034318185896,0.49911568667379186
13899,-4.368961469137492,0.49909073088945816
13900,-3.430024656867416,0.49906577635291366
13901,-3.604046658391551,0.49904082306409603
13902,-3.632186572650549,0.4990158710229428
13903,-2.0977791396648158,0.4989909202293917
13904,-4.420941418666548,0.4989659706833802
13905,-3.4307529586213965,0.49894102238484606
13906,-4.808153178900788,0.49891607533372684
13907,-4.800993713987188,0.4988911295299602
13908,-2.5430823685106834,0.4988661849734837
13909,-3.7225559101808354,0.498841241664235
13910,-4.501745793764313,0.4988162996021518
13911,-3.7862218764006474,0.4987913587871717
13912,-4.219911044753504,0.4987664192192323
13913,-4.891616969878081,0.49874148089827136
13914,-4.83451054928209,0.4987165438242265
13915,-2.9721015610205814,0.49869160799703527
13916,-3.647338968636637,0.4986666734166354
13917,-3.825578975529486,0.4986417400829646
13918,-4.099559655363246,0.4986168079959604
13919,-4.075195445191314,0.49859187715556064
13920,-3.445185796027997,0.4985669475617029
13921,-2.1248024405165093,0.4985420192143248
13922,-4.5481657612938164,0.4985170921133641
13923,-3.3313454234300335,0.4984921662587584
13924,-2.452490489326446,0.4984672416504455
13925,-1.704945278195438,0.49844231828836294
13926,-1.3344984419158785,0.4984173961724485
13927,-2.4100597648127096,0.4983924753026399
13928,-1.3223050101138714,0.4983675556788748
13929,-2.4274152850950657,0.49834263730109085
13930,-1.9057183484674451,0.4983177201692258
13931,-3.3656240435126143,0.49829280428321737
13932,-5.179000100590365,0.4982678896430032
13933,-2.145469302890566,0.4982429762485211
13934,-4.569044784879371,0.49821806409970865
13935,-3.4521132790025124,0.49819315319650365
13936,-3.9734971282885843,0.4981682435388438
13937,-3.6817093802423453,0.49814333512666686
13938,-3.5630018856819596,0.4981184279599105
13939,-4.854085410300657,0.49809352203851254
13940,-1.3012724024967346,0.4980686173624106
13941,-4.542603421874561,0.49804371393154245
13942,-3.542232370890189,0.4980188117458459
13943,-4.583346173049971,0.4979939108052586
13944,-4.028313413961713,0.49796901110971836
13945,-3.868921630567541,0.4979441126591629
13946,-3.8854009782115657,0.4979192154535299
13947,-4.6645560807285715,0.49789431949275725
13948,-4.274304617833304,0.49786942477678264
13949,-1.6783001060479632,0.4978445313055438
13950,-3.517231224622357,0.4978196390789785
13951,-1.2198789885614274,0.49779474809702456
13952,-5.204236842675359,0.49776985835961973
13953,-3.5592541865827663,0.49774496986670175
13954,-2.1428223613965103,0.49772008261820844
13955,-5.43909208310065,0.4976951966140775
13956,-4.802614526090389,0.4976703118542468
13957,-1.5279428674597195,0.4976454283386541
13958,-4.245980929384189,0.49762054606723716
13959,-4.703981002238213,0.4975956650399338
13960,-3.5808575273467467,0.4975707852566818
13961,-5.364803123998309,0.497545906717419
13962,-4.601633674796108,0.49752102942208315
13963,-1.0990538079158405,0.49749615337061204
13964,-3.9297901509559683,0.4974712785629435
13965,-2.2686515181884745,0.4974464049990153
13966,-2.9559195130537717,0.4974215326787654
13967,-4.738496112163305,0.4973966616021314
13968,-1.2256107636816256,0.49737179176905133
13969,-3.276564646867517,0.4973469231794629
13970,-4.641028197723099,0.4973220558333039
13971,-5.701649453952884,0.49729718973051223
13972,-2.164172694829041,0.49727232487102574
13973,-3.6509666152735636,0.4972474612547822
13974,-2.799761956852133,0.49722259888171944
13975,-3.6306467311538424,0.49719773775177534
13976,-4.402914974271397,0.49717287786488773
13977,-3.653034685709677,0.4971480192209945
13978,-4.481139836443278,0.49712316182003347
13979,-4.4738576959491905,0.49709830566194246
13980,-3.1844413221795334,0.4970734507466594
13981,-4.01494746832536,0.497048597074122
13982,-3.6183393370045844,0.4970237446442683
13983,-4.766192209376788,0.4969988934570361
13984,-4.118602159826336,0.49697404351236324
13985,-3.1418564588901403,0.4969491948101876
13986,-4.873488536537312,0.4969243473504471
13987,-4.630421991579323,0.49689950113307957
13988,-3.6090347989738567,0.4968746561580229
13989,-5.034755286575077,0.496849812425215
13990,-1.8068956261991695,0.49682496993459374
13991,-4.674058243683221,0.496800128686097
13992,-5.712864674668165,0.4967752886796627
13993,-3.7902669976614076,0.4967504499152287
13994,-3.034317899351571,0.49672561239273294
13995,-3.4698076933091575,0.49670077611211333
13996,-3.0208358194953195,0.4966759410733077
13997,-4.731330225211458,0.49665110727625406
13998,-2.2425934412639044,0.49662627472089027
13999,-4.654906116286075,0.49660144340715423
14000,-3.8335379251048805,0.4965766133349839
14001,-4.423657207506341,0.49655178450431714
14002,-4.643048134758661,0.4965269569150919
14003,-4.3788926149252685,0.4965021305672462
14004,-3.684586509900827,0.49647730546071783
14005,-4.249211012871413,0.4964524815954448
14006,-4.956528820997599,0.49642765897136504
14007,-3.472797092589902,0.49640283758841647
14008,-2.9988096621168485,0.49637801744653703
14009,-3.670980070941586,0.49635319854566473
14010,-4.532147025593954,0.49632838088573744
14011,-4.029116887231845,0.49630356446669316
14012,-2.226683415582009,0.4962787492884698
14013,-4.7251829123281635,0.4962539353510054
14014,-5.344458064458319,0.49622912265423785
14015,-4.023588487702485,0.49620431119810515
14016,-5.141688750151836,0.49617950098254526
14017,-4.3017235871395645,0.4961546920074961
14018,-5.593094505983837,0.4961298842728957
14019,-2.3589010221098747,0.49610507777868207
14020,-1.8679971533548991,0.49608027252479314
14021,-2.0365253981655007,0.4960554685111669
14022,-3.5095781636213013,0.49603066573774135
14023,-3.8528580198780182,0.49600586420445447
14024,-3.810881707342425,0.49598106391124425
14025,-3.676176791316866,0.49595626485804867
14026,-1.2457600322434823,0.4959314670448058
14027,-4.110168953828542,0.49590667047145354
14028,-2.977803858317384,0.49588187513793
14029,-2.116324919204062,0.4958570810441731
14030,-4.388051943666147,0.4958322881901209
14031,-2.5724887787576938,0.4958074965757114
14032,-2.542142868902099,0.4957827062008826
14033,-1.9580771402037138,0.49575791706557254
14034,-2.647641839618097,0.4957331291697193
14035,-3.430668213606168,0.4957083425132608
14036,-1.5467940234942676,0.49568355709613515
14037,-3.4710435190505335,0.49565877291828037
14038,-3.0732455841875463,0.4956339899796345
14039,-1.519409307196872,0.4956092082801355
14040,-4.356001127475231,0.4955844278197215
14041,-3.447372284261914,0.4955596485983305
14042,-3.183912912401581,0.4955348706159006
14043,-2.770496205960971,0.49551009387236983
14044,-1.3019012279441622,0.49548531836767623
14045,-4.048686294585655,0.4954605441017578
14046,-3.891059376556128,0.4954357710745527
14047,-2.4335170786165214,0.495410999285999
14048,-2.9269733991332982,0.4953862287360347
14049,-3.034025204621151,0.4953614594245979
14050,-3.2227846231460857,0.49533669135162667
14051,-2.2482097375484527,0.4953119245170591
14052,-2.656708735117787,0.49528715892083325
14053,-2.2883944292101486,0.49526239456288723
14054,-3.0440536103294327,0.4952376314431591
14055,-1.269577871495836,0.49521286956158694
14056,-1.939907690326389,0.4951881089181089
14057,-1.9322491783907112,0.495163349512663
14058,-1.4441780569638272,0.49513859134518734
14059,-2.100154370430776,0.49511383441562007
14060,-1.0841235923756856,0.4950890787238993
14061,-1.7185080448293208,0.4950643242699631
14062,-3.0902390167979594,0.4950395710537496
14063,-3.2234919877273986,0.49501481907519695
14064,-3.7213029447189925,0.4949900683342432
14065,-1.9936131596493938,0.4949653188308265
14066,-4.379677538119809,0.49494057056488494
14067,-4.742705746702056,0.4949158235363567
14068,-4.453659785471941,0.4948910777451799
14069,-3.406357051715033,0.49486633319129264
14070,-1.8548403976723304,0.49484158987463306
14071,-1.8344721644152178,0.49481684779513935
14072,-3.0109741026826042,0.4947921069527496
14073,-3.6272215579716542,0.49476736734740195
14074,-4.247441476493136,0.4947426289790346
14075,-4.441277674643116,0.49471789184758563
14076,-3.3271217834486815,0.49469315595299324
14077,-3.5011222077950555,0.4946684212951956
14078,-3.0916444368812352,0.4946436878741309
14079,-2.735261687909803,0.4946189556897372
14080,-3.7516159693652433,0.4945942247419527
14081,-3.429534942160773,0.4945694950307156
14082,-3.9569678279333305,0.4945447665559641
14083,-4.290727273462861,0.4945200393176363
14084,-1.771466981167583,0.49449531331567037
14085,-1.6787798783922345,0.4944705885500046
14086,-3.891127331435379,0.4944458650205771
14087,-2.526769874935662,0.49442114272732607
14088,-5.288215560028098,0.4943964216701897
14089,-3.93929514044877,0.4943717018491062
14090,-4.328867921292596,0.4943469832640138
14091,-1.5614332864702711,0.49432226591485057
14092,-5.020232736905699,0.4942975498015548
14093,-2.937214205342557,0.49427283492406476
14094,-4.461469831935164,0.49424812128231854
14095,-3.8496024449466786,0.49422340887625443
14096,-3.8328494891647713,0.4941986977058106
14097,-3.860753380348783,0.4941739877709253
14098,-4.346824760533032,0.4941492790715368
14099,-4.086903520512468,0.4941245716075832
14100,-3.5667933775893634,0.49409986537900286
14101,-2.8547585762311325,0.4940751603857339
14102,-2.81005481072944,0.49405045662771463
14103,-3.7258930083885904,0.49402575410488325
14104,-4.334657413665576,0.494001052817178
14105,-4.351869424525857,0.4939763527645371
14106,-3.9139517075652046,0.4939516539468989
14107,-4.48662699104792,0.49392695636420153
14108,-3.431362680067348,0.4939022600163833
14109,-4.683532194395315,0.4938775649033825
14110,-4.601955593625332,0.49385287102513736
14111,-2.938444181487951,0.4938281783815861
14112,-4.5884643477503735,0.493803486972667
14113,-3.8631414295556343,0.4937787967983184
14114,-3.584903471107904,0.49375410785847845
14115,-4.1461574407364346,0.4937294201530855
14116,-4.16988317000917,0.49370473368207785
14117,-3.358280923249339,0.49368004844539376
14118,-5.383705251138994,0.4936553644429715
14119,-1.3309215001293813,0.4936306816747493
14120,-3.1213615771626095,0.4936060001406656
14121,-2.012316838633464,0.49358131984065856
14122,-4.279999548232748,0.49355664077466654
14123,-3.3431359737175304,0.4935319629426278
14124,-4.838417291934894,0.49350728634448066
14125,-1.9152977796044928,0.49348261098016344
14126,-3.908490097410793,0.4934579368496144
14127,-1.6991909352191237,0.4934332639527719
14128,-5.597877777689082,0.4934085922895743
14129,-3.713915482193296,0.49338392185995983
14130,-2.812407346372132,0.4933592526638668
14131,-4.165588743875501,0.49333458470123365
14132,-1.9296848477221114,0.4933099179719986
14133,-4.395401912305242,0.4932852524761
14134,-3.138959754502074,0.4932605882134762
14135,-2.0435714326789642,0.4932359251840655
14136,-3.2173427562458565,0.4932112633878063
14137,-4.238895469783684,0.4931866028246369
14138,-1.1105238953382828,0.49316194349449566
14139,-3.9937918936792465,0.49313728539732093
14140,-3.7077492239172654,0.49311262853305105
14141,-4.213222652020096,0.49308797290162437
14142,-2.9858525352356216,0.4930633185029793
14143,-4.330214575307133,0.49303866533705415
14144,-3.395067605264091,0.4930140134037873
14145,-3.282659492791428,0.4929893627031171
14146,-1.8478169382524539,0.492964713234982
14147,-2.20705535592379,0.49294006499932025
14148,-4.580277843367939,0.4929154179960703
14149,-4.526032130664372,0.4928907722251705
14150,-1.5234287316218964,0.4928661276865593
14151,-3.7003446258280808,0.492841484380175
14152,-2.4265441830327212,0.492816842305956
14153,-1.360440333753844,0.49279220146384073
14154,-3.396509565502495,0.4927675618537675
14155,-4.285781701783851,0.49274292347567483
14156,-3.937698212492073,0.49271828632950104
14157,-1.3374709413322017,0.4926936504151846
14158,-1.7032708681632238,0.49266901573266386
14159,-4.04735842274271,0.49264438228187724
14160,-4.323340094065415,0.49261975006276315
14161,-4.6509557168777995,0.49259511907526
14162,-3.2852682761801058,0.49257048931930625
14163,-3.6302445360391395,0.4925458607948403
14164,-4.831827280600393,0.49252123350180055
14165,-2.4638032044350506,0.49249660744012547
14166,-4.402297586957953,0.49247198260975344
14167,-4.226053886863085,0.492447359010623
14168,-1.1913388872301751,0.49242273664267244
14169,-2.1421518474580377,0.49239811550584034
14170,-3.050952258385468,0.49237349560006505
14171,-1.3160355862571884,0.49234887692528506
14172,-4.533616444256319,0.4923242594814388
14173,-2.73852413552126,0.49229964326846476
14174,-3.4751307079659646,0.4922750282863013
14175,-3.9655236832938052,0.492250414534887
14176,-3.303058819352759,0.4922258020141603
14177,-1.3828667383269297,0.49220119072405955
14178,-3.861660252735936,0.49217658066452336
14179,-3.7697471819681594,0.49215197183549014
14180,-4.259095172758025,0.49212736423689835
14181,-3.888754418551987,0.4921027578686865
14182,-4.878461236703803,0.4920781527307931
14183,-1.8977528836077524,0.49205354882315655
14184,-3.5811156907464152,0.4920289461457154
14185,-4.837399119040804,0.49200434469840815
14186,-4.235671853612559,0.4919797444811732
14187,-3.888296482766341,0.49195514549394914
14188,-4.198904482219611,0.49193054773667444
14189,-3.5073386229502983,0.4919059512092876
14190,-3.749034528558227,0.49188135591172716
14191,-4.0264265416686325,0.49185676184393157
14192,-4.222240963472508,0.49183216900583937
14193,-3.6140093484726528,0.49180757739738906
14194,-4.311950563125631,0.4917829870185192
14195,-3.054714035624701,0.49175839786916825
14196,-3.029329633233898,0.4917338099492748
14197,-4.4086258443413335,0.4917092232587773
14198,-4.216859404292961,0.49168463779761434
14199,-3.106341747618325,0.49166005356572445
14200,-3.9408615465711887,0.4916354705630462
14201,-4.2056160150877835,0.49161088878951803
14202,-3.4014452905019903,0.49158630824507854
14203,-3.1254970132898716,0.49156172892966626
14204,-5.1557675513955115,0.4915371508432198
14205,-4.728501000214484,0.49151257398567766
14206,-5.144225795388184,0.4914879983569784
14207,-4.161091712187521,0.49146342395706055
14208,-4.357351416987033,0.4914388507858627
14209,-2.698379949116135,0.4914142788433234
14210,-4.157625436701517,0.4913897081293812
14211,-3.694237769638053,0.49136513864397474
14212,-4.639579425568571,0.49134057038704254
14213,-4.069829517992666,0.4913160033585232
14214,-4.244957623943796,0.4912914375583553
14215,-5.276677958549687,0.49126687298647737
14216,-2.950392351350827,0.49124230964282806
14217,-1.333887785050862,0.4912177475273459
14218,-2.03199584213427,0.4911931866399696
14219,-1.4075289232459927,0.49116862698063757
14220,-4.456236514390568,0.49114406854928855
14221,-1.5554237817667884,0.49111951134586107
14222,-2.2241710335471794,0.4910949553702938
14223,-2.511401711780242,0.49107040062252527
14224,-1.5644676665474726,0.49104584710249416
14225,-1.7224798154202154,0.49102129481013906
14226,-3.7763637337277247,0.49099674374539853
14227,-3.6986396493483213,0.4909721939082113
14228,-1.7626873577405853,0.49094764529851587
14229,-2.660638071908096,0.49092309791625094
14230,-1.5235767093268573,0.4908985517613551
14231,-1.4107604417421498,0.49087400683376703
14232,-2.684672230702634,0.49084946313342537
14233,-2.0093338316078393,0.4908249206602687
14234,-4.886982425501765,0.4908003794142357
14235,-3.2235241542012982,0.490775839395265
14236,-1.5092303800721014,0.4907513006032952
14237,-3.3640395994340038,0.490726763038265
14238,-2.971235275346091,0.4907022267001131
14239,-3.061476332611808,0.4906776915887781
14240,-3.121650931786558,0.49065315770419865
14241,-3.834459921969792,0.49062862504631344
14242,-4.835218102289096,0.49060409361506113
14243,-3.8492365064773573,0.4905795634103804
14244,-1.2773275484410924,0.4905550344322099
14245,-2.8141954494848127,0.49053050668048825
14246,-2.119751237327828,0.49050598015515423
14247,-3.5362631841761525,0.49048145485614647
14248,-3.8502600686076462,0.4904569307834037
14249,-2.3120666908018177,0.49043240793686455
14250,-3.4509552904617022,0.4904078863164677
14251,-3.8303664682850544,0.49038336592215187
14252,-4.195339942539643,0.49035884675385577
14253,-1.5028340808852902,0.49033432881151806
14254,-2.2148327224729516,0.4903098120950775
14255,-1.7299924918180096,0.4902852966044728
14256,-2.749967011007834,0.49026078233964254
14257,-3.1742303860133223,0.49023626930052555
14258,-2.664400726591864,0.49021175748706053
14259,-3.2644948899075503,0.4901872468991862
14260,-2.986156738653849,0.49016273753684125
14261,-2.9946025437740005,0.49013822939996443
14262,-3.1200127463609704,0.49011372248849444
14263,-3.661584850905961,0.49008921680237
14264,-2.894877649648996,0.4900647123415299
14265,-2.136674869733066,0.4900402091059128
14266,-2.342984725750401,0.4900157070954575
14267,-2.0493298175389696,0.48999120631010273
14268,-1.5817154210300735,0.4899667067497872
14269,-3.099853416795734,0.48994220841444974
14270,-3.7994155200891053,0.489917711304029
14271,-3.2076742462210337,0.4898932154184638
14272,-3.512249594319181,0.4898687207576929
14273,-3.494378655654045,0.489844227321655
14274,-1.3834197482203792,0.4898197351102889
14275,-4.1805715153183165,0.4897952441235334
14276,-0.9899179374997019,0.4897707543613273
14277,-2.076862267523546,0.4897462658236092
14278,-3.3401570694620233,0.489721778510318
14279,-1.3619146984650148,0.4896972924213925
14280,-4.100968803073265,0.4896728075567714
14281,-3.6538514831133058,0.48964832391639357
14282,-4.773217909079537,0.4896238415001978
14283,-3.7335687399988338,0.4895993603081228
14284,-3.9374617971922383,0.4895748803401074
14285,-4.342643888295171,0.48955040159609037
14286,-3.87334034314561,0.4895259240760106
14287,-1.875246600244851,0.4895014477798068
14288,-3.8191366764127377,0.4894769727074178
14289,-2.4169403603498023,0.48945249885878245
14290,-3.166585321683113,0.4894280262338395
14291,-4.4992976532884645,0.48940355483252784
14292,-3.308672018194386,0.48937908465478624
14293,-4.189500904423697,0.4893546157005535
14294,-4.8936738428380595,0.4893301479697685
14295,-1.4042164988911021,0.48930568146236997
14296,-3.826386339514576,0.48928121617829684
14297,-5.1543128220127,0.4892567521174879
14298,-4.435683114094125,0.48923228927988205
14299,-5.057194140690671,0.48920782766541804
14300,-4.917784858273665,0.4891833672740348
14301,-3.5200951879809104,0.4891589081056711
14302,-4.8949405566403925,0.4891344501602658
14303,-2.3649613270739795,0.4891099934377578
14304,-5.182394264088771,0.4890855379380859
14305,-4.253644632829543,0.489061083661189
14306,-4.369476233278208,0.4890366306070059
14307,-3.2977059063417244,0.4890121787754756
14308,-1.555435731739214,0.4889877281665368
14309,-1.285206975480952,0.48896327878012846
14310,-3.0359164857236425,0.4889388306161895
14311,-4.604921472893215,0.48891438367465867
14312,-3.59854363859537,0.4888899379554749
14313,-2.5876740262312286,0.48886549345857716
14314,-4.039777715020735,0.4888410501839042
14315,-3.9340560829446445,0.48881660813139505
14316,-1.5077260615496044,0.48879216730098846
14317,-4.372100819517292,0.4887677276926234
14318,-1.3001886676613348,0.4887432893062388
14319,-3.5032927743250664,0.48871885214177346
14320,-3.2817022508993845,0.48869441619916637
14321,-3.894163352758269,0.48866998147835644
14322,-1.7006655776644446,0.4886455479792825
14323,-1.5690323333506138,0.48862111570188355
14324,-3.822001269429359,0.48859668464609846
14325,-3.4372288720705617,0.48857225481186617
14326,-3.751006568964895,0.48854782619912557
14327,-4.3023112867960975,0.4885233988078156
14328,-3.390298465026188,0.48849897263787523
14329,-3.669730447016267,0.4884745476892433
14330,-4.472530959704093,0.48845012396185883
14331,-1.6686273229704098,0.4884257014556607
14332,-3.2337131584194014,0.4884012801705879
14333,-3.568945230717723,0.4883768601065794
14334,-3.073272467803567,0.4883524412635741
14335,-4.110082937675216,0.4883280236415109
14336,-2.9882819819224817,0.48830360724032884
14337,-3.262291338057743,0.48827919205996684
14338,-2.259359944104872,0.48825477810036383
14339,-1.9522533560381374,0.4882303653614588
14340,-3.794976396356346,0.4882059538431907
14341,-1.0981660760359957,0.48818154354549853
14342,-2.818709119902387,0.48815713446832126
14343,-3.0551377803768656,0.48813272661159784
14344,-3.0185542595343327,0.48810831997526727
14345,-2.4390084645553403,0.48808391455926853
14346,-4.283440482943645,0.48805951036354056
14347,-4.195108747668487,0.48803510738802236
14348,-3.707758475383833,0.488010705632653
14349,-3.103016801836376,0.48798630509737134
14350,-1.7989546568544337,0.48796190578211646
14351,-2.7356556942623396,0.48793750768682737
14352,-3.013743214124286,0.487913110811443
14353,-1.2375013142522682,0.48788871515590243
14354,-3.106786451837414,0.48786432072014463
14355,-1.313774171735145,0.48783992750410865
14356,-2.8858917678006906,0.48781553550773343
14357,-3.6960560519500127,0.487791144730958
14358,-3.192492480229311,0.4877667551737215
14359,-3.034597875670596,0.4877423668359628
14360,-2.9847479308004448,0.487717979717621
14361,-3.369543133633668,0.4876935938186351
14362,-3.2485957358029167,0.4876692091389442
14363,-1.6518754017351727,0.4876448256784872
14364,-2.509818718325616,0.4876204434372033
14365,-3.171877169952613,0.48759606241503145
14366,-3.6037949506932123,0.4875716826119107
14367,-4.401000997716444,0.4875473040277801
14368,-4.017635175059538,0.48752292666257874
14369,-4.114403511235955,0.48749855051624563
14370,-2.910310138047299,0.4874741755887198
14371,-3.717722171689468,0.48744980187994036
14372,-2.625004900314053,0.48742542938984634
14373,-3.778484557426172,0.48740105811837686
14374,-3.288746834975372,0.48737668806547096
14375,-3.8841803789202323,0.4873523192310677
14376,-2.7459967167090156,0.48732795161510617
14377,-5.032810942705393,0.4873035852175254
14378,-2.8887690331395723,0.48727922003826457
14379,-4.225833781935519,0.48725485607726265
14380,-4.025777071943606,0.4872304933344588
14381,-5.010114211136266,0.48720613180979205
14382,-4.231761995420403,0.4871817715032016
14383,-2.694534209465017,0.4871574124146264
14384,-4.671620177934728,0.4871330545440057
14385,-2.377002144460793,0.4871086978912785
14386,-4.487165505649729,0.48708434245638393
14387,-1.0749316399789233,0.4870599882392611
14388,-4.091479929730812,0.48703563523984916
14389,-2.3145957426746584,0.4870112834580872
14390,-4.724267360659394,0.4869869328939143
14391,-5.6005278512796455,0.4869625835472696
14392,-4.147365129716206,0.4869382354180923
14393,-2.3473761339376766,0.4869138885063214
14394,-4.053217138018827,0.48688954281189606
14395,-4.516535348798618,0.48686519833475544
14396,-4.108278232031895,0.4868408550748387
14397,-3.4574355757707416,0.48681651303208495
14398,-2.8581449624407846,0.48679217220643334
14399,-5.055475452225394,0.486767832597823
14400,-4.772251695837191,0.4867434942061931
14401,-4.8185182291510795,0.48671915703148283
14402,-4.135759351799603,0.48669482107363127
14403,-3.2363424870092974,0.4866704863325776
14404,-2.2506303025737413,0.48664615280826096
14405,-3.7307978899527696,0.4866218205006205
14406,-3.12578278993706,0.4865974894095955
14407,-3.2158763877523837,0.48657315953512503
14408,-4.394874698894896,0.4865488308771483
14409,-4.032970948768453,0.48652450343560444
14410,-3.157848940286157,0.48650017721043265
14411,-4.626661996916556,0.48647585220157213
14412,-4.438813652568951,0.48645152840896205
14413,-1.4142400942504805,0.4864272058325416
14414,-4.247627817339735,0.48640288447225
14415,-1.8449018954021021,0.4863785643280264
14416,-1.4314437450124464,0.48635424539981
14417,-1.5817180818570646,0.48632992768754
14418,-3.1280901518450213,0.4863056111911557
14419,-1.566988711987324,0.4862812959105961
14420,-2.1106465062677646,0.4862569818458006
14421,-1.8498692970308006,0.4862326689967083
14422,-1.467353208115096,0.48620835736325846
14423,-2.8551660952350204,0.4861840469453903
14424,-3.8349126452277504,0.48615973774304305
14425,-1.4858355076838672,0.4861354297561559
14426,-1.4010526721464085,0.48611112298466813
14427,-1.3751975354629675,0.4860868174285189
14428,-1.325537706367548,0.4860625130876475
14429,-2.5749191868408614,0.4860382099619931
14430,-3.906539677133223,0.486013908051495
14431,-2.43259658064356,0.4859896073560925
14432,-1.2175138438912243,0.4859653078757247
14433,-2.727861172765004,0.4859410096103309
14434,-2.187380515205923,0.48591671255985036
14435,-3.5072131287029618,0.4858924167242224
14436,-1.3359908636373297,0.4858681221033862
14437,-4.051840955115526,0.48584382869728104
14438,-4.176224474291858,0.4858195365058462
14439,-2.7827520089909923,0.4857952455290209
14440,-3.9597093581630127,0.48577095576674445
14441,-5.088182234105718,0.4857466672189561
14442,-1.7170176201151692,0.48572237988559513
14443,-3.6756271217004466,0.48569809376660084
14444,-1.2955623180920275,0.4856738088619125
14445,-3.59740155955667,0.4856495251714694
14446,-1.5631209185331771,0.48562524269521085
14447,-1.3081393153330865,0.4856009614330761
14448,-4.129352642030806,0.4855766813850044
14449,-4.043763868164341,0.4855524025509352
14450,-3.1520702325351193,0.48552812493080766
14451,-2.641847155773093,0.48550384852456113
14452,-3.5658426425474943,0.48547957333213493
14453,-3.114175725663773,0.4854552993534683
14454,-3.0283831005760913,0.4854310265885006
14455,-3.301223248068219,0.4854067550371712
14456,-3.425712077892927,0.4853824846994193
14457,-4.002846660341114,0.4853582155751843
14458,-1.497316184806157,0.4853339476644056
14459,-4.1269809284431265,0.48530968096702237
14460,-1.2908650933153853,0.48528541548297405
14461,-4.255029552885326,0.4852611512121999
14462,-3.4807356939463148,0.48523688815463933
14463,-3.226290126007903,0.4852126263102316
14464,-3.198838269277218,0.4851883656789161
14465,-2.073524790810405,0.48516410626063217
14466,-3.3807851437853245,0.4851398480553191
14467,-3.803198258232736,0.48511559106291635
14468,-4.314709614924523,0.48509133528336323
14469,-4.414202119279909,0.48506708071659904
14470,-2.001474541107111,0.4850428273625632
14471,-3.3576298493335908,0.48501857522119507
14472,-3.81742968834325,0.484994324292434
14473,-3.9974005108371085,0.4849700745762194
14474,-2.6708074452706354,0.4849458260724906
14475,-4.396773287815478,0.48492157878118697
14476,-3.3221520308182257,0.4848973327022479
14477,-5.387233196434304,0.4848730878356128
14478,-2.5995872848615242,0.484848844181221
14479,-3.5788566540710303,0.48482460173901193
14480,-5.042726430571945,0.484800360508925
14481,-1.164258584682233,0.4847761204908996
14482,-3.624195000367938,0.48475188168487504
14483,-1.136508441048523,0.4847276440907908
14484,-1.9903034919795501,0.4847034077085862
14485,-3.353839239377244,0.4846791725382008
14486,-3.8576130012543626,0.4846549385795739
14487,-2.3486641119061247,0.48463070583264495
14488,-4.280140399284724,0.4846064742973533
14489,-2.867846611202573,0.48458224397363847
14490,-1.1503289674301365,0.4845580148614398
14491,-4.845749988329379,0.4845337869606967
14492,-3.7236089131761854,0.48450956027134867
14493,-4.861535347230555,0.4844853347933351
14494,-4.562123717263203,0.48446111052659546
14495,-4.064529345350116,0.4844368874710691
14496,-4.52821883316717,0.48441266562669555
14497,-3.8988460308776096,0.4843884449934142
14498,-3.3019245306122045,0.48436422557116454
14499,-4.065747265129109,0.48434000735988597
14500,-4.207955635667402,0.484315790359518
14501,-4.5572981499932315,0.48429157457
14502,-4.6147582438416075,0.4842673599912715
14503,-3.0959637356182155,0.48424314662327195
14504,-4.348949935935231,0.4842189344659408
14505,-4.154452015709477,0.4841947235192175
14506,-4.189037690747837,0.48417051378304155
14507,-3.185316345513029,0.4841463052573524
14508,-1.8431526370521294,0.48412209794208955
14509,-3.392844438873233,0.48409789183719243
14510,-4.400760860291792,0.48407368694260056
14511,-3.3366011272634575,0.4840494832582534
14512,-3.176156441624313,0.4840252807840905
14513,-4.245138666640606,0.48400107952005134
14514,-3.5181209974628462,0.4839768794660753
14515,-3.1191846188921764,0.483952680622102
14516,-4.012825963403033,0.4839284829880709
14517,-2.8610885069169334,0.4839042865639215
14518,-3.660025920082772,0.4838800913495933
14519,-4.881245292203719,0.4838558973450258
14520,-4.376750237097239,0.48383170455015856
14521,-2.847942698644772,0.4838075129649311
14522,-3.512922895079066,0.4837833225892828
14523,-1.49850565771152,0.48375913342315335
14524,-1.7476197695158013,0.4837349454664822
14525,-3.704795528659109,0.4837107587192089
14526,-3.0452107908849615,0.4836865731812729
14527,-3.865204900312633,0.4836623888526138
14528,-0.9685729242203289,0.4836382057331712
14529,-2.251001687069343,0.48361402382288454
14530,-4.109320079324966,0.4835898431216934
14531,-3.185643281797229,0.4835656636295373
14532,-4.123226624309235,0.4835414853463558
14533,-3.5048080740517173,0.4835173082720885
14534,-3.976377237719895,0.4834931324066749
14535,-3.2396890092679707,0.48346895775005455
14536,-1.9684232966714656,0.48344478430216703
14537,-3.0027263459635987,0.48342061206295195
14538,-3.073510878725462,0.4833964410323488
14539,-2.248929778861255,0.4833722712102972
14540,-3.9328633271217184,0.48334810259673666
14541,-3.3574937798434523,0.4833239351916068
14542,-4.128543537937438,0.4832997689948472
14543,-3.8451673224234217,0.48327560400639746
14544,-3.586936222770147,0.48325144022619715
14545,-3.63627485773745,0.4832272776541858
14546,-2.654551025099297,0.4832031162903031
14547,-2.9181280980899906,0.4831789561344886
14548,-3.890726921026011,0.48315479718668186
14549,-4.352697120523888,0.48313063944682255
14550,-3.5897542586734077,0.4831064829148502
14551,-3.348003791666202,0.48308232759070446
14552,-3.9101150003081315,0.48305817347432495
14553,-4.532612042203489,0.48303402056565126
14554,-3.7256836359471963,0.483009868864623
14555,-3.4782973922683946,0.48298571837117976
14556,-4.805388747922038,0.4829615690852612
14557,-3.607236901690251,0.482937421006807
14558,-4.164537575123172,0.48291327413575663
14559,-3.7766305567168317,0.48288912847204984
14560,-5.17712488439013,0.4828649840156262
14561,-3.7039815708835016,0.4828408407664254
14562,-2.201856189418068,0.4828166987243871
14563,-4.826604593430963,0.48279255788945086
14564,-3.963276325838578,0.48276841826155636
14565,-3.5414972655220405,0.4827442798406433
14566,-3.3380312920391035,0.48272014262665125
14567,-4.643870055666111,0.48269600661951995
14568,-5.382308299023082,0.48267187181918897
14569,-4.525429267551866,0.48264773822559803
14570,-3.6992520676026244,0.48262360583868674
14571,-4.067913263370075,0.4825994746583948
14572,-4.202483632445617,0.4825753446846619
14573,-4.26803649446236,0.48255121591742767
14574,-3.1913260738595817,0.4825270883566318
14575,-3.8483435753702286,0.48250296200221393
14576,-3.8183480322601744,0.4824788368541138
14577,-3.4000659157328186,0.4824547129122711
14578,-4.0156499736680935,0.4824305901766255
14579,-4.303571889028194,0.48240646864711667
14580,-3.123830868680921,0.4823823483236843
14581,-2.2675019101346146,0.48235822920626814
14582,-3.909881440787687,0.48233411129480785
14583,-5.37937228540431,0.4823099945892431
14584,-5.03744920918097,0.48228587908951365
14585,-4.903710942228873,0.48226176479555916
14586,-4.7940522263515675,0.48223765170731936
14587,-3.1455131220678916,0.48221353982473397
14588,-5.204329179956095,0.48218942914774277
14589,-4.0388514800392326,0.4821653196762854
14590,-4.297671842834568,0.4821412114103016
14591,-3.7011063756055593,0.4821171043497311
14592,-2.9192562582198,0.4820929984945136
14593,-5.0861841483435235,0.48206889384458884
14594,-2.668215381344791,0.4820447903998966
14595,-4.308580038999871,0.48202068816037663
14596,-2.4922799387912935,0.4819965871259686
14597,-3.6233523361714406,0.4819724872966123
14598,-4.715450297820808,0.4819483886722475
14599,-5.509701686182088,0.4819242912528139
14600,-3.544903360480491,0.48190019503825127
14601,-5.805940991904065,0.48187610002849934
14602,-3.528451793731512,0.48185200622349794
14603,-4.219731905658527,0.4818279136231868
14604,-3.3409093063284128,0.4818038222275056
