episode,reward,epsilon
1,-6.385336648554404,0.9999
2,-6.369647106720263,0.9998000100000001
3,-6.318416036302331,0.9997000299990001
4,-3.824306558631586,0.9996000599960002
5,-5.62550007380859,0.9995000999900007
6,-7.419370891803516,0.9994001499800017
7,-9.065410748207917,0.9993002099650037
8,-5.44096815785189,0.9992002799440072
9,-9.066291683853626,0.9991003599160128
10,-7.073157192506178,0.9990004498800211
11,-7.22058773562463,0.9989005498350332
12,-6.546459582674705,0.9988006597800497
13,-7.019612528214195,0.9987007797140718
14,-4.006908923352076,0.9986009096361004
15,-5.622809688980882,0.9985010495451367
16,-5.564100046618271,0.9984011994401822
17,-6.755518624154432,0.9983013593202382
18,-4.3361917147235705,0.9982015291843062
19,-2.685827529441749,0.9981017090313877
20,-6.306376275126909,0.9980018988604846
21,-8.328726995448704,0.9979020986705985
22,-3.2202163577255973,0.9978023084607315
23,-4.790173848823567,0.9977025282298854
24,-7.569952943025389,0.9976027579770624
25,-7.57995715586156,0.9975029977012647
26,-5.083232074356012,0.9974032474014946
27,-6.5900116972557345,0.9973035070767544
28,-6.6588069828559435,0.9972037767260468
29,-7.1423844530844836,0.9971040563483742
30,-4.711742924555271,0.9970043459427393
31,-7.452560548418967,0.9969046455081451
32,-1.994560464637513,0.9968049550435942
33,-6.633124254334788,0.9967052745480899
34,-5.6193430181881086,0.9966056040206351
35,-4.781303042830741,0.9965059434602331
36,-4.227160830358634,0.9964062928658871
37,-7.281983018379276,0.9963066522366005
38,-7.829288451203209,0.9962070215713769
39,-3.778621820738052,0.9961074008692198
40,-1.7187300453365055,0.9960077901291329
41,-8.610879269258938,0.9959081893501199
42,-4.72568785229655,0.995808598531185
43,-3.8465839843382255,0.9957090176713319
44,-8.567737587078495,0.9956094467695648
45,-8.283159778793479,0.9955098858248879
46,-7.391991608525953,0.9954103348363054
47,-7.522035174303464,0.9953107938028217
48,-6.716939362095974,0.9952112627234414
49,-9.241829589045023,0.9951117415971691
50,-8.525450157797923,0.9950122304230093
51,-5.053082455026942,0.9949127291999671
52,-7.106154914864606,0.9948132379270471
53,-4.585157656208027,0.9947137566032545
54,-2.451431898424465,0.9946142852275941
55,-3.449255871697174,0.9945148237990713
56,-4.65943061900605,0.9944153723166914
57,-7.161763512044702,0.9943159307794598
58,-4.125662452485496,0.9942164991863819
59,-9.59629606809159,0.9941170775364633
60,-4.234313911684011,0.9940176658287097
61,-8.26787917152431,0.9939182640621268
62,-7.576433145925833,0.9938188722357206
63,-9.685024199685902,0.993719490348497
64,-9.18065264528851,0.9936201183994622
65,-7.88021353487264,0.9935207563876223
66,-7.527815797046169,0.9934214043119836
67,-7.263503184041196,0.9933220621715524
68,-9.358328802315988,0.9932227299653352
69,-8.135360194979278,0.9931234076923388
70,-9.165025371815222,0.9930240953515695
71,-8.099552362902028,0.9929247929420344
72,-6.615498921404385,0.9928255004627402
73,-7.883910174666319,0.992726217912694
74,-8.045260537787257,0.9926269452909028
75,-7.3150758701959795,0.9925276825963737
76,-8.536294224508822,0.9924284298281141
77,-8.178655525167919,0.9923291869851313
78,-8.578074893531433,0.9922299540664328
79,-6.819572019420467,0.9921307310710261
80,-4.766053270945607,0.992031517997919
81,-9.035930365285353,0.9919323148461192
82,-5.246172978462571,0.9918331216146347
83,-6.647901574321152,0.9917339383024733
84,-5.079914428017795,0.991634764908643
85,-9.359093725982667,0.9915356014321521
86,-6.578025718741905,0.9914364478720089
87,-8.503276690966155,0.9913373042272218
88,-8.71286185620966,0.9912381704967991
89,-8.028223238897368,0.9911390466797494
90,-8.519859401054354,0.9910399327750814
91,-7.272137406270831,0.9909408287818039
92,-8.778423177004736,0.9908417346989258
93,-9.690485787629694,0.9907426505254558
94,-8.792206591594582,0.9906435762604033
95,-9.626803699868383,0.9905445119027773
96,-10.74254273634467,0.990445457451587
97,-9.14125199165639,0.9903464129058418
98,-7.306836542852365,0.9902473782645512
99,-2.857361392217024,0.9901483535267248
100,-3.1125785502612926,0.9900493386913721
101,-2.8023765173197797,0.989950333757503
102,-7.155556462848673,0.9898513387241272
103,-2.661670167623811,0.9897523535902548
104,-5.534079412550501,0.9896533783548958
105,-5.811007588033178,0.9895544130170603
106,-5.9771847528134625,0.9894554575757586
107,-8.424396990336916,0.9893565120300011
108,-6.801966155498012,0.9892575763787981
109,-5.592673171951236,0.9891586506211602
110,-7.2034356934153605,0.9890597347560981
111,-5.054344219171593,0.9889608287826225
112,-4.863160847594454,0.9888619326997442
113,-4.2109391593666965,0.9887630465064743
114,-3.1173152958298687,0.9886641702018236
115,-3.758641101981267,0.9885653037848035
116,-5.189464340488543,0.988466447254425
117,-5.342547535628767,0.9883676006096995
118,-6.5333338619789805,0.9882687638496386
119,-4.54057872683296,0.9881699369732536
120,-5.494924321073957,0.9880711199795563
121,-6.81015458044191,0.9879723128675584
122,-2.184697129169014,0.9878735156362717
123,-6.804188765666629,0.987774728284708
124,-6.268272543176389,0.9876759508118795
125,-4.856460553613032,0.9875771832167983
126,-2.7541230287714145,0.9874784254984766
127,-7.943424676227205,0.9873796776559268
128,-6.67318666346865,0.9872809396881612
129,-6.31134292104864,0.9871822115941924
130,-3.3440684598038466,0.987083493373033
131,-6.313955490298188,0.9869847850236957
132,-9.162865364139627,0.9868860865451933
133,-7.870580153453014,0.9867873979365388
134,-6.8913952946765935,0.9866887191967452
135,-7.371164772976988,0.9865900503248255
136,-3.065218269421552,0.986491391319793
137,-6.728013818529691,0.9863927421806611
138,-8.001168675794375,0.986294102906443
139,-6.44369212091718,0.9861954734961524
140,-7.713900644373255,0.9860968539488029
141,-3.7713710958722384,0.985998244263408
142,-6.279162390534458,0.9858996444389817
143,-8.867408595963436,0.9858010544745378
144,-6.9511491963719845,0.9857024743690904
145,-4.786127557771684,0.9856039041216536
146,-7.325303420046925,0.9855053437312414
147,-6.4783039758047245,0.9854067931968683
148,-4.054413546374758,0.9853082525175486
149,-6.06920031049987,0.9852097216922968
150,-7.005870362355229,0.9851112007201276
151,-6.960150173989726,0.9850126896000556
152,-5.930877871580032,0.9849141883310956
153,-6.307977041107776,0.9848156969122625
154,-9.523775914305274,0.9847172153425713
155,-6.920249115492856,0.9846187436210371
156,-6.102668323862301,0.9845202817466749
157,-5.781790209376065,0.9844218297185002
158,-7.264085106594354,0.9843233875355284
159,-5.593604593143315,0.9842249551967749
160,-3.899963127300444,0.9841265327012553
161,-5.733022356476174,0.9840281200479851
162,-6.86040701252502,0.9839297172359803
163,-4.557472337034068,0.9838313242642568
164,-6.791614866083875,0.9837329411318304
165,-6.309095590754158,0.9836345678377172
166,-6.369785811450027,0.9835362043809335
167,-8.682520974815166,0.9834378507604954
168,-7.470885556458257,0.9833395069754194
169,-5.444613655538555,0.9832411730247218
170,-9.26844227103513,0.9831428489074193
171,-2.404505396674434,0.9830445346225286
172,-8.845553084844948,0.9829462301690663
173,-9.11221271900077,0.9828479355460494
174,-2.65531775002696,0.9827496507524949
175,-7.960702459888234,0.9826513757874197
176,-7.077521784691979,0.982553110649841
177,-8.476838225009217,0.982454855338776
178,-8.835600060965245,0.9823566098532421
179,-7.787682078059454,0.9822583741922568
180,-6.306966709021095,0.9821601483548376
181,-8.199407185429607,0.982061932340002
182,-8.543323379172534,0.9819637261467681
183,-8.20836792451393,0.9818655297741534
184,-2.991994376182813,0.981767343221176
185,-10.322347855616341,0.9816691664868539
186,-8.676354211472812,0.9815709995702052
187,-4.576727791094932,0.9814728424702482
188,-8.434177590934222,0.9813746951860012
189,-8.830658711419382,0.9812765577164826
190,-7.008706951836056,0.9811784300607109
191,-6.9024100563692485,0.9810803122177049
192,-8.304179500211724,0.9809822041864831
193,-9.07593895619061,0.9808841059660645
194,-3.539268591910994,0.9807860175554679
195,-3.56403691431395,0.9806879389537123
196,-2.4338370698024394,0.9805898701598169
197,-6.597248604164365,0.9804918111728009
198,-8.261406712470478,0.9803937619916837
199,-4.33621456431794,0.9802957226154846
200,-2.0671807628983805,0.980197693043223
201,-8.030852423481218,0.9800996732739187
202,-6.8718163544895186,0.9800016633065913
203,-3.9192764669072804,0.9799036631402607
204,-6.416329431531927,0.9798056727739467
205,-2.2439715399958247,0.9797076922066693
206,-7.029582228005244,0.9796097214374486
207,-8.357241812874246,0.9795117604653049
208,-6.937194821017892,0.9794138092892584
209,-7.098853988676362,0.9793158679083295
210,-7.971691836101183,0.9792179363215386
211,-4.014580463394817,0.9791200145279065
212,-5.62858617866056,0.9790221025264537
213,-6.117769910619852,0.9789242003162011
214,-3.5013146036485505,0.9788263078961694
215,-8.134266337548056,0.9787284252653798
216,-6.75569677216818,0.9786305524228534
217,-5.8355432048072995,0.9785326893676111
218,-8.608890369042545,0.9784348360986743
219,-5.860472726187271,0.9783369926150645
220,-2.513033762158128,0.9782391589158029
221,-5.568348512753699,0.9781413349999114
222,-2.7532718349838023,0.9780435208664114
223,-5.9271028620684145,0.9779457165143248
224,-5.294866466368477,0.9778479219426734
225,-7.26053839912119,0.9777501371504792
226,-6.659685150293605,0.9776523621367642
227,-5.9939742878128115,0.9775545969005506
228,-8.511061722404369,0.9774568414408605
229,-4.341850527713154,0.9773590957567164
230,-6.022739019479496,0.9772613598471408
231,-3.8414035066133145,0.9771636337111561
232,-8.176529350058914,0.977065917347785
233,-7.542324881264971,0.9769682107560502
234,-7.233662193180255,0.9768705139349746
235,-5.946886497187064,0.9767728268835811
236,-8.738959786501777,0.9766751496008927
237,-6.313409866874232,0.9765774820859326
238,-7.0013633768902395,0.9764798243377241
239,-4.0258690468251075,0.9763821763552903
240,-6.3707065555585665,0.9762845381376548
241,-7.983228206761648,0.976186909683841
242,-10.90102051063296,0.9760892909928727
243,-7.392687450624379,0.9759916820637734
244,-4.918247392637815,0.975894082895567
245,-3.6110392441847345,0.9757964934872775
246,-5.978365911428014,0.9756989138379287
247,-3.8138061495937885,0.975601343946545
248,-7.857913027865507,0.9755037838121503
249,-8.94540518650258,0.9754062334337691
250,-7.061950867673764,0.9753086928104258
251,-8.250850759910385,0.9752111619411448
252,-6.834171220763964,0.9751136408249507
253,-7.842796344586297,0.9750161294608681
254,-3.3187391526598367,0.974918627847922
255,-7.3032184857540345,0.9748211359851373
256,-7.7947320773292645,0.9747236538715388
257,-7.894505960569427,0.9746261815061517
258,-8.39275970278287,0.9745287188880011
259,-7.991478371129559,0.9744312660161123
260,-8.352060613775517,0.9743338228895106
261,-7.248419336757179,0.9742363895072217
262,-6.959404396282371,0.974138965868271
263,-5.263544420944225,0.9740415519716842
264,-8.196450703332816,0.973944147816487
265,-9.467407236147576,0.9738467534017053
266,-4.300179497245759,0.9737493687263652
267,-3.9683919481874037,0.9736519937894925
268,-7.8678810004156965,0.9735546285901135
269,-7.706213370230044,0.9734572731272545
270,-8.243731380525373,0.9733599273999418
271,-5.334638280730929,0.9732625914072018
272,-6.35374163031546,0.9731652651480611
273,-8.518983178955303,0.9730679486215463
274,-5.434939256124979,0.9729706418266841
275,-8.46395510396498,0.9728733447625014
276,-8.128794808193458,0.9727760574280252
277,-8.453632148766758,0.9726787798222825
278,-6.2405300650309545,0.9725815119443002
279,-10.253484044212648,0.9724842537931058
280,-10.351661144976001,0.9723870053677265
281,-8.37237042630277,0.9722897666671897
282,-9.584883849359187,0.9721925376905229
283,-8.312078538553791,0.9720953184367539
284,-8.412350026546399,0.9719981089049102
285,-8.730191225489994,0.9719009090940197
286,-9.8906118171738,0.9718037190031104
287,-7.6038286878304895,0.97170653863121
288,-4.298274318571604,0.9716093679773469
289,-7.337911256132584,0.9715122070405492
290,-10.791110746530421,0.9714150558198451
291,-6.792749557747664,0.9713179143142632
292,-9.964675125318436,0.9712207825228317
293,-3.7985718862871223,0.9711236604445794
294,-3.469208033753019,0.971026548078535
295,-2.352803898485127,0.9709294454237271
296,-9.361864807155015,0.9708323524791846
297,-3.8861412585560022,0.9707352692439367
298,-4.6186635604617186,0.9706381957170124
299,-7.582590996758589,0.9705411318974407
300,-6.817458834936539,0.970444077784251
301,-6.583394048507987,0.9703470333764725
302,-3.835832712649449,0.9702499986731349
303,-7.899861115473903,0.9701529736732676
304,-2.1373782329868476,0.9700559583759003
305,-4.572678462246391,0.9699589527800627
306,-8.563587671631083,0.9698619568847847
307,-7.073108867485766,0.9697649706890963
308,-8.191805150660153,0.9696679941920274
309,-5.889862108570146,0.9695710273926083
310,-7.91628559634281,0.969474070289869
311,-5.664410695986887,0.9693771228828401
312,-8.668451591904972,0.9692801851705518
313,-7.246932158705521,0.9691832571520348
314,-7.005900475277266,0.9690863388263196
315,-6.772237785536937,0.9689894301924369
316,-7.701469769927127,0.9688925312494177
317,-5.918213410084043,0.9687956419962928
318,-6.316813401236509,0.9686987624320932
319,-9.054013768926502,0.9686018925558499
320,-6.229213315216822,0.9685050323665944
321,-8.212740887809726,0.9684081818633578
322,-6.865043034677392,0.9683113410451715
323,-4.880261954551893,0.968214509911067
324,-6.546521308763645,0.9681176884600758
325,-9.301839199818609,0.9680208766912298
326,-9.402757763467893,0.9679240746035607
327,-9.753862958440155,0.9678272821961004
328,-9.202345605773989,0.9677304994678808
329,-7.038259508495715,0.967633726417934
330,-9.112801850489998,0.9675369630452922
331,-8.198251723043903,0.9674402093489878
332,-9.541436258651022,0.9673434653280529
333,-10.147401558344594,0.9672467309815201
334,-8.749302703773044,0.967150006308422
335,-9.713603762142728,0.9670532913077912
336,-10.176637998414643,0.9669565859786604
337,-8.351324367006931,0.9668598903200626
338,-9.018784745015756,0.9667632043310306
339,-9.431904491844051,0.9666665280105975
340,-7.800594826047762,0.9665698613577964
341,-8.265433041837195,0.9664732043716606
342,-9.415456848142549,0.9663765570512235
343,-7.248010889337822,0.9662799193955184
344,-9.770712354693526,0.9661832914035788
345,-8.562407026959708,0.9660866730744385
346,-6.784000591570682,0.9659900644071311
347,-10.292421219462408,0.9658934654006904
348,-10.142745570387497,0.9657968760541503
349,-7.935853117783015,0.9657002963665449
350,-9.062428225503764,0.9656037263369083
351,-9.092759907785709,0.9655071659642745
352,-9.758635297649388,0.9654106152476781
353,-8.801456197775433,0.9653140741861533
354,-10.426471656729927,0.9652175427787347
355,-10.247659547382291,0.9651210210244568
356,-8.86199686076624,0.9650245089223544
357,-8.464306083366695,0.9649280064714622
358,-7.744534986534913,0.964831513670815
359,-9.007778511254422,0.9647350305194479
360,-8.560142008621135,0.9646385570163959
361,-8.279035195885307,0.9645420931606943
362,-9.488304804185233,0.9644456389513782
363,-8.939555706899986,0.9643491943874831
364,-9.827164542366067,0.9642527594680443
365,-8.347886950249023,0.9641563341920976
366,-7.7462269879336425,0.9640599185586783
367,-8.158800068311958,0.9639635125668224
368,-8.434518302362582,0.9638671162155658
369,-7.1617338099274175,0.9637707295039442
370,-5.428641263952732,0.9636743524309938
371,-9.342119355688862,0.9635779849957506
372,-4.632425108313267,0.9634816271972511
373,-8.681186427855582,0.9633852790345313
374,-10.691956076919578,0.9632889405066278
375,-11.375938669679767,0.9631926116125772
376,-9.896161441716808,0.9630962923514159
377,-8.012737270662797,0.9629999827221808
378,-8.443929708085859,0.9629036827239086
379,-8.066618588283708,0.9628073923556362
380,-5.216572178851717,0.9627111116164007
381,-9.51111564440631,0.962614840505239
382,-8.918236841011177,0.9625185790211885
383,-7.692311997080029,0.9624223271632865
384,-7.742727605443793,0.9623260849305701
385,-10.484183288293757,0.9622298523220771
386,-8.577643690530053,0.962133629336845
387,-8.918946143399012,0.9620374159739113
388,-8.668400619106595,0.961941212232314
389,-7.884536404847707,0.9618450181110908
390,-6.545445648885954,0.9617488336092797
391,-4.44895190146198,0.9616526587259188
392,-2.841929005051528,0.9615564934600462
393,-6.110087013114066,0.9614603378107003
394,-4.458981519643579,0.9613641917769192
395,-5.468050906392319,0.9612680553577415
396,-4.135211061468306,0.9611719285522058
397,-5.811632861546962,0.9610758113593506
398,-3.6911867757005252,0.9609797037782147
399,-4.935417670273569,0.9608836058078369
400,-2.0397768641308804,0.9607875174472562
401,-2.027782815743423,0.9606914386955115
402,-4.027250810313021,0.960595369551642
403,-8.501784968743443,0.9604993100146869
404,-9.45557191684279,0.9604032600836855
405,-8.501650655088266,0.9603072197576771
406,-5.6787741191805186,0.9602111890357014
407,-2.094015360272877,0.9601151679167977
408,-7.491362657989881,0.9600191564000061
409,-6.374549122976381,0.9599231544843662
410,-5.103014280850284,0.9598271621689177
411,-3.9905024055115765,0.9597311794527008
412,-6.724000749722056,0.9596352063347555
413,-6.22723218185376,0.9595392428141221
414,-5.729031948049968,0.9594432888898407
415,-4.059651484486295,0.9593473445609517
416,-4.562326955962196,0.9592514098264956
417,-6.77132982575108,0.9591554846855129
418,-5.88065951759231,0.9590595691370444
419,-6.674893570381755,0.9589636631801307
420,-6.679942102038274,0.9588677668138127
421,-6.614722615453793,0.9587718800371313
422,-2.271608358513337,0.9586760028491276
423,-2.6631770334732257,0.9585801352488427
424,-6.928593601535097,0.9584842772353178
425,-5.10444481563383,0.9583884288075943
426,-6.738347782358546,0.9582925899647136
427,-7.37938693750402,0.9581967607057171
428,-8.98011825510049,0.9581009410296466
429,-3.5329696166486917,0.9580051309355436
430,-3.3786622059609837,0.9579093304224501
431,-8.901326053564013,0.9578135394894078
432,-8.555850499757149,0.9577177581354589
433,-8.681603945948847,0.9576219863596453
434,-7.176014020213026,0.9575262241610094
435,-7.75298116717299,0.9574304715385933
436,-8.982050082415348,0.9573347284914394
437,-8.258368527605658,0.9572389950185903
438,-10.112623068079401,0.9571432711190885
439,-5.950659902748415,0.9570475567919766
440,-4.034187411267451,0.9569518520362974
441,-8.310518889577825,0.9568561568510938
442,-6.88458310105911,0.9567604712354087
443,-5.320302652817849,0.9566647951882852
444,-3.6912498926829977,0.9565691287087663
445,-9.888071508032395,0.9564734717958955
446,-4.9440280730630874,0.9563778244487159
447,-5.981188784478347,0.9562821866662711
448,-8.370245137400047,0.9561865584476045
449,-8.965266998326388,0.9560909397917597
450,-7.009490259157895,0.9559953306977805
451,-8.793564720429268,0.9558997311647107
452,-8.34411771465391,0.9558041411915943
453,-7.37703415946074,0.9557085607774751
454,-8.006456485861682,0.9556129899213974
455,-9.016183902168379,0.9555174286224053
456,-9.38802238137673,0.955421876879543
457,-10.433102510702627,0.9553263346918551
458,-3.9503456605887495,0.955230802058386
459,-3.005289796421326,0.9551352789781802
460,-8.543234939275221,0.9550397654502824
461,-7.565108738478989,0.9549442614737373
462,-7.800211647832294,0.95484876704759
463,-4.803735388567004,0.9547532821708853
464,-9.39897144166914,0.9546578068426682
465,-7.90658090062571,0.9545623410619839
466,-7.814203761100755,0.9544668848278777
467,-11.114633727801507,0.9543714381393948
468,-8.566782958854315,0.954276000995581
469,-7.53422497595437,0.9541805733954815
470,-7.983170549806102,0.9540851553381419
471,-9.033591198456556,0.9539897468226081
472,-6.5523246779843145,0.9538943478479258
473,-8.64089336072433,0.953798958413141
474,-9.578254579329865,0.9537035785172997
475,-10.646555882500632,0.953608208159448
476,-8.556718769737419,0.9535128473386321
477,-9.237142101211848,0.9534174960538983
478,-8.823800831777689,0.9533221543042929
479,-8.069907942472323,0.9532268220888624
480,-8.154949082897437,0.9531314994066535
481,-6.932843031433701,0.9530361862567129
482,-9.103341786591757,0.9529408826380873
483,-9.516811922147374,0.9528455885498235
484,-9.072514373158654,0.9527503039909685
485,-7.706768569587565,0.9526550289605694
486,-5.825206712948881,0.9525597634576733
487,-5.314166768383297,0.9524645074813276
488,-9.062041384863655,0.9523692610305795
489,-4.05040804557669,0.9522740241044765
490,-7.744478977349973,0.9521787967020661
491,-5.699685554844816,0.9520835788223959
492,-4.469103650421648,0.9519883704645137
493,-6.26054744324801,0.9518931716274672
494,-5.1572440236822725,0.9517979823103044
495,-2.904496543025141,0.9517028025120734
496,-6.293071455170223,0.9516076322318222
497,-3.188264431813577,0.9515124714685991
498,-5.265805364791134,0.9514173202214522
499,-6.443028141145424,0.95132217848943
500,-2.741645422128893,0.9512270462715811
501,-2.7838922423890775,0.9511319235669539
502,-6.4989876776825675,0.9510368103745972
503,-6.171443045702911,0.9509417066935597
504,-6.062214817755869,0.9508466125228904
505,-4.714305120432334,0.9507515278616381
506,-5.945535521416195,0.9506564527088519
507,-3.23868940100469,0.9505613870635811
508,-4.636037859957521,0.9504663309248748
509,-3.321234459645903,0.9503712842917823
510,-7.1709158908561115,0.9502762471633531
511,-5.626675457518206,0.9501812195386368
512,-6.851898693752681,0.9500862014166829
513,-6.951151956659398,0.9499911927965412
514,-9.085718734844516,0.9498961936772615
515,-7.174227727510022,0.9498012040578938
516,-3.2663621095200392,0.949706223937488
517,-6.946499948910548,0.9496112533150943
518,-4.100011766138613,0.9495162921897629
519,-7.118811198238044,0.9494213405605438
520,-7.26450509503719,0.9493263984264878
521,-8.768057125906592,0.9492314657866452
522,-5.813897067382838,0.9491365426400665
523,-9.987021761131448,0.9490416289858026
524,-9.06304914781192,0.948946724822904
525,-6.916557036220819,0.9488518301504217
526,-7.189975128544988,0.9487569449674067
527,-9.235281375905483,0.94866206927291
528,-8.632943236399612,0.9485672030659826
529,-8.552754773294609,0.948472346345676
530,-2.7471863375255428,0.9483774991110414
531,-9.809884219051924,0.9482826613611303
532,-5.9014563899654195,0.9481878330949942
533,-7.590031442820157,0.9480930143116847
534,-8.478345326748764,0.9479982050102536
535,-7.800178681298701,0.9479034051897526
536,-9.065844682358794,0.9478086148492336
537,-6.216564267848623,0.9477138339877487
538,-8.049493982176504,0.9476190626043499
539,-4.107181268807378,0.9475243006980895
540,-6.733417964992314,0.9474295482680196
541,-8.080710160273181,0.9473348053131928
542,-10.255230339384408,0.9472400718326615
543,-7.23335666314283,0.9471453478254782
544,-7.140050033592537,0.9470506332906957
545,-8.118156281230826,0.9469559282273666
546,-7.690752294000962,0.9468612326345439
547,-4.191465791963868,0.9467665465112804
548,-6.9545106246255255,0.9466718698566293
549,-7.649391521427551,0.9465772026696436
550,-8.473496137069509,0.9464825449493767
551,-6.331023054163445,0.9463878966948818
552,-6.231661165043063,0.9462932579052122
553,-3.6001528890808285,0.9461986285794217
554,-8.424509830920233,0.9461040087165637
555,-7.3860788508570305,0.9460093983156921
556,-4.668657537720129,0.9459147973758605
557,-7.213384166330046,0.9458202058961229
558,-7.743968336145297,0.9457256238755333
559,-4.13944206600945,0.9456310513131457
560,-9.604772766236628,0.9455364882080144
561,-8.304841425093652,0.9454419345591936
562,-10.566571870344626,0.9453473903657377
563,-8.67628261346158,0.9452528556267011
564,-10.207118649847818,0.9451583303411385
565,-6.790319451878199,0.9450638145081044
566,-7.630785956987394,0.9449693081266536
567,-7.232224572218408,0.9448748111958409
568,-8.603489541088521,0.9447803237147213
569,-7.1973824725500215,0.9446858456823498
570,-8.830176169114594,0.9445913770977816
571,-4.618489481434371,0.9444969179600718
572,-7.561230160415487,0.9444024682682759
573,-7.627573861320308,0.9443080280214491
574,-8.58324689072241,0.944213597218647
575,-9.197284036854928,0.9441191758589251
576,-7.943238921046434,0.9440247639413393
577,-8.321576975243742,0.9439303614649451
578,-8.027198044176194,0.9438359684287987
579,-8.00779368644976,0.9437415848319558
580,-9.652351613597787,0.9436472106734726
581,-6.912688248953601,0.9435528459524052
582,-10.461682289969012,0.94345849066781
583,-9.691376440830913,0.9433641448187432
584,-7.596415986082754,0.9432698084042613
585,-7.353803686229676,0.9431754814234209
586,-5.309391558526077,0.9430811638752785
587,-3.410239101094803,0.942986855758891
588,-5.212803226756412,0.9428925570733151
589,-6.650845755259054,0.9427982678176078
590,-9.3328765078175,0.942703987990826
591,-5.900488158870341,0.9426097175920269
592,-4.257122513093559,0.9425154566202677
593,-5.3824535535001266,0.9424212050746057
594,-3.5432165969094775,0.9423269629540982
595,-6.070625036386213,0.9422327302578029
596,-7.81858794626564,0.9421385069847771
597,-5.144867880806158,0.9420442931340786
598,-6.598282432150239,0.9419500887047652
599,-5.116889049780678,0.9418558936958947
600,-6.118544828578759,0.9417617081065252
601,-5.4237812910825465,0.9416675319357145
602,-6.918856816380755,0.941573365182521
603,-6.610350885758887,0.9414792078460027
604,-5.901093110727613,0.9413850599252181
605,-3.572490405260755,0.9412909214192257
606,-5.048676809443816,0.9411967923270838
607,-7.018016949752771,0.9411026726478511
608,-6.009624713485309,0.9410085623805863
609,-5.715752886525187,0.9409144615243482
610,-2.2694030931614,0.9408203700781957
611,-7.410461678126577,0.940726288041188
612,-5.626645349380387,0.9406322154123838
613,-8.34936663115138,0.9405381521908426
614,-1.9168959729102313,0.9404440983756235
615,-2.744401428305643,0.940350053965786
616,-5.6215032763688875,0.9402560189603894
617,-7.012543240232839,0.9401619933584934
618,-7.21908649358711,0.9400679771591576
619,-7.49798498597347,0.9399739703614417
620,-3.6314541302969254,0.9398799729644056
621,-4.96712705668182,0.9397859849671092
622,-5.539922204235575,0.9396920063686125
623,-6.600052135382368,0.9395980371679756
624,-5.856622106706235,0.9395040773642589
625,-3.6389832348477804,0.9394101269565225
626,-5.123262549270569,0.9393161859438268
627,-4.961485323652248,0.9392222543252324
628,-5.9159875679096,0.9391283320998
629,-6.079306078111576,0.93903441926659
630,-6.425950766632699,0.9389405158246634
631,-4.982015683438947,0.938846621773081
632,-3.4226762341195873,0.9387527371109037
633,-2.117794813805899,0.9386588618371926
634,-4.721610568187,0.9385649959510088
635,-5.251619870649005,0.9384711394514138
636,-2.537264034833108,0.9383772923374687
637,-7.263421243808676,0.9382834546082349
638,-6.40057032691819,0.9381896262627741
639,-6.780943929807461,0.9380958073001479
640,-7.264051310093304,0.9380019977194178
641,-8.600933545389609,0.9379081975196459
642,-7.93010723422373,0.937814406699894
643,-8.410461539138584,0.9377206252592241
644,-4.161019345068868,0.9376268531966981
645,-9.255009627548507,0.9375330905113785
646,-9.388861993637368,0.9374393372023273
647,-8.695121695866373,0.9373455932686071
648,-5.798020447833723,0.9372518587092803
649,-8.471583605188489,0.9371581335234094
650,-7.241470138335078,0.937064417710057
651,-8.780487777058022,0.936970711268286
652,-7.967780722661337,0.9368770141971592
653,-10.675262871490037,0.9367833264957395
654,-8.549020677397998,0.9366896481630899
655,-8.324312939404605,0.9365959791982735
656,-9.09425863740651,0.9365023196003537
657,-8.486930794143136,0.9364086693683936
658,-9.0376608745676,0.9363150285014568
659,-7.366955068905208,0.9362213969986066
660,-8.072398224684484,0.9361277748589067
661,-6.752200512378739,0.9360341620814209
662,-2.8900637996877827,0.9359405586652128
663,-8.577264914001468,0.9358469646093462
664,-3.4809213652602287,0.9357533799128853
665,-7.63486519567074,0.9356598045748941
666,-6.573491153939193,0.9355662385944366
667,-9.601213184357512,0.9354726819705771
668,-7.933965587211578,0.93537913470238
669,-4.216387482405333,0.9352855967889098
670,-9.518122189721442,0.9351920682292308
671,-10.760571477850448,0.935098549022408
672,-8.781234379474897,0.9350050391675058
673,-5.628492299804684,0.934911538663589
674,-3.529048639298372,0.9348180475097226
675,-6.231625130663486,0.9347245657049716
676,-7.841515704785317,0.9346310932484012
677,-6.346868322409534,0.9345376301390764
678,-8.988234224740381,0.9344441763760625
679,-6.413413185498939,0.9343507319584249
680,-7.475984417178127,0.9342572968852291
681,-7.951158779634085,0.9341638711555406
682,-8.498757710126924,0.934070454768425
683,-9.266323350337146,0.9339770477229482
684,-4.120946208090922,0.933883650018176
685,-6.590293364618436,0.9337902616531741
686,-5.984298412935412,0.9336968826270088
687,-3.348475632578756,0.9336035129387461
688,-6.849550056904623,0.9335101525874523
689,-6.927096873246752,0.9334168015721935
690,-8.400918461100813,0.9333234598920364
691,-3.724807601290717,0.9332301275460472
692,-2.599218761652793,0.9331368045332926
693,-4.3398783046922444,0.9330434908528393
694,-2.743510449922564,0.932950186503754
695,-6.453429932126641,0.9328568914851036
696,-3.0321748184569115,0.9327636057959552
697,-2.127730123975269,0.9326703294353756
698,-3.861870058112369,0.9325770624024321
699,-3.1613011481162947,0.9324838046961919
700,-6.187525458692507,0.9323905563157222
701,-8.919821198862662,0.9322973172600907
702,-6.233065472008086,0.9322040875283647
703,-3.1213946870272276,0.9321108671196119
704,-5.547134512626552,0.9320176560329
705,-5.947208543164324,0.9319244542672968
706,-5.51298453480169,0.93183126182187
707,-5.8816038612339,0.9317380786956878
708,-3.3281846932887373,0.9316449048878183
709,-6.092496749890972,0.9315517403973295
710,-6.306050558736338,0.9314585852232897
711,-3.195565395093937,0.9313654393647675
712,-5.881594045508468,0.931272302820831
713,-7.343246294454636,0.9311791755905489
714,-5.980243828601843,0.9310860576729898
715,-7.085778852940885,0.9309929490672225
716,-2.3800338764151405,0.9308998497723158
717,-4.9419049822032814,0.9308067597873385
718,-7.594934713843364,0.9307136791113598
719,-7.040548957389639,0.9306206077434487
720,-6.914688167905175,0.9305275456826744
721,-8.091616365546113,0.9304344929281061
722,-3.81280097057461,0.9303414494788133
723,-4.167899702130979,0.9302484153338654
724,-7.842416099864829,0.930155390492332
725,-7.47939958645031,0.9300623749532828
726,-4.981818078196701,0.9299693687157875
727,-3.6260446641619515,0.9298763717789159
728,-5.22774057730016,0.929783384141738
729,-6.37807014099653,0.9296904058033238
730,-5.998679274410421,0.9295974367627435
731,-8.683983977429143,0.9295044770190672
732,-5.627707349540775,0.9294115265713654
733,-5.0405269084509,0.9293185854187083
734,-8.282740912926593,0.9292256535601664
735,-6.115950696972142,0.9291327309948104
736,-5.87196171130434,0.929039817721711
737,-3.429855734202984,0.9289469137399388
738,-8.227417958201373,0.9288540190485648
739,-3.467417342889438,0.9287611336466599
740,-7.116722581931885,0.9286682575332953
741,-2.1840724182787756,0.928575390707542
742,-7.136138413056611,0.9284825331684713
743,-6.269536175033319,0.9283896849151545
744,-7.0939423067923375,0.928296845946663
745,-6.953177689428072,0.9282040162620683
746,-9.683229727127216,0.9281111958604421
747,-7.056566851846699,0.9280183847408561
748,-4.985799234531889,0.927925582902382
749,-5.789822173771007,0.9278327903440918
750,-9.267234538900187,0.9277400070650574
751,-7.541471286855285,0.9276472330643509
752,-2.522491300097312,0.9275544683410445
753,-7.327130506099648,0.9274617128942104
754,-6.188661100424217,0.927368966722921
755,-5.5162608506193225,0.9272762298262487
756,-8.012901797975665,0.9271835022032661
757,-2.418595629253598,0.9270907838530458
758,-7.910527214523832,0.9269980747746605
759,-7.342115143776673,0.926905374967183
760,-7.7973927086998,0.9268126844296862
761,-7.079996218218935,0.9267200031612433
762,-6.94048960671593,0.9266273311609271
763,-7.318903380939449,0.9265346684278111
764,-7.559299260704808,0.9264420149609683
765,-2.236969069258584,0.9263493707594722
766,-8.466655202196103,0.9262567358223963
767,-6.894415119083856,0.9261641101488141
768,-8.748102123448861,0.9260714937377992
769,-9.76138887140665,0.9259788865884254
770,-7.728264644103116,0.9258862886997666
771,-3.9804942339041673,0.9257937000708967
772,-6.5566838502255536,0.9257011207008896
773,-7.462937615652068,0.9256085505888195
774,-8.865763128591222,0.9255159897337607
775,-9.433537344630015,0.9254234381347873
776,-6.211907500490787,0.9253308957909738
777,-9.278219443408458,0.9252383627013947
778,-5.530575229419375,0.9251458388651246
779,-1.791150499239308,0.9250533242812381
780,-8.155376558045537,0.92496081894881
781,-6.9628115769858905,0.9248683228669151
782,-7.555709265302787,0.9247758360346284
783,-5.0479293357920625,0.924683358451025
784,-5.22455052876551,0.9245908901151799
785,-3.825846934676971,0.9244984310261685
786,-8.724506699419713,0.9244059811830658
787,-8.77298277408131,0.9243135405849475
788,-7.680669977803371,0.9242211092308891
789,-1.995284522558676,0.924128687119966
790,-6.674650982244918,0.924036274251254
791,-8.251430687625644,0.9239438706238289
792,-4.8499441187476515,0.9238514762367666
793,-7.1214387851084595,0.9237590910891429
794,-6.570047236407442,0.923666715180034
795,-4.28588404042827,0.9235743485085159
796,-4.113977735256314,0.9234819910736651
797,-6.72277445215053,0.9233896428745578
798,-6.1614828179036865,0.9232973039102704
799,-3.9684711535677586,0.9232049741798795
800,-5.987086025512033,0.9231126536824614
801,-6.883526229523646,0.9230203424170932
802,-2.5357745482697336,0.9229280403828515
803,-2.9168611894560534,0.9228357475788131
804,-4.308951866786184,0.9227434640040553
805,-6.149716355336736,0.9226511896576549
806,-3.3137099849725145,0.9225589245386892
807,-6.180277959019853,0.9224666686462353
808,-7.039479491097634,0.9223744219793707
809,-7.60457379537821,0.9222821845371728
810,-5.323553599735611,0.9221899563187191
811,-4.652281259025585,0.9220977373230873
812,-5.466021573908861,0.922005527549355
813,-7.17860659988035,0.9219133269966001
814,-6.206566565145394,0.9218211356639004
815,-6.228461778908467,0.921728953550334
816,-6.711720970591939,0.921636780654979
817,-6.660653381796946,0.9215446169769135
818,-6.982399540314419,0.9214524625152158
819,-6.029025132147443,0.9213603172689643
820,-5.110532131280805,0.9212681812372374
821,-6.288699101946666,0.9211760544191137
822,-8.389602535445773,0.9210839368136717
823,-4.807795720640127,0.9209918284199904
824,-5.131245563957569,0.9208997292371484
825,-8.659427600359091,0.9208076392642246
826,-4.618359294342194,0.9207155585002982
827,-8.393124489686292,0.9206234869444482
828,-5.385420397294595,0.9205314245957538
829,-8.325505023051864,0.9204393714532942
830,-8.334667824787132,0.9203473275161489
831,-4.01746230858063,0.9202552927833972
832,-9.457691584568083,0.9201632672541189
833,-6.935396199391507,0.9200712509273935
834,-7.316892421089518,0.9199792438023008
835,-9.443114412817224,0.9198872458779206
836,-10.315995471483816,0.9197952571533328
837,-8.406731782241415,0.9197032776276175
838,-2.587885587890346,0.9196113072998547
839,-10.01288211133667,0.9195193461691248
840,-6.694079014938827,0.9194273942345079
841,-7.628524289644151,0.9193354514950844
842,-6.928183082705756,0.919243517949935
843,-3.1867835944561103,0.91915159359814
844,-6.92136917680514,0.9190596784387802
845,-3.7340383240478086,0.9189677724709363
846,-9.272239050708013,0.9188758756936892
847,-6.7437266679656425,0.9187839881061198
848,-3.8797665888529558,0.9186921097073092
849,-7.092924510142934,0.9186002404963385
850,-7.6891812487354585,0.9185083804722889
851,-3.8795098723117505,0.9184165296342417
852,-8.319583382752974,0.9183246879812783
853,-7.3024261548878995,0.9182328555124802
854,-5.992501268825931,0.918141032226929
855,-7.205504880018177,0.9180492181237063
856,-8.145706249979959,0.917957413201894
857,-8.928761039437603,0.9178656174605737
858,-6.8208534637577465,0.9177738308988277
859,-8.536831981796855,0.9176820535157378
860,-7.425789535401786,0.9175902853103862
861,-7.648200129558982,0.9174985262818552
862,-5.864988992253923,0.9174067764292271
863,-7.941301528752398,0.9173150357515841
864,-4.8891357152557084,0.917223304248009
865,-3.229960233553001,0.9171315819175843
866,-2.9438767941357504,0.9170398687593925
867,-8.166760362007333,0.9169481647725165
868,-7.371779599909551,0.9168564699560393
869,-6.873494503542442,0.9167647843090437
870,-8.356932703585617,0.9166731078306128
871,-8.364477903655605,0.9165814405198298
872,-6.752714625273546,0.9164897823757778
873,-5.986841836179697,0.9163981333975403
874,-7.459723809474115,0.9163064935842006
875,-8.570065311867769,0.9162148629348421
876,-6.7414986932866405,0.9161232414485486
877,-8.71112136475186,0.9160316291244037
878,-2.504536285314784,0.9159400259614913
879,-2.722447495535027,0.9158484319588951
880,-6.155747013825656,0.9157568471156993
881,-7.208311374864557,0.9156652714309877
882,-3.639990706329725,0.9155737049038447
883,-3.1646154782976983,0.9154821475333543
884,-6.857029467278986,0.915390599318601
885,-3.7721890876844917,0.9152990602586691
886,-5.793985064376651,0.9152075303526432
887,-7.275964974583832,0.915116009599608
888,-6.9925393625574,0.915024497998648
889,-8.062530873961137,0.9149329955488482
890,-6.930836684320254,0.9148415022492934
891,-6.402009462346461,0.9147500180990684
892,-5.900531472530508,0.9146585430972585
893,-2.463333383907157,0.9145670772429487
894,-6.39189562215731,0.9144756205352245
895,-6.499531601298199,0.914384172973171
896,-4.779632106523845,0.9142927345558737
897,-6.1238389083012645,0.914201305282418
898,-1.9636041010834773,0.9141098851518898
899,-5.831666952974844,0.9140184741633747
900,-2.4935574089834356,0.9139270723159584
901,-6.042303709397581,0.9138356796087268
902,-6.126632640977935,0.9137442960407659
903,-4.026501462033877,0.9136529216111619
904,-5.086084120964096,0.9135615563190007
905,-2.9679742918882184,0.9134702001633688
906,-6.296041438267979,0.9133788531433524
907,-7.225239840401114,0.9132875152580381
908,-6.176808546005768,0.9131961865065122
909,-7.147735586511425,0.9131048668878616
910,-7.519214500649502,0.9130135564011729
911,-7.005716404639805,0.9129222550455328
912,-6.359519850177449,0.9128309628200283
913,-7.336487513367983,0.9127396797237463
914,-1.7016641235537735,0.9126484057557739
915,-5.358782248093548,0.9125571409151984
916,-2.044460237312375,0.9124658852011068
917,-3.91585844978475,0.9123746386125867
918,-2.518133368450559,0.9122834011487255
919,-4.313808929330188,0.9121921728086106
920,-3.160498744847966,0.9121009535913298
921,-4.213269385354013,0.9120097434959706
922,-6.078392072686253,0.9119185425216211
923,-6.03421143524683,0.911827350667369
924,-3.2583923816132083,0.9117361679323023
925,-1.999718631091276,0.911644994315509
926,-5.168770900381007,0.9115538298160775
927,-4.755730516769706,0.9114626744330959
928,-5.4672950537816,0.9113715281656526
929,-6.02217015759839,0.9112803910128361
930,-1.5201017057109572,0.9111892629737348
931,-7.7915737821829705,0.9110981440474375
932,-7.591909349506135,0.9110070342330328
933,-7.284512545656707,0.9109159335296094
934,-9.451574195781212,0.9108248419362565
935,-7.528761712784032,0.9107337594520628
936,-7.7210233283916985,0.9106426860761176
937,-7.334488711124639,0.91055162180751
938,-2.639009468769647,0.9104605666453293
939,-7.299057891866319,0.9103695205886647
940,-5.996480789932056,0.9102784836366059
941,-7.994856087487364,0.9101874557882422
942,-6.872777827685668,0.9100964370426634
943,-8.062703856935666,0.9100054273989592
944,-8.58720122239233,0.9099144268562193
945,-9.143497005059704,0.9098234354135336
946,-8.384401864353382,0.9097324530699923
947,-7.308793701156634,0.9096414798246854
948,-8.544878643188152,0.9095505156767029
949,-7.253115677258267,0.9094595606251352
950,-9.223171839224511,0.9093686146690727
951,-4.36194851413162,0.9092776778076058
952,-8.542341582315963,0.9091867500398251
953,-8.339299788206873,0.9090958313648211
954,-8.862656331746617,0.9090049217816846
955,-9.741033492267949,0.9089140212895064
956,-7.221990009519643,0.9088231298873775
957,-3.5394067572054295,0.9087322475743888
958,-6.93178816168318,0.9086413743496313
959,-6.746185494536384,0.9085505102121963
960,-8.324661881227874,0.9084596551611751
961,-6.3736166838655155,0.908368809195659
962,-3.541579019690534,0.9082779723147394
963,-7.547971260686904,0.9081871445175079
964,-9.33193395402246,0.9080963258030562
965,-5.934481861543287,0.9080055161704759
966,-9.839639004233767,0.9079147156188588
967,-10.589293999511474,0.907823924147297
968,-9.199771328381214,0.9077331417548823
969,-6.690279360914182,0.9076423684407068
970,-2.7646107509375484,0.9075516042038627
971,-2.7342497687011837,0.9074608490434424
972,-9.179704738254811,0.907370102958538
973,-9.06797838201263,0.9072793659482422
974,-8.67568505339119,0.9071886380116474
975,-5.601205443861494,0.9070979191478462
976,-3.4872221784429107,0.9070072093559315
977,-2.2188957909056617,0.906916508634996
978,-7.066454056260194,0.9068258169841324
979,-2.5503749801840274,0.906735134402434
980,-3.1296084255394008,0.9066444608889938
981,-5.364787389691394,0.9065537964429049
982,-5.705789185881844,0.9064631410632606
983,-3.332635292835544,0.9063724947491544
984,-5.394076590152142,0.9062818574996795
985,-5.92993297653769,0.9061912293139295
986,-2.9377220350898674,0.9061006101909981
987,-5.823947027778307,0.906010000129979
988,-2.1089563969270886,0.905919399129966
989,-3.1034043759460763,0.905828807190053
990,-2.1262076462277335,0.905738224309334
991,-1.7984935479646953,0.9056476504869031
992,-6.573845306779761,0.9055570857218544
993,-3.5388781827937983,0.9054665300132823
994,-3.222846918891591,0.9053759833602809
995,-2.948207757199874,0.9052854457619449
996,-6.711291747997064,0.9051949172173688
997,-9.162081814006521,0.9051043977256471
998,-4.732991718497639,0.9050138872858745
999,-8.188780975477538,0.9049233858971459
1000,-8.160809462415624,0.9048328935585562
1001,-7.023215560860741,0.9047424102692004
1002,-2.396157813494601,0.9046519360281735
1003,-7.258995610578433,0.9045614708345707
1004,-7.832699920408383,0.9044710146874873
1005,-8.26514985243152,0.9043805675860185
1006,-5.674007162183752,0.9042901295292599
1007,-6.604372923639309,0.904199700516307
1008,-8.017979679143734,0.9041092805462554
1009,-3.652473164151517,0.9040188696182008
1010,-6.053535177137133,0.9039284677312389
1011,-7.024277906972165,0.9038380748844658
1012,-6.253055465483724,0.9037476910769774
1013,-7.434784572515676,0.9036573163078697
1014,-6.230426634981602,0.9035669505762389
1015,-8.396888761398568,0.9034765938811813
1016,-1.6471228246622713,0.9033862462217932
1017,-6.795384592452162,0.903295907597171
1018,-6.660264425181294,0.9032055780064113
1019,-3.582362314867926,0.9031152574486107
1020,-5.182626382072873,0.9030249459228658
1021,-6.534771589924286,0.9029346434282735
1022,-7.5192512185419655,0.9028443499639306
1023,-3.7593433863913583,0.9027540655289342
1024,-2.5464575640774756,0.9026637901223813
1025,-4.211620368657995,0.9025735237433691
1026,-5.419383273497629,0.9024832663909947
1027,-5.977969285105374,0.9023930180643557
1028,-5.349038739474572,0.9023027787625493
1029,-6.799803874175971,0.902212548484673
1030,-5.822888831756101,0.9021223272298245
1031,-7.680349467916345,0.9020321149971016
1032,-6.19607591328322,0.9019419117856019
1033,-5.840320885254123,0.9018517175944234
1034,-3.568263757612166,0.901761532422664
1035,-6.818470692744562,0.9016713562694217
1036,-7.305576803344943,0.9015811891337948
1037,-9.569820419601562,0.9014910310148815
1038,-2.308735828573594,0.90140088191178
1039,-2.8824222268753443,0.9013107418235888
1040,-10.511327292971085,0.9012206107494065
1041,-5.384275605685437,0.9011304886883316
1042,-8.259505576951067,0.9010403756394627
1043,-7.710230795440578,0.9009502716018988
1044,-7.683290964835042,0.9008601765747386
1045,-8.217576317846778,0.9007700905570811
1046,-5.854291709183599,0.9006800135480254
1047,-7.237649965666158,0.9005899455466706
1048,-7.799227754124417,0.900499886552116
1049,-7.60356577880869,0.9004098365634607
1050,-9.324707615925838,0.9003197955798045
1051,-9.784351003314775,0.9002297636002465
1052,-8.175602754953356,0.9001397406238866
1053,-2.636959744357064,0.9000497266498242
1054,-5.903715053757461,0.8999597216771592
1055,-3.531246096084547,0.8998697257049915
1056,-2.3225035719963456,0.899779738732421
1057,-9.045167304816395,0.8996897607585478
1058,-6.628178828587927,0.899599791782472
1059,-8.351768542490193,0.8995098318032937
1060,-8.424498755898322,0.8994198808201134
1061,-9.557154392523827,0.8993299388320314
1062,-8.158445071450057,0.8992400058381482
1063,-7.544781404590849,0.8991500818375644
1064,-5.799530517276626,0.8990601668293806
1065,-7.144220191842641,0.8989702608126977
1066,-8.161871028614089,0.8988803637866164
1067,-7.526344121672512,0.8987904757502377
1068,-5.954344358637803,0.8987005967026628
1069,-6.5811708332328,0.8986107266429926
1070,-7.957262254939589,0.8985208655703283
1071,-4.408699663572045,0.8984310134837713
1072,-7.252445017432798,0.8983411703824229
1073,-6.190339408171909,0.8982513362653847
1074,-2.832312019186626,0.8981615111317581
1075,-9.325728844993218,0.898071694980645
1076,-7.529915654930868,0.897981887811147
1077,-3.116650986103796,0.8978920896223659
1078,-6.899776796608335,0.8978023004134037
1079,-5.082261451542016,0.8977125201833623
1080,-2.8050792134868905,0.897622748931344
1081,-1.9075776010118073,0.8975329866564509
1082,-3.8504889515751874,0.8974432333577852
1083,-8.114875273852814,0.8973534890344494
1084,-4.952787855600839,0.897263753685546
1085,-7.13416345018834,0.8971740273101775
1086,-7.2556284875596155,0.8970843099074465
1087,-5.39487415712221,0.8969946014764557
1088,-6.235511184649323,0.8969049020163081
1089,-7.248195475061584,0.8968152115261065
1090,-4.618834743217785,0.8967255300049539
1091,-5.542105388028366,0.8966358574519534
1092,-3.23868940100469,0.8965461938662083
1093,-5.093959153831886,0.8964565392468217
1094,-6.73439050957902,0.896366893592897
1095,-6.529468556748227,0.8962772569035378
1096,-3.10993340063642,0.8961876291778474
1097,-7.0371927262115825,0.8960980104149296
1098,-5.758121655439023,0.8960084006138882
1099,-2.6269096885415397,0.8959187997738268
1100,-3.476413375357038,0.8958292078938495
1101,-3.4227566693255107,0.89573962497306
1102,-6.399402610265785,0.8956500510105627
1103,-4.184146427206013,0.8955604860054617
1104,-9.373063550559795,0.8954709299568612
1105,-7.5797676127257905,0.8953813828638655
1106,-8.406189171492596,0.8952918447255791
1107,-2.549315153976742,0.8952023155411065
1108,-8.419830911365608,0.8951127953095525
1109,-4.328390680758096,0.8950232840300215
1110,-2.219801320830648,0.8949337817016185
1111,-8.87192390738522,0.8948442883234484
1112,-7.156876007768533,0.894754803894616
1113,-4.624554742730818,0.8946653284142266
1114,-8.332073073294344,0.8945758618813853
1115,-5.432426606761062,0.8944864042951971
1116,-7.25812180588475,0.8943969556547676
1117,-8.633553681150271,0.8943075159592021
1118,-7.576393612500617,0.8942180852076062
1119,-7.398433080492813,0.8941286633990854
1120,-8.570398016404106,0.8940392505327455
1121,-7.297306022184119,0.8939498466076922
1122,-5.8018279175223295,0.8938604516230314
1123,-4.536504053793372,0.8937710655778691
1124,-7.676517808598206,0.8936816884713114
1125,-8.92315134617283,0.8935923203024643
1126,-8.29333522321173,0.893502961070434
1127,-6.948010182369165,0.893413610774327
1128,-9.23322690199636,0.8933242694132496
1129,-10.840353558597737,0.8932349369863083
1130,-6.705664332254796,0.8931456134926097
1131,-9.550212984353491,0.8930562989312605
1132,-9.065815065525403,0.8929669933013674
1133,-9.3588333796936,0.8928776966020373
1134,-9.710978832897021,0.8927884088323771
1135,-8.049190539239389,0.8926991299914938
1136,-7.445010347635341,0.8926098600784946
1137,-7.97586856858314,0.8925205990924868
1138,-7.647956446162993,0.8924313470325775
1139,-4.2642777970182015,0.8923421038978743
1140,-3.8966874161822265,0.8922528696874845
1141,-7.94855145147029,0.8921636444005158
1142,-6.2942193249296885,0.8920744280360757
1143,-9.473721503429925,0.8919852205932721
1144,-8.27118180850998,0.8918960220712128
1145,-7.151677071386347,0.8918068324690056
1146,-9.048720022181065,0.8917176517857587
1147,-6.545514659782516,0.8916284800205801
1148,-5.701108002155172,0.8915393171725781
1149,-8.324204804528971,0.8914501632408608
1150,-6.092348860268276,0.8913610182245367
1151,-7.576313320720321,0.8912718821227142
1152,-8.63181820455383,0.8911827549345019
1153,-7.5923523636939745,0.8910936366590085
1154,-7.752110975362781,0.8910045272953426
1155,-8.085710461239369,0.8909154268426132
1156,-8.307056767038857,0.8908263352999289
1157,-7.590296985268163,0.8907372526663989
1158,-6.734295913488373,0.8906481789411322
1159,-8.755104139170612,0.8905591141232382
1160,-3.332340375885837,0.8904700582118259
1161,-6.8468036624739,0.8903810112060048
1162,-8.783196579135408,0.8902919731048842
1163,-8.27713982342553,0.8902029439075737
1164,-7.325180275361773,0.890113923613183
1165,-8.001866774528297,0.8900249122208217
1166,-7.393016648895707,0.8899359097295996
1167,-8.189104884397953,0.8898469161386267
1168,-8.220215377561074,0.8897579314470128
1169,-3.2663436006109556,0.889668955653868
1170,-7.519840595712671,0.8895799887583027
1171,-5.694264075309082,0.8894910307594268
1172,-6.207672204200417,0.8894020816563509
1173,-6.859626690229898,0.8893131414481853
1174,-7.769930137716249,0.8892242101340405
1175,-8.15922509585934,0.8891352877130271
1176,-8.961226583709795,0.8890463741842558
1177,-9.206767266904773,0.8889574695468374
1178,-8.575656207539861,0.8888685737998827
1179,-7.174548372537837,0.8887796869425028
1180,-6.729095661503441,0.8886908089738085
1181,-8.680585944394867,0.8886019398929111
1182,-6.644457876459869,0.8885130796989219
1183,-6.2006130110201125,0.888424228390952
1184,-3.3055944028972144,0.8883353859681129
1185,-8.13465593376842,0.8882465524295161
1186,-6.621725714145276,0.8881577277742732
1187,-7.662413643626823,0.8880689120014957
1188,-6.606716388719235,0.8879801051102956
1189,-5.08350288068993,0.8878913070997846
1190,-3.2534999374002123,0.8878025179690746
1191,-7.020208099140728,0.8877137377172777
1192,-7.9754834387265845,0.887624966343506
1193,-8.002549000122954,0.8875362038468716
1194,-7.081881407835754,0.887447450226487
1195,-6.431654312009234,0.8873587054814643
1196,-5.423612870517394,0.8872699696109162
1197,-7.354369966891225,0.8871812426139551
1198,-8.067509977706948,0.8870925244896938
1199,-1.878553287785968,0.8870038152372448
1200,-6.205806573555259,0.886915114855721
1201,-4.49074810587295,0.8868264233442354
1202,-6.122685494370231,0.886737740701901
1203,-5.031027486358937,0.8866490669278309
1204,-6.5294417733768295,0.8865604020211381
1205,-2.7980685827224194,0.8864717459809359
1206,-2.9757414051816236,0.8863830988063378
1207,-2.3357765690334533,0.8862944604964572
1208,-7.312297013956892,0.8862058310504076
1209,-7.79280983418675,0.8861172104673026
1210,-3.018023055134891,0.886028598746256
1211,-6.292484017049759,0.8859399958863813
1212,-5.799861537698915,0.8858514018867927
1213,-2.7730716018423864,0.885762816746604
1214,-5.645620742287698,0.8856742404649293
1215,-8.719210010054695,0.8855856730408828
1216,-5.98049985847782,0.8854971144735787
1217,-3.4880198506938043,0.8854085647621314
1218,-4.070584772146147,0.8853200239056551
1219,-9.416782899902216,0.8852314919032646
1220,-3.127248162602047,0.8851429687540743
1221,-9.086605044956427,0.8850544544571989
1222,-8.111616667955094,0.8849659490117532
1223,-5.975381914118058,0.884877452416852
1224,-6.838005120525191,0.8847889646716103
1225,-9.153867988578396,0.8847004857751432
1226,-5.113485947428479,0.8846120157265657
1227,-9.268243182299924,0.884523554524993
1228,-1.7965581779356623,0.8844351021695405
1229,-6.679507139780373,0.8843466586593235
1230,-11.547832320510341,0.8842582239934575
1231,-5.727161929082001,0.8841697981710582
1232,-8.806795986484818,0.8840813811912411
1233,-6.852122050076657,0.883992973053122
1234,-9.076912396754084,0.8839045737558167
1235,-8.505747976112652,0.8838161832984411
1236,-8.608606875083723,0.8837278016801113
1237,-7.67478448131682,0.8836394288999433
1238,-8.131420620535238,0.8835510649570533
1239,-4.230021010228125,0.8834627098505575
1240,-6.328250981229228,0.8833743635795724
1241,-3.2377532430955083,0.8832860261432145
1242,-5.379014394672593,0.8831976975406002
1243,-9.161265818739942,0.8831093777708461
1244,-8.283443863984324,0.883021066833069
1245,-9.645735166483924,0.8829327647263857
1246,-7.956164267071515,0.8828444714499131
1247,-8.793018842552048,0.8827561870027681
1248,-9.072189873495756,0.8826679113840679
1249,-8.12241613178955,0.8825796445929295
1250,-7.61990203998199,0.8824913866284702
1251,-7.75357566208989,0.8824031374898074
1252,-5.406686781287993,0.8823148971760584
1253,-7.780874328875843,0.8822266656863408
1254,-8.18146571726486,0.8821384430197722
1255,-7.068893410174492,0.8820502291754702
1256,-6.077996158491315,0.8819620241525526
1257,-6.997136410828325,0.8818738279501374
1258,-8.298954094840457,0.8817856405673423
1259,-8.681419540358121,0.8816974620032856
1260,-7.238955804879437,0.8816092922570853
1261,-4.090739556489234,0.8815211313278596
1262,-7.60529596459744,0.8814329792147269
1263,-7.188442819029402,0.8813448359168053
1264,-10.086909016199572,0.8812567014332137
1265,-10.054885134559754,0.8811685757630704
1266,-4.071085646618405,0.8810804589054941
1267,-3.120480361075861,0.8809923508596036
1268,-5.265473792728283,0.8809042516245177
1269,-6.284985535557816,0.8808161611993552
1270,-2.9128319357571426,0.8807280795832353
1271,-8.001806894703233,0.880640006775277
1272,-3.7448478593990706,0.8805519427745995
1273,-4.720109610151907,0.880463887580322
1274,-8.356137321276565,0.880375841191564
1275,-4.905077173183467,0.8802878036074449
1276,-7.688828179195781,0.8801997748270841
1277,-6.758951505216148,0.8801117548496015
1278,-2.4742313796056705,0.8800237436741165
1279,-7.116080283860439,0.879935741299749
1280,-7.668752663345804,0.8798477477256191
1281,-6.817572027350863,0.8797597629508466
1282,-5.763616761518163,0.8796717869745515
1283,-5.015050755637809,0.8795838197958541
1284,-5.973147830402633,0.8794958614138745
1285,-6.6737699415566105,0.8794079118277331
1286,-4.056607926599973,0.8793199710365504
1287,-7.175884053155206,0.8792320390394467
1288,-5.508987441469813,0.8791441158355427
1289,-2.3867566270773386,0.8790562014239592
1290,-2.018942101544514,0.8789682958038169
1291,-5.574432708070831,0.8788803989742365
1292,-2.870781862323047,0.8787925109343391
1293,-2.117475727382138,0.8787046316832456
1294,-6.275155992635776,0.8786167612200774
1295,-5.822581123231955,0.8785288995439554
1296,-5.794846474782469,0.878441046654001
1297,-7.516092033764814,0.8783532025493357
1298,-5.081694054099264,0.8782653672290808
1299,-3.076601669744067,0.8781775406923579
1300,-8.32978287526809,0.8780897229382887
1301,-6.104651455926248,0.8780019139659949
1302,-2.0410306629295403,0.8779141137745984
1303,-5.162217150502812,0.8778263223632209
1304,-8.059302857567301,0.8777385397309846
1305,-4.394814940352792,0.8776507658770115
1306,-8.620653357599352,0.8775630008004238
1307,-6.6190892635684655,0.8774752445003438
1308,-6.934400161248816,0.8773874969758937
1309,-4.446791747132702,0.8772997582261961
1310,-8.18416395494572,0.8772120282503735
1311,-8.427743671262414,0.8771243070475484
1312,-7.85224293354192,0.8770365946168437
1313,-8.180357999147855,0.876948890957382
1314,-6.915433963770085,0.8768611960682863
1315,-3.5885464696135534,0.8767735099486794
1316,-9.79849244202019,0.8766858325976845
1317,-3.6647573512442237,0.8765981640144248
1318,-4.168366865054905,0.8765105041980233
1319,-3.890160243581433,0.8764228531476036
1320,-2.678291150057877,0.8763352108622888
1321,-6.906719089306157,0.8762475773412026
1322,-8.519697720817033,0.8761599525834685
1323,-7.96946202466208,0.8760723365882102
1324,-7.693127400128395,0.8759847293545513
1325,-6.693493741124335,0.8758971308816158
1326,-8.076484127183276,0.8758095411685276
1327,-6.144609099519746,0.8757219602144107
1328,-7.306017269363039,0.8756343880183893
1329,-7.926569547568375,0.8755468245795875
1330,-7.261633550273257,0.8754592698971296
1331,-6.374641753718704,0.87537172397014
1332,-6.2400769421760724,0.875284186797743
1333,-7.870266714654674,0.8751966583790632
1334,-9.593739158616646,0.8751091387132254
1335,-8.6870745809781,0.8750216277993541
1336,-7.3687293229118085,0.8749341256365741
1337,-8.378940718259535,0.8748466322240105
1338,-7.606203074298203,0.8747591475607881
1339,-7.872831446440765,0.874671671646032
1340,-3.91912359273115,0.8745842044788674
1341,-8.930765329411779,0.8744967460584195
1342,-5.832344045058962,0.8744092963838137
1343,-8.903304472413872,0.8743218554541753
1344,-4.333128703017387,0.8742344232686299
1345,-6.442185453019624,0.8741469998263031
1346,-7.602622858004661,0.8740595851263204
1347,-7.913233674808935,0.8739721791678078
1348,-6.814260539500899,0.873884781949891
1349,-5.7173397269293895,0.873797393471696
1350,-7.821839713279586,0.8737100137323489
1351,-9.522623422613066,0.8736226427309757
1352,-6.6570319383261936,0.8735352804667026
1353,-8.090007594215795,0.8734479269386559
1354,-8.497428071265606,0.873360582145962
1355,-8.941015193032325,0.8732732460877475
1356,-8.598456570830942,0.8731859187631387
1357,-6.9518103834521305,0.8730986001712624
1358,-8.96218984297503,0.8730112903112452
1359,-4.740896674788693,0.8729239891822141
1360,-6.633078847424232,0.8728366967832959
1361,-7.9052476171826385,0.8727494131136175
1362,-9.611338417637539,0.8726621381723062
1363,-9.760351081001286,0.8725748719584889
1364,-8.171480156273386,0.8724876144712931
1365,-7.390292115771606,0.8724003657098459
1366,-3.2186650030176596,0.8723131256732749
1367,-5.098665125960682,0.8722258943607076
1368,-6.239768742734875,0.8721386717712716
1369,-6.747336350696264,0.8720514579040944
1370,-6.534062929766249,0.871964252758304
1371,-6.470098650663573,0.8718770563330283
1372,-2.8736427322456635,0.8717898686273949
1373,-4.422084686677646,0.8717026896405322
1374,-1.9183621979075158,0.8716155193715681
1375,-6.991767680925012,0.871528357819631
1376,-6.284475201953514,0.871441204983849
1377,-6.460721325782717,0.8713540608633507
1378,-3.37354293451292,0.8712669254572644
1379,-2.651029435262562,0.8711797987647186
1380,-5.585198169335021,0.8710926807848421
1381,-5.55886997827052,0.8710055715167637
1382,-6.429154497021017,0.8709184709596121
1383,-4.9146764736166055,0.8708313791125161
1384,-7.064787284737229,0.8707442959746048
1385,-4.208532345361264,0.8706572215450074
1386,-7.9344077435847415,0.8705701558228529
1387,-7.4831112453998765,0.8704830988072706
1388,-3.755301023931383,0.8703960504973899
1389,-9.022698751792532,0.8703090108923401
1390,-6.384003462102499,0.870221979991251
1391,-3.526163076932044,0.8701349577932518
1392,-6.398323632628722,0.8700479442974725
1393,-3.9892147253845947,0.8699609395030428
1394,-7.306347203694898,0.8698739434090925
1395,-3.540181492787732,0.8697869560147516
1396,-5.75259702447839,0.8696999773191502
1397,-7.648831372319183,0.8696130073214182
1398,-7.7555745359518,0.8695260460206861
1399,-6.5660051295373645,0.869439093416084
1400,-5.820066187445862,0.8693521495067424
1401,-7.513489616365278,0.8692652142917918
1402,-5.203367997229686,0.8691782877703627
1403,-7.332399261487856,0.8690913699415856
1404,-5.937361257634908,0.8690044608045915
1405,-6.991596966573999,0.8689175603585111
1406,-5.505728086887521,0.8688306686024753
1407,-6.949850494093578,0.868743785535615
1408,-7.704512658027731,0.8686569111570615
1409,-5.900729576654247,0.8685700454659457
1410,-6.2300521843513135,0.8684831884613992
1411,-5.979385597435294,0.8683963401425531
1412,-5.878114592134863,0.8683095005085388
1413,-6.782346038710513,0.868222669558488
1414,-8.004720324094013,0.8681358472915321
1415,-8.995301790960006,0.868049033706803
1416,-8.799644383576966,0.8679622288034323
1417,-6.3984214878930725,0.867875432580552
1418,-8.339451221087177,0.8677886450372939
1419,-6.824076212720959,0.8677018661727902
1420,-1.489215660150868,0.8676150959861729
1421,-8.352392856040586,0.8675283344765743
1422,-5.947097785894113,0.8674415816431267
1423,-6.333833403043459,0.8673548374849623
1424,-6.61260974932098,0.8672681020012138
1425,-8.176140756204234,0.8671813751910137
1426,-10.804831436589621,0.8670946570534946
1427,-9.095889467053862,0.8670079475877893
1428,-6.334830540402743,0.8669212467930305
1429,-8.280626439117645,0.8668345546683512
1430,-8.719803891351857,0.8667478712128844
1431,-7.344060655406165,0.8666611964257631
1432,-8.308553699585156,0.8665745303061205
1433,-9.967621958301656,0.8664878728530899
1434,-8.46346518405697,0.8664012240658047
1435,-9.691176556250095,0.8663145839433981
1436,-6.224729246456558,0.8662279524850037
1437,-9.590643553482888,0.8661413296897552
1438,-7.475019723990503,0.8660547155567863
1439,-9.712025586291642,0.8659681100852306
1440,-10.025092714619458,0.865881513274222
1441,-9.950648107197885,0.8657949251228946
1442,-7.2623533554433966,0.8657083456303823
1443,-7.932153429870258,0.8656217747958194
1444,-8.195068927813242,0.8655352126183398
1445,-6.760675934077242,0.8654486590970779
1446,-7.453480913802254,0.8653621142311683
1447,-8.22562561950342,0.8652755780197452
1448,-10.13062312748262,0.8651890504619433
1449,-4.3630957593493935,0.8651025315568971
1450,-3.4599158767028966,0.8650160213037414
1451,-3.6904900312404694,0.864929519701611
1452,-4.292160312179555,0.8648430267496409
1453,-9.331267259816233,0.8647565424469659
1454,-9.886560191914755,0.8646700667927212
1455,-8.104719711622614,0.8645835997860419
1456,-4.993146365971715,0.8644971414260634
1457,-8.755786665001217,0.8644106917119208
1458,-7.687215547055342,0.8643242506427495
1459,-7.843818879628505,0.8642378182176853
1460,-5.48434410475212,0.8641513944358635
1461,-7.589141510279274,0.8640649792964199
1462,-2.63694141084725,0.8639785727984902
1463,-2.8308414584456156,0.8638921749412104
1464,-7.5798312918778485,0.8638057857237162
1465,-8.807519722328628,0.8637194051451439
1466,-7.221674605419468,0.8636330332046294
1467,-8.234725640504436,0.8635466699013089
1468,-8.533593575193231,0.8634603152343188
1469,-7.2076409530431,0.8633739692027953
1470,-7.172845544109244,0.863287631805875
1471,-7.650187765480219,0.8632013030426944
1472,-7.682022619984294,0.8631149829123901
1473,-8.021573055972873,0.8630286714140989
1474,-6.4980555262922195,0.8629423685469575
1475,-7.201723691768111,0.8628560743101028
1476,-6.998983328080916,0.8627697887026718
1477,-10.430788760439487,0.8626835117238016
1478,-2.7588885071104063,0.8625972433726292
1479,-6.4033154025668475,0.8625109836482919
1480,-4.400089755668769,0.8624247325499271
1481,-8.66673992830076,0.8623384900766722
1482,-6.73741319577335,0.8622522562276645
1483,-7.256675877170869,0.8621660310020418
1484,-7.878995170240032,0.8620798143989417
1485,-7.349742261536413,0.8619936064175018
1486,-5.527619626741128,0.8619074070568601
1487,-6.546012346292089,0.8618212163161544
1488,-7.47026045462205,0.8617350341945228
1489,-3.0212776119489844,0.8616488606911034
1490,-5.68720840739216,0.8615626958050343
1491,-4.547033966458277,0.8614765395354538
1492,-4.24939242023688,0.8613903918815002
1493,-6.237573294226198,0.861304252842312
1494,-1.5427633537344523,0.8612181224170278
1495,-8.080058872281867,0.8611320006047861
1496,-3.2709851182986505,0.8610458874047257
1497,-8.25199639501064,0.8609597828159852
1498,-6.448841750042058,0.8608736868377036
1499,-2.711386401412075,0.8607875994690198
1500,-5.313646492452153,0.8607015207090729
1501,-5.758072316997189,0.8606154505570021
1502,-5.798604493057515,0.8605293890119464
1503,-5.681072817303171,0.8604433360730452
1504,-8.574206582093932,0.860357291739438
1505,-5.012866287459477,0.860271256010264
1506,-6.474853242414969,0.860185228884663
1507,-6.0873812067253406,0.8600992103617745
1508,-11.109194937898408,0.8600132004407384
1509,-8.641306334637466,0.8599271991206943
1510,-6.156102452168825,0.8598412064007822
1511,-7.793835269306824,0.8597552222801421
1512,-7.259666065996699,0.8596692467579141
1513,-6.621309906679873,0.8595832798332383
1514,-8.145523618032232,0.859497321505255
1515,-9.213869381060748,0.8594113717731046
1516,-7.484024475794591,0.8593254306359273
1517,-7.1027158965116275,0.8592394980928637
1518,-3.2450415200056244,0.8591535741430544
1519,-6.547428841733121,0.8590676587856401
1520,-5.658985493405946,0.8589817520197615
1521,-10.164351730650615,0.8588958538445595
1522,-6.347827386869081,0.858809964259175
1523,-8.434799816188463,0.8587240832627491
1524,-6.740714640120795,0.8586382108544228
1525,-6.538716900112468,0.8585523470333374
1526,-9.302127859902813,0.8584664917986341
1527,-9.01605628044986,0.8583806451494542
1528,-9.111284466418567,0.8582948070849393
1529,-7.789728992210957,0.8582089776042309
1530,-5.36435653230042,0.8581231567064704
1531,-9.172541551801416,0.8580373443907998
1532,-7.762757459878903,0.8579515406563607
1533,-8.519767081529617,0.8578657455022951
1534,-9.050815672364278,0.8577799589277448
1535,-8.789945168818104,0.8576941809318521
1536,-6.8337421810347845,0.857608411513759
1537,-8.439564288067588,0.8575226506726076
1538,-8.40463649635965,0.8574368984075403
1539,-7.0017714601268075,0.8573511547176996
1540,-6.141370813749008,0.8572654196022279
1541,-6.436870336148094,0.8571796930602676
1542,-8.176275603342495,0.8570939750909616
1543,-10.241656065884388,0.8570082656934526
1544,-7.55668500863508,0.8569225648668832
1545,-6.941732339261224,0.8568368726103965
1546,-8.886723246164394,0.8567511889231355
1547,-8.804344895573877,0.8566655138042432
1548,-8.28318376776782,0.8565798472528627
1549,-7.607911869417753,0.8564941892681375
1550,-8.54156181670332,0.8564085398492106
1551,-7.171416661758258,0.8563228989952257
1552,-9.193919524501979,0.8562372667053262
1553,-9.347087024880953,0.8561516429786556
1554,-9.984545712236507,0.8560660278143578
1555,-7.30589383715308,0.8559804212115764
1556,-9.30851869763363,0.8558948231694552
1557,-8.920464767156517,0.8558092336871382
1558,-8.333003005219075,0.8557236527637695
1559,-8.119185794138714,0.8556380803984931
1560,-3.3477227615042864,0.8555525165904533
1561,-3.053442735992248,0.8554669613387943
1562,-6.60460029053119,0.8553814146426604
1563,-5.711678059974996,0.8552958765011961
1564,-6.779930232767043,0.855210346913546
1565,-5.374011977326771,0.8551248258788546
1566,-3.7223353572029385,0.8550393133962667
1567,-4.942312941135568,0.854953809464927
1568,-7.713588193957115,0.8548683140839806
1569,-6.0513626356514125,0.8547828272525722
1570,-2.96739082139445,0.854697348969847
1571,-2.3881425296052172,0.85461187923495
1572,-6.823772497174563,0.8545264180470264
1573,-6.684117539691883,0.8544409654052217
1574,-6.961606700184363,0.8543555213086812
1575,-7.16900391413212,0.8542700857565504
1576,-5.397368887093945,0.8541846587479748
1577,-6.641249971351494,0.8540992402820999
1578,-5.876260581375599,0.8540138303580718
1579,-7.1021739123452345,0.853928428975036
1580,-4.317418165956584,0.8538430361321384
1581,-6.145479935888689,0.8537576518285253
1582,-5.360718154760942,0.8536722760633424
1583,-7.1321183695753065,0.8535869088357361
1584,-2.541576461057417,0.8535015501448525
1585,-7.880801022793227,0.8534161999898381
1586,-3.0281483345832063,0.8533308583698391
1587,-5.379405765506114,0.8532455252840021
1588,-5.645387535251265,0.8531602007314737
1589,-6.181123029604016,0.8530748847114006
1590,-5.794846474782469,0.8529895772229295
1591,-6.600987482197607,0.8529042782652072
1592,-5.803119591775324,0.8528189878373807
1593,-6.919746491299128,0.852733705938597
1594,-5.041173095089748,0.8526484325680032
1595,-5.534460331770031,0.8525631677247464
1596,-2.0410306629295403,0.8524779114079739
1597,-3.379375847483903,0.8523926636168331
1598,-3.25437934406631,0.8523074243504714
1599,-7.966587011702424,0.8522221936080363
1600,-5.50840564963651,0.8521369713886755
1601,-8.525283731610475,0.8520517576915366
1602,-8.39113986041225,0.8519665525157675
1603,-8.713399389802849,0.8518813558605159
1604,-8.250166511751459,0.8517961677249299
1605,-3.260500122177244,0.8517109881081575
1606,-8.917254243423457,0.8516258170093467
1607,-3.789535589694681,0.8515406544276458
1608,-7.953581991692602,0.8514555003622031
1609,-7.262462114723013,0.8513703548121668
1610,-9.551286831333874,0.8512852177766856
1611,-2.684103462915778,0.851200089254908
1612,-7.140509242883644,0.8511149692459825
1613,-3.054295956861245,0.8510298577490579
1614,-6.712387072999164,0.850944754763283
1615,-6.752663008609259,0.8508596602878067
1616,-6.183249660878608,0.8507745743217779
1617,-3.370907835251835,0.8506894968643458
1618,-9.067008323936271,0.8506044279146594
1619,-3.9814049870562673,0.850519367471868
1620,-7.4498857514517045,0.8504343155351208
1621,-5.897280860150937,0.8503492721035674
1622,-4.644354120397187,0.850264237176357
1623,-7.578811332958063,0.8501792107526394
1624,-5.014817167909086,0.8500941928315641
1625,-3.272261834477082,0.8500091834122809
1626,-4.600893441030462,0.8499241824939398
1627,-6.468690978155546,0.8498391900756904
1628,-7.413356262499851,0.8497542061566828
1629,-9.80631460477668,0.8496692307360671
1630,-6.783565144735935,0.8495842638129936
1631,-3.6732514368629605,0.8494993053866122
1632,-4.569295630241621,0.8494143554560736
1633,-8.955503380481929,0.849329414020528
1634,-8.196171374311689,0.849244481079126
1635,-4.491454046969912,0.849159556631018
1636,-7.690663200944215,0.849074640675355
1637,-8.777396670827194,0.8489897332112875
1638,-6.640863419972238,0.8489048342379664
1639,-5.068227706058634,0.8488199437545426
1640,-6.219400426718757,0.8487350617601672
1641,-8.514375580785286,0.8486501882539912
1642,-7.666617978841091,0.8485653232351658
1643,-8.67113482437958,0.8484804667028423
1644,-6.2680989616002885,0.848395618656172
1645,-8.695589719415445,0.8483107790943064
1646,-7.024541474146379,0.848225948016397
1647,-9.169493339492124,0.8481411254215954
1648,-7.588493004585523,0.8480563113090532
1649,-6.183665343601662,0.8479715056779223
1650,-8.28000151419615,0.8478867085273546
1651,-6.301908982119105,0.8478019198565019
1652,-8.035057487580696,0.8477171396645162
1653,-7.6546429386144705,0.8476323679505497
1654,-6.58453792803156,0.8475476047137547
1655,-4.437162697147027,0.8474628499532834
1656,-5.975058188416007,0.847378103668288
1657,-7.917612053579104,0.8472933658579213
1658,-6.843018199774315,0.8472086365213355
1659,-8.229642082310374,0.8471239156576834
1660,-3.43139638795903,0.8470392032661177
1661,-3.273152303631267,0.8469544993457911
1662,-6.2606519742152,0.8468698038958565
1663,-2.3452468368411203,0.846785116915467
1664,-4.1120531881771285,0.8467004384037754
1665,-6.583194852145136,0.846615768359935
1666,-7.323199678306175,0.8465311067830991
1667,-5.36436025137907,0.8464464536724208
1668,-3.542449912516791,0.8463618090270535
1669,-6.124754816295191,0.8462771728461508
1670,-3.395313170453573,0.8461925451288662
1671,-3.752729521625604,0.8461079258743534
1672,-7.4408911522752845,0.8460233150817659
1673,-4.807154678595812,0.8459387127502577
1674,-3.7884572523872704,0.8458541188789827
1675,-3.2202135505622764,0.8457695334670947
1676,-4.101479150119879,0.845684956513748
1677,-7.4694696157267,0.8456003880180966
1678,-9.10134801894657,0.8455158279792948
1679,-5.74131679482992,0.8454312763964968
1680,-2.427414690253987,0.8453467332688572
1681,-4.1214245982726245,0.8452621985955303
1682,-7.718887632439656,0.8451776723756708
1683,-5.860088603940994,0.8450931546084332
1684,-6.358402900260596,0.8450086452929724
1685,-4.077738465819533,0.8449241444284431
1686,-6.598404453538505,0.8448396520140002
1687,-3.79499069290967,0.8447551680487988
1688,-7.217664620997865,0.8446706925319939
1689,-6.512560801449098,0.8445862254627408
1690,-7.609080219096949,0.8445017668401945
1691,-7.1614469307500945,0.8444173166635105
1692,-5.882348127244746,0.8443328749318442
1693,-4.927096655170919,0.844248441644351
1694,-6.906743489990747,0.8441640168001866
1695,-3.617409806715748,0.8440796003985066
1696,-9.121671423773805,0.8439951924384668
1697,-6.3233426300126405,0.8439107929192229
1698,-5.997661959046265,0.843826401839931
1699,-7.690227477126816,0.843742019199747
1700,-6.990573526578691,0.843657644997827
1701,-6.926035109589671,0.8435732792333273
1702,-7.030250872293779,0.8434889219054039
1703,-6.78638134331257,0.8434045730132134
1704,-6.170540732891044,0.843320232555912
1705,-2.951122338112393,0.8432359005326565
1706,-8.08202242921233,0.8431515769426032
1707,-7.377672654505503,0.843067261784909
1708,-6.8788196176283005,0.8429829550587306
1709,-6.935186698400188,0.8428986567632247
1710,-5.437895720697366,0.8428143668975484
1711,-5.1124650197162635,0.8427300854608587
1712,-6.450941682038608,0.8426458124523126
1713,-5.947987022049283,0.8425615478710674
1714,-6.479023016306114,0.8424772917162803
1715,-5.382517389853049,0.8423930439871087
1716,-5.287480680961641,0.84230880468271
1717,-3.055149334985736,0.8422245738022417
1718,-3.4950641628766075,0.8421403513448614
1719,-5.156923587476902,0.842056137309727
1720,-7.7545064715340795,0.8419719316959959
1721,-6.196223282178508,0.8418877345028264
1722,-6.062055355821157,0.8418035457293761
1723,-6.596402506711366,0.8417193653748032
1724,-9.280891230484919,0.8416351934382658
1725,-8.187371752875542,0.841551029918922
1726,-5.015008121585376,0.8414668748159301
1727,-8.917445352351187,0.8413827281284485
1728,-7.890685737439539,0.8412985898556357
1729,-7.681073634709312,0.8412144599966501
1730,-7.891967846857568,0.8411303385506504
1731,-8.834694116096312,0.8410462255167954
1732,-7.397535931064645,0.8409621208942437
1733,-8.301280093360656,0.8408780246821543
1734,-6.087793463547548,0.8407939368796862
1735,-9.506513835704762,0.8407098574859982
1736,-8.771051649099373,0.8406257865002497
1737,-9.259978880803537,0.8405417239215996
1738,-6.10275541548488,0.8404576697492075
1739,-8.248659412538352,0.8403736239822326
1740,-8.970004367654587,0.8402895866198343
1741,-6.6492380250818055,0.8402055576611723
1742,-3.6734454815231543,0.8401215371054063
1743,-10.006763460271074,0.8400375249516957
1744,-9.06373582854036,0.8399535211992005
1745,-5.565009057960074,0.8398695258470806
1746,-9.621855653311634,0.8397855388944959
1747,-4.1621658085645805,0.8397015603406065
1748,-2.363854954535414,0.8396175901845725
1749,-8.672375194063559,0.839533628425554
1750,-8.321896554017286,0.8394496750627115
1751,-7.126806003106735,0.8393657300952052
1752,-10.332418580679182,0.8392817935221957
1753,-7.1524200202798065,0.8391978653428435
1754,-3.4724488698896296,0.8391139455563091
1755,-7.856368131077259,0.8390300341617535
1756,-7.383311431942238,0.8389461311583373
1757,-7.713915848418076,0.8388622365452214
1758,-7.3008258714279375,0.8387783503215669
1759,-2.617161186548838,0.8386944724865347
1760,-6.213647235575255,0.838610603039286
1761,-4.802700347789808,0.8385267419789821
1762,-8.916822304110674,0.8384428893047843
1763,-6.092540888539212,0.8383590450158538
1764,-7.144435180575138,0.8382752091113522
1765,-1.8953032450222653,0.8381913815904412
1766,-6.427964822803803,0.8381075624522821
1767,-6.352725833890116,0.8380237516960369
1768,-8.019945722761593,0.8379399493208673
1769,-8.83926288794101,0.8378561553259353
1770,-8.628894458535402,0.8377723697104027
1771,-8.087773183973201,0.8376885924734316
1772,-5.619998623608621,0.8376048236141843
1773,-8.37829080227909,0.837521063131823
1774,-2.739180097565601,0.8374373110255098
1775,-5.018883862662154,0.8373535672944072
1776,-5.068158055229791,0.8372698319376778
1777,-5.245680888790474,0.837186104954484
1778,-6.722030667768866,0.8371023863439886
1779,-5.225274356320928,0.8370186761053542
1780,-8.743918696923089,0.8369349742377437
1781,-5.0687329933837075,0.8368512807403199
1782,-5.7757480135976484,0.8367675956122459
1783,-3.5395030861530303,0.8366839188526847
1784,-6.6532450576281885,0.8366002504607994
1785,-6.044670825118503,0.8365165904357533
1786,-6.981275285923772,0.8364329387767098
1787,-7.126258854467759,0.8363492954828321
1788,-8.122510925168111,0.8362656605532838
1789,-7.953085459028335,0.8361820339872285
1790,-5.313490409142382,0.8360984157838297
1791,-2.9947374730178566,0.8360148059422513
1792,-4.052629361814592,0.8359312044616571
1793,-3.4467313895470504,0.835847611341211
1794,-8.00104635852896,0.8357640265800769
1795,-1.5573693032515719,0.8356804501774189
1796,-7.066253078928862,0.8355968821324011
1797,-4.949817305583559,0.8355133224441879
1798,-2.518133368450559,0.8354297711119435
1799,-7.957354976348702,0.8353462281348323
1800,-6.144750249462602,0.8352626935120188
1801,-8.088524066691084,0.8351791672426676
1802,-6.319665503403048,0.8350956493259434
1803,-5.425301729756738,0.8350121397610107
1804,-7.531087102924527,0.8349286385470347
1805,-5.485572485632324,0.83484514568318
1806,-7.855074110679877,0.8347616611686117
1807,-5.6562057307950475,0.8346781850024949
1808,-5.566548406581511,0.8345947171839947
1809,-4.527787465861008,0.8345112577122763
1810,-5.927989188553157,0.8344278065865051
1811,-6.269888050756015,0.8343443638058464
1812,-6.331151912980301,0.8342609293694658
1813,-7.516361716856311,0.8341775032765288
1814,-9.367046355978205,0.8340940855262012
1815,-5.5301954813137595,0.8340106761176487
1816,-3.556342295373312,0.8339272750500369
1817,-6.426930989667789,0.8338438823225319
1818,-7.674831983992342,0.8337604979342996
1819,-7.534710181723757,0.8336771218845062
1820,-7.85327165311897,0.8335937541723177
1821,-4.247315744548335,0.8335103947969005
1822,-9.106547312011323,0.8334270437574208
1823,-10.343649223747647,0.8333437010530451
1824,-6.825659502486959,0.8332603666829398
1825,-10.367401258493846,0.8331770406462715
1826,-7.997958814528609,0.8330937229422068
1827,-4.886142007866603,0.8330104135699127
1828,-7.402133589202409,0.8329271125285557
1829,-8.35691334349366,0.8328438198173028
1830,-7.266655994417984,0.8327605354353211
1831,-9.034055453277377,0.8326772593817776
1832,-6.691825026528062,0.8325939916558395
1833,-8.905938834151648,0.8325107322566739
1834,-2.6429054224048003,0.8324274811834482
1835,-7.600063582176575,0.8323442384353299
1836,-7.18012742395715,0.8322610040114864
1837,-6.982696853132235,0.8321777779110853
1838,-7.296658728043998,0.8320945601332942
1839,-6.044224998468026,0.8320113506772808
1840,-6.755657678675675,0.8319281495422131
1841,-7.666415913816873,0.8318449567272589
1842,-7.227830083317229,0.8317617722315862
1843,-7.294236603282997,0.831678596054363
1844,-7.267138971028315,0.8315954281947576
1845,-10.133152077411054,0.8315122686519382
1846,-9.586720570445983,0.831429117425073
1847,-9.449081665570592,0.8313459745133305
1848,-5.654818896917595,0.8312628399158791
1849,-7.8902545432738425,0.8311797136318876
1850,-4.86953240707097,0.8310965956605244
1851,-8.682148823862132,0.8310134860009584
1852,-3.2408859223862345,0.8309303846523582
1853,-7.693897590990625,0.830847291613893
1854,-8.259208389288517,0.8307642068847316
1855,-9.89626318071159,0.8306811304640431
1856,-6.233992344806103,0.8305980623509968
1857,-6.477696994319315,0.8305150025447616
1858,-6.592748898861487,0.8304319510445072
1859,-5.9875360989878,0.8303489078494027
1860,-6.148108596211882,0.8302658729586178
1861,-2.7401002695904686,0.8301828463713219
1862,-3.9988860909854367,0.8300998280866848
1863,-7.127744209314086,0.8300168181038762
1864,-5.2528054404241455,0.8299338164220658
1865,-3.997615841649222,0.8298508230404236
1866,-3.426212152161517,0.8297678379581195
1867,-3.630217646637218,0.8296848611743237
1868,-7.079434414567588,0.8296018926882063
1869,-3.7123065937807795,0.8295189324989375
1870,-2.527335376018602,0.8294359806056876
1871,-4.180132508333089,0.829353037007627
1872,-1.8085223335330667,0.8292701017039262
1873,-2.0268767688088998,0.8291871746937558
1874,-4.328230547793208,0.8291042559762865
1875,-8.372782018441912,0.8290213455506888
1876,-6.716912418705122,0.8289384434161338
1877,-7.299560414449228,0.8288555495717922
1878,-6.476175735851406,0.828772664016835
1879,-3.795459026758476,0.8286897867504334
1880,-6.1314706491010496,0.8286069177717583
1881,-5.563802942873384,0.8285240570799811
1882,-5.402140089689045,0.8284412046742732
1883,-1.9529309201481846,0.8283583605538057
1884,-6.4422252697008116,0.8282755247177503
1885,-7.212931414987887,0.8281926971652785
1886,-7.936517846489348,0.828109877895562
1887,-7.626539946917795,0.8280270669077725
1888,-6.08009203617806,0.8279442642010817
1889,-3.4530056618963414,0.8278614697746616
1890,-4.41793161851587,0.8277786836276841
1891,-3.128353025551551,0.8276959057593214
1892,-5.603392423695673,0.8276131361687454
1893,-2.924515879671629,0.8275303748551286
1894,-5.263209972825326,0.8274476218176431
1895,-3.5388227900200824,0.8273648770554614
1896,-7.308185258526165,0.8272821405677558
1897,-5.431365845204559,0.8271994123536991
1898,-6.170505268956571,0.8271166924124638
1899,-7.286411418097149,0.8270339807432225
1900,-6.555937789446526,0.8269512773451482
1901,-4.940693249542374,0.8268685822174137
1902,-7.205506572121683,0.8267858953591919
1903,-6.740419035882013,0.826703216769656
1904,-9.043984553589738,0.826620546447979
1905,-7.354435577946061,0.8265378843933342
1906,-7.733492690787651,0.8264552306048949
1907,-4.72588207449862,0.8263725850818344
1908,-5.170348252274091,0.8262899478233262
1909,-5.260253881718306,0.8262073188285439
1910,-6.29025666194555,0.8261246980966611
1911,-6.100050622459107,0.8260420856268514
1912,-5.631918558952553,0.8259594814182888
1913,-3.2809765679847978,0.8258768854701469
1914,-6.314725810352332,0.8257942977816
1915,-5.577543217378894,0.8257117183518218
1916,-5.650054708400498,0.8256291471799866
1917,-6.846467191234801,0.8255465842652686
1918,-3.0272678233884203,0.8254640296068421
1919,-6.189125994296153,0.8253814832038814
1920,-3.79042771449126,0.825298945055561
1921,-6.2037808879963166,0.8252164151610555
1922,-8.359269316005031,0.8251338935195394
1923,-6.279391577236494,0.8250513801301874
1924,-9.68698155808389,0.8249688749921744
1925,-7.341329320128609,0.8248863781046752
1926,-5.297917173375021,0.8248038894668648
1927,-7.797368348145593,0.8247214090779181
1928,-4.443586528467358,0.8246389369370104
1929,-6.0698798056823176,0.8245564730433167
1930,-6.7390586971724105,0.8244740173960123
1931,-6.249414891098982,0.8243915699942728
1932,-7.629135489784929,0.8243091308372733
1933,-2.588602611505803,0.8242266999241896
1934,-8.811494222794012,0.8241442772541973
1935,-8.487786347169061,0.8240618628264719
1936,-8.660794377705518,0.8239794566401892
1937,-5.235476031781666,0.8238970586945252
1938,-8.558331708504124,0.8238146689886557
1939,-5.414546715965933,0.8237322875217569
1940,-5.300559341315356,0.8236499142930047
1941,-4.620155747617166,0.8235675493015754
1942,-6.784023910733846,0.8234851925466452
1943,-9.14797495553206,0.8234028440273905
1944,-8.325321849750356,0.8233205037429878
1945,-10.690205780831594,0.8232381716926135
1946,-2.6171191225931643,0.8231558478754443
1947,-4.630190736109194,0.8230735322906567
1948,-9.050615892561947,0.8229912249374277
1949,-9.454683332949159,0.822908925814934
1950,-6.930123590492769,0.8228266349223525
1951,-6.557015068798318,0.8227443522588603
1952,-7.958804777792725,0.8226620778236344
1953,-2.9274851659271635,0.822579811615852
1954,-5.923865591132463,0.8224975536346905
1955,-7.034799864526965,0.822415303879327
1956,-4.101628099051075,0.8223330623489391
1957,-5.542978745747759,0.8222508290427042
1958,-6.646828358030889,0.8221686039598
1959,-5.638678822911897,0.822086387099404
1960,-8.095902294562295,0.8220041784606941
1961,-7.558897026168694,0.8219219780428481
1962,-6.844976873100036,0.8218397858450438
1963,-3.985603051410769,0.8217576018664593
1964,-5.0594520502332205,0.8216754261062726
1965,-6.206456504953051,0.821593258563662
1966,-4.692381324762926,0.8215110992378057
1967,-2.0122575423528097,0.8214289481278819
1968,-7.997167914847097,0.8213468052330691
1969,-6.938506816810526,0.8212646705525458
1970,-2.991879216935336,0.8211825440854905
1971,-3.3190293123418826,0.821100425831082
1972,-5.634360007136628,0.8210183157884989
1973,-6.258078881065444,0.8209362139569201
1974,-7.005214319834639,0.8208541203355244
1975,-4.169561613696052,0.8207720349234908
1976,-6.662118573211497,0.8206899577199985
1977,-6.023136937753245,0.8206078887242265
1978,-7.839745932392889,0.8205258279353541
1979,-6.469711985280394,0.8204437753525606
1980,-8.30243418720827,0.8203617309750254
1981,-4.921198998916801,0.8202796948019279
1982,-3.8296897463187056,0.8201976668324477
1983,-5.819425480072319,0.8201156470657645
1984,-5.172596322807187,0.8200336355010579
1985,-8.806685423081433,0.8199516321375078
1986,-5.629308516680866,0.819869636974294
1987,-8.753405900381203,0.8197876500105966
1988,-7.630991300741074,0.8197056712455956
1989,-4.220349966418498,0.819623700678471
1990,-5.705350931237454,0.8195417383084032
1991,-5.516805518730826,0.8194597841345723
1992,-7.234663057196071,0.8193778381561588
1993,-6.89301225885122,0.8192959003723432
1994,-7.573117541606216,0.819213970782306
1995,-5.441055040047251,0.8191320493852278
1996,-7.464775735692494,0.8190501361802892
1997,-5.495979897426942,0.8189682311666712
1998,-8.335039486073608,0.8188863343435545
1999,-8.261521114177489,0.8188044457101201
2000,-2.46405085057086,0.8187225652655491
2001,-9.323391342023214,0.8186406930090225
2002,-6.844359416226009,0.8185588289397216
2003,-7.530580143880494,0.8184769730568277
2004,-7.644125935857015,0.818395125359522
2005,-8.401671050982195,0.818313285846986
2006,-3.5145044668558243,0.8182314545184014
2007,-4.570786930637536,0.8181496313729496
2008,-7.904684549991105,0.8180678164098123
2009,-7.9613404901029305,0.8179860096281714
2010,-8.55369541715438,0.8179042110272086
2011,-8.055577284017984,0.8178224206061059
2012,-4.727004802840737,0.8177406383640453
2013,-3.805099373696944,0.817658864300209
2014,-6.0090091399754275,0.8175770984137789
2015,-9.052964561010736,0.8174953407039375
2016,-7.663133690068429,0.8174135911698671
2017,-8.20842310230423,0.8173318498107501
2018,-9.537278330948919,0.8172501166257691
2019,-8.741644497070544,0.8171683916141065
2020,-2.7732372379766597,0.8170866747749451
2021,-8.29156493004104,0.8170049661074676
2022,-7.1467753721457274,0.8169232656108569
2023,-7.479416856724296,0.8168415732842959
2024,-8.605196563611248,0.8167598891269674
2025,-8.8704972665675,0.8166782131380547
2026,-10.014054549941507,0.8165965453167409
2027,-3.9579162748608696,0.8165148856622092
2028,-4.995651952009162,0.816433234173643
2029,-7.756325622084683,0.8163515908502257
2030,-9.120513684352485,0.8162699556911407
2031,-8.026543995886984,0.8161883286955716
2032,-8.992531534673468,0.8161067098627021
2033,-9.680937446936479,0.8160250991917158
2034,-7.060432084352103,0.8159434966817967
2035,-9.496192079823714,0.8158619023321285
2036,-8.736132885652022,0.8157803161418953
2037,-9.997271428763973,0.8156987381102812
2038,-8.285671938576549,0.8156171682364701
2039,-8.82605251944811,0.8155356065196465
2040,-5.347968852006676,0.8154540529589945
2041,-6.806467495300774,0.8153725075536986
2042,-7.450362679419487,0.8152909703029433
2043,-10.402307348877354,0.815209441205913
2044,-6.952936078878571,0.8151279202617924
2045,-8.518265467153542,0.8150464074697662
2046,-8.938184843891552,0.8149649028290192
2047,-7.288815009662508,0.8148834063387363
2048,-2.940886276057833,0.8148019179981025
2049,-2.9920955506110594,0.8147204378063028
2050,-6.61291911428021,0.8146389657625221
2051,-6.971598526522776,0.8145575018659459
2052,-3.5684266091746273,0.8144760461157593
2053,-6.292968296772062,0.8143945985111477
2054,-5.988970658447483,0.8143131590512966
2055,-9.782029968176403,0.8142317277353915
2056,-5.347653891577524,0.814150304562618
2057,-8.158110521229348,0.8140688895321618
2058,-6.591052260701295,0.8139874826432086
2059,-3.463287208608696,0.8139060838949443
2060,-6.076703422646768,0.8138246932865548
2061,-2.822822208380308,0.8137433108172262
2062,-5.845754530794599,0.8136619364861445
2063,-4.279500178814205,0.8135805702924959
2064,-3.8720323365231644,0.8134992122354666
2065,-5.9452785251595754,0.8134178623142431
2066,-5.5173084673770685,0.8133365205280116
2067,-5.7703166977593,0.8132551868759589
2068,-5.1073368520184665,0.8131738613572713
2069,-6.302523620346854,0.8130925439711356
2070,-7.144180866766273,0.8130112347167385
2071,-6.303910434348632,0.8129299335932668
2072,-5.89714842773449,0.8128486405999075
2073,-6.8290200792693785,0.8127673557358475
2074,-5.72634923788197,0.8126860790002739
2075,-3.4530736257658696,0.8126048103923739
2076,-3.052740740338609,0.8125235499113347
2077,-3.9578387511074298,0.8124422975563436
2078,-4.349922232405961,0.8123610533265879
2079,-7.429986899332318,0.8122798172212553
2080,-3.92591691232927,0.8121985892395331
2081,-7.771732697694911,0.8121173693806092
2082,-7.305762400915178,0.8120361576436711
2083,-5.977739799722594,0.8119549540279067
2084,-6.716650703189451,0.811873758532504
2085,-6.871322900879193,0.8117925711566507
2086,-8.499078819755065,0.811711391899535
2087,-7.381053179852115,0.8116302207603451
2088,-7.942839484988834,0.811549057738269
2089,-6.45517477073766,0.8114679028324951
2090,-3.698173498090133,0.8113867560422119
2091,-3.7353107322415564,0.8113056173666077
2092,-6.479193219111483,0.811224486804871
2093,-7.912477026279,0.8111433643561905
2094,-6.423447910942362,0.8110622500197548
2095,-8.39011787857866,0.8109811437947528
2096,-7.335264092555948,0.8109000456803733
2097,-6.927079339159825,0.8108189556758053
2098,-6.1578631100425225,0.8107378737802378
2099,-5.257889203084471,0.8106567999928598
2100,-6.2874565945263665,0.8105757343128605
2101,-6.05588340623549,0.8104946767394292
2102,-7.6722321383899885,0.8104136272717553
2103,-2.2929637500416638,0.8103325859090281
2104,-2.6580044192561543,0.8102515526504372
2105,-6.298910509328655,0.8101705274951723
2106,-6.871964387753238,0.8100895104424227
2107,-7.547812178026977,0.8100085014913785
2108,-5.489724122691662,0.8099275006412293
2109,-3.8329165017328584,0.8098465078911652
2110,-6.888038498598624,0.8097655232403761
2111,-8.037188628382049,0.8096845466880521
2112,-9.095396418241117,0.8096035782333834
2113,-3.270144676356921,0.80952261787556
2114,-8.491452286812732,0.8094416656137725
2115,-7.441466591992264,0.8093607214472112
2116,-8.737936782294678,0.8092797853750664
2117,-8.238061419603849,0.8091988573965289
2118,-5.710632253663098,0.8091179375107892
2119,-8.739594324165456,0.8090370257170382
2120,-8.248332746610018,0.8089561220144664
2121,-6.923101668757594,0.808875226402265
2122,-5.576368489362119,0.8087943388796247
2123,-4.232520790389389,0.8087134594457368
2124,-9.749415672042474,0.8086325880997922
2125,-7.262702435053913,0.8085517248409823
2126,-8.170362344490732,0.8084708696684981
2127,-4.727811306173905,0.8083900225815313
2128,-2.8451956523174466,0.8083091835792731
2129,-7.01321829674923,0.8082283526609152
2130,-6.467134708601629,0.8081475298256491
2131,-7.3800159016033025,0.8080667150726665
2132,-3.085005663544247,0.8079859084011592
2133,-4.206877549168245,0.8079051098103192
2134,-9.141439402854491,0.8078243192993382
2135,-4.667995697411223,0.8077435368674083
2136,-8.251945472224325,0.8076627625137216
2137,-7.917732584764258,0.8075819962374703
2138,-8.1881081153042,0.8075012380378466
2139,-5.677019635928687,0.8074204879140428
2140,-6.530239308209588,0.8073397458652514
2141,-3.399511999591098,0.8072590118906648
2142,-6.325166441589758,0.8071782859894758
2143,-7.581136983228905,0.8070975681608769
2144,-6.25567551689913,0.8070168584040608
2145,-7.26206329069076,0.8069361567182204
2146,-2.333532307987216,0.8068554631025485
2147,-6.640288252967779,0.8067747775562383
2148,-3.8202542904627554,0.8066941000784826
2149,-1.9376667215301566,0.8066134306684748
2150,-7.686365187314641,0.806532769325408
2151,-4.003806914024507,0.8064521160484754
2152,-6.207998718111342,0.8063714708368706
2153,-5.965217050782838,0.8062908336897868
2154,-5.103688371242059,0.8062102046064179
2155,-2.6625366367066605,0.8061295835859573
2156,-7.327241602589724,0.8060489706275987
2157,-6.48300751131435,0.805968365730536
2158,-6.054450832684984,0.805887768893963
2159,-4.8078042330914625,0.8058071801170735
2160,-8.385751200602845,0.8057265993990619
2161,-8.46577067518643,0.805646026739122
2162,-3.622352291978128,0.8055654621364481
2163,-3.805155088824608,0.8054849055902344
2164,-5.096719493716215,0.8054043570996754
2165,-2.490249994460005,0.8053238166639655
2166,-3.299092720259311,0.8052432842822991
2167,-2.8016366462952087,0.8051627599538709
2168,-6.01025083557065,0.8050822436778755
2169,-5.370506207274041,0.8050017354535077
2170,-6.357257409016459,0.8049212352799624
2171,-2.235627073147978,0.8048407431564344
2172,-5.721255553239958,0.8047602590821188
2173,-6.498621976538403,0.8046797830562106
2174,-1.958598982803342,0.8045993150779049
2175,-6.453172599210607,0.8045188551463972
2176,-5.083659946932148,0.8044384032608826
2177,-4.001601495531973,0.8043579594205564
2178,-2.627728958564611,0.8042775236246144
2179,-6.6973492503689585,0.8041970958722519
2180,-6.401186133904366,0.8041166761626647
2181,-4.405022495816908,0.8040362644950484
2182,-6.880004081704693,0.8039558608685989
2183,-7.319517442914695,0.8038754652825121
2184,-3.4409606967310244,0.8037950777359838
2185,-8.345033300030499,0.8037146982282102
2186,-4.086290299736023,0.8036343267583874
2187,-8.695638553154556,0.8035539633257116
2188,-9.907490260391134,0.803473607929379
2189,-3.9295388520198897,0.8033932605685862
2190,-8.246457365396562,0.8033129212425293
2191,-8.82684599499032,0.803232589950405
2192,-5.9531131548430825,0.80315226669141
2193,-7.536310789460154,0.8030719514647409
2194,-9.402107413466037,0.8029916442695944
2195,-5.6566699059922945,0.8029113451051674
2196,-7.842285215391963,0.8028310539706569
2197,-8.155118150003798,0.8027507708652598
2198,-4.6816566247262426,0.8026704957881733
2199,-7.894494390937671,0.8025902287385944
2200,-8.382619069948236,0.8025099697157205
2201,-7.413010295548736,0.802429718718749
2202,-8.057246267933376,0.8023494757468772
2203,-8.392182924276064,0.8022692407993025
2204,-3.8817045872874947,0.8021890138752226
2205,-3.3975543175663567,0.802108794973835
2206,-3.297621486816326,0.8020285840943376
2207,-2.852247491525089,0.8019483812359283
2208,-9.5348087503191,0.8018681863978047
2209,-7.249804340995606,0.8017879995791649
2210,-8.982197431570937,0.801707820779207
2211,-6.918206337297114,0.8016276499971291
2212,-9.887528025633962,0.8015474872321294
2213,-8.610202497153416,0.8014673324834062
2214,-7.635875744337322,0.8013871857501579
2215,-8.696607350856432,0.8013070470315828
2216,-8.915717347635468,0.8012269163268797
2217,-8.247528539958136,0.801146793635247
2218,-5.830203127421602,0.8010666789558835
2219,-9.488136418914857,0.8009865722879879
2220,-8.165468602724967,0.8009064736307591
2221,-8.7069887785564,0.800826382983396
2222,-9.42728470492389,0.8007463003450978
2223,-6.604551911895689,0.8006662257150633
2224,-7.750752859560254,0.8005861590924918
2225,-10.324920683132236,0.8005061004765825
2226,-7.01002119989215,0.8004260498665349
2227,-6.1557582573647345,0.8003460072615483
2228,-8.52217500103654,0.8002659726608221
2229,-7.382941014434244,0.8001859460635561
2230,-5.048739338536521,0.8001059274689497
2231,-8.351986543149856,0.8000259168762028
2232,-8.752709119054778,0.7999459142845152
2233,-7.062618060502377,0.7998659196930867
2234,-6.65633455960814,0.7997859331011175
2235,-8.268940096298532,0.7997059545078073
2236,-9.426776573298547,0.7996259839123566
2237,-7.660805242146246,0.7995460213139653
2238,-7.330635901217842,0.799466066711834
2239,-9.190891007967593,0.7993861201051627
2240,-8.385470715614744,0.7993061814931522
2241,-9.431454035931136,0.799226250875003
2242,-8.008819382391312,0.7991463282499155
2243,-2.1998315451351313,0.7990664136170905
2244,-2.7967500075291483,0.7989865069757288
2245,-3.7192992436030448,0.7989066083250312
2246,-7.353648909493978,0.7988267176641988
2247,-6.164964798810041,0.7987468349924324
2248,-8.928811279677982,0.7986669603089331
2249,-3.209286654679844,0.7985870936129023
2250,-4.845788286174216,0.7985072349035409
2251,-2.9996136478384186,0.7984273841800505
2252,-6.427650904519236,0.7983475414416326
2253,-5.8511409030722445,0.7982677066874884
2254,-5.242617475822491,0.7981878799168196
2255,-3.883407632657663,0.7981080611288279
2256,-9.25251519442582,0.7980282503227151
2257,-6.669484470880403,0.7979484474976828
2258,-6.496238594623485,0.797868652652933
2259,-7.353829101482334,0.7977888657876677
2260,-4.56694963751257,0.797709086901089
2261,-7.1470698533857355,0.797629315992399
2262,-5.072340214152419,0.7975495530607997
2263,-4.471331644994981,0.7974697981054936
2264,-5.747243592573956,0.7973900511256831
2265,-7.269468470069471,0.7973103121205705
2266,-5.6024914297815975,0.7972305810893584
2267,-6.325662066066082,0.7971508580312495
2268,-8.797170146161118,0.7970711429454465
2269,-4.805771546633705,0.796991435831152
2270,-4.969925006067709,0.7969117366875689
2271,-6.470352632599472,0.7968320455139001
2272,-3.200835047916706,0.7967523623093486
2273,-6.885130280033579,0.7966726870731177
2274,-7.405069775402517,0.7965930198044103
2275,-6.850333252435481,0.7965133605024299
2276,-2.137099111108969,0.7964337091663797
2277,-9.719046201338195,0.7963540657954631
2278,-5.95840901361307,0.7962744303888836
2279,-2.5239341793285495,0.7961948029458447
2280,-4.151528692736381,0.7961151834655501
2281,-9.032519560578578,0.7960355719472035
2282,-7.47406312815714,0.7959559683900088
2283,-6.9128760180345505,0.7958763727931698
2284,-2.3639356937857805,0.7957967851558905
2285,-1.8832582139156517,0.7957172054773749
2286,-8.512214632337997,0.7956376337568272
2287,-7.142258682031403,0.7955580699934515
2288,-8.27827240035643,0.7954785141864521
2289,-7.948939181080644,0.7953989663350335
2290,-6.137341864444979,0.7953194264384
2291,-6.80967227211646,0.7952398944957562
2292,-5.318111900764469,0.7951603705063066
2293,-3.485781207373202,0.795080854469256
2294,-8.888888313557423,0.7950013463838091
2295,-6.292531643613766,0.7949218462491707
2296,-6.619997860246173,0.7948423540645458
2297,-7.268830974156193,0.7947628698291394
2298,-10.34777830561424,0.7946833935421564
2299,-7.9015250973308895,0.7946039252028022
2300,-10.051529337261524,0.7945244648102819
2301,-7.260812420963584,0.7944450123638009
2302,-5.183751206788733,0.7943655678625645
2303,-8.388111788361513,0.7942861313057783
2304,-6.423891131342545,0.7942067026926477
2305,-7.497767275459657,0.7941272820223785
2306,-8.492016764361873,0.7940478692941763
2307,-7.950816847587208,0.7939684645072469
2308,-7.992581157164462,0.7938890676607961
2309,-6.44745771112874,0.7938096787540301
2310,-7.686192850252034,0.7937302977861547
2311,-6.407236598634931,0.7936509247563761
2312,-7.804838123976122,0.7935715596639005
2313,-8.048434110105394,0.7934922025079341
2314,-6.837228732458526,0.7934128532876833
2315,-10.148067489115256,0.7933335120023546
2316,-8.002434521427027,0.7932541786511543
2317,-5.526087047742916,0.7931748532332892
2318,-7.576984480635031,0.7930955357479659
2319,-4.745859811685911,0.793016226194391
2320,-7.803521424628334,0.7929369245717717
2321,-9.044910255427988,0.7928576308793145
2322,-4.942990388581489,0.7927783451162266
2323,-8.318953852768967,0.792699067281715
2324,-8.925265722345623,0.7926197973749869
2325,-7.909429347605511,0.7925405353952494
2326,-7.805737737570914,0.7924612813417099
2327,-8.11109308903054,0.7923820352135758
2328,-7.989410444270409,0.7923027970100543
2329,-7.306199092539364,0.7922235667303533
2330,-9.84663270909449,0.7921443443736803
2331,-8.195531642768021,0.7920651299392429
2332,-6.351194833458136,0.7919859234262491
2333,-7.975666674261836,0.7919067248339065
2334,-5.289785638209343,0.791827534161423
2335,-3.4799186156449444,0.7917483514080069
2336,-7.3240401610279235,0.7916691765728662
2337,-8.37055878152675,0.7915900096552089
2338,-8.68622224528465,0.7915108506542433
2339,-8.866495511595705,0.7914316995691779
2340,-6.4461865751179275,0.791352556399221
2341,-3.5038134769500817,0.791273421143581
2342,-5.296461813235835,0.7911942938014667
2343,-1.9909584284793964,0.7911151743720866
2344,-5.903023772416477,0.7910360628546493
2345,-7.882288704347868,0.7909569592483638
2346,-7.752684521606173,0.790877863552439
2347,-6.769482704713845,0.7907987757660838
2348,-3.4284257816321473,0.7907196958885072
2349,-3.0123286280727353,0.7906406239189183
2350,-2.531242309303889,0.7905615598565264
2351,-3.6747939242861647,0.7904825037005407
2352,-1.917235404962848,0.7904034554501707
2353,-2.5673915850844113,0.7903244151046257
2354,-6.00892334886907,0.7902453826631153
2355,-5.272585946235718,0.790166358124849
2356,-5.557032168094402,0.7900873414890366
2357,-6.104136612726705,0.7900083327548877
2358,-7.308450852530958,0.7899293319216122
2359,-5.015834327833307,0.78985033898842
2360,-1.5601884093787446,0.7897713539545212
2361,-5.696591422755398,0.7896923768191259
2362,-7.476876001051164,0.7896134075814439
2363,-2.9338051190766796,0.7895344462406858
2364,-2.511259935501017,0.7894554927960618
2365,-5.4444436668508445,0.7893765472467822
2366,-6.860291978467349,0.7892976095920575
2367,-6.278277499912194,0.7892186798310983
2368,-8.78574041388862,0.7891397579631152
2369,-6.442061864119835,0.7890608439873189
2370,-7.771420182127075,0.7889819379029201
2371,-5.862648501064435,0.7889030397091299
2372,-2.5379827578315886,0.788824149405159
2373,-6.6184249140479805,0.7887452669902185
2374,-6.740260605334496,0.7886663924635195
2375,-7.197033282633475,0.7885875258242732
2376,-6.837692209938584,0.7885086670716908
2377,-8.997249429987772,0.7884298162049836
2378,-6.9130193468156165,0.7883509732233631
2379,-3.3493217087520497,0.7882721381260408
2380,-7.686979605319602,0.7881933109122282
2381,-7.797801223586617,0.788114491581137
2382,-3.530644226061956,0.7880356801319789
2383,-7.875207263304406,0.7879568765639657
2384,-4.762354607299397,0.7878780808763094
2385,-8.424417365825256,0.7877992930682217
2386,-8.338200255529806,0.7877205131389149
2387,-6.690153608944678,0.787641741087601
2388,-3.623238340155049,0.7875629769134922
2389,-8.65458682863805,0.7874842206158008
2390,-5.979472206544061,0.7874054721937392
2391,-6.277786917347727,0.7873267316465199
2392,-7.594228671730692,0.7872479989733553
2393,-3.2857906169484696,0.787169274173458
2394,-7.328762560253135,0.7870905572460406
2395,-7.725389324562093,0.787011848190316
2396,-7.139070955992753,0.786933147005497
2397,-4.392722001904685,0.7868544536907964
2398,-3.8219871960683474,0.7867757682454274
2399,-8.11153883739647,0.7866970906686028
2400,-7.1516142295708045,0.7866184209595359
2401,-5.0359798325054035,0.78653975911744
2402,-6.8329578459712685,0.7864611051415282
2403,-8.207367839341444,0.7863824590310141
2404,-9.568110077659352,0.7863038207851111
2405,-8.924242962336507,0.7862251904030326
2406,-7.102162159498054,0.7861465678839923
2407,-7.241003805342995,0.7860679532272039
2408,-6.938685458833708,0.7859893464318812
2409,-7.438162334740152,0.7859107474972381
2410,-9.772323190819888,0.7858321564224884
2411,-3.249777392296652,0.7857535732068461
2412,-7.241468211865158,0.7856749978495254
2413,-7.722592738825145,0.7855964303497405
2414,-6.958669968674525,0.7855178707067055
2415,-6.77579565912057,0.7854393189196349
2416,-7.782149010732562,0.7853607749877429
2417,-8.623618477571632,0.7852822389102442
2418,-6.310967022281752,0.7852037106863532
2419,-4.4446176383572835,0.7851251903152846
2420,-8.77776616728179,0.785046677796253
2421,-9.257945149363138,0.7849681731284734
2422,-9.362235998975816,0.7848896763111606
2423,-8.399317606581665,0.7848111873435295
2424,-3.285787250902173,0.7847327062247952
2425,-6.60585720899861,0.7846542329541727
2426,-8.929920840016067,0.7845757675308773
2427,-8.335254630516436,0.7844973099541243
2428,-7.849828560830955,0.7844188602231289
2429,-9.334019915060232,0.7843404183371065
2430,-9.337100230970439,0.7842619842952728
2431,-9.141517115408384,0.7841835580968433
2432,-8.398793890583342,0.7841051397410336
2433,-10.39138826852695,0.7840267292270595
2434,-8.808483214421335,0.7839483265541368
2435,-7.3274822590836255,0.7838699317214814
2436,-8.620159202018332,0.7837915447283094
2437,-8.936517284734224,0.7837131655738365
2438,-7.234773631154172,0.7836347942572791
2439,-8.56597504070958,0.7835564307778534
2440,-2.8768879204842825,0.7834780751347756
2441,-3.306974203161203,0.7833997273272622
2442,-4.063540468427999,0.7833213873545294
2443,-6.521632989319134,0.783243055215794
2444,-2.6011026515194753,0.7831647309102724
2445,-3.9429718041477972,0.7830864144371814
2446,-6.8191514793375045,0.7830081057957377
2447,-9.712654758019138,0.7829298049851581
2448,-2.958671019396868,0.7828515120046595
2449,-6.524254804188133,0.7827732268534591
2450,-5.88218290526893,0.7826949495307738
2451,-4.743222110780342,0.7826166800358207
2452,-5.207014826548938,0.7825384183678171
2453,-3.171097388808569,0.7824601645259803
2454,-3.1034043759460763,0.7823819185095278
2455,-2.570427981154822,0.7823036803176768
2456,-6.495780532226872,0.782225449949645
2457,-3.3058692737874296,0.78214722740465
2458,-2.487741191077453,0.7820690126819095
2459,-6.21442333017308,0.7819908057806414
2460,-6.948705629974393,0.7819126067000634
2461,-6.355956380426981,0.7818344154393934
2462,-6.839854656449559,0.7817562319978494
2463,-3.51116272873607,0.7816780563746496
2464,-5.646212639592029,0.7815998885690122
2465,-7.93102276974851,0.7815217285801553
2466,-3.141983621793935,0.7814435764072973
2467,-5.991775781652267,0.7813654320496566
2468,-4.12891061696576,0.7812872955064516
2469,-7.957626212102721,0.781209166776901
2470,-2.127453367936698,0.7811310458602233
2471,-6.645015532849671,0.7810529327556373
2472,-6.472905017687945,0.7809748274623617
2473,-4.94913782325015,0.7808967299796155
2474,-7.208583738331383,0.7808186403066175
2475,-5.795951698024787,0.7807405584425868
2476,-1.9675205567470546,0.7806624843867426
2477,-6.781198796328005,0.7805844181383039
2478,-2.9954555918144616,0.7805063596964901
2479,-4.505857410086614,0.7804283090605204
2480,-5.676351524435139,0.7803502662296143
2481,-5.857358753030164,0.7802722312029914
2482,-6.322982409810075,0.780194203979871
2483,-6.778564180216813,0.7801161845594731
2484,-4.993408811484521,0.7800381729410172
2485,-5.001974402169517,0.7799601691237231
2486,-6.006472092214985,0.7798821731068107
2487,-6.9217462908820675,0.7798041848895001
2488,-6.63217576669931,0.7797262044710112
2489,-4.929437327759763,0.7796482318505641
2490,-7.959163843918908,0.7795702670273791
2491,-5.351846378257665,0.7794923100006763
2492,-6.174652543887308,0.7794143607696763
2493,-6.496030632932766,0.7793364193335993
2494,-5.5940411236864716,0.779258485691666
2495,-5.479960676890819,0.7791805598430969
2496,-5.077826945361828,0.7791026417871125
2497,-6.499749872442655,0.7790247315229338
2498,-5.728448798100324,0.7789468290497815
2499,-1.7038411147246453,0.7788689343668765
2500,-6.089247552299417,0.7787910474734399
2501,-7.060201650979392,0.7787131683686925
2502,-7.81240890864586,0.7786352970518556
2503,-8.73614703024288,0.7785574335221505
2504,-2.6960987328000012,0.7784795777787983
2505,-8.429638396192539,0.7784017298210204
2506,-3.2336714867612013,0.7783238896480383
2507,-9.015081778661646,0.7782460572590736
2508,-7.141417012358544,0.7781682326533477
2509,-6.728767577279553,0.7780904158300823
2510,-7.009611230135373,0.7780126067884993
2511,-6.729515437922375,0.7779348055278205
2512,-7.161576709602702,0.7778570120472676
2513,-6.3110901111597695,0.7777792263460629
2514,-3.9063965851327955,0.7777014484234283
2515,-6.606621966062402,0.7776236782785859
2516,-7.024857181664627,0.7775459159107581
2517,-3.9629789396558577,0.777468161319167
2518,-6.601027137769014,0.777390414503035
2519,-10.756649424752899,0.7773126754615848
2520,-8.501792067728289,0.7772349441940386
2521,-8.68345422141618,0.7771572206996192
2522,-6.759865801595982,0.7770795049775493
2523,-6.934254368278147,0.7770017970270515
2524,-3.7295988734523786,0.7769240968473489
2525,-8.720429965721637,0.7768464044376642
2526,-5.232934147985531,0.7767687197972204
2527,-6.518349449204035,0.7766910429252407
2528,-8.174440984143772,0.7766133738209482
2529,-9.689428949800613,0.7765357124835661
2530,-6.43316118668196,0.7764580589123178
2531,-7.896829958414756,0.7763804131064266
2532,-8.59535084462211,0.7763027750651159
2533,-8.236495074909707,0.7762251447876094
2534,-6.868804544823462,0.7761475222731307
2535,-3.486461093189627,0.7760699075209033
2536,-7.667363257413555,0.7759923005301512
2537,-6.972725003912531,0.7759147013000982
2538,-6.650668808770171,0.7758371098299682
2539,-4.321056477265939,0.7757595261189852
2540,-8.686836842300355,0.7756819501663733
2541,-9.06417250498388,0.7756043819713567
2542,-2.31994882287022,0.7755268215331595
2543,-4.646400751731876,0.7754492688510063
2544,-4.56309723598593,0.7753717239241212
2545,-5.5932406873653555,0.7752941867517288
2546,-7.435579722530434,0.7752166573330537
2547,-5.218956935745171,0.7751391356673204
2548,-6.514037727676301,0.7750616217537537
2549,-7.0432754841153145,0.7749841155915783
2550,-2.459876910364369,0.7749066171800192
2551,-2.7838922423890775,0.7748291265183012
2552,-5.279659197215548,0.7747516436056493
2553,-5.199573931761007,0.7746741684412888
2554,-4.957908534005478,0.7745967010244447
2555,-8.227166281443015,0.7745192413543422
2556,-5.846645907519219,0.7744417894302068
2557,-7.902230717673269,0.7743643452512637
2558,-5.243547249604048,0.7742869088167387
2559,-6.643546340172847,0.774209480125857
2560,-5.788776166604098,0.7741320591778444
2561,-5.590197562746276,0.7740546459719266
2562,-6.153567445151295,0.7739772405073294
2563,-4.983537280928763,0.7738998427832787
2564,-2.0591936378544826,0.7738224527990004
2565,-7.174227727510022,0.7737450705537205
2566,-7.0258096608208,0.7736676960466652
2567,-5.01091466217135,0.7735903292770605
2568,-7.99068947495464,0.7735129702441328
2569,-8.255893325530998,0.7734356189471084
2570,-2.074409017975345,0.7733582753852137
2571,-7.645246043027386,0.7732809395576752
2572,-6.283989463448786,0.7732036114637194
2573,-6.908442130373008,0.773126291102573
2574,-8.400543934350985,0.7730489784734628
2575,-7.926153378166437,0.7729716735756155
2576,-5.57486966173749,0.7728943764082579
2577,-8.929706113652898,0.772817086970617
2578,-8.852191944858475,0.77273980526192
2579,-8.017913624424233,0.7726625312813938
2580,-9.378977935620435,0.7725852650282657
2581,-2.758350495979297,0.7725080065017629
2582,-9.665513821381275,0.7724307557011127
2583,-5.169348809338864,0.7723535126255426
2584,-8.226515118798522,0.77227627727428
2585,-7.822979118407594,0.7721990496465526
2586,-7.203488355317509,0.7721218297415879
2587,-7.893815005910147,0.7720446175586138
2588,-7.927788135122944,0.7719674130968579
2589,-7.479213336747906,0.7718902163555482
2590,-10.162020701716244,0.7718130273339127
2591,-7.952404056916988,0.7717358460311793
2592,-7.677677780166921,0.7716586724465762
2593,-9.01937088875361,0.7715815065793316
2594,-4.975249599241735,0.7715043484286737
2595,-3.7756292163430674,0.7714271979938307
2596,-6.786723067517788,0.7713500552740313
2597,-8.694384771372746,0.7712729202685039
2598,-7.523792184059259,0.7711957929764771
2599,-4.6060070969647064,0.7711186733971794
2600,-4.848337820860739,0.7710415615298397
2601,-3.513313304629999,0.7709644573736867
2602,-4.060285548410131,0.7708873609279493
2603,-7.709956308008809,0.7708102721918565
2604,-6.212939952572951,0.7707331911646373
2605,-7.652504774485963,0.7706561178455209
2606,-4.798213391521986,0.7705790522337364
2607,-6.338498009648478,0.770501994328513
2608,-8.171069307078113,0.7704249441290801
2609,-8.602052544322262,0.7703479016346673
2610,-6.535738302497223,0.7702708668445039
2611,-4.566503861481458,0.7701938397578194
2612,-6.284934950462235,0.7701168203738437
2613,-6.8448495804383525,0.7700398086918063
2614,-8.651852580802142,0.7699628047109371
2615,-9.051225764869463,0.7698858084304661
2616,-9.107324708341263,0.769808819849623
2617,-7.435470230786574,0.7697318389676381
2618,-4.693761964450271,0.7696548657837413
2619,-7.885347258751587,0.769577900297163
2620,-7.964190033243653,0.7695009425071333
2621,-8.63188171843099,0.7694239924128826
2622,-5.863732979439417,0.7693470500136413
2623,-8.407228879768558,0.76927011530864
2624,-8.667171463630742,0.7691931882971091
2625,-8.188767478260452,0.7691162689782794
2626,-5.475453047045837,0.7690393573513816
2627,-9.224958388974333,0.7689624534156465
2628,-7.933147107451672,0.7688855571703049
2629,-7.888578056555355,0.768808668614588
2630,-8.632545643896012,0.7687317877477265
2631,-8.208062783107017,0.7686549145689517
2632,-6.557855210901572,0.7685780490774948
2633,-8.752256423095956,0.7685011912725871
2634,-3.643173024164387,0.7684243411534598
2635,-3.738667673345387,0.7683474987193445
2636,-3.67594193436988,0.7682706639694725
2637,-3.313219849427454,0.7681938369030756
2638,-9.722694425260567,0.7681170175193853
2639,-3.6029482841793805,0.7680402058176334
2640,-5.53520055437792,0.7679634017970517
2641,-7.609465207628945,0.767886605456872
2642,-8.773681847976434,0.7678098167963263
2643,-8.57252612201091,0.7677330358146467
2644,-5.592290210218185,0.7676562625110652
2645,-7.661621233692884,0.7675794968848141
2646,-6.989344237658401,0.7675027389351257
2647,-3.7924195892068444,0.7674259886612321
2648,-8.150840316266624,0.767349246062366
2649,-4.475394043502313,0.7672725111377597
2650,-4.129424414758938,0.767195783886646
2651,-3.4523084909649207,0.7671190643082574
2652,-4.3106976709330835,0.7670423524018266
2653,-7.469769414083373,0.7669656481665864
2654,-6.3560058070450935,0.7668889516017697
2655,-6.300443488332732,0.7668122627066095
2656,-3.102987037986047,0.7667355814803388
2657,-5.690645521735117,0.7666589079221908
2658,-6.723657587667386,0.7665822420313986
2659,-5.509272559325986,0.7665055838071955
2660,-7.904760353400146,0.7664289332488148
2661,-4.972791785233709,0.7663522903554899
2662,-6.906941684808467,0.7662756551264543
2663,-3.8740404085857354,0.7661990275609417
2664,-6.7530667179362895,0.7661224076581856
2665,-6.692610200054717,0.7660457954174198
2666,-8.062048666219361,0.7659691908378781
2667,-3.1527939720214926,0.7658925939187943
2668,-6.5279304350569545,0.7658160046594024
2669,-7.22825998690436,0.7657394230589364
2670,-5.6800597572645195,0.7656628491166305
2671,-6.041056457850158,0.7655862828317188
2672,-8.470962499477931,0.7655097242034357
2673,-6.216899729639123,0.7654331732310153
2674,-6.737252199804356,0.7653566299136922
2675,-6.360574789070008,0.7652800942507009
2676,-7.395332880565964,0.7652035662412758
2677,-6.926035109589671,0.7651270458846517
2678,-8.990090033599742,0.7650505331800633
2679,-5.225963387775641,0.7649740281267453
2680,-3.08132838243844,0.7648975307239326
2681,-2.951122338112393,0.7648210409708602
2682,-3.7050303530335307,0.7647445588667632
2683,-6.06126749772678,0.7646680844108765
2684,-6.839536675485723,0.7645916176024354
2685,-8.05930514465697,0.7645151584406752
2686,-2.6378282490337677,0.7644387069248312
2687,-6.369663120992556,0.7643622630541387
2688,-6.601422861297786,0.7642858268278333
2689,-5.616074541176469,0.7642093982451506
2690,-6.237803865909603,0.764132977305326
2691,-5.626630783978462,0.7640565640075955
2692,-3.2459723732778523,0.7639801583511947
2693,-5.222433850639607,0.7639037603353596
2694,-3.524932185332607,0.763827369959326
2695,-5.304850764792963,0.76375098722233
2696,-4.073647190558451,0.7636746121236078
2697,-8.604398763930941,0.7635982446623955
2698,-9.265190653606414,0.7635218848379293
2699,-7.259558995495727,0.7634455326494455
2700,-6.886531629870941,0.7633691880961806
2701,-9.918628962489652,0.763292851177371
2702,-10.09182711798711,0.7632165218922533
2703,-10.051639029929156,0.7631402002400641
2704,-9.218796342161518,0.7630638862200402
2705,-7.696110342718526,0.7629875798314182
2706,-9.418358653028932,0.7629112810734351
2707,-8.099564060302647,0.7628349899453277
2708,-7.86372490671377,0.7627587064463331
2709,-3.9471130170324815,0.7626824305756885
2710,-7.501835323566461,0.762606162332631
2711,-8.434515432782039,0.7625299017163978
2712,-4.65281211728874,0.7624536487262261
2713,-10.098679115053368,0.7623774033613535
2714,-6.603747391896359,0.7623011656210174
2715,-8.410277903280697,0.7622249355044552
2716,-8.195909249152717,0.7621487130109048
2717,-6.348981689526238,0.7620724981396038
2718,-6.85212873088793,0.7619962908897898
2719,-9.323452653160121,0.7619200912607008
2720,-9.686082422415105,0.7618438992515748
2721,-10.554523992176772,0.7617677148616496
2722,-8.782833679394216,0.7616915380901634
2723,-7.291190518907083,0.7616153689363544
2724,-7.112820130000935,0.7615392073994608
2725,-8.898776995262217,0.7614630534787209
2726,-6.33961871913817,0.761386907173373
2727,-8.675217231336642,0.7613107684826557
2728,-6.9902511790883715,0.7612346374058074
2729,-5.988316899677792,0.7611585139420669
2730,-7.7406992938195645,0.7610823980906727
2731,-9.070855159524125,0.7610062898508636
2732,-1.9137718252737717,0.7609301892218785
2733,-7.213337866968857,0.7608540962029563
2734,-7.052532150354116,0.760778010793336
2735,-6.653244185302135,0.7607019329922566
2736,-7.061220681843961,0.7606258627989574
2737,-7.0617719714833145,0.7605498002126775
2738,-7.146025084195849,0.7604737452326562
2739,-5.603394645733246,0.7603976978581329
2740,-6.71255330781,0.7603216580883472
2741,-7.618183418120585,0.7602456259225383
2742,-2.771275666482813,0.760169601359946
2743,-5.502057359613424,0.76009358439981
2744,-5.845051275531254,0.76001757504137
2745,-7.459238401587775,0.7599415732838659
2746,-5.805749643318146,0.7598655791265375
2747,-1.8394653310724844,0.7597895925686249
2748,-4.953552301454898,0.7597136136093681
2749,-5.640413829838716,0.7596376422480071
2750,-6.0604961235637065,0.7595616784837823
2751,-6.097439545349474,0.7594857223159339
2752,-6.124027568688449,0.7594097737437023
2753,-6.745106686852207,0.7593338327663279
2754,-1.8928467339543193,0.7592578993830513
2755,-5.151540044871723,0.759181973593113
2756,-2.6065710231208334,0.7591060553957537
2757,-5.758843624420134,0.7590301447902141
2758,-6.673287808611752,0.7589542417757351
2759,-6.489579732960806,0.7588783463515576
2760,-6.898726683944337,0.7588024585169224
2761,-4.190570197793615,0.7587265782710707
2762,-6.273151265858372,0.7586507056132437
2763,-5.209540732879562,0.7585748405426823
2764,-4.388092642508793,0.7584989830586281
2765,-5.284566181848911,0.7584231331603222
2766,-3.697980082684244,0.7583472908470061
2767,-6.30954550086615,0.7582714561179215
2768,-6.002997718710104,0.7581956289723096
2769,-4.613583428752129,0.7581198094094124
2770,-5.986593509897631,0.7580439974284714
2771,-5.505271467464972,0.7579681930287285
2772,-6.811106189567248,0.7578923962094257
2773,-7.6855644218417485,0.7578166069698048
2774,-5.8204432567962225,0.7577408253091078
2775,-8.35434549677346,0.7576650512265769
2776,-1.5294885491854857,0.7575892847214543
2777,-5.564702496303973,0.7575135257929821
2778,-8.123164235509282,0.7574377744404028
2779,-4.5246185044123415,0.7573620306629588
2780,-6.647305137257829,0.7572862944598925
2781,-5.0853942873692315,0.7572105658304465
2782,-2.4873074335715932,0.7571348447738635
2783,-8.54618392633586,0.7570591312893862
2784,-7.371532922771598,0.7569834253762573
2785,-8.925519034519507,0.7569077270337197
2786,-8.294417039754212,0.7568320362610162
2787,-3.1704092876401333,0.7567563530573902
2788,-4.866851797615489,0.7566806774220844
2789,-6.038538835727083,0.7566050093543423
2790,-9.266863135289025,0.7565293488534068
2791,-2.0184455995320403,0.7564536959185215
2792,-4.997445755021125,0.7563780505489297
2793,-7.861093823829812,0.7563024127438748
2794,-7.745074250559443,0.7562267825026004
2795,-6.4522723745818,0.7561511598243502
2796,-9.199991864638367,0.7560755447083678
2797,-3.84799845312769,0.755999937153897
2798,-4.682733343434191,0.7559243371601816
2799,-7.535739662858369,0.7558487447264656
2800,-6.616799979805219,0.7557731598519929
2801,-8.219532882366625,0.7556975825360077
2802,-9.33305340133389,0.7556220127777541
2803,-10.720559572718171,0.7555464505764763
2804,-8.023026555442327,0.7554708959314187
2805,-8.489654678055668,0.7553953488418256
2806,-6.441595246714679,0.7553198093069414
2807,-9.073247752542859,0.7552442773260107
2808,-6.89409418496121,0.7551687528982781
2809,-7.273166408445228,0.7550932360229883
2810,-6.036424734203499,0.7550177266993859
2811,-7.765580600221617,0.754942224926716
2812,-6.739993484972787,0.7548667307042234
2813,-8.684436409752799,0.7547912440311529
2814,-7.978883446247868,0.7547157649067499
2815,-7.955205899982224,0.7546402933302592
2816,-9.522727096636544,0.7545648293009262
2817,-6.149031109393284,0.7544893728179961
2818,-7.376261369306937,0.7544139238807143
2819,-5.0467851521372875,0.7543384824883262
2820,-9.087608774180481,0.7542630486400774
2821,-8.836468889597391,0.7541876223352134
2822,-8.451876834692683,0.7541122035729799
2823,-7.600752015174171,0.7540367923526227
2824,-6.409053403567558,0.7539613886733874
2825,-8.321508403562312,0.75388599253452
2826,-9.346517782164781,0.7538106039352666
2827,-8.911221914674229,0.753735222874873
2828,-11.193291789949289,0.7536598493525856
2829,-4.733920410926141,0.7535844833676503
2830,-6.318373617180829,0.7535091249193135
2831,-5.769150100564741,0.7534337740068217
2832,-6.788060588061786,0.753358430629421
2833,-6.43308498617237,0.753283094786358
2834,-2.0671807628983805,0.7532077664768794
2835,-3.6115555042471637,0.7531324457002317
2836,-5.896397463192065,0.7530571324556617
2837,-8.581300838250485,0.7529818267424162
2838,-7.233774666346704,0.7529065285597419
2839,-4.091084215298129,0.752831237906886
2840,-7.2975473678802905,0.7527559547830953
2841,-8.150850572110663,0.752680679187617
2842,-4.830057893935342,0.7526054111196983
2843,-8.257194576436373,0.7525301505785863
2844,-7.656094584262886,0.7524548975635285
2845,-6.045746027039761,0.7523796520737721
2846,-7.032663366072431,0.7523044141085647
2847,-5.529089383143527,0.7522291836671539
2848,-6.667065952905646,0.7521539607487872
2849,-6.408800436230484,0.7520787453527122
2850,-7.107934752780383,0.7520035374781769
2851,-4.231673386698973,0.7519283371244291
2852,-6.755639277080734,0.7518531442907166
2853,-7.22472890533907,0.7517779589762875
2854,-6.020402702916234,0.7517027811803899
2855,-6.468219160359376,0.7516276109022719
2856,-6.267072785101788,0.7515524481411817
2857,-8.062022599578272,0.7514772928963676
2858,-5.246595038545992,0.7514021451670779
2859,-6.414228219428116,0.7513270049525612
2860,-7.612532809007701,0.751251872252066
2861,-6.668280833201526,0.7511767470648408
2862,-3.1076436036814172,0.7511016293901344
2863,-4.341850527713154,0.7510265192271953
2864,-7.055481413331606,0.7509514165752726
2865,-6.179135801428215,0.7508763214336152
2866,-8.544478757258727,0.7508012338014718
2867,-6.476030984864402,0.7507261536780917
2868,-1.6887090518893937,0.7506510810627239
2869,-5.165768851711483,0.7505760159546176
2870,-7.340864979295826,0.7505009583530222
2871,-8.243838163848501,0.7504259082571869
2872,-2.9875010257824393,0.7503508656663612
2873,-7.492803651844633,0.7502758305797946
2874,-5.479512791038433,0.7502008029967366
2875,-6.41213482147454,0.750125782916437
2876,-3.6764068828657734,0.7500507703381453
2877,-9.362991528656478,0.7499757652611114
2878,-3.928157989655269,0.7499007676845854
2879,-7.523346306782766,0.7498257776078169
2880,-9.380288586276134,0.7497507950300561
2881,-3.8138061495937885,0.7496758199505531
2882,-6.562756992114316,0.749600852368558
2883,-9.343491845011144,0.7495258922833211
2884,-7.6815263162917065,0.7494509396940928
2885,-9.07905764696276,0.7493759946001234
2886,-10.332281681766538,0.7493010570006634
2887,-7.51416187316517,0.7492261268949634
2888,-8.237598940250525,0.7491512042822739
2889,-7.574112744049227,0.7490762891618457
2890,-6.390774102463261,0.7490013815329295
2891,-8.119901112541164,0.7489264813947762
2892,-9.330952103152876,0.7488515887466368
2893,-8.704547364356195,0.7487767035877622
2894,-6.79727722335128,0.7487018259174034
2895,-8.930802656089572,0.7486269557348116
2896,-10.300309621157533,0.7485520930392382
2897,-7.607441506607001,0.7484772378299342
2898,-6.954242264491002,0.7484023901061513
2899,-3.8108721000861316,0.7483275498671407
2900,-7.688608223141786,0.748252717112154
2901,-7.6038896581518065,0.7481778918404428
2902,-7.420413342970411,0.7481030740512588
2903,-9.87081187470245,0.7480282637438537
2904,-8.55657826180179,0.7479534609174793
2905,-7.41836421731154,0.7478786655713875
2906,-4.770144087137901,0.7478038777048304
2907,-7.4976185727679745,0.7477290973170599
2908,-11.026658562304164,0.7476543244073283
2909,-9.89822198653452,0.7475795589748876
2910,-5.242163943410178,0.7475048010189901
2911,-8.183207396975423,0.7474300505388882
2912,-9.06078284107164,0.7473553075338344
2913,-7.622022413455747,0.7472805720030811
2914,-9.993568130944805,0.7472058439458807
2915,-8.600185800731122,0.7471311233614861
2916,-6.987005598475978,0.74705641024915
2917,-8.296315432004086,0.7469817046081252
2918,-11.221095545773668,0.7469070064376644
2919,-7.260510671168617,0.7468323157370206
2920,-7.6979543116680675,0.7467576325054469
2921,-9.89571905628455,0.7466829567421964
2922,-8.567183703490864,0.7466082884465222
2923,-8.698092108673265,0.7465336276176775
2924,-6.73180848149481,0.7464589742549157
2925,-8.331014818223322,0.7463843283574902
2926,-8.479972597409322,0.7463096899246545
2927,-1.8328210719634435,0.7462350589556621
2928,-5.833719328672489,0.7461604354497665
2929,-2.806565609301953,0.7460858194062215
2930,-5.280234216161254,0.7460112108242809
2931,-6.926420992595953,0.7459366097031985
2932,-3.6658836804653165,0.7458620160422282
2933,-6.717446050046086,0.7457874298406241
2934,-9.400999108171895,0.7457128510976401
2935,-3.579094875791077,0.7456382798125303
2936,-6.188294826091515,0.7455637159845491
2937,-4.139213481109592,0.7454891596129506
2938,-5.342809155229971,0.7454146106969893
2939,-2.6661192798255837,0.7453400692359197
2940,-5.4958859654312215,0.7452655352289961
2941,-8.012669254256698,0.7451910086754732
2942,-5.7622403306894086,0.7451164895746056
2943,-5.451776619044303,0.7450419779256482
2944,-7.02871307796843,0.7449674737278557
2945,-3.9330611355225376,0.7448929769804828
2946,-4.896016120954205,0.7448184876827848
2947,-4.931026944494529,0.7447440058340166
2948,-5.647722821726908,0.7446695314334332
2949,-4.708093252560156,0.7445950644802899
2950,-5.957258851713451,0.7445206049738419
2951,-6.537174321205086,0.7444461529133445
2952,-5.389385705574869,0.7443717082980531
2953,-4.874659400932115,0.7442972711272233
2954,-5.662151627662413,0.7442228414001106
2955,-4.526900597946326,0.7441484191159706
2956,-3.266529089724118,0.744074004274059
2957,-3.179244069302528,0.7439995968736316
2958,-2.5379827578315886,0.7439251969139442
2959,-7.282882395482635,0.7438508043942528
2960,-2.55013022431341,0.7437764193138133
2961,-6.180001500179062,0.7437020416718819
2962,-2.774275826558756,0.7436276714677147
2963,-6.940821900512561,0.7435533087005679
2964,-7.011109571324932,0.7434789533696978
2965,-3.3493217087520497,0.7434046054743608
2966,-9.194286951281796,0.7433302650138134
2967,-6.096870148479901,0.743255931987312
2968,-4.409735886127581,0.7431816063941132
2969,-7.283272396990084,0.7431072882334738
2970,-5.899948668906387,0.7430329775046505
2971,-9.506980294014365,0.7429586742069
2972,-4.499849698544169,0.7428843783394793
2973,-5.491205326649223,0.7428100899016453
2974,-2.0616849721521615,0.7427358088926551
2975,-8.660854507732129,0.7426615353117658
2976,-6.988152585193386,0.7425872691582347
2977,-7.016394363552183,0.7425130104313189
2978,-4.901777109690303,0.7424387591302758
2979,-8.374334441894018,0.7423645152543628
2980,-9.163454760915378,0.7422902788028374
2981,-7.791889344051374,0.7422160497749571
2982,-9.83389301639502,0.7421418281699796
2983,-8.17878490951337,0.7420676139871627
2984,-8.643830616440436,0.741993407225764
2985,-10.06636049762566,0.7419192078850414
2986,-6.765359097038882,0.7418450159642529
2987,-2.576116507196198,0.7417708314626564
2988,-6.842935935712385,0.7416966543795102
2989,-8.971477234702165,0.7416224847140722
2990,-9.106255915619238,0.7415483224656008
2991,-8.225048215920097,0.7414741676333542
2992,-9.233796882589862,0.7414000202165908
2993,-9.013329898736956,0.7413258802145691
2994,-7.624300450766016,0.7412517476265477
2995,-9.037691353030155,0.741177622451785
2996,-6.950624072555074,0.7411035046895398
2997,-9.112921940770333,0.7410293943390709
2998,-6.897468436813179,0.740955291399637
2999,-8.445985269531683,0.7408811958704971
3000,-7.755718731607365,0.74080710775091
3001,-7.350729659195023,0.7407330270401349
3002,-7.022129864514421,0.7406589537374308
3003,-7.4708415108666975,0.7405848878420571
3004,-9.216456241340232,0.740510829353273
3005,-9.053796043433897,0.7404367782703376
3006,-7.703686850347429,0.7403627345925106
3007,-8.206757400509089,0.7402886983190513
3008,-7.884077812630215,0.7402146694492194
3009,-6.671734534859069,0.7401406479822745
3010,-6.6571049374742275,0.7400666339174763
3011,-9.047858012758105,0.7399926272540845
3012,-8.85953817102876,0.7399186279913591
3013,-5.478708573280147,0.73984463612856
3014,-7.920217228436407,0.7397706516649472
3015,-8.731362058678355,0.7396966745997806
3016,-8.44810962155665,0.7396227049323206
3017,-7.077571673513331,0.7395487426618274
3018,-7.626484169533175,0.7394747877875611
3019,-9.536578032048265,0.7394008403087824
3020,-8.639319706651875,0.7393269002247516
3021,-9.356310588267016,0.7392529675347291
3022,-8.867395646476771,0.7391790422379757
3023,-8.98861335977423,0.7391051243337519
3024,-8.81692928385332,0.7390312138213185
3025,-9.105525191291282,0.7389573106999364
3026,-2.654852941536678,0.7388834149688664
3027,-2.4697615995289874,0.7388095266273695
3028,-3.009904961841532,0.7387356456747068
3029,-3.5513267068655883,0.7386617721101394
3030,-2.7181113037381097,0.7385879059329283
3031,-3.4874426685426645,0.738514047142335
3032,-3.497119315402871,0.7384401957376208
3033,-6.928893248636347,0.738366351718047
3034,-3.3697433301186117,0.7382925150828752
3035,-3.2622412163680354,0.738218685831367
3036,-7.9761090154376015,0.7381448639627838
3037,-5.549156021577255,0.7380710494763875
3038,-5.7551368269414365,0.7379972423714398
3039,-6.3699816725691285,0.7379234426472027
3040,-6.260042238355976,0.7378496503029379
3041,-7.194097189030151,0.7377758653379076
3042,-8.24774138800212,0.7377020877513738
3043,-6.786691856280251,0.7376283175425987
3044,-5.634131310909409,0.7375545547108445
3045,-6.962603184207,0.7374807992553735
3046,-5.133216101198293,0.7374070511754479
3047,-8.499036344773597,0.7373333104703303
3048,-5.506636524234379,0.7372595771392834
3049,-6.436636140034756,0.7371858511815694
3050,-8.115206570566937,0.7371121325964513
3051,-4.0813227457260925,0.7370384213831916
3052,-8.743015879087658,0.7369647175410533
3053,-8.570314035483936,0.7368910210692992
3054,-6.775667640799476,0.7368173319671922
3055,-7.486166464240714,0.7367436502339956
3056,-4.592686202499939,0.7366699758689722
3057,-9.299265840541864,0.7365963088713853
3058,-2.334808554310648,0.7365226492404982
3059,-2.313824015355891,0.7364489969755741
3060,-7.245060312717876,0.7363753520758766
3061,-9.515856246089182,0.736301714540669
3062,-8.098617501281865,0.7362280843692149
3063,-9.07239934748485,0.736154461560778
3064,-6.554047840823106,0.736080846114622
3065,-8.111442321925535,0.7360072380300106
3066,-8.354290424103791,0.7359336373062075
3067,-9.17950727475959,0.735860043942477
3068,-8.881373658185955,0.7357864579380827
3069,-7.213973370280485,0.7357128792922889
3070,-7.079612744479935,0.7356393080043597
3071,-7.333747321201644,0.7355657440735593
3072,-6.1678486467592055,0.735492187499152
3073,-8.925934800527859,0.7354186382804021
3074,-9.605519856439939,0.7353450964165741
3075,-6.863446936683471,0.7352715619069324
3076,-7.672556260498206,0.7351980347507417
3077,-7.851514740910288,0.7351245149472667
3078,-9.205694938644225,0.735051002495772
3079,-7.498330485854878,0.7349774973955224
3080,-8.695073402873174,0.7349039996457829
3081,-5.999544990944043,0.7348305092458184
3082,-9.15119966969102,0.7347570261948938
3083,-8.393418367087797,0.7346835504922743
3084,-10.148014733794884,0.7346100821372251
3085,-8.54069819299978,0.7345366211290114
3086,-8.80873237505255,0.7344631674668985
3087,-10.10600330399444,0.7343897211501519
3088,-10.407761893354479,0.7343162821780369
3089,-10.290092101261488,0.7342428505498191
3090,-8.162048602230733,0.7341694262647641
3091,-7.512803321321337,0.7340960093221377
3092,-8.960630933084772,0.7340225997212055
3093,-8.61761679105135,0.7339491974612334
3094,-9.582302087528928,0.7338758025414873
3095,-9.067492431680403,0.7338024149612332
3096,-8.102107906260516,0.733729034719737
3097,-6.661343170391699,0.7336556618162651
3098,-4.6853940682654684,0.7335822962500834
3099,-7.182598337819202,0.7335089380204585
3100,-9.01010260036027,0.7334355871266565
3101,-7.059709690207081,0.7333622435679438
3102,-8.601468568074292,0.733288907343587
3103,-8.504580391582483,0.7332155784528527
3104,-9.846785274401613,0.7331422568950074
3105,-8.927950196096784,0.733068942669318
3106,-7.030739040846421,0.7329956357750511
3107,-9.891531825710818,0.7329223362114736
3108,-5.848519791266797,0.7328490439778524
3109,-6.5837440675642505,0.7327757590734547
3110,-9.007054978531963,0.7327024814975474
3111,-8.449112918528023,0.7326292112493976
3112,-4.123833785307098,0.7325559483282726
3113,-8.434062173699855,0.7324826927334398
3114,-4.9353727441281805,0.7324094444641664
3115,-9.027924519875027,0.7323362035197201
3116,-9.499395329755835,0.7322629698993681
3117,-9.411855802703077,0.7321897436023782
3118,-8.157400539095601,0.732116524628018
3119,-8.616519994871972,0.7320433129755552
3120,-10.75796828558759,0.7319701086442577
3121,-9.425724752842195,0.7318969116333933
3122,-3.4927750791742875,0.73182372194223
3123,-7.308100276897761,0.7317505395700358
3124,-8.04511791250668,0.7316773645160788
3125,-6.2836053748636225,0.7316041967796272
3126,-6.084291966534186,0.7315310363599492
3127,-5.97137631233209,0.7314578832563132
3128,-7.574630159229251,0.7313847374679876
3129,-6.217101508034801,0.7313115989942408
3130,-4.7450916654228665,0.7312384678343414
3131,-6.949136309880178,0.7311653439875581
3132,-6.507848470558113,0.7310922274531593
3133,-5.376806969276113,0.731019118230414
3134,-5.363924678373131,0.7309460163185909
3135,-4.700580158825338,0.7308729217169591
3136,-6.150655382474216,0.7307998344247874
3137,-4.4039518145673355,0.7307267544413448
3138,-5.410735019734159,0.7306536817659007
3139,-6.042100277164112,0.7305806163977242
3140,-7.363236184346901,0.7305075583360844
3141,-3.484328468259614,0.7304345075802507
3142,-5.816604188951072,0.7303614641294928
3143,-6.255469705398941,0.7302884279830798
3144,-8.994343272404858,0.7302153991402816
3145,-6.410212145646761,0.7301423776003675
3146,-4.606092233347659,0.7300693633626074
3147,-2.5485314975328235,0.7299963564262711
3148,-4.280677056145855,0.7299233567906285
3149,-5.7156014318064585,0.7298503644549494
3150,-7.061551626567674,0.729777379418504
3151,-7.583281843655,0.7297044016805622
3152,-7.455425433026653,0.7296314312403941
3153,-5.703219659408989,0.7295584680972701
3154,-1.7789676559811356,0.7294855122504604
3155,-4.802011904699033,0.7294125636992354
3156,-6.791345242884592,0.7293396224428654
3157,-6.980882119095492,0.7292666884806212
3158,-7.085706401935423,0.7291937618117731
3159,-6.593262586632619,0.7291208424355919
3160,-7.278854226125951,0.7290479303513484
3161,-8.11633679216726,0.7289750255583133
3162,-7.5794526071682355,0.7289021280557575
3163,-7.833068046962212,0.728829237842952
3164,-8.952961122642447,0.7287563549191677
3165,-8.440887893340266,0.7286834792836758
3166,-5.740711629400696,0.7286106109357474
3167,-6.703599477412324,0.7285377498746538
3168,-7.723131896807628,0.7284648960996664
3169,-7.283447595772105,0.7283920496100564
3170,-7.336896495218186,0.7283192104050954
3171,-3.785739300917979,0.7282463784840549
3172,-6.6579994903037845,0.7281735538462065
3173,-7.36799938165955,0.728100736490822
3174,-7.8134888214423714,0.7280279264171728
3175,-7.352130898086208,0.7279551236245312
3176,-7.0777775303311365,0.7278823281121687
3177,-7.164104671647318,0.7278095398793575
3178,-6.4199973779786355,0.7277367589253696
3179,-4.607255051411293,0.7276639852494771
3180,-7.509941084673848,0.7275912188509521
3181,-8.996246410069059,0.727518459729067
3182,-7.344346249141029,0.7274457078830942
3183,-6.84009559823695,0.7273729633123058
3184,-10.14176183552151,0.7273002260159747
3185,-8.301896217442017,0.7272274959933731
3186,-9.261928934330012,0.7271547732437738
3187,-8.945830704994092,0.7270820577664494
3188,-5.786714575553736,0.7270093495606728
3189,-7.016879762726225,0.7269366486257167
3190,-8.046018232522933,0.7268639549608542
3191,-4.673134843945986,0.7267912685653581
3192,-8.017263602043071,0.7267185894385016
3193,-8.55409355354778,0.7266459175795578
3194,-8.320319608875138,0.7265732529877998
3195,-3.9208821564558693,0.726500595662501
3196,-8.913384650400854,0.7264279456029348
3197,-7.363934796219735,0.7263553028083745
3198,-6.149491366770961,0.7262826672780937
3199,-6.758097871591073,0.7262100390113658
3200,-7.458104731680538,0.7261374180074647
3201,-8.308434916518067,0.7260648042656639
3202,-6.820449564517937,0.7259921977852374
3203,-7.042625285698887,0.7259195985654588
3204,-6.220866883120982,0.7258470066056023
3205,-9.807010525685314,0.7257744219049418
3206,-9.676964547956755,0.7257018444627513
3207,-5.653765619515931,0.725629274278305
3208,-8.628604733395939,0.7255567113508772
3209,-9.189583425647566,0.7254841556797421
3210,-5.326035630872773,0.7254116072641742
3211,-7.66697384177153,0.7253390661034478
3212,-7.374170856878839,0.7252665321968375
3213,-6.2584946812721824,0.7251940055436178
3214,-7.710884646642527,0.7251214861430635
3215,-6.066750475183061,0.7250489739944492
3216,-7.394497283167208,0.7249764690970498
3217,-4.960353350495421,0.7249039714501402
3218,-7.156356183256825,0.7248314810529952
3219,-5.411415389680824,0.72475899790489
3220,-3.0937238479090983,0.7246865220050994
3221,-8.251219981635208,0.724614053352899
3222,-4.901678850373031,0.7245415919475637
3223,-6.546440822606435,0.724469137788369
3224,-2.9397974502921045,0.7243966908745901
3225,-7.840269829353072,0.7243242512055027
3226,-5.206803622596258,0.7242518187803821
3227,-6.447023709744727,0.7241793935985041
3228,-7.832289957751979,0.7241069756591443
3229,-2.616374776399199,0.7240345649615784
3230,-6.487797395325467,0.7239621615050822
3231,-8.083865077284987,0.7238897652889317
3232,-9.022234266889782,0.7238173763124028
3233,-7.8519546275989445,0.7237449945747716
3234,-7.516353600235691,0.7236726200753141
3235,-4.355539099497487,0.7236002528133065
3236,-3.301187110112188,0.7235278927880252
3237,-4.78001929432717,0.7234555399987465
3238,-6.274112550608341,0.7233831944447466
3239,-5.730424462632597,0.7233108561253022
3240,-5.268611499857609,0.7232385250396897
3241,-8.579237887655603,0.7231662011871857
3242,-7.812437710702067,0.7230938845670669
3243,-4.956977957525968,0.7230215751786102
3244,-8.037452620515612,0.7229492730210924
3245,-5.346362553716001,0.7228769780937903
3246,-5.253018271662538,0.7228046903959808
3247,-5.544336507487628,0.7227324099269412
3248,-3.8770669413781094,0.7226601366859485
3249,-6.806485750107473,0.7225878706722799
3250,-3.9816296268132887,0.7225156118852127
3251,-1.5427633537344523,0.7224433603240242
3252,-9.268405561912155,0.7223711159879919
3253,-4.15011582522415,0.7222988788763931
3254,-7.353131582344064,0.7222266489885055
3255,-7.680328786217947,0.7221544263236067
3256,-7.064107754581753,0.7220822108809744
3257,-4.933760672570474,0.7220100026598862
3258,-6.604343985620926,0.7219378016596203
3259,-2.2977560683428706,0.7218656078794543
3260,-2.9840472134159812,0.7217934213186664
3261,-7.527617448780367,0.7217212419765345
3262,-5.027555816240001,0.7216490698523369
3263,-2.7792657621412435,0.7215769049453516
3264,-6.074880979538218,0.7215047472548571
3265,-10.86662884294059,0.7214325967801316
3266,-10.052350477844186,0.7213604535204536
3267,-7.151761070506569,0.7212883174751016
3268,-8.18367219279196,0.7212161886433541
3269,-6.869626078519564,0.7211440670244899
3270,-9.845073997061016,0.7210719526177874
3271,-1.6964128448002604,0.7209998454225257
3272,-5.990768593189555,0.7209277454379834
3273,-3.3550349755741786,0.7208556526634396
3274,-7.458099021701455,0.7207835670981733
3275,-9.515460815076134,0.7207114887414634
3276,-7.8392689105560756,0.7206394175925893
3277,-7.485403209023854,0.72056735365083
3278,-2.5565890733602448,0.720495296915465
3279,-5.906399310865926,0.7204232473857735
3280,-4.166723142439111,0.7203512050610349
3281,-5.9003787244133505,0.7202791699405288
3282,-8.013934569089514,0.7202071420235348
3283,-11.09984119143631,0.7201351213093324
3284,-5.459170296575292,0.7200631077972015
3285,-8.611034242934334,0.7199911014864218
3286,-5.662620163857639,0.7199191023762731
3287,-7.40116894947054,0.7198471104660354
3288,-10.25609421002386,0.7197751257549888
3289,-6.571367714942421,0.7197031482424133
3290,-6.497212087642806,0.7196311779275891
3291,-5.808068297231994,0.7195592148097963
3292,-6.488651620041564,0.7194872588883153
3293,-7.165624790603962,0.7194153101624265
3294,-6.273809552534358,0.7193433686314104
3295,-4.647080697518177,0.7192714342945472
3296,-7.85926252522623,0.7191995071511178
3297,-7.9447451248525,0.7191275872004027
3298,-5.705462960295311,0.7190556744416827
3299,-3.809673086509817,0.7189837688742385
3300,-6.027890237764758,0.7189118704973512
3301,-9.110868558437573,0.7188399793103014
3302,-9.260283153503405,0.7187680953123704
3303,-8.381388571369763,0.7186962185028392
3304,-8.12176332976926,0.7186243488809889
3305,-6.749398409091177,0.7185524864461008
3306,-9.057111202785126,0.7184806311974562
3307,-9.30694050566261,0.7184087831343364
3308,-7.395306724220774,0.718336942256023
3309,-8.49149372894264,0.7182651085617974
3310,-8.415786804093194,0.7181932820509412
3311,-10.674030735053908,0.7181214627227361
3312,-5.598500413688523,0.7180496505764639
3313,-6.729743524602001,0.7179778456114062
3314,-8.572241699469966,0.7179060478268451
3315,-10.537083462215069,0.7178342572220624
3316,-9.852481700284937,0.7177624737963402
3317,-5.421518381999128,0.7176906975489605
3318,-3.192484254192552,0.7176189284792056
3319,-4.272063670175779,0.7175471665863576
3320,-6.11095069679696,0.717475411869699
3321,-2.955441351493091,0.717403664328512
3322,-3.235365023525685,0.7173319239620791
3323,-7.175952134317026,0.717260190769683
3324,-4.665921153397187,0.7171884647506059
3325,-3.034358094312945,0.7171167459041309
3326,-3.557178793041892,0.7170450342295405
3327,-7.1543976317682105,0.7169733297261175
3328,-2.5913152162489848,0.7169016323931449
3329,-6.162203590802844,0.7168299422299056
3330,-3.5822732589747677,0.7167582592356826
3331,-3.9101703155699727,0.716686583409759
3332,-2.8926317938103967,0.716614914751418
3333,-3.0776792927241403,0.716543253259943
3334,-5.163290246890513,0.716471598934617
3335,-9.422834045629957,0.7163999517747235
3336,-3.146187528223073,0.716328311779546
3337,-3.625825437054395,0.7162566789483681
3338,-4.35057548354906,0.7161850532804732
3339,-5.903823175357344,0.7161134347751452
3340,-6.8238529643878305,0.7160418234316677
3341,-6.334883273951441,0.7159702192493245
3342,-4.466151111783246,0.7158986222273995
3343,-4.793200500212073,0.7158270323651768
3344,-6.26671958014307,0.7157554496619403
3345,-7.447130647919343,0.7156838741169741
3346,-3.1093844759223677,0.7156123057295624
3347,-6.6073372041800615,0.7155407444989894
3348,-5.986521797101217,0.7154691904245395
3349,-7.609396194397254,0.7153976435054971
3350,-5.624317696211038,0.7153261037411465
3351,-4.476793414487725,0.7152545711307724
3352,-6.304680323389435,0.7151830456736593
3353,-7.203072933179877,0.715111527369092
3354,-5.765835008579514,0.7150400162163552
3355,-8.390797842387698,0.7149685122147336
3356,-7.4947878651341995,0.7148970153635121
3357,-7.3766611185106985,0.7148255256619758
3358,-6.62454457732467,0.7147540431094096
3359,-8.206398133991378,0.7146825677050986
3360,-4.9256132725023285,0.7146110994483281
3361,-5.7977874494638755,0.7145396383383833
3362,-5.505137673327736,0.7144681843745495
3363,-6.275106858248999,0.7143967375561121
3364,-6.136752904127412,0.7143252978823565
3365,-8.556085864462442,0.7142538653525683
3366,-6.005380184885942,0.714182439966033
3367,-3.9653614278928626,0.7141110217220364
3368,-7.491338579381974,0.7140396106198642
3369,-3.8952771442952057,0.7139682066588022
3370,-4.2514729764839325,0.7138968098381363
3371,-5.147938204929681,0.7138254201571524
3372,-6.498484700506777,0.7137540376151368
3373,-3.4896723911419927,0.7136826622113753
3374,-7.797770416175332,0.7136112939451542
3375,-6.412537836846877,0.7135399328157597
3376,-5.931356531868511,0.713468578822478
3377,-4.178002159205341,0.7133972319645958
3378,-6.073553751855007,0.7133258922413993
3379,-6.720387671714099,0.7132545596521752
3380,-7.295343266936,0.71318323419621
3381,-7.261816121209888,0.7131119158727903
3382,-7.411607262493044,0.713040604681203
3383,-9.380581078030698,0.7129693006207349
3384,-8.777081769544923,0.7128980036906729
3385,-6.642692307093839,0.7128267138903038
3386,-9.395035882133545,0.7127554312189148
3387,-7.68415792798816,0.7126841556757929
3388,-5.976379612486568,0.7126128872602253
3389,-5.331977462563698,0.7125416259714993
3390,-4.134097420201903,0.7124703718089022
3391,-1.9938894806690752,0.7123991247717213
3392,-8.259932543592837,0.7123278848592441
3393,-6.491356653380276,0.7122566520707583
3394,-6.781355399047942,0.7121854264055512
3395,-5.822240388588126,0.7121142078629106
3396,-9.10000985434819,0.7120429964421243
3397,-7.251836842919652,0.7119717921424801
3398,-7.176261672154463,0.7119005949632659
3399,-7.735786563609205,0.7118294049037696
3400,-7.706997195761773,0.7117582219632792
3401,-7.5127532867227185,0.7116870461410829
3402,-6.723533026939721,0.7116158774364688
3403,-6.515176150641208,0.7115447158487251
3404,-5.62633166501406,0.7114735613771402
3405,-2.461420956342364,0.7114024140210026
3406,-9.109526978780067,0.7113312737796005
3407,-7.452826572213391,0.7112601406522225
3408,-6.922423350991609,0.7111890146381573
3409,-7.230521151310735,0.7111178957366935
3410,-8.247642349645162,0.7110467839471198
3411,-7.926240891718019,0.7109756792687252
3412,-6.5303671784473165,0.7109045817007983
3413,-4.276535928124865,0.7108334912426282
3414,-2.7432334525420212,0.710762407893504
3415,-7.092922096884024,0.7106913316527146
3416,-6.8158735760708655,0.7106202625195494
3417,-2.7731492209986195,0.7105492004932974
3418,-4.384090861953734,0.7104781455732481
3419,-6.179412829857649,0.7104070977586907
3420,-4.622488699624242,0.7103360570489149
3421,-6.001669690774255,0.71026502344321
3422,-4.457012682948843,0.7101939969408656
3423,-3.006631484818415,0.7101229775411715
3424,-2.597533456512186,0.7100519652434174
3425,-5.68323949549953,0.709980960046893
3426,-4.112423067767999,0.7099099619508884
3427,-5.126948830041766,0.7098389709546933
3428,-8.454060480487971,0.7097679870575978
3429,-5.52459475917812,0.7096970102588921
3430,-4.12182461632667,0.7096260405578662
3431,-5.269134038770126,0.7095550779538103
3432,-7.398075939814444,0.709484122446015
3433,-5.569357208036626,0.7094131740337704
3434,-7.457102312129309,0.709342232716367
3435,-4.466049867858145,0.7092712984930953
3436,-7.475355659472681,0.709200371363246
3437,-6.928089374231687,0.7091294513261097
3438,-7.793350343159043,0.7090585383809771
3439,-6.8761121005908254,0.708987632527139
3440,-7.190582036274118,0.7089167337638863
3441,-6.135604524693109,0.7088458420905099
3442,-6.550868943416301,0.7087749575063009
3443,-5.418930940734922,0.7087040800105503
3444,-2.3784579344451346,0.7086332096025493
3445,-5.692499237683876,0.708562346281589
3446,-1.1897201324144766,0.7084914900469609
3447,-5.524036024675554,0.7084206408979562
3448,-6.5237384436958,0.7083497988338664
3449,-6.040035078957544,0.708278963853983
3450,-7.0948876116594635,0.7082081359575977
3451,-9.110085385409384,0.7081373151440019
3452,-6.1741402612637595,0.7080665014124875
3453,-8.532896012877885,0.7079956947623463
3454,-5.454699480126061,0.70792489519287
3455,-8.559747001252902,0.7078541027033508
3456,-9.599679925350904,0.7077833172930805
3457,-2.656977154164582,0.7077125389613512
3458,-4.1880401587306695,0.7076417677074551
3459,-8.434668679840579,0.7075710035306844
3460,-6.833827357762526,0.7075002464303313
3461,-7.507006997631561,0.7074294964056882
3462,-8.177079063130659,0.7073587534560476
3463,-8.282530173660295,0.707288017580702
3464,-6.937276153088531,0.707217288778944
3465,-7.989934907889709,0.7071465670500661
3466,-8.789491102503368,0.707075852393361
3467,-7.6100114580418055,0.7070051448081217
3468,-6.88576910328149,0.7069344442936409
3469,-5.638856416318884,0.7068637508492116
3470,-7.895039704688971,0.7067930644741267
3471,-6.0951649598291056,0.7067223851676793
3472,-8.627644364584526,0.7066517129291625
3473,-8.087332160570856,0.7065810477578696
3474,-5.7322763595529596,0.7065103896530938
3475,-9.010255111822037,0.7064397386141285
3476,-4.811276223993416,0.7063690946402671
3477,-8.856255349498293,0.706298457730803
3478,-3.873551177051829,0.7062278278850299
3479,-7.870830394139905,0.7061572051022414
3480,-6.875428862644754,0.7060865893817312
3481,-7.780743472018928,0.706015980722793
3482,-7.5608423473421,0.7059453791247208
3483,-9.675991709738078,0.7058747845868083
3484,-3.144885055135341,0.7058041971083496
3485,-7.916677225100703,0.7057336166886388
3486,-6.899390267519349,0.7056630433269699
3487,-8.809229924518887,0.7055924770226373
3488,-4.310416303686343,0.705521917774935
3489,-9.945837178891693,0.7054513655831575
3490,-7.5643611476354335,0.7053808204465991
3491,-6.409329644325277,0.7053102823645545
3492,-8.834319992838306,0.7052397513363181
3493,-9.758057079607559,0.7051692273611845
3494,-5.835968774117454,0.7050987104384484
3495,-8.538278919643549,0.7050282005674046
3496,-8.828205271453232,0.7049576977473478
3497,-7.130936870666162,0.7048872019775732
3498,-6.965754064154371,0.7048167132573754
3499,-5.331143856310839,0.7047462315860497
3500,-6.342497767763678,0.7046757569628911
3501,-4.846648436573535,0.7046052893871948
3502,-7.255527161088253,0.7045348288582561
3503,-7.985574709175829,0.7044643753753703
3504,-9.395480371346995,0.7043939289378328
3505,-7.80385763277272,0.7043234895449391
3506,-4.684062129678427,0.7042530571959845
3507,-8.522358629846766,0.704182631890265
3508,-7.492065992819649,0.704112213627076
3509,-8.44969951361562,0.7040418024057132
3510,-5.8909603826494,0.7039713982254727
3511,-2.1627632489623054,0.7039010010856502
3512,-2.7932576045671293,0.7038306109855417
3513,-6.245278166838865,0.7037602279244431
3514,-7.274514582096366,0.7036898519016507
3515,-4.43221346205098,0.7036194829164605
3516,-6.21138498434134,0.7035491209681688
3517,-4.749697470791851,0.703478766056072
3518,-6.005995585299544,0.7034084181794663
3519,-2.5729477967019094,0.7033380773376484
3520,-7.940461332150546,0.7032677435299146
3521,-9.378692914784427,0.7031974167555616
3522,-2.0397768641308804,0.703127097013886
3523,-7.017560367081785,0.7030567843041846
3524,-6.747983390881661,0.7029864786257543
3525,-5.963765108247831,0.7029161799778917
3526,-3.9840995382054896,0.7028458883598939
3527,-7.036930858061723,0.702775603771058
3528,-2.45185034433553,0.7027053262106808
3529,-6.386639421465466,0.7026350556780597
3530,-8.449370246126762,0.7025647921724919
3531,-6.696439523228075,0.7024945356932747
3532,-6.633794998770925,0.7024242862397053
3533,-5.05735593711935,0.7023540438110814
3534,-6.794273134880161,0.7022838084067002
3535,-4.261368462625114,0.7022135800258595
3536,-1.514327722874517,0.7021433586678569
3537,-2.2423715106373168,0.7020731443319902
3538,-5.8206090911643535,0.702002937017557
3539,-5.508996245263842,0.7019327367238553
3540,-6.310662533873254,0.7018625434501828
3541,-7.243775800690552,0.7017923571958379
3542,-6.79394252365088,0.7017221779601183
3543,-7.027809517345897,0.7016520057423222
3544,-2.271608358513337,0.701581840541748
3545,-5.116296521234162,0.7015116823576938
3546,-5.164227069266669,0.7014415311894581
3547,-4.816610675469011,0.7013713870363392
3548,-8.928271396984876,0.7013012498976355
3549,-3.1764160350058086,0.7012311197726457
3550,-3.1110282818568074,0.7011609966606684
3551,-7.522501823930473,0.7010908805610024
3552,-3.319803731634851,0.7010207714729464
3553,-8.264168947605139,0.7009506693957991
3554,-2.022129676805588,0.7008805743288595
3555,-6.229259064648058,0.7008104862714266
3556,-10.903788843966694,0.7007404052227995
3557,-4.906297855107955,0.7006703311822772
3558,-2.3915657664594066,0.700600264149159
3559,-7.027700226330163,0.7005302041227441
3560,-7.287905390982199,0.7004601511023318
3561,-7.658367019603524,0.7003901050872217
3562,-7.798583581541167,0.7003200660767129
3563,-7.60263908758212,0.7002500340701052
3564,-6.46991138477599,0.7001800090666982
3565,-6.212781042165451,0.7001099910657915
3566,-7.216449665886397,0.700039980066685
3567,-10.112378197238105,0.6999699760686784
3568,-7.451239818168973,0.6998999790710715
3569,-5.9324015445029135,0.6998299890731644
3570,-8.485344554203795,0.6997600060742571
3571,-4.893445036791173,0.6996900300736497
3572,-3.5018366387948876,0.6996200610706423
3573,-8.088643078864305,0.6995500990645352
3574,-8.348131170469873,0.6994801440546288
3575,-4.6280795871329286,0.6994101960402234
3576,-7.066587237539601,0.6993402550206194
3577,-4.462188220962405,0.6992703209951173
3578,-8.897979915897787,0.6992003939630178
3579,-6.444724607063186,0.6991304739236215
3580,-8.733283143305478,0.6990605608762291
3581,-9.228838434091305,0.6989906548201416
3582,-7.282008308988955,0.6989207557546595
3583,-7.280788959989595,0.698850863679084
3584,-8.355567144598256,0.6987809785927162
3585,-9.073126995111238,0.6987111004948569
3586,-9.396584089545675,0.6986412293848073
3587,-9.949587164989246,0.6985713652618688
3588,-5.837941831300939,0.6985015081253426
3589,-8.250422967309138,0.6984316579745301
3590,-5.512209498170609,0.6983618148087326
3591,-9.027302394463785,0.6982919786272518
3592,-7.8361490049130875,0.6982221494293891
3593,-6.481319733997016,0.6981523272144462
3594,-4.191469876123109,0.6980825119817248
3595,-7.52573092679528,0.6980127037305266
3596,-8.188253311830122,0.6979429024601536
3597,-7.583027693871029,0.6978731081699076
3598,-7.5056147815384495,0.6978033208590906
3599,-8.639370709165057,0.6977335405270046
3600,-7.921194171268626,0.697663767172952
3601,-5.497546582442158,0.6975940007962347
3602,-9.21824214969983,0.6975242413961551
3603,-7.333480552021696,0.6974544889720155
3604,-9.6103677385311,0.6973847435231183
3605,-3.5525001882880445,0.697315005048766
3606,-8.267080023788907,0.6972452735482612
3607,-7.420608378125353,0.6971755490209064
3608,-2.1249967133866554,0.6971058314660044
3609,-5.396816598144236,0.6970361208828577
3610,-2.313085741989366,0.6969664172707695
3611,-4.739205037317243,0.6968967206290424
3612,-3.8123074328310964,0.6968270309569795
3613,-1.9805661246830915,0.6967573482538838
3614,-6.369067223397839,0.6966876725190584
3615,-5.7311545982712975,0.6966180037518065
3616,-3.3247603014032086,0.6965483419514313
3617,-4.422084686677646,0.6964786871172362
3618,-2.344558062658753,0.6964090392485245
3619,-7.242971517582033,0.6963393983445997
3620,-4.035967322148896,0.6962697644047652
3621,-5.828824254995528,0.6962001374283248
3622,-4.314076777730754,0.696130517414582
3623,-5.914890464330172,0.6960609043628405
3624,-5.979124464137816,0.6959912982724042
3625,-5.953743599777491,0.6959216991425771
3626,-5.419393273501546,0.6958521069726629
3627,-5.77555450427739,0.6957825217619656
3628,-5.914652169867894,0.6957129435097894
3629,-5.878892118220876,0.6956433722154385
3630,-3.1359404185329294,0.695573807878217
3631,-6.932701560095624,0.6955042504974291
3632,-4.7537646559528515,0.6954347000723794
3633,-6.185102715368664,0.6953651566023722
3634,-2.818252188375366,0.695295620086712
3635,-6.612154832827243,0.6952260905247033
3636,-5.6835641719706445,0.6951565679156508
3637,-7.06854567584419,0.6950870522588593
3638,-2.4747348442521715,0.6950175435536333
3639,-6.914021736688639,0.6949480417992779
3640,-5.387055814016675,0.694878546995098
3641,-5.0716303226229265,0.6948090591403985
3642,-5.546613746410058,0.6947395782344844
3643,-5.661928586046267,0.694670104276661
3644,-6.845923272392663,0.6946006372662333
3645,-8.225019672975662,0.6945311772025067
3646,-5.779157824312472,0.6944617240847865
3647,-5.966064380826292,0.694392277912378
3648,-6.077958957639945,0.6943228386845868
3649,-5.869321229298224,0.6942534064007183
3650,-2.52919079596903,0.6941839810600783
3651,-5.545231587014271,0.6941145626619722
3652,-7.336119838506418,0.6940451512057061
3653,-6.459213652300475,0.6939757466905855
3654,-7.549369911544536,0.6939063491159164
3655,-6.351815840641218,0.6938369584810048
3656,-6.877659185191232,0.6937675747851567
3657,-6.587834381422898,0.6936981980276782
3658,-4.446281480375539,0.6936288282078754
3659,-5.9309095712648725,0.6935594653250546
3660,-7.53484025293929,0.6934901093785222
3661,-6.9948752238260745,0.6934207603675844
3662,-6.547332760450004,0.6933514182915477
3663,-5.8496909838925415,0.6932820831497185
3664,-5.721317816287776,0.6932127549414036
3665,-5.97378170652832,0.6931434336659095
3666,-5.0704841304352275,0.6930741193225429
3667,-6.866066373426511,0.6930048119106107
3668,-5.174753850844729,0.6929355114294197
3669,-3.591192511193573,0.6928662178782767
3670,-8.940850550805646,0.6927969312564889
3671,-7.935209388831652,0.6927276515633632
3672,-8.828879378156005,0.6926583787982069
3673,-6.853040408041909,0.6925891129603271
3674,-7.1800099427485025,0.692519854049031
3675,-9.048454516478376,0.6924506020636262
3676,-2.807561700085315,0.6923813570034199
3677,-9.472132756229104,0.6923121188677195
3678,-8.259284209349333,0.6922428876558328
3679,-7.363326023651441,0.6921736633670672
3680,-6.337168728903709,0.6921044460007305
3681,-7.482505995120987,0.6920352355561304
3682,-3.6437745894540057,0.6919660320325749
3683,-5.596435108892554,0.6918968354293716
3684,-8.164833116832346,0.6918276457458287
3685,-8.508075783410494,0.6917584629812541
3686,-5.2165218651635294,0.691689287134956
3687,-3.648411065828417,0.6916201182062426
3688,-6.759820944772496,0.691550956194422
3689,-6.482790311478679,0.6914818010988025
3690,-6.579922049303286,0.6914126529186927
3691,-7.284123491412473,0.6913435116534008
3692,-2.63606716167071,0.6912743773022355
3693,-5.5589236214591535,0.6912052498645053
3694,-5.853066522558104,0.6911361293395188
3695,-8.141353286240822,0.6910670157265849
3696,-4.141972762622611,0.6909979090250122
3697,-3.7470964768460213,0.6909288092341097
3698,-10.086812718669368,0.6908597163531863
3699,-8.07751051351524,0.690790630381551
3700,-3.908637086254135,0.6907215513185129
3701,-7.22942959262601,0.690652479163381
3702,-4.528819887561646,0.6905834139154647
3703,-7.961398308311596,0.6905143555740731
3704,-9.415170831994859,0.6904453041385158
3705,-7.530215285346598,0.6903762596081019
3706,-2.744660123319653,0.6903072219821411
3707,-7.378633499295764,0.6902381912599429
3708,-6.7097802500635435,0.6901691674408169
3709,-5.211677888158624,0.6901001505240728
3710,-6.4615197453364415,0.6900311405090204
3711,-8.332257949766458,0.6899621373949695
3712,-5.921704232832257,0.68989314118123
3713,-5.986975416813291,0.6898241518671119
3714,-7.047141378171362,0.6897551694519252
3715,-2.4050119534393026,0.68968619393498
3716,-4.253472452694659,0.6896172253155864
3717,-2.8242139037112084,0.6895482635930549
3718,-8.190523418244446,0.6894793087666956
3719,-4.68570685955451,0.689410360835819
3720,-6.913325929481069,0.6893414197997354
3721,-4.586272280269055,0.6892724856577555
3722,-7.901972074893205,0.6892035584091897
3723,-6.046986548199133,0.6891346380533487
3724,-7.1844192582923245,0.6890657245895434
3725,-5.633929492768996,0.6889968180170845
3726,-6.697285989281873,0.6889279183352828
3727,-6.189988294216517,0.6888590255434492
3728,-8.959020670016852,0.6887901396408949
3729,-2.0157533365851674,0.6887212606269307
3730,-5.976664577266394,0.6886523885008681
3731,-6.16864488997288,0.688583523262018
3732,-5.569643695382334,0.6885146649096918
3733,-3.6243397041344334,0.6884458134432009
3734,-6.3365105122354075,0.6883769688618566
3735,-7.247235301758433,0.6883081311649705
3736,-6.236090624146151,0.688239300351854
3737,-8.023814313311778,0.6881704764218188
3738,-4.472410763073565,0.6881016593741767
3739,-5.069326650125289,0.6880328492082393
3740,-5.377882009279048,0.6879640459233184
3741,-7.736236659452932,0.687895249518726
3742,-6.791210417975827,0.6878264599937742
3743,-6.3992417130961,0.6877576773477748
3744,-6.405432644774713,0.68768890158004
3745,-6.683773345621373,0.6876201326898821
3746,-7.042877037865237,0.6875513706766131
3747,-8.775188045920384,0.6874826155395455
3748,-8.529458395795452,0.6874138672779916
3749,-5.595042004954159,0.6873451258912638
3750,-4.987620274425469,0.6872763913786747
3751,-6.441260114864098,0.6872076637395368
3752,-7.689209611776194,0.6871389429731628
3753,-6.758752021202271,0.6870702290788655
3754,-5.976088640323502,0.6870015220559577
3755,-8.744132019796698,0.686932821903752
3756,-8.61495278070328,0.6868641286215617
3757,-6.565021255878819,0.6867954422086995
3758,-2.6690282721344145,0.6867267626644786
3759,-7.998127958028251,0.6866580899882122
3760,-4.915994786052403,0.6865894241792134
3761,-5.933880666943386,0.6865207652367955
3762,-5.149065365629923,0.6864521131602719
3763,-3.141004791391313,0.6863834679489559
3764,-11.204759892759789,0.686314829602161
3765,-8.528190407376297,0.6862461981192007
3766,-8.054547567509832,0.6861775734993888
3767,-6.959085430379682,0.6861089557420389
3768,-5.675548999362734,0.6860403448464647
3769,-7.130998515256428,0.6859717408119801
3770,-6.572114741598856,0.685903143637899
3771,-6.308144809877172,0.6858345533235352
3772,-8.359568355189273,0.6857659698682028
3773,-7.84053060968532,0.685697393271216
3774,-8.407856221416827,0.6856288235318889
3775,-9.223120891290854,0.6855602606495358
3776,-9.341779046600223,0.6854917046234709
3777,-4.726845046245413,0.6854231554530086
3778,-7.777723834498042,0.6853546131374633
3779,-8.698709176824497,0.6852860776761496
3780,-8.654584799604555,0.685217549068382
3781,-8.407042636836206,0.6851490273134752
3782,-6.682770778124481,0.6850805124107439
3783,-8.977757849623885,0.6850120043595028
3784,-5.72299948734646,0.6849435031590669
3785,-8.050511535027702,0.6848750088087511
3786,-7.967130842125927,0.6848065213078702
3787,-7.210611748078479,0.6847380406557394
3788,-8.172868803615096,0.6846695668516738
3789,-6.153937429876179,0.6846010998949886
3790,-6.71511634268891,0.6845326397849991
3791,-4.809905934719198,0.6844641865210206
3792,-6.920898359151545,0.6843957401023685
3793,-8.710255661942462,0.6843273005283582
3794,-7.713613004902229,0.6842588677983054
3795,-9.833209059870224,0.6841904419115256
3796,-4.619872470617761,0.6841220228673344
3797,-8.106234274050625,0.6840536106650477
3798,-6.250606310861771,0.6839852053039812
3799,-9.692217238438102,0.6839168067834508
3800,-8.008628701656205,0.6838484151027725
3801,-8.435072386001584,0.6837800302612622
3802,-7.60028132424143,0.683711652258236
3803,-6.604106965002575,0.6836432810930102
3804,-3.33134848563151,0.6835749167649009
3805,-2.4898255273489336,0.6835065592732245
3806,-7.391262059351522,0.6834382086172971
3807,-4.980503556631935,0.6833698647964354
3808,-4.889031576730878,0.6833015278099557
3809,-6.085835833458655,0.6832331976571747
3810,-3.036759974171349,0.683164874337409
3811,-2.944417870603491,0.6830965578499752
3812,-5.3157872106094715,0.6830282481941903
3813,-6.251272011971055,0.6829599453693709
3814,-6.598822389006109,0.6828916493748339
3815,-9.598111916778635,0.6828233602098964
3816,-3.797712273792263,0.6827550778738755
3817,-6.086197139958751,0.682686802366088
3818,-5.116889049780678,0.6826185336858515
3819,-6.166396663614454,0.6825502718324828
3820,-7.1238070288192,0.6824820168052996
3821,-3.5990581316193553,0.6824137686036191
3822,-6.164151945090657,0.6823455272267588
3823,-5.209456308173709,0.6822772926740361
3824,-8.073853814494688,0.6822090649447687
3825,-6.022225638519508,0.6821408440382742
3826,-6.784828572101301,0.6820726299538704
3827,-6.14345277729957,0.682004422690875
3828,-5.712257246404459,0.681936222248606
3829,-3.9345752296932304,0.6818680286263811
3830,-6.133644903814072,0.6817998418235185
3831,-5.287396115466133,0.6817316618393362
3832,-9.078631869287275,0.6816634886731523
3833,-3.765012031975119,0.681595322324285
3834,-4.266842360570278,0.6815271627920526
3835,-5.755611030763957,0.6814590100757734
3836,-5.217197256788578,0.6813908641747658
3837,-5.12028957314595,0.6813227250883483
3838,-2.3358024067285106,0.6812545928158396
3839,-5.96673284026032,0.681186467356558
3840,-1.8718265299364192,0.6811183487098224
3841,-7.131216031134892,0.6810502368749514
3842,-8.146113954125683,0.6809821318512639
3843,-4.67374246162597,0.6809140336380788
3844,-3.719185952006215,0.680845942234715
3845,-6.1668176539608845,0.6807778576404915
3846,-4.635360777532081,0.6807097798547275
3847,-2.8640341463103356,0.680641708876742
3848,-2.8744853276371605,0.6805736447058544
3849,-5.11375036083831,0.6805055873413838
3850,-5.46855051027843,0.6804375367826496
3851,-2.552466655554688,0.6803694930289713
3852,-5.0435437258176385,0.6803014560796684
3853,-3.989837792823214,0.6802334259340604
3854,-5.455783327481065,0.6801654025914671
3855,-8.666349585498349,0.680097386051208
3856,-3.875467765858157,0.6800293763126029
3857,-7.73760077344892,0.6799613733749716
3858,-6.855444310746448,0.6798933772376341
3859,-4.507515181331094,0.6798253878999103
3860,-5.919969477995024,0.6797574053611203
3861,-5.067309498863269,0.6796894296205842
3862,-6.4083189181749916,0.6796214606776222
3863,-7.607914887113896,0.6795534985315544
3864,-8.55901832119429,0.6794855431817013
3865,-8.425266003190346,0.6794175946273832
3866,-2.503515552961427,0.6793496528679204
3867,-6.865952162464394,0.6792817179026336
3868,-9.220362448086835,0.6792137897308433
3869,-7.817218640834785,0.6791458683518703
3870,-9.166881044127637,0.6790779537650351
3871,-8.232790131237607,0.6790100459696586
3872,-9.012660039567182,0.6789421449650617
3873,-7.610479380820156,0.6788742507505652
3874,-5.462363197776634,0.6788063633254902
3875,-6.543590938544837,0.6787384826891576
3876,-7.875512633725944,0.6786706088408887
3877,-3.1994250690458483,0.6786027417800046
3878,-2.4051469398946046,0.6785348815058265
3879,-6.402651007090052,0.678467028017676
3880,-5.282264444659179,0.6783991813148742
3881,-6.877127719478738,0.6783313413967427
3882,-5.212819404843454,0.678263508262603
3883,-8.781265227919677,0.6781956819117767
3884,-5.169523134925576,0.6781278623435856
3885,-7.848363794636418,0.6780600495573512
3886,-4.186095770541145,0.6779922435523955
3887,-4.2461300989453035,0.6779244443280403
3888,-7.572026024679693,0.6778566518836076
3889,-9.105000628955162,0.6777888662184192
3890,-9.326982231721217,0.6777210873317974
3891,-3.0030653567183148,0.6776533152230642
3892,-3.96063872146592,0.6775855498915418
3893,-6.9058935134142585,0.6775177913365527
3894,-7.994829394131635,0.677450039557419
3895,-10.119899678834814,0.6773822945534632
3896,-7.617046981801275,0.6773145563240078
3897,-9.884380864547968,0.6772468248683754
3898,-6.651355749005141,0.6771791001858886
3899,-10.121332316047615,0.67711138227587
3900,-8.413732449752597,0.6770436711376424
3901,-9.842161459042307,0.6769759667705286
3902,-2.100785568731329,0.6769082691738516
3903,-4.887008780722661,0.6768405783469342
3904,-3.312373892976806,0.6767728942890996
3905,-2.4430397124083783,0.6767052169996707
3906,-2.2216819402612216,0.6766375464779707
3907,-5.4430638612092,0.6765698827233229
3908,-4.013849478696699,0.6765022257350505
3909,-3.087878233589383,0.676434575512477
3910,-2.2101693132254123,0.6763669320549257
3911,-2.5382512048604506,0.6762992953617202
3912,-6.8273717700723155,0.676231665432184
3913,-7.840461558160111,0.6761640422656409
3914,-2.480400359135296,0.6760964258614143
3915,-2.10108840519093,0.6760288162188282
3916,-8.391948228398517,0.6759612133372063
3917,-3.512953803524938,0.6758936172158726
3918,-4.497764804901865,0.675826027854151
3919,-4.798716342644359,0.6757584452513656
3920,-7.893662406005398,0.6756908694068405
3921,-4.532385396799809,0.6756233003198998
3922,-10.545441695342536,0.6755557379898678
3923,-2.9548564802926873,0.6754881824160688
3924,-7.574950714660686,0.6754206335978272
3925,-2.6938363718780605,0.6753530915344674
3926,-3.274998018890332,0.6752855562253139
3927,-2.831023124455237,0.6752180276696914
3928,-8.209921818658943,0.6751505058669245
3929,-6.397583860564459,0.6750829908163378
3930,-5.321932803555122,0.6750154825172562
3931,-2.8869712090879025,0.6749479809690044
3932,-3.64960942812019,0.6748804861709076
3933,-2.411378963509018,0.6748129981222905
3934,-7.006167697217709,0.6747455168224782
3935,-5.645140730941195,0.674678042270796
3936,-6.051417807990763,0.6746105744665689
3937,-6.814179379419217,0.6745431134091222
3938,-7.766204031200178,0.6744756590977813
3939,-7.82772419404802,0.6744082115318715
3940,-6.199794117464656,0.6743407707107183
3941,-2.4965826215454334,0.6742733366336472
3942,-5.603746782087205,0.6742059092999838
3943,-5.330829728614535,0.6741384887090538
3944,-6.297285266000247,0.6740710748601829
3945,-5.695728205677039,0.6740036677526969
3946,-3.179462173661915,0.6739362673859217
3947,-2.50561414584858,0.6738688737591831
3948,-5.787213175144377,0.6738014868718072
3949,-6.016886655301171,0.6737341067231201
3950,-8.549864492744712,0.6736667333124478
3951,-5.314877716692555,0.6735993666391165
3952,-3.8578831110868617,0.6735320067024525
3953,-5.81588763493758,0.6734646535017823
3954,-3.9480540932047647,0.6733973070364322
3955,-4.233715782694478,0.6733299673057286
3956,-5.178389092881362,0.673262634308998
3957,-8.144859817488655,0.6731953080455672
3958,-6.219877797684491,0.6731279885147626
3959,-7.439163821977283,0.6730606757159112
3960,-6.843875596260215,0.6729933696483397
3961,-5.324883011375713,0.6729260703113749
3962,-6.191808408946587,0.6728587777043438
3963,-5.488719177300052,0.6727914918265734
3964,-9.394950660574914,0.6727242126773907
3965,-4.579436587807768,0.672656940256123
3966,-5.866201768850209,0.6725896745620974
3967,-7.449881350361277,0.6725224155946412
3968,-5.85793654906043,0.6724551633530818
3969,-8.481731398841827,0.6723879178367465
3970,-5.970230493441685,0.6723206790449627
3971,-8.983191799592738,0.6722534469770582
3972,-10.939398888535035,0.6721862216323605
3973,-6.776087209652129,0.6721190030101973
3974,-5.019848313269545,0.6720517911098963
3975,-6.5426495717336,0.6719845859307854
3976,-7.4583949268396905,0.6719173874721923
3977,-6.121975725161344,0.6718501957334451
3978,-8.818441924395206,0.6717830107138717
3979,-8.302631968263508,0.6717158324128003
3980,-9.368620370085383,0.671648660829559
3981,-9.708227916352044,0.671581495963476
3982,-6.931867049277896,0.6715143378138797
3983,-3.4741065450673774,0.6714471863800984
3984,-7.332183507341078,0.6713800416614604
3985,-3.021703585989397,0.6713129036572942
3986,-6.798487161616372,0.6712457723669285
3987,-7.378168852052882,0.6711786477896918
3988,-6.598680834143424,0.6711115299249129
3989,-8.28279131347123,0.6710444187719203
3990,-10.125266433562869,0.6709773143300432
3991,-7.974482228055484,0.6709102165986102
3992,-6.7801217431650445,0.6708431255769504
3993,-4.146498614042273,0.6707760412643927
3994,-6.934571876559514,0.6707089636602663
3995,-7.334505626241031,0.6706418927639003
3996,-4.8304347183193945,0.6705748285746239
3997,-4.844480445007524,0.6705077710917665
3998,-6.365732469136277,0.6704407203146573
3999,-2.832312019186626,0.6703736762426258
4000,-8.077306354208167,0.6703066388750015
4001,-9.856689713261854,0.6702396082111141
4002,-3.431170039740063,0.6701725842502929
4003,-6.084643754916868,0.6701055669918679
4004,-4.4220539639823,0.6700385564351686
4005,-2.4385026642466117,0.6699715525795251
4006,-4.499156414532189,0.6699045554242672
4007,-8.002990655386325,0.6698375649687248
4008,-5.380263127400916,0.669770581212228
4009,-3.9171111389576305,0.6697036041541068
4010,-3.343411412178615,0.6696366337936914
4011,-5.433485691769721,0.6695696701303121
4012,-5.852544062281081,0.6695027131632991
4013,-5.211754337849655,0.6694357628919828
4014,-8.013867725424177,0.6693688193156936
4015,-8.492020912378617,0.669301882433762
4016,-5.159886600504535,0.6692349522455187
4017,-7.618114170476617,0.6691680287502941
4018,-2.4782055105192926,0.6691011119474191
4019,-6.851041950666846,0.6690342018362243
4020,-4.010178910741432,0.6689672984160407
4021,-3.10993340063642,0.6689004016861991
4022,-5.521637630908443,0.6688335116460306
4023,-5.015497573095982,0.668766628294866
4024,-2.1862379419842664,0.6686997516320365
4025,-6.810997243847009,0.6686328816568734
4026,-8.074261708322485,0.6685660183687078
4027,-6.529498804595569,0.6684991617668709
4028,-6.568388599022672,0.6684323118506942
4029,-6.654572852715738,0.6683654686195091
4030,-6.433134556426991,0.6682986320726472
4031,-8.111191622476387,0.6682318022094399
4032,-8.52745489244544,0.668164979029219
4033,-8.010768785029724,0.668098162531316
4034,-7.630317630666946,0.6680313527150629
4035,-9.291444807673043,0.6679645495797913
4036,-7.0395327901109175,0.6678977531248333
4037,-6.336699877321563,0.6678309633495209
4038,-7.971211229438959,0.667764180253186
4039,-5.758955794176723,0.6676974038351606
4040,-6.398923686033492,0.6676306340947771
4041,-7.86548421945956,0.6675638710313676
4042,-7.243046053366137,0.6674971146442644
4043,-7.5489104682094,0.6674303649328001
4044,-8.436648204422642,0.6673636218963068
4045,-6.689190925408528,0.6672968855341171
4046,-6.281145775719981,0.6672301558455638
4047,-9.20303885668558,0.6671634328299793
4048,-3.577395021087237,0.6670967164866962
4049,-5.775680986268806,0.6670300068150475
4050,-5.9003247248453095,0.6669633038143661
4051,-7.32018845185038,0.6668966074839846
4052,-6.791066193504284,0.6668299178232362
4053,-7.570467021028789,0.6667632348314538
4054,-7.543765056378201,0.6666965585079707
4055,-6.644838604475307,0.6666298888521199
4056,-10.149163498886173,0.6665632258632347
4057,-5.600884366906952,0.6664965695406484
4058,-5.896719191511914,0.6664299198836944
4059,-8.230124379466236,0.666363276891706
4060,-8.106788252206112,0.6662966405640168
4061,-6.540329523187225,0.6662300108999605
4062,-8.202454377489003,0.6661633878988705
4063,-5.915871436837863,0.6660967715600806
4064,-8.060432126511447,0.6660301618829246
4065,-7.4588937955736965,0.6659635588667363
4066,-5.672349624104423,0.6658969625108496
4067,-8.24669868186424,0.6658303728145986
4068,-9.30693741460433,0.6657637897773171
4069,-6.94225646916224,0.6656972133983393
4070,-8.409176400563036,0.6656306436769995
4071,-9.954351876960168,0.6655640806126318
4072,-9.850918884748673,0.6654975242045705
4073,-8.855037262008217,0.66543097445215
4074,-5.058654687769013,0.6653644313547048
4075,-3.570738818896091,0.6652978949115693
4076,-8.841076357505333,0.6652313651220781
4077,-7.501335120381312,0.6651648419855659
4078,-7.189353775322839,0.6650983255013674
4079,-8.721291037355622,0.6650318156688173
4080,-7.072143350360793,0.6649653124872504
4081,-8.251738733628287,0.6648988159560018
4082,-8.018302330437997,0.6648323260744061
4083,-7.09602303855816,0.6647658428417987
4084,-8.010458280262911,0.6646993662575146
4085,-8.493178635062527,0.6646328963208888
4086,-7.473454803835512,0.6645664330312567
4087,-6.20396157472568,0.6644999763879537
4088,-9.214949593005532,0.6644335263903148
4089,-6.673168334140016,0.6643670830376758
4090,-9.114808417396178,0.664300646329372
4091,-6.962221096814696,0.6642342162647391
4092,-7.6696590294216485,0.6641677928431127
4093,-7.989566528211447,0.6641013760638284
4094,-6.3808015100524855,0.664034965926222
4095,-7.958160831939306,0.6639685624296294
4096,-4.461103222893247,0.6639021655733864
4097,-7.431254939703525,0.6638357753568291
4098,-3.5179648660273353,0.6637693917792935
4099,-7.0700247809375005,0.6637030148401156
4100,-4.189747114705648,0.6636366445386316
4101,-5.9593813080235165,0.6635702808741777
4102,-2.1276710142882513,0.6635039238460902
4103,-4.816840608508121,0.6634375734537057
4104,-4.336874231810051,0.6633712296963603
4105,-8.439930810107102,0.6633048925733906
4106,-7.452287822646765,0.6632385620841333
4107,-3.832109656788085,0.6631722382279249
4108,-6.567238414961901,0.6631059210041022
4109,-4.462044910817314,0.6630396104120018
4110,-6.90968513329532,0.6629733064509605
4111,-2.261124497287848,0.6629070091203154
4112,-2.195274150681194,0.6628407184194034
4113,-6.413931235378009,0.6627744343475614
4114,-2.0588475443938252,0.6627081569041267
4115,-6.15557351967506,0.6626418860884362
4116,-7.8453318370924805,0.6625756218998273
4117,-4.667392355842942,0.6625093643376373
4118,-5.5081366720783915,0.6624431134012035
4119,-4.972451423707697,0.6623768690898635
4120,-6.256047988189813,0.6623106314029545
4121,-8.274287769576611,0.6622444003398142
4122,-4.12337619626641,0.6621781758997802
4123,-3.8740404085857354,0.6621119580821903
4124,-7.299640087572543,0.6620457468863821
4125,-3.4921433875241226,0.6619795423116934
4126,-7.972630374402499,0.6619133443574623
4127,-6.249372286526921,0.6618471530230265
4128,-5.270210105860401,0.6617809683077243
4129,-5.847138438683784,0.6617147902108935
4130,-6.849529937221471,0.6616486187318724
4131,-7.105356906263058,0.6615824538699993
4132,-7.273484181846268,0.6615162956246122
4133,-6.143045895022187,0.6614501439950498
4134,-6.0596772242691355,0.6613839989806503
4135,-6.62210316940568,0.6613178605807521
4136,-8.408365003612733,0.6612517287946941
4137,-6.628062761947207,0.6611856036218146
4138,-5.395763406797988,0.6611194850614523
4139,-8.485556267452068,0.6610533731129462
4140,-3.0171997056499817,0.6609872677756349
4141,-3.0834960159747027,0.6609211690488573
4142,-3.7050303530335307,0.6608550769319524
4143,-3.22549918829389,0.6607889914242593
4144,-2.9528610998024627,0.6607229125251168
4145,-7.329282286349118,0.6606568402338643
4146,-6.099311221728652,0.6605907745498409
4147,-5.068406187884273,0.660524715472386
4148,-5.747168947354995,0.6604586630008388
4149,-5.1743048383280374,0.6603926171345387
4150,-6.044415864656554,0.6603265778728252
4151,-5.682971009553119,0.660260545215038
4152,-6.822203220167249,0.6601945191605164
4153,-3.055149334985736,0.6601284997086003
4154,-3.524932185332607,0.6600624868586294
4155,-5.59195359894451,0.6599964806099436
4156,-3.9927845609753296,0.6599304809618827
4157,-6.41956855344695,0.6598644879137865
4158,-5.514151035386584,0.6597985014649951
4159,-5.266130640182426,0.6597325216148486
4160,-6.599390967775344,0.6596665483626871
4161,-6.695692821661624,0.6596005817078509
4162,-5.015008121585376,0.65953462164968
4163,-2.185701280369342,0.659468668187515
4164,-2.076266865211814,0.6594027213206963
4165,-3.0306700875398556,0.6593367810485643
4166,-4.105403431986991,0.6592708473704595
4167,-10.250446643717556,0.6592049202857224
4168,-7.499949820239165,0.6591389997936938
4169,-9.858006300231157,0.6590730858937145
4170,-8.030813615819081,0.6590071785851251
4171,-7.093471711618994,0.6589412778672666
4172,-7.057173923072789,0.65887538373948
4173,-8.481376576259468,0.6588094962011061
4174,-7.369084815503591,0.658743615251486
4175,-7.5294939953685445,0.6586777408899608
4176,-7.92276309405726,0.6586118731158718
4177,-5.67684544451107,0.6585460119285602
4178,-7.027256485092504,0.6584801573273674
4179,-6.960547326312,0.6584143093116347
4180,-8.036011315805794,0.6583484678807036
4181,-7.87943091214707,0.6582826330339155
4182,-9.66745219786983,0.6582168047706122
4183,-5.820786945637624,0.6581509830901351
4184,-7.4761095368308075,0.658085167991826
4185,-8.589549564626706,0.6580193594750269
4186,-7.871695333897859,0.6579535575390794
4187,-4.79994044970547,0.6578877621833255
4188,-7.545884061612374,0.6578219734071071
4189,-10.259923097971665,0.6577561912097665
4190,-8.478257442815035,0.6576904155906454
4191,-8.522144613458408,0.6576246465490864
4192,-1.7024484869826193,0.6575588840844314
4193,-6.432586612659815,0.657493128196023
4194,-4.1864252016823285,0.6574273788832035
4195,-4.528136071482274,0.6573616361453152
4196,-7.359219374886696,0.6572958999817007
4197,-3.8286572451188765,0.6572301703917025
4198,-2.804644534317415,0.6571644473746634
4199,-6.487519510851969,0.657098730929926
4200,-6.876887145828588,0.657033021056833
4201,-4.762701735370376,0.6569673177547274
4202,-5.228720707264923,0.6569016210229519
4203,-4.717303005811207,0.6568359308608496
4204,-2.71548312719617,0.6567702472677635
4205,-4.871622241366829,0.6567045702430366
4206,-5.721281702369562,0.6566388997860123
4207,-7.899699109123847,0.6565732358960337
4208,-4.1596382702008725,0.6565075785724441
4209,-7.217253145204284,0.6564419278145869
4210,-1.6644296324678765,0.6563762836218054
4211,-2.5704271844869324,0.6563106459934432
4212,-4.705371050302068,0.6562450149288439
4213,-3.3316708024856725,0.6561793904273511
4214,-2.0890074629893913,0.6561137724883084
4215,-5.657124169987803,0.6560481611110596
4216,-6.478957257737914,0.6559825562949485
4217,-6.950809871245356,0.655916958039319
4218,-6.5506591058843515,0.6558513663435152
4219,-5.834899865397054,0.6557857812068808
4220,-6.014904263031328,0.6557202026287601
4221,-5.70101869381876,0.6556546306084972
4222,-5.773979738751732,0.6555890651454364
4223,-5.927919893973357,0.6555235062389219
4224,-7.693810708990233,0.655457953888298
4225,-5.969246968602766,0.6553924080929091
4226,-7.80758858222899,0.6553268688520998
4227,-6.751373469312975,0.6552613361652145
4228,-7.6894259134244916,0.655195810031598
4229,-6.519959243716229,0.6551302904505948
4230,-7.315437504998408,0.6550647774215498
4231,-5.445285344812371,0.6549992709438076
4232,-3.3023509469930663,0.6549337710167132
4233,-3.7219318084212003,0.6548682776396115
4234,-3.9846412902814605,0.6548027908118476
4235,-7.075398545719187,0.6547373105327664
4236,-6.915110327499513,0.6546718368017131
4237,-8.590003021537955,0.654606369618033
4238,-9.003078779760624,0.6545409089810712
4239,-9.574599827347397,0.6544754548901731
4240,-8.75329442199314,0.6544100073446841
4241,-3.4603773491080956,0.6543445663439497
4242,-2.5916676244348205,0.6542791318873152
4243,-7.200565043759511,0.6542137039741265
4244,-3.2857906169484696,0.654148282603729
4245,-3.232231490377951,0.6540828677754686
4246,-8.227135306675052,0.654017459488691
4247,-7.200732278422576,0.6539520577427422
4248,-7.533131535944941,0.6538866625369679
4249,-6.810342061571578,0.6538212738707142
4250,-6.756805361025377,0.6537558917433272
4251,-4.365439203505584,0.6536905161541529
4252,-6.728317650375116,0.6536251471025375
4253,-5.671100771030138,0.6535597845878273
4254,-8.973456001313371,0.6534944286093685
4255,-7.100193506998398,0.6534290791665075
4256,-9.36893887733432,0.6533637362585909
4257,-7.935731542203954,0.6532983998849651
4258,-7.465509221048579,0.6532330700449765
4259,-3.767210028526776,0.6531677467379721
4260,-7.461781121746782,0.6531024299632983
4261,-6.912591913920894,0.653037119720302
4262,-8.07050770238751,0.65297181600833
4263,-8.50933184147431,0.6529065188267291
4264,-9.009310186346223,0.6528412281748465
4265,-7.386281136652342,0.652775944052029
4266,-5.404673272393823,0.6527106664576238
4267,-7.2506325378535585,0.652645395390978
4268,-8.665862628505433,0.6525801308514388
4269,-6.382106697173365,0.6525148728383537
4270,-8.061667083630905,0.6524496213510699
4271,-6.41628420491758,0.6523843763889348
4272,-4.539749519393718,0.6523191379512959
4273,-7.6881606930267345,0.6522539060375008
4274,-6.689513550025247,0.6521886806468971
4275,-9.972865583583754,0.6521234617788324
4276,-6.74328690975031,0.6520582494326546
4277,-3.7689287044706954,0.6519930436077113
4278,-9.639918687963327,0.6519278443033505
4279,-8.109366815940007,0.6518626515189202
4280,-7.821258168536701,0.6517974652537684
4281,-5.7560897753163776,0.6517322855072429
4282,-5.096027277725252,0.6516671122786922
4283,-4.098692310162702,0.6516019455674643
4284,-7.308738097110533,0.6515367853729076
4285,-7.548666724049916,0.6514716316943703
4286,-8.508446733016955,0.6514064845312009
4287,-7.684418801862062,0.6513413438827478
4288,-8.267484230488062,0.6512762097483595
4289,-6.060489255534483,0.6512110821273847
4290,-8.450581402554551,0.6511459610191719
4291,-4.3743311840916945,0.65108084642307
4292,-5.18362128777361,0.6510157383384276
4293,-7.367356933241048,0.6509506367645937
4294,-3.492122475493394,0.6508855417009173
4295,-7.70416122658541,0.6508204531467472
4296,-3.2490135903549815,0.6507553711014326
4297,-4.359974103418048,0.6506902955643225
4298,-7.56705462744068,0.6506252265347661
4299,-6.05338230584038,0.6505601640121126
4300,-2.357384978676286,0.6504951079957114
4301,-6.17965737290022,0.6504300584849119
4302,-6.808279970704839,0.6503650154790633
4303,-5.978708429256785,0.6502999789775155
4304,-4.684665725967005,0.6502349489796178
4305,-4.759155930919734,0.6501699254847197
4306,-8.691953201647184,0.6501049084921713
4307,-1.5211821674102999,0.6500398980013221
4308,-5.669971539407825,0.649974894011522
4309,-5.306947212910079,0.6499098965221208
4310,-8.077719817613467,0.6498449055324687
4311,-5.345192080554833,0.6497799210419154
4312,-5.2602067701397,0.6497149430498113
4313,-5.096662487173607,0.6496499715555063
4314,-3.321234459645903,0.6495850065583507
4315,-5.273405474680586,0.6495200480576949
4316,-3.10993340063642,0.6494550960528892
4317,-6.182691582385254,0.649390150543284
4318,-6.216651061804205,0.6493252115282296
4319,-2.0591936378544826,0.6492602790070768
4320,-7.014004851883005,0.6491953529791762
4321,-7.093088381352204,0.6491304334438783
4322,-7.597728967228137,0.649065520400534
4323,-7.243226827313366,0.649000613848494
4324,-8.756035910918856,0.6489357137871091
4325,-2.074409017975345,0.6488708202157304
4326,-8.053791696122587,0.6488059331337088
4327,-6.106775873076179,0.6487410525403955
4328,-8.005354472861008,0.6486761784351415
4329,-7.906678022759328,0.648611310817298
4330,-8.589617165840764,0.6485464496862162
4331,-8.21919866786949,0.6484815950412476
4332,-5.93017657046431,0.6484167468817434
4333,-9.139474648607596,0.6483519052070553
4334,-9.613155658116618,0.6482870700165346
4335,-8.671613250118327,0.648222241309533
4336,-7.738042235149367,0.648157419085402
4337,-4.030404758288803,0.6480926033434935
4338,-3.157568615721197,0.6480277940831591
4339,-3.3390556326157985,0.6479629913037508
4340,-5.637381548257829,0.6478981950046204
4341,-8.885853990136683,0.64783340518512
4342,-9.188004173569983,0.6477686218446015
4343,-7.668750472534386,0.6477038449824171
4344,-9.119147766425025,0.6476390745979188
4345,-6.814426779645448,0.647574310690459
4346,-5.852962934362742,0.64750955325939
4347,-8.187475115283043,0.647444802304064
4348,-5.835242095475141,0.6473800578238336
4349,-8.625045454358403,0.6473153198180512
4350,-8.9562545072944,0.6472505882860694
4351,-8.429317461300514,0.6471858632272408
4352,-4.267421090403951,0.6471211446409181
4353,-10.07050746210915,0.647056432526454
4354,-6.896331537028497,0.6469917268832013
4355,-9.274679015693295,0.6469270277105129
4356,-7.348412252571416,0.6468623350077418
4357,-7.472742288470004,0.6467976487742411
4358,-7.766391874827254,0.6467329690093636
4359,-4.279104013599809,0.6466682957124626
4360,-8.745301377956178,0.6466036288828914
4361,-7.947233716978767,0.646538968520003
4362,-4.884524407152634,0.6464743146231511
4363,-7.920271676940527,0.6464096671916888
4364,-8.346072372122167,0.6463450262249696
4365,-6.526960590237762,0.6462803917223471
4366,-6.714224871138462,0.6462157636831749
4367,-3.609022574093048,0.6461511421068066
4368,-7.982385770734812,0.6460865269925959
4369,-8.980398724159375,0.6460219183398966
4370,-8.901771817209966,0.6459573161480626
4371,-9.988410485482024,0.6458927204164479
4372,-8.046764058530005,0.6458281311444062
4373,-8.355621416165262,0.6457635483312918
4374,-8.85380252078375,0.6456989719764586
4375,-4.3770105790816745,0.645634402079261
4376,-6.699379208587846,0.6455698386390532
4377,-6.7103277315445276,0.6455052816551893
4378,-6.514732620771645,0.6454407311270237
4379,-4.33834170665155,0.645376187053911
4380,-6.79278967906049,0.6453116494352056
4381,-7.909327997565849,0.645247118270262
4382,-5.235203690601041,0.645182593558435
4383,-9.120699268184051,0.6451180752990792
4384,-9.773342041646979,0.6450535634915493
4385,-6.587354945404311,0.6449890581352001
4386,-10.4042599910146,0.6449245592293866
4387,-7.193943011171827,0.6448600667734637
4388,-6.7415963457626695,0.6447955807667864
4389,-1.9137718252737717,0.6447311012087098
4390,-2.736567992836644,0.644666628098589
4391,-6.789934054481107,0.6446021614357791
4392,-7.840776861452983,0.6445377012196355
4393,-8.049690998962625,0.6444732474495135
4394,-2.941470313807687,0.6444088001247685
4395,-9.122992057853718,0.6443443592447561
4396,-5.983751454665235,0.6442799248088316
4397,-8.244604225862988,0.6442154968163507
4398,-7.449212641273432,0.644151075266669
4399,-2.125813405001917,0.6440866601591424
4400,-7.448066610994646,0.6440222514931265
4401,-5.923180043205011,0.6439578492679773
4402,-2.7502301236239597,0.6438934534830505
4403,-7.932152842864388,0.6438290641377022
4404,-8.228107643483215,0.6437646812312885
4405,-4.554631012668797,0.6437003047631654
4406,-3.501580018810599,0.6436359347326891
4407,-7.369363476052115,0.6435715711392158
4408,-6.4442337769191065,0.6435072139821019
4409,-5.1748783330533925,0.6434428632607037
4410,-3.240241234388429,0.6433785189743776
4411,-4.901070052319803,0.6433141811224802
4412,-5.521277400443836,0.6432498497043679
4413,-2.9095484556910987,0.6431855247193975
4414,-4.259010156934512,0.6431212061669256
4415,-5.803134013776538,0.643056894046309
4416,-4.034377019553378,0.6429925883569043
4417,-8.286193500578266,0.6429282890980687
4418,-1.8473160899390972,0.6428639962691588
4419,-6.068131536459989,0.6427997098695319
4420,-6.827312172310217,0.642735429898545
4421,-4.5389255992274204,0.6426711563555552
4422,-7.654640538294145,0.6426068892399196
4423,-4.8447979832750345,0.6425426285509956
4424,-8.070247816932547,0.6424783742881406
4425,-6.0444688241265006,0.6424141264507118
4426,-1.7715241923712786,0.6423498850380668
4427,-4.003655372790703,0.642285650049563
4428,-6.538353860538556,0.642221421484558
4429,-5.66173748283323,0.6421571993424096
4430,-5.110532131280805,0.6420929836224754
4431,-6.375193816217919,0.6420287743241131
4432,-5.908619191999321,0.6419645714466807
4433,-1.4614426088216403,0.6419003749895361
4434,-5.707444709763182,0.6418361849520372
4435,-9.413595940825546,0.641772001333542
4436,-1.6258586329058273,0.6417078241334087
4437,-2.3589513351195657,0.6416436533509953
4438,-2.242231087688367,0.6415794889856602
4439,-3.640498527015254,0.6415153310367616
4440,-7.332974482080932,0.6414511795036579
4441,-6.520709510385625,0.6413870343857075
4442,-7.208605124674392,0.641322895682269
4443,-6.8556707264456564,0.6412587633927007
4444,-8.216549461940293,0.6411946375163614
4445,-9.04046285402475,0.6411305180526098
4446,-6.697275673788053,0.6410664050008046
4447,-2.5002445527490598,0.6410022983603045
4448,-6.860869760806786,0.6409381981304685
4449,-6.868067892538008,0.6408741043106554
4450,-6.825798195686611,0.6408100169002243
4451,-8.293840510593357,0.6407459358985343
4452,-4.446262045619498,0.6406818613049445
4453,-8.26659709038254,0.6406177931188141
4454,-8.969749832790221,0.6405537313395022
4455,-4.8727808785699835,0.6404896759663683
4456,-4.76991018542426,0.6404256269987717
4457,-8.822046146855552,0.6403615844360718
4458,-8.161679072764695,0.6402975482776282
4459,-9.15212203757141,0.6402335185228004
4460,-5.3255379376902425,0.6401694951709481
4461,-6.830118682595304,0.640105478221431
4462,-8.967346892589138,0.6400414676736089
4463,-8.989142991967519,0.6399774635268416
4464,-4.746378002830243,0.6399134657804889
4465,-8.799182405684551,0.6398494744339108
4466,-6.696876470376314,0.6397854894864674
4467,-8.041952223901408,0.6397215109375187
4468,-7.850003956548295,0.639657538786425
4469,-7.796567009051354,0.6395935730325463
4470,-8.249299029702158,0.639529613675243
4471,-6.071064392439878,0.6394656607138755
4472,-7.41710442940404,0.6394017141478041
4473,-4.893332480051764,0.6393377739763894
4474,-4.113508741921497,0.6392738401989917
4475,-7.101500843948009,0.6392099128149717
4476,-7.64682346203136,0.6391459918236903
4477,-8.086518406526869,0.6390820772245079
4478,-7.030295187428461,0.6390181690167855
4479,-9.364563523934766,0.6389542671998839
4480,-5.984948983645067,0.6388903717731639
4481,-7.225932848568836,0.6388264827359865
4482,-8.355398576339969,0.6387626000877129
4483,-8.292749763688889,0.6386987238277041
4484,-10.091255934301808,0.6386348539553214
4485,-9.415555953142716,0.6385709904699258
4486,-2.21925935320852,0.6385071333708788
4487,-5.429271124722712,0.6384432826575418
4488,-2.326303581239576,0.638379438329276
4489,-6.499745858341508,0.6383156003854431
4490,-2.4572236863727293,0.6382517688254046
4491,-3.1596119995427716,0.638187943648522
4492,-6.325988075413206,0.6381241248541571
4493,-7.033432764627037,0.6380603124416717
4494,-2.4803049014900798,0.6379965064104276
4495,-2.086280141446144,0.6379327067597865
4496,-7.13261410387951,0.6378689134891106
4497,-5.429035001658351,0.6378051265977617
4498,-5.200733000130367,0.6377413460851019
4499,-2.2379103980800346,0.6376775719504935
4500,-2.3971997959367983,0.6376138041932984
4501,-1.825724018892784,0.6375500428128791
4502,-3.6884770115527252,0.6374862878085978
4503,-5.6631917079843594,0.637422539179817
4504,-2.537345025521245,0.637358796925899
4505,-5.408609876980143,0.6372950610462065
4506,-5.824874385819128,0.6372313315401019
4507,-6.249770289547744,0.637167608406948
4508,-6.702315564748605,0.6371038916461073
4509,-7.791276588544877,0.6370401812569426
4510,-8.081510638285396,0.6369764772388169
4511,-6.945244473659894,0.636912779591093
4512,-7.427533693465961,0.6368490883131339
4513,-3.1816248487654137,0.6367854034043026
4514,-4.12891061696576,0.6367217248639622
4515,-7.696567417985126,0.6366580526914758
4516,-2.0801146572498133,0.6365943868862066
4517,-7.350121178009614,0.636530727447518
4518,-6.689178690973483,0.6364670743747733
4519,-7.884273784465918,0.6364034276673358
4520,-5.985716466172784,0.6363397873245691
4521,-5.380546218380966,0.6362761533458366
4522,-6.963646381483252,0.636212525730502
4523,-7.819761739859261,0.6361489044779289
4524,-7.3491487250882965,0.6360852895874811
4525,-7.123671523116942,0.6360216810585224
4526,-7.352449467994635,0.6359580788904166
4527,-5.011691756863665,0.6358944830825275
4528,-6.607801730104944,0.6358308936342193
4529,-2.5911873907968763,0.6357673105448559
4530,-4.698367312375251,0.6357037338138014
4531,-7.0304108503199965,0.6356401634404201
4532,-6.631521867202814,0.6355765994240761
4533,-4.848368460174929,0.6355130417641337
4534,-7.5248597142145375,0.6354494904599572
4535,-2.004093055349183,0.6353859455109112
4536,-3.8888547271176996,0.6353224069163601
4537,-7.048270560804017,0.6352588746756684
4538,-5.879753299174668,0.6351953487882008
4539,-6.693386864961395,0.635131829253322
4540,-7.0844633768217085,0.6350683160703967
4541,-6.6827866598200565,0.6350048092387897
4542,-6.448431738643199,0.6349413087578658
4543,-2.3943516584871256,0.63487781462699
4544,-6.6963109606688,0.6348143268455273
4545,-1.972027616994987,0.6347508454128428
4546,-3.6993585741391777,0.6346873703283015
4547,-6.695045328720509,0.6346239015912687
4548,-7.26487336794849,0.6345604392011096
4549,-5.714992772127672,0.6344969831571895
4550,-2.8824222268753443,0.6344335334588738
4551,-7.673773404251378,0.6343700901055279
4552,-2.3035701551331944,0.6343066530965173
4553,-2.2993801293039207,0.6342432224312077
4554,-3.2155574381623016,0.6341797981089645
4555,-8.088983233926449,0.6341163801291536
4556,-2.3185548067774704,0.6340529684911407
4557,-5.569734491981819,0.6339895631942916
4558,-2.320132819515714,0.6339261642379721
4559,-7.821287386510872,0.6338627716215484
4560,-7.9055990612054465,0.6337993853443862
4561,-8.65607352165365,0.6337360054058517
4562,-7.853895860047072,0.6336726318053112
4563,-6.8378572131522,0.6336092645421306
4564,-6.161672259165815,0.6335459036156764
4565,-5.437904362425606,0.6334825490253149
4566,-6.76780662900261,0.6334192007704124
4567,-6.132016182931665,0.6333558588503353
4568,-2.1701579252049865,0.6332925232644503
4569,-7.558618796465424,0.6332291940121239
4570,-8.43815135756897,0.6331658710927226
4571,-8.588543278605732,0.6331025545056134
4572,-7.790528975510442,0.6330392442501628
4573,-7.551275929533183,0.6329759403257378
4574,-7.404076941186293,0.6329126427317052
4575,-8.764508503706864,0.632849351467432
4576,-7.769132609632642,0.6327860665322853
4577,-7.605722788609543,0.6327227879256321
4578,-7.8785352838447285,0.6326595156468395
4579,-8.07670277662546,0.6325962496952748
4580,-4.2707841295845395,0.6325329900703053
4581,-6.4718454591153645,0.6324697367712983
4582,-5.743660935476916,0.6324064897976212
4583,-2.46242858126091,0.6323432491486414
4584,-6.520790278115997,0.6322800148237265
4585,-3.0383064224935956,0.6322167868222441
4586,-5.211598680572495,0.6321535651435619
4587,-5.3932002860352295,0.6320903497870476
4588,-6.867869002601498,0.6320271407520689
4589,-5.860395978365612,0.6319639380379937
4590,-7.141521511231625,0.6319007416441899
4591,-2.474884893622543,0.6318375515700254
4592,-3.7001143698480936,0.6317743678148684
4593,-7.740569317448782,0.6317111903780869
4594,-7.413974280446197,0.6316480192590491
4595,-9.954081101644865,0.6315848544571232
4596,-7.130642100466828,0.6315216959716775
4597,-7.436842280587291,0.6314585438020803
4598,-5.478867836399218,0.6313953979477002
4599,-6.479170526452078,0.6313322584079054
4600,-6.060008521936926,0.6312691251820646
4601,-5.966101033188817,0.6312059982695464
4602,-5.106463635418483,0.6311428776697194
4603,-7.757260141695485,0.6310797633819525
4604,-7.317933052974946,0.6310166554056142
4605,-5.598122754546153,0.6309535537400737
4606,-3.700980860388183,0.6308904583846997
4607,-2.52443156697276,0.6308273693388612
4608,-7.702961329261119,0.6307642866019273
4609,-8.189156938623404,0.6307012101732671
4610,-3.366581629771626,0.6306381400522497
4611,-6.245754218502031,0.6305750762382445
4612,-8.002282004434083,0.6305120187306207
4613,-3.5251824487712655,0.6304489675287476
4614,-6.815837149284642,0.6303859226319947
4615,-7.608411365097909,0.6303228840397315
4616,-6.537058064752976,0.6302598517513275
4617,-4.887774787753942,0.6301968257661523
4618,-5.981138294423527,0.6301338060835757
4619,-6.301278022718622,0.6300707927029674
4620,-6.817740802787583,0.6300077856236971
4621,-4.406074437279601,0.6299447848451347
4622,-6.800913549231476,0.6298817903666503
4623,-5.847822576306548,0.6298188021876137
4624,-4.941594850127972,0.6297558203073949
4625,-8.656195190089024,0.6296928447253641
4626,-6.026973416686543,0.6296298754408916
4627,-2.362956309758368,0.6295669124533475
4628,-3.5967225099339646,0.6295039557621022
4629,-3.797015015567402,0.6294410053665259
4630,-3.2583923816132083,0.6293780612659893
4631,-5.817689923807491,0.6293151234598627
4632,-3.0090032341552884,0.6292521919475168
4633,-5.98595075823504,0.6291892667283221
4634,-7.007784722536769,0.6291263478016492
4635,-5.8391294775880125,0.629063435166869
4636,-5.762858975230028,0.6290005288233523
4637,-6.293063132044334,0.62893762877047
4638,-5.434668159323323,0.6288747350075929
4639,-3.003792615807959,0.6288118475340921
4640,-5.935873943755237,0.6287489663493387
4641,-8.609912626678065,0.6286860914527038
4642,-2.2555770564601136,0.6286232228435585
4643,-6.637313018645802,0.6285603605212742
4644,-3.235865889762097,0.628497504485222
4645,-2.978448971500418,0.6284346547347734
4646,-9.021755465849992,0.6283718112693
4647,-7.676938827096655,0.6283089740881731
4648,-8.899534736322956,0.6282461431907643
4649,-3.676613043554296,0.6281833185764453
4650,-7.302902698726291,0.6281205002445877
4651,-4.021907807886039,0.6280576881945632
4652,-9.58901458978386,0.6279948824257438
4653,-6.415990860808474,0.6279320829375011
4654,-6.575528695377917,0.6278692897292074
4655,-7.542824526693544,0.6278065028002345
4656,-7.464381549989585,0.6277437221499546
4657,-7.755801311309827,0.6276809477777395
4658,-6.103687074336667,0.6276181796829617
4659,-8.580897531121597,0.6275554178649935
4660,-7.558224476074238,0.627492662323207
4661,-6.6398172656851475,0.6274299130569747
4662,-6.843582901577847,0.627367170065669
4663,-6.093098095993058,0.6273044333486625
4664,-10.820847745205057,0.6272417029053277
4665,-7.489015105851662,0.6271789787350371
4666,-5.47901454600855,0.6271162608371637
4667,-7.40626899022131,0.6270535492110799
4668,-9.502314233275017,0.6269908438561588
4669,-7.812998670662106,0.6269281447717732
4670,-9.587354485283331,0.626865451957296
4671,-8.785471367603982,0.6268027654121003
4672,-7.101181591979229,0.6267400851355591
4673,-8.540605951415095,0.6266774111270456
4674,-7.302991384014959,0.6266147433859328
4675,-5.742670293819714,0.6265520819115943
4676,-4.996571365625816,0.6264894267034031
4677,-5.988441858240892,0.6264267777607327
4678,-5.886061937890297,0.6263641350829566
4679,-7.993399313002181,0.6263014986694483
4680,-5.45761271198808,0.6262388685195813
4681,-1.9546456006185928,0.6261762446327294
4682,-5.507544343100723,0.6261136270082661
4683,-3.1215233155326683,0.6260510156455653
4684,-7.622218595993233,0.6259884105440008
4685,-5.780697830883989,0.6259258117029464
4686,-6.157946532953331,0.6258632191217761
4687,-7.7180525760918535,0.625800632799864
4688,-5.246902610513792,0.625738052736584
4689,-8.512339908204336,0.6256754789313104
4690,-6.623634704261756,0.6256129113834172
4691,-5.287131420988685,0.6255503500922789
4692,-6.339020706509906,0.6254877950572697
4693,-6.562385735070244,0.625425246277764
4694,-7.405089257249365,0.6253627037531362
4695,-5.709073667827919,0.6253001674827608
4696,-3.5130048620174756,0.6252376374660126
4697,-3.4439036545352937,0.625175113702266
4698,-6.918047912979526,0.6251125961908958
4699,-5.202942105668249,0.6250500849312767
4700,-6.690870992128401,0.6249875799227835
4701,-4.535087458362076,0.6249250811647913
4702,-6.065717869062371,0.6248625886566748
4703,-1.8394704536485877,0.6248001023978091
4704,-5.2218032344282275,0.6247376223875694
4705,-4.891627035873334,0.6246751486253306
4706,-1.7446842470742565,0.6246126811104681
4707,-5.07451358740566,0.624550219842357
4708,-7.688443156796649,0.6244877648203728
4709,-4.8941940078177835,0.6244253160438908
4710,-4.276429624540488,0.6243628735122865
4711,-6.228633144846076,0.6243004372249352
4712,-5.969454609110992,0.6242380071812127
4713,-4.436287702322408,0.6241755833804946
4714,-8.017483836273692,0.6241131658221566
4715,-5.004210777237974,0.6240507545055743
4716,-5.174711119662399,0.6239883494301238
4717,-6.031896332218974,0.6239259505951809
4718,-6.8027850425303065,0.6238635580001214
4719,-7.497133065564325,0.6238011716443214
4720,-7.642942678020544,0.6237387915271569
4721,-5.685785410561274,0.6236764176480042
4722,-7.600029859670606,0.6236140500062394
4723,-5.939607777409831,0.6235516886012388
4724,-6.202904021386478,0.6234893334323787
4725,-4.88628420273265,0.6234269844990354
4726,-4.956189941586606,0.6233646418005856
4727,-4.646941086233165,0.6233023053364055
4728,-4.916759912580559,0.6232399751058719
4729,-8.672222370603494,0.6231776511083613
4730,-5.790450514243307,0.6231153333432505
4731,-5.683437921381946,0.6230530218099162
4732,-2.0209473029025626,0.6229907165077352
4733,-7.591205382380237,0.6229284174360844
4734,-8.413289906112478,0.6228661245943408
4735,-8.055674582434488,0.6228038379818813
4736,-8.890899916695929,0.6227415575980831
4737,-6.539820184840832,0.6226792834423234
4738,-4.504709733671296,0.6226170155139792
4739,-7.637620544920041,0.6225547538124278
4740,-5.364373455734346,0.6224924983370466
4741,-7.092804314172013,0.6224302490872129
4742,-4.754239264221401,0.6223680060623041
4743,-8.187228210269595,0.6223057692616979
4744,-10.340914851745158,0.6222435386847718
4745,-7.235481416383848,0.6221813143309033
4746,-5.685118667907529,0.6221190961994703
4747,-7.683335963054181,0.6220568842898503
4748,-9.214007061150786,0.6219946786014213
4749,-8.658563231959583,0.6219324791335612
4750,-5.7663273262138,0.6218702858856479
4751,-8.824614113644621,0.6218080988570593
4752,-4.558891827711205,0.6217459180471736
4753,-7.392849170026844,0.6216837434553689
4754,-5.570987520817483,0.6216215750810233
4755,-7.0955643221224705,0.6215594129235152
4756,-7.653563527828579,0.6214972569822229
4757,-7.546452472413416,0.6214351072565247
4758,-9.165630573101183,0.6213729637457991
4759,-4.861222144803591,0.6213108264494245
4760,-7.611537550892677,0.6212486953667795
4761,-8.974695108396308,0.6211865704972428
4762,-4.369301175198234,0.621124451840193
4763,-4.591344944294001,0.621062339395009
4764,-8.748221247516584,0.6210002331610694
4765,-8.039021997140303,0.6209381331377534
4766,-6.108464239981398,0.6208760393244396
4767,-8.304721529560517,0.6208139517205071
4768,-10.643030419681136,0.6207518703253351
4769,-4.657681914810894,0.6206897951383026
4770,-5.743051629740182,0.6206277261587888
4771,-9.016801183560156,0.6205656633861729
4772,-8.370357523266467,0.6205036068198343
4773,-8.105687623887132,0.6204415564591523
4774,-5.438368410172938,0.6203795123035064
4775,-8.072067453729622,0.620317474352276
4776,-7.883599972659968,0.6202554426048408
4777,-6.495008035316883,0.6201934170605803
4778,-5.721372434335052,0.6201313977188743
4779,-5.5719839121564085,0.6200693845791024
4780,-4.69017271434135,0.6200073776406445
4781,-3.5109244285577597,0.6199453769028804
4782,-6.0892570265314525,0.6198833823651901
4783,-2.4026763171257595,0.6198213940269536
4784,-7.817908864837667,0.6197594118875509
4785,-6.876063450755756,0.6196974359463622
4786,-6.851860506860822,0.6196354662027675
4787,-3.4436797042188423,0.6195735026561473
4788,-3.928007844742521,0.6195115453058817
4789,-7.685471984464777,0.6194495941513511
4790,-7.050098852821155,0.619387649191936
4791,-3.832109656788085,0.6193257104270168
4792,-6.18240124516497,0.6192637778559741
4793,-5.406280623497148,0.6192018514781885
4794,-4.129424414758938,0.6191399312930407
4795,-3.3109305754214318,0.6190780172999114
4796,-3.694405513682105,0.6190161094981814
4797,-2.3878730074425585,0.6189542078872317
4798,-7.351267246970701,0.6188923124664429
4799,-7.474115623260925,0.6188304232351963
4800,-3.0747210037226917,0.6187685401928729
4801,-5.986865455279167,0.6187066633388536
4802,-7.458437958807847,0.6186447926725197
4803,-5.27387281845562,0.6185829281932524
4804,-8.818945171284955,0.6185210699004331
4805,-4.17769224272107,0.618459217793443
4806,-6.037267938595699,0.6183973718716637
4807,-3.8740404085857354,0.6183355321344765
4808,-5.600704024567647,0.618273698581263
4809,-6.400056170592303,0.6182118712114049
4810,-3.8122156749264327,0.6181500500242837
4811,-3.1527939720214926,0.6180882350192812
4812,-5.724043476997578,0.6180264261957793
4813,-2.552232435384399,0.6179646235531597
4814,-2.8971662010638806,0.6179028270908045
4815,-7.095499715983756,0.6178410368080954
4816,-5.390387698077968,0.6177792527044146
4817,-5.912498375697457,0.6177174747791442
4818,-7.165280983623355,0.6176557030316663
4819,-5.256110313299056,0.6175939374613632
4820,-6.419573535816196,0.6175321780676171
4821,-5.685609002099612,0.6174704248498103
4822,-4.790841127334817,0.6174086778073253
4823,-6.055518282941673,0.6173469369395446
4824,-3.1133927208326693,0.6172852022458506
4825,-6.527835549584582,0.617223473725626
4826,-6.5084847314052645,0.6171617513782535
4827,-6.797512462020494,0.6171000352031156
4828,-6.617216446337418,0.6170383251995953
4829,-7.377615150215737,0.6169766213670754
4830,-6.099311221728652,0.6169149237049387
4831,-5.1124650197162635,0.6168532322125683
4832,-5.646933857886218,0.616791546889347
4833,-5.465944735464092,0.6167298677346581
4834,-6.769559822406281,0.6166681947478846
4835,-7.366420023807649,0.6166065279284098
4836,-5.219858010511389,0.616544867275617
4837,-6.4324024826644,0.6164832127888894
4838,-6.423038366514712,0.6164215644676105
4839,-5.072567967668837,0.6163599223111638
4840,-5.396512323656262,0.6162982863189327
4841,-4.970445457636323,0.6162366564903008
4842,-7.5547750338298245,0.6161750328246518
4843,-5.534817509158826,0.6161134153213693
4844,-7.670683217721086,0.6160518039798372
4845,-7.417376922046191,0.6159901987994392
4846,-8.138150617508927,0.6159285997795593
4847,-2.185701280369342,0.6158670069195813
4848,-8.52415102159815,0.6158054202188893
4849,-2.19564607370277,0.6157438396768674
4850,-7.021726545547422,0.6156822652928997
4851,-6.308707535689804,0.6156206970663705
4852,-3.49467326746843,0.6155591349966638
4853,-5.387108595023176,0.6154975790831642
4854,-6.76342184181002,0.6154360293252559
4855,-8.399491277978107,0.6153744857223233
4856,-9.010371290789628,0.6153129482737512
4857,-3.4585571802326784,0.6152514169789238
4858,-7.405133879453254,0.6151898918372259
4859,-7.177708277940111,0.6151283728480422
4860,-5.01707187445642,0.6150668600107574
4861,-2.276229592700722,0.6150053533247564
4862,-9.241821853930418,0.6149438527894239
4863,-7.639758524931204,0.614882358404145
4864,-6.9539544196460366,0.6148208701683046
4865,-4.0713086446152635,0.6147593880812877
4866,-4.008711576008599,0.6146979121424796
4867,-7.448312681161213,0.6146364423512654
4868,-6.475809202108653,0.6145749787070303
4869,-6.684955578178642,0.6145135212091596
4870,-7.5549597173094725,0.6144520698570387
4871,-7.899155661834673,0.614390624650053
4872,-10.25012706903972,0.614329185587588
4873,-5.856326581711313,0.6142677526690292
4874,-7.460830164841591,0.6142063258937623
4875,-4.785880951330068,0.6141449052611729
4876,-2.7907092137794374,0.6140834907706468
4877,-7.1887729224994725,0.6140220824215697
4878,-5.629283911189929,0.6139606802133276
4879,-5.704155048195344,0.6138992841453063
4880,-5.660445531125975,0.6138378942168917
4881,-8.123940743578398,0.6137765104274701
4882,-5.584718243365094,0.6137151327764273
4883,-1.9527880955233994,0.6136537612631496
4884,-3.088398843479519,0.6135923958870233
4885,-4.60494305855059,0.6135310366474346
4886,-7.850654249690604,0.6134696835437699
4887,-4.38101971840098,0.6134083365754155
4888,-4.102033919230048,0.613346995741758
4889,-3.6176437837170594,0.6132856610421838
4890,-2.8501158012221377,0.6132243324760797
4891,-8.716774890860266,0.613163010042832
4892,-3.55969613465565,0.6131016937418278
4893,-6.0426385348971845,0.6130403835724536
4894,-4.918156247231694,0.6129790795340964
4895,-6.662646320083708,0.612917781626143
4896,-6.388066902279062,0.6128564898479804
4897,-2.026830571076886,0.6127952041989956
4898,-5.29566512336325,0.6127339246785757
4899,-6.172550620262124,0.6126726512861078
4900,-6.027703474171313,0.6126113840209793
4901,-5.229548146971011,0.6125501228825772
4902,-2.153534480057087,0.6124888678702889
4903,-5.810753894345342,0.6124276189835018
4904,-2.362448898315722,0.6123663762216035
4905,-6.132699978110926,0.6123051395839814
4906,-6.001390606401903,0.612243909070023
4907,-7.0884409210208315,0.6121826846791161
4908,-5.737225608678271,0.6121214664106481
4909,-3.8446742892277466,0.6120602542640071
4910,-5.32498704244389,0.6119990482385808
4911,-4.932811668121413,0.6119378483337569
4912,-4.384859465221784,0.6118766545489235
4913,-4.390472075752715,0.6118154668834686
4914,-3.1764160350058086,0.6117542853367802
4915,-2.3468647755304533,0.6116931099082465
4916,-6.424303369705026,0.6116319405972557
4917,-5.930174776185514,0.611570777403196
4918,-9.799124090200834,0.6115096203254556
4919,-7.048988238477329,0.6114484693634231
4920,-5.130056765768504,0.6113873245164868
4921,-9.691840141909644,0.6113261857840352
4922,-7.433188514477728,0.6112650531654568
4923,-9.531514220616561,0.6112039266601402
4924,-6.626148901726792,0.6111428062674742
4925,-3.145728862167192,0.6110816919868475
4926,-9.127333371106014,0.6110205838176488
4927,-6.954450671310926,0.6109594817592671
4928,-7.920111105694401,0.6108983858110911
4929,-8.178396398917958,0.61083729597251
4930,-4.324809277842682,0.6107762122429128
4931,-7.880319965197232,0.6107151346216885
4932,-6.444229387637062,0.6106540631082263
4933,-8.334829906506101,0.6105929977019156
4934,-9.98722728871348,0.6105319384021454
4935,-8.202166038501632,0.6104708852083052
4936,-9.930717653054655,0.6104098381197843
4937,-9.426053607907223,0.6103487971359723
4938,-5.872568394439535,0.6102877622562588
4939,-9.085314341728036,0.6102267334800332
4940,-3.76211583333939,0.6101657108066852
4941,-6.211080292003623,0.6101046942356045
4942,-8.551439447854877,0.610043683766181
4943,-7.2953024887472875,0.6099826793978044
4944,-6.5360289432322976,0.6099216811298646
4945,-7.92361324590392,0.6098606889617516
4946,-5.619667224310556,0.6097997028928555
4947,-7.096884170643132,0.6097387229225661
4948,-5.360798287204452,0.6096777490502739
4949,-9.168555564216945,0.6096167812753689
4950,-8.900899889523798,0.6095558195972414
4951,-3.509299202340415,0.6094948640152816
4952,-6.647454528086236,0.6094339145288801
4953,-8.47323807226391,0.6093729711374272
4954,-8.398314823567322,0.6093120338403134
4955,-8.681148510658446,0.6092511026369294
4956,-7.8413757418021435,0.6091901775266657
4957,-8.402916267662293,0.6091292585089131
4958,-9.643787100081443,0.6090683455830622
4959,-8.842833325458857,0.6090074387485039
4960,-6.65017251817037,0.6089465380046291
4961,-8.620270063917378,0.6088856433508286
4962,-8.291102575707422,0.6088247547864936
4963,-3.909096147446421,0.6087638723110149
4964,-5.4081919503198055,0.6087029959237839
4965,-9.968413476377734,0.6086421256241915
4966,-6.477971069733281,0.608581261411629
4967,-9.357593856696052,0.6085204032854878
4968,-8.926194641510984,0.6084595512451593
4969,-8.9706873847754,0.6083987052900348
4970,-6.604646913928747,0.6083378654195059
4971,-8.241256986676884,0.6082770316329639
4972,-5.5903112962764805,0.6082162039298006
4973,-7.008739228857123,0.6081553823094076
4974,-4.739774282916253,0.6080945667711767
4975,-5.64391210989664,0.6080337573144996
4976,-3.1435927314797847,0.6079729539387682
4977,-5.142413867675966,0.6079121566433743
4978,-6.576185906082495,0.6078513654277099
4979,-6.611231957863231,0.6077905802911672
4980,-6.2175634012951555,0.607729801233138
4981,-3.3982471025840906,0.6076690282530147
4982,-3.858250507349124,0.6076082613501894
4983,-3.886163589028847,0.6075475005240544
4984,-5.026594535978277,0.607486745774002
4985,-9.006515420506242,0.6074259970994246
4986,-8.521150587537097,0.6073652544997147
4987,-5.410820053446813,0.6073045179742648
4988,-8.653427124508902,0.6072437875224673
4989,-5.998669151549409,0.6071830631437151
4990,-7.073503619632728,0.6071223448374007
4991,-4.893191803344214,0.6070616326029169
4992,-8.514621488170869,0.6070009264396566
4993,-1.3033974130154622,0.6069402263470127
4994,-5.071123211153932,0.6068795323243781
4995,-5.811943461746728,0.6068188443711456
4996,-5.119285478071147,0.6067581624867086
4997,-4.9750076394947556,0.6066974866704599
4998,-6.0670329731254355,0.6066368169217928
4999,-5.175940179882956,0.6065761532401006
5000,-3.3177108387262297,0.6065154956247766
5001,-3.366581629771626,0.6064548440752141
5002,-7.262513933096649,0.6063941985908066
5003,-5.4888298056678675,0.6063335591709474
5004,-6.838769725317045,0.6062729258150303
5005,-7.996790188937764,0.6062122985224488
5006,-7.51790709735997,0.6061516772925966
5007,-2.128439637893128,0.6060910621248673
5008,-6.367543377687189,0.6060304530186548
5009,-4.513468048701228,0.6059698499733529
5010,-7.667597137869391,0.6059092529883556
5011,-2.919612405393669,0.6058486620630568
5012,-6.473403106082872,0.6057880771968505
5013,-5.290456540565544,0.6057274983891308
5014,-5.148885556244273,0.6056669256392918
5015,-5.634056824118742,0.6056063589467279
5016,-5.676557213120342,0.6055457983108332
5017,-6.313202232284386,0.6054852437310021
5018,-2.62195702099289,0.605424695206629
5019,-2.614145394439507,0.6053641527371083
5020,-4.0752823650932015,0.6053036163218346
5021,-5.295963974422969,0.6052430859602024
5022,-7.355314796629514,0.6051825616516063
5023,-2.585729598226707,0.6051220433954412
5024,-4.035537250954048,0.6050615311911016
5025,-2.3357636460364803,0.6050010250379825
5026,-4.43501546710516,0.6049405249354787
5027,-5.927989188553157,0.6048800308829851
5028,-1.4255270186707543,0.6048195428798968
5029,-5.562834557195408,0.6047590609256088
5030,-8.126127045030934,0.6046985850195162
5031,-4.779135710160394,0.6046381151610143
5032,-5.84933335996597,0.6045776513494981
5033,-10.71134236593202,0.6045171935843632
5034,-2.6162477380692812,0.6044567418650048
5035,-6.082015967308164,0.6043962961908182
5036,-8.542569189987574,0.6043358565611991
5037,-7.070636831014006,0.604275422975543
5038,-9.138283479152157,0.6042149954332455
5039,-7.897133648095879,0.6041545739337022
5040,-5.673513957357148,0.6040941584763089
5041,-8.159680182393132,0.6040337490604613
5042,-7.173167651855585,0.6039733456855552
5043,-6.702045930658821,0.6039129483509866
5044,-4.699258758592667,0.6038525570561516
5045,-8.33800033894343,0.603792171800446
5046,-9.978128986378412,0.6037317925832659
5047,-5.38803629412492,0.6036714194040076
5048,-8.228300185915698,0.6036110522620672
5049,-9.555919281159216,0.603550691156841
5050,-3.2367747193628125,0.6034903360877253
5051,-6.96791380414488,0.6034299870541165
5052,-4.971054730130358,0.6033696440554112
5053,-6.081696634643177,0.6033093070910056
5054,-8.0879081469319,0.6032489761602965
5055,-3.3791933490864365,0.6031886512626805
5056,-9.595136504813517,0.6031283323975543
5057,-9.223762469127148,0.6030680195643146
5058,-9.83650953717211,0.6030077127623581
5059,-5.939178149804913,0.6029474119910818
5060,-8.577063791474423,0.6028871172498828
5061,-6.160369136398545,0.6028268285381577
5062,-5.9101407342824075,0.6027665458553039
5063,-8.974523757814621,0.6027062692007183
5064,-10.130774835123939,0.6026459985737983
5065,-5.836919535139959,0.6025857339739409
5066,-10.253857551745389,0.6025254754005435
5067,-7.155054677389643,0.6024652228530034
5068,-6.329534712520369,0.6024049763307181
5069,-7.799144910306529,0.602344735833085
5070,-6.861845534352428,0.6022845013595017
5071,-7.8713010612493335,0.6022242729093658
5072,-6.9370113897695695,0.6021640504820748
5073,-4.608296828497149,0.6021038340770266
5074,-7.84229484409968,0.602043623693619
5075,-8.551631480678573,0.6019834193312497
5076,-8.288055297695667,0.6019232209893165
5077,-6.153076059389027,0.6018630286672175
5078,-6.968040438037757,0.6018028423643508
5079,-7.625584108524089,0.6017426620801144
5080,-6.892186914289512,0.6016824878139064
5081,-7.152990201161862,0.601622319565125
5082,-2.7405683293734993,0.6015621573331685
5083,-6.64527858909434,0.6015020011174352
5084,-6.888943717785237,0.6014418509173235
5085,-8.285364448162458,0.6013817067322318
5086,-5.200261831189083,0.6013215685615586
5087,-6.7591421691909,0.6012614364047024
5088,-2.8134972716422912,0.6012013102610619
5089,-3.155584912326577,0.6011411901300359
5090,-7.351405714399677,0.6010810760110229
5091,-6.9113794715261205,0.6010209679034219
5092,-7.593719518018888,0.6009608658066316
5093,-6.252596749698165,0.6009007697200509
5094,-7.656775500540002,0.6008406796430789
5095,-7.261474669288166,0.6007805955751145
5096,-2.91510762289896,0.600720517515557
5097,-5.159430548219775,0.6006604454638055
5098,-7.117130379880315,0.6006003794192591
5099,-7.033850026046123,0.6005403193813172
5100,-5.276835597313814,0.6004802653493791
5101,-6.782119215289431,0.6004202173228442
5102,-4.5842861618516295,0.600360175301112
5103,-6.69277703079662,0.6003001392835818
5104,-1.5427633537344523,0.6002401092696534
5105,-5.35045111957888,0.6001800852587265
5106,-6.0045000748994,0.6001200672502006
5107,-2.3197414195746986,0.6000600552434756
5108,-3.8253659375107567,0.6000000492379512
5109,-8.106969469868273,0.5999400492330275
5110,-5.2780507701821,0.5998800552281042
5111,-5.811634252857573,0.5998200672225814
5112,-6.236131265966658,0.5997600852158591
5113,-2.9840472134159812,0.5997001092073375
5114,-6.633929631365986,0.5996401391964168
5115,-6.512081349039606,0.5995801751824972
5116,-5.87839137430709,0.5995202171649789
5117,-8.741454676251955,0.5994602651432624
5118,-7.993237202061092,0.5994003191167482
5119,-5.103531114460085,0.5993403790848365
5120,-8.383076939449706,0.599280445046928
5121,-8.549622617851888,0.5992205170024233
5122,-6.940649792973442,0.599160594950723
5123,-9.740014183680877,0.599100678891228
5124,-1.6964128448002604,0.5990407688233389
5125,-9.279053320104403,0.5989808647464566
5126,-3.776723572090006,0.598920966659982
5127,-8.198460192003195,0.5988610745633159
5128,-4.584230528599321,0.5988011884558596
5129,-3.757340551739659,0.598741308337014
5130,-4.024711557114635,0.5986814342061803
5131,-8.565226122626042,0.5986215660627596
5132,-5.082222368680689,0.5985617039061534
5133,-6.303539666026538,0.5985018477357628
5134,-7.400115611722896,0.5984419975509891
5135,-5.193737163598825,0.598382153351234
5136,-8.003719682366661,0.598322315135899
5137,-8.60887111319951,0.5982624829043853
5138,-6.397174824526694,0.5982026566560948
5139,-6.16313963884925,0.5981428363904292
5140,-6.353177733505433,0.5980830221067902
5141,-9.372488428224596,0.5980232138045796
5142,-7.745901173865478,0.5979634114831991
5143,-7.286783320737925,0.5979036151420508
5144,-7.688278764206234,0.5978438247805367
5145,-5.606494677324525,0.5977840403980587
5146,-3.4513399417139876,0.5977242619940188
5147,-4.7555494720471145,0.5976644895678195
5148,-5.214450598639528,0.5976047231188627
5149,-8.535917809089849,0.5975449626465508
5150,-7.096547497991496,0.5974852081502862
5151,-5.517035805601093,0.5974254596294711
5152,-8.520187822727067,0.5973657170835082
5153,-8.714786719540975,0.5973059805117998
5154,-7.263596518868023,0.5972462499137486
5155,-5.328428786134455,0.5971865252887573
5156,-9.084324969005126,0.5971268066362284
5157,-7.312271613048047,0.5970670939555648
5158,-3.5380383133498845,0.5970073872461692
5159,-7.875799667232835,0.5969476865074446
5160,-4.891092535106034,0.5968879917387938
5161,-6.247437571831031,0.59682830293962
5162,-6.53005241738576,0.596768620109326
5163,-6.111036147353766,0.596708943247315
5164,-7.485898686588194,0.5966492723529904
5165,-9.829710373929482,0.5965896074257551
5166,-8.166475867007252,0.5965299484650125
5167,-9.038551393332526,0.5964702954701661
5168,-3.5774354118064577,0.5964106484406191
5169,-4.548389819217289,0.5963510073757751
5170,-2.302337887683088,0.5962913722750375
5171,-9.04205193684352,0.59623174313781
5172,-6.955286685794217,0.5961721199634963
5173,-2.3567039976241317,0.5961125027515
5174,-2.8795174511507415,0.5960528915012249
5175,-9.802205911006618,0.5959932862120747
5176,-7.711571201360322,0.5959336868834535
5177,-3.135049335406464,0.5958740935147652
5178,-2.0822227292297226,0.5958145061054136
5179,-2.5382512048604506,0.5957549246548031
5180,-3.0088363063851102,0.5956953491623376
5181,-8.343525206817318,0.5956357796274213
5182,-2.072093785833125,0.5955762160494585
5183,-2.2198855579549894,0.5955166584278536
5184,-2.38801531945587,0.5954571067620108
5185,-4.0129211844897155,0.5953975610513346
5186,-6.5845417951746175,0.5953380212952294
5187,-5.100192284815266,0.5952784874930999
5188,-8.992327640302626,0.5952189596443506
5189,-2.0100605608278155,0.5951594377483861
5190,-5.081690511471218,0.5950999218046112
5191,-3.803106679680837,0.5950404118124308
5192,-5.1196749771853955,0.5949809077712496
5193,-3.7590270343808942,0.5949214096804725
5194,-3.274998018890332,0.5948619175395045
5195,-3.757738810975789,0.5948024313477505
5196,-6.147147613088349,0.5947429511046157
5197,-4.3543095406320536,0.5946834768095053
5198,-7.736233038063396,0.5946240084618244
5199,-5.816301257123046,0.5945645460609782
5200,-5.812009404081346,0.594505089606372
5201,-2.312607067459238,0.5944456390974114
5202,-7.0754353987600425,0.5943861945335017
5203,-6.133049893191082,0.5943267559140484
5204,-7.0639561676874765,0.594267323238457
5205,-3.733406160406056,0.5942078965061331
5206,-8.719997418588672,0.5941484757164825
5207,-7.343704249811141,0.5940890608689109
5208,-6.7496261489311395,0.594029651962824
5209,-2.0615872383350444,0.5939702489976277
5210,-2.0680381615127583,0.593910851972728
5211,-1.791359125036571,0.5938514608875307
5212,-2.5013403055037573,0.593792075741442
5213,-4.40776927524186,0.5937326965338678
5214,-5.668161855101037,0.5936733232642145
5215,-2.50561414584858,0.5936139559318881
5216,-6.816213213243067,0.593554594536295
5217,-5.817153035626026,0.5934952390768414
5218,-9.05284770042571,0.5934358895529338
5219,-5.288939327190766,0.5933765459639785
5220,-6.754123937615239,0.5933172083093821
5221,-5.11207698142362,0.5932578765885511
5222,-3.4624324325739,0.5931985508008922
5223,-5.848153043507118,0.5931392309458121
5224,-5.981029789243985,0.5930799170227176
5225,-2.372410924478997,0.5930206090310153
5226,-5.973639510979834,0.5929613069701122
5227,-5.747621374691239,0.5929020108394152
5228,-6.124536863374225,0.5928427206383312
5229,-6.0759338857185465,0.5927834363662674
5230,-6.812664046943205,0.5927241580226308
5231,-4.450648812703113,0.5926648856068285
5232,-5.750866389581413,0.5926056191182678
5233,-6.174291298455865,0.592546358556356
5234,-3.3351212984215897,0.5924871039205003
5235,-3.931825408616589,0.5924278552101082
5236,-6.64756617280531,0.5923686124245872
5237,-5.9233131638652345,0.5923093755633447
5238,-6.6152137060126055,0.5922501446257884
5239,-8.163483739693861,0.5921909196113259
5240,-5.850579892770465,0.5921317005193647
5241,-5.868403049839694,0.5920724873493127
5242,-4.544811436039701,0.5920132801005779
5243,-6.621220643206552,0.5919540787725678
5244,-7.6138994863682194,0.5918948833646905
5245,-6.416409759571923,0.591835693876354
5246,-6.734632307319812,0.5917765103069664
5247,-3.2759527211922013,0.5917173326559357
5248,-7.294534816497244,0.5916581609226701
5249,-6.086032278276685,0.5915989951065779
5250,-6.418070383228368,0.5915398352070672
5251,-9.28799854844593,0.5914806812235465
5252,-6.866103814476027,0.5914215331554241
5253,-6.191541751491547,0.5913623910021086
5254,-8.20952371789583,0.5913032547630084
5255,-4.092790807052973,0.591244124437532
5256,-7.210784343911689,0.5911850000250883
5257,-8.14975571011939,0.5911258815250858
5258,-8.886660041490561,0.5910667689369333
5259,-10.549691703722477,0.5910076622600396
5260,-8.500739622633361,0.5909485614938137
5261,-8.035714731389882,0.5908894666376643
5262,-6.322676881869899,0.5908303776910006
5263,-3.334453064395504,0.5907712946532314
5264,-2.268692106494541,0.5907122175237661
5265,-2.2981972395601655,0.5906531463020137
5266,-2.2188957909056617,0.5905940809873835
5267,-2.479997156161656,0.5905350215792848
5268,-2.6011026515194753,0.5904759680771269
5269,-1.692855840260416,0.5904169204803191
5270,-5.836443940774676,0.5903578787882711
5271,-1.5513372439686623,0.5902988430003923
5272,-2.2990342567217033,0.5902398131160922
5273,-6.639747354501772,0.5901807891347806
5274,-7.126790812779678,0.590121771055867
5275,-2.9377220350898674,0.5900627588787615
5276,-1.8024435999620085,0.5900037526028736
5277,-2.0648798512515363,0.5899447522276133
5278,-2.1978055057435393,0.5898857577523906
5279,-1.6514467698999835,0.5898267691766154
5280,-3.3820227143300903,0.5897677864996977
5281,-5.096133036242682,0.5897088097210478
5282,-8.629437245286876,0.5896498388400757
5283,-2.230141176455708,0.5895908738561917
5284,-5.794338250532594,0.5895319147688061
5285,-5.162912695065203,0.5894729615773292
5286,-6.865032195422709,0.5894140142811715
5287,-3.51116272873607,0.5893550728797433
5288,-5.35199460764021,0.5892961373724553
5289,-3.7352585402897303,0.5892372077587181
5290,-7.697786117391757,0.5891782840379423
5291,-2.244622638371774,0.5891193662095384
5292,-2.3413199270848524,0.5890604542729174
5293,-7.31754963325659,0.5890015482274902
5294,-5.544252373562754,0.5889426480726674
5295,-7.043915411775377,0.5888837538078602
5296,-4.2009006970586995,0.5888248654324794
5297,-6.7085742885992685,0.5887659829459361
5298,-5.826548731145557,0.5887071063476415
5299,-7.410717072810554,0.5886482356370067
5300,-2.004762288254365,0.5885893708134431
5301,-5.322075185906356,0.5885305118763617
5302,-2.996942423176057,0.5884716588251742
5303,-7.318230915062836,0.5884128116592916
5304,-6.228150431270199,0.5883539703781256
5305,-5.576726253346725,0.5882951349810879
5306,-6.079222370148537,0.5882363054675898
5307,-2.5497129230968234,0.588177481837043
5308,-6.764042440812198,0.5881186640888593
5309,-5.24534230453292,0.5880598522224504
5310,-6.579137631114084,0.5880010462372282
5311,-6.7954192021747275,0.5879422461326045
5312,-3.8972076669911933,0.5878834519079912
5313,-6.1009763906797785,0.5878246635628004
5314,-5.9345325194838825,0.5877658810964441
5315,-6.94922493696883,0.5877071045083345
5316,-4.109692105408087,0.5876483337978837
5317,-6.367157052876371,0.587589568964504
5318,-6.709938398721329,0.5875308100076075
5319,-5.321407934161694,0.5874720569266068
5320,-5.077826945361828,0.5874133097209141
5321,-2.3943516584871256,0.587354568389942
5322,-6.646010290328524,0.5872958329331031
5323,-4.20739401632974,0.5872371033498097
5324,-6.6533461420426985,0.5871783796394747
5325,-7.060201650979392,0.5871196618015108
5326,-3.634637560412788,0.5870609498353306
5327,-8.170899186894193,0.5870022437403472
5328,-6.548553667919769,0.5869435435159731
5329,-2.13239978951766,0.5868848491616215
5330,-7.996386977578943,0.5868261606767053
5331,-5.00204175757175,0.5867674780606377
5332,-3.2155574381623016,0.5867088013128317
5333,-7.233100365316703,0.5866501304327004
5334,-9.349182300803882,0.5865914654196571
5335,-3.181613602393987,0.5865328062731152
5336,-5.9675905839142995,0.586474152992488
5337,-7.763767053642448,0.5864155055771887
5338,-3.2916330926052746,0.586356864026631
5339,-4.435553427569436,0.5862982283402284
5340,-2.851800107574001,0.5862395985173944
5341,-7.280020274387996,0.5861809745575427
5342,-10.00781030852865,0.5861223564600869
5343,-8.523606206226752,0.586063744224441
5344,-8.402679402133623,0.5860051378500185
5345,-8.52447738877137,0.5859465373362335
5346,-6.996127292985324,0.5858879426824999
5347,-5.451454772114317,0.5858293538882317
5348,-9.934193900200961,0.5857707709528428
5349,-8.766134383681042,0.5857121938757476
5350,-8.12720798629527,0.58565362265636
5351,-6.32900149498428,0.5855950572940943
5352,-6.792750173764535,0.5855364977883649
5353,-3.612256302598454,0.5854779441385861
5354,-8.089320256786321,0.5854193963441723
5355,-8.808922626251636,0.5853608544045379
5356,-8.046443787371038,0.5853023183190974
5357,-3.799342240397999,0.5852437880872655
5358,-6.670557006412989,0.5851852637084568
5359,-2.210348885781191,0.585126745182086
5360,-3.388382538915515,0.5850682325075678
5361,-5.4979427032264425,0.5850097256843171
5362,-5.321176322432268,0.5849512247117487
5363,-5.92118178292344,0.5848927295892775
5364,-5.494518038910316,0.5848342403163186
5365,-2.1965929217009883,0.584775756892287
5366,-7.647604302406229,0.5847172793165978
5367,-7.650569218140119,0.5846588075886662
5368,-7.634540330076678,0.5846003417079073
5369,-6.165279879398652,0.5845418816737366
5370,-3.647522280828308,0.5844834274855691
5371,-5.57297501542506,0.5844249791428205
5372,-6.627026400652914,0.5843665366449062
5373,-4.650755465472102,0.5843080999912418
5374,-8.525936517930898,0.5842496691812427
5375,-6.824527973813058,0.5841912442143246
5376,-3.4243174096833995,0.5841328250899032
5377,-2.4010297664647466,0.5840744118073942
5378,-5.017540199475535,0.5840160043662135
5379,-6.94368063507196,0.5839576027657769
5380,-3.2078926461955835,0.5838992070055004
5381,-4.856420444018328,0.5838408170847998
5382,-5.4637118714182,0.5837824330030914
5383,-5.83375972730769,0.5837240547597911
5384,-6.651548679765277,0.583665682354315
5385,-6.159806345483489,0.5836073157860796
5386,-5.601699411639181,0.583548955054501
5387,-3.3160577590112386,0.5834906001589956
5388,-9.076766537106584,0.5834322510989797
5389,-6.024909879035134,0.5833739078738698
5390,-6.330987886087834,0.5833155704830824
5391,-6.329307557792209,0.5832572389260341
5392,-4.70809996440447,0.5831989132021415
5393,-5.267169631235915,0.5831405933108212
5394,-6.821651158343091,0.5830822792514901
5395,-6.450167830156128,0.583023971023565
5396,-6.1129559379134255,0.5829656686264626
5397,-7.918557860681408,0.5829073720596
5398,-5.615855953900291,0.582849081322394
5399,-8.32018196353372,0.5827907964142618
5400,-5.4361955846608305,0.5827325173346204
5401,-1.7019940929576494,0.5826742440828869
5402,-8.561459510500836,0.5826159766584786
5403,-2.252543365817678,0.5825577150608128
5404,-3.769405088846505,0.5824994592893067
5405,-8.655299595226015,0.5824412093433777
5406,-7.216166649260543,0.5823829652224434
5407,-5.801194232653196,0.5823247269259212
5408,-7.459630239137375,0.5822664944532286
5409,-4.311633525926067,0.5822082678037833
5410,-7.655622519144728,0.5821500469770029
5411,-8.369212345047611,0.5820918319723052
5412,-9.117177763692956,0.582033622789108
5413,-8.248042511335935,0.5819754194268291
5414,-5.752019105028126,0.5819172218848864
5415,-6.163983226084486,0.5818590301626979
5416,-8.59078750475359,0.5818008442596816
5417,-7.980698043231845,0.5817426641752557
5418,-5.475169694567512,0.5816844899088381
5419,-7.986820544394826,0.5816263214598473
5420,-8.07349681135225,0.5815681588277013
5421,-8.048704483611848,0.5815100020118186
5422,-7.393324935682406,0.5814518510116174
5423,-3.040395991127508,0.5813937058265163
5424,-3.5780448359696613,0.5813355664559336
5425,-7.213768464994448,0.581277432899288
5426,-5.793656040762177,0.5812193051559981
5427,-7.841302855114989,0.5811611832254825
5428,-7.953262538121492,0.58110306710716
5429,-5.54982585266827,0.5810449568004493
5430,-4.325420453901627,0.5809868523047693
5431,-10.000304157711266,0.5809287536195389
5432,-6.022205983479051,0.5808706607441769
5433,-7.441068767864712,0.5808125736781025
5434,-7.163473496848397,0.5807544924207346
5435,-7.287622251338835,0.5806964169714925
5436,-8.011761874319964,0.5806383473297954
5437,-7.108669088703882,0.5805802834950624
5438,-6.504279387196259,0.580522225466713
5439,-6.963887429589544,0.5804641732441663
5440,-8.693108930824593,0.5804061268268419
5441,-8.932566047342492,0.5803480862141592
5442,-8.252145846242305,0.5802900514055378
5443,-9.033082453192485,0.5802320224003973
5444,-7.907663505505521,0.5801739991981573
5445,-3.4367541703322235,0.5801159817982374
5446,-4.870426351699482,0.5800579702000576
5447,-6.0948788281171735,0.5799999644030376
5448,-6.078112280517397,0.5799419644065973
5449,-8.694650723121503,0.5798839702101566
5450,-8.490594020748091,0.5798259818131356
5451,-8.121789477700613,0.5797679992149543
5452,-6.4904792556044235,0.5797100224150328
5453,-7.115471920140062,0.5796520514127913
5454,-7.405476293766151,0.5795940862076501
5455,-7.636896349490037,0.5795361267990293
5456,-7.0166050998205725,0.5794781731863494
5457,-8.004583543577844,0.5794202253690308
5458,-4.138694100657793,0.5793622833464939
5459,-2.24432012818563,0.5793043471181593
5460,-3.6514892537784656,0.5792464166834475
5461,-6.275513661202069,0.5791884920417791
5462,-8.017105443843189,0.579130573192575
5463,-6.241186361715123,0.5790726601352557
5464,-7.195706305811997,0.5790147528692422
5465,-5.356739618796775,0.5789568513939553
5466,-4.738862901818946,0.5788989557088159
5467,-6.321329179486131,0.578841065813245
5468,-7.074906123488455,0.5787831817066637
5469,-5.829812870510926,0.578725303388493
5470,-5.362030249528855,0.5786674308581542
5471,-3.9386596673950853,0.5786095641150684
5472,-4.762098205382802,0.5785517031586569
5473,-5.57916568644607,0.578493847988341
5474,-6.2047077992687125,0.5784359986035422
5475,-6.153188583362511,0.5783781550036818
5476,-10.256425767555864,0.5783203171881814
5477,-8.124095814400256,0.5782624851564626
5478,-8.505083875907587,0.5782046589079469
5479,-6.251919166624962,0.5781468384420562
5480,-5.431549012429947,0.5780890237582119
5481,-4.915317963605972,0.5780312148558361
5482,-6.289399260716241,0.5779734117343505
5483,-5.389831871754365,0.5779156143931771
5484,-7.644980981061025,0.5778578228317378
5485,-6.381972747607453,0.5778000370494546
5486,-5.740730339383042,0.5777422570457497
5487,-2.350954082895758,0.5776844828200451
5488,-5.821536544788423,0.5776267143717632
5489,-6.879335514629691,0.577568951700326
5490,-6.984116475260167,0.5775111948051559
5491,-1.2104451571236692,0.5774534436856754
5492,-6.833352846689488,0.5773956983413069
5493,-6.06691850225405,0.5773379587714728
5494,-7.0765639969805285,0.5772802249755956
5495,-7.056514570093333,0.577222496953098
5496,-2.4037472166937075,0.5771647747034027
5497,-2.863701845065636,0.5771070582259323
5498,-2.850074391834955,0.5770493475201097
5499,-9.414255662246365,0.5769916425853577
5500,-7.353356741430208,0.5769339434210992
5501,-6.449960937007061,0.576876250026757
5502,-6.699036847371988,0.5768185624017543
5503,-7.241245696370557,0.5767608805455141
5504,-6.57035822458224,0.5767032044574596
5505,-8.609360788488939,0.5766455341370138
5506,-8.383436392677122,0.5765878695836001
5507,-8.34844531061124,0.5765302107966417
5508,-7.031716714598787,0.5764725577755621
5509,-9.933393065528946,0.5764149105197846
5510,-6.02654412812971,0.5763572690287326
5511,-2.8447955638897793,0.5762996333018298
5512,-7.349510120732921,0.5762420033384996
5513,-5.470487425860467,0.5761843791381658
5514,-5.13603765045939,0.5761267607002519
5515,-3.941094581455887,0.5760691480241819
5516,-8.064762241722377,0.5760115411093795
5517,-7.380255521744723,0.5759539399552686
5518,-6.8616982345253295,0.575896344561273
5519,-5.7593979704623575,0.5758387549268169
5520,-9.575367875902366,0.5757811710513242
5521,-3.999598499695567,0.575723592934219
5522,-7.629642779036175,0.5756660205749257
5523,-8.4149650812458,0.5756084539728682
5524,-7.5732397814441175,0.5755508931274709
5525,-6.005349237415396,0.5754933380381582
5526,-5.204721928086097,0.5754357887043543
5527,-7.95290829169313,0.5753782451254839
5528,-6.224269810019663,0.5753207073009713
5529,-5.122936361450739,0.5752631752302412
5530,-7.765207238709358,0.5752056489127182
5531,-8.534224174809326,0.5751481283478269
5532,-3.7823152576458767,0.5750906135349921
5533,-6.702573773105168,0.5750331044736386
5534,-7.08315307336192,0.5749756011631912
5535,-7.586398887362266,0.5749181036030749
5536,-8.569463268478424,0.5748606117927146
5537,-6.761805015658296,0.5748031257315354
5538,-8.06799351405215,0.5747456454189622
5539,-4.662449651118369,0.5746881708544204
5540,-5.3277823764854,0.5746307020373349
5541,-4.976456629816278,0.5745732389671312
5542,-8.453022159014255,0.5745157816432345
5543,-6.795827684195511,0.5744583300650702
5544,-11.693633509249594,0.5744008842320637
5545,-5.3043251043406645,0.5743434441436405
5546,-6.318624958244111,0.5742860097992261
5547,-5.970813508261065,0.5742285811982462
5548,-5.964484514604482,0.5741711583401263
5549,-5.266555202548181,0.5741137412242924
5550,-10.702579490549109,0.57405632985017
5551,-8.860913975732748,0.5739989242171849
5552,-5.293575789550888,0.5739415243247632
5553,-9.517341300956273,0.5738841301723308
5554,-6.499478724807526,0.5738267417593135
5555,-10.735917837845617,0.5737693590851376
5556,-2.252666324378954,0.5737119821492291
5557,-2.5138129681001815,0.5736546109510142
5558,-2.805417266631076,0.5735972454899191
5559,-3.6060061049971943,0.5735398857653701
5560,-5.875149632938287,0.5734825317767935
5561,-3.6214964168978208,0.5734251835236158
5562,-2.726454067789811,0.5733678410052635
5563,-6.894087899561184,0.573310504221163
5564,-6.606743794222334,0.5732531731707409
5565,-2.4924105689133134,0.5731958478534238
5566,-7.705689698207722,0.5731385282686384
5567,-2.6251776744266233,0.5730812144158116
5568,-3.000145381847151,0.5730239062943701
5569,-5.681743542323824,0.5729666039037407
5570,-4.6438883649141545,0.5729093072433503
5571,-4.161064571041355,0.572852016312626
5572,-6.017260302239703,0.5727947311109947
5573,-3.646362406851634,0.5727374516378836
5574,-6.936526800255054,0.5726801778927199
5575,-6.71139127198912,0.5726229098749306
5576,-4.809898717587878,0.5725656475839431
5577,-7.408974104265017,0.5725083910191847
5578,-4.2128056722133085,0.5724511401800828
5579,-5.890261931441671,0.5723938950660648
5580,-6.39506810031504,0.5723366556765581
5581,-3.8377949601692034,0.5722794220109905
5582,-4.295129365899954,0.5722221940687894
5583,-7.043312139027272,0.5721649718493825
5584,-6.946657246511114,0.5721077553521976
5585,-9.24672470669219,0.5720505445766624
5586,-5.809781838252395,0.5719933395222048
5587,-5.431055067512532,0.5719361401882526
5588,-2.2751471316561354,0.5718789465742338
5589,-7.881307023150626,0.5718217586795764
5590,-8.90469216677769,0.5717645765037085
5591,-4.581430933817149,0.5717074000460581
5592,-4.712268710450006,0.5716502293060536
5593,-8.382261108167963,0.571593064283123
5594,-2.5760518399985264,0.5715359049766946
5595,-5.298575009689461,0.571478751386197
5596,-5.231853074162501,0.5714216035110583
5597,-7.240932201747756,0.5713644613507072
5598,-6.232454933588689,0.5713073249045721
5599,-6.979638414081691,0.5712501941720817
5600,-7.978389117409049,0.5711930691526644
5601,-7.398999163374908,0.5711359498457492
5602,-7.846476740268102,0.5710788362507646
5603,-6.381227421753877,0.5710217283671395
5604,-5.693422400744566,0.5709646261943028
5605,-6.468300310458359,0.5709075297316833
5606,-2.464443032669882,0.5708504389787102
5607,-6.267889861732506,0.5707933539348123
5608,-8.485587100506091,0.5707362745994189
5609,-6.320457995824887,0.570679200971959
5610,-6.97219456092331,0.5706221330518618
5611,-9.766972160199895,0.5705650708385567
5612,-8.207761791238658,0.5705080143314728
5613,-3.928549370092151,0.5704509635300397
5614,-5.081038105259935,0.5703939184336867
5615,-6.534485026563583,0.5703368790418434
5616,-6.996228325438845,0.5702798453539392
5617,-6.594815672072057,0.5702228173694037
5618,-8.136398589049495,0.5701657950876667
5619,-7.667418531316859,0.570108778508158
5620,-7.010043631802029,0.5700517676303072
5621,-8.558933420025962,0.5699947624535442
5622,-9.124882181469093,0.5699377629772988
5623,-6.389066230562408,0.5698807692010011
5624,-9.435714680378444,0.5698237811240809
5625,-3.5609790363601537,0.5697667987459686
5626,-7.087041099061616,0.569709822066094
5627,-10.7600742582181,0.5696528510838874
5628,-7.844395880249194,0.5695958857987791
5629,-6.58666621864814,0.5695389262101992
5630,-6.340690350316094,0.5694819723175781
5631,-6.907093372235826,0.5694250241203463
5632,-7.894768668590704,0.5693680816179343
5633,-9.625609538572245,0.5693111448097725
5634,-6.975396428380332,0.5692542136952915
5635,-6.240997775464126,0.569197288273922
5636,-7.930771775866948,0.5691403685450946
5637,-7.02999545277968,0.5690834545082402
5638,-9.033693100413116,0.5690265461627894
5639,-8.83482365616183,0.5689696435081731
5640,-5.532506261896771,0.5689127465438223
5641,-9.702959525742315,0.5688558552691679
5642,-6.242108951786932,0.5687989696836411
5643,-4.101884429570642,0.5687420897866727
5644,-7.388135575886946,0.568685215577694
5645,-9.63544057596771,0.5686283470561363
5646,-8.039165479159509,0.5685714842214307
5647,-8.45825512529106,0.5685146270730085
5648,-7.825658911988958,0.5684577756103012
5649,-6.296117405799555,0.5684009298327402
5650,-7.512986171429756,0.5683440897397569
5651,-10.031151284025205,0.568287255330783
5652,-3.388382538915515,0.5682304266052499
5653,-6.69645167861287,0.5681736035625894
5654,-2.0908628265025464,0.5681167862022332
5655,-7.030734728604413,0.5680599745236129
5656,-7.699216932625118,0.5680031685261605
5657,-4.9958393957022995,0.5679463682093079
5658,-6.714869527561012,0.5678895735724869
5659,-4.186536311169371,0.5678327846151296
5660,-3.9192764669072804,0.5677760013366682
5661,-7.25926099874647,0.5677192237365345
5662,-4.206851900867733,0.5676624518141609
5663,-6.540084681207996,0.5676056855689795
5664,-7.710518069563707,0.5675489250004226
5665,-4.377055260961635,0.5674921701079226
5666,-7.824178167933317,0.5674354208909118
5667,-7.347698010642473,0.5673786773488227
5668,-4.428935573078359,0.5673219394810879
5669,-2.5221906358775588,0.5672652072871398
5670,-3.2429223454994465,0.5672084807664111
5671,-2.1470159696761817,0.5671517599183344
5672,-7.147690698597437,0.5670950447423426
5673,-8.367770548487186,0.5670383352378684
5674,-6.136776239088482,0.5669816314043447
5675,-6.612422131129351,0.5669249332412042
5676,-6.704171963247242,0.5668682407478801
5677,-5.770921094132403,0.5668115539238053
5678,-2.5660530361251697,0.566754872768413
5679,-5.695479194521916,0.5666981972811361
5680,-7.658741115953899,0.5666415274614081
5681,-5.090049441601879,0.5665848633086619
5682,-3.105180102619425,0.566528204822331
5683,-6.102416264486019,0.5664715520018488
5684,-5.517244660285653,0.5664149048466487
5685,-3.350830774395664,0.566358263356164
5686,-6.196760404562834,0.5663016275298284
5687,-5.892397269989519,0.5662449973670755
5688,-6.509270409783125,0.5661883728673388
5689,-6.953579067505788,0.5661317540300521
5690,-7.2746645667799505,0.5660751408546492
5691,-3.3586689761189277,0.5660185333405637
5692,-5.303901357330021,0.5659619314872297
5693,-6.415640141678284,0.565905335294081
5694,-7.545303969620112,0.5658487447605517
5695,-7.5221930912210295,0.5657921598860757
5696,-7.541233692336116,0.5657355806700871
5697,-6.664264019409179,0.5656790071120201
5698,-7.1874693563797285,0.565622439211309
5699,-5.6949222604889265,0.5655658769673878
5700,-1.8952953309281086,0.565509320379691
5701,-8.849102713732906,0.5654527694476531
5702,-3.4105185421678197,0.5653962241707083
5703,-8.660297988285118,0.5653396845482913
5704,-5.628674762062921,0.5652831505798365
5705,-4.9949472874998255,0.5652266222647785
5706,-5.4663993130199895,0.565170099602552
5707,-8.251983890121458,0.5651135825925918
5708,-6.584196289877184,0.5650570712343326
5709,-6.333436937392404,0.5650005655272091
5710,-4.7852071323530625,0.5649440654706565
5711,-3.9885280949948356,0.5648875710641094
5712,-9.203893788090841,0.564831082307003
5713,-6.134211233721944,0.5647745991987723
5714,-4.994688960237912,0.5647181217388524
5715,-9.183047862030417,0.5646616499266786
5716,-7.0483698507446695,0.5646051837616859
5717,-10.434362303117954,0.5645487232433097
5718,-8.932708954598688,0.5644922683709854
5719,-8.194154165545502,0.5644358191441483
5720,-3.037968560369735,0.5643793755622339
5721,-8.046998770837687,0.5643229376246778
5722,-7.358935123501943,0.5642665053309153
5723,-3.5918943998485626,0.5642100786803822
5724,-7.634884333241142,0.5641536576725141
5725,-6.765795327248885,0.5640972423067468
5726,-5.907713403572547,0.5640408325825161
5727,-7.31296716174006,0.5639844284992579
5728,-8.076520755496329,0.563928030056408
5729,-9.32274441039075,0.5638716372534024
5730,-5.915590564191588,0.563815250089677
5731,-8.44699568817277,0.5637588685646681
5732,-8.773210952515871,0.5637024926778116
5733,-7.071893387031016,0.5636461224285438
5734,-6.909573103723391,0.5635897578163009
5735,-3.8536464467998583,0.5635333988405193
5736,-6.16226005199184,0.5634770455006353
5737,-8.899015633887357,0.5634206977960852
5738,-6.677709501354332,0.5633643557263056
5739,-5.431720771725466,0.5633080192907329
5740,-9.114794715564283,0.5632516884888039
5741,-7.76660064840901,0.563195363319955
5742,-7.482643989594668,0.563139043783623
5743,-7.777432272582466,0.5630827298792447
5744,-6.326844192262868,0.5630264216062567
5745,-5.12273977973987,0.5629701189640961
5746,-5.829350109510645,0.5629138219521997
5747,-8.0790750448273,0.5628575305700045
5748,-8.27116449901661,0.5628012448169476
5749,-5.449358053561139,0.5627449646924659
5750,-9.537524991754827,0.5626886901959967
5751,-6.611741799296041,0.5626324213269771
5752,-4.677554064436227,0.5625761580848444
5753,-6.836983433897723,0.5625199004690359
5754,-5.095860483114057,0.562463648478989
5755,-4.234141301185247,0.5624074021141411
5756,-7.263235575764886,0.5623511613739297
5757,-5.081642039662096,0.5622949262577923
5758,-6.481843863589168,0.5622386967651666
5759,-7.835777886250808,0.5621824728954901
5760,-4.057127440559691,0.5621262546482005
5761,-2.116452328282061,0.5620700420227357
5762,-7.943587618238205,0.5620138350185334
5763,-10.195018822811543,0.5619576336350316
5764,-6.421647423232095,0.5619014378716681
5765,-5.957190889633898,0.5618452477278809
5766,-2.720939144685853,0.5617890632031082
5767,-6.617772056178707,0.5617328842967879
5768,-6.479161204071038,0.5616767110083583
5769,-6.081486475727909,0.5616205433372574
5770,-6.859559175020213,0.5615643812829237
5771,-2.3572093038762194,0.5615082248447955
5772,-6.686234523798632,0.561452074022311
5773,-3.5714395106758783,0.5613959288149087
5774,-2.7289335230978278,0.5613397892220272
5775,-2.815354562037918,0.561283655243105
5776,-3.7471904524160484,0.5612275268775807
5777,-6.130500227720361,0.561171404124893
5778,-6.88464022076834,0.5611152869844804
5779,-6.536315858430316,0.561059175455782
5780,-4.889933957916494,0.5610030695382364
5781,-5.042861782356193,0.5609469692312826
5782,-1.4400650577638845,0.5608908745343595
5783,-5.166300165964149,0.560834785446906
5784,-5.892563018756562,0.5607787019683613
5785,-5.535591407448887,0.5607226240981645
5786,-6.389518281983172,0.5606665518357548
5787,-6.523196914543303,0.5606104851805712
5788,-4.32224548517353,0.5605544241320531
5789,-6.0973370572170005,0.56049836868964
5790,-5.214823653414884,0.5604423188527711
5791,-5.099501226584902,0.5603862746208857
5792,-7.601026213426939,0.5603302359934237
5793,-5.672280204529726,0.5602742029698243
5794,-2.657766846446515,0.5602181755495274
5795,-3.7253035719912155,0.5601621537319724
5796,-7.363543905727532,0.5601061375165992
5797,-8.98327872843803,0.5600501269028476
5798,-7.631204955590579,0.5599941218901573
5799,-7.823359798505138,0.5599381224779683
5800,-6.893105870235167,0.5598821286657205
5801,-10.50487393562191,0.559826140452854
5802,-7.75140933921497,0.5597701578388087
5803,-9.436361294301149,0.5597141808230248
5804,-8.030690781366307,0.5596582094049425
5805,-5.523538541060832,0.559602243584002
5806,-3.357752641672523,0.5595462833596436
5807,-8.685852710206241,0.5594903287313077
5808,-8.08105114515547,0.5594343796984346
5809,-3.3460070893651572,0.5593784362604647
5810,-8.483984102265822,0.5593224984168387
5811,-7.018201953708068,0.559266566166997
5812,-5.6739650648990505,0.5592106395103803
5813,-3.340101877949265,0.5591547184464293
5814,-3.3657571767214836,0.5590988029745846
5815,-5.738895590474462,0.5590428930942871
5816,-7.095002117521679,0.5589869888049777
5817,-5.102293978103226,0.5589310901060972
5818,-6.010850952843192,0.5588751969970867
5819,-7.523700687471047,0.558819309477387
5820,-6.781497162732094,0.5587634275464393
5821,-7.276796787531797,0.5587075512036846
5822,-3.4124414197384834,0.5586516804485643
5823,-5.276321998446674,0.5585958152805194
5824,-8.673911890578777,0.5585399556989913
5825,-4.930169986657622,0.5584841017034214
5826,-7.56386013104675,0.5584282532932511
5827,-5.21347847679376,0.5583724104679217
5828,-6.926598664867831,0.558316573226875
5829,-5.378073571368202,0.5582607415695523
5830,-8.55934581859976,0.5582049154953953
5831,-8.253062559856717,0.5581490950038458
5832,-5.8891602793618425,0.5580932800943454
5833,-4.590200832395368,0.558037470766336
5834,-9.429501871964847,0.5579816670192594
5835,-4.196497057806546,0.5579258688525576
5836,-4.694562295667836,0.5578700762656723
5837,-7.755315337199048,0.5578142892580458
5838,-6.47655937572578,0.55775850782912
5839,-9.024902951761035,0.5577027319783371
5840,-6.058860181641026,0.5576469617051393
5841,-7.700677556872732,0.5575911970089688
5842,-9.460162142957182,0.5575354378892678
5843,-3.585679374487676,0.5574796843454789
5844,-3.5908176487468184,0.5574239363770443
5845,-4.330345556704518,0.5573681939834066
5846,-6.3533540609776615,0.5573124571640083
5847,-7.162850999122113,0.557256725918292
5848,-6.802997750046664,0.5572010002457002
5849,-3.1420702925303994,0.5571452801456757
5850,-4.471861711262757,0.5570895656176611
5851,-4.880930076823454,0.5570338566610994
5852,-5.190127338033872,0.5569781532754333
5853,-6.232562559431016,0.5569224554601058
5854,-3.302373320616549,0.5568667632145597
5855,-5.342536434339358,0.5568110765382382
5856,-2.070079660843222,0.5567553954305844
5857,-7.9159749413959855,0.5566997198910414
5858,-3.6603906627457694,0.5566440499190523
5859,-7.0575546785878425,0.5565883855140603
5860,-4.457551942064985,0.5565327266755089
5861,-7.0835108233647315,0.5564770734028414
5862,-7.104141684237765,0.5564214256955011
5863,-5.17247135073731,0.5563657835529315
5864,-4.712427574787506,0.5563101469745763
5865,-4.635676844990312,0.5562545159598788
5866,-7.979392842810466,0.5561988905082829
5867,-6.158008261183873,0.5561432706192321
5868,-6.62871661773831,0.5560876562921702
5869,-7.158840038392592,0.556032047526541
5870,-5.031833055170437,0.5559764443217884
5871,-6.487295451345001,0.5559208466773562
5872,-4.8589366678499815,0.5558652545926884
5873,-6.01755272437992,0.5558096680672292
5874,-5.524855982391002,0.5557540871004225
5875,-7.226964812410122,0.5556985116917125
5876,-6.905000821559122,0.5556429418405433
5877,-5.169733434391833,0.5555873775463592
5878,-5.325830182664808,0.5555318188086046
5879,-3.1805438289194767,0.5554762656267237
5880,-7.220286492396373,0.555420718000161
5881,-6.789265434364225,0.555365175928361
5882,-7.167990521277407,0.5553096394107682
5883,-5.754521233767106,0.5552541084468271
5884,-3.689151261064712,0.5551985830359825
5885,-4.636015216179819,0.5551430631776789
5886,-2.662133349816944,0.5550875488713611
5887,-5.899779364968982,0.555032040116474
5888,-4.709234525944305,0.5549765369124624
5889,-8.036332120129009,0.5549210392587711
5890,-6.578318267202692,0.5548655471548453
5891,-3.5277376898176636,0.5548100606001298
5892,-5.747857268229228,0.5547545795940698
5893,-5.083927182875943,0.5546991041361105
5894,-5.1791089225950175,0.5546436342256968
5895,-6.5725785108280945,0.5545881698622743
5896,-4.624985604209439,0.5545327110452881
5897,-6.021526059083554,0.5544772577741836
5898,-5.926143133631965,0.5544218100484062
5899,-8.05853145470165,0.5543663678674013
5900,-8.421818304733396,0.5543109312306146
5901,-4.766572849005537,0.5542555001374916
5902,-7.505927901292381,0.5542000745874779
5903,-5.835972753696709,0.5541446545800192
5904,-2.8459187153863814,0.5540892401145612
5905,-9.032757878267216,0.5540338311905497
5906,-7.433821753517875,0.5539784278074307
5907,-4.022341235135006,0.5539230299646499
5908,-9.132385134663881,0.5538676376616535
5909,-9.797209903198397,0.5538122508978873
5910,-7.057571026009798,0.5537568696727976
5911,-2.612942007187561,0.5537014939858304
5912,-7.195533530512084,0.5536461238364317
5913,-5.897468406756207,0.5535907592240481
5914,-7.506354431415412,0.5535354001481257
5915,-7.272489803891258,0.5534800466081109
5916,-5.793908846494478,0.5534246986034501
5917,-6.76034289803097,0.5533693561335897
5918,-8.815352160478271,0.5533140191979764
5919,-3.997399500232757,0.5532586877960566
5920,-5.212724290871329,0.5532033619272769
5921,-7.524455386282801,0.5531480415910842
5922,-6.743067502091967,0.5530927267869251
5923,-5.075850632860376,0.5530374175142464
5924,-7.82711548814143,0.552982113772495
5925,-6.141794849906017,0.5529268155611177
5926,-5.298246745183079,0.5528715228795615
5927,-7.066016326290596,0.5528162357272736
5928,-6.015026063583047,0.5527609541037009
5929,-8.444890637915641,0.5527056780082905
5930,-6.824725951694683,0.5526504074404897
5931,-9.955556343557626,0.5525951423997456
5932,-8.750387747010393,0.5525398828855056
5933,-8.911538275112864,0.5524846288972171
5934,-4.279008753044666,0.5524293804343273
5935,-4.3449001667698255,0.552374137496284
5936,-6.963093779720525,0.5523189000825344
5937,-8.770524871047744,0.5522636681925261
5938,-8.006379630092804,0.5522084418257069
5939,-6.991687241502083,0.5521532209815244
5940,-8.480241405987572,0.5520980056594262
5941,-8.831335627760279,0.5520427958588603
5942,-6.462293938070298,0.5519875915792745
5943,-5.726621374356244,0.5519323928201165
5944,-4.468482414530783,0.5518771995808345
5945,-4.56015856456951,0.5518220118608764
5946,-4.141719553543364,0.5517668296596904
5947,-4.578361256427234,0.5517116529767244
5948,-4.433387325788962,0.5516564818114268
5949,-2.712015130687371,0.5516013161632457
5950,-3.8091937351855463,0.5515461560316294
5951,-3.8095181774715665,0.5514910014160262
5952,-6.7400871840419105,0.5514358523158847
5953,-8.250234603110139,0.551380708730653
5954,-3.4993275205235994,0.5513255706597799
5955,-7.150156096859842,0.5512704381027139
5956,-2.04975994655095,0.5512153110589036
5957,-4.989315626108768,0.5511601895277978
5958,-7.21170075767219,0.551105073508845
5959,-6.20433143888517,0.5510499630014941
5960,-5.8184450448339256,0.550994858005194
5961,-4.285281619107513,0.5509397585193935
5962,-6.65500364330796,0.5508846645435416
5963,-2.744643181556405,0.5508295760770873
5964,-6.653486376890161,0.5507744931194796
5965,-8.803822411698626,0.5507194156701676
5966,-6.067574129517129,0.5506643437286005
5967,-8.94345112850667,0.5506092772942277
5968,-7.321491055083784,0.5505542163664983
5969,-7.243621554437581,0.5504991609448616
5970,-5.37691119018548,0.5504441110287671
5971,-4.581433747969477,0.5503890666176643
5972,-6.767394383773744,0.5503340277110025
5973,-8.699919217363608,0.5502789943082314
5974,-7.563198906768225,0.5502239664088006
5975,-7.665138348725835,0.5501689440121597
5976,-10.441276385712918,0.5501139271177584
5977,-8.352265949782021,0.5500589157250466
5978,-2.7682726833958187,0.5500039098334741
5979,-9.890406831402222,0.5499489094424908
5980,-7.347035344165072,0.5498939145515465
5981,-3.197802232683147,0.5498389251600914
5982,-7.8044720534603105,0.5497839412675753
5983,-2.904223197144911,0.5497289628734486
5984,-7.698338453318513,0.5496739899771613
5985,-3.9067206213493715,0.5496190225781636
5986,-2.9062830344253556,0.5495640606759058
5987,-7.297782122773192,0.5495091042698382
5988,-7.872294253172197,0.5494541533594113
5989,-6.505444581653843,0.5493992079440754
5990,-8.165371332534612,0.549344268023281
5991,-8.37887669502935,0.5492893335964787
5992,-6.709538266795475,0.549234404663119
5993,-10.37791424165987,0.5491794812226527
5994,-6.551530792956422,0.5491245632745304
5995,-5.396989388032781,0.5490696508182029
5996,-6.605476254732861,0.5490147438531211
5997,-6.677339942359058,0.5489598423787357
5998,-6.623418748735367,0.5489049463944978
5999,-7.891700501033254,0.5488500558998584
6000,-6.3132325742161335,0.5487951708942683
6001,-6.043759195118366,0.548740291377179
6002,-2.7672838867808864,0.5486854173480412
6003,-6.794590399001553,0.5486305488063065
6004,-7.341580419243817,0.5485756857514258
6005,-7.2055393318947525,0.5485208281828506
6006,-5.958162847417192,0.5484659761000323
6007,-6.9579374998401615,0.5484111295024223
6008,-8.82191195242454,0.548356288389472
6009,-7.455823161063125,0.5483014527606331
6010,-4.005255193589726,0.5482466226153571
6011,-8.211237256269591,0.5481917979530956
6012,-7.633192459114321,0.5481369787733003
6013,-8.064773154754137,0.548082165075423
6014,-8.358857559119231,0.5480273568589155
6015,-8.938965802149678,0.5479725541232295
6016,-8.173391900181436,0.5479177568678172
6017,-9.05392240599944,0.5478629650921304
6018,-7.318913466030326,0.5478081787956212
6019,-7.346855809763554,0.5477533979777416
6020,-7.205320837329447,0.5476986226379438
6021,-3.9864309862434064,0.54764385277568
6022,-6.7677094247823355,0.5475890883904024
6023,-8.8951099273219,0.5475343294815634
6024,-7.72628973170845,0.5474795760486153
6025,-8.942830665759281,0.5474248280910105
6026,-9.529082019377551,0.5473700856082013
6027,-8.50316559991261,0.5473153485996405
6028,-9.745674162419919,0.5472606170647806
6029,-8.962527512871734,0.5472058910030742
6030,-8.342086213698568,0.5471511704139739
6031,-8.531467231254362,0.5470964552969325
6032,-8.081430782965105,0.5470417456514028
6033,-8.719295169697453,0.5469870414768377
6034,-6.182390989977587,0.5469323427726901
6035,-7.025213828575758,0.5468776495384128
6036,-5.59102117929984,0.5468229617734589
6037,-8.315360978603284,0.5467682794772816
6038,-9.586299198423557,0.5467136026493339
6039,-8.346249148539313,0.546658931289069
6040,-9.141114669120682,0.5466042653959401
6041,-2.1128106073230137,0.5465496049694005
6042,-2.1744048835859053,0.5464949500089036
6043,-5.643461530986468,0.5464403005139027
6044,-7.705483845932728,0.5463856564838513
6045,-6.3937909846625365,0.5463310179182029
6046,-6.603905975744713,0.5462763848164112
6047,-2.103379757857247,0.5462217571779295
6048,-6.223354148087002,0.5461671350022117
6049,-6.966361756756092,0.5461125182887114
6050,-5.944478586263445,0.5460579070368826
6051,-6.104942448155141,0.5460033012461789
6052,-3.629776022312752,0.5459487009160543
6053,-3.7716494238264353,0.5458941060459627
6054,-6.21644055343477,0.5458395166353581
6055,-5.769757020668725,0.5457849326836945
6056,-6.709209467311075,0.5457303541904261
6057,-6.693204622105844,0.5456757811550071
6058,-6.1917680118724805,0.5456212135768916
6059,-6.622642717655561,0.545566651455534
6060,-5.591210373494464,0.5455120947903884
6061,-6.486206795076686,0.5454575435809094
6062,-8.313670451033724,0.5454029978265513
6063,-5.501862453833943,0.5453484575267686
6064,-7.424480284003069,0.545293922681016
6065,-5.477297829858376,0.5452393932887478
6066,-8.880427709015285,0.5451848693494189
6067,-4.724330706447699,0.545130350862484
6068,-5.046699583987859,0.5450758378273978
6069,-5.403314931982308,0.545021330243615
6070,-2.521028358192482,0.5449668281105906
6071,-5.596485472406879,0.5449123314277795
6072,-3.601724870931614,0.5448578401946368
6073,-4.829806714799385,0.5448033544106173
6074,-7.622101873788035,0.5447488740751762
6075,-7.101864870127931,0.5446943991877687
6076,-4.357671868943805,0.5446399297478499
6077,-3.3204725249961395,0.5445854657548751
6078,-3.408474828882982,0.5445310072082996
6079,-5.214904542911192,0.5444765541075788
6080,-7.012325973186313,0.544422106452168
6081,-3.60478055596145,0.5443676642415228
6082,-9.120958777313433,0.5443132274750987
6083,-5.392400355017784,0.5442587961523512
6084,-7.983690965315226,0.5442043702727359
6085,-3.5001949908202827,0.5441499498357086
6086,-3.5752571854466404,0.544095534840725
6087,-7.3834841484321325,0.544041125287241
6088,-6.396176916864754,0.5439867211747123
6089,-9.249420966255059,0.5439323225025948
6090,-8.53420975964272,0.5438779292703446
6091,-7.412489923235706,0.5438235414774176
6092,-3.7899351151922724,0.5437691591232698
6093,-7.950635016174427,0.5437147822073575
6094,-4.053749613890599,0.5436604107291367
6095,-6.763252111776439,0.5436060446880638
6096,-8.744271956635266,0.543551684083595
6097,-7.6800835347840675,0.5434973289151867
6098,-3.5932761568304725,0.5434429791822951
6099,-7.205531719033853,0.5433886348843769
6100,-7.696964728561335,0.5433342960208886
6101,-4.525681444727724,0.5432799625912865
6102,-8.165255616587089,0.5432256345950274
6103,-4.895567491625668,0.5431713120315679
6104,-4.788032812964464,0.5431169949003647
6105,-6.2425529880460315,0.5430626832008747
6106,-3.2039892361457145,0.5430083769325547
6107,-7.916742660141142,0.5429540760948615
6108,-2.176249444614835,0.542899780687252
6109,-9.507812121035633,0.5428454907091833
6110,-8.74685996029783,0.5427912061601124
6111,-8.49726394133846,0.5427369270394965
6112,-5.70761129665847,0.5426826533467926
6113,-9.764800136661858,0.5426283850814578
6114,-5.860810631630978,0.5425741222429497
6115,-9.55412830270889,0.5425198648307253
6116,-4.942992155069912,0.5424656128442423
6117,-6.706312135723925,0.5424113662829579
6118,-6.709911586971457,0.5423571251463296
6119,-6.9993457533172165,0.542302889433815
6120,-6.9422554664669605,0.5422486591448716
6121,-6.502214212697465,0.5421944342789572
6122,-8.34739379790221,0.5421402148355293
6123,-7.077573330768873,0.5420860008140458
6124,-6.202004090569018,0.5420317922139644
6125,-3.9423427372781177,0.5419775890347429
6126,-10.086773195634535,0.5419233912758394
6127,-6.269684332821953,0.5418691989367118
6128,-8.103454830962804,0.5418150120168181
6129,-7.980727548450242,0.5417608305156165
6130,-6.838319773364378,0.5417066544325649
6131,-8.377958971643853,0.5416524837671217
6132,-5.184543507870753,0.541598318518745
6133,-5.4923703095472955,0.5415441586868931
6134,-8.059730559583038,0.5414900042710244
6135,-7.312355861248944,0.5414358552705973
6136,-7.186538615853473,0.5413817116850703
6137,-5.6579015899279685,0.5413275735139018
6138,-6.741727513934028,0.5412734407565505
6139,-7.3529197213190525,0.5412193134124749
6140,-2.3837808170224877,0.5411651914811336
6141,-3.5029004730077267,0.5411110749619855
6142,-6.27827359901981,0.5410569638544893
6143,-7.683009454094781,0.5410028581581039
6144,-2.0915080510222492,0.5409487578722881
6145,-6.616277538574073,0.5408946629965009
6146,-6.136668577030378,0.5408405735302013
6147,-4.706615099566532,0.5407864894728484
6148,-7.283978665728157,0.5407324108239011
6149,-5.9789481143894605,0.5406783375828187
6150,-5.602118617874195,0.5406242697490604
6151,-2.869700398445647,0.5405702073220855
6152,-4.371393003923716,0.5405161503013532
6153,-4.096166736481458,0.5404620986863231
6154,-2.6102556718340533,0.5404080524764545
6155,-3.467102670903994,0.5403540116712069
6156,-2.6991213173876814,0.5402999762700398
6157,-8.519165316677373,0.5402459462724127
6158,-6.065070404210024,0.5401919216777855
6159,-4.217326630936049,0.5401379024856178
6160,-1.5552032061565313,0.5400838886953692
6161,-5.759429825262153,0.5400298803064997
6162,-4.795377225322576,0.5399758773184691
6163,-2.3087925414313477,0.5399218797307372
6164,-3.813784069365243,0.5398678875427642
6165,-2.5685664742599887,0.5398139007540099
6166,-4.856460553613032,0.5397599193639345
6167,-6.206094520415855,0.5397059433719982
6168,-3.052740740338609,0.539651972777661
6169,-3.9578387511074298,0.5395980075803832
6170,-5.611450133795773,0.5395440477796252
6171,-4.971636919045072,0.5394900933748472
6172,-7.971407048081875,0.5394361443655097
6173,-4.014741829489242,0.5393822007510731
6174,-3.804358245493458,0.539328262530998
6175,-5.931553921493483,0.5392743297047449
6176,-8.05748272428351,0.5392204022717744
6177,-7.160708698241198,0.5391664802315472
6178,-7.592157346758117,0.5391125635835241
6179,-8.739443833104803,0.5390586523271658
6180,-6.817122420315131,0.5390047464619331
6181,-6.686323903525038,0.5389508459872869
6182,-4.929187167624815,0.5388969509026882
6183,-7.514813972900511,0.538843061207598
6184,-5.743409111179969,0.5387891769014772
6185,-6.573935628781417,0.538735297983787
6186,-1.6725754792320235,0.5386814244539887
6187,-6.829883907917801,0.5386275563115434
6188,-7.640563664434417,0.5385736935559122
6189,-4.054413546374758,0.5385198361865566
6190,-6.229703173945762,0.538465984202938
6191,-4.916593787322393,0.5384121376045177
6192,-6.918398407166054,0.5383582963907573
6193,-6.310264269726176,0.5383044605611182
6194,-7.2059419925105495,0.5382506301150621
6195,-4.253489633115027,0.5381968050520506
6196,-5.756013675324238,0.5381429853715454
6197,-5.59049351370174,0.5380891710730082
6198,-7.051362172925273,0.538035362155901
6199,-6.734340841631105,0.5379815586196854
6200,-6.116233405896111,0.5379277604638235
6201,-6.591194341231807,0.5378739676877772
6202,-3.497087621846868,0.5378201802910084
6203,-7.001704024638875,0.5377663982729793
6204,-2.165520788009484,0.537712621633152
6205,-4.949513114003647,0.5376588503709887
6206,-7.024437502417102,0.5376050844859516
6207,-5.684077821805669,0.5375513239775029
6208,-6.477045308893863,0.5374975688451052
6209,-5.051819099878224,0.5374438190882207
6210,-5.522600235552076,0.5373900747063118
6211,-8.214931703122808,0.5373363356988412
6212,-3.330893902918848,0.5372826020652713
6213,-2.105448621154805,0.5372288738050648
6214,-6.746358995423945,0.5371751509176843
6215,-7.657410015783832,0.5371214334025926
6216,-7.50548567675351,0.5370677212592523
6217,-7.8672239505681,0.5370140144871264
6218,-7.446802660991038,0.5369603130856777
6219,-5.418359627553485,0.5369066170543692
6220,-5.965083669754195,0.5368529263926637
6221,-5.452202906662273,0.5367992411000244
6222,-3.721177961914121,0.5367455611759144
6223,-2.657472811297707,0.5366918866197968
6224,-7.398616437700521,0.5366382174311348
6225,-4.817878428953299,0.5365845536093917
6226,-3.415987455596765,0.5365308951540307
6227,-2.149600747437927,0.5364772420645153
6228,-8.26384846803716,0.5364235943403088
6229,-3.6229101315918895,0.5363699519808748
6230,-4.687983855610681,0.5363163149856767
6231,-2.1713987841297997,0.5362626833541781
6232,-6.995763877028734,0.5362090570858428
6233,-5.398753431683051,0.5361554361801342
6234,-7.434871592253224,0.5361018206365161
6235,-7.166927139253929,0.5360482104544525
6236,-5.126091059586218,0.5359946056334071
6237,-6.4265703748354825,0.5359410061728437
6238,-1.9759252323645577,0.5358874120722265
6239,-7.196143559313933,0.5358338233310193
6240,-7.181629706735074,0.5357802399486862
6241,-3.028436510057028,0.5357266619246913
6242,-7.385881225834852,0.5356730892584989
6243,-3.5491966053347155,0.5356195219495731
6244,-2.451802116597427,0.5355659599973781
6245,-7.612831478578272,0.5355124034013784
6246,-4.65920060528278,0.5354588521610383
6247,-2.873527487109707,0.5354053062758222
6248,-2.2773023220472006,0.5353517657451946
6249,-3.484171001256599,0.5352982305686201
6250,-4.874123676547277,0.5352447007455633
6251,-6.695534302528884,0.5351911762754887
6252,-3.1030114696109714,0.5351376571578612
6253,-5.438671346485185,0.5350841433921454
6254,-5.99984942272797,0.5350306349778062
6255,-5.401678719637765,0.5349771319143084
6256,-4.869718948001104,0.534923634201117
6257,-5.845608419400021,0.5348701418376969
6258,-8.308168839134975,0.5348166548235131
6259,-7.019053369221033,0.5347631731580308
6260,-2.278364676096587,0.534709696840715
6261,-7.660352804412206,0.5346562258710309
6262,-6.535979474940736,0.5346027602484438
6263,-5.974244726475029,0.534549299972419
6264,-5.952907460016439,0.5344958450424218
6265,-4.140384538923069,0.5344423954579175
6266,-2.5877892360310724,0.5343889512183717
6267,-6.488368136646154,0.5343355123232498
6268,-6.794333450901482,0.5342820787720175
6269,-3.6825171090629256,0.5342286505641403
6270,-5.904774205415658,0.5341752276990839
6271,-4.524058330338152,0.534121810176314
6272,-7.70612724571661,0.5340683979952964
6273,-9.198917276957692,0.5340149911554969
6274,-6.893680538580872,0.5339615896563813
6275,-7.3650047137832395,0.5339081934974157
6276,-6.831386694453099,0.533854802678066
6277,-6.0358216255541,0.5338014171977982
6278,-6.153151442297558,0.5337480370560784
6279,-5.274140800971882,0.5336946622523728
6280,-7.859012449868652,0.5336412927861476
6281,-5.392233761846487,0.533587928656869
6282,-5.346161213754442,0.5335345698640033
6283,-9.057278331697617,0.5334812164070168
6284,-2.049551536104133,0.5334278682853761
6285,-3.308013245701174,0.5333745254985476
6286,-3.8423248506043612,0.5333211880459977
6287,-9.412505762313144,0.5332678559271932
6288,-6.560854777064664,0.5332145291416005
6289,-6.3359863519289545,0.5331612076886864
6290,-8.457769169480214,0.5331078915679175
6291,-6.063935114871413,0.5330545807787607
6292,-7.924284149901958,0.5330012753206828
6293,-8.745029906089297,0.5329479751931507
6294,-6.196266397783769,0.5328946803956315
6295,-9.01267305052993,0.532841390927592
6296,-8.386864923746463,0.5327881067884992
6297,-8.955255796686185,0.5327348279778203
6298,-9.965702891912986,0.5326815544950225
6299,-5.913696597029963,0.532628286339573
6300,-7.950139918681172,0.5325750235109391
6301,-5.602315403290565,0.532521766008588
6302,-6.499153115928924,0.5324685138319871
6303,-3.859316237640249,0.5324152669806039
6304,-8.012824881722496,0.5323620254539059
6305,-7.26035867690992,0.5323087892513605
6306,-8.105349867056272,0.5322555583724353
6307,-6.781141667379757,0.5322023328165981
6308,-5.6637452493068245,0.5321491125833164
6309,-6.425167777142365,0.5320958976720581
6310,-8.730466075513037,0.5320426880822909
6311,-8.973763657815416,0.5319894838134828
6312,-6.688240615342496,0.5319362848651015
6313,-6.700307765031754,0.5318830912366149
6314,-4.335742498882496,0.5318299029274912
6315,-7.287380977580122,0.5317767199371984
6316,-8.6259547332487,0.5317235422652047
6317,-6.191327209854219,0.5316703699109782
6318,-6.099576786837874,0.5316172028739871
6319,-7.844785126962128,0.5315640411536997
6320,-4.473500353661587,0.5315108847495843
6321,-5.57799992658445,0.5314577336611094
6322,-8.528624272092145,0.5314045878877433
6323,-5.392264056948859,0.5313514474289545
6324,-9.061583016226674,0.5312983122842115
6325,-7.147745973337354,0.5312451824529831
6326,-7.731642589237435,0.5311920579347379
6327,-3.4118460392521825,0.5311389387289445
6328,-9.299976956504853,0.5310858248350716
6329,-4.638644591929949,0.5310327162525881
6330,-7.053837769850909,0.5309796129809629
6331,-7.728383391506656,0.5309265150196648
6332,-7.768514640522577,0.5308734223681628
6333,-8.364147870300636,0.530820335025926
6334,-4.094569475793832,0.5307672529924233
6335,-2.652407432895202,0.5307141762671241
6336,-7.6522671123333,0.5306611048494975
6337,-3.2365410471209586,0.5306080387390125
6338,-4.138059087284578,0.5305549779351386
6339,-6.09544528267471,0.5305019224373451
6340,-6.81683714035772,0.5304488722451013
6341,-4.224508596508374,0.5303958273578768
6342,-7.000272231087339,0.530342787775141
6343,-5.761960162421567,0.5302897534963635
6344,-5.778895083471099,0.5302367245210139
6345,-4.408969742834622,0.5301837008485618
6346,-6.782705049163075,0.5301306824784769
6347,-4.645283907699202,0.5300776694102292
6348,-1.9441680022346606,0.5300246616432881
6349,-7.4290151371205315,0.5299716591771237
6350,-5.610966142025597,0.5299186620112061
6351,-4.895404425889385,0.529865670145005
6352,-5.002935720794809,0.5298126835779905
6353,-7.121291926997671,0.5297597023096327
6354,-1.9585545499773342,0.5297067263394017
6355,-3.244223917797177,0.5296537556667678
6356,-4.408341617196207,0.5296007902912011
6357,-6.6926882259513265,0.529547830212172
6358,-7.569022020594919,0.5294948754291507
6359,-4.320058506254312,0.5294419259416079
6360,-6.89839825506181,0.5293889817490137
6361,-4.303436789513589,0.5293360428508388
6362,-3.576748309456364,0.5292831092465538
6363,-7.299882796792911,0.5292301809356291
6364,-8.000217321146287,0.5291772579175356
6365,-4.88708672691256,0.5291243401917438
6366,-6.204715664211119,0.5290714277577246
6367,-7.731978390654808,0.5290185206149489
6368,-5.653382450407047,0.5289656187628874
6369,-6.426715764727721,0.5289127222010112
6370,-5.313560169323148,0.5288598309287911
6371,-4.184128551348483,0.5288069449456982
6372,-9.143726031528526,0.5287540642512036
6373,-5.862968622962454,0.5287011888447786
6374,-6.299790959024015,0.5286483187258941
6375,-6.905304678252676,0.5285954538940215
6376,-6.224440940091974,0.5285425943486322
6377,-8.328251575021826,0.5284897400891972
6378,-4.584647482091411,0.5284368911151883
6379,-4.987620274425469,0.5283840474260768
6380,-2.2026964364837807,0.5283312090213342
6381,-4.275535698034548,0.5282783759004321
6382,-8.781481592741361,0.528225548062842
6383,-6.812353554956939,0.5281727255080357
6384,-6.783131895089088,0.5281199082354849
6385,-8.017886191625635,0.5280670962446614
6386,-5.266835512726024,0.5280142895350369
6387,-3.9820718652276703,0.5279614881060835
6388,-6.817248782087348,0.5279086919572729
6389,-8.512411209894905,0.5278559010880771
6390,-5.04614555041007,0.5278031154979683
6391,-8.094144280637163,0.5277503351864186
6392,-3.9876393635457332,0.5276975601528999
6393,-5.333739312144148,0.5276447903968846
6394,-5.891234799011665,0.5275920259178449
6395,-6.959260395295157,0.5275392667152532
6396,-6.474337554822471,0.5274865127885817
6397,-7.486690005328403,0.5274337641373029
6398,-5.783909474358634,0.5273810207608892
6399,-5.082045236866288,0.5273282826588132
6400,-4.489758940139657,0.5272755498305473
6401,-8.530111354399185,0.5272228222755642
6402,-6.498748528016375,0.5271700999933366
6403,-8.66737957367669,0.5271173829833373
6404,-6.280244060116686,0.527064671245039
6405,-4.5441451000263875,0.5270119647779145
6406,-7.642221387656998,0.5269592635814366
6407,-8.788658460976265,0.5269065676550785
6408,-8.864380156969172,0.526853876998313
6409,-6.327078110155192,0.5268011916106131
6410,-3.400812642484702,0.5267485114914521
6411,-6.169132463956598,0.526695836640303
6412,-5.8085314151170255,0.5266431670566389
6413,-6.678566949423457,0.5265905027399332
6414,-9.282200929006908,0.5265378436896593
6415,-3.9510179823903595,0.5264851899052904
6416,-11.469274196785651,0.5264325413862998
6417,-6.781952616756592,0.5263798981321611
6418,-9.452468868871751,0.5263272601423479
6419,-4.834734743792773,0.5262746274163337
6420,-4.473462103197586,0.5262219999535921
6421,-9.230590159921519,0.5261693777535967
6422,-9.343575264978561,0.5261167608158214
6423,-6.818531354955391,0.5260641491397398
6424,-3.9889078317171047,0.5260115427248258
6425,-4.54694633996246,0.5259589415705532
6426,-8.805404609396797,0.5259063456763962
6427,-6.222403826745513,0.5258537550418285
6428,-4.786422656523941,0.5258011696663244
6429,-9.568895715612353,0.5257485895493578
6430,-5.712982785298905,0.5256960146904028
6431,-4.851066058480372,0.5256434450889338
6432,-1.7559358657678552,0.525590880744425
6433,-5.233773643502875,0.5255383216563505
6434,-7.350159513445787,0.5254857678241849
6435,-2.631162568245135,0.5254332192474025
6436,-7.681946536808274,0.5253806759254778
6437,-4.532059242174179,0.5253281378578852
6438,-3.159784443255041,0.5252756050440994
6439,-3.8474447555947817,0.525223077483595
6440,-6.945304218712418,0.5251705551758467
6441,-7.307953446255645,0.5251180381203291
6442,-5.9238386633060935,0.525065526316517
6443,-7.272490507000223,0.5250130197638854
6444,-7.130977224548679,0.5249605184619089
6445,-2.214846771706651,0.5249080224100627
6446,-4.95980384172244,0.5248555316078217
6447,-5.366022309517842,0.524803046054661
6448,-5.3411823368419284,0.5247505657500555
6449,-4.2338169606693015,0.5246980906934805
6450,-6.010908932860002,0.5246456208844111
6451,-5.088423623140439,0.5245931563223227
6452,-8.080219162246578,0.5245406970066905
6453,-2.7664378614318217,0.5244882429369898
6454,-4.717165813144735,0.5244357941126961
6455,-5.106425739180734,0.5243833505332849
6456,-6.850331522961367,0.5243309121982316
6457,-4.872019247165754,0.5242784791070118
6458,-6.662118573211497,0.524226051259101
6459,-5.993702073511285,0.5241736286539751
6460,-6.356991210561215,0.5241212112911097
6461,-4.884577425177582,0.5240687991699806
6462,-3.9841073949939148,0.5240163922900636
6463,-4.875570216831277,0.5239639906508345
6464,-5.240979197092868,0.5239115942517695
6465,-6.532848708993057,0.5238592030923443
6466,-4.992693446160839,0.5238068171720351
6467,-5.511347468325949,0.5237544364903179
6468,-5.250871687138066,0.5237020610466689
6469,-6.472453043127768,0.5236496908405642
6470,-4.5524001652820445,0.5235973258714802
6471,-4.314683732146412,0.5235449661388931
6472,-2.465360412323128,0.5234926116422792
6473,-2.492671576922282,0.523440262381115
6474,-4.659289060930685,0.5233879183548769
6475,-4.2548597797967815,0.5233355795630413
6476,-10.480400489180447,0.523283246005085
6477,-1.7094419327265205,0.5232309176804846
6478,-1.7156971315324163,0.5231785945887165
6479,-10.093616599585223,0.5231262767292576
6480,-4.323722722060666,0.5230739641015847
6481,-3.322565632611238,0.5230216567051745
6482,-7.608107188909928,0.522969354539504
6483,-5.613395578461176,0.52291705760405
6484,-5.9564428088843675,0.5228647658982897
6485,-4.618530623196109,0.5228124794216998
6486,-3.577324168454372,0.5227601981737576
6487,-5.2831360928403015,0.5227079221539402
6488,-8.859950192810654,0.5226556513617249
6489,-8.73452516048479,0.5226033857965887
6490,-2.6102293034673787,0.5225511254580091
6491,-7.137222965259543,0.5224988703454633
6492,-7.201989681572445,0.5224466204584287
6493,-6.848395358238582,0.5223943757963829
6494,-7.673904751188858,0.5223421363588033
6495,-4.407975945526948,0.5222899021451675
6496,-5.224092996597854,0.522237673154953
6497,-9.137379016745854,0.5221854493876374
6498,-5.566075656110181,0.5221332308426987
6499,-8.062629081174407,0.5220810175196144
6500,-8.724944052518625,0.5220288094178624
6501,-4.955852028702621,0.5219766065369207
6502,-7.093711494413977,0.521924408876267
6503,-8.536671993495013,0.5218722164353794
6504,-8.473474669443513,0.5218200292137358
6505,-6.390951840428816,0.5217678472108145
6506,-6.489128236736057,0.5217156704260935
6507,-4.944851784798855,0.5216634988590508
6508,-5.585130689489927,0.5216113325091649
6509,-9.516414247759577,0.521559171375914
6510,-7.139422858164222,0.5215070154587764
6511,-9.372690868456214,0.5214548647572306
6512,-4.810182882493121,0.5214027192707549
6513,-5.286297547295251,0.5213505789988279
6514,-4.618879845081674,0.521298443940928
6515,-7.2947745414964835,0.5212463140965339
6516,-7.926017251633944,0.5211941894651242
6517,-8.824260379783727,0.5211420700461776
6518,-5.042929453856159,0.5210899558391731
6519,-3.6038821400248624,0.5210378468435891
6520,-7.257249446201826,0.5209857430589048
6521,-8.404698673741688,0.5209336444845989
6522,-8.098818756795534,0.5208815511201504
6523,-6.5141881783288,0.5208294629650384
6524,-8.658297587737286,0.5207773800187419
6525,-8.273456394141046,0.52072530228074
6526,-6.096310274415945,0.5206732297505119
6527,-4.46839890513232,0.5206211624275369
6528,-9.424489572237045,0.5205691003112941
6529,-7.197408242837769,0.520517043401263
6530,-6.94406771978217,0.520464991696923
6531,-4.2097643121889226,0.5204129451977533
6532,-2.7500968181573042,0.5203609039032335
6533,-4.774840433279351,0.5203088678128432
6534,-6.213884172796912,0.520256836926062
6535,-1.7141435472912272,0.5202048112423694
6536,-8.944043210953575,0.5201527907612452
6537,-5.785248708730368,0.520100775482169
6538,-2.885190660835219,0.5200487654046209
6539,-1.8525395075967552,0.5199967605280804
6540,-5.06837060448332,0.5199447608520276
6541,-6.009897415136532,0.5198927663759424
6542,-5.301368493732705,0.5198407770993048
6543,-2.5280963126580707,0.5197887930215949
6544,-6.731678509803048,0.5197368141422927
6545,-8.157502581201053,0.5196848404608785
6546,-6.791467935005452,0.5196328719768324
6547,-5.4054383425733175,0.5195809086896347
6548,-5.274221427156892,0.5195289505987657
6549,-4.584945523878655,0.5194769977037058
6550,-5.152337067664028,0.5194250500039355
6551,-6.660414853297318,0.5193731074989351
6552,-3.841668375321502,0.5193211701881851
6553,-6.490781725607832,0.5192692380711663
6554,-1.8426378447020781,0.5192173111473593
6555,-5.948442453673712,0.5191653894162446
6556,-4.091804199439651,0.5191134728773029
6557,-4.184404256907753,0.5190615615300151
6558,-4.484699636108221,0.5190096553738621
6559,-2.090272003151227,0.5189577544083247
6560,-6.081143456050291,0.5189058586328839
6561,-3.8559392213122057,0.5188539680470206
6562,-4.69651039108455,0.5188020826502159
6563,-2.9068211506806962,0.5187502024419509
6564,-5.574977525207234,0.5186983274217067
6565,-2.3802999540090752,0.5186464575889645
6566,-2.276380485342573,0.5185945929432056
6567,-4.388462041944139,0.5185427334839113
6568,-5.35114294911344,0.5184908792105629
6569,-4.777587891386275,0.5184390301226419
6570,-4.764191808843282,0.5183871862196296
6571,-2.7955886511431958,0.5183353475010077
6572,-4.648801417297951,0.5182835139662576
6573,-6.7031057511803915,0.518231685614861
6574,-2.673049615474506,0.5181798624462995
6575,-7.602084018952193,0.5181280444600549
6576,-6.597158559975712,0.5180762316556089
6577,-5.356469249309156,0.5180244240324433
6578,-5.573809365358332,0.5179726215900401
6579,-6.4285818991158115,0.5179208243278811
6580,-2.9744845765212555,0.5178690322454483
6581,-8.998367323761203,0.5178172453422238
6582,-5.140907791016226,0.5177654636176896
6583,-6.5299792591490124,0.5177136870713278
6584,-7.632876518421318,0.5176619157026207
6585,-7.274753470102723,0.5176101495110504
6586,-7.483473929386354,0.5175583884960994
6587,-5.575478680910605,0.5175066326572497
6588,-5.763482305248266,0.517454881993984
6589,-8.09918013482481,0.5174031365057846
6590,-2.784701865095702,0.517351396192134
6591,-5.3083957358175,0.5172996610525148
6592,-4.428971510328065,0.5172479310864095
6593,-8.52243852071543,0.5171962062933009
6594,-8.598967865644035,0.5171444866726715
6595,-8.206669854114633,0.5170927722240043
6596,-4.509091898264808,0.5170410629467819
6597,-4.11924904816506,0.5169893588404872
6598,-8.986863012487612,0.5169376599046032
6599,-2.770960030145942,0.5168859661386127
6600,-4.592386889859471,0.5168342775419988
6601,-6.783559221442454,0.5167825941142447
6602,-3.674426189814114,0.5167309158548332
6603,-7.576034414582833,0.5166792427632477
6604,-7.145294501435324,0.5166275748389714
6605,-4.852343877446215,0.5165759120814875
6606,-7.681665581417039,0.5165242544902793
6607,-5.454952477787732,0.5164726020648303
6608,-4.721998906591098,0.5164209548046238
6609,-8.209214622764604,0.5163693127091433
6610,-4.864265787855449,0.5163176757778725
6611,-7.490546116071906,0.5162660440102946
6612,-6.150327741187088,0.5162144174058936
6613,-8.404654071342406,0.516162795964153
6614,-6.7816170149826105,0.5161111796845567
6615,-4.814380158402793,0.5160595685665882
6616,-6.541455111715683,0.5160079626097316
6617,-9.287069910348325,0.5159563618134706
6618,-5.67419668054993,0.5159047661772893
6619,-7.413418372086955,0.5158531757006716
6620,-8.636137013179496,0.5158015903831015
6621,-5.94531240496007,0.5157500102240632
6622,-8.05532779961776,0.5156984352230408
6623,-5.204955599617602,0.5156468653795185
6624,-8.137380389742907,0.5155953006929805
6625,-8.669696225629348,0.5155437411629112
6626,-8.528030879307403,0.5154921867887949
6627,-7.703640744073518,0.515440637570116
6628,-8.56078666063547,0.5153890935063591
6629,-2.070961093350456,0.5153375545970085
6630,-2.3972578955000414,0.5152860208415487
6631,-2.3800074764065338,0.5152344922394646
6632,-5.487833520071471,0.5151829687902406
6633,-3.8184607158328703,0.5151314504933616
6634,-3.8119289325229118,0.5150799373483123
6635,-6.806026531207284,0.5150284293545774
6636,-4.506145201920477,0.514976926511642
6637,-2.6925618504065802,0.5149254288189908
6638,-7.095563306673437,0.5148739362761089
6639,-7.673329028161497,0.5148224488824813
6640,-5.429035001658351,0.514770966637593
6641,-5.95070099819119,0.5147194895409293
6642,-2.4787015692634613,0.5146680175919752
6643,-2.4740589477901063,0.5146165507902161
6644,-3.6460732961203877,0.5145650891351371
6645,-3.3820227143300903,0.5145136326262236
6646,-3.977093969168343,0.5144621812629611
6647,-7.03971599655851,0.5144107350448348
6648,-2.579359870413631,0.5143592939713303
6649,-5.170005273588072,0.5143078580419331
6650,-6.522469492698189,0.514256427256129
6651,-2.455540855963467,0.5142050016134033
6652,-4.835427853964932,0.5141535811132419
6653,-5.082559634755342,0.5141021657551306
6654,-7.385275654994238,0.5140507555385551
6655,-6.905400507091716,0.5139993504630012
6656,-7.366418320588956,0.5139479505279548
6657,-2.3413199270848524,0.513896555732902
6658,-3.6502708382546625,0.5138451660773288
6659,-6.937648446971373,0.5137937815607211
6660,-6.1507363708178024,0.5137424021825651
6661,-6.162485562033677,0.5136910279423468
6662,-8.397797107656677,0.5136396588395525
6663,-7.019956401360138,0.5135882948736686
6664,-6.982883540581722,0.5135369360441813
6665,-5.11297435712468,0.5134855823505768
6666,-5.389305207934525,0.5134342337923418
6667,-3.074503854882104,0.5133828903689626
6668,-5.859767311341651,0.5133315520799256
6669,-6.415504373642463,0.5132802189247176
6670,-6.972560534274988,0.5132288909028252
6671,-5.235308590049664,0.5131775680137349
6672,-2.5911873907968763,0.5131262502569336
6673,-7.582210082867046,0.5130749376319079
6674,-4.164476730632746,0.5130236301381448
6675,-6.2217621201117055,0.512972327775131
6676,-4.219014995031414,0.5129210305423535
6677,-7.77078586231214,0.5128697384392993
6678,-5.578640922000398,0.5128184514654553
6679,-4.961172363725238,0.5127671696203088
6680,-7.086458694010616,0.5127158929033467
6681,-5.971025544969817,0.5126646213140564
6682,-5.95273586336585,0.512613354851925
6683,-5.179253914501916,0.5125620935164399
6684,-5.510018301584866,0.5125108373070882
6685,-4.852319041012794,0.5124595862233575
6686,-2.3943516584871256,0.5124083402647351
6687,-5.1695953449194665,0.5123570994307086
6688,-1.972027616994987,0.5123058637207656
6689,-5.663825840650157,0.5122546331343936
6690,-5.721665503558686,0.5122034076710801
6691,-4.59122380163141,0.512152187330313
6692,-10.294800002050117,0.5121009721115799
6693,-2.789260479837673,0.5120497620143687
6694,-8.630814812062933,0.5119985570381672
6695,-10.053422968018353,0.5119473571824634
6696,-2.0477709874362016,0.5118961624467452
6697,-5.606892077011953,0.5118449728305006
6698,-5.840898704483203,0.5117937883332175
6699,-4.567199484073463,0.5117426089543842
6700,-6.623693837024539,0.5116914346934888
6701,-9.026162387340822,0.5116402655500194
6702,-9.3032489314842,0.5115891015234644
6703,-7.159691499206955,0.511537942613312
6704,-7.844898011298463,0.5114867888190506
6705,-6.665618678071363,0.5114356401401687
6706,-5.730780558555501,0.5113844965761547
6707,-3.7440289477070694,0.511333358126497
6708,-8.128305263970205,0.5112822247906844
6709,-5.864347800731833,0.5112310965682053
6710,-7.280047924881529,0.5111799734585485
6711,-2.1701579252049865,0.5111288554612027
6712,-7.4852775038628945,0.5110777425756565
6713,-3.2040944503310618,0.511026634801399
6714,-7.610627784736723,0.5109755321379188
6715,-4.451000454930597,0.510924434584705
6716,-8.294961120829427,0.5108733421412466
6717,-6.695660609071836,0.5108222548070325
6718,-7.032179414754271,0.5107711725815518
6719,-7.192824155092758,0.5107200954642936
6720,-3.701339376269899,0.5106690234547472
6721,-8.557705351476026,0.5106179565524017
6722,-7.064048121212625,0.5105668947567464
6723,-6.00430439272429,0.5105158380672707
6724,-8.245114138984928,0.510464786483464
6725,-4.591995374492529,0.5104137400048158
6726,-6.976652359428424,0.5103626986308153
6727,-6.10381169460705,0.5103116623609523
6728,-6.6650258966266644,0.5102606311947162
6729,-4.712756472191377,0.5102096051315967
6730,-8.480760426695195,0.5101585841710836
6731,-4.587305124310244,0.5101075683126666
6732,-5.3069557964035186,0.5100565575558353
6733,-6.240997781297252,0.5100055519000798
6734,-5.671165139175901,0.5099545513448898
6735,-4.60759693436312,0.5099035558897553
6736,-5.609004453938989,0.5098525655341664
6737,-5.742930946245239,0.5098015802776129
6738,-2.701686744106725,0.5097506001195852
6739,-7.739844562876685,0.5096996250595732
6740,-2.18258001999828,0.5096486550970672
6741,-7.792582716425475,0.5095976902315575
6742,-5.451814163945737,0.5095467304625344
6743,-7.672092779697743,0.5094957757894881
6744,-8.196972786359858,0.5094448262119092
6745,-3.567400345498268,0.509393881729288
6746,-4.408341617196207,0.5093429423411151
6747,-6.994024680013305,0.509292008046881
6748,-4.828346190823456,0.5092410788460764
6749,-5.6254731066405315,0.5091901547381917
6750,-2.5485314975328235,0.5091392357227179
6751,-5.96796834272379,0.5090883217991456
6752,-6.483927045059537,0.5090374129669657
6753,-7.356930796714316,0.508986509225669
6754,-7.788790786184098,0.5089356105747465
6755,-8.088236245643081,0.508884717013689
6756,-5.210728443035412,0.5088338285419877
6757,-5.498161875386563,0.5087829451591335
6758,-5.395141252618423,0.5087320668646176
6759,-6.519215504383801,0.5086811936579311
6760,-6.596136907375692,0.5086303255385652
6761,-6.859727553228899,0.5085794625060114
6762,-7.778818229414708,0.5085286045597608
6763,-5.454343178719185,0.5084777516993049
6764,-6.046963287638018,0.5084269039241349
6765,-6.718082627620538,0.5083760612337425
6766,-10.331182341904203,0.5083252236276191
6767,-5.205710061473418,0.5082743911052564
6768,-6.746987133011812,0.5082235636661458
6769,-5.955631853597828,0.5081727413097792
6770,-2.2026964364837807,0.5081219240356483
6771,-6.534932959432439,0.5080711118432447
6772,-4.324100879668233,0.5080203047320604
6773,-4.928590327816717,0.5079695027015871
6774,-6.277184405713013,0.507918705751317
6775,-7.927863935356665,0.5078679138807419
6776,-5.707497767619579,0.5078171270893539
6777,-2.6690282721344145,0.507766345376645
6778,-7.7233860571533794,0.5077155687421073
6779,-5.689550842143008,0.5076647971852332
6780,-5.392245737182377,0.5076140307055147
6781,-2.1460905032797264,0.5075632693024441
6782,-9.174210497422862,0.5075125129755139
6783,-5.8971773957353015,0.5074617617242164
6784,-9.492115033835198,0.507411015548044
6785,-7.756748825137209,0.5073602744464892
6786,-8.613232165945776,0.5073095384190446
6787,-5.847088197770744,0.5072588074652027
6788,-8.695698565003589,0.5072080815844562
6789,-1.904540665889924,0.5071573607762977
6790,-7.379537409567677,0.5071066450402201
6791,-2.5458790353153864,0.507055934375716
6792,-4.034858986561391,0.5070052287822785
6793,-5.59786596967511,0.5069545282594002
6794,-7.102332146092387,0.5069038328065743
6795,-8.635627970610727,0.5068531424232936
6796,-7.308036675065477,0.5068024571090513
6797,-7.740621199836221,0.5067517768633404
6798,-6.18212318759725,0.5067011016856541
6799,-6.762509521989243,0.5066504315754855
6800,-6.116423524134852,0.506599766532328
6801,-5.798494404596688,0.5065491065556748
6802,-5.646435630291581,0.5064984516450192
6803,-5.123637021042905,0.5064478017998547
6804,-6.296991582154888,0.5063971570196747
6805,-5.197326213461744,0.5063465173039727
6806,-6.093113853278229,0.5062958826522423
6807,-8.228808829977527,0.5062452530639772
6808,-9.52068615947736,0.5061946285386708
6809,-4.653089056631399,0.5061440090758169
6810,-4.530668317318272,0.5060933946749093
6811,-6.553318311141099,0.5060427853354419
6812,-7.457156635420459,0.5059921810569084
6813,-6.5421750435496735,0.5059415818388027
6814,-4.653302813887258,0.5058909876806188
6815,-6.940650696981348,0.5058403985818507
6816,-5.444008425897776,0.5057898145419926
6817,-6.2390025346375895,0.5057392355605383
6818,-7.886083537397156,0.5056886616369823
6819,-10.031538702968653,0.5056380927708186
6820,-4.651815842471119,0.5055875289615416
6821,-7.573513047311086,0.5055369702086454
6822,-4.403245705748519,0.5054864165116245
6823,-4.0157664005477836,0.5054358678699734
6824,-3.295451778734406,0.5053853242831864
6825,-8.588349855460692,0.5053347857507581
6826,-2.6903611679491295,0.505284252272183
6827,-2.109994728301164,0.5052337238469558
6828,-6.3152636249009815,0.5051832004745711
6829,-5.42959026813395,0.5051326821545237
6830,-2.944393687619534,0.5050821688863082
6831,-2.378599543595341,0.5050316606694195
6832,-2.0249111640953252,0.5049811575033526
6833,-6.751021928625186,0.5049306593876023
6834,-7.046247019048048,0.5048801663216635
6835,-5.569841420015649,0.5048296783050313
6836,-4.022229664000224,0.5047791953372008
6837,-3.5121525283480217,0.5047287174176671
6838,-4.845011694037728,0.5046782445459254
6839,-4.588233759967686,0.5046277767214707
6840,-5.163776228956914,0.5045773139437986
6841,-6.544821755876892,0.5045268562124042
6842,-3.021248383065255,0.504476403526783
6843,-6.467850369591392,0.5044259558864304
6844,-3.1359404185329294,0.5043755132908417
6845,-3.6073475085023787,0.5043250757395127
6846,-2.0821515164722015,0.5042746432319387
6847,-6.439710488578338,0.5042242157676156
6848,-2.7361942314906664,0.5041737933460388
6849,-1.7790535195002142,0.5041233759667042
6850,-6.013454633718204,0.5040729636291076
6851,-7.771491239072195,0.5040225563327447
6852,-2.6448340763674913,0.5039721540771115
6853,-3.816123688098216,0.5039217568617038
6854,-6.486003523864064,0.5038713646860177
6855,-5.138577376594512,0.5038209775495491
6856,-6.91556444487796,0.5037705954517941
6857,-6.53397102478367,0.503720218392249
6858,-5.515604783152065,0.5036698463704098
6859,-4.991108092708195,0.5036194793857728
6860,-5.24410764622429,0.5035691174378342
6861,-6.024213795614392,0.5035187605260903
6862,-4.507466393510251,0.5034684086500377
6863,-7.447309389669688,0.5034180618091727
6864,-2.5192694412684506,0.5033677200029918
6865,-5.924413880216692,0.5033173832309915
6866,-8.501624250928991,0.5032670514926684
6867,-5.916747408962376,0.5032167247875191
6868,-7.341235969277243,0.5031664031150404
6869,-5.260200772970186,0.5031160864747288
6870,-5.206509855696423,0.5030657748660814
6871,-6.0852945537615115,0.5030154682885948
6872,-6.186604735895943,0.502965166741766
6873,-5.88637935144205,0.5029148702250917
6874,-2.5719571603908262,0.5028645787380692
6875,-3.1281376135530046,0.5028142922801955
6876,-2.9986058705587384,0.5027640108509674
6877,-6.3068327374159905,0.5027137344498823
6878,-6.153043660855062,0.5026634630764374
6879,-7.399883815595511,0.5026131967301297
6880,-6.077286798561196,0.5025629354104567
6881,-6.302121534489553,0.5025126791169157
6882,-4.595762331899468,0.502462427849004
6883,-7.8994954363810805,0.502412181606219
6884,-5.060092202774847,0.5023619403880584
6885,-9.051261882721722,0.5023117041940196
6886,-8.828166510851924,0.5022614730236002
6887,-7.961734945845976,0.5022112468762979
6888,-6.651497159221233,0.5021610257516103
6889,-6.155274288881845,0.5021108096490351
6890,-3.4435104046193765,0.5020605985680702
6891,-3.5456019012318736,0.5020103925082133
6892,-3.0161124397312467,0.5019601914689625
6893,-7.054182602822327,0.5019099954498156
6894,-8.157336907292036,0.5018598044502707
6895,-5.0282728682819515,0.5018096184698256
6896,-7.330004419053125,0.5017594375079787
6897,-10.88763219141078,0.5017092615642279
6898,-5.1688933469243885,0.5016590906380715
6899,-5.293399830305628,0.5016089247290076
6900,-8.640628776630209,0.5015587638365347
6901,-4.871189879296473,0.5015086079601511
6902,-3.137814669441359,0.5014584570993551
6903,-6.347490480847187,0.5014083112536452
6904,-7.015148195908088,0.5013581704225198
6905,-4.404195107927357,0.5013080346054776
6906,-3.143343584523192,0.5012579038020171
6907,-5.394565733057014,0.5012077780116369
6908,-2.666183819388598,0.5011576572338357
6909,-6.303201325331755,0.5011075414681123
6910,-9.221824870903374,0.5010574307139655
6911,-8.575913109025386,0.5010073249708941
6912,-6.166865518039228,0.500957224238397
6913,-7.832025140672279,0.5009071285159731
6914,-5.6508108426802774,0.5008570378031215
6915,-9.016279678621482,0.5008069520993412
6916,-6.547838281314741,0.5007568714041313
6917,-7.146990293294509,0.5007067957169908
6918,-4.372623333794311,0.5006567250374191
6919,-7.869269369620553,0.5006066593649153
6920,-7.066345594019715,0.5005565986989788
6921,-7.274187662913532,0.5005065430391089
6922,-6.3587110962644875,0.500456492384805
6923,-1.5240821189459197,0.5004064467355666
6924,-6.867828477685086,0.500356406090893
6925,-2.315256322136192,0.5003063704502839
6926,-6.2473998388979375,0.5002563398132389
6927,-5.349941294052581,0.5002063141792576
6928,-6.283880356011608,0.5001562935478397
6929,-5.717472140175042,0.5001062779184849
6930,-5.975303404188763,0.5000562672906931
6931,-3.293582535178779,0.500006261663964
6932,-5.8189343601336505,0.4999562610377976
6933,-5.900926406300396,0.49990626541169386
6934,-3.158387651127323,0.4998562747851527
6935,-5.923791504537675,0.4998062891576742
6936,-6.291249677696925,0.49975630852875846
6937,-8.006799288097817,0.4997063328979056
6938,-5.686434858633884,0.49965636226461585
6939,-6.0616740462382435,0.4996063966283894
6940,-6.999614366567037,0.49955643598872657
6941,-6.374600249518772,0.4995064803451277
6942,-6.282311575242886,0.4994565296970932
6943,-4.827113556320927,0.49940658404412347
6944,-6.968744383319116,0.49935664338571906
6945,-3.175503221923832,0.49930670772138047
6946,-6.781198471932249,0.49925677705060834
6947,-6.501436176210216,0.49920685137290327
6948,-6.585187769967862,0.499156930687766
6949,-4.320107579394612,0.49910701499469723
6950,-3.099055613040613,0.4990571042931978
6951,-4.07038590786995,0.4990071985827685
6952,-6.3810466278735785,0.4989572978629102
6953,-7.026798991409138,0.4989074021331239
6954,-4.862515753803005,0.49885751139291057
6955,-5.183877562889428,0.4988076256417713
6956,-3.9101775185905563,0.4987577448792071
6957,-5.421348796122924,0.4987078691047192
6958,-2.1960071441917632,0.4986579983178087
6959,-3.824267661086548,0.4986081325179769
6960,-5.042622043902252,0.4985582717047251
6961,-6.059832345178699,0.4985084158775546
6962,-4.262168355931625,0.49845856503596686
6963,-4.34535878369728,0.4984087191794633
6964,-4.989712717428018,0.4983588783075453
6965,-4.6219298160310665,0.4983090424197146
6966,-3.2998263745760448,0.4982592115154726
6967,-4.729918094590486,0.49820938559432104
6968,-6.789486181019354,0.4981595646557616
6969,-4.757117889130376,0.49810974869929603
6970,-4.542291159472152,0.4980599377244261
6971,-5.052193991614294,0.49801013173065367
6972,-2.7341839510983403,0.49796033071748064
6973,-5.759874647498512,0.4979105346844089
6974,-7.2139818009712044,0.49786074363094046
6975,-7.178018441483934,0.4978109575565774
6976,-7.8173018420950555,0.49776117646082174
6977,-9.169748044632916,0.4977114003431757
6978,-7.519657432681474,0.4976616292031414
6979,-4.246804935582677,0.4976118630402211
6980,-5.631513150494834,0.4975621018539171
6981,-4.653604006337208,0.4975123456437317
6982,-2.2280657721811803,0.49746259440916735
6983,-8.053339500849841,0.4974128481497264
6984,-3.859138869577188,0.4973631068649115
6985,-3.215131456477444,0.497313370554225
6986,-3.939476897611994,0.49726363921716954
6987,-7.684789941984945,0.49721391285324784
6988,-6.439419177231316,0.4971641914619625
6989,-3.0686023963767948,0.4971144750428163
6990,-9.705109322781112,0.49706476359531204
6991,-7.330364662263776,0.4970150571189525
6992,-7.663551952273803,0.4969653556132406
6993,-7.9679335396959186,0.4969156590776793
6994,-8.112957592824653,0.49686596751177153
6995,-6.887948820529669,0.49681628091502034
6996,-7.138002442388839,0.49676659928692884
6997,-5.351898591229819,0.4967169226270002
6998,-3.2619963176649103,0.49666725093473746
6999,-9.364235454632148,0.49661758420964397
7000,-2.2265319059338218,0.496567922451223
7001,-6.47624471610022,0.4965182656589779
7002,-3.3409445835542737,0.496468613832412
7003,-6.671936339863253,0.4964189669710287
7004,-5.69405061958772,0.4963693250743316
7005,-5.320384405315781,0.4963196881418242
7006,-6.423197550344195,0.49627005617301
7007,-8.64312649477778,0.49622042916739273
7008,-7.671802027352684,0.496170807124476
7009,-2.0916934929821718,0.49612119004376354
7010,-7.124617313253059,0.49607157792475914
7011,-2.095232820705756,0.4960219707669667
7012,-7.4017695555249645,0.49597236856989
7013,-6.6703088591938124,0.49592277133303303
7014,-2.2823002348617316,0.4958731790558997
7015,-5.288811755648977,0.4958235917379941
7016,-9.622789158946468,0.4957740093788203
7017,-3.5974612601851748,0.49572443197788246
7018,-4.070901363876705,0.49567485953468465
7019,-4.822504389011385,0.4956252920487312
7020,-2.2164407218699544,0.49557572951952633
7021,-8.043942132714497,0.4955261719465744
7022,-7.5520690228784595,0.49547661932937975
7023,-6.029200908613381,0.4954270716674468
7024,-7.968693792066511,0.4953775289602801
7025,-7.165164102652337,0.4953279912073841
7026,-4.878924733921499,0.49527845840826334
7027,-6.3527115675805,0.4952289305624225
7028,-5.5645881579060195,0.49517940766936624
7029,-2.456469814848821,0.49512988972859934
7030,-4.53109402975035,0.49508037673962646
7031,-6.404164724635721,0.4950308687019525
7032,-9.069259814598928,0.4949813656150823
7033,-2.0528425700908652,0.4949318674785208
7034,-6.624606877091436,0.49488237429177295
7035,-4.580793369537002,0.4948328860543438
7036,-4.796813441237081,0.49478340276573834
7037,-4.938235834066305,0.49473392442546177
7038,-6.253876381372622,0.4946844510330192
7039,-4.089176608072352,0.49463498258791594
7040,-7.957612080281338,0.49458551908965714
7041,-7.295071883959646,0.4945360605377482
7042,-7.60416747926172,0.4944866069316944
7043,-7.129435544141693,0.4944371582710012
7044,-6.254897554676253,0.4943877145551741
7045,-6.648469746785009,0.4943382757837186
7046,-2.0049061858544226,0.4942888419561402
7047,-3.7161740736727418,0.4942394130719446
7048,-6.350108487512132,0.4941899891306374
7049,-7.788790786184098,0.49414057013172435
7050,-5.053217889201771,0.4940911560747112
7051,-5.937943038572447,0.49404174695910374
7052,-1.7789676559811356,0.49399234278440785
7053,-7.819114348412299,0.4939429435501294
7054,-6.316370093069814,0.4938935492557744
7055,-3.765852967687363,0.4938441599008488
7056,-6.7073839750939666,0.49379477548485873
7057,-6.379343306478684,0.49374539600731027
7058,-5.556791086670433,0.4936960214677095
7059,-6.281816036822836,0.4936466518655628
7060,-5.072423393555399,0.4935972872003762
7061,-2.851497505966551,0.49354792747165616
7062,-5.460028491053301,0.493498572678909
7063,-4.222256747155619,0.4934492228216411
7064,-5.343216981499026,0.49339987789935896
7065,-2.2441634137558415,0.493350537911569
7066,-5.164853761626522,0.49330120285777784
7067,-7.895179740375029,0.49325187273749205
7068,-4.6236341881058305,0.4932025475502183
7069,-7.6548688745647,0.4931532272954633
7070,-5.491727885600186,0.49310391197273373
7071,-5.275240360685027,0.49305460158153647
7072,-4.294152575827853,0.49300529612137833
7073,-6.359858872610847,0.4929559955917662
7074,-2.0150457809990803,0.49290669999220704
7075,-7.557002743083437,0.49285740932220784
7076,-4.883426684731743,0.4928081235812756
7077,-6.51743114857345,0.4927588427689175
7078,-8.708185294233463,0.4927095668846406
7079,-1.9877906796277576,0.4926602959279522
7080,-6.68469304145567,0.4926110298983594
7081,-5.705271689259694,0.4925617687953696
7082,-6.600559118027032,0.4925125126184901
7083,-3.583455481577137,0.4924632613672283
7084,-2.654604933130654,0.49241401504109156
7085,-4.753317367167886,0.49236477363958747
7086,-7.069252757286567,0.49231553716222354
7087,-4.935796781322296,0.4922663056085073
7088,-6.329664095511029,0.4922170789779465
7089,-9.367613189942102,0.4921678572700487
7090,-2.9687640486936537,0.4921186404843217
7091,-6.307539476019359,0.49206942862027325
7092,-7.610609300295194,0.4920202216774112
7093,-9.052576405737481,0.4919710196552435
7094,-8.167196122414087,0.491921822553278
7095,-6.464426109280612,0.4918726303710227
7096,-4.718177471211558,0.4918234431079856
7097,-6.159820940628675,0.4917742607636748
7098,-7.384259774344889,0.49172508333759846
7099,-7.308114992930882,0.4916759108292647
7100,-5.664889142895975,0.4916267432381818
7101,-7.161629197488963,0.491577580563858
7102,-7.570779562669648,0.4915284228058016
7103,-8.290296770386657,0.49147926996352104
7104,-7.778229126200872,0.4914301220365247
7105,-6.886565483818869,0.49138097902432104
7106,-6.472576776253634,0.49133184092641863
7107,-8.159782272997443,0.491282707742326
7108,-4.854688259808337,0.4912335794715518
7109,-5.5051929175989285,0.4911844561136046
7110,-9.44708012869385,0.4911353376679933
7111,-5.22970472610893,0.4910862241342265
7112,-7.868808645976742,0.49103711551181306
7113,-5.855389029074823,0.49098801180026186
7114,-3.79182639204946,0.4909389129990818
7115,-7.333818669833111,0.4908898191077819
7116,-4.132529625982091,0.49084073012587115
7117,-2.8967377070144997,0.4907916460528586
7118,-4.482684498996493,0.4907425668882533
7119,-5.349657460873406,0.4906934926315645
7120,-7.06246608237093,0.49064442328230135
7121,-5.847758863281478,0.49059535883997313
7122,-5.157883039098725,0.49054629930408916
7123,-3.6115555042471637,0.4904972446741588
7124,-5.896397463192065,0.4904481949496914
7125,-6.417274918167587,0.4903991501301964
7126,-9.190102672729276,0.4903501102151834
7127,-2.201554290357839,0.4903010752041619
7128,-4.766064470005253,0.4902520450966415
7129,-6.719079495537185,0.49020301989213183
7130,-4.447110255904362,0.4901539995901426
7131,-6.427524416064587,0.4901049841901836
7132,-6.513170425244602,0.4900559736917646
7133,-4.108175855844281,0.4900069680943955
7134,-2.774415904929649,0.48995796739758607
7135,-7.036010244132338,0.48990897160084634
7136,-2.4637745958089834,0.48985998070368625
7137,-3.2078926461955835,0.4898109947056159
7138,-6.251356264438638,0.48976201360614535
7139,-2.8081312784276777,0.4897130374047847
7140,-6.664938839929156,0.48966406610104424
7141,-6.598265501492927,0.4896150996944341
7142,-5.751309729643366,0.4895661381844647
7143,-6.650782941890554,0.4895171815706463
7144,-5.995355621475145,0.4894682298524892
7145,-6.915779051045117,0.489419283029504
7146,-5.089280872490312,0.48937034110120103
7147,-3.105180102619425,0.4893214040670909
7148,-6.923985453750406,0.4892724719266842
7149,-4.608060374582063,0.48922354467949153
7150,-3.350830774395664,0.48917462232502357
7151,-6.017936361014666,0.48912570486279106
7152,-6.09799075701229,0.4890767922923048
7153,-8.392572405795956,0.48902788461307556
7154,-3.3893977552108243,0.48897898182461424
7155,-6.177783427508979,0.4889300839264318
7156,-5.445861602996555,0.48888119091803917
7157,-5.817636983852396,0.48883230279894735
7158,-8.668411757668995,0.48878341956866744
7159,-6.606262777279679,0.48873454122671056
7160,-2.6591080192665464,0.4886856677725879
7161,-3.4888397689979076,0.4886367992058106
7162,-7.269486386036425,0.48858793552589
7163,-6.781293595824067,0.48853907673233743
7164,-5.662570177538576,0.4884902228246642
7165,-3.944507796341594,0.48844137380238173
7166,-7.317621777254423,0.4883925296650015
7167,-3.735888232335812,0.488343690412035
7168,-5.7395355299674655,0.48829485604299383
7169,-7.270279500562691,0.4882460265573895
7170,-8.28506592362419,0.4881972019547338
7171,-4.5969547011333525,0.4881483822345383
7172,-7.470015786516338,0.4880995673963149
7173,-4.6444858246359875,0.48805075743957527
7174,-6.257137978916433,0.4880019523638313
7175,-7.0664101720215875,0.4879531521685949
7176,-6.194852761970761,0.4879043568533781
7177,-6.533968482252026,0.48785556641769273
7178,-4.86501679457956,0.48780678086105095
7179,-8.125589804350486,0.48775800018296483
7180,-5.97477664030245,0.48770922438294656
7181,-6.252870302335426,0.4876604534605083
7182,-5.314105562770226,0.48761168741516225
7183,-6.831163647938354,0.4875629262464207
7184,-5.479390433862498,0.4875141699537961
7185,-9.070518848316496,0.4874654185368007
7186,-5.880326244850516,0.48741667199494704
7187,-3.07312751685551,0.48736793032774756
7188,-7.2247309273889915,0.4873191935347148
7189,-6.041042223494024,0.48727046161536136
7190,-4.077154386235618,0.4872217345691998
7191,-5.080008401575803,0.4871730123957429
7192,-7.326559237468849,0.48712429509450333
7193,-7.367001778580242,0.4870755826649939
7194,-6.8939828186849255,0.48702687510672743
7195,-6.622076237094898,0.48697817241921676
7196,-5.357997496599897,0.48692947460197483
7197,-6.608965828608424,0.48688078165451465
7198,-5.562673118344172,0.4868320935763492
7199,-8.017116456125617,0.4867834103669916
7200,-10.559571633127021,0.4867347320259549
7201,-7.318054259344742,0.4866860585527523
7202,-4.005182291628496,0.48663738994689704
7203,-9.259170699371897,0.48658872620790233
7204,-7.876663712933855,0.48654006733528155
7205,-4.677223874972787,0.486491413328548
7206,-5.799180109395239,0.48644276418721516
7207,-3.7674481188651034,0.48639411991079645
7208,-4.540123963276411,0.4863454804988054
7209,-4.0476649981065425,0.4862968459507555
7210,-7.531520964218435,0.48624821626616044
7211,-8.037283027843372,0.48619959144453384
7212,-3.9134427251349058,0.4861509714853894
7213,-6.001774960166969,0.48610235638824084
7214,-5.61412298538372,0.486053746152602
7215,-2.4115658900095998,0.48600514077798673
7216,-2.208366133078014,0.48595654026390894
7217,-2.2419845970633365,0.48590794460988257
7218,-5.0485147176675405,0.4858593538154216
7219,-4.077044183484935,0.4858107678800401
7220,-2.539804111556783,0.48576218680325206
7221,-3.758221547487841,0.48571361058457174
7222,-6.528796113274861,0.4856650392235133
7223,-9.089372159264325,0.48561647271959096
7224,-7.938177797204884,0.485567911072319
7225,-7.641027549116936,0.4855193542812118
7226,-2.0147320004730758,0.48547080234578366
7227,-4.629637472017356,0.4854222552655491
7228,-9.432659955545056,0.4853737130400226
7229,-3.0923832230762702,0.4853251756687186
7230,-7.151808375460924,0.4852766431511517
7231,-5.502265880761227,0.4852281154868366
7232,-8.625445455250043,0.48517959267528793
7233,-5.752653065915789,0.4851310747160204
7234,-8.099948291353254,0.4850825616085488
7235,-6.913616434570109,0.4850340533523879
7236,-6.424931096815693,0.4849855499470527
7237,-7.128093776719824,0.48493705139205795
7238,-7.483221241110691,0.48488855768691874
7239,-6.446640302727134,0.48484006883115005
7240,-6.386608807079339,0.48479158482426693
7241,-7.909312274189263,0.4847431056657845
7242,-8.42566940107984,0.4846946313552179
7243,-8.129279276691449,0.48464616189208237
7244,-1.8761510465917262,0.4845976972758932
7245,-1.8929313514357582,0.48454923750616563
7246,-6.896496242228885,0.484500782582415
7247,-9.445272365440118,0.4844523325041568
7248,-7.325406267310422,0.4844038872709064
7249,-6.666693342567042,0.4843554468821793
7250,-8.405641900596226,0.4843070113374911
7251,-2.0834949242170158,0.48425858063635735
7252,-9.171841373455358,0.4842101547782937
7253,-7.403833618305168,0.4841617337628159
7254,-7.235272940416644,0.48411331758943965
7255,-8.039275317783215,0.4840649062576807
7256,-7.400328050494737,0.48401649976705496
7257,-6.297769167852331,0.48396809811707825
7258,-8.643866553862079,0.4839197013072665
7259,-4.94614520225384,0.4838713093371358
7260,-7.5859424774676985,0.4838229222062021
7261,-6.127926896260796,0.4837745399139815
7262,-8.392076402889234,0.4837261624599901
7263,-5.882580758770293,0.4836777898437441
7264,-9.58885654611658,0.48362942206475973
7265,-5.787781593716856,0.4835810591225533
7266,-7.672162774800308,0.48353270101664103
7267,-6.85256079172996,0.48348434774653937
7268,-4.538240395624877,0.48343599931176473
7269,-5.8772967292185045,0.48338765571183356
7270,-7.146313034766637,0.48333931694626237
7271,-5.901807664756545,0.48329098301456774
7272,-8.532343019275377,0.4832426539162663
7273,-7.430722564752136,0.48319432965087467
7274,-7.475078966540365,0.4831460102179096
7275,-6.851692815797289,0.4830976956168878
7276,-4.381779056800111,0.48304938584732615
7277,-8.776199155386069,0.48300108090874144
7278,-9.489707586102082,0.48295278080065057
7279,-8.116321035533261,0.48290448552257054
7280,-6.723634956008779,0.4828561950740183
7281,-7.262627394153922,0.4828079094545109
7282,-4.727948498864464,0.4827596286635655
7283,-4.2691363807059615,0.48271135270069915
7284,-3.9263666606973833,0.4826630815654291
7285,-9.08086200358761,0.48261481525727257
7286,-3.6532200849436163,0.48256655377574686
7287,-8.548677282313037,0.4825182971203693
7288,-9.258079593673965,0.4824700452906573
7289,-4.032697969918001,0.48242179828612824
7290,-7.44484206202358,0.4823735561062996
7291,-6.33652900122425,0.482325318750689
7292,-5.578550846454467,0.48227708621881393
7293,-8.962695773895444,0.48222885851019204
7294,-7.123712025922837,0.48218063562434105
7295,-4.927966007775412,0.4821324175607786
7296,-6.440813414672023,0.48208420431902255
7297,-5.4721232981947106,0.48203599589859064
7298,-7.051437635127398,0.4819877922990008
7299,-9.293364009918427,0.4819395935197709
7300,-6.692490804402166,0.48189139956041893
7301,-4.6593722170167435,0.4818432104204629
7302,-8.137978826321765,0.4817950260994209
7303,-7.574323132121254,0.48174684659681094
7304,-5.829964151834,0.48169867191215127
7305,-8.115545572839814,0.48165050204496007
7306,-5.9611435384715845,0.4816023369947556
7307,-6.093993644119546,0.4815541767610561
7308,-8.440884635785306,0.48150602134338
7309,-6.968111113030359,0.4814578707412457
7310,-6.479786910180255,0.48140972495417156
7311,-2.1771084066435265,0.48136158398167617
7312,-9.864907141071477,0.481313447823278
7313,-2.233825187545076,0.4812653164784957
7314,-4.791786758899824,0.48121718994684787
7315,-4.0087004499241266,0.4811690682278532
7316,-7.043425084410071,0.48112095132103044
7317,-5.403099427100404,0.48107283922589833
7318,-6.515187965781014,0.48102473194197576
7319,-3.011842326831963,0.48097662946878156
7320,-3.1321589129514527,0.48092853180583467
7321,-2.344558062658753,0.4808804389526541
7322,-6.983755474566524,0.4808323509087588
7323,-4.82610948578365,0.48078426767366794
7324,-6.96330073324353,0.4807361892469006
7325,-4.327453856683613,0.4806881156279759
7326,-4.598690839255111,0.48064004681641315
7327,-3.935782802260909,0.4805919828117315
7328,-1.7577743790479634,0.48054392361345033
7329,-5.372189583667092,0.480495869221089
7330,-4.28578595919603,0.4804478196341669
7331,-3.021248383065255,0.4803997748522035
7332,-5.771266801037537,0.4803517348747183
7333,-3.1359404185329294,0.4803036997012308
7334,-3.748705646366134,0.4802556693312607
7335,-5.521958020675761,0.48020764376432756
7336,-5.666991676680496,0.48015962299995113
7337,-5.730386114334859,0.48011160703765116
7338,-1.7790535195002142,0.4800635958769474
7339,-6.335373703235236,0.48001558951735973
7340,-9.289093971818412,0.479967587958408
7341,-2.8525673395864706,0.47991959119961214
7342,-3.9512027808851453,0.47987159924049216
7343,-6.76831306537091,0.4798236120805681
7344,-7.15431800336872,0.47977562971936005
7345,-7.346148261096511,0.47972765215638813
7346,-7.020807315513622,0.4796796793911725
7347,-6.032936340873416,0.4796317114232334
7348,-6.749286081658861,0.4795837482520911
7349,-7.010732756522243,0.4795357898772659
7350,-6.360663927686932,0.4794878362982782
7351,-7.6900514011921715,0.47943988751464833
7352,-5.93097891646297,0.47939194352589687
7353,-7.192725107233072,0.4793440043315443
7354,-6.894934567947152,0.4792960699311111
7355,-8.280570138982682,0.479248140324118
7356,-6.801214603594255,0.47920021551008557
7357,-5.51630206726279,0.47915229548853455
7358,-6.389395593734558,0.4791043802589857
7359,-5.218434662602821,0.47905646982095984
7360,-6.2388300359457585,0.47900856417397775
7361,-6.139626513805941,0.4789606633175604
7362,-5.079026521665812,0.4789127672512286
7363,-5.946662649197977,0.4788648759745035
7364,-6.339650484626503,0.47881698948690604
7365,-7.184854559683602,0.47876910778795734
7366,-7.69068970519897,0.47872123087717855
7367,-6.027767930438585,0.47867335875409084
7368,-6.921095966438884,0.4786254914182154
7369,-4.801153048419691,0.4785776288690736
7370,-7.425544844984651,0.4785297711061867
7371,-4.648210801748556,0.4784819181290761
7372,-7.401571537644017,0.4784340699372632
7373,-7.060026421257557,0.47838622653026946
7374,-5.148898886973427,0.47833838790761646
7375,-6.323206396895332,0.4782905540688257
7376,-6.479364919334998,0.4782427250134188
7377,-5.7745178858110435,0.4781949007409175
7378,-9.077186066922451,0.4781470812508434
7379,-8.066696508479605,0.4780992665427183
7380,-7.6825383435504575,0.478051456616064
7381,-4.87061520578664,0.4780036514704024
7382,-4.677374644450735,0.4779558511052554
7383,-4.166206541595098,0.47790805552014487
7384,-6.959514540159231,0.47786026471459286
7385,-7.297241416286432,0.47781247868812143
7386,-8.659481979830964,0.47776469744025263
7387,-4.209973225476171,0.4777169209705086
7388,-4.930210350475263,0.4776691492784116
7389,-4.7328872356845135,0.4776213823634837
7390,-4.692671388670252,0.4775736202252474
7391,-5.879786379069288,0.4775258628632249
7392,-6.547324327614124,0.4774781102769386
7393,-5.222588808691007,0.4774303624659109
7394,-6.522089645451236,0.4773826194296643
7395,-5.032776997922724,0.4773348811677213
7396,-7.849871382578757,0.47728714767960456
7397,-7.645987383201767,0.4772394189648366
7398,-6.452244004366061,0.4771916950229401
7399,-3.169482670982567,0.4771439758534378
7400,-6.873035521451625,0.4770962614558525
7401,-8.18424338212245,0.4770485518297069
7402,-7.142526369051863,0.47700084697452394
7403,-6.485097240470692,0.4769531468898265
7404,-5.084771812146711,0.47690545157513753
7405,-9.13533030596208,0.47685776102998
7406,-7.873531155311738,0.47681007525387703
7407,-8.951009488513145,0.47676239424635164
7408,-8.248664366911107,0.476714718006927
7409,-2.7672989205890377,0.4766670465351263
7410,-6.765731429091465,0.4766193798304728
7411,-2.8604015329315846,0.47657171789248975
7412,-2.6273895311278386,0.4765240607207005
7413,-6.450243408842798,0.47647640831462845
7414,-6.297461424844522,0.47642876067379697
7415,-6.581236891071299,0.47638111779772957
7416,-4.001440832863117,0.4763334796859498
7417,-5.971616918297395,0.4762858463379812
7418,-5.392721645289465,0.4762382177533474
7419,-6.287201607506706,0.4761905939315721
7420,-4.32603666826161,0.47614297487217894
7421,-4.851374359355114,0.4760953605746917
7422,-2.098569724616793,0.4760477510386342
7423,-5.671657757124349,0.4760001462635304
7424,-5.4131919274858165,0.47595254624890404
7425,-7.034702590270131,0.47590495099427915
7426,-5.20690251145274,0.4758573604991797
7427,-6.797001428999042,0.4758097747631298
7428,-5.067743447466013,0.4757621937856535
7429,-2.1677125930073915,0.4757146175662749
7430,-5.923178809812181,0.4756670461045183
7431,-5.448570670213012,0.4756194793999079
7432,-7.439742863903393,0.4755719174519679
7433,-2.278364676096587,0.4755243602602227
7434,-5.160966733071607,0.4754768078241967
7435,-6.709431973178142,0.4754292601434143
7436,-5.610133680703539,0.47538171721739997
7437,-6.155335133515598,0.4753341790456782
7438,-3.4095174298491835,0.4752866456277736
7439,-1.958598982803342,0.47523911696321086
7440,-6.463268276930799,0.47519159305151454
7441,-4.633574154016473,0.4751440738922094
7442,-6.42102081619098,0.4750965594848202
7443,-3.451964730519698,0.47504904982887175
7444,-5.206005689939728,0.47500154492388885
7445,-2.8815253530332674,0.47495404476939646
7446,-3.9347924506731733,0.4749065493649195
7447,-6.891494186373356,0.474859058709983
7448,-9.411842327602546,0.474811572804112
7449,-3.013095063617076,0.4747640916468316
7450,-5.206377713412784,0.4747166152376669
7451,-7.1648176923045845,0.47466914357614315
7452,-4.407317936389585,0.47462167666178556
7453,-4.374373870843222,0.4745742144941194
7454,-7.060398255743193,0.47452675707267
7455,-2.354917195249329,0.47447930439696273
7456,-6.556321155890454,0.474431856466523
7457,-4.276373683211468,0.4743844132808764
7458,-3.834668216392225,0.4743369748395483
7459,-6.7901808141703786,0.47428954114206434
7460,-4.844011319429554,0.47424211218795015
7461,-9.926682549025656,0.47419468797673137
7462,-5.722734842777349,0.4741472685079337
7463,-5.9701459240250365,0.47409985378108294
7464,-7.346088623504806,0.4740524437957048
7465,-7.408873783013616,0.47400503855132525
7466,-3.3235132953396755,0.4739576380474701
7467,-8.425380651905083,0.47391024228366535
7468,-10.553267975096208,0.473862851259437
7469,-9.326821350656925,0.47381546497431104
7470,-4.665627560548905,0.4737680834278136
7471,-3.8122136420982002,0.47372070661947085
7472,-5.894204814145886,0.4736733345488089
7473,-7.467615384293463,0.473625967215354
7474,-7.617303850544316,0.47357860461863244
7475,-8.518595170281454,0.4735312467581706
7476,-10.198855710608107,0.4734838936334948
7477,-6.395829729622305,0.4734365452441315
7478,-6.867792532776895,0.47338920158960707
7479,-5.903050453486373,0.4733418626694481
7480,-4.972119456043684,0.47329452848318115
7481,-3.5303489341466636,0.47324719903033285
7482,-7.442173412960933,0.4731998743104298
7483,-8.620086285001001,0.4731525543229988
7484,-8.674633876338984,0.4731052390675665
7485,-8.264739867431729,0.47305792854365974
7486,-8.420766041751738,0.4730106227508054
7487,-7.841026008393898,0.47296332168853034
7488,-8.32465277197392,0.4729160253563615
7489,-6.632687406635373,0.4728687337538259
7490,-3.196646558833455,0.4728214468804505
7491,-3.414276775691616,0.4727741647357625
7492,-5.848729979531634,0.4727268873192889
7493,-7.766561575064395,0.47267961463055697
7494,-6.08296517668342,0.47263234666909393
7495,-8.483590190952642,0.472585083434427
7496,-5.844970077459083,0.4725378249260836
7497,-5.539673963429307,0.472490571143591
7498,-9.896651437530679,0.47244332208647666
7499,-5.737037253540603,0.472396077754268
7500,-3.37934023057407,0.4723488381464926
7501,-7.419022461016552,0.47230160326267795
7502,-7.7242222360246,0.4722543731023517
7503,-6.417977116709513,0.47220714766504146
7504,-8.881850627614106,0.472159926950275
7505,-5.94214095578673,0.47211271095757995
7506,-8.935129627321672,0.4720654996864842
7507,-9.420741236871134,0.47201829313651555
7508,-3.6588118903869873,0.4719710913072019
7509,-2.8542241563022337,0.4719238941980712
7510,-2.1966651243067568,0.4718767018086514
7511,-6.625254396128714,0.4718295141384705
7512,-3.8583116307917726,0.4717823311870567
7513,-7.980470697599424,0.471735152953938
7514,-3.2508265247350496,0.4716879794386426
7515,-2.3362390321449222,0.47164081064069874
7516,-2.9504294096278283,0.47159364655963465
7517,-6.295370038300209,0.4715464871949787
7518,-1.7345314243081131,0.4714993325462592
7519,-6.084837004375158,0.4714521826130046
7520,-5.46030060305067,0.4714050373947433
7521,-2.357644416904022,0.4713578968910038
7522,-2.6026318379919533,0.47131076110131476
7523,-5.353390584883681,0.4712636300252046
7524,-6.457360592768929,0.4712165036622021
7525,-5.578220534975815,0.4711693820118359
7526,-6.742685207871601,0.4711222650736347
7527,-3.5582054515455233,0.4710751528471273
7528,-4.237823241701498,0.4710280453318426
7529,-6.5717169516289635,0.47098094252730943
7530,-2.703923401356346,0.4709338444330567
7531,-5.9447842134434525,0.4708867510486134
7532,-5.542337126230274,0.47083966237350855
7533,-7.843977205360572,0.4707925784072712
7534,-4.355823429360081,0.4707454991494305
7535,-1.8861632165967297,0.47069842459951555
7536,-1.9007355569180633,0.4706513547570556
7537,-9.63346180509042,0.4706042896215799
7538,-2.519689619901551,0.4705572291926178
7539,-4.5158712065519175,0.47051017346969853
7540,-5.882581630563055,0.47046312245235156
7541,-4.015837680023472,0.47041607614010633
7542,-8.613704790758705,0.47036903453249235
7543,-8.28926616014089,0.4703219976290391
7544,-5.85135520879718,0.4702749654292762
7545,-7.296444890409429,0.4702279379327333
7546,-4.91705928210064,0.47018091513894006
7547,-3.574752906240618,0.4701338970474262
7548,-6.775231260897526,0.47008688365772144
7549,-7.137055561099512,0.4700398749693557
7550,-4.325998264310743,0.46999287098185877
7551,-6.270059513743398,0.4699458716947606
7552,-4.478238015271192,0.46989887710759115
7553,-7.5113043371913495,0.4698518872198804
7554,-8.12814335715803,0.46980490203115843
7555,-3.508981415524505,0.4697579215409553
7556,-6.997805945171617,0.46971094574880123
7557,-4.223682241244247,0.4696639746542264
7558,-4.175416933524582,0.46961700825676095
7559,-4.617298111705308,0.46957004655593526
7560,-7.337595749545276,0.4695230895512797
7561,-2.404574179872445,0.46947613724232456
7562,-7.1461221511529125,0.46942918962860036
7563,-5.345464347559934,0.4693822467096375
7564,-4.488092974646378,0.4693353084849666
7565,-6.71400514480789,0.46928837495411807
7566,-4.239502176350085,0.46924144611662266
7567,-8.396158163845328,0.469194521972011
7568,-6.033823812271022,0.4691476025198138
7569,-7.724912182333036,0.4691006877595618
7570,-6.628260359063952,0.4690537776907859
7571,-5.110847185078706,0.4690068723130168
7572,-4.6659540538461455,0.4689599716257855
7573,-4.7183507308685675,0.46891307562862294
7574,-4.332557515370658,0.4688661843210601
7575,-4.223874666201445,0.468819297702628
7576,-8.260988598973533,0.4687724157728577
7577,-4.943373581988319,0.46872553853128046
7578,-7.18433766105011,0.46867866597742736
7579,-6.876330187158073,0.4686317981108296
7580,-5.452300691470326,0.46858493493101855
7581,-6.579387661275482,0.46853807643752543
7582,-5.381483662340224,0.4684912226298817
7583,-6.72782888520375,0.4684443735076187
7584,-7.154985390507779,0.46839752907026794
7585,-8.419088876934314,0.4683506893173609
7586,-6.65482140446518,0.4683038542484292
7587,-3.6198715605534355,0.46825702386300433
7588,-9.548536255377828,0.46821019816061804
7589,-6.181377645492789,0.468163377140802
7590,-8.342568240467786,0.4681165608030879
7591,-7.300200747083205,0.4680697491470076
7592,-8.222590276968562,0.4680229421720929
7593,-9.13461689696117,0.4679761398778757
7594,-5.988119851095863,0.4679293422638879
7595,-3.9161707907752668,0.4678825493296615
7596,-7.504191856266235,0.4678357610747285
7597,-8.001885967726768,0.46778897749862103
7598,-10.290108319783425,0.4677421986008712
7599,-8.958163654502833,0.4676954243810111
7600,-8.842293017004158,0.467648654838573
7601,-8.854796330886648,0.46760188997308916
7602,-4.937453394818592,0.46755512978409186
7603,-8.283834949088392,0.46750837427111347
7604,-7.359435250505749,0.46746162343368636
7605,-5.539698613084917,0.467414877271343
7606,-6.94406771978217,0.46736813578361586
7607,-3.631648255689437,0.4673213989700375
7608,-3.3255227060187855,0.4672746668301405
7609,-4.49566430253049,0.4672279393634575
7610,-6.729756102639648,0.46718121656952116
7611,-4.540881631391317,0.4671344984478642
7612,-5.183275779058336,0.4670877849980194
7613,-6.109396329025334,0.4670410762195196
7614,-5.123962693923827,0.4669943721118977
7615,-5.059628043292292,0.4669476726746865
7616,-6.935139414799438,0.466900977907419
7617,-6.860119988154628,0.4668542878096283
7618,-5.954842107623621,0.46680760238084734
7619,-7.3330531534869525,0.4667609216206093
7620,-2.4855772010089505,0.4667142455284472
7621,-5.9993815714921634,0.46666757410389437
7622,-6.121870521458856,0.466620907346484
7623,-3.69610912844192,0.46657424525574936
7624,-5.198059953537519,0.4665275878312238
7625,-4.963834007045713,0.46648093507244065
7626,-2.6642387895318587,0.4664342869789334
7627,-4.749167987499037,0.46638764355023554
7628,-3.2132443957945886,0.46634100478588053
7629,-5.109580659154516,0.46629437068540197
7630,-6.047167812103048,0.46624774124833346
7631,-5.275750580503534,0.46620111647420864
7632,-4.325365637322401,0.46615449636256123
7633,-5.593039821239965,0.466107880912925
7634,-3.9137841459370835,0.4660612701248337
7635,-2.090272003151227,0.46601466399782127
7636,-6.2838623886330325,0.4659680625314215
7637,-3.205539576362585,0.46592146572516835
7638,-4.769735429013191,0.46587487357859586
7639,-3.0347664514931916,0.465828286091238
7640,-4.659545494182899,0.46578170326262885
7641,-5.904624007085441,0.4657351250923026
7642,-2.4857679389544503,0.46568855157979333
7643,-4.560027071359579,0.46564198272463536
7644,-5.112404197486452,0.4655954185263629
7645,-1.900070305011597,0.46554885898451026
7646,-4.849834272586862,0.4655023040986118
7647,-8.113403849951585,0.465455753868202
7648,-7.822989022850093,0.4654092082928152
7649,-3.233322451612159,0.4653626673719859
7650,-5.607137437073987,0.4653161311052487
7651,-3.360922436036173,0.4652695994921382
7652,-8.503143091113293,0.465223072532189
7653,-4.714766481687555,0.46517655022493576
7654,-4.751317823354311,0.46513003256991325
7655,-2.9758545941753414,0.4650835195666563
7656,-4.681663837308706,0.4650370112146996
7657,-7.36435040786016,0.4649905075135781
7658,-6.563394782306612,0.4649440084628268
7659,-6.507274133890613,0.46489751406198054
7660,-5.723878662835633,0.46485102431057435
7661,-2.998312332652537,0.4648045392081433
7662,-6.38136289240512,0.4647580587542225
7663,-6.875908252685172,0.4647115829483471
7664,-6.72087260803716,0.46466511179005227
7665,-4.245406307911022,0.46461864527887325
7666,-5.36732604630613,0.46457218341434536
7667,-6.0077912254919426,0.4645257261960039
7668,-5.039519943059182,0.4644792736233843
7669,-8.881675807307161,0.46443282569602196
7670,-8.0101736874362,0.46438638241345237
7671,-4.564478927837438,0.46433994377521104
7672,-9.941976028645506,0.4642935097808335
7673,-6.661708712724831,0.4642470804298554
7674,-3.0835492896738703,0.4642006557218124
7675,-5.064816367226135,0.46415423565624025
7676,-6.749605026625046,0.46410782023267466
7677,-8.637073823921082,0.4640614094506514
7678,-6.76681676428761,0.4640150033097063
7679,-8.11278027663677,0.4639686018093753
7680,-3.0633756360874367,0.4639222049491944
7681,-9.048793010898507,0.4638758127286995
7682,-7.396988863561926,0.46382942514742664
7683,-7.6350967375318195,0.4637830422049119
7684,-4.1725276203425175,0.4637366639006914
7685,-8.583122166246433,0.46369029023430136
7686,-4.400383924028702,0.4636439212052779
7687,-5.020098345373291,0.4635975568131574
7688,-5.8339101203600805,0.4635511970574761
7689,-5.337812629580034,0.46350484193777036
7690,-7.070282653711758,0.4634584914535766
7691,-7.355636373302974,0.4634121456044312
7692,-5.85068744966888,0.4633658043898708
7693,-8.025188216271852,0.46331946780943184
7694,-5.751719879356829,0.4632731358626509
7695,-8.417378591619954,0.4632268085490646
7696,-8.828486871281317,0.4631804858682097
7697,-9.32231127904587,0.4631341678196229
7698,-7.966988076613277,0.46308785440284095
7699,-6.862509524088134,0.4630415456174007
7700,-6.118332756843449,0.46299524146283894
7701,-6.509472556312681,0.4629489419386927
7702,-6.147108898525537,0.4629026470444988
7703,-9.038450561677081,0.46285635677979436
7704,-6.945484492948632,0.4628100711441164
7705,-4.731293223264423,0.462763790137002
7706,-5.493882717857796,0.46271751375798825
7707,-5.902831678614955,0.46267124200661247
7708,-5.011691332362423,0.46262497488241183
7709,-5.507909949951546,0.4625787123849236
7710,-2.481991779602749,0.46253245451368513
7711,-2.620747529011959,0.46248620126823375
7712,-5.5018508562064845,0.46243995264810694
7713,-6.80152464326812,0.46239370865284213
7714,-4.718996964063041,0.46234746928197684
7715,-2.483077955726289,0.4623012345350486
7716,-3.4555668467328675,0.4622550044115951
7717,-3.630217646637218,0.462208778911154
7718,-6.544738659197094,0.46216255803326284
7719,-6.681143986090719,0.4621163417774595
7720,-5.568747957330298,0.4620701301432818
7721,-3.3950468958801583,0.46202392313026747
7722,-1.8085223335330667,0.46197772073795446
7723,-1.8256251770176797,0.4619315229658807
7724,-4.820114614400814,0.4618853298135841
7725,-5.576358210662269,0.46183914128060277
7726,-6.95608003402573,0.46179295736647474
7727,-3.8306464383084156,0.4617467780707381
7728,-3.2598470117414067,0.46170060339293106
7729,-4.529223921907075,0.46165443333259176
7730,-5.72090389480453,0.4616082678892585
7731,-3.9330025914702667,0.4615621070624696
7732,-4.297074018709117,0.46151595085176333
7733,-3.226649104887549,0.46146979925667814
7734,-4.6370140917828495,0.46142365227675247
7735,-2.931409526390455,0.4613775099115248
7736,-5.600776869129382,0.46133137216053366
7737,-2.3387689606812496,0.4612852390233176
7738,-2.500057515780411,0.46123911049941524
7739,-3.5247584653229547,0.46119298658836533
7740,-8.60073661319087,0.4611468672897065
7741,-6.049963553475933,0.4611007526029775
7742,-6.313870641157267,0.4610546425277172
7743,-8.516968183963938,0.46100853706346445
7744,-2.630772137692351,0.46096243620975813
7745,-3.8535608762857687,0.4609163399661372
7746,-5.210042988347347,0.4608702483321406
7747,-4.9269354603047635,0.46082416130730736
7748,-5.114092599123241,0.4607780788911766
7749,-6.81308459188581,0.4607320010832875
7750,-6.705781708087643,0.4606859278831792
7751,-2.5928865987568495,0.46063985929039086
7752,-6.405792036830812,0.4605937953044618
7753,-6.055301023108655,0.46054773592493137
7754,-2.4507955496430016,0.4605016811513389
7755,-5.603377949438521,0.46045563098322373
7756,-5.960639126687191,0.4604095854201254
7757,-5.3695275634390605,0.4603635444615834
7758,-5.791888099547913,0.46031750810713723
7759,-5.226196756902922,0.46027147635632654
7760,-5.2333082835153135,0.4602254492086909
7761,-2.9344690808552096,0.46017942666377004
7762,-6.414595086052085,0.46013340872110364
7763,-3.3346608295478193,0.4600873953802315
7764,-5.188185795473206,0.4600413866406935
7765,-5.8127494963161705,0.4599953825020294
7766,-5.79918501847055,0.45994938296377924
7767,-6.642015189779518,0.45990338802548286
7768,-5.426183851001478,0.4598573976866803
7769,-5.727976790360379,0.45981141194691166
7770,-6.972548667672006,0.45976543080571697
7771,-6.100702933686982,0.4597194542626364
7772,-3.1279163117331032,0.4596734823172101
7773,-2.710052707369145,0.4596275149689784
7774,-8.000140449813696,0.45958155221748154
7775,-4.2267931946414325,0.4595355940622598
7776,-7.343596731116019,0.45948964050285357
7777,-5.485572843029196,0.45944369153880327
7778,-5.033949407160249,0.4593977471696494
7779,-6.767596290848523,0.4593518073949324
7780,-6.777792637839939,0.45930587221419295
7781,-8.24928492845299,0.45925994162697154
7782,-5.842310740192311,0.45921401563280884
7783,-6.746106338503939,0.45916809423124555
7784,-6.484241279659162,0.45912217742182243
7785,-7.716731586489144,0.45907626520408024
7786,-5.192206042352902,0.45903035757755983
7787,-5.9097414417330505,0.4589844545418021
7788,-6.8693904262497725,0.4589385560963479
7789,-4.578696003074564,0.4588926622407383
7790,-5.534933248057079,0.45884677297451426
7791,-8.452174486936055,0.4588008882972168
7792,-7.765601781868926,0.4587550082083871
7793,-6.81701410652264,0.45870913270756625
7794,-9.041211351247254,0.4586632617942955
7795,-5.262002364566163,0.4586173954681161
7796,-4.896273817797372,0.4585715337285693
7797,-5.754052359860305,0.45852567657519644
7798,-3.637065764805584,0.45847982400753895
7799,-6.783880452079824,0.4584339760251382
7800,-1.9546456006185928,0.4583881326275357
7801,-6.8879756112665955,0.45834229381427294
7802,-5.7817825779581415,0.4582964595848915
7803,-3.368320359969477,0.458250629938933
7804,-8.518620868252839,0.4582048048759391
7805,-5.860926492761347,0.45815898439545155
7806,-4.6636534911038385,0.458113168497012
7807,-5.002874300122658,0.4580673571801623
7808,-7.775707248565281,0.45802155044444426
7809,-6.1120519066229395,0.4579757482893998
7810,-2.125813405001917,0.4579299507145709
7811,-8.201550554210462,0.4578841577194994
7812,-5.802140703819665,0.45783836930372745
7813,-4.200472132662037,0.4577925854667971
7814,-5.369657413130353,0.4577468062082504
7815,-3.953248583976763,0.4577010315276296
7816,-3.0106282494462167,0.4576552614244768
7817,-6.767030341975621,0.4576094958983344
7818,-6.534779072306096,0.4575637349487446
7819,-7.431186733739218,0.45751797857524973
7820,-2.668162513996392,0.4574722267773922
7821,-6.105604774525075,0.45742647955471444
7822,-5.787325669330626,0.45738073690675896
7823,-2.5357745482697336,0.4573349988330683
7824,-2.9168611894560534,0.457289265333185
7825,-5.361354429718198,0.45724353640665166
7826,-5.263438465990255,0.457197812053011
7827,-7.754051936255161,0.4571520922718057
7828,-6.16751259084672,0.4571063770625785
7829,-4.870214980824445,0.45706066642487225
7830,-6.844071712881023,0.45701496035822975
7831,-3.7585935802318855,0.4569692588621939
7832,-2.392198607968596,0.4569235619363077
7833,-6.7300736720678795,0.45687786958011406
7834,-3.4169318536435194,0.45683218179315604
7835,-7.39702948795715,0.4567864985749767
7836,-5.497112508808221,0.4567408199251192
7837,-3.709874323961789,0.4566951458431267
7838,-4.523804396766898,0.4566494763285424
7839,-7.550103893115773,0.45660381138090955
7840,-6.290182375163981,0.4565581509997715
7841,-5.774689658922622,0.4565124951846715
7842,-5.8946384556486535,0.4564668439351531
7843,-10.444545291995222,0.4564211972507596
7844,-4.975914531030604,0.4563755551310345
7845,-4.7820448836890455,0.4563299175755214
7846,-2.4057365658909493,0.45628428458376386
7847,-3.7547714902334697,0.4562386561553055
7848,-2.0342739319120056,0.45619303228969
7849,-2.242231087688367,0.45614741298646105
7850,-7.921271305708518,0.4561017982451624
7851,-7.078141208920783,0.4560561880653379
7852,-2.668854953939798,0.45601058244653137
7853,-2.6063140394833497,0.4559649813882867
7854,-5.469527720147915,0.4559193848901479
7855,-7.488795883904181,0.45587379295165886
7856,-8.624074772268852,0.4558282055723637
7857,-8.292103069846263,0.4557826227518065
7858,-2.0249406203587053,0.4557370444895313
7859,-2.0184455995320403,0.4556914707850823
7860,-5.082424856424916,0.45564590163800384
7861,-8.271424187930798,0.45560033704784003
7862,-6.472565274749969,0.45555477701413527
7863,-4.936017543012699,0.45550922153643386
7864,-8.705731264166687,0.4554636706142802
7865,-6.90322191673658,0.4554181242472188
7866,-6.71271658977321,0.45537258243479406
7867,-5.112240000148178,0.4553270451765506
7868,-7.999354816349047,0.45528151247203297
7869,-6.870693042828664,0.45523598432078577
7870,-4.290380220503456,0.4551904607223537
7871,-7.100791021078438,0.45514494167628144
7872,-4.987645076975523,0.4550994271821138
7873,-10.332293553928068,0.45505391723939564
7874,-8.080103690103396,0.4550084118476717
7875,-7.540866380995823,0.45496291100648695
7876,-7.838579248519993,0.4549174147153863
7877,-7.134733140927373,0.45487192297391477
7878,-7.594017914216256,0.45482643578161736
7879,-6.4167070120999075,0.4547809531380392
7880,-7.380762100185715,0.4547354750427254
7881,-7.838638171835649,0.4546900014952211
7882,-3.780492819057366,0.4546445324950716
7883,-9.851323145757485,0.4545990680418221
7884,-8.975170560709074,0.45455360813501794
7885,-5.802159824667319,0.4545081527742044
7886,-10.62295707519761,0.454462701958927
7887,-10.382865457906236,0.45441725568873115
7888,-7.909095263168621,0.4543718139631623
7889,-7.4331459136631,0.45432637678176596
7890,-6.514123657268916,0.4542809441440878
7891,-7.271322642512395,0.45423551604967344
7892,-5.951292647172794,0.45419009249806847
7893,-9.395845014426792,0.45414467348881865
7894,-9.408604643652975,0.45409925902146975
7895,-9.358526047072624,0.4540538490955676
7896,-4.072607567990308,0.45400844371065807
7897,-3.575480638167087,0.453963042866287
7898,-1.744548368276769,0.4539176465620004
7899,-2.3492879275907628,0.4538722547973442
7900,-7.265709164330724,0.45382686757186447
7901,-3.4887195105522726,0.4537814848851073
7902,-2.0677867457312753,0.4537361067366188
7903,-1.6370086698747581,0.45369073312594516
7904,-5.942781029051728,0.45364536405263256
7905,-7.016528805705468,0.4535999995162273
7906,-5.3515825581602625,0.45355463951627567
7907,-3.891972838545229,0.45350928405232405
7908,-4.27933031004692,0.4534639331239188
7909,-5.151353694095119,0.4534185867306064
7910,-6.35607377940596,0.45337324487193337
7911,-6.475491852996013,0.4533279075474462
7912,-3.041837528889045,0.4532825747566914
7913,-7.827567044749566,0.45323724649921576
7914,-8.41308649451538,0.4531919227745658
7915,-9.115567976620952,0.45314660358228837
7916,-4.09326055551932,0.45310128892193013
7917,-5.256263044686355,0.45305597879303794
7918,-8.267220841418322,0.45301067319515864
7919,-5.762396642908973,0.4529653721278391
7920,-7.746534709573989,0.4529200755906263
7921,-5.486319564322237,0.45287478358306726
7922,-7.258984189667009,0.45282949610470896
7923,-5.962078653541112,0.4527842131550985
7924,-7.704865352224059,0.45273893473378296
7925,-3.29204786027121,0.4526936608403096
7926,-7.2024582259026975,0.4526483914742256
7927,-3.3483209556106672,0.4526031266350782
7928,-3.714820220626584,0.4525578663224147
7929,-8.040975442357007,0.45251261053578246
7930,-3.1773686815476565,0.45246735927472886
7931,-8.165157629113232,0.4524221125388014
7932,-9.58072652420446,0.45237687032754753
7933,-4.821717787193226,0.4523316326405148
7934,-7.377990753188597,0.45228639947725074
7935,-2.365810662286295,0.45224117083730303
7936,-10.011224932730432,0.4521959467202193
7937,-2.4057290674769165,0.45215072712554727
7938,-7.426823311374255,0.4521055120528347
7939,-4.328665722784731,0.45206030150162946
7940,-4.953237699077628,0.4520150954714793
7941,-6.650711927236972,0.45196989396193216
7942,-6.838800328488485,0.45192469697253596
7943,-9.087146222473237,0.4518795045028387
7944,-4.667970957867434,0.4518343165523884
7945,-9.16870896577168,0.4517891331207332
7946,-6.860562267888398,0.45174395420742114
7947,-6.924437656129882,0.4516987798120004
7948,-6.235849426051496,0.4516536099340192
7949,-8.126801228181687,0.4516084445730258
7950,-6.025402908360827,0.4515632837285685
7951,-6.848579949458086,0.45151812740019565
7952,-5.962757014348014,0.45147297558745564
7953,-8.26074159081368,0.4514278282898969
7954,-8.801183898982861,0.45138268550706795
7955,-5.600694159109315,0.45133754723851727
7956,-9.550652625722773,0.4512924134837934
7957,-8.266512202988029,0.45124728424244503
7958,-7.371702565055882,0.4512021595140208
7959,-5.528971541466206,0.45115703929806944
7960,-8.85076377318277,0.45111192359413965
7961,-8.672606799087294,0.45106681240178026
7962,-7.65262454540577,0.45102170572054007
7963,-4.917590232258965,0.450976603549968
7964,-6.438279060824296,0.450931505889613
7965,-4.55297396790235,0.450886412739024
7966,-11.85245583319585,0.45084132409775013
7967,-8.092606749652202,0.45079623996534035
7968,-5.902266204011997,0.4507511603413438
7969,-7.282412983986022,0.4507060852253097
7970,-7.040662769269888,0.45066101461678715
7971,-6.991209687575183,0.4506159485153255
7972,-7.8869360809190585,0.450570886920474
7973,-7.653896989281321,0.4505258298317819
7974,-7.7647612932636445,0.45048077724879876
7975,-7.1184432176514285,0.4504357291710739
7976,-8.311098845114266,0.45039068559815676
7977,-8.195712198460797,0.45034564652959697
7978,-7.728353166207135,0.45030061196494403
7979,-10.258271091456482,0.45025558190374754
7980,-9.92067933709271,0.4502105563455572
7981,-8.645100535191474,0.45016553528992265
7982,-9.055248505127242,0.45012051873639364
7983,-9.588973705116835,0.45007550668452
7984,-9.90374243282978,0.45003049913385157
7985,-5.088948985215357,0.4499854960839382
7986,-7.748432445057183,0.4499404975343298
7987,-7.7266263895531875,0.44989550348457635
7988,-7.482461148987311,0.4498505139342279
7989,-5.059747227805143,0.4498055288828345
7990,-8.919540736827015,0.4497605483299462
7991,-4.924897204288547,0.4497155722751132
7992,-8.59060609324743,0.4496706007178857
7993,-6.922599561241499,0.44962563365781394
7994,-5.18362128777361,0.44958067109444816
7995,-2.6566967092752485,0.44953571302733875
7996,-6.195785275013831,0.449490759456036
7997,-8.07307276637141,0.4494458103800904
7998,-5.91129089361554,0.4494008657990524
7999,-2.957913622709623,0.4493559257124725
8000,-5.86461605298723,0.4493109901199013
8001,-4.678271547064448,0.4492660590208893
8002,-3.0506591514708807,0.4492211324149872
8003,-5.140299344232898,0.4491762103017457
8004,-7.223435169527407,0.44913129268071555
8005,-7.492638526834016,0.4490863795514475
8006,-6.95336501585756,0.44904147091349234
8007,-2.2265589992961043,0.448996566766401
8008,-5.149019128426687,0.44895166710972434
8009,-3.9985654515889584,0.44890677194301337
8010,-6.944241261725063,0.44886188126581905
8011,-4.509691864011735,0.44881699507769246
8012,-6.545119348668191,0.4487721133781847
8013,-3.205834235379178,0.44872723616684684
8014,-5.2291178958801385,0.44868236344323015
8015,-6.163055297886702,0.44863749520688584
8016,-6.1545584598085314,0.44859263145736517
8017,-4.2210797564395826,0.44854777219421943
8018,-5.588958434265853,0.448502917417
8019,-6.136716288780465,0.4484580671252583
8020,-6.010537388631752,0.4484132213185458
8021,-5.918585930764959,0.44836837999641393
8022,-5.753395676667115,0.4483235431584143
8023,-6.701031236476648,0.4482787108040984
8024,-4.6143279809390165,0.448233882933018
8025,-4.674996653937053,0.4481890595447247
8026,-5.5491769624072305,0.44814424063877023
8027,-2.074409017975345,0.44809942621470633
8028,-4.133844937427328,0.44805461627208487
8029,-4.0081711452095,0.44800981081045765
8030,-5.916327482069661,0.4479650098293766
8031,-5.261627026800221,0.44792021332839366
8032,-3.3850794841900607,0.4478754213070608
8033,-4.996614871293566,0.4478306337649301
8034,-4.2151964726980395,0.44778585070155363
8035,-4.129219271399936,0.4477410721164835
8036,-2.230109215888278,0.44769629800927185
8037,-9.338961468811377,0.4476515283794709
8038,-8.789958131802738,0.44760676322663295
8039,-9.59779097772226,0.4475620025503103
8040,-8.38252124289556,0.4475172463500553
8041,-8.705906018060926,0.44747249462542027
8042,-2.2395409882706043,0.44742774737595775
8043,-5.854203390962297,0.44738300460122016
8044,-2.255353013209908,0.44733826630076007
8045,-5.496050822647678,0.44729353247413
8046,-3.9954131695724238,0.4472488031208826
8047,-7.698608998853907,0.4472040782405705
8048,-7.488468904598946,0.44715935783274646
8049,-6.623128034028344,0.4471146418969632
8050,-7.327325867523459,0.4470699304327735
8051,-8.254505106114218,0.4470252234397302
8052,-3.076997834936197,0.44698052091738627
8053,-6.390874534377114,0.44693582286529454
8054,-5.257311159784667,0.446891129283008
8055,-5.378752530320632,0.4468464401700797
8056,-4.228442144258668,0.44680175552606266
8057,-8.614492182616878,0.44675707535051007
8058,-7.654286313895872,0.44671239964297504
8059,-8.565565296459518,0.4466677284030108
8060,-7.37633816477182,0.44662306163017046
8061,-6.872011814768893,0.44657839932400745
8062,-4.423009334685886,0.44653374148407504
8063,-8.408737425140975,0.44648908810992666
8064,-7.980428876611116,0.44644443920111565
8065,-6.827381592421512,0.44639979475719554
8066,-8.138522163227766,0.4463551547777198
8067,-6.587636016939129,0.446310519262242
8068,-8.883035372973909,0.4462658882103158
8069,-7.06717392378144,0.4462212616214948
8070,-7.851482811003606,0.44617663949533265
8071,-7.197400583162471,0.4461320218313831
8072,-4.4447495789775235,0.4460874086292
8073,-6.202274182740112,0.44604279988833706
8074,-4.499484984906497,0.44599819560834825
8075,-6.153609193172149,0.4459535957887874
8076,-8.633684975356953,0.44590900042920856
8077,-4.471774245489878,0.4458644095291656
8078,-6.008658511059209,0.4458198230882127
8079,-7.321952284244758,0.4457752411059039
8080,-4.800219915463533,0.4457306635817933
8081,-6.303798556005727,0.4456860905154351
8082,-4.486631545623887,0.44564152190638356
8083,-8.271430193727735,0.44559695775419295
8084,-6.998828587678188,0.4455523980584175
8085,-8.41195637497918,0.44550784281861167
8086,-7.3321904469714845,0.4454632920343298
8087,-7.63545943809604,0.4454187457051264
8088,-6.852894198987874,0.4453742038305559
8089,-6.917604629605041,0.44532966641017285
8090,-6.276515507787628,0.4452851334435318
8091,-4.105616406366995,0.44524060493018747
8092,-2.2685439575662327,0.4451960808696945
8093,-4.809148821602811,0.4451515612616075
8094,-5.472813202627834,0.44510704610548135
8095,-6.232021532212709,0.4450625354008708
8096,-5.885977701143363,0.44501802914733074
8097,-4.476521209454043,0.44497352734441603
8098,-8.956005920132009,0.4449290299916816
8099,-3.9252498187190854,0.4448845370886824
8100,-1.962516865249291,0.44484004863497356
8101,-7.164626313401743,0.44479556463011005
8102,-2.866791462999349,0.444751085073647
8103,-7.527746239262198,0.44470660996513967
8104,-2.2528109166525003,0.44466213930414317
8105,-2.933375425458573,0.4446176730902128
8106,-4.393185789810015,0.4445732113229038
8107,-6.41789181296677,0.4445287540017715
8108,-6.632102922300259,0.44448430112637133
8109,-6.116320349687662,0.4444398526962587
8110,-6.2805740234186676,0.4443954087109891
8111,-6.5329149123140855,0.444350969170118
8112,-4.980665938882749,0.44430653407320103
8113,-1.6279556226599405,0.4442621034197937
8114,-5.683459402099183,0.44421767720945177
8115,-4.593974096705304,0.4441732554417308
8116,-6.403360603848613,0.44412883811618664
8117,-5.615536900169024,0.444084425232375
8118,-6.957999119659748,0.4440400167898518
8119,-2.337391282352246,0.4439956127881728
8120,-4.841690996332597,0.44395121322689396
8121,-6.597771707762707,0.44390681810557125
8122,-7.3974370864586385,0.4438624274237607
8123,-6.325360613973027,0.4438180411810183
8124,-3.4653555776065397,0.4437736593769002
8125,-4.2333123644040285,0.4437292820109625
8126,-7.005502548800617,0.4436849090827614
8127,-1.8097158381330325,0.44364054059185315
8128,-8.08824723818175,0.443596176537794
8129,-3.7472960574273326,0.44355181692014023
8130,-8.07487261835132,0.44350746173844824
8131,-10.06537933226697,0.4434631109922744
8132,-7.630565606556042,0.4434187646811752
8133,-4.618622404458501,0.44337442280470707
8134,-6.959595812558668,0.44333008536242663
8135,-9.831000307283473,0.4432857523538904
8136,-6.830869264704997,0.443241423778655
8137,-6.545019291504175,0.4431970996362771
8138,-5.496816082009663,0.4431527799263135
8139,-7.018191056989851,0.4431084646483209
8140,-2.3820651924377425,0.44306415380185604
8141,-4.089179352472351,0.4430198473864759
8142,-8.308988235380653,0.4429755454017372
8143,-8.919631595812053,0.44293124784719706
8144,-5.688882887670439,0.44288695472241235
8145,-4.987786517238967,0.4428426660269401
8146,-7.7856911299119504,0.4427983817603374
8147,-4.5290613196153835,0.4427541019221614
8148,-4.509217451317463,0.4427098265119692
8149,-7.171312835912417,0.442665555529318
8150,-4.27752038370894,0.44262128897376507
8151,-3.5504238731106863,0.4425770268448677
8152,-9.289624471051596,0.44253276914218326
8153,-8.011649270191418,0.44248851586526905
8154,-4.404356382749063,0.4424442670136825
8155,-4.4353901442445425,0.44240002258698113
8156,-8.077340397020462,0.44235578258472247
8157,-4.233381811513063,0.442311547006464
8158,-7.358421528074212,0.4422673158517634
8159,-7.8456146343626685,0.4422230891201782
8160,-6.626130386266899,0.4421788668112662
8161,-3.5774586901161394,0.4421346489245851
8162,-4.305980436584588,0.4420904354596926
8163,-7.7547708769605235,0.44204622641614666
8164,-4.373204561814708,0.44200202179350506
8165,-7.508054016824609,0.44195782159132574
8166,-4.286392565593976,0.4419136258091666
8167,-6.579683594743951,0.44186943444658566
8168,-7.952046506153395,0.441825247503141
8169,-5.553057176640211,0.4417810649783907
8170,-5.000762753975525,0.4417368868718929
8171,-4.512284626949139,0.4416927131832057
8172,-7.538907326726632,0.44164854391188735
8173,-6.517939719869161,0.44160437905749617
8174,-4.75832242444705,0.44156021861959044
8175,-3.671742885440752,0.44151606259772846
8176,-5.237669976866212,0.4414719109914687
8177,-6.167204991241945,0.4414277638003696
8178,-8.79638655581932,0.44138362102398954
8179,-6.621247800055538,0.44133948266188716
8180,-5.29109298596434,0.44129534871362097
8181,-9.097027475953443,0.4412512191787496
8182,-8.228093320263646,0.44120709405683173
8183,-3.4816346773685067,0.44116297334742605
8184,-5.2786504009257476,0.4411188570500913
8185,-7.811616692313491,0.4410747451643863
8186,-4.461298077719553,0.44103063768986983
8187,-7.988521402208803,0.4409865346261008
8188,-1.956517246283662,0.4409424359726382
8189,-3.8445554154642525,0.44089834172904097
8190,-3.1786099135174175,0.44085425189486804
8191,-2.5514449804662696,0.4408101664696786
8192,-2.3807751168528526,0.4407660854530316
8193,-4.014283360611335,0.4407220088444863
8194,-2.870506010803642,0.4406779366436019
8195,-5.8716898339541315,0.44063386884993755
8196,-3.3697433301186117,0.44058980546305254
8197,-3.8357262970277772,0.4405457464825062
8198,-4.552041892044659,0.440501691907858
8199,-3.156211388357998,0.4404576417386672
8200,-3.000145381847151,0.4404135959744933
8201,-7.701702403820753,0.44036955461489585
8202,-6.701932602507414,0.4403255176594344
8203,-4.41701032569065,0.44028148510766846
8204,-7.362573764363626,0.44023745695915767
8205,-3.646362406851634,0.44019343321346177
8206,-6.931131734409828,0.44014941387014045
8207,-3.469183958474415,0.44010539892875344
8208,-4.828723828514638,0.44006138838886055
8209,-6.160164701189274,0.4400173822500217
8210,-3.6291760437171616,0.4399733805117967
8211,-6.6564162918684495,0.4399293831737455
8212,-8.8299384928397,0.43988539023542816
8213,-4.575462015167428,0.4398414016964046
8214,-3.9026718433984824,0.43979741755623497
8215,-2.093106579705734,0.43975343781447934
8216,-3.810776628900454,0.4397094624706979
8217,-8.36220990138644,0.43966549152445084
8218,-3.9295378674845853,0.4396215249752984
8219,-2.2097584453524,0.43957756282280086
8220,-5.093336334809507,0.43953360506651856
8221,-8.112994801895404,0.4394896517060119
8222,-5.807871511768413,0.4394457027408413
8223,-8.607211806542452,0.43940175817056726
8224,-4.837295962312135,0.4393578179947502
8225,-6.291837270062865,0.43931388221295076
8226,-6.798663891032612,0.43926995082472947
8227,-7.814095605257636,0.439226023829647
8228,-6.607392296333379,0.43918210122726403
8229,-7.11358314635722,0.4391381830171413
8230,-5.919394288990749,0.4390942691988396
8231,-4.18890384809395,0.4390503597719197
8232,-8.27847893020407,0.4390064547359425
8233,-5.494859298383998,0.4389625540904689
8234,-6.782084010068329,0.4389186578350599
8235,-4.544840084029512,0.4388747659692764
8236,-6.884442423796929,0.43883087849267943
8237,-9.196814854592951,0.4387869954048302
8238,-2.464443032669882,0.4387431167052897
8239,-7.3838889408012545,0.4386992423936192
8240,-6.158171436956808,0.4386553724693798
8241,-5.926369032477939,0.43861150693213286
8242,-8.181792457909,0.43856764578143964
8243,-8.941438883778833,0.4385237890168615
8244,-4.18728863757628,0.4384799366379598
8245,-8.335844170860604,0.438436088644296
8246,-5.663042192008248,0.43839224503543156
8247,-3.3015258659086895,0.43834840581092804
8248,-8.299179852857229,0.438304570970347
8249,-3.9718524458291933,0.4382607405132499
8250,-8.068681052446726,0.4382169144391986
8251,-4.209475684702497,0.4381730927477547
8252,-6.996540051310861,0.4381292754384799
8253,-3.9803632217332066,0.43808546251093605
8254,-5.737469491171712,0.438041653964685
8255,-6.560573609879434,0.4379978497992885
8256,-7.830493990649972,0.4379540500143086
8257,-7.929265513059295,0.43791025460930716
8258,-6.518155627242228,0.43786646358384623
8259,-9.834232692204504,0.43782267693748783
8260,-4.665234010808113,0.4377788946697941
8261,-8.155159874366987,0.4377351167803271
8262,-6.854510652533818,0.4376913432686491
8263,-6.965185159755575,0.43764757413432226
8264,-8.107415276438903,0.43760380937690885
8265,-7.308177315787491,0.4375600489959712
8266,-7.592913399817926,0.4375162929910716
8267,-7.951385177570046,0.4374725413617725
8268,-7.4213593501064565,0.4374287941076363
8269,-5.715308466899115,0.4373850512282255
8270,-6.273834483370809,0.4373413127231027
8271,-7.301060666306316,0.43729757859183044
8272,-7.794652941888984,0.4372538488339713
8273,-4.448951248892877,0.4372101234490879
8274,-9.501657135702953,0.437166402436743
8275,-5.291810055510828,0.4371226857964993
8276,-8.059564612037093,0.4370789735279197
8277,-7.357771891492144,0.4370352656305669
8278,-7.260249681612736,0.4369915621040038
8279,-6.043525507701515,0.4369478629477934
8280,-8.481203675759861,0.43690416816149863
8281,-7.1308537103025,0.4368604777446825
8282,-8.175041265276207,0.43681679169690807
8283,-4.8691222108389525,0.4367731100177384
8284,-1.8846305242650905,0.43672943270673664
8285,-4.706705222474222,0.43668575976346596
8286,-3.979491802981186,0.43664209118748964
8287,-2.135815521018942,0.4365984269783709
8288,-5.2759262504109365,0.4365547671356731
8289,-7.026953291248006,0.4365111116589595
8290,-2.5674278490460423,0.4364674605477936
8291,-3.850241416572425,0.43642381380173884
8292,-5.525506174931183,0.4363801714203587
8293,-6.085120559209761,0.43633653340321665
8294,-6.057123757268342,0.43629289974987634
8295,-5.845265950757057,0.43624927045990136
8296,-6.856702599757644,0.4362056455328554
8297,-5.403234286075092,0.43616202496830214
8298,-4.858130942998219,0.4361184087658053
8299,-4.158750969429109,0.43607479692492873
8300,-7.447458179732061,0.4360311894452362
8301,-3.984288750800298,0.4359875863262917
8302,-6.024871049130417,0.43594398756765906
8303,-6.510576313279511,0.4359003931689023
8304,-5.610900612141075,0.4358568031295854
8305,-7.149458389503275,0.4358132174492725
8306,-4.089725945300721,0.43576963612752756
8307,-3.7029279027323856,0.4357260591639148
8308,-6.6066446039379905,0.43568248655799846
8309,-4.872019247165754,0.43563891830934265
8310,-4.649589183201503,0.43559535441751174
8311,-5.517948202384696,0.43555179488206996
8312,-5.968109221854908,0.4355082397025818
8313,-1.6963690872259192,0.43546468887861156
8314,-1.5195149292715016,0.4354211424097237
8315,-5.005493132403407,0.4353776002954827
8316,-1.4717039793439195,0.4353340625354532
8317,-2.3677152826197263,0.4352905291291997
8318,-6.962158133747279,0.43524700007628675
8319,-1.6799463306866758,0.4352034753762791
8320,-6.194342717749692,0.4351599550287415
8321,-7.011602959824281,0.4351164390332386
8322,-8.565690186574471,0.4350729273893353
8323,-6.294491867600046,0.43502942009659634
8324,-1.7166675850295832,0.4349859171545867
8325,-3.326488327434493,0.43494241856287125
8326,-4.756032815502339,0.43489892432101496
8327,-4.537089911511735,0.4348554344285829
8328,-2.6135959176227654,0.43481194888514
8329,-6.3609825559606055,0.4347684676902515
8330,-8.519500149522727,0.4347249908434825
8331,-5.761339574919714,0.43468151834439817
8332,-7.330415510601684,0.43463805019256374
8333,-6.4669307875189075,0.4345945863875445
8334,-6.554672132914563,0.43455112692890574
8335,-3.27596076339436,0.43450767181621286
8336,-3.3040964937970316,0.43446422104903126
8337,-3.2189726295826437,0.43442077462692635
8338,-8.600744518470126,0.43437733254946365
8339,-7.690787116609805,0.4343338948162087
8340,-6.799728013571031,0.4342904614267271
8341,-5.0921752221557774,0.43424703238058443
8342,-6.92484745320621,0.4342036076773464
8343,-2.7261590556604878,0.4341601873165787
8344,-5.633349001993714,0.43411677129784704
8345,-7.978584795802522,0.43407335962071725
8346,-7.243116956921218,0.43402995228475516
8347,-3.3873926052207803,0.4339865492895267
8348,-7.6789265663310795,0.4339431506345977
8349,-6.858921290596713,0.43389975631953426
8350,-7.284691397595106,0.4338563663439023
8351,-5.725310240689615,0.4338129807072679
8352,-3.4574488583144616,0.4337695994091972
8353,-7.288354160700966,0.4337262224492563
8354,-8.063305282817463,0.4336828498270114
8355,-5.95033316853287,0.4336394815420287
8356,-4.849368126725997,0.4335961175938745
8357,-7.663329138898627,0.4335527579821151
8358,-8.898639422303113,0.43350940270631694
8359,-6.299108477198929,0.4334660517660463
8360,-5.689674537688493,0.4334227051608697
8361,-7.438458185847261,0.43337936289035367
8362,-5.724388434544445,0.43333602495406465
8363,-6.128083502084746,0.4332926913515692
8364,-7.071147692699079,0.4332493620824341
8365,-10.393516631327762,0.43320603714622585
8366,-5.362962581457147,0.43316271654251126
8367,-5.847662035529487,0.433119400270857
8368,-5.687785366000882,0.4330760883308299
8369,-6.478122081721619,0.4330327807219968
8370,-6.64230867661277,0.43298947744392463
8371,-7.011324355441616,0.4329461784961802
8372,-3.4831088230956233,0.4329028838783306
8373,-5.853243380596693,0.43285959358994275
8374,-8.426800729354632,0.43281630763058376
8375,-6.02565842445943,0.4327730259998207
8376,-6.78489854766356,0.43272974869722075
8377,-6.038112517331388,0.432686475722351
8378,-9.598827745151716,0.4326432070747788
8379,-3.648854095020859,0.4325999427540714
8380,-7.720203805891817,0.432556682759796
8381,-3.3442721398691626,0.43251342709152
8382,-2.7028048294728215,0.43247017574881086
8383,-3.0102086759211177,0.432426928731236
8384,-5.565866700634897,0.4323836860383629
8385,-4.193358709455804,0.4323404476697591
8386,-8.523481445077215,0.4322972136249921
8387,-6.009484532070011,0.4322539839036296
8388,-3.6760680251498465,0.43221075850523927
8389,-4.561694463154816,0.43216753742938874
8390,-6.743444126186903,0.4321243206756458
8391,-2.3811294491982964,0.43208110824357826
8392,-5.955101114855293,0.4320379001327539
8393,-5.805015833939806,0.4319946963427406
8394,-4.682862454559662,0.43195149687310636
8395,-3.3229834902398676,0.43190830172341904
8396,-2.502730594597734,0.4318651108932467
8397,-4.841219165360624,0.4318219243821574
8398,-4.472993088838709,0.4317787421897192
8399,-6.032149782885128,0.4317355643155002
8400,-5.100014393694947,0.4316923907590687
8401,-2.760999202691016,0.4316492215199928
8402,-7.1118011331062,0.4316060565978408
8403,-7.011710403223023,0.431562895992181
8404,-6.015945615794566,0.4315197397025818
8405,-5.783993400004478,0.4314765877286115
8406,-6.2036697770812514,0.4314334400698387
8407,-8.368383324363226,0.43139029672583173
8408,-5.3144323238993465,0.43134715769615917
8409,-4.320701212593217,0.43130402298038956
8410,-6.253543401149529,0.4312608925780915
8411,-6.366429633212889,0.4312177664888337
8412,-6.757873820481167,0.4311746447121848
8413,-5.89403783919353,0.4311315272477136
8414,-6.444119842222422,0.4310884140949888
8415,-5.455063565050148,0.4310453052535793
8416,-5.3978584409405865,0.43100220072305395
8417,-5.500980255393392,0.43095910050298164
8418,-5.136350318793999,0.43091600459293133
8419,-3.4616470812849647,0.43087291299247205
8420,-2.615001468033272,0.4308298257011728
8421,-7.1329914458703545,0.4307867427186027
8422,-4.06356442133304,0.43074366404433084
8423,-8.882858012182858,0.4307005896779264
8424,-5.610021402032453,0.4306575196189586
8425,-3.7276159298604634,0.4306144538669967
8426,-3.5304376309819916,0.43057139242161
8427,-5.789253215305909,0.4305283352823679
8428,-4.698020398067057,0.43048528244883966
8429,-9.415148276653394,0.4304422339205948
8430,-6.538818463491655,0.4303991896972027
8431,-8.680087106090085,0.430356149778233
8432,-9.179370716299642,0.4303131141632552
8433,-2.7220427829979297,0.4302700828518389
8434,-6.979139856087183,0.4302270558435537
8435,-7.454931579843871,0.4301840331379693
8436,-3.852049471857347,0.43014101473465555
8437,-6.576792652878255,0.4300980006331821
8438,-4.794899603589011,0.43005499083311877
8439,-3.5459820089184126,0.43001198533403545
8440,-7.373042141307609,0.42996898413550205
8441,-3.377375562706332,0.4299259872370885
8442,-3.051956081990257,0.4298829946383648
8443,-8.10507648471708,0.429840006338901
8444,-6.791047368912311,0.4297970223382671
8445,-7.187267776694835,0.4297540426360333
8446,-7.276908867096679,0.42971106723176966
8447,-4.370808009169184,0.4296680961250465
8448,-6.8778195047903345,0.42962512931543395
8449,-2.176249444614835,0.4295821668025024
8450,-5.753990784636792,0.4295392085858221
8451,-6.413903545903333,0.42949625466496355
8452,-3.1488267278454125,0.4294533050394971
8453,-4.356209074674636,0.42941035970899316
8454,-6.706865800357173,0.42936741867302225
8455,-5.990498089132088,0.42932448193115497
8456,-8.515230842104494,0.4292815494829619
8457,-6.855420726072474,0.4292386213280136
8458,-6.2254162911419355,0.4291956974658808
8459,-8.55901096903341,0.42915277789613426
8460,-7.238334341644827,0.42910986261834466
8461,-6.538358287208523,0.4290669516320828
8462,-6.8444786152260075,0.4290240449369196
8463,-7.571274519849926,0.4289811425324259
8464,-8.855952914287345,0.4289382444181727
8465,-9.964214400645577,0.42889535059373085
8466,-8.25441098766861,0.4288524610586715
8467,-6.416624733273174,0.4288095758125656
8468,-8.011192864453626,0.42876669485498436
8469,-4.854652731428561,0.4287238181854989
8470,-6.783923816723547,0.4286809458036803
8471,-7.128517678136587,0.42863807770909995
8472,-5.712939737474304,0.42859521390132904
8473,-4.054339134126582,0.42855235437993894
8474,-6.6694720733027655,0.4285094991445009
8475,-5.3434268998451255,0.42846664819458646
8476,-8.997798765339544,0.428423801529767
8477,-8.108858151070883,0.42838095914961405
8478,-8.481652489145594,0.4283381210536991
8479,-8.14029000733905,0.42829528724159377
8480,-8.063512445411156,0.4282524577128696
8481,-4.738937450107928,0.42820963246709837
8482,-5.894301530513655,0.42816681150385166
8483,-7.829940118674119,0.4281239948227013
8484,-3.1435927314797847,0.428081182423219
8485,-6.475199216931512,0.4280383743049767
8486,-5.296460508125756,0.4279955704675462
8487,-5.085353131102672,0.4279527709104995
8488,-5.040507786735058,0.42790997563340843
8489,-6.520596331615355,0.4278671846358451
8490,-2.474884893622543,0.4278243979173815
8491,-6.436073653901977,0.4277816154775898
8492,-6.048068118425629,0.42773883731604206
8493,-4.568007283083954,0.4276960634323105
8494,-6.263828658190603,0.42765329382596723
8495,-5.762604904111807,0.42761052849658465
8496,-7.352042926159118,0.427567767443735
8497,-3.9441795505460457,0.4275250106669906
8498,-5.620327884816033,0.42748225816592395
8499,-6.110265389021385,0.4274395099401074
8500,-4.822004391805963,0.42739676598911336
8501,-4.782340556030057,0.42735402631251446
8502,-5.957016191536147,0.42731129090988323
8503,-6.481728423153381,0.42726855978079226
8504,-5.722338422905975,0.4272258329248142
8505,-4.9582769850058686,0.42718311034152173
8506,-5.840651075544262,0.4271403920304876
8507,-5.287829585219159,0.42709767799128456
8508,-4.883516061005618,0.42705496822348543
8509,-5.182197714797976,0.4270122627266631
8510,-6.233910056811127,0.42696956150039045
8511,-8.377156482019647,0.4269268645442404
8512,-6.752592364916792,0.426884171857786
8513,-4.390008431073845,0.4268414834406002
8514,-7.853538127750805,0.4267987992922561
8515,-6.242132764728915,0.4267561194123269
8516,-5.588203974429421,0.42671344380038567
8517,-5.981138294423527,0.42667077245600565
8518,-6.039580349159019,0.42662810537876006
8519,-5.731766795338601,0.4265854425682222
8520,-6.5785965097606764,0.42654278402396534
8521,-5.531740355573476,0.42650012974556295
8522,-6.175287989185027,0.4264574797325884
8523,-3.00423713695096,0.42641483398461516
8524,-6.871272130367388,0.4263721925012167
8525,-5.1177765753446955,0.4263295552819666
8526,-2.6992666251776662,0.4262869223264384
8527,-5.005280498346323,0.42624429363420574
8528,-5.0500248235529615,0.4262016692048423
8529,-3.0883157380720183,0.42615904903792184
8530,-7.415086782786154,0.42611643313301806
8531,-7.654749517683669,0.42607382148970474
8532,-4.053912551426297,0.4260312141075558
8533,-6.602268827458978,0.42598861098614504
8534,-5.850172811975687,0.42594601212504646
8535,-3.9002675004727894,0.425903417523834
8536,-3.6378643938194903,0.4258608271820816
8537,-6.319420530421276,0.42581824109936345
8538,-5.557065763474514,0.4257756592752535
8539,-8.906676748096334,0.425733081709326
8540,-5.7445374460522025,0.4256905084011551
8541,-4.306248491090356,0.425647939350315
8542,-3.769646202834376,0.4256053745563799
8543,-8.030324058340241,0.42556281401892426
8544,-2.5982667140668867,0.4255202577375224
8545,-6.170354311024169,0.42547770571174864
8546,-6.6245115505632555,0.4254351579411775
8547,-6.873199612244232,0.42539261442538334
8548,-3.6137336776432685,0.4253500751639408
8549,-7.90957814986545,0.4253075401564244
8550,-5.168055819091457,0.4252650094024088
8551,-7.0830602679142425,0.4252224829014686
8552,-7.413447178711289,0.4251799606531784
8553,-8.466607766226034,0.4251374426571131
8554,-2.2170157984700234,0.4250949289128474
8555,-2.775179754126443,0.4250524194199561
8556,-4.525698215868516,0.4250099141780141
8557,-7.495413068186481,0.4249674131865963
8558,-4.031718969531051,0.42492491644527763
8559,-4.333677534152226,0.4248824239536331
8560,-7.304215007743019,0.4248399357112378
8561,-3.8029190799775745,0.4247974517176667
8562,-4.7954822291408545,0.42475497197249495
8563,-3.7545445618098308,0.4247124964752977
8564,-7.740595600091661,0.42467002522565017
8565,-7.930422015911267,0.4246275582231276
8566,-8.126610446267033,0.4245850954673053
8567,-7.017414751885634,0.42454263695775857
8568,-8.090883600688972,0.4245001826940628
8569,-4.813088971294068,0.4244577326757934
8570,-6.768563951235757,0.42441528690252583
8571,-3.477545650288747,0.42437284537383557
8572,-2.9071256264503402,0.42433040808929817
8573,-4.389695809868705,0.42428797504848925
8574,-6.408707627696294,0.42424554625098443
8575,-7.854032901388894,0.4242031216963593
8576,-4.9873482272410525,0.4241607013841897
8577,-6.311856657549647,0.42411828531405127
8578,-5.62499153233279,0.4240758734855199
8579,-4.796945989044051,0.42403346589817137
8580,-2.767730460790329,0.42399106255158153
8581,-2.8785925739853084,0.4239486634453264
8582,-4.377336651010653,0.42390626857898184
8583,-5.630395168443797,0.42386387795212394
8584,-2.276505872811478,0.42382149156432875
8585,-4.264387683266928,0.42377910941517233
8586,-3.758221547487841,0.4237367315042308
8587,-6.619396746256759,0.4236943578310804
8588,-7.307526695385586,0.4236519883952973
8589,-4.757699504262261,0.42360962319645773
8590,-6.928614066362277,0.4235672622341381
8591,-2.0847878926288237,0.42352490550791466
8592,-1.8727599104935604,0.42348255301736387
8593,-7.669020987422693,0.4234402047620621
8594,-6.084030785394756,0.4233978607415859
8595,-6.806385440297914,0.42335552095551177
8596,-6.984791911774903,0.4233131854034162
8597,-8.975991687941343,0.4232708540848759
8598,-5.333884707111933,0.42322852699946745
8599,-6.939293598490659,0.4231862041467675
8600,-5.647127800483294,0.42314388552635285
8601,-5.399087693698139,0.4231015711378002
8602,-5.895365063537721,0.42305926098068647
8603,-6.017874191966463,0.4230169550545884
8604,-6.514398184534031,0.42297465335908296
8605,-6.372181201853747,0.42293235589374706
8606,-8.50690011322791,0.4228900626581577
8607,-3.0284585352304885,0.4228477736518919
8608,-7.065208442083111,0.42280548887452674
8609,-3.7136646960496194,0.4227632083256393
8610,-7.628869760633254,0.42272093200480676
8611,-7.8400728778196305,0.4226786599116063
8612,-9.425688737836548,0.42263639204561515
8613,-2.7770840683748674,0.4225941284064106
8614,-4.649538000268818,0.42255186899356995
8615,-2.1009710055423025,0.42250961380667057
8616,-2.0834949242170158,0.4224673628452899
8617,-4.7019663238405665,0.4224251161090054
8618,-3.6817902857604343,0.4223828735973945
8619,-7.836245732836282,0.4223406353100348
8620,-6.9333012730024315,0.4222984012465038
8621,-3.4474280401361703,0.42225617140637917
8622,-6.4807340289790085,0.42221394578923854
8623,-3.8314196893499304,0.4221717243946596
8624,-3.5738707904350258,0.42212950722222015
8625,-8.174350949803372,0.42208729427149794
8626,-6.602271115767511,0.4220450855420708
8627,-3.6340508451773212,0.42200288103351663
8628,-6.501181498613899,0.42196068074541326
8629,-3.6305087279671304,0.4219184846773387
8630,-6.678412373143248,0.421876292828871
8631,-3.66956932187665,0.42183410519958814
8632,-6.917072312533032,0.42179192178906816
8633,-6.965758307827585,0.42174974259688924
8634,-6.06689455781464,0.42170756762262956
8635,-6.134506616752741,0.4216653968658673
8636,-8.359906272621663,0.4216232303261807
8637,-2.936771365890336,0.4215810680031481
8638,-7.256910189133363,0.4215389098963478
8639,-6.869408044156987,0.4214967560053582
8640,-7.244018544518626,0.4214546063297577
8641,-10.114243026878379,0.4214124608691247
8642,-5.518455830592195,0.4213703196230378
8643,-7.896562966351322,0.42132818259107546
8644,-8.553648587205112,0.42128604977281636
8645,-5.47735796573608,0.4212439211678391
8646,-7.68097461511204,0.42120179677572234
8647,-3.60698210036362,0.42115967659604475
8648,-5.920340322745789,0.4211175606283852
8649,-5.153534186366006,0.42107544887232234
8650,-8.290201872594057,0.42103334132743514
8651,-7.169906913802309,0.4209912379933024
8652,-4.350436684278531,0.4209491388695031
8653,-4.122979965122811,0.4209070439556161
8654,-3.5615251999225057,0.4208649532512206
8655,-6.226527101080437,0.4208228667558955
8656,-3.6299078226329797,0.4207807844692199
8657,-6.981776007678014,0.420738706390773
8658,-3.6877225186600535,0.4206966325201339
8659,-9.79974743458277,0.4206545628568819
8660,-3.642899315752429,0.42061249740059625
8661,-8.269493236507646,0.4205704361508562
8662,-3.76021439949523,0.4205283791072411
8663,-3.82322516725051,0.4204863262693304
8664,-9.172952232786852,0.4204442776367035
8665,-6.304754036443991,0.4204022332089398
8666,-8.282524752328362,0.42036019298561894
8667,-7.871326694444236,0.4203181569663204
8668,-5.900524341812601,0.4202761251506238
8669,-3.895278512551556,0.42023409753810875
8670,-3.796990552836501,0.42019207412835496
8671,-5.776185494815907,0.42015005492094215
8672,-8.301004332551692,0.42010803991545004
8673,-5.630680490972798,0.4200660291114585
8674,-6.677895644655384,0.42002402250854737
8675,-7.03427723107594,0.41998202010629654
8676,-4.957871442751965,0.4199400219042859
8677,-3.1958895369345526,0.4198980279020955
8678,-6.977808033389996,0.41985603809930533
8679,-6.6243469115083045,0.4198140524954954
8680,-5.767986046125268,0.4197720710902459
8681,-7.325896221742143,0.41973009388313687
8682,-3.302373320616549,0.41968812087374857
8683,-5.335417513594944,0.4196461520616612
8684,-3.5896548301513107,0.41960418744645506
8685,-6.5613617170466,0.4195622270277104
8686,-3.754683912645209,0.41952027080500764
8687,-3.1926181128964473,0.41947831877792713
8688,-7.996426563564389,0.41943637094604935
8689,-5.989752735959705,0.41939442730895476
8690,-6.942507814100803,0.41935248786622387
8691,-5.056317527046989,0.41931055261743727
8692,-3.2091985416901068,0.41926862156217554
8693,-6.134291365149631,0.41922669470001933
8694,-6.627685791476679,0.4191847720305493
8695,-7.524404458175404,0.4191428535533463
8696,-4.263485814175869,0.41910093926799097
8697,-6.616132790022182,0.4190590291740642
8698,-5.398609490795179,0.41901712327114676
8699,-5.545790147564386,0.41897522155881967
8700,-2.7778351443567155,0.4189333240366638
8701,-3.632878270058363,0.4188914307042601
8702,-6.7116905301721115,0.4188495415611897
8703,-6.234288790650821,0.41880765660703356
8704,-4.676448483571858,0.41876577584137287
8705,-6.732548029837433,0.4187238992637887
8706,-5.241202581601188,0.41868202687386236
8707,-7.910186975570008,0.418640158671175
8708,-7.162045743078544,0.4185982946553079
8709,-6.8056698161797975,0.41855643482584237
8710,-6.650265708918254,0.4185145791823598
8711,-5.620897929085979,0.41847272772444155
8712,-8.008065825556109,0.4184308804516691
8713,-5.377350040515198,0.41838903736362393
8714,-7.818181796261535,0.41834719845988755
8715,-4.133437149492337,0.41830536374004157
8716,-4.65114081253315,0.41826353320366755
8717,-5.918869894852797,0.4182217068503472
8718,-6.7035676024390956,0.41817988467966216
8719,-3.9558721959421708,0.4181380666911942
8720,-5.1973178268326015,0.41809625288452507
8721,-2.2052953208536685,0.41805444325923663
8722,-6.545687984081407,0.4180126378149107
8723,-6.813898885819835,0.4179708365511292
8724,-5.02113714309637,0.4179290394674741
8725,-8.589964070260756,0.4178872465635274
8726,-4.673363897526583,0.41784545783887106
8727,-6.871112059401915,0.41780367329308715
8728,-5.1475711756977445,0.4177618929257578
8729,-5.92224142666494,0.41772011673646525
8730,-6.093493271094275,0.4176783447247916
8731,-5.328234312605765,0.41763657689031913
8732,-5.755060726639551,0.4175948132326301
8733,-3.9874646227183206,0.41755305375130686
8734,-3.9517205022760065,0.4175112984459317
8735,-8.683731829484458,0.4174695473160871
8736,-5.902220403874788,0.4174278003613555
8737,-5.26322899772061,0.41738605758131936
8738,-5.222758381351502,0.41734431897556123
8739,-1.9159516673436179,0.4173025845436637
8740,-9.619510432740476,0.4172608542852093
8741,-7.464289892816873,0.4172191281997808
8742,-6.6140200014057315,0.4171774062869608
8743,-5.904977024299402,0.41713568854633215
8744,-7.17605311892668,0.4170939749774775
8745,-1.955681646434456,0.41705226557997976
8746,-4.4399073695215385,0.41701056035342177
8747,-4.24309699912947,0.4169688592973864
8748,-4.614101669485066,0.41692716241145666
8749,-5.761898708076737,0.4168854696952155
8750,-3.497843956478356,0.416843781148246
8751,-4.807531914202688,0.4168020967701312
8752,-3.519585908363748,0.4167604165604542
8753,-3.360498812963697,0.41671874051879815
8754,-7.33335567129984,0.4166770686447463
8755,-7.588465830646802,0.4166354009378818
8756,-7.083506120127615,0.41659373739778804
8757,-5.550038427404237,0.41655207802404826
8758,-3.2939370284906517,0.41651042281624584
8759,-1.9633302174356437,0.41646877177396424
8760,-7.912403273239709,0.41642712489678685
8761,-9.534297941365239,0.41638548218429716
8762,-6.419588115979856,0.41634384363607874
8763,-4.194738430760729,0.4163022092517151
8764,-6.237828330377223,0.41626057903078995
8765,-2.25107295858237,0.41621895297288686
8766,-7.67817273737869,0.4161773310775896
8767,-8.30452053197459,0.41613571334448185
8768,-5.198079083556122,0.41609409977314743
8769,-4.6150097122477085,0.4160524903631701
8770,-5.566869755972539,0.4160108851141338
8771,-4.149463037800167,0.4159692840256224
8772,-4.531186650525321,0.41592768709721983
8773,-5.656705719756717,0.4158860943285101
8774,-5.010548271207087,0.4158445057190773
8775,-5.115167341655479,0.4158029212685054
8776,-4.679695650933077,0.4157613409763785
8777,-4.046601204874831,0.4157197648422809
8778,-2.8597398240705965,0.41567819286579666
8779,-2.1082214849928054,0.4156366250465101
8780,-7.656531178187333,0.4155950613840055
8781,-5.240011320838841,0.4155535018778671
8782,-5.516966899696189,0.4155119465276793
8783,-2.1397312659522907,0.41547039533302654
8784,-3.4555668467328675,0.41542884829349325
8785,-3.630217646637218,0.4153873054086639
8786,-5.527347064148847,0.41534576667812306
8787,-7.012208161317082,0.41530423210145523
8788,-2.4102367507816003,0.4152627016782451
8789,-3.3950468958801583,0.41522117540807724
8790,-5.915236092450413,0.4151796532905364
8791,-3.0531891691665956,0.4151381353252074
8792,-5.548192110659421,0.41509662151167487
8793,-6.674638169779643,0.4150551118495237
8794,-6.3833880469338915,0.4150136063383388
8795,-2.9349721324905156,0.4149721049777049
8796,-7.869878695680335,0.41493060776720714
8797,-6.339071518180813,0.4148891147064304
8798,-5.3978220146715845,0.41484762579495976
8799,-4.80805885038627,0.4148061410323803
8800,-7.1226470577361205,0.41476466041827703
8801,-2.037434054841866,0.41472318395223523
8802,-1.9986922648280427,0.41468171163384
8803,-5.757491858961408,0.4146402434626766
8804,-5.682187444750452,0.41459877943833034
8805,-2.293869649533745,0.4145573195603865
8806,-2.500057515780411,0.4145158638284305
8807,-5.503815379749813,0.4144744122420476
8808,-6.52141640743916,0.4144329648008234
8809,-5.829939145364393,0.41439152150434333
8810,-7.789485920294093,0.4143500823521929
8811,-8.468740036238438,0.41430864734395767
8812,-6.890856721885024,0.41426721647922327
8813,-3.5533304923285036,0.41422578975757535
8814,-5.460209181916454,0.4141843671785996
8815,-6.10686439013887,0.41414294874188173
8816,-5.250946764495984,0.41410153444700754
8817,-7.14301858775111,0.4140601242935628
8818,-6.668055536999265,0.41401871828113346
8819,-2.5928865987568495,0.41397731640930535
8820,-5.702668707028234,0.41393591867766444
8821,-7.554569424056103,0.41389452508579666
8822,-2.220926021431888,0.41385313563328807
8823,-6.635506699909325,0.4138117503197247
8824,-5.592993912533494,0.4137703691446928
8825,-4.722860174319303,0.4137289921077783
8826,-4.884956860563294,0.4136876192085675
8827,-5.226196756902922,0.41364625044664666
8828,-5.310282706661004,0.413604885821602
8829,-3.69259505858251,0.4135635253330198
8830,-4.188957200414831,0.41352216898048655
8831,-3.3346608295478193,0.4134808167635885
8832,-2.7430134724161173,0.41343946868191217
8833,-7.912651752425633,0.413398124735044
8834,-5.769572766561254,0.4133567849225705
8835,-5.497190398908592,0.41331544924407826
8836,-5.426183851001478,0.41327411769915384
8837,-6.426149601741744,0.4132327902873839
8838,-3.79042771449126,0.4131914670083552
8839,-6.796585447564741,0.4131501478616543
8840,-5.256391797634194,0.41310883284686817
8841,-3.6033982163382015,0.4130675219635835
8842,-7.525892739881941,0.4130262152113871
8843,-4.928230519388487,0.41298491258986597
8844,-6.241666114526582,0.41294361409860697
8845,-5.444039927651326,0.4129023197371971
8846,-6.092970150980129,0.4128610295052234
8847,-6.602814948605578,0.4128197434022729
8848,-6.707542579549976,0.4127784614279327
8849,-2.324632231653795,0.4127371835817899
8850,-8.20960121524277,0.41269590986343174
8851,-3.162657211112222,0.4126546402724454
8852,-7.998844651958416,0.4126133748084182
8853,-6.814468566940742,0.41257211347093736
8854,-7.82554889606977,0.4125308562595903
8855,-5.783765054849679,0.4124896031739643
8856,-5.894940920656835,0.41244835421364695
8857,-3.1311399680743612,0.4124071093782256
8858,-4.5900727518874405,0.4123658686672878
8859,-6.351012359001595,0.4123246320804211
8860,-5.48768703019693,0.41228339961721305
8861,-8.787440466497703,0.4122421712772513
8862,-4.696603220147747,0.4122009470601236
8863,-10.933690880858023,0.4121597269654176
8864,-8.090694148519109,0.41211851099272107
8865,-5.2884976407718565,0.4120772991416218
8866,-8.179106067226535,0.4120360914117076
8867,-7.834846447859513,0.41199488780256643
8868,-4.302614129219114,0.4119536883137862
8869,-2.24432012818563,0.41191249294495486
8870,-2.6949171756200423,0.4118713016956604
8871,-4.806408499256376,0.41183011456549085
8872,-6.289888418177518,0.4117889315540343
8873,-6.1865315196765955,0.4117477526608789
8874,-4.597914260990853,0.41170657788561277
8875,-3.1185627304220986,0.4116654072278242
8876,-5.554294075696725,0.4116242406871014
8877,-5.228837695473853,0.4115830782630327
8878,-2.5111863549354716,0.4115419199552064
8879,-5.2342037059567375,0.4115007657632109
8880,-6.203234754237883,0.4114596156866346
8881,-2.819509879464083,0.4114184697250659
8882,-5.37562377017483,0.4113773278780934
8883,-5.942817794513935,0.4113361901453056
8884,-4.2998980681137775,0.41129505652629106
8885,-5.986826117588965,0.41125392702063845
8886,-7.804020168169323,0.4112128016279364
8887,-2.9187666295349755,0.41117168034777357
8888,-6.711334154721643,0.4111305631797388
8889,-6.02327134084268,0.4110894501234208
8890,-5.93810253391485,0.41104834117840844
8891,-2.5730174686543132,0.4110072363442906
8892,-3.1546449666336143,0.41096613562065615
8893,-6.440648001704384,0.4109250390070941
8894,-7.4831735448022005,0.4108839465031934
8895,-6.448175273377105,0.41084285810854304
8896,-6.655503587016173,0.4108017738227322
8897,-2.8725550660358468,0.41076069364534995
8898,-5.744475027822408,0.4107196175759854
8899,-6.51410157267334,0.4106785456142278
8900,-6.3211882735038945,0.41063747775966636
8901,-4.20308797680339,0.4105964140118904
8902,-6.452150227929616,0.41055535437048923
8903,-8.35958278988915,0.4105142988350522
8904,-10.121526567781512,0.4104732474051687
8905,-9.607727223504655,0.4104322000804282
8906,-7.099482006641884,0.41039115686042016
8907,-8.013521822420696,0.4103501177447341
8908,-4.815402641004427,0.41030908273295963
8909,-2.8853124571341935,0.41026805182468634
8910,-2.8016433104048764,0.41022702501950387
8911,-8.493119028824704,0.4101860023170019
8912,-7.593157691476162,0.4101449837167702
8913,-5.182223168164109,0.41010396921839853
8914,-5.045349017960165,0.4100629588214767
8915,-5.239060235057551,0.41002195252559454
8916,-7.418977302086873,0.409980950330342
8917,-2.836439208571968,0.40993995223530894
8918,-5.225434951267893,0.40989895824008543
8919,-5.574221456070965,0.4098579683442614
8920,-7.956857230542625,0.409816982547427
8921,-6.0061653189861826,0.40977600084917226
8922,-5.297242958618657,0.40973502324908734
8923,-7.908788173666231,0.40969404974676243
8924,-3.0075051880063217,0.40965308034178777
8925,-5.626152574745863,0.4096121150337536
8926,-4.798087144331825,0.40957115382225023
8927,-8.009230963209431,0.409530196706868
8928,-8.250500969794254,0.40948924368719736
8929,-7.143567760381217,0.4094482947628286
8930,-4.594122967178678,0.40940734993335237
8931,-9.127183283567998,0.40936640919835904
8932,-2.6415302796601035,0.40932547255743923
8933,-6.087337991013639,0.4092845400101835
8934,-3.5292678445857444,0.4092436115561825
8935,-5.119774487315011,0.4092026871950269
8936,-4.874876565844549,0.4091617669263074
8937,-4.231690098036669,0.4091208507496148
8938,-4.880469325506066,0.40907993866453984
8939,-4.033958910536086,0.4090390306706734
8940,-6.525081749165215,0.40899812676760633
8941,-4.297009513789359,0.4089572269549296
8942,-6.275924894199714,0.4089163312322341
8943,-7.794208731907107,0.4088754395991109
8944,-12.243924318378124,0.40883455205515096
8945,-6.004478297719242,0.4087936685999454
8946,-6.406015527503973,0.40875278923308545
8947,-4.420061103742394,0.4087119139541621
8948,-7.21199769208088,0.4086710427627667
8949,-4.224847071284224,0.40863017565849047
8950,-6.771909258328456,0.40858931264092463
8951,-8.41737870642579,0.40854845370966053
8952,-4.722062584619866,0.40850759886428956
8953,-4.09022606014922,0.40846674810440314
8954,-4.11322963439536,0.40842590142959273
8955,-7.36060155944316,0.40838505883944975
8956,-6.116284166627987,0.4083442203335658
8957,-7.174433734123906,0.4083033859115325
8958,-5.815868728800391,0.40826255557294133
8959,-7.623250371910685,0.40822172931738404
8960,-7.183785172916,0.4081809071444523
8961,-7.3624557349969315,0.4081400890537379
8962,-7.619609868819479,0.4080992750448325
8963,-8.676438075954511,0.408058465117328
8964,-6.995013134849042,0.4080176592708163
8965,-6.46980284074142,0.4079768575048892
8966,-3.2105034713086478,0.4079360598191387
8967,-4.994376971415598,0.4078952662131568
8968,-4.607974911274096,0.4078544766865355
8969,-6.854577014524137,0.40781369123886685
8970,-6.312285051423993,0.40777290986974296
8971,-3.703939697681161,0.407732132578756
8972,-6.630683072016058,0.40769135936549816
8973,-4.956653499497734,0.4076505902295616
8974,-7.4643524766993385,0.4076098251705387
8975,-2.7626202115693004,0.40756906418802163
8976,-2.2439715399958247,0.40752830728160283
8977,-5.630748222860397,0.4074875544508747
8978,-2.748757598443688,0.4074468056954296
8979,-4.412082758432998,0.4074060610148601
8980,-7.140905254296431,0.4073653204087586
8981,-6.6898253277806745,0.4073245838767177
8982,-4.137245714575455,0.40728385141833007
8983,-2.350584712654329,0.4072431230331882
8984,-2.1347159570774865,0.4072023987208849
8985,-2.1470159696761817,0.4071616784810128
8986,-7.097355775366624,0.4071209623131647
8987,-8.023512418350542,0.4070802502169334
8988,-2.8081312784276777,0.4070395421919117
8989,-7.749909051594445,0.4069988382376925
8990,-6.416226002591449,0.40695813835386874
8991,-3.8202088480522955,0.40691744254003337
8992,-5.173302908685451,0.4068767507957794
8993,-2.7532718349838023,0.4068360631206998
8994,-6.9917081677923285,0.40679537951438777
8995,-5.234302323729464,0.4067546999764363
8996,-3.1347985090586645,0.4067140245064387
8997,-7.728126504643865,0.40667335310398806
8998,-7.967734503691091,0.40663268576867767
8999,-5.267169631235915,0.4065920225001008
9000,-6.723145972556222,0.4065513632978508
9001,-6.565770575113534,0.406510708161521
9002,-4.412005413334503,0.4064700570907049
9003,-2.5346813741832177,0.40642941008499583
9004,-5.002031398879264,0.40638876714398736
9005,-7.991493157296514,0.40634812826727296
9006,-5.736493331130433,0.4063074934544462
9007,-5.432508970435904,0.40626686270510076
9008,-9.482854590880784,0.40622623601883023
9009,-2.252543365817678,0.40618561339522835
9010,-6.645769304985508,0.40614499483388883
9011,-6.7074091995673495,0.40610438033440543
9012,-3.0574872351916085,0.406063769896372
9013,-4.949488564352415,0.40602316351938234
9014,-4.026742217358587,0.4059825612030304
9015,-6.554703229602455,0.4059419629469101
9016,-3.494867749383083,0.4059013687506154
9017,-3.502344369116185,0.4058607786137403
9018,-7.487888439196146,0.4058201925358789
9019,-6.9458731269652585,0.4057796105166253
9020,-7.709405264556929,0.40573903255557364
9021,-9.322113824254025,0.4056984586523181
9022,-6.9009193903419455,0.40565788880645287
9023,-4.895618998710502,0.40561732301757225
9024,-4.262185631152615,0.4055767612852705
9025,-5.302061836250173,0.40553620360914194
9026,-7.033278437524069,0.405495649988781
9027,-6.19350467817411,0.40545510042378213
9028,-8.509656253282895,0.40541455491373973
9029,-5.045356068614767,0.40537401345824836
9030,-3.5780448359696613,0.40533347605690256
9031,-4.82666423637729,0.4052929427092969
9032,-7.440469102190244,0.40525241341502594
9033,-7.368807137271709,0.4052118881736844
9034,-8.462494843532264,0.40517136698486705
9035,-3.7356837951316457,0.40513084984816855
9036,-9.444706882154456,0.40509033676318373
9037,-3.6280775450960396,0.40504982772950743
9038,-3.8218948867226814,0.40500932274673446
9039,-8.683502808370235,0.4049688218144598
9040,-6.2298873972057045,0.40492832493227837
9041,-6.620220420925312,0.4048878320997851
9042,-4.749884326247546,0.4048473433165752
9043,-5.766436966870431,0.4048068585822435
9044,-7.783810693212804,0.4047663778963853
9045,-9.363796525688528,0.4047259012585957
9046,-5.983284799976248,0.40468542866846985
9047,-6.617270551727634,0.404644960125603
9048,-4.072627888004547,0.40460449562959044
9049,-6.587393192371207,0.4045640351800275
9050,-8.277318476181463,0.40452357877650946
9051,-7.41811304319703,0.4044831264186318
9052,-7.441628263942219,0.40444267810598994
9053,-4.878699445996167,0.40440223383817936
9054,-3.69917568442218,0.4043617936147956
9055,-3.6751348674193736,0.40432135743543407
9056,-3.788067527198031,0.4042809252996905
9057,-3.5651406215644856,0.40424049720716054
9058,-4.692727767893038,0.40420007315743983
9059,-6.236122690576895,0.4041596531501241
9060,-3.7247709901792074,0.4041192371848091
9061,-5.839436283895421,0.4040788252610906
9062,-6.540901013676933,0.4040384173785645
9063,-6.832010622196329,0.40399801353682663
9064,-1.995519375963414,0.40395761373547295
9065,-5.002723557247253,0.4039172179740994
9066,-7.316635501305868,0.403876826252302
9067,-7.482370609125053,0.40383643856967677
9068,-5.7994840240051495,0.4037960549258198
9069,-2.681502189016515,0.40375567532032725
9070,-7.172045271759648,0.40371529975279524
9071,-6.8298609330175575,0.40367492822282
9072,-5.258481515380146,0.4036345607299977
9073,-6.19485523103657,0.4035941972739247
9074,-2.0605489637802963,0.4035538378541973
9075,-5.002427381048506,0.40351348247041186
9076,-5.836702012047122,0.4034731311221648
9077,-3.819717567807616,0.4034327838090526
9078,-4.285821597509176,0.4033924405306717
9079,-4.263040154618187,0.40335210128661864
9080,-2.9648510998363222,0.40331176607649
9081,-4.139922953472007,0.4032714348998824
9082,-4.498565891792158,0.40323110775639237
9083,-5.871937792218374,0.40319078464561675
9084,-5.6933265012991425,0.40315046556715217
9085,-6.122405224483789,0.40311015052059546
9086,-4.771284734669566,0.4030698395055434
9087,-7.09373008724333,0.40302953252159285
9088,-4.687286984140142,0.4029892295683407
9089,-5.789219080168186,0.4029489306453839
9090,-4.503077797715486,0.4029086357523194
9091,-5.943789684457612,0.4028683448887442
9092,-3.422011243444349,0.4028280580542553
9093,-1.8473160899390972,0.4027877752484499
9094,-5.36699267585114,0.40274749647092506
9095,-4.942565683763938,0.402707221721278
9096,-2.270482109040515,0.4026669509991059
9097,-4.133122979658829,0.40262668430400594
9098,-6.385743026657346,0.40258642163557556
9099,-5.6514328771272,0.402546162993412
9100,-2.977281007548002,0.40250590837711264
9101,-3.9752396935930197,0.4024656577862749
9102,-4.555663039913547,0.4024254112204963
9103,-6.760389580055802,0.40238516867937424
9104,-6.393176765122162,0.40234493016250633
9105,-5.670295718723914,0.40230469566949006
9106,-5.322426219605293,0.4022644651999231
9107,-7.165705774353249,0.40222423875340313
9108,-1.5635115193674083,0.40218401632952777
9109,-5.588546310188018,0.40214379792789484
9110,-5.112548876548303,0.40210358354810205
9111,-4.666317827052964,0.4020633731897472
9112,-2.0342739319120056,0.4020231668524282
9113,-5.374830008784175,0.401982964535743
9114,-7.894170101881644,0.40194276623928943
9115,-7.151501428970581,0.4019025719626655
9116,-2.8797411365285432,0.40186238170546923
9117,-2.85152570331283,0.4018221954672987
9118,-4.492587989141617,0.401782013247752
9119,-7.096905634637663,0.4017418350464272
9120,-3.876358354366268,0.4017016608629225
9121,-6.044973441876489,0.40166149069683627
9122,-2.612880415868571,0.4016213245477666
9123,-2.0184455995320403,0.40158116241531183
9124,-3.781144297965184,0.4015410042990703
9125,-5.893659351378603,0.4015008501986404
9126,-3.758728058917706,0.40146070011362056
9127,-4.3346169007096975,0.4014205540436092
9128,-6.335716106355392,0.40138041198820484
9129,-8.125512953036514,0.40134027394700605
9130,-3.851256159822916,0.40130013991961133
9131,-7.648670771295455,0.4012600099056194
9132,-4.649280807015524,0.4012198839046288
9133,-4.486388623251378,0.40117976191623833
9134,-8.914892666337725,0.4011396439400467
9135,-5.537124371809129,0.4010995299756527
9136,-6.138267698932412,0.4010594200226551
9137,-3.8468265023622266,0.40101931408065283
9138,-3.8802382252931555,0.40097921214924476
9139,-3.9182384464197497,0.40093911422802986
9140,-6.293595246311064,0.40089902031660707
9141,-3.8673921505125914,0.40085893041457543
9142,-6.286008929195159,0.400818844521534
9143,-5.6052904059794795,0.40077876263708184
9144,-5.796195453056061,0.40073868476081814
9145,-3.9075196810701485,0.40069861089234204
9146,-7.465731121305295,0.4006585410312528
9147,-3.9085529746871996,0.4006184751771497
9148,-4.665136193206717,0.400578413329632
9149,-6.208119109660505,0.400538355488299
9150,-7.1951431821474845,0.4004983016527502
9151,-3.878189035618196,0.40045825182258493
9152,-3.9368980964116824,0.4004182059974027
9153,-7.524816437096428,0.40037816417680294
9154,-6.023835052653153,0.4003381263603853
9155,-6.060366418811663,0.4002980925477493
9156,-7.128183116924333,0.4002580627384945
9157,-8.545132596260597,0.4002180369322207
9158,-8.093794812634929,0.40017801512852746
9159,-8.29567633706511,0.4001379973270146
9160,-5.537805868319122,0.40009798352728193
9161,-2.338806289440039,0.4000579737289292
9162,-2.226050518974461,0.4000179679315563
9163,-6.8535288413305295,0.39997796613476316
9164,-4.193358709455804,0.3999379683381497
9165,-7.3560800829100454,0.39989797454131587
9166,-4.5201510040018995,0.39985798474386175
9167,-6.341297186493414,0.3998179989453874
9168,-5.870119399563902,0.3997780171454928
9169,-6.3649289170238585,0.3997380393437783
9170,-6.276690632287061,0.3996980655398439
9171,-7.442457492878673,0.3996580957332899
9172,-5.805015833939806,0.3996181299237166
9173,-4.459234433190282,0.3995781681107242
9174,-6.816222774574003,0.3995382102939132
9175,-2.502730594597734,0.3994982564728838
9176,-6.551929760031804,0.3994583066472365
9177,-4.472993088838709,0.3994183608165718
9178,-7.805854811818952,0.39937841898049015
9179,-4.535417698585997,0.3993384811385921
9180,-7.96022362980129,0.39929854729047826
9181,-7.292630372106013,0.3992586174357492
9182,-6.966878516455527,0.39921869157400564
9183,-6.360064587248875,0.3991787697048482
9184,-5.0143866733663,0.3991388518278777
9185,-5.2271090878841395,0.39909893794269496
9186,-5.639791880505493,0.3990590280489007
9187,-5.211331218946157,0.3990191221460958
9188,-1.9093042384213401,0.3989792202338812
9189,-7.1234923798641745,0.39893932231185786
9190,-4.852681913387351,0.39889942837962666
9191,-7.721859093485497,0.39885953843678873
9192,-5.1234685135716,0.39881965248294504
9193,-4.393472691047,0.39877977051769675
9194,-5.543797003663286,0.398739892540645
9195,-5.550668613287162,0.398700018551391
9196,-7.350176552677983,0.39866014854953585
9197,-3.2745273664219052,0.3986202825346809
9198,-3.4616470812849647,0.39858042050642745
9199,-4.743051036250183,0.3985405624643768
9200,-3.697947391771774,0.39850070840813034
9201,-1.7802000921728443,0.39846085833728956
9202,-2.975454501365634,0.3984210122514558
9203,-5.772878649927021,0.39838117015023067
9204,-6.087840576348948,0.39834133203321564
9205,-3.469952350658574,0.39830149790001235
9206,-5.7545623127346195,0.39826166775022237
9207,-2.3455049512622734,0.39822184158344737
9208,-5.993931494295921,0.39818201939928904
9209,-2.017987372581544,0.3981422011973491
9210,-7.3627659756064245,0.3981023869772294
9211,-6.036640936714784,0.3980625767385317
9212,-3.7867966442269774,0.3980227704808578
9213,-4.895809899762148,0.39798296820380974
9214,-5.5715730893008875,0.39794316990698936
9215,-6.425867133951225,0.39790337558999866
9216,-7.898342023225972,0.39786358525243964
9217,-10.314029137300949,0.3978237988939144
9218,-2.1799321411272037,0.397784016514025
9219,-5.030405126195562,0.3977442381123736
9220,-5.660780283749245,0.3977044636885623
9221,-6.933390613503186,0.3976646932421935
9222,-3.765210337097954,0.3976249267728693
9223,-8.177403492368036,0.397585164280192
9224,-2.0711812037420825,0.397545405763764
9225,-6.407983122489603,0.39750565122318765
9226,-9.251275350724047,0.39746590065806536
9227,-6.1051175096156545,0.3974261540679996
9228,-8.354040875739821,0.3973864114525928
9229,-5.477029728685588,0.39734667281144753
9230,-4.796261966794686,0.3973069381441664
9231,-6.325643629326359,0.397267207450352
9232,-8.196558742028731,0.39722748072960695
9233,-3.9696601812997,0.397187757981534
9234,-5.221273944412099,0.3971480392057358
9235,-5.491998317896973,0.39710832440181526
9236,-6.329021518502628,0.39706861356937506
9237,-3.449972478508829,0.3970289067080181
9238,-6.67297397143013,0.3969892038173473
9239,-7.168174206177866,0.39694950489696557
9240,-4.811481958747265,0.3969098099464759
9241,-8.03604916149613,0.39687011896548124
9242,-6.582166398606603,0.3968304319535847
9243,-7.601398017268776,0.39679074891038935
9244,-5.162818091084954,0.3967510698354983
9245,-3.186273335910716,0.39671139472851474
9246,-8.594228144657412,0.3966717235890419
9247,-5.985459314424249,0.396632056416683
9248,-3.7462983271813997,0.39659239321104134
9249,-7.054252311388087,0.39655273397172025
9250,-7.811189972121339,0.3965130786983231
9251,-7.072361250181969,0.39647342739045327
9252,-7.970783137775493,0.39643378004771423
9253,-9.583471342672397,0.39639413666970946
9254,-9.077703607728665,0.3963544972560425
9255,-8.316229219699185,0.3963148618063169
9256,-5.6194517878419195,0.3962752303201363
9257,-6.202384199703682,0.3962356027971043
9258,-7.453028727713943,0.3961959792368246
9259,-6.442191559267139,0.3961563596389009
9260,-5.1558906654250105,0.396116744002937
9261,-2.2252667917975666,0.3960771323285367
9262,-7.555723202131334,0.39603752461530384
9263,-5.997310181548825,0.3959979208628423
9264,-4.041470392552808,0.395958321070756
9265,-7.921345264097986,0.39591872523864896
9266,-5.713809073372245,0.3958791333661251
9267,-3.3147581402042183,0.39583954545278854
9268,-3.1164120993074906,0.39579996149824326
9269,-3.6288619268370645,0.3957603815020934
9270,-5.712948938625686,0.3957208054639432
9271,-2.895705683596144,0.39568123338339684
9272,-7.15691543535544,0.3956416652600585
9273,-3.268021164949602,0.3956021010935325
9274,-1.8725106249558359,0.39556254088342313
9275,-2.310915367001282,0.3955229846293348
9276,-3.1613011481162947,0.39548343233087185
9277,-6.574634235259246,0.39544388398763874
9278,-7.938454120305606,0.39540433959924
9279,-2.823499871828307,0.39536479916528006
9280,-3.184728717969988,0.39532526268536355
9281,-3.5573383012944175,0.395285730159095
9282,-6.189853812992986,0.3952462015860791
9283,-7.761369095127355,0.3952066769659205
9284,-2.5656799150190923,0.3951671562982239
9285,-2.346236675330084,0.3951276395825941
9286,-5.694646425131499,0.39508812681863587
9287,-2.337643256760484,0.39504861800595403
9288,-3.1172215536867456,0.39500911314415343
9289,-3.1093844759223677,0.394969612232839
9290,-5.780670344368023,0.3949301152716157
9291,-3.0445947049338753,0.39489062226008853
9292,-3.8835804782118934,0.3948511331978625
9293,-4.507234145882395,0.3948116480845427
9294,-2.006930887030899,0.39477216691973427
9295,-6.391441945464836,0.3947326897030423
9296,-7.082817685164663,0.394693216434072
9297,-5.765096019037527,0.3946537471124286
9298,-8.673035920842072,0.3946142817377174
9299,-5.8738138378149145,0.3945748203095436
9300,-7.789848578839328,0.39453536282751267
9301,-4.630759286333158,0.3944959092912299
9302,-6.677134220866639,0.3944564597003008
9303,-4.947942751770686,0.3944170140543308
9304,-7.889846593275207,0.39437757235292537
9305,-4.813869671073107,0.39433813459569006
9306,-6.264775640537136,0.3942987007822305
9307,-6.197316144802498,0.3942592709121523
9308,-5.4509324449669805,0.3942198449850611
9309,-5.406690834220024,0.39418042300056255
9310,-6.42900721022435,0.3941410049582625
9311,-6.456604896989322,0.39410159085776664
9312,-1.5463089110481802,0.3940621806986809
9313,-4.010228040761193,0.394022774480611
9314,-7.519750056160214,0.393983372203163
9315,-6.806900806170736,0.39394397386594265
9316,-8.487644479183128,0.39390457946855606
9317,-7.023672805330389,0.3938651890106092
9318,-2.2510621713926944,0.3938258024917081
9319,-7.3822550069960915,0.39378641991145896
9320,-7.5971307715411305,0.3937470412694678
9321,-4.3045259204872,0.39370766656534084
9322,-3.593822249979196,0.3936682957986843
9323,-6.508112832450533,0.3936289289691044
9324,-6.244460652364804,0.3935895660762075
9325,-6.365158520539958,0.39355020711959987
9326,-5.008897066846537,0.3935108520988879
9327,-4.530972558490271,0.39347150101367806
9328,-4.614786998205462,0.3934321538635767
9329,-2.448063168355142,0.39339281064819037
9330,-6.012466282651853,0.39335347136712556
9331,-6.7589034362017895,0.3933141360199889
9332,-4.51374345325476,0.39327480460638686
9333,-1.584202276307031,0.3932354771259262
9334,-6.49140107639262,0.39319615357821364
9335,-5.073719967758519,0.39315683396285583
9336,-7.24890664509048,0.39311751827945957
9337,-2.8032846060231864,0.39307820652763165
9338,-5.616799134581616,0.3930388987069789
9339,-8.211616123945587,0.3929995948171082
9340,-9.652147998563546,0.3929602948576265
9341,-3.0532601717305607,0.39292099882814074
9342,-8.289019495529814,0.39288170672825795
9343,-6.446607022958746,0.3928424185575851
9344,-5.781051733903195,0.3928031343157294
9345,-5.182363261578676,0.3927638540022978
9346,-5.207112854334187,0.39272457761689755
9347,-9.306801294435225,0.39268530515913586
9348,-5.50287017776421,0.39264603662861997
9349,-7.409384413566904,0.3926067720249571
9350,-6.328050686330811,0.3925675113477546
9351,-7.738563368524538,0.39252825459661983
9352,-8.712868356505243,0.3924890017711602
9353,-10.18969574960219,0.3924497528709831
9354,-6.250443029126087,0.39241050789569604
9355,-6.290096696588992,0.3923712668449065
9356,-1.995519375963414,0.392332029718222
9357,-6.716783124922975,0.3922927965152502
9358,-5.159890427514646,0.3922535672355987
9359,-7.0244880033447705,0.3922143418788751
9360,-5.947293255650619,0.3921751204446872
9361,-6.17046190430953,0.3921359029326428
9362,-4.66694043953238,0.39209668934234954
9363,-5.917795977953543,0.3920574796734153
9364,-6.555394312858212,0.39201827392544797
9365,-4.974503799248124,0.39197907209805544
9366,-2.125813405001917,0.39193987419084564
9367,-2.677645598978308,0.39190068020342655
9368,-2.8882621021813355,0.3918614901354062
9369,-7.148625742280339,0.3918223039863927
9370,-4.285821597509176,0.39178312175599406
9371,-4.68116613538117,0.39174394344381847
9372,-3.3010933235345257,0.3917047690494741
9373,-5.87589547130816,0.39166559857256916
9374,-3.560305357256224,0.3916264320127119
9375,-6.097439545349474,0.39158726936951066
9376,-1.815860730285127,0.3915481106425737
9377,-2.0781763152427297,0.39150895583150946
9378,-1.8928467339543193,0.3914698049359263
9379,-4.90716415643605,0.39143065795543275
9380,-5.897467653542783,0.3913915148896372
9381,-2.1093134959109525,0.39135237573814824
9382,-5.139344716601839,0.3913132405005744
9383,-6.5405036415558335,0.3912741091765244
9384,-6.861200184170534,0.3912349817656067
9385,-4.870214980824445,0.3911958582674302
9386,-8.020794946534652,0.39115673868160344
9387,-4.867955844524645,0.3911176230077353
9388,-4.683083779903139,0.3910785112454345
9389,-7.7910937303277645,0.39103940339431
9390,-4.884651181765769,0.3910002994539706
9391,-5.227098593086447,0.3909611994240252
9392,-8.208828693468758,0.3909221033040828
9393,-1.7715241923712786,0.3908830110937524
9394,-2.448094416813881,0.390843922792643
9395,-6.742472897290048,0.39080483840036373
9396,-5.915737769412978,0.3907657579165237
9397,-5.774689658922622,0.390726681340732
9398,-7.567252984955503,0.39068760867259794
9399,-5.16028825846789,0.3906485399117307
9400,-3.3503716327286326,0.3906094750577395
9401,-5.195266696422105,0.39057041411023374
9402,-6.753070189657066,0.39053135706882275
9403,-5.414107399414989,0.39049230393311585
9404,-2.0342739319120056,0.3904532547027225
9405,-5.4693922908578685,0.39041420937725224
9406,-6.51534768873438,0.3903751679563145
9407,-6.454676582949135,0.39033613043951887
9408,-4.734069469005403,0.3902970968264749
9409,-2.6063140394833497,0.39025806711679223
9410,-4.894875452129768,0.39021904131008056
9411,-3.8441745968877634,0.39018001940594954
9412,-7.161831463378511,0.3901410014040089
9413,-7.086002529296502,0.3901019873038685
9414,-2.0249406203587053,0.39006297710513815
9415,-2.0184455995320403,0.3900239708074276
9416,-4.992874000053587,0.3899849684103469
9417,-5.1267364312824455,0.3899459699135059
9418,-8.250902820717254,0.3899069753165145
9419,-7.481651735720494,0.38986798461898287
9420,-9.669683771629739,0.389828997820521
9421,-8.141495497442415,0.38979001492073895
9422,-4.500845360449651,0.38975103591924687
9423,-5.564886385606254,0.38971206081565496
9424,-5.7004942282910225,0.3896730896095734
9425,-7.559057400138363,0.38963412230061245
9426,-8.577061312083718,0.3895951588883824
9427,-7.172114543500755,0.3895561993724936
9428,-3.8959215352356185,0.38951724375255636
9429,-5.4731465248893745,0.38947829202818113
9430,-8.899021754530576,0.3894393441989783
9431,-5.628577945756637,0.3894004002645584
9432,-9.685348850772279,0.38936146022453194
9433,-5.229166821032159,0.3893225240785095
9434,-7.11037894772501,0.3892835918261016
9435,-6.332430529265156,0.389244663466919
9436,-7.037162352626535,0.3892057390005723
9437,-8.658443415988907,0.3891668184266723
9438,-8.67888156574713,0.38912790174482964
9439,-9.000669525722614,0.38908898895465516
9440,-4.9029886802604015,0.3890500800557597
9441,-10.079396379944274,0.3890111750477541
9442,-6.752757141421794,0.38897227393024936
9443,-7.064139615317398,0.3889333767028563
9444,-5.125573180707535,0.38889448336518606
9445,-7.152086228627916,0.38885559391684954
9446,-4.048447219838003,0.38881670835745785
9447,-4.053121421126307,0.3887778266866221
9448,-5.040069617207132,0.38873894890395344
9449,-7.4815407583147735,0.38870007500906306
9450,-7.7407975435241685,0.38866120500156215
9451,-6.033090412386239,0.388622338881062
9452,-6.723441530951247,0.3885834766471739
9453,-3.3631501093218215,0.3885446182995092
9454,-3.38526549814481,0.38850576383767926
9455,-2.3175712778128355,0.3884669132612955
9456,-5.987449215934111,0.38842806656996937
9457,-6.765813740160931,0.38838922376331236
9458,-5.110986195024694,0.38835038484093604
9459,-4.603432991802517,0.38831154980245197
9460,-5.830815463941918,0.3882727186474717
9461,-2.553188997188009,0.388233891375607
9462,-6.861372668212272,0.3881950679864694
9463,-5.044893509658945,0.3881562484796708
9464,-5.939966558726304,0.3881174328548228
9465,-5.022388507820285,0.38807862111153735
9466,-3.531637440412888,0.3880398132494262
9467,-6.0656437198988336,0.38800100926810127
9468,-6.103317969482797,0.38796220916717444
9469,-9.021109428569916,0.3879234129462577
9470,-6.263301084409472,0.3878846206049631
9471,-7.155214889059453,0.3878458321429026
9472,-4.544879693524585,0.3878070475596883
9473,-6.8516232163641435,0.3877682668549323
9474,-4.95566011348585,0.3877294900282468
9475,-7.121277060388911,0.38769071707924396
9476,-3.601764751675258,0.38765194800753605
9477,-3.050610836812084,0.3876131828127353
9478,-2.7329866477814497,0.38757442149445404
9479,-6.346556564065593,0.3875356640523046
9480,-2.235627073147978,0.3874969104858994
9481,-6.4822543035740505,0.3874581607948508
9482,-5.6773880393789575,0.3874194149787713
9483,-6.755542018042102,0.3873806730372734
9484,-6.151572347401686,0.3873419349699697
9485,-6.093594428542209,0.38730320077647273
9486,-3.6825171090629256,0.3872644704563951
9487,-5.717480866080956,0.3872257440093495
9488,-5.206005689939728,0.3871870214349486
9489,-5.783677460996678,0.3871483027328051
9490,-4.918489718241392,0.3871095879025318
9491,-6.491248606729995,0.38707087694374154
9492,-4.420172079811498,0.38703216985604716
9493,-3.4409606967310244,0.38699346663906153
9494,-4.1146860822903735,0.38695476729239764
9495,-8.855844599055565,0.3869160718156684
9496,-6.186531588082302,0.38687738020848683
9497,-7.855483117421098,0.386838692470466
9498,-11.145443558828553,0.38680000860121894
9499,-2.354917195249329,0.38676132860035883
9500,-10.348729536313773,0.3867226524674988
9501,-4.347082558184841,0.3866839802022521
9502,-6.779991144139336,0.38664531180423184
9503,-3.2635240845008164,0.38660664727305144
9504,-5.678633549836039,0.38656798660832414
9505,-6.446588312039728,0.3865293298096633
9506,-4.719733964971022,0.38649067687668237
9507,-4.054666284341963,0.3864520278089947
9508,-3.994190223725993,0.3864133826062138
9509,-4.33564035400717,0.3863747412679532
9510,-4.065742759499871,0.3863361037938264
9511,-4.224857256392536,0.386297470183447
9512,-6.360829844700981,0.38625884043642866
9513,-2.3651978456692477,0.38622021455238503
9514,-3.1337480259334196,0.3861815925309298
9515,-7.9750178305346955,0.3861429743716767
9516,-6.556841504567008,0.38610436007423954
9517,-4.9389096602155105,0.3860657496382321
9518,-8.379435861524449,0.3860271430632683
9519,-5.3398514611953205,0.38598854034896196
9520,-7.326339913794038,0.38594994149492706
9521,-7.125401624036534,0.3859113465007776
9522,-7.468434292511698,0.3858727553661275
9523,-9.442738722391702,0.38583416809059085
9524,-6.831422679050158,0.3857955846737818
9525,-7.2686683486624775,0.3857570051153144
9526,-8.440321652517756,0.3857184294148029
9527,-7.138620983157609,0.3856798575718614
9528,-6.414858757637553,0.3856412895861042
9529,-3.4238054824478725,0.38560272545714563
9530,-5.949171412962605,0.3855641651845999
9531,-7.24222226821847,0.38552560876808145
9532,-9.116734962523775,0.38548705620720464
9533,-9.388134498066501,0.38544850750158394
9534,-6.2123526381763465,0.38540996265083377
9535,-6.815305073974383,0.38537142165456867
9536,-10.275282354907647,0.3853328845124032
9537,-8.675043557578034,0.385294351223952
9538,-7.595153680956342,0.3852558217888296
9539,-7.7312955352520625,0.38521729620665074
9540,-5.5735463631841755,0.3851787744770301
9541,-8.012520852331617,0.3851402565995824
9542,-6.123935899857939,0.38510174257392243
9543,-8.689536016537893,0.38506323239966506
9544,-6.467612027557909,0.3850247260764251
9545,-10.081159567528298,0.38498622360381746
9546,-5.775026407016644,0.3849477249814571
9547,-8.793923941617049,0.38490923020895895
9548,-6.447599466338572,0.38487073928593807
9549,-7.91529987003675,0.38483225221200945
9550,-5.661331026602978,0.38479376898678824
9551,-6.030814761640047,0.3847552896098896
9552,-3.090216059815189,0.3847168140809286
9553,-3.532284172263338,0.38467834239952053
9554,-2.433711371573491,0.3846398745652806
9555,-6.265318647064582,0.38460141057782404
9556,-2.6011026515194753,0.38456295043676625
9557,-3.3932361114457215,0.3845244941417226
9558,-4.754298911595439,0.3844860416923084
9559,-4.54136896889787,0.38444759308813914
9560,-2.8285903655761353,0.38440914832883033
9561,-2.086280141446144,0.3843707074139974
9562,-6.496635644534841,0.384332270343256
9563,-5.0358423929275435,0.38429383711622167
9564,-3.7993098220779395,0.38425540773251005
9565,-2.698518356789903,0.3842169821917368
9566,-4.359889370809295,0.3841785604935176
9567,-6.183431574599311,0.38414014263746826
9568,-1.7984935479646953,0.3841017286232045
9569,-3.4926187198449172,0.3840633184503422
9570,-5.8398087174074504,0.38402491211849715
9571,-4.623613169311115,0.3839865096272853
9572,-5.184914376451981,0.3839481109763226
9573,-6.705383950648635,0.38390971616522496
9574,-6.717395352329121,0.38387132519360845
9575,-4.905476938660516,0.3838329380610891
9576,-6.409076324814473,0.38379455476728297
9577,-3.7352585402897303,0.3837561753118062
9578,-5.903968687374726,0.38371779969427505
9579,-6.917179178670855,0.38367942791430565
9580,-2.3413199270848524,0.3836410599715142
9581,-3.6502708382546625,0.38360269586551704
9582,-4.7666660539273575,0.3835643355959305
9583,-6.241885286787821,0.3835259791623709
9584,-6.13248202538298,0.3834876265644547
9585,-6.522992195398697,0.3834492778017982
9586,-7.555820306658362,0.38341093287401806
9587,-7.150668575996852,0.3833725917807307
9588,-5.978682336538014,0.3833342545215526
9589,-6.687428914184164,0.38329592109610044
9590,-3.076603964848095,0.38325759150399086
9591,-4.0886822898052175,0.38321926574484044
9592,-8.617439079630831,0.38318094381826595
9593,-3.9552429232612805,0.38314262572388413
9594,-5.900518558694815,0.38310431146131174
9595,-6.616508222654161,0.38306600103016564
9596,-5.102254732726745,0.3830276944300626
9597,-4.144871553169499,0.3829893916606196
9598,-6.844054642281058,0.38295109272145356
9599,-5.665558935481085,0.3829127976121814
9600,-5.978285519113748,0.38287450633242015
9601,-5.011143971032544,0.3828362188817869
9602,-1.8634088312046688,0.38279793525989875
9603,-6.277849197557426,0.38275965546637275
9604,-5.996332172502164,0.38272137950082613
9605,-6.80632687426942,0.38268310736287603
9606,-5.81364003690169,0.38264483905213975
9607,-3.3829463142951033,0.38260657456823455
9608,-4.797039324171587,0.3825683139107777
9609,-5.393938985635137,0.38253005707938664
9610,-6.5168216129003405,0.3824918040736787
9611,-3.484395136121098,0.3824535548932714
9612,-4.0216189336851205,0.3824153095377821
9613,-5.721665503558686,0.3823770680068283
9614,-3.2696597991750345,0.38233883030002763
9615,-9.076339631618188,0.38230059641699765
9616,-7.039631762768732,0.38226236635735594
9617,-6.093837618819597,0.3822241401207202
9618,-7.4588610853245445,0.3821859177067081
9619,-7.479861623258859,0.38214769911493746
9620,-3.2155574381623016,0.38210948434502595
9621,-8.16459580181949,0.38207127339659147
9622,-8.4264207627618,0.3820330662692518
9623,-3.181613602393987,0.3819948629626249
9624,-7.242574468102857,0.3819566634763287
9625,-10.037399939631687,0.38191846780998107
9626,-8.710584935209386,0.38188027596320007
9627,-2.3287153077521605,0.38184208793560376
9628,-4.229046401819052,0.3818039037268102
9629,-5.962994842362692,0.38176572333643755
9630,-6.7857173873620775,0.3817275467641039
9631,-3.9022175041750495,0.38168937400942754
9632,-2.1934406638467916,0.3816512050720266
9633,-8.663985742718475,0.3816130399515194
9634,-8.060851702711858,0.38157487864752426
9635,-6.260208156756036,0.38153672115965953
9636,-5.821704452578793,0.38149856748754357
9637,-8.3401507568711,0.3814604176307948
9638,-5.357499500523883,0.38142227158903175
9639,-4.116809573707288,0.3813841293618728
9640,-4.184268476883906,0.3813459909489366
9641,-5.305054513640377,0.3813078563498417
9642,-6.5866241571270745,0.38126972556420674
9643,-6.249502453102404,0.38123159859165034
9644,-6.016560257205473,0.38119347543179116
9645,-4.966535753529383,0.381155356084248
9646,-5.006772556275774,0.3811172405486396
9647,-8.602070936465644,0.3810791288245847
9648,-2.3837808170224877,0.3810410209117023
9649,-2.85001521728511,0.3810029168096111
9650,-3.731870125660822,0.3809648165179302
9651,-2.6080207412955456,0.3809267200362784
9652,-3.3483925906888534,0.3808886273642748
9653,-5.078712429222016,0.3808505385015384
9654,-2.744816834976574,0.3808124534476882
9655,-5.034457006224751,0.38077437220234345
9656,-2.8739118134689274,0.3807362947651232
9657,-8.372774661235445,0.3806982211356467
9658,-6.618656301464476,0.38066015131353315
9659,-3.463287208608696,0.3806220852984018
9660,-4.659874807431267,0.380584023089872
9661,-3.7711472472285723,0.380545964687563
9662,-2.862325902445451,0.38050791009109425
9663,-4.094250669669714,0.38046985930008514
9664,-2.830064360540732,0.3804318123141551
9665,-4.388499764007275,0.3803937691329237
9666,-5.8369418732301455,0.38035572975601045
9667,-5.909989017411641,0.38031769418303485
9668,-5.3140180598032,0.38027966241361655
9669,-1.7724151261311982,0.3802416344473752
9670,-5.860817487437154,0.38020361028393046
9671,-2.2467448353001807,0.38016558992290206
9672,-3.966789182561754,0.3801275733639098
9673,-2.5685664742599887,0.3800895606065734
9674,-4.141203003027128,0.38005155165051274
9675,-6.323711260022455,0.3800135464953477
9676,-5.37114216807109,0.37997554514069815
9677,-6.210143129055201,0.3799375475861841
9678,-5.984690701361609,0.3798995538314255
9679,-6.382634274621918,0.37986156387604236
9680,-5.229793190393538,0.37982357771965475
9681,-4.014741829489242,0.3797855953618828
9682,-3.804358245493458,0.3797476168023466
9683,-6.3393060227262,0.3797096420406664
9684,-6.2767404101430975,0.3796716710764623
9685,-3.4671809490506664,0.3796337039093547
9686,-4.900833927088961,0.3795957405389638
9687,-7.214704400608772,0.3795577809649099
9688,-6.845043234543625,0.3795198251868134
9689,-8.554296495151299,0.3794818732042947
9690,-2.389415219005893,0.37944392501697427
9691,-5.3993116497584595,0.37940598062447256
9692,-6.955550064388529,0.3793680400264101
9693,-5.368142603444458,0.37933010322240746
9694,-5.335133890603071,0.3792921702120852
9695,-6.761074689952899,0.379254240995064
9696,-4.213080894176773,0.37921631557096447
9697,-4.054413546374758,0.3791783939394074
9698,-3.9798071066183653,0.37914047610001345
9699,-5.1175537769288075,0.37910256205240345
9700,-6.986985982354978,0.3790646517961982
9701,-3.2265656333934687,0.3790267453310186
9702,-7.538626564760161,0.3789888426564855
9703,-2.2929637500416638,0.3789509437722199
9704,-4.5851376267615365,0.37891304867784265
9705,-6.241516918969147,0.3788751573729749
9706,-6.77477467594209,0.3788372698572376
9707,-7.351958546100848,0.3787993861302519
9708,-4.92689859012938,0.37876150619163884
9709,-6.591194341231807,0.37872363004101967
9710,-6.718854570742282,0.37868575767801554
9711,-5.514578279260908,0.3786478891022477
9712,-9.208693717761712,0.3786100243133375
9713,-3.634497333586282,0.3785721633109062
9714,-8.441632275145722,0.3785343060945751
9715,-2.6650411554935034,0.37849645266396564
9716,-5.408094377590809,0.37845860301869927
9717,-6.317720219793373,0.3784207571583974
9718,-5.758878899606882,0.37838291508268157
9719,-5.117953518259274,0.3783450767911733
9720,-6.126679659921275,0.37830724228349416
9721,-7.152579597812103,0.3782694115592658
9722,-6.137861388672614,0.37823158461810985
9723,-7.420712769823463,0.37819376145964806
9724,-1.5390055435817513,0.3781559420835021
9725,-2.7582131892966393,0.37811812648929377
9726,-2.6722933112687803,0.3780803146766448
9727,-5.737671003614746,0.3780425066451772
9728,-8.119144923266905,0.37800470239451267
9729,-11.165247796259377,0.37796690192427324
9730,-7.204757245683964,0.3779291052340808
9731,-7.268323068508703,0.3778913123235574
9732,-5.202466451183573,0.377853523192325
9733,-7.652791704162087,0.37781573784000577
9734,-5.922737142494547,0.3777779562662218
9735,-4.320443316852596,0.37774017847059516
9736,-6.072130234190471,0.3777024044527481
9737,-7.613691806171042,0.37766463421230284
9738,-3.6445159429464,0.3776268677488816
9739,-2.1713987841297997,0.3775891050621067
9740,-8.048247820660702,0.37755134615160046
9741,-4.950309133961144,0.3775135910169853
9742,-3.7972497688424833,0.3774758396578836
9743,-8.126204078265035,0.3774380920739178
9744,-2.1998315451351313,0.3774003482647104
9745,-2.8542241563022337,0.37736260822988393
9746,-3.9770589164020893,0.37732487196906095
9747,-6.5031058891437254,0.37728713948186404
9748,-7.175389928641583,0.37724941076791585
9749,-7.329632851497316,0.37721168582683906
9750,-2.8768893955360686,0.37717396465825637
9751,-5.349304375711804,0.37713624726179057
9752,-4.94814160061797,0.3770985336370644
9753,-2.5434854886666143,0.3770608237837007
9754,-6.409427865240594,0.37702311770132235
9755,-4.129182435988767,0.3769854153895522
9756,-5.033436790419372,0.37694771684801326
9757,-2.357644416904022,0.37691002207632845
9758,-7.595416434828347,0.3768723310741208
9759,-6.653261678121911,0.3768346438410134
9760,-6.258456102591017,0.3767969603766293
9761,-3.4596778056610606,0.3767592806805916
9762,-6.611457407858682,0.37672160475252353
9763,-1.8784631410160741,0.3766839325920483
9764,-4.386466715655645,0.3766462641987891
9765,-4.992672850368172,0.37660859957236925
9766,-5.319585249983991,0.37657093871241204
9767,-5.691834960591004,0.3765332816185408
9768,-6.1049386455649834,0.37649562829037897
9769,-3.887208327267522,0.37645797872754994
9770,-2.4981862371429955,0.3764203329296772
9771,-1.8822426930839549,0.3763826908963842
9772,-2.336274962280779,0.37634505262729456
9773,-1.8965865044369834,0.37630741812203183
9774,-5.046743668413574,0.37626978738021966
9775,-5.222763307876814,0.37623216040148166
9776,-4.902868674729762,0.37619453718544155
9777,-4.603149196856577,0.376156917731723
9778,-8.243362160878855,0.3761193020399498
9779,-5.341404998103308,0.3760816901097458
9780,-2.5239341793285495,0.3760440819407348
9781,-6.302073356304759,0.37600647753254074
9782,-5.452205499757537,0.3759688768847875
9783,-3.8013120903752573,0.375931279997099
9784,-3.6069676073870367,0.3758936868690993
9785,-5.974626770914098,0.3758560975004124
9786,-6.932271023990912,0.37581851189066234
9787,-3.4246510112848885,0.37578093003947327
9788,-7.126228529350793,0.37574335194646935
9789,-2.966517351954683,0.3757057776112747
9790,-3.372831381962,0.3756682070335136
9791,-3.3616005016827097,0.3756306402128103
9792,-6.156601299145617,0.37559307714878903
9793,-7.493543193957614,0.37555551784107416
9794,-5.531394800677664,0.3755179622892901
9795,-8.882521712962417,0.37548041049306113
9796,-4.32124513358193,0.3754428624520118
9797,-5.5149887893362965,0.3754053181657666
9798,-5.68305488186309,0.37536777763395
9799,-3.4878440729174294,0.3753302408561866
9800,-3.3817794197950586,0.375292707832101
9801,-8.272935764284458,0.3752551785613178
9802,-7.349307548925857,0.37521765304346166
9803,-8.82722504107685,0.3751801312781573
9804,-7.871886412662661,0.3751426132650295
9805,-7.278077651278677,0.37510509900370304
9806,-5.0524535054472155,0.3750675884938027
9807,-3.4062335563618973,0.3750300817349533
9808,-6.797918998487965,0.37499257872677977
9809,-4.749147508225565,0.3749550794689071
9810,-4.9954547468507435,0.3749175839609602
9811,-4.9314818051709075,0.37488009220256413
9812,-9.851321551498085,0.37484260419334386
9813,-7.456069630722947,0.37480511993292454
9814,-6.755310603465766,0.3747676394209312
9815,-5.592314610041672,0.3747301626569891
9816,-5.915289127987695,0.3746926896407234
9817,-6.223179727937833,0.3746552203717593
9818,-8.67995153611141,0.37461775484972215
9819,-6.610659220586021,0.3745802930742372
9820,-8.171848745757153,0.37454283504492974
9821,-3.7823234975967797,0.37450538076142526
9822,-3.6540219220419905,0.3744679302233491
9823,-3.6198715605534355,0.3744304834303268
9824,-6.626123761246314,0.3743930403819838
9825,-3.863406081095121,0.3743556010779456
9826,-6.850315701639861,0.3743181655178378
9827,-3.670468138126819,0.374280733701286
9828,-8.946173574320945,0.37424330562791586
9829,-5.362823730699466,0.37420588129735305
9830,-6.9286075982564475,0.3741684607092233
9831,-5.837201399955873,0.37413104386315243
9832,-6.8968966661515045,0.3740936307587661
9833,-3.5049086765018127,0.3740562213956902
9834,-8.59057034702477,0.3740188157735507
9835,-7.30593075648126,0.3739814138919733
9836,-6.646905333116015,0.3739440157505841
9837,-8.083503451409516,0.37390662134900904
9838,-9.359427140630679,0.37386923068687417
9839,-3.7604462483402656,0.37383184376380546
9840,-6.576639906954014,0.3737944605794291
9841,-3.979836005139319,0.3737570811333712
9842,-5.657033310955928,0.37371970542525784
9843,-5.070845068291837,0.3736823334547153
9844,-3.056994481656476,0.3736449652213698
9845,-6.922017609617602,0.37360760072484767
9846,-2.4832846543454576,0.3735702399647752
9847,-3.468806786135294,0.3735328829407787
9848,-3.6115555042471637,0.3734955296524846
9849,-4.1047643791208435,0.37345818009951937
9850,-6.206944314090325,0.3734208342815094
9851,-2.7288441312126466,0.37338349219808126
9852,-2.2439715399958247,0.37334615384886144
9853,-6.783960791695372,0.37330881923347653
9854,-5.363461715535769,0.37327148835155316
9855,-6.322138309468871,0.373234161202718
9856,-6.716189282816531,0.37319683778659773
9857,-6.2233428268461015,0.37315951810281905
9858,-4.135722559954282,0.3731222021510088
9859,-5.397990598953702,0.3730848899307937
9860,-5.65206100326624,0.3730475814418006
9861,-2.067826313142981,0.37301027668365644
9862,-3.2078926461955835,0.3729729756559881
9863,-5.105434700063847,0.3729356783584225
9864,-2.8081312784276777,0.3728983847905867
9865,-6.321070572058615,0.3728610949521076
9866,-7.871617392245067,0.3728238088426124
9867,-2.6706759976767795,0.37278652646172816
9868,-5.468295816097254,0.372749247809082
9869,-6.425769237455675,0.3727119728843011
9870,-5.340859158483911,0.37267470168701267
9871,-6.5432167173473745,0.372637434216844
9872,-6.833350528958569,0.3726001704734223
9873,-6.186871704620234,0.37256291045637496
9874,-4.690064750844257,0.37252565416532935
9875,-5.269788768073944,0.3724884015999128
9876,-5.673082004254231,0.3724511527597528
9877,-5.929369795035756,0.37241390764447685
9878,-5.045218802306919,0.3723766662537124
9879,-8.411772270062436,0.372339428587087
9880,-9.548591000026345,0.3723021946442283
9881,-6.312265658496867,0.37226496442476387
9882,-5.231915965376888,0.37222773792832137
9883,-1.7019940929576494,0.37219051515452856
9884,-5.68059207473273,0.3721532961030131
9885,-2.9875010257824393,0.3721160807734028
9886,-6.839310379720904,0.37207886916532545
9887,-3.990024635634604,0.37204166127840893
9888,-6.483461437187557,0.3720044571122811
9889,-5.04322039922703,0.3719672566665699
9890,-6.197941648537551,0.3719300599409032
9891,-4.437312701081094,0.37189286693490914
9892,-9.448252497590577,0.37185567764821564
9893,-6.7649951418139365,0.3718184920804508
9894,-3.633339171112639,0.3717813102312428
9895,-5.438988102372491,0.37174413210021967
9896,-6.395004724131455,0.3717069576870097
9897,-6.28702641700033,0.371669786991241
9898,-6.860344087981954,0.3716326200125419
9899,-5.433823731861507,0.3715954567505406
9900,-6.147255354840871,0.37155829720486555
9901,-6.531314815083145,0.3715211413751451
9902,-8.215881521953923,0.37148398926100756
9903,-2.2868375843835045,0.37144684086208146
9904,-4.002447030817448,0.37140969617799524
9905,-7.860491258037904,0.3713725552083774
9906,-3.9894801757058,0.3713354179528566
9907,-3.5857612691066487,0.3712982844110613
9908,-6.43708141796865,0.37126115458262016
9909,-5.096899115064494,0.3712240284671619
9910,-6.300261367463234,0.3711869060643152
9911,-3.699500649884169,0.3711497873737088
9912,-7.009319461049903,0.3711126723949714
9913,-8.887293839016955,0.37107556112773193
9914,-6.47343447081409,0.3710384535716192
9915,-6.266790091392293,0.37100134972626203
9916,-6.490543558606062,0.37096424959128943
9917,-9.24056931754684,0.3709271531663303
9918,-7.122544468113637,0.37089006045101364
9919,-5.783755937683809,0.37085297144496854
9920,-6.825200215081098,0.37081588614782407
9921,-5.465372664551869,0.3707788045592093
9922,-8.3501122183193,0.3707417266787534
9923,-8.299253714832444,0.37070465250608553
9924,-7.412757934027692,0.37066758204083494
9925,-7.746589288090698,0.37063051528263086
9926,-5.794215480356763,0.37059345223110257
9927,-6.762220495670363,0.37055639288587944
9928,-6.9811789463571685,0.37051933724659086
9929,-7.577647571588493,0.3704822853128662
9930,-4.982623720308741,0.3704452370843349
9931,-3.6751348674193736,0.37040819256062646
9932,-3.842003826949313,0.3703711517413704
9933,-6.534214687229426,0.3703341146261963
9934,-3.681378389752087,0.3702970812147337
9935,-3.7145718455469083,0.37026005150661223
9936,-10.259238047184535,0.3702230255014616
9937,-4.920408558830053,0.37018600319891143
9938,-4.134527022237989,0.3701489845985915
9939,-5.835793198727071,0.37011196970013166
9940,-3.722625444919853,0.37007495850316163
9941,-2.9378435180420017,0.3700379510073113
9942,-2.5317319357448405,0.37000094721221055
9943,-6.089191779230244,0.3699639471174893
9944,-4.219164054349117,0.3699269507227776
9945,-7.458785001969609,0.3698899580277053
9946,-4.5908219826481735,0.3698529690319025
9947,-3.036759974171349,0.3698159837349993
9948,-2.204444650881182,0.3697790021366258
9949,-5.606011319465496,0.3697420242364121
9950,-5.4194853700075765,0.36970505003398846
9951,-6.425194428634792,0.36966807952898506
9952,-3.521114194227222,0.36963111272103216
9953,-1.550538634834261,0.36959414960976006
9954,-6.152036013975627,0.3695571901947991
9955,-7.292509661680546,0.36952023447577964
9956,-5.487512535016551,0.3694832824523321
9957,-5.129447061628232,0.36944633412408684
9958,-7.1732410716152035,0.3694093894906744
9959,-4.7532873786551555,0.36937244855172535
9960,-4.033310163026151,0.3693355113068702
9961,-6.6535913253257055,0.36929857775573954
9962,-5.08110399073804,0.36926164789796395
9963,-6.504358036086893,0.36922472173317417
9964,-5.960592320968911,0.36918779926100087
9965,-5.851463848584552,0.36915088048107475
9966,-4.217240123150415,0.36911396539302666
9967,-6.003200449758198,0.3690770539964874
9968,-8.279027683372556,0.3690401462910877
9969,-6.772911043569546,0.36900324227645864
9970,-4.297575917542757,0.368966341952231
9971,-2.7817707946412424,0.3689294453180358
9972,-6.447093319473792,0.368892552373504
9973,-3.6878449633867882,0.3688556631182666
9974,-7.334901441412147,0.3688187775519548
9975,-5.346702445810596,0.3687818956741996
9976,-6.00694724182631,0.3687450174846322
9977,-4.862103287218721,0.36870814298288374
9978,-4.199223395309897,0.3686712721685855
9979,-4.290428182476463,0.36863440504136863
9980,-5.295973575392754,0.3685975416008645
9981,-1.6048702510069783,0.36856068184670443
9982,-2.0191408288134314,0.3685238257785198
9983,-5.409228128084626,0.36848697339594194
9984,-6.665213179844688,0.36845012469860233
9985,-6.390012691533629,0.36841327968613247
9986,-5.719578727701783,0.36837643835816386
9987,-6.198565297122743,0.36833960071432803
9988,-3.6171042413613423,0.3683027667542566
9989,-4.676165238328894,0.36826593647758116
9990,-2.188257082930239,0.3682291098839334
9991,-4.386021797809178,0.36819228697294504
9992,-5.114033830453617,0.36815546774424773
9993,-2.298525855120337,0.3681186521974733
9994,-3.5101147231257626,0.36808184033225355
9995,-6.728230400034638,0.3680450321482203
9996,-2.4876658043127096,0.3680082276450055
9997,-8.273951037622151,0.36797142682224104
9998,-2.188546644389173,0.3679346296795588
9999,-4.03935656626512,0.36789783621659083
10000,-4.332392151140944,0.3678610464329692
10001,-4.239241731816487,0.3678242603283259
10002,-8.114390057243078,0.36778747790229305
10003,-7.069875081855439,0.3677506991545028
10004,-9.533624589219258,0.36771392408458736
10005,-5.606264560811255,0.36767715269217893
10006,-8.456099015270166,0.3676403849769097
10007,-3.930399917992167,0.36760362093841203
10008,-4.3126255483688904,0.3675668605763182
10009,-4.144944807885264,0.3675301038902606
10010,-4.328703773890015,0.36749335087987156
10011,-8.716612683741072,0.3674566015447836
10012,-6.406039581710584,0.3674198558846291
10013,-5.294976461768693,0.36738311389904066
10014,-5.874582917066226,0.36734637558765076
10015,-8.977683704881,0.367309640950092
10016,-8.394184929282602,0.367272909985997
10017,-2.3079727211462355,0.3672361826949984
10018,-4.268029675926357,0.3671994590767289
10019,-2.2992183219847737,0.36716273913082126
10020,-2.301756607892745,0.3671260228569082
10021,-4.791606442376567,0.36708931025462255
10022,-6.6566818358945845,0.36705260132359707
10023,-7.257168856641588,0.36701589606346474
10024,-4.512273644743406,0.3669791944738584
10025,-6.365508853448402,0.366942496554411
10026,-6.865082323739113,0.3669058023047556
10027,-8.498138568799533,0.36686911172452513
10028,-8.318325844985626,0.3668324248133527
10029,-6.961270687717928,0.36679574157087136
10030,-5.262865533288753,0.36675906199671426
10031,-5.677754978660392,0.3667223860905146
10032,-7.932286475885985,0.36668571385190557
10033,-5.770246888331334,0.3666490452805204
10034,-4.238647912898723,0.36661238037599236
10035,-7.81836881777189,0.3665757191379548
10036,-7.96690317205619,0.366539061566041
10037,-5.547287369302421,0.3665024076598844
10038,-6.405437811778396,0.3664657574191184
10039,-4.302614129219114,0.3664291108433765
10040,-2.24432012818563,0.36639246793229213
10041,-2.6949171756200423,0.36635582868549893
10042,-6.545580766443242,0.3663191931026304
10043,-5.344917809819602,0.36628256118332014
10044,-5.543690764893943,0.3662459329272018
10045,-5.029536654270413,0.3662093083339091
10046,-6.536986190789461,0.3661726874030757
10047,-5.392943619905997,0.36613607013433536
10048,-4.132188169569341,0.36609945652732195
10049,-5.63720067326399,0.3660628465816692
10050,-6.048277745324459,0.36602624029701103
10051,-5.466902228398806,0.3659896376729813
10052,-2.8471382927755826,0.36595303870921403
10053,-5.711836639611164,0.36591644340534313
10054,-5.06856055646899,0.3658798517610026
10055,-5.635425605387534,0.3658432637758265
10056,-7.9470548881404035,0.3658066794494489
10057,-8.74983883176072,0.36577009878150396
10058,-5.741247311526499,0.3657335217716258
10059,-5.498248986080587,0.36569694841944866
10060,-6.445861231916434,0.3656603787246067
10061,-5.329718130581568,0.3656238126867343
10062,-4.39799631252721,0.3655872503054656
10063,-5.127364607324554,0.36555069158043507
10064,-3.1527463805039364,0.365514136511277
10065,-7.2830088217781155,0.3654775850976259
10066,-4.013686103117881,0.36544103733911615
10067,-5.62568689751582,0.36540449323538227
10068,-2.8219636636042083,0.3653679527860587
10069,-1.744655527386675,0.3653314159907801
10070,-5.887231756951329,0.36529488284918105
10071,-3.998342440591788,0.3652583533608961
10072,-1.2104451571236692,0.36522182752556004
10073,-7.713959820466107,0.36518530534280746
10074,-8.778977924956077,0.3651487868122732
10075,-8.145307340172714,0.36511227193359197
10076,-6.795495460991509,0.36507576070639863
10077,-2.449401436368473,0.365039253130328
10078,-7.828666382094715,0.36500274920501496
10079,-7.051965655106832,0.3649662489300945
10080,-4.266933958897562,0.36492975230520147
10081,-2.8077011380740693,0.36489325932997096
10082,-8.840652314885098,0.364856770004038
10083,-2.9129530371641845,0.3648202843270376
10084,-2.740971077583457,0.3647838022986049
10085,-6.632380578606811,0.36474732391837505
10086,-2.7605510854731192,0.36471084918598323
10087,-1.5517253107466398,0.3646743781010646
10088,-3.7270645589667186,0.3646379106632545
10089,-2.490290704685413,0.3646014468721882
10090,-6.250955754576629,0.364564986727501
10091,-6.520024589896806,0.36452853022882825
10092,-8.15233468696934,0.36449207737580536
10093,-5.297242958618657,0.36445562816806776
10094,-6.553629647675949,0.36441918260525097
10095,-6.832802859689914,0.36438274068699045
10096,-7.9755039074201175,0.36434630241292176
10097,-7.496324482702883,0.3643098677826805
10098,-6.31929242365658,0.36427343679590224
10099,-7.1670175304774,0.36423700945222265
10100,-4.905986757232029,0.36420058575127745
10101,-8.410262796700959,0.3641641656927023
10102,-9.351443359170766,0.36412774927613306
10103,-4.404870904791587,0.36409133650120545
10104,-6.211892567073267,0.36405492736755535
10105,-6.868087238765565,0.3640185218748186
10106,-3.113487365614793,0.36398212002263114
10107,-5.233445189247691,0.3639457218106289
10108,-6.305320494575106,0.3639093272384478
10109,-8.875010010274849,0.363872936305724
10110,-7.151974283569603,0.3638365490120934
10111,-6.3563800169979885,0.3638001653571922
10112,-7.4474717240024395,0.36376378534065645
10113,-9.486327443917798,0.3637274089621224
10114,-6.447857717233932,0.3636910362212262
10115,-6.777422527931431,0.36365466711760414
10116,-4.532262247597274,0.3636183016508924
10117,-4.770345690976645,0.3635819398207273
10118,-6.835489327147801,0.3635455816267452
10119,-8.486421170274518,0.3635092270685826
10120,-7.828594464250142,0.3634728761458757
10121,-4.588620892135168,0.3634365288582611
10122,-8.736250638533564,0.3634001852053753
10123,-8.106789043303587,0.3633638451868548
10124,-6.772166888289996,0.3633275088023361
10125,-3.000415033858864,0.3632911760514559
10126,-4.916553644084244,0.36325484693385074
10127,-4.728921442250969,0.36321852144915734
10128,-5.505447657240116,0.3631821995970124
10129,-7.232505722981218,0.3631458813770527
10130,-3.6916409562937336,0.36310956678891504
10131,-8.726297127083384,0.36307325583223615
10132,-3.0801313446197494,0.3630369485066529
10133,-5.677505520290112,0.3630006448118023
10134,-4.373620301685725,0.3629643447473211
10135,-5.395265934146175,0.36292804831284636
10136,-4.603954189946203,0.36289175550801506
10137,-3.5194559815290116,0.36285546633246424
10138,-1.7422838328892571,0.362819180785831
10139,-3.5969013725516183,0.3627828988677524
10140,-6.942217686609684,0.3627466205778656
10141,-2.651589888211242,0.3627103459158078
10142,-5.38762308160177,0.3626740748812162
10143,-5.831413585652584,0.3626378074737281
10144,-5.148534379541644,0.3626015436929807
10145,-3.8272005569757215,0.3625652835386114
10146,-6.418815265189383,0.3625290270102575
10147,-5.076976583509184,0.3624927741075565
10148,-3.1962460242141164,0.36245652483014573
10149,-4.162398244195823,0.36242027917766273
10150,-3.717869078460297,0.362384037149745
10151,-4.308415791497621,0.36234779874603
10152,-2.2126942001634418,0.36231156396615544
10153,-2.830064360540732,0.3622753328097588
10154,-4.620455657312596,0.36223910527647785
10155,-5.873128527926319,0.3622028813659502
10156,-5.680874651645592,0.3621666610778136
10157,-4.54057872683296,0.36213044441170583
10158,-3.995405008263087,0.36209423136726465
10159,-6.4071456535194065,0.36205802194412795
10160,-2.3087925414313477,0.3620218161419335
10161,-4.704391814778844,0.3619856139603193
10162,-2.5685664742599887,0.3619494153989233
10163,-4.738981516066396,0.3619132204573834
10164,-2.90055866889443,0.36187702913533765
10165,-5.424744521178628,0.3618408414324241
10166,-3.893478184009482,0.3618046573482809
10167,-2.0575537159796045,0.36176847688254604
10168,-6.361309871169425,0.3617323000348578
10169,-4.866567651231607,0.3616961268048543
10170,-4.014741829489242,0.3616599571921738
10171,-3.804358245493458,0.3616237911964546
10172,-7.900563954706989,0.36158762881733497
10173,-6.788028877855134,0.36155147005445326
10174,-3.4671809490506664,0.3615153149074478
10175,-5.216464333344108,0.3614791633759571
10176,-8.007782806877236,0.3614430154596195
10177,-6.947676590260191,0.3614068711580735
10178,-6.862165838907053,0.3613707304709577
10179,-2.4884230732899404,0.3613345933979106
10180,-6.279162390534458,0.3612984599385708
10181,-4.712837867318245,0.36126233009257697
10182,-4.056401685366972,0.3612262038595677
10183,-6.068648653623402,0.3611900812391818
10184,-8.610753324507007,0.3611539622310579
10185,-7.372656780026411,0.3611178468348348
10186,-7.015852228832857,0.3610817350501513
10187,-7.381349873516946,0.36104562687664626
10188,-6.4767948381855955,0.3610095223139586
10189,-6.603812222809166,0.3609734213617272
10190,-6.717034033653061,0.36093732401959105
10191,-5.784552036687823,0.3609012302871891
10192,-5.580526318801099,0.3608651401641604
10193,-5.863311076558654,0.36082905365014395
10194,-4.950102157414699,0.36079297074477895
10195,-5.986047667698159,0.36075689144770445
10196,-7.75406243440606,0.3607208157585597
10197,-6.226762680742537,0.36068474367698383
10198,-7.210632357666216,0.3606486752026161
10199,-7.702651863437527,0.36061261033509584
10200,-7.383050847469414,0.36057654907406234
10201,-1.5282465142108288,0.36054049141915495
10202,-8.145136744508276,0.36050443737001303
10203,-6.367448435333298,0.36046838692627603
10204,-2.6650411554935034,0.3604323400875834
10205,-7.541705217897334,0.36039629685357466
10206,-8.533597972657386,0.3603602572238893
10207,-5.0008138678678264,0.3603242211981669
10208,-3.965534295988996,0.3602881887760471
10209,-6.152103147264248,0.3602521599571695
10210,-2.105448621154805,0.3602161347411738
10211,-6.00318239598598,0.3601801131276997
10212,-5.641600754582268,0.36014409511638695
10213,-1.5390055435817513,0.36010808070687533
10214,-4.93969444393685,0.36007206989880464
10215,-2.1319264571106036,0.36003606269181476
10216,-5.894774790965656,0.3600000590855456
10217,-7.470026485960918,0.3599640590796371
10218,-7.062258085270396,0.3599280626737291
10219,-3.0736113077821896,0.35989206986746175
10220,-4.5861778757525915,0.35985608066047503
10221,-7.020264642268304,0.359820095052409
10222,-5.145810297072913,0.35978411304290375
10223,-4.604472525514696,0.3597481346315995
10224,-7.274784301579409,0.3597121598181363
10225,-8.03705172916566,0.3596761886021545
10226,-3.11102477235137,0.3596402209832943
10227,-8.29719493139278,0.35960425696119597
10228,-6.908566374178584,0.3595682965354999
10229,-4.640531935525441,0.3595323397058463
10230,-6.130478471668494,0.3594963864718757
10231,-4.373421824789432,0.35946043683322854
10232,-6.935448569468682,0.3594244907895452
10233,-2.7672989205890377,0.35938854834046624
10234,-5.601488852592058,0.3593526094856322
10235,-2.330291552231516,0.3593166742246836
10236,-5.6238046842992535,0.35928074255726117
10237,-5.050030738039943,0.35924481448300544
10238,-2.46378012841007,0.35920889000155715
10239,-6.088304605511868,0.359172969112557
10240,-2.423798369100809,0.3591370518156457
10241,-6.97817604957106,0.3591011381104641
10242,-4.722786522530028,0.3590652279966531
10243,-4.9197410380443145,0.3590293214738534
10244,-2.873527487109707,0.358993418541706
10245,-4.736182438531217,0.35895751919985186
10246,-3.484171001256599,0.3589216234479319
10247,-5.44706194448005,0.3588857312855871
10248,-5.409485433873396,0.35884984271245857
10249,-1.529252137083604,0.3588139577281873
10250,-5.614260733216227,0.3587780763324145
10251,-7.26240527715663,0.35874219852478123
10252,-4.436274221176472,0.35870632430492877
10253,-2.1677125930073915,0.3586704536724983
10254,-4.373208369919793,0.35863458662713105
10255,-6.995843918599615,0.35859872316846836
10256,-5.4480407068473795,0.3585628632961515
10257,-4.107323790393931,0.3585270070098219
10258,-5.898584442631702,0.3584911543091209
10259,-6.986506613828929,0.35845530519368995
10260,-4.109932569884251,0.35841945966317057
10261,-5.952907460016439,0.3583836177172043
10262,-4.727276940625227,0.35834777935543255
10263,-6.211603108151367,0.358311944577497
10264,-5.247106593711779,0.3582761133830392
10265,-7.265693594636292,0.3582402857717009
10266,-3.1045084234746523,0.35820446174312376
10267,-6.523943224455087,0.3581686412969495
10268,-5.862263730042719,0.3581328244328198
10269,-5.783677460996678,0.3580970111503765
10270,-3.8894875268516724,0.35806120144926146
10271,-7.001795446602327,0.35802539532911654
10272,-2.02883994641913,0.35798959278958364
10273,-5.031365987691601,0.3579537938303047
10274,-7.970486355123668,0.35791799845092165
10275,-8.599591360366137,0.35788220665107656
10276,-6.540119386104156,0.3578464184304115
10277,-5.8681901618069485,0.3578106337885684
10278,-3.4418999378248043,0.35777485272518955
10279,-7.4022702759270445,0.35773907523991705
10280,-4.816154569780863,0.3577033013323931
10281,-4.2373618901227115,0.35766753100225984
10282,-3.8316908014060336,0.3576317642491596
10283,-2.066684124907313,0.3575960010727347
10284,-7.329790379308287,0.35756024147262744
10285,-8.465667429141472,0.3575244854484802
10286,-4.29461647232146,0.35748873299993533
10287,-5.962576079606764,0.35745298412663534
10288,-4.038078490950845,0.3574172388282227
10289,-7.23455909871519,0.35738149710433986
10290,-8.376956563422693,0.35734575895462944
10291,-7.263402297112341,0.357310024378734
10292,-7.953143710715881,0.3572742933762961
10293,-8.490247365873183,0.3572385659469585
10294,-6.674246981503078,0.35720284209036385
10295,-8.80534986051434,0.35716712180615484
10296,-7.159432683080847,0.35713140509397423
10297,-5.811734133533784,0.35709569195346486
10298,-3.41417469290901,0.3570599823842695
10299,-3.8369854578351794,0.35702427638603107
10300,-6.0343259625436225,0.35698857395839245
10301,-7.4679075937720985,0.3569528751009966
10302,-7.39482355350606,0.35691717981348653
10303,-3.6403290795263263,0.3568814880955052
10304,-7.356368514014225,0.35684579994669563
10305,-3.6549336290860266,0.356810115366701
10306,-7.753130098932601,0.3567744343551643
10307,-9.194946336966048,0.3567387569117288
10308,-3.653210159577894,0.35670308303603765
10309,-7.2036290455749565,0.35666741272773406
10310,-3.8464972655405703,0.3566317459864613
10311,-7.935001448291879,0.35659608281186267
10312,-8.069371765988176,0.3565604232035815
10313,-8.498710083506968,0.35652476716126114
10314,-8.04978718269454,0.356489114684545
10315,-9.387675919261074,0.35645346577307657
10316,-7.8299429450476685,0.3564178204264993
10317,-4.931318800187812,0.35638217864445665
10318,-5.380416542318724,0.3563465404265922
10319,-8.23329006630048,0.35631090577254954
10320,-6.824340692168551,0.3562752746819723
10321,-8.742696183751516,0.35623964715450407
10322,-6.4108880315914565,0.3562040231897886
10323,-5.68249498144217,0.35616840278746964
10324,-6.484788034268384,0.3561327859471909
10325,-2.818329763059775,0.3560971726685962
10326,-8.76665138152838,0.35606156295132935
10327,-4.904540522231107,0.35602595679503424
10328,-6.624107556536818,0.35599035419935476
10329,-7.739760807357458,0.3559547551639348
10330,-6.278106746251881,0.3559191596884184
10331,-5.927662856147985,0.35588356777244956
10332,-2.2150427334013667,0.3558479794156723
10333,-2.421667601820224,0.35581239461773073
10334,-2.656066694490131,0.35577681337826894
10335,-2.3684739854069092,0.3557412356969311
10336,-3.853395025999002,0.3557056615733614
10337,-2.613674741420706,0.3556700910072041
10338,-2.7744713821277545,0.35563452399810336
10339,-4.258829623195669,0.35559896054570356
10340,-4.782048644023861,0.355563400649649
10341,-3.4819893211239266,0.355527844309584
10342,-5.713693168561475,0.35549229152515305
10343,-3.4624127668870255,0.35545674229600055
10344,-4.257685351533018,0.35542119662177096
10345,-6.035135592015493,0.3553856545021088
10346,-4.62913852820209,0.3553501159366586
10347,-5.304737900458204,0.35531458092506496
10348,-7.630583490135889,0.3552790494669725
10349,-3.646362406851634,0.35524352156202577
10350,-8.229862534530806,0.35520799720986956
10351,-3.469183958474415,0.3551724764101486
10352,-6.124416130559139,0.3551369591625076
10353,-6.974094152488476,0.35510144546659134
10354,-5.144096945313278,0.35506593532204467
10355,-6.091907947407803,0.3550304287285125
10356,-6.692193272395732,0.3549949256856396
10357,-3.6442501703260186,0.3549594261930711
10358,-2.6318587357006846,0.35492393025045177
10359,-7.797578895664563,0.35488843785742674
10360,-5.648074509835499,0.354852949013641
10361,-4.394865876863939,0.3548174637187396
10362,-7.035739254768964,0.35478198197236777
10363,-5.073984251463575,0.35474650377417055
10364,-2.132070726724963,0.35471102912379315
10365,-2.0976212946209385,0.3546755580208808
10366,-3.969777571591153,0.3546400904650787
10367,-2.1084795035449995,0.3546046264560322
10368,-2.1440502333744336,0.3545691659933866
10369,-9.424263161868748,0.3545337090767873
10370,-7.486190075294999,0.3544982557058796
10371,-6.648015432375377,0.35446280588030904
10372,-7.143620047959453,0.354427359599721
10373,-5.911714377004598,0.35439191686376104
10374,-4.030902129886392,0.3543564776720747
10375,-3.7405170964716716,0.3543210420243075
10376,-2.1302598551967273,0.35428560992010505
10377,-7.7183798998618665,0.35425018135911307
10378,-5.2228618225715495,0.35421475634097715
10379,-5.202941505455765,0.3541793348653431
10380,-6.970154531011512,0.35414391693185654
10381,-7.768909793877097,0.35410850254016335
10382,-8.923461977781988,0.35407309168990936
10383,-7.954733697118547,0.35403768438074035
10384,-4.324517964943924,0.35400228061230227
10385,-5.895195558644281,0.35396688038424107
10386,-7.24526101473985,0.35393148369620264
10387,-4.171113053598104,0.35389609054783305
10388,-4.737614362948656,0.35386070093877825
10389,-9.255912908648005,0.35382531486868435
10390,-8.065019090354193,0.35378993233719747
10391,-5.692897980941909,0.3537545533439638
10392,-7.0922409268973805,0.3537191778886294
10393,-5.153208699635404,0.35368380597084054
10394,-6.99618880579352,0.35364843759024345
10395,-4.554757481604301,0.3536130727464844
10396,-6.5700856793905205,0.35357771143920974
10397,-6.5408302287449605,0.3535423536680658
10398,-6.197842650409297,0.353506999432699
10399,-6.903681053796772,0.3534716487327557
10400,-6.991181143187585,0.35343630156788247
10401,-5.649025623426586,0.3534009579377257
10402,-6.248193214355245,0.35336561784193193
10403,-7.216156231938185,0.35333028128014776
10404,-6.365413746762801,0.35329494825201974
10405,-4.369788653325431,0.3532596187571945
10406,-5.252577302540783,0.3532242927953188
10407,-5.944059171796908,0.3531889703660393
10408,-7.916914182620476,0.3531536514690027
10409,-7.489990718643705,0.3531183361038558
10410,-6.191901109969656,0.3530830242702454
10411,-8.880937961242505,0.35304771596781837
10412,-7.179092315709147,0.35301241119622156
10413,-7.689790055451564,0.35297710995510195
10414,-7.933769223154113,0.3529418122441064
10415,-8.138139758516084,0.35290651806288204
10416,-7.446505349534213,0.35287122741107574
10417,-7.4135325800048975,0.35283594028833465
10418,-7.332632083956976,0.3528006566943058
10419,-6.0181127531259975,0.3527653766286364
10420,-8.521503160232003,0.3527301000909735
10421,-5.6832628585195835,0.3526948270809644
10422,-7.265668624964724,0.3526595575982563
10423,-6.199231793748852,0.3526242916424965
10424,-6.662676996086174,0.35258902921333224
10425,-9.210545680235988,0.3525537703104109
10426,-6.737749517621754,0.3525185149333799
10427,-4.782587223123507,0.35248326308188654
10428,-2.3341775648145417,0.35244801475557835
10429,-5.834861621607032,0.3524127699541028
10430,-7.668335989296292,0.3523775286771074
10431,-4.587619673496931,0.3523422909242397
10432,-4.0234793851887805,0.3523070566951473
10433,-5.024057510629211,0.35227182598947776
10434,-4.271209786149264,0.3522365988068788
10435,-5.711996775838015,0.3522013751469981
10436,-4.908904801986183,0.35216615500948345
10437,-2.456469814848821,0.3521309383939825
10438,-4.409593172222202,0.3520957253001431
10439,-5.531604704912537,0.3520605157276131
10440,-5.477309171848303,0.35202530967604034
10441,-4.923624192915131,0.35199010714507273
10442,-5.70126468481363,0.3519549081343582
10443,-4.606786608597932,0.35191971264354477
10444,-9.270134105080595,0.35188452067228043
10445,-2.3109179634087313,0.3518493322202132
10446,-2.9512586806696213,0.3518141472869912
10447,-3.173759954943044,0.3517789658722625
10448,-7.178310912277763,0.35174378797567524
10449,-6.112850252648249,0.35170861359687766
10450,-4.025049039995889,0.351673442735518
10451,-5.156728968318367,0.3516382753912444
10452,-4.101977701457716,0.35160311156370533
10453,-2.491111155534285,0.35156795125254897
10454,-5.175935452197164,0.35153279445742375
10455,-6.645375927453085,0.351497641177978
10456,-5.365808007124606,0.3514624914138602
10457,-7.972120566172373,0.35142734516471885
10458,-2.537353890139069,0.35139220243020236
10459,-5.529176587640496,0.35135706320995935
10460,-1.7789676559811356,0.3513219275036384
10461,-5.223825888828385,0.351286795310888
10462,-5.16295358622685,0.35125166663135693
10463,-7.237214092212713,0.3512165414646938
10464,-4.537325252105974,0.3511814198105473
10465,-6.941762757642115,0.35114630166856625
10466,-5.575240615921297,0.3511111870383994
10467,-6.769394186771988,0.35107607591969553
10468,-6.036406253229528,0.3510409683121036
10469,-2.851497505966551,0.35100586421527236
10470,-6.666990381089764,0.3509707636288508
10471,-4.744110180119432,0.3509356665524879
10472,-4.9882172917765475,0.35090057298583266
10473,-2.2026964364837807,0.3508654829285341
10474,-4.418219532669102,0.3508303963802412
10475,-2.514516219128266,0.3507953133406032
10476,-5.456804340123388,0.35076023380926913
10477,-2.280673002371145,0.3507251577858882
10478,-2.5389195449075337,0.3506900852701096
10479,-5.794920093228498,0.3506550162615826
10480,-5.589859850577294,0.35061995075995644
10481,-6.619926060043751,0.3505848887648805
10482,-8.066146528367351,0.350549830276004
10483,-4.468721147795181,0.3505147752929764
10484,-5.208175445461286,0.3504797238154471
10485,-6.278402656284907,0.3504446758430656
10486,-4.55767305615594,0.3504096313754813
10487,-6.482917508878687,0.35037459041234376
10488,-6.512691527069726,0.35033955295330255
10489,-2.8838616597330224,0.35030451899800724
10490,-8.173715960467208,0.35026948854610745
10491,-2.8645538597989657,0.35023446159725286
10492,-2.8696768557846077,0.3501994381510931
10493,-2.9035568329339014,0.350164418207278
10494,-7.15609728393702,0.35012940176545726
10495,-5.376033728403235,0.3500943888252807
10496,-2.900426149060115,0.3500593793863982
10497,-7.855715267706451,0.35002437344845955
10498,-8.735023460573757,0.3499893710111147
10499,-6.381919641298681,0.3499543720740136
10500,-5.805560402492551,0.34991937663680617
10501,-8.614063007234034,0.3498843846991425
10502,-4.417649077226725,0.34984939626067263
10503,-7.8323658112059,0.34981441132104657
10504,-8.049313910581906,0.34977942987991445
10505,-5.973712334459006,0.34974445193692644
10506,-4.990736024508434,0.34970947749173276
10507,-4.943368288156782,0.3496745065439836
10508,-5.456183179340272,0.3496395390933292
10509,-5.0051898675319855,0.34960457513941984
10510,-4.425320109026737,0.3495696146819059
10511,-6.92134254152252,0.3495346577204377
10512,-8.43754061447625,0.34949970425466564
10513,-3.7819614790820184,0.3494647542842402
10514,-3.7867581134718593,0.3494298078088118
10515,-4.512654070992177,0.3493948648280309
10516,-5.978083831530877,0.3493599253415481
10517,-7.0961673651807935,0.34932498934901396
10518,-4.893036668756466,0.3492900568500791
10519,-4.98812890570911,0.34925512784439405
10520,-5.183631462088076,0.3492202023316096
10521,-5.2787147427384165,0.34918528031137647
10522,-7.703825366212143,0.34915036178334535
10523,-7.287344795879672,0.34911544674716705
10524,-5.634783506694259,0.3490805352024923
10525,-2.3353592843204467,0.3490456271489721
10526,-2.2267195842855934,0.3490107225862572
10527,-6.7965546923487885,0.3489758215139986
10528,-7.84641248021717,0.34894092393184717
10529,-5.183698462053171,0.348906029839454
10530,-5.296382218236031,0.34887113923647006
10531,-5.6460530557956545,0.34883625212254643
10532,-2.592600065387211,0.3488013684973342
10533,-3.869001375233045,0.34876648836048446
10534,-4.311278823497878,0.3487316117116484
10535,-7.112650738194171,0.3486967385504772
10536,-4.752613734517389,0.3486618688766222
10537,-7.1742576870921155,0.34862700268973457
10538,-4.470288063009784,0.3485921399894656
10539,-2.9734749822297633,0.34855728077546666
10540,-5.554784998366152,0.3485224250473891
10541,-6.253020209274531,0.3484875728048844
10542,-2.0927501458812334,0.3484527240476039
10543,-4.673243566432758,0.34841787877519914
10544,-5.48615328135248,0.34838303698732165
10545,-6.127953273940848,0.34834819868362293
10546,-4.852886172666302,0.34831336386375455
10547,-4.279832286240664,0.3482785325273682
10548,-5.460019188828872,0.3482437046741155
10549,-5.740438242494197,0.34820888030364805
10550,-6.70339840637906,0.3481740594156177
10551,-4.949078837812383,0.3481392420096761
10552,-5.358026319250969,0.34810442808547515
10553,-2.9087424977906693,0.3480696176426666
10554,-4.9559776908674555,0.3480348106809023
10555,-4.232067194548771,0.3480000071998342
10556,-5.370935909256556,0.3479652071991142
10557,-4.337349506641061,0.3479304106783943
10558,-3.2477243859580436,0.34789561763732646
10559,-6.64358333977221,0.34786082807556273
10560,-2.424675533668026,0.3478260419927552
10561,-6.728308231793161,0.34779125938855593
10562,-2.3361069896061344,0.3477564802626171
10563,-3.749215978951998,0.34772170461459084
10564,-1.8646202213318899,0.3476869324441294
10565,-6.127616538019536,0.347652163750885
10566,-6.014669039804821,0.3476173985345099
10567,-7.547151334721125,0.34758263679465645
10568,-6.111359731153088,0.347547878530977
10569,-5.138348114357859,0.34751312374312393
10570,-4.333658791035169,0.34747837243074964
10571,-4.190231613443771,0.3474436245935066
10572,-8.264531344438755,0.3474088802310472
10573,-7.2125361275862865,0.34737413934302414
10574,-3.465581749938858,0.34733940192908985
10575,-4.302185801942983,0.3473046679888969
10576,-7.597995268210342,0.34726993752209806
10577,-4.598706046491404,0.34723521052834583
10578,-6.502863958423892,0.347200487007293
10579,-5.2381346278195915,0.3471657669585923
10580,-7.101136568143004,0.34713105038189646
10581,-5.88982295245554,0.3470963372768583
10582,-7.530724980465019,0.3470616276431306
10583,-4.339235950331008,0.3470269214803663
10584,-2.420209134358251,0.34699221878821823
10585,-5.244904857695697,0.3469575195663394
10586,-4.214192319954653,0.3469228238143828
10587,-5.309649098597507,0.3468881315320013
10588,-5.937816767186835,0.3468534427188481
10589,-5.517463026667452,0.34681875737457624
10590,-4.6345247940904155,0.3467840754988388
10591,-6.985036853252369,0.3467493970912889
10592,-6.086982288202831,0.3467147221515798
10593,-9.298979157133262,0.34668005067936464
10594,-6.950531159306431,0.34664538267429673
10595,-5.205992258537357,0.3466107181360293
10596,-7.4591303931206365,0.3465760570642157
10597,-5.522828504402288,0.34654139945850926
10598,-5.8744740791763626,0.3465067453185634
10599,-7.79120782672949,0.34647209464403156
10600,-5.541985001643294,0.34643744743456717
10601,-7.624393843255043,0.34640280368982374
10602,-9.367950720015973,0.34636816340945475
10603,-10.307377257849003,0.34633352659311384
10604,-6.370658814408207,0.34629889324045454
10605,-3.658804293668362,0.3462642633511305
10606,-3.4909066834869695,0.34622963692479536
10607,-5.387269483133044,0.34619501396110286
10608,-4.484738329942269,0.34616039445970676
10609,-4.282388173736726,0.34612577842026077
10610,-4.27545234370017,0.3460911658424187
10611,-7.103871043578332,0.34605655672583446
10612,-7.226682358140942,0.34602195107016187
10613,-7.8955873444017906,0.34598734887505483
10614,-6.362506526855933,0.34595275014016735
10615,-9.404523105686826,0.3459181548651533
10616,-8.751937038821822,0.34588356304966683
10617,-7.526928952061542,0.34584897469336184
10618,-8.77113390437885,0.3458143897958925
10619,-8.581591731401575,0.3457798083569129
10620,-4.682866094162917,0.34574523037607724
10621,-4.643400895825593,0.3457106558530396
10622,-2.21925935320852,0.3456760847874543
10623,-2.846236589545865,0.34564151717897557
10624,-2.3800074764065338,0.3456069530272577
10625,-5.094109215884568,0.34557239233195497
10626,-2.613724235005398,0.3455378350927218
10627,-3.8992908469395022,0.34550328130921254
10628,-7.366912779935557,0.3454687309810816
10629,-4.589790257087643,0.3454341841079835
10630,-2.632855163283066,0.3453996406895727
10631,-2.086280141446144,0.34536510072550375
10632,-6.101311814400637,0.3453305642154312
10633,-3.0214879042811074,0.34529603115900964
10634,-3.882691137413198,0.34526150155589375
10635,-1.9800023957741426,0.34522697540573816
10636,-2.391750823055173,0.3451924527081976
10637,-1.7908685690942239,0.3451579334629268
10638,-1.7548675830618494,0.3451234176695805
10639,-5.409618690585146,0.34508890532781356
10640,-6.610359848697877,0.34505439643728075
10641,-5.744133008330118,0.345019890997637
10642,-5.171285237178869,0.34498538900853726
10643,-5.8460682768264665,0.3449508904696364
10644,-2.2291261036792553,0.34491639538058944
10645,-4.853315828677692,0.3448819037410514
10646,-6.135948275732744,0.34484741555067727
10647,-3.7352585402897303,0.34481293080912223
10648,-3.141983621793935,0.3447784495160413
10649,-3.7103790796093596,0.3447439716710897
10650,-2.3413199270848524,0.34470949727392264
10651,-6.988823411778328,0.3446750263241953
10652,-4.764922342989154,0.34464055882156286
10653,-7.205937096499012,0.3446060947656807
10654,-6.455613903041819,0.3445716341562042
10655,-7.023422619074896,0.3445371769927886
10656,-3.0482381632028095,0.3445027232750893
10657,-5.750730801736221,0.3444682730027618
10658,-2.004762288254365,0.34443382617546153
10659,-5.756631482660208,0.344399382792844
10660,-3.076603964848095,0.3443649428545647
10661,-4.760270089324581,0.34433050636027923
10662,-5.315044029692365,0.3442960733096432
10663,-5.327363893311123,0.3442616437023122
10664,-2.2578274373428715,0.344227217537942
10665,-2.5497129230968234,0.3441927948161882
10666,-4.559631279444304,0.3441583755367066
10667,-5.503737736003536,0.34412395969915294
10668,-5.316482061015998,0.34408954730318303
10669,-4.755253470019058,0.3440551383484527
10670,-6.372197188274146,0.34402073283461787
10671,-1.7460848587655438,0.3439863307613344
10672,-4.0250456312789185,0.34395193212825825
10673,-2.8560313303737983,0.34391753693504545
10674,-6.27839061508239,0.34388314518135193
10675,-6.408772094369759,0.3438487568668338
10676,-5.405012921039398,0.3438143719911471
10677,-4.545600497209204,0.343779990553948
10678,-6.412247428618592,0.3437456125548926
10679,-4.3802566341708085,0.3437112379936371
10680,-6.041239476194916,0.3436768668698378
10681,-3.8661968514693217,0.3436424991831508
10682,-3.6993585741391777,0.3436081349332325
10683,-3.221155011966631,0.34357377411973916
10684,-7.519262376966145,0.3435394167423272
10685,-4.684680762054381,0.34350506280065296
10686,-2.6029369857623297,0.3434707122943729
10687,-6.143133153073024,0.34343636522314347
10688,-3.8407131410749815,0.34340202158662114
10689,-4.535411554244161,0.3433676813844625
10690,-5.790686989587122,0.34333334461632403
10691,-6.933591947816252,0.3432990112818624
10692,-5.999679933565066,0.34326468138073424
10693,-3.181613602393987,0.3432303549125962
10694,-5.682138719515061,0.3431960318771049
10695,-7.247283659819715,0.3431617122739172
10696,-5.423295374142313,0.3431273961026898
10697,-2.180892090287735,0.34309308336307953
10698,-4.480816233072196,0.3430587740547432
10699,-8.185841211370374,0.3430244681773377
10700,-7.443163847407098,0.34299016573052
10701,-5.5304526912195495,0.34295586671394696
10702,-8.705810737536614,0.34292157112727556
10703,-8.043554514307278,0.34288727897016286
10704,-2.3275863556803356,0.34285299024226584
10705,-8.100297621551329,0.3428187049432416
10706,-6.096154655954028,0.3427844230727473
10707,-5.972093405163015,0.34275014463044007
10708,-6.205821253707599,0.34271586961597705
10709,-2.0886739174427427,0.34268159802901543
10710,-4.600170833712578,0.34264732986921254
10711,-6.258458409709435,0.34261306513622564
10712,-6.348984950332859,0.342578803829712
10713,-5.3414087659783505,0.34254454594932904
10714,-8.053323288523337,0.3425102914947341
10715,-7.708458339220382,0.34247604046558466
10716,-7.6043313930175955,0.3424417928615381
10717,-5.7676321635109975,0.3424075486822519
10718,-2.4099754612914746,0.3423733079273837
10719,-5.117129858220008,0.34233907059659097
10720,-2.563300767895897,0.3423048366895313
10721,-3.752633416300366,0.34227060620586236
10722,-7.6240855054977335,0.3422363791452418
10723,-4.974573755773506,0.3422021555073273
10724,-3.2557285345998173,0.3421679352917766
10725,-4.656609258093404,0.3421337184982474
10726,-4.989418895093183,0.3420995051263976
10727,-2.8869391928148875,0.34206529517588496
10728,-1.8090584639238823,0.3420310886463674
10729,-3.5927807028337204,0.34199688553750274
10730,-8.11918967476628,0.341962685848949
10731,-3.848243480318457,0.3419284895803641
10732,-2.549547309091986,0.34189429673140603
10733,-5.428903298904288,0.3418601073017329
10734,-3.823236735516935,0.3418259212910027
10735,-5.097920893041451,0.3417917386988736
10736,-3.618686019338607,0.3417575595250037
10737,-3.627624062106366,0.3417233837690512
10738,-6.52619685554211,0.3416892114306743
10739,-6.309155364004879,0.34165504250953127
10740,-6.157996446604634,0.3416208770052803
10741,-6.949951953843119,0.3415867149175798
10742,-4.297017438158752,0.34155255624608805
10743,-5.593210823881071,0.34151840099046343
10744,-5.7495250899350845,0.3414842491503644
10745,-5.61802402473592,0.34145010072544935
10746,-2.1862379419842664,0.3414159557153768
10747,-5.7272903832643856,0.3413818141198053
10748,-2.2668569935511016,0.3413476759383933
10749,-5.693092195506946,0.3413135411707995
10750,-2.9820471300803426,0.3412794098166824
10751,-4.034994422966276,0.34124528187570075
10752,-2.074409017975345,0.34121115734751317
10753,-7.1883623681954285,0.3411770362317784
10754,-7.697624782546524,0.34114291852815526
10755,-7.368383969682034,0.34110880423630247
10756,-4.005581914019942,0.34107469335587887
10757,-2.219801320830648,0.3410405858865433
10758,-8.444668791130406,0.3410064818279546
10759,-6.881800271816048,0.34097238117977186
10760,-8.256899562777866,0.3409382839416539
10761,-9.062224624970355,0.34090419011325973
10762,-6.195777644375345,0.3408700996942484
10763,-7.54545343733733,0.340836012684279
10764,-9.421313419713544,0.34080192908301055
10765,-7.832327532335184,0.34076784889010225
10766,-7.111192657945253,0.3407337721052133
10767,-2.2395409882706043,0.34069969872800276
10768,-9.194633297279548,0.34066562875812995
10769,-8.89284420294706,0.34063156219525415
10770,-7.533004114568356,0.34059749903903463
10771,-6.032967874870559,0.34056343928913074
10772,-6.383349148234409,0.34052938294520185
10773,-6.024566371507595,0.34049533000690735
10774,-6.251851632593215,0.34046128047390667
10775,-7.449163324950034,0.3404272343458593
10776,-4.01989289694737,0.3403931916224247
10777,-4.036856055292365,0.34035915230326247
10778,-4.224412325524529,0.34032511638803215
10779,-4.253480403178141,0.34029108387639334
10780,-8.479992239161973,0.3402570547680057
10781,-5.030982498032197,0.34022302906252894
10782,-5.008885801044276,0.3401890067596227
10783,-6.721746763103681,0.34015498785894677
10784,-5.981644990257078,0.34012097236016087
10785,-6.341690171332679,0.34008696026292484
10786,-6.500913001719727,0.3400529515668986
10787,-9.884241779549225,0.3400189462717419
10788,-4.388074863259789,0.33998494437711474
10789,-6.175711932353647,0.33995094588267705
10790,-8.059318298798788,0.33991695078808876
10791,-7.604141959877234,0.33988295909301
10792,-6.053934069431462,0.3398489707971007
10793,-5.158914680102065,0.33981498590002096
10794,-5.1969443951966605,0.33978100440143094
10795,-5.477495206875679,0.3397470263009908
10796,-10.290887962580642,0.3397130515983607
10797,-6.76512726828567,0.3396790802932009
10798,-8.985712839252308,0.33964511238517153
10799,-7.924043583174346,0.33961114787393304
10800,-4.25691890020381,0.33957718675914567
10801,-6.138239417754037,0.33954322904046974
10802,-5.159993216627748,0.3395092747175657
10803,-8.532189738649503,0.33947532379009393
10804,-7.212927220717685,0.3394413762577149
10805,-6.86161389194498,0.33940743212008917
10806,-7.357917196178533,0.33937349137687717
10807,-7.559828146308725,0.33933955402773947
10808,-6.9470189801967015,0.3393056200723367
10809,-7.508365119513884,0.3392716895103295
10810,-6.810431885296778,0.3392377623413785
10811,-7.246723109096311,0.33920383856514436
10812,-7.297058199366879,0.33916991818128783
10813,-6.503211469551353,0.3391360011894697
10814,-4.558843942039492,0.33910208758935073
10815,-9.054273058379248,0.3390681773805918
10816,-6.2574119525211245,0.33903427056285373
10817,-5.19166707511094,0.33900036713579745
10818,-6.044483819102651,0.3389664670990839
10819,-3.752633416300366,0.338932570452374
10820,-9.863221583484403,0.3388986771953288
10821,-7.783032062243141,0.3388647873276093
10822,-2.8378630533557816,0.3388309008488765
10823,-6.829677270963429,0.3387970177587916
10824,-5.233249523521396,0.33876313805701574
10825,-2.8050792134868905,0.33872926174321005
10826,-5.056277966865651,0.33869538881703576
10827,-3.5927807028337204,0.3386615192781541
10828,-5.706007990981418,0.3386276531262263
10829,-5.2756601078933745,0.33859379036091364
10830,-3.081731116223377,0.33855993098187753
10831,-2.7838922423890775,0.33852607498877935
10832,-4.146893467153823,0.33849222238128046
10833,-4.3614258883582515,0.3384583731590423
10834,-3.8976714338060074,0.3384245273217264
10835,-5.976827679451303,0.3383906848689942
10836,-5.627826030480385,0.3383568458005073
10837,-6.309155364004879,0.33832301011592725
10838,-5.016695957152987,0.33828917781491563
10839,-6.0539035837478465,0.33825534889713416
10840,-5.669414361274214,0.3382215233622444
10841,-5.6063629802048744,0.3381877012099082
10842,-6.249436077046058,0.3381538824397872
10843,-5.274718753566255,0.33812006705154324
10844,-8.496095555551786,0.3380862550448381
10845,-3.476413375357038,0.3380524464193336
10846,-2.2668569935511016,0.33801864117469166
10847,-5.709243188470085,0.3379848393105742
10848,-4.960711416796984,0.3379510408266432
10849,-6.462699033308743,0.33791724572256054
10850,-5.128670306866021,0.3378834539979883
10851,-7.014821728325991,0.3378496656525885
10852,-2.332399683074743,0.33781588068602325
10853,-2.8102968809406397,0.33778209909795465
10854,-8.098518501887565,0.33774832088804485
10855,-5.0768829584555615,0.3377145460559561
10856,-7.891913172469889,0.3376807746013505
10857,-5.789302106594593,0.33764700652389035
10858,-6.1876776937347415,0.337613241823238
10859,-2.230109215888278,0.3375794804990557
10860,-10.099372505869153,0.3375457225510058
10861,-9.721747726829054,0.3375119679787507
10862,-4.323466093710965,0.33747821678195283
10863,-7.901773093031731,0.33744446896027464
10864,-3.1220299938726654,0.3374107245133786
10865,-4.27520007685651,0.33737698344092726
10866,-5.834791021968863,0.3373432457425832
10867,-2.255353013209908,0.3373095114180089
10868,-5.674289861784457,0.3372757804668671
10869,-8.400149027042442,0.3372420528888204
10870,-4.070386927739404,0.33720832868353157
10871,-7.937416634171088,0.3371746078506632
10872,-5.9686297742860015,0.33714089038987816
10873,-5.50712122591964,0.3371071763008392
10874,-3.46740397266682,0.3370734655832091
10875,-3.4577541744938687,0.3370397582366508
10876,-7.230382869754476,0.33700605426082714
10877,-4.237317962465306,0.33697235365540107
10878,-7.068198496483783,0.3369386564200355
10879,-4.218340618813146,0.3369049625543935
10880,-4.3128855821787475,0.33687127205813805
10881,-7.484022159043501,0.33683758493093224
10882,-7.72717593669832,0.33680390117243914
10883,-8.508118610166385,0.3367702207823219
10884,-6.635055317115361,0.33673654376024365
10885,-8.250139880886929,0.33670287010586764
10886,-4.392115473437997,0.33666919981885707
10887,-5.590138902576099,0.3366355328988752
10888,-5.626880472959936,0.33660186934558534
10889,-5.975603799221873,0.33656820915865077
10890,-6.687666242093486,0.3365345523377349
10891,-4.218462849006949,0.3365008988825011
10892,-7.372532978152684,0.33646724879261286
10893,-7.059418119786555,0.3364336020677336
10894,-8.757569320260233,0.3363999587075268
10895,-4.458891714601255,0.33636631871165606
10896,-5.256358099473182,0.3363326820797849
10897,-5.181468704948386,0.3362990488115769
10898,-5.357685624003924,0.33626541890669576
10899,-6.768134838559015,0.3362317923648051
10900,-7.055213767976012,0.3361981691855686
10901,-4.448683676002242,0.33616454936865003
10902,-4.214641384719025,0.33613093291371315
10903,-6.601522359145346,0.3360973198204218
10904,-7.167601132228122,0.33606371008843977
10905,-8.219348374175357,0.3360301037174309
10906,-7.691181169186912,0.33599650070705916
10907,-8.660484264826506,0.33596290105698845
10908,-7.568566678958848,0.33592930476688276
10909,-4.98812169772966,0.3358957118364061
10910,-4.288319952278006,0.33586212226522244
10911,-8.322694870104444,0.3358285360529959
10912,-4.558843942039492,0.3357949531993906
10913,-9.212142881818455,0.33576137370407066
10914,-3.595659885214157,0.33572779756670024
10915,-7.514105352446592,0.33569422478694355
10916,-2.0908628265025464,0.3356606553644649
10917,-7.174380692277574,0.3356270892989284
10918,-2.929017132275372,0.3355935265899985
10919,-2.597903711953345,0.33555996723733955
10920,-5.63622782606089,0.33552641124061583
10921,-6.446749110781723,0.3354928585994918
10922,-6.981467470788667,0.3354593093136318
10923,-2.7288441312126466,0.33542576338270047
10924,-2.2439715399958247,0.3353922208063622
10925,-6.625885660002501,0.33535868158428156
10926,-6.438239675062605,0.33532514571612315
10927,-4.284130995331504,0.33529161320155154
10928,-7.824178167933317,0.3352580840402314
10929,-6.492491375893643,0.33522455823182734
10930,-4.0255357435142765,0.3351910357760042
10931,-8.91671724712076,0.3351575166724266
10932,-5.323935200423796,0.3351240009207594
10933,-2.4637745958089834,0.3350904885206673
10934,-3.2078926461955835,0.33505697947181523
10935,-6.770151008273196,0.33502347377386804
10936,-5.141560797752909,0.3349899714264907
10937,-6.7711380744281975,0.334956472429348
10938,-6.694912902732932,0.3349229767821051
10939,-6.0766555013289985,0.3348894844844269
10940,-5.171919886476048,0.33485599553597845
10941,-7.113578777042015,0.3348225099364249
10942,-7.658741115953899,0.33478902768543123
10943,-6.019195955774794,0.33475554878266267
10944,-3.105180102619425,0.3347220732277844
10945,-7.556066305495538,0.33468860102046166
10946,-4.70809996440447,0.33465513216035964
10947,-5.729289589456354,0.3346216666471436
10948,-4.341850527713154,0.3345882044804789
10949,-5.5304630539205615,0.33455474566003085
10950,-3.585987364968308,0.33452129018546484
10951,-7.465999385980739,0.3344878380564463
10952,-6.456705845541691,0.33445438927264065
10953,-5.469419051113121,0.3344209438337134
10954,-6.280899628075677,0.33438750173933
10955,-8.207225819234287,0.3343540629891561
10956,-7.759196263629397,0.3343206275828572
10957,-6.673948780000862,0.3342871955200989
10958,-9.577353071642737,0.33425376680054686
10959,-7.06905887743682,0.3342203414238668
10960,-9.429294167654472,0.33418691938972445
10961,-5.371184700887712,0.3341535006977855
10962,-7.000329910447013,0.3341200853477157
10963,-2.9799889083831586,0.3340866733391809
10964,-6.690542888952738,0.334053264671847
10965,-7.636278603376241,0.3340198593453798
10966,-7.244830061460773,0.33398645735944527
10967,-3.8099577441173427,0.33395305871370934
10968,-1.9142369157206247,0.33391966340783796
10969,-7.321166182037981,0.3338862714414972
10970,-10.116161956266332,0.33385288281435305
10971,-8.742443165355489,0.3338194975260716
10972,-10.021269756333064,0.333786115576319
10973,-3.3934001730210555,0.3337527369647614
10974,-5.219935705035528,0.3337193616910649
10975,-4.901715201803444,0.33368598975489583
10976,-5.025043088918118,0.33365262115592037
10977,-5.394045213953412,0.33361925589380476
10978,-4.909142160508413,0.33358589396821536
10979,-6.4782299572113295,0.33355253537881857
10980,-9.654414397596117,0.3335191801252807
10981,-4.397143178969594,0.3334858282072682
10982,-3.980417672109444,0.33345247962444746
10983,-4.528832731353026,0.333419134376485
10984,-3.6611960448733116,0.3333857924630474
10985,-7.143145008493958,0.3333524538838011
10986,-4.84036358036391,0.3333191186384127
10987,-4.445699489211542,0.33328578672654885
10988,-4.470173964369258,0.3332524581478762
10989,-3.587348560812943,0.3332191329020614
10990,-5.466330680299108,0.3331858109887712
10991,-3.662742635742771,0.3331524924076723
10992,-3.516664264498896,0.33311917715843153
10993,-5.960708316380702,0.3330858652407157
10994,-5.281883831793214,0.33305255665419164
10995,-4.022323919264609,0.33301925139852623
10996,-5.800778260674072,0.3329859494733864
10997,-5.340583806936823,0.33295265087843906
10998,-7.426597596013433,0.33291935561335123
10999,-6.874702455886184,0.3328860636777899
11000,-7.99929339771794,0.33285277507142214
11001,-3.833863689633472,0.332819489793915
11002,-5.799130483764715,0.3327862078449356
11003,-8.084013925311076,0.3327529292241511
11004,-6.460537478581799,0.3327196539312287
11005,-6.490214029489167,0.3326863819658356
11006,-5.9058731128982975,0.332653113327639
11007,-5.480767793776708,0.3326198480163063
11008,-5.3718087020204095,0.33258658603150465
11009,-8.814785675113102,0.3325533273729015
11010,-5.078290732299288,0.3325200720401642
11011,-4.94804806429661,0.3324868200329602
11012,-2.0449587797797513,0.33245357135095693
11013,-2.744929079790009,0.3324203259938218
11014,-2.551859659630409,0.33238708396122246
11015,-2.093992079319632,0.33235384525282635
11016,-2.608645592863481,0.3323206098683011
11017,-2.658016534457173,0.33228737780731427
11018,-2.8987519349464974,0.33225414906953354
11019,-5.406045114182931,0.3322209236546266
11020,-5.749503339272623,0.33218770156226113
11021,-2.810224607132681,0.3321544827921049
11022,-6.469355076922122,0.3321212673438257
11023,-3.4624127668870255,0.3320880552170913
11024,-6.116146035843992,0.33205484641156957
11025,-6.807442327651567,0.33202164092692843
11026,-5.621619884875555,0.33198843876283574
11027,-6.214705275061954,0.3319552399189595
11028,-6.52914523705353,0.3319220443949676
11029,-6.680108554495371,0.3318888521905281
11030,-6.526213331447265,0.3318556633053091
11031,-3.469183958474415,0.33182247773897855
11032,-5.401758783669683,0.33178929549120467
11033,-6.282417582592919,0.33175611656165555
11034,-4.697968408890769,0.3317229409499994
11035,-6.893681496471919,0.3316897686559044
11036,-8.868443775773558,0.3316565996790388
11037,-3.9136135683899456,0.3316234340190709
11038,-5.113599124813734,0.331590271675669
11039,-2.093106579705734,0.33155711264850146
11040,-3.8719648630635675,0.33152395693723663
11041,-3.8599762773923505,0.3314908045415429
11042,-5.870761620687051,0.33145765546108874
11043,-6.165858786112994,0.33142450969554266
11044,-4.681045909604482,0.33139136724457313
11045,-3.0785620545485974,0.33135822810784865
11046,-4.276490738697588,0.33132509228503787
11047,-2.800993838065721,0.3312919597758094
11048,-5.543699399552476,0.3312588305798318
11049,-7.102601837356117,0.3312257046967738
11050,-7.442828515461256,0.33119258212630415
11051,-2.126756225031066,0.3311594628680915
11052,-5.72666862631568,0.3311263469218047
11053,-7.535034537279955,0.3310932342871125
11054,-5.417422888522566,0.3310601249636838
11055,-4.814813051314733,0.33102701895118747
11056,-7.482854609993989,0.33099391624929236
11057,-4.870215049656087,0.33096081685766743
11058,-5.909040415266059,0.33092772077598165
11059,-7.751605391173381,0.33089462800390407
11060,-5.519922238264913,0.3308615385411037
11061,-6.492260669136761,0.33082845238724956
11062,-3.921966294952042,0.33079536954201083
11063,-8.488792902482455,0.33076229000505664
11064,-6.468278186436176,0.33072921377605613
11065,-5.839994632749963,0.3306961408546785
11066,-4.720915252400941,0.3306630712405931
11067,-5.794548272562226,0.330630004933469
11068,-6.352536080524315,0.3305969419329757
11069,-4.610598940359221,0.33056388223878236
11070,-4.565045274056098,0.3305308258505585
11071,-6.957081900567264,0.33049777276797343
11072,-8.404898440639823,0.3304647229906966
11073,-6.125819993058689,0.33043167651839755
11074,-6.203896312009233,0.3303986333507457
11075,-5.555154971252816,0.3303655934874106
11076,-5.555426276680168,0.3303325569280619
11077,-6.84359617615564,0.3302995236723691
11078,-8.029066340451568,0.33026649372000183
11079,-9.185508297578762,0.33023346707062984
11080,-9.071602882973156,0.33020044372392277
11081,-6.663433619477047,0.3301674236795504
11082,-5.773532244770475,0.33013440693718243
11083,-4.7654691270165355,0.3301013934964887
11084,-4.6296020968185605,0.33006838335713906
11085,-8.13604092259433,0.3300353765188033
11086,-6.861431036185718,0.3300023729811514
11087,-4.45684523377716,0.3299693727438533
11088,-8.132856046334954,0.3299363758065789
11089,-8.923573984611803,0.3299033821689983
11090,-4.803661917179495,0.3298703918307814
11091,-7.0618560081302135,0.3298374047915983
11092,-4.283524922258289,0.3298044210511191
11093,-5.920692527052722,0.32977144060901403
11094,-6.629381260847129,0.3297384634649531
11095,-6.532653444648933,0.32970548961860663
11096,-9.902737101773706,0.3296725190696448
11097,-6.039843860409943,0.32963955181773785
11098,-5.034758869757962,0.3296065878625561
11099,-5.957678512704563,0.3295736272037698
11100,-8.362823377204027,0.32954066984104946
11101,-9.174611204554918,0.32950771577406535
11102,-7.705434486776815,0.32947476500248796
11103,-8.646036693487689,0.3294418175259877
11104,-6.178377094033737,0.32940887334423513
11105,-9.24499136810234,0.3293759324569007
11106,-7.10334947866544,0.32934299486365504
11107,-10.094552831116822,0.32931006056416867
11108,-1.8846305242650905,0.3292771295581123
11109,-6.4011351090951845,0.32924420184515646
11110,-5.685654052435979,0.32921127742497197
11111,-3.8054322271384704,0.32917835629722947
11112,-5.883360796834021,0.32914543846159977
11113,-5.053906936147805,0.32911252391775364
11114,-4.017823218841779,0.32907961266536184
11115,-5.689193725590565,0.3290467047040953
11116,-7.21926926445379,0.3290138000336249
11117,-5.78961101407406,0.32898089865362157
11118,-7.102724580992274,0.3289480005637562
11119,-5.293653511998817,0.32891510576369987
11120,-6.032247279461842,0.3288822142531235
11121,-2.6947866800276112,0.32884932603169814
11122,-5.32417386709232,0.32881644109909497
11123,-4.158750969429109,0.32878355945498505
11124,-6.511871376102442,0.32875068109903954
11125,-5.0818662653348285,0.32871780603092965
11126,-4.7507641364332205,0.3286849342503266
11127,-6.888862488018555,0.32865206575690153
11128,-5.156196113922775,0.32861920055032584
11129,-5.410137830890706,0.3285863386302708
11130,-6.025470397444245,0.32855347999640777
11131,-3.5481650462226018,0.32852062464840814
11132,-6.031815596646333,0.3284877725859433
11133,-6.966119156888132,0.32845492380868474
11134,-6.008890621947163,0.3284220783163039
11135,-6.040325991802285,0.32838923610847226
11136,-7.397169215379366,0.3283563971848614
11137,-6.1524943268525245,0.3283235615451429
11138,-4.065206022638884,0.3282907291889884
11139,-1.994560464637513,0.3282579001160695
11140,-6.981730961485547,0.32822507432605785
11141,-4.674134807089401,0.32819225181862527
11142,-5.012828864437826,0.32815943259344343
11143,-6.298428682676926,0.3281266166501841
11144,-3.1590603618877786,0.3280938039885191
11145,-8.316403046402028,0.32806099460812027
11146,-7.0150948032155975,0.32802818850865945
11147,-3.1733677149020045,0.32799538568980857
11148,-2.575581560082451,0.3279625861512396
11149,-6.852694350405855,0.32792978989262445
11150,-7.245511926871423,0.32789699691363516
11151,-7.125599588383585,0.3278642072139438
11152,-6.080519741956962,0.3278314207932224
11153,-9.568889294350965,0.3277986376511431
11154,-4.4599716468077375,0.327765857787378
11155,-4.760909724151478,0.3277330812015993
11156,-6.1218450863051,0.3277003078934791
11157,-6.148857974887826,0.32766753786268976
11158,-3.3170785300987347,0.3276347711089035
11159,-7.236586117849369,0.3276020076317926
11160,-6.807068575657704,0.32756924743102944
11161,-4.537021598435607,0.32753649050628636
11162,-6.167383801458816,0.3275037368572357
11163,-7.139907223529912,0.32747098648355
11164,-7.128262291036375,0.32743823938490163
11165,-4.4646564552360815,0.32740549556096316
11166,-6.028122271712135,0.32737275501140706
11167,-4.8619232602198466,0.32734001773590593
11168,-6.256918666914876,0.32730728373413237
11169,-2.6339639991009767,0.327274553005759
11170,-6.357222027625941,0.3272418255504584
11171,-8.85716989870237,0.3272091013679033
11172,-2.647520603897109,0.32717638045776654
11173,-2.6680813250731577,0.32714366281972074
11174,-7.36495548798697,0.32711094845343874
11175,-8.97629123212001,0.3270782373585934
11176,-6.425683952891156,0.32704552953485755
11177,-3.4316342660395316,0.3270128249819041
11178,-6.191961219178196,0.32698012369940593
11179,-8.613135694888122,0.326947425687036
11180,-7.2317224676573515,0.3269147309444673
11181,-4.516479319694689,0.3268820394713729
11182,-3.78623529694684,0.32684935126742576
11183,-7.649618632266511,0.326816666332299
11184,-9.064887582477226,0.32678398466566577
11185,-7.595498007132047,0.3267513062671992
11186,-4.770434217783184,0.3267186311365725
11187,-6.756105824899258,0.32668595927345884
11188,-8.417809416381406,0.3266532906775315
11189,-8.040066812749249,0.32662062534846376
11190,-4.609114600589087,0.32658796328592893
11191,-8.980713875365883,0.32655530448960035
11192,-6.925019461612035,0.3265226489591514
11193,-8.821130611974255,0.3264899966942555
11194,-5.465869777252539,0.32645734769458606
11195,-8.850626842450076,0.3264247019598166
11196,-8.39419298778971,0.32639205948962063
11197,-5.334696637023159,0.32635942028367165
11198,-6.4903948497086095,0.3263267843416433
11199,-8.349004362951574,0.32629415166320913
11200,-5.400806405300963,0.32626152224804283
11201,-3.6142787048456295,0.326228896095818
11202,-7.847561096515786,0.3261962732062084
11203,-3.648854095020859,0.3261636535788878
11204,-4.266775518423607,0.32613103721352993
11205,-6.936504363448173,0.3260984241098086
11206,-5.143077762502294,0.3260658142673976
11207,-2.9688995127013027,0.3260332076859709
11208,-3.67594193436988,0.3260006043652023
11209,-2.366344509874806,0.32596800430476575
11210,-6.339467426933403,0.32593540750433525
11211,-2.4601057974103995,0.32590281396358484
11212,-3.08350093986754,0.3258702236821885
11213,-6.950718656437499,0.3258376366598203
11214,-6.626052079752011,0.3258050528961543
11215,-8.45434479044641,0.3257724723908647
11216,-3.4620287243755685,0.3257398951436256
11217,-7.463478208903838,0.3257073211541113
11218,-7.275223204697127,0.32567475042199584
11219,-7.574262959720526,0.32564218294695363
11220,-6.081688264868276,0.32560961872865896
11221,-2.344804665382134,0.3255770577667861
11222,-3.9803476452958195,0.32554450006100943
11223,-3.9011181704589672,0.32551194561100333
11224,-2.1592729491496976,0.32547939441644225
11225,-2.27986950207454,0.3254468464770006
11226,-5.7647674090050955,0.3254143017923529
11227,-6.840397150895921,0.3253817603621737
11228,-3.3510239712325967,0.3253492221861375
11229,-4.860332787298926,0.3253166872639189
11230,-3.067433508741578,0.32528415559519247
11231,-6.834860653976115,0.32525162717963296
11232,-6.880735092293147,0.325219102016915
11233,-6.7752167166888,0.3251865801067133
11234,-6.0483075430615445,0.3251540614487026
11235,-6.486031588950988,0.3251215460425578
11236,-3.129004201409093,0.3250890338879535
11237,-6.5002522385147135,0.3250565249845647
11238,-6.403659889936801,0.32502401933206626
11239,-5.040726336078039,0.32499151693013306
11240,-5.327295219796293,0.32495901777844005
11241,-2.552232435384399,0.3249265218766622
11242,-4.105297372175406,0.3248940292244745
11243,-5.555693013663661,0.3248615398215521
11244,-6.8776652933082865,0.3248290536675699
11245,-6.086774822024232,0.3247965707622032
11246,-4.449999767704289,0.324764091105127
11247,-5.60968574580094,0.32473161469601647
11248,-7.924687823548089,0.3246991415345469
11249,-2.608255855706296,0.3246666716203934
11250,-4.7890070754095335,0.32463420495323136
11251,-5.173683632091604,0.324601741532736
11252,-3.0171997056499817,0.32456928135858276
11253,-2.984215757577971,0.3245368244304469
11254,-7.568008128568137,0.32450437074800387
11255,-5.31264036812544,0.3244719203109291
11256,-7.069750196540995,0.324439473118898
11257,-6.488717813048046,0.3244070291715861
11258,-5.452487665681565,0.32437458846866896
11259,-4.783389521093479,0.3243421510098221
11260,-6.446610767731226,0.32430971679472115
11261,-5.708715944464952,0.32427728582304166
11262,-6.16943455934902,0.32424485809445935
11263,-5.397171749646421,0.32421243360864993
11264,-5.192122690755401,0.3241800123652891
11265,-2.77564912421641,0.32414759436405255
11266,-1.9803049181903474,0.32411517960461617
11267,-4.795043471314449,0.3240827680866557
11268,-7.4521101660660225,0.32405035980984703
11269,-4.887930531133588,0.3240179547738661
11270,-6.631151439323447,0.3239855529783887
11271,-6.181005751638306,0.32395315442309086
11272,-7.193919529881621,0.32392075910764856
11273,-2.4909481539793044,0.3238883670317378
11274,-7.275528028038935,0.32385597819503464
11275,-6.881117722137129,0.32382359259721516
11276,-2.77419911008795,0.32379121023795543
11277,-5.286697121371561,0.32375883111693166
11278,-5.915347290187775,0.32372645523382
11279,-6.715271220091109,0.3236940825882966
11280,-4.061053439625548,0.3236617131800378
11281,-2.7941955189598278,0.32362934700871976
11282,-7.292053101003974,0.3235969840740189
11283,-6.370096249264577,0.32356462437561145
11284,-6.425973062429174,0.3235322679131739
11285,-7.967644122815969,0.3234999146863826
11286,-4.243652454899999,0.323467564694914
11287,-5.075547133093594,0.3234352179384445
11288,-6.828685464457527,0.32340287441665067
11289,-4.675785289586106,0.323370534129209
11290,-4.254651372502494,0.3233381970757961
11291,-7.797692003697741,0.3233058632560885
11292,-7.005916946988355,0.3232735326697629
11293,-10.903151237007615,0.3232412053164959
11294,-8.115569700049855,0.32320888119596425
11295,-4.103111086949678,0.32317656030784464
11296,-4.978789782754818,0.32314424265181385
11297,-6.7322688429409805,0.3231119282275487
11298,-3.3565940069803464,0.32307961703472593
11299,-8.233092027903428,0.3230473090730225
11300,-8.895553427407389,0.32301500434211516
11301,-6.9745013331567876,0.32298270284168096
11302,-2.635488225531553,0.3229504045713968
11303,-4.28942840037905,0.32291810953093963
11304,-5.434384138955153,0.32288581771998653
11305,-4.530420936924008,0.3228535291382145
11306,-6.839584402727922,0.3228212437853007
11307,-3.1435927314797847,0.3227889616609222
11308,-6.623940046981639,0.3227566827647561
11309,-6.801227366180509,0.32272440709647965
11310,-4.903758127876094,0.32269213465577
11311,-5.424729546547571,0.32265986544230446
11312,-6.418918443211464,0.32262759945576025
11313,-3.045286721057639,0.3225953366958147
11314,-5.018998659231656,0.3225630771621451
11315,-4.477832749048331,0.3225308208544289
11316,-4.568007283083954,0.3224985677723435
11317,-7.229714911818418,0.32246631791556624
11318,-6.304062833727881,0.32243407128377466
11319,-9.021135416439428,0.3224018278766463
11320,-3.745856791440921,0.32236958769385865
11321,-5.3150403049922605,0.3223373507350893
11322,-6.391067969660154,0.3223051170000158
11323,-5.905016831021722,0.3222728864883158
11324,-5.107997053077698,0.322240659199667
11325,-6.459289540787231,0.32220843513374703
11326,-2.2138610826803404,0.32217621429023363
11327,-4.6290197488569325,0.3221439966688046
11328,-4.302841272767007,0.3221117822691377
11329,-4.646937646108392,0.3220795710909108
11330,-5.261534284868233,0.3220473631338017
11331,-6.509175065512039,0.32201515839748834
11332,-3.366581629771626,0.3219829568816486
11333,-2.463694973354008,0.3219507585859604
11334,-7.776976308186405,0.3219185635101018
11335,-5.521886444792527,0.3218863716537508
11336,-2.1337737677627806,0.3218541830165854
11337,-5.435114580614286,0.3218219975982838
11338,-6.393004870884749,0.32178981539852397
11339,-1.618089734085216,0.3217576364169841
11340,-1.7218863238113429,0.32172546065334245
11341,-3.4467313895470504,0.3216932881072771
11342,-1.8370466975887543,0.32166111877846637
11343,-6.673547034747259,0.32162895266658853
11344,-5.793389677643715,0.3215967897713219
11345,-5.605547126894383,0.32156463009234476
11346,-4.895210885310366,0.3215324736293355
11347,-3.4809563061800644,0.32150032038197257
11348,-5.428407334345383,0.32146817034993436
11349,-5.371878842941568,0.32143602353289935
11350,-6.349990229956898,0.3214038799305461
11351,-3.508460827795194,0.32137173954255305
11352,-5.313508423023967,0.3213396023685988
11353,-2.147854255656423,0.32130746840836194
11354,-2.3822405291837114,0.3212753376615211
11355,-3.63879659106107,0.321243210127755
11356,-3.7115374691959224,0.3212110858067422
11357,-2.0301514341309983,0.3211789646981615
11358,-6.2589983065484835,0.3211468468016917
11359,-7.7660010550883145,0.3211147321170115
11360,-6.472760411307315,0.32108262064379983
11361,-2.619365455512881,0.32105051238173543
11362,-7.36419465479879,0.32101840733049725
11363,-5.712369998426875,0.3209863054897642
11364,-2.8453141581923145,0.3209542068592152
11365,-3.7670729986584854,0.3209221114385293
11366,-5.5871933338841355,0.3208900192273854
11367,-2.5982667140668867,0.32085793022546266
11368,-6.818032947490472,0.3208258444324401
11369,-4.526150811381536,0.32079376184799685
11370,-3.7639297313354736,0.320761682471812
11371,-4.354886818334657,0.32072960630356484
11372,-6.004396516011182,0.3206975333429345
11373,-3.348996530693978,0.3206654635896002
11374,-2.82179838088092,0.32063339704324123
11375,-6.0104548379414355,0.3206013337035369
11376,-4.406840855015738,0.3205692735701665
11377,-3.1333464472374866,0.3205372166428095
11378,-4.354928418941316,0.3205051629211452
11379,-3.8967064410460552,0.3204731124048531
11380,-3.904429313221213,0.32044106509361264
11381,-2.2907414093871723,0.3204090209871033
11382,-6.857376190720793,0.3203769800850046
11383,-4.820890903738951,0.32034494238699607
11384,-2.833689342308566,0.32031290789275735
11385,-3.4595051163772395,0.3202808766019681
11386,-5.025126352872174,0.3202488485143079
11387,-7.686008471844134,0.32021682362945647
11388,-3.8271451831813037,0.32018480194709353
11389,-2.233072843261052,0.32015278346689885
11390,-3.9146801467879673,0.3201207681885522
11391,-2.883494639933143,0.3200887561117333
11392,-7.463404041256635,0.32005674723612215
11393,-3.3099571974567015,0.32002474156139854
11394,-6.5354910366837675,0.3199927390872424
11395,-7.730657873449093,0.31996073981333367
11396,-2.8510679144375812,0.3199287437393523
11397,-2.919205269265552,0.3198967508649784
11398,-7.072123088098711,0.3198647611898919
11399,-3.9205421648256804,0.3198327747137729
11400,-8.030562667977264,0.3198007914363015
11401,-3.79112941001046,0.3197688113571579
11402,-4.297978598771813,0.3197368344760222
11403,-1.995519375963414,0.3197048607925746
11404,-8.706931337254662,0.3196728903064953
11405,-6.921233102417611,0.31964092301746466
11406,-5.678459905452743,0.31960895892516294
11407,-7.015155516800053,0.3195769980292704
11408,-7.526223695727511,0.3195450403294675
11409,-5.598410467885284,0.3195130858254346
11410,-5.662667696624402,0.31948113451685206
11411,-7.069932003354916,0.31944918640340036
11412,-7.080531718120653,0.31941724148476003
11413,-4.423072127203753,0.31938529976061153
11414,-2.677645598978308,0.31935336123063546
11415,-6.683222843965302,0.3193214258945124
11416,-7.31643027269198,0.31928949375192295
11417,-8.968799004133764,0.31925756480254774
11418,-8.560655612356936,0.3192256390460675
11419,-2.9648510998363222,0.3191937164821629
11420,-5.913439293810492,0.3191617971105147
11421,-6.148717880257656,0.31912988093080363
11422,-6.03843099492355,0.31909796794271056
11423,-6.479996534233264,0.31906605814591626
11424,-6.736819812367397,0.3190341515401017
11425,-1.8928467339543193,0.31900224812494765
11426,-5.421504792846408,0.3189703479001352
11427,-2.9095484556910987,0.31893845086534517
11428,-4.2116761842861985,0.31890655702025866
11429,-4.866999576752977,0.31887466636455664
11430,-6.128015437588505,0.3188427788979202
11431,-6.82004404646097,0.31881089462003037
11432,-1.8473160899390972,0.31877901353056837
11433,-5.296911165477396,0.3187471356292153
11434,-5.920079301167042,0.3187152609156524
11435,-2.3313403585045553,0.3186833893895608
11436,-7.665361638834569,0.31865152105062183
11437,-7.066897647640763,0.31861965589851676
11438,-6.317569713096979,0.3185877939329269
11439,-6.101236713398676,0.31855593515353364
11440,-4.335036164377366,0.31852407956001827
11441,-4.523804396766898,0.31849222715206227
11442,-5.122609082251573,0.31846037792934706
11443,-5.883673865775586,0.3184285318915541
11444,-7.834103922825958,0.318396689038365
11445,-5.456950447611087,0.31836484936946113
11446,-6.176291515891659,0.3183330128845242
11447,-1.4614426088216403,0.3183011795832357
11448,-6.072711085652136,0.3182693494652774
11449,-4.724629903499437,0.3182375225303309
11450,-5.167201998108156,0.31820569877807786
11451,-6.092322050859596,0.31817387820820003
11452,-4.7075360156178006,0.3181420608203792
11453,-3.751593751398099,0.31811024661429715
11454,-2.0209473029025626,0.3180784355896357
11455,-3.7332742510470847,0.3180466277460768
11456,-2.002141570985278,0.3180148230833022
11457,-5.300263665372588,0.3179830216009939
11458,-6.766127649040101,0.3179512232988338
11459,-6.864105724140482,0.3179194281765039
11460,-4.918817954797527,0.31788763623368627
11461,-4.9669205741042495,0.3178558474700629
11462,-7.69069797246242,0.3178240618853159
11463,-2.5918639996263697,0.3177922794791274
11464,-9.873233218446305,0.3177605002511795
11465,-7.159871211607718,0.3177287242011544
11466,-5.015436894507243,0.31769695132873427
11467,-5.315995256656132,0.3176651816336014
11468,-2.1929916325935683,0.3176334151154381
11469,-7.824243621511791,0.3176016517739265
11470,-8.234390784616778,0.31756989160874916
11471,-7.4771006497711765,0.3175381346195883
11472,-3.882499455321449,0.31750638080612636
11473,-6.563347983939337,0.3174746301680458
11474,-6.31284648850959,0.31744288270502896
11475,-4.984004789560373,0.31741113841675844
11476,-5.876718564886902,0.31737939730291675
11477,-7.514120489887334,0.3173476593631865
11478,-6.6473478331330496,0.31731592459725017
11479,-4.406138531396467,0.31728419300479044
11480,-7.90514432433282,0.31725246458548995
11481,-6.213786746409922,0.3172207393390314
11482,-7.6286223129291795,0.31718901726509746
11483,-5.567863718989667,0.317157298363371
11484,-7.628156977387553,0.31712558263353463
11485,-4.285034541952429,0.3170938700752713
11486,-10.068624691649493,0.31706216068826376
11487,-9.461998548450326,0.3170304544721949
11488,-4.659041440271651,0.3169987514267477
11489,-5.672989869961324,0.31696705155160504
11490,-9.217439405965916,0.31693535484644986
11491,-4.974089553150531,0.3169036613109652
11492,-7.0677539684356905,0.3168719709448341
11493,-8.368839642325744,0.31684028374773965
11494,-7.424558221208091,0.31680859971936487
11495,-8.063519394342418,0.31677691885939296
11496,-5.651736070536355,0.316745241167507
11497,-5.538039480760046,0.3167135666433903
11498,-4.737490691059337,0.31668189528672597
11499,-7.722177525947238,0.3166502270971973
11500,-2.3837808170224877,0.3166185620744876
11501,-3.4340073060832608,0.3165869002182801
11502,-3.5969013725516183,0.3165552415282583
11503,-5.979213833745773,0.3165235860041055
11504,-2.9647579753431446,0.3164919336455051
11505,-5.078712429222016,0.31646028445214053
11506,-3.531637222105708,0.31642863842369534
11507,-4.340057669891646,0.31639699555985296
11508,-3.1652461490729937,0.31636535586029696
11509,-5.765682182065358,0.31633371932471094
11510,-6.410831988600133,0.3163020859527785
11511,-5.9385440232439715,0.3162704557441832
11512,-6.646978237512952,0.3162388286986088
11513,-2.992337848133697,0.31620720481573894
11514,-2.917828181831463,0.31617558409525737
11515,-4.704454320380675,0.31614396653684784
11516,-2.830064360540732,0.3161123521401942
11517,-2.262299159532964,0.3160807409049802
11518,-6.202402991327405,0.3160491328308897
11519,-5.361768124093942,0.3160175279176066
11520,-1.5552032061565313,0.31598592616481486
11521,-1.633354436665443,0.3159543275721984
11522,-5.019489546828391,0.31592273213944116
11523,-2.3087925414313477,0.31589113986622724
11524,-4.408801245082064,0.31585955075224065
11525,-2.524907383821254,0.3158279647971654
11526,-5.250755650208519,0.3157963820006857
11527,-2.7541230287714145,0.31576480236248566
11528,-3.052740740338609,0.3157332258822494
11529,-3.893478184009482,0.31570165255966115
11530,-2.000749295513892,0.3156700823944052
11531,-6.788707683018668,0.3156385153861658
11532,-7.114500655116325,0.31560695153462714
11533,-7.08211417768225,0.31557539083947367
11534,-3.804358245493458,0.3155438333003897
11535,-7.644575715993435,0.3155122789170597
11536,-6.18298825577798,0.31548072768916796
11537,-3.065218269421552,0.31544917961639907
11538,-5.155797644598222,0.3154176346984374
11539,-7.4554754330418405,0.31538609293496755
11540,-7.81561669167879,0.31535455432567405
11541,-7.591089797919073,0.3153230188702415
11542,-2.389415219005893,0.3152914865683545
11543,-3.7353107322415564,0.31525995741969765
11544,-4.247072985983256,0.3152284314239557
11545,-4.060012864857587,0.3151969085808133
11546,-2.106684221134303,0.3151653888899552
11547,-7.768846811796062,0.3151338723510662
11548,-6.38878481304584,0.3151023589638311
11549,-6.095492716916242,0.3150708487279347
11550,-7.381349873516946,0.3150393416430619
11551,-6.13635831654307,0.3150078377088976
11552,-5.80549877868319,0.3149763369251267
11553,-6.619429496554402,0.3149448392914342
11554,-5.383095851099979,0.31491334480750505
11555,-6.083222962961949,0.3148818534730243
11556,-5.359882303732611,0.31485036528767696
11557,-4.950102157414699,0.3148188802511482
11558,-6.620031344825625,0.3147873983631231
11559,-6.806490436928021,0.31475591962328675
11560,-5.94364513886738,0.31472444403132444
11561,-3.9670097528680293,0.31469297158692133
11562,-5.779672053664756,0.31466150228976264
11563,-8.230127341609908,0.31463003613953366
11564,-1.5282465142108288,0.3145985731359197
11565,-1.5315434590227142,0.31456711327860615
11566,-1.5312168806632442,0.3145356565672783
11567,-6.240834159951448,0.3145042030016216
11568,-1.5347076850031396,0.3144727525813214
11569,-1.5334202366519107,0.3144413053060633
11570,-5.645712460659626,0.3144098611755327
11571,-1.5428503163798486,0.31437842018941514
11572,-1.5405726676068212,0.3143469823473962
11573,-1.5340006283170318,0.3143155476491615
11574,-3.0431110722625103,0.31428411609439655
11575,-3.0465007794390635,0.31425268768278714
11576,-8.445679333790709,0.3142212624140189
11577,-4.28098814881906,0.31418984028777747
11578,-3.0513310185466263,0.3141584213037487
11579,-3.071205814176553,0.31412700546161837
11580,-6.835411300080335,0.3140955927610722
11581,-8.80401415699405,0.3140641832017961
11582,-3.073295080016173,0.3140327767834759
11583,-2.1542056419830202,0.31400137350579754
11584,-6.957819395236639,0.31396997336844695
11585,-5.209394296617813,0.3139385763711101
11586,-2.1466936370592684,0.313907182513473
11587,-2.149600747437927,0.3138757917952216
11588,-6.775687579438638,0.3138444042160421
11589,-4.6338580348341845,0.3138130197756205
11590,-4.060406254826294,0.31378163847364293
11591,-7.352269498970687,0.3137502603097956
11592,-6.207276823839205,0.3137188852837646
11593,-6.733545212843003,0.31368751339523626
11594,-5.605003198872062,0.31365614464389674
11595,-3.150691210159729,0.31362477902943237
11596,-2.3353592843204467,0.31359341655152945
11597,-2.2685439575662327,0.3135620572098743
11598,-5.507801516953329,0.3135307010041533
11599,-2.841929005051528,0.3134993479340529
11600,-5.531679384037878,0.31346799799925945
11601,-4.434805628576173,0.3134366511994595
11602,-4.686127755457877,0.3134053075343396
11603,-1.9527880955233994,0.31337396700358616
11604,-4.018856921063772,0.3133426296068858
11605,-2.124020623373424,0.3133112953439251
11606,-6.729359489154669,0.3132799642143907
11607,-4.02312859485247,0.3132486362179693
11608,-7.677234568585345,0.3132173113543475
11609,-2.2528109166525003,0.31318598962321204
11610,-2.853176311916192,0.3131546710242497
11611,-6.257055135479613,0.31312335555714726
11612,-6.6536077215079175,0.31309204322159156
11613,-4.868757248624638,0.3130607340172694
11614,-4.400969535887823,0.3130294279438677
11615,-6.621632051307902,0.31299812500107327
11616,-6.917545548649094,0.31296682518857316
11617,-4.253783769606577,0.31293552850605433
11618,-6.344420836593752,0.31290423495320374
11619,-4.428837745506002,0.31287294452970843
11620,-4.813747982004784,0.3128416572352555
11621,-2.8253196682027104,0.31281037306953197
11622,-2.123922136530344,0.31277909203222504
11623,-2.5945332810550497,0.31274781412302183
11624,-2.2872760504252945,0.31271653934160953
11625,-5.082146605475022,0.31268526768767535
11626,-6.104211431060468,0.3126539991609066
11627,-5.370935909256556,0.3126227337609905
11628,-5.498889315960346,0.3125914714876144
11629,-2.1643284461725973,0.31256021234046566
11630,-4.157555630118896,0.3125289563192316
11631,-4.430591852557958,0.31249770342359967
11632,-1.769397715403816,0.3124664536532573
11633,-5.550130068139131,0.312435207007892
11634,-3.7472960574273326,0.31240396348719124
11635,-2.3468647755304533,0.3123727230908425
11636,-5.910496118561121,0.31234148581853344
11637,-3.2609452573087188,0.3123102516699516
11638,-8.112094411996019,0.3122790206447846
11639,-4.383882380956323,0.3122477927427201
11640,-6.691510943924467,0.3122165679634458
11641,-6.637447311029553,0.31218534630664946
11642,-8.0541478605505,0.3121541277720188
11643,-4.268267799918776,0.3121229123592416
11644,-5.000288543644816,0.3120917000680057
11645,-5.877193755324465,0.31206049089799887
11646,-2.7360108998901476,0.31202928484890907
11647,-3.7879214097569998,0.31199808192042416
11648,-4.1592982979419135,0.3119668821122321
11649,-7.3801346049812935,0.3119356854240209
11650,-5.114010018579153,0.31190449185547847
11651,-2.282712945844077,0.31187330140629294
11652,-2.287742709119235,0.3118421140761523
11653,-4.316522938106273,0.3118109298647447
11654,-4.186792350507254,0.3117797487717582
11655,-5.003020736202018,0.311748570796881
11656,-1.9313185092771383,0.3117173959398013
11657,-5.476725156606381,0.3116862242002073
11658,-6.609027230627908,0.3116550555777873
11659,-3.4572033908324515,0.3116238900722295
11660,-3.725993488242165,0.31159272768322227
11661,-7.653287415680803,0.31156156841045396
11662,-4.601637397578157,0.31153041225361294
11663,-4.23590864437481,0.3114992592123876
11664,-3.4484477555468063,0.31146810928646634
11665,-7.701137200766673,0.3114369624755377
11666,-3.4274159076268207,0.31140581877929013
11667,-7.035087804545419,0.3113746781974122
11668,-6.942192181944382,0.31134354072959247
11669,-6.926233126156209,0.3113124063755195
11670,-6.049766228785156,0.31128127513488196
11671,-3.5372745068787403,0.31125014700736847
11672,-3.3609675509489825,0.31121902199266777
11673,-5.106161372168732,0.3111879000904685
11674,-2.8584928151005595,0.31115678130045943
11675,-6.395573089655766,0.3111256656223294
11676,-6.497746343069942,0.31109455305576716
11677,-6.642075790629403,0.31106344360046156
11678,-7.73414862868679,0.3110323372561015
11679,-5.275319914098258,0.3110012340223759
11680,-6.5529602923359676,0.31097013389897366
11681,-9.125523905965524,0.3109390368855838
11682,-6.9957957489853495,0.3109079429818952
11683,-7.719268995598702,0.31087685218759703
11684,-4.639282441581976,0.3108457645023783
11685,-7.401230741045071,0.31081467992592804
11686,-6.63964788157756,0.31078359845793546
11687,-5.247453392581604,0.3107525200980897
11688,-6.248336772130021,0.3107214448460799
11689,-5.490753663189848,0.3106903727015953
11690,-5.9635047356014415,0.3106593036643251
11691,-8.1347135072319,0.31062823773395865
11692,-6.023754608079106,0.31059717491018524
11693,-1.7559358657678552,0.3105661151926942
11694,-5.534117552098095,0.31053505858117497
11695,-6.408948152280599,0.31050400507531684
11696,-1.9778414542072653,0.3104729546748093
11697,-5.218182895198966,0.3104419073793418
11698,-8.842680376989538,0.3104108631886039
11699,-2.5674278490460423,0.31037982210228504
11700,-3.870553665888865,0.3103487841200748
11701,-6.031839402509142,0.31031774924166283
11702,-6.328332628806925,0.3102867174667387
11703,-5.99800439968401,0.31025568879499205
11704,-7.326912808445633,0.31022466322611253
11705,-6.297892597441635,0.31019364075978995
11706,-3.9621962606654364,0.310162621395714
11707,-5.861032554687771,0.3101316051335744
11708,-4.158750969429109,0.31010059197306106
11709,-7.410159019144788,0.31006958191386375
11710,-6.5189774659432365,0.3100385749556724
11711,-5.188311427985937,0.31000757109817684
11712,-4.740075577012526,0.309976570341067
11713,-5.123543855084644,0.3099455726840329
11714,-5.867403788853096,0.3099145781267645
11715,-2.181712465690664,0.3098835866689518
11716,-1.7885927827478123,0.30985259831028494
11717,-7.626024613278861,0.3098216130504539
11718,-5.59722302327039,0.3097906308891489
11719,-5.7715818951685005,0.30975965182605997
11720,-4.716680508968196,0.3097286758608774
11721,-7.029127224487307,0.3096977029932913
11722,-5.345454191018187,0.309666733222992
11723,-4.0246567088164,0.3096357665496697
11724,-5.042113050510501,0.30960480297301474
11725,-3.7943725232000935,0.30957384249271747
11726,-4.8287477801506595,0.3095428851084682
11727,-5.895452184553955,0.30951193081995737
11728,-1.6799463306866758,0.3094809796268754
11729,-1.7185760414495301,0.3094500315289127
11730,-5.907728255790348,0.30941908652575983
11731,-1.7281073966851905,0.3093881446171073
11732,-7.550687144365977,0.3093572058026456
11733,-7.4501409102163985,0.3093262700820653
11734,-6.9292688024379085,0.3092953374550571
11735,-2.7524946485518753,0.3092644079213116
11736,-7.263935374451094,0.3092334814805195
11737,-10.875844883843392,0.30920255813237146
11738,-7.4220858193611425,0.3091716378765582
11739,-6.646962281904392,0.30914072071277054
11740,-6.797394300661426,0.30910980664069926
11741,-7.760466381189765,0.3090788956600352
11742,-6.602145446268885,0.3090479877704692
11743,-9.44057737334907,0.30901708297169217
11744,-5.3926091051072795,0.308986181263395
11745,-3.28823587608572,0.30895528264526867
11746,-9.049005728235281,0.30892438711700415
11747,-2.8728010671684023,0.30889349467829247
11748,-5.529972152503717,0.30886260532882465
11749,-7.790219670877169,0.30883171906829177
11750,-3.6851031838064783,0.30880083589638496
11751,-2.4895802529245996,0.3087699558127953
11752,-8.38423152578266,0.308739078817214
11753,-6.926365754500622,0.3087082049093323
11754,-2.7004207624745007,0.3086773340888414
11755,-9.007349997668875,0.3086464663554325
11756,-7.74226009003671,0.308615601708797
11757,-6.075429143811731,0.3085847401486261
11758,-5.626627323135024,0.30855388167461123
11759,-4.530862887906032,0.3085230262864438
11760,-7.943000179795387,0.3084921739838152
11761,-5.710181682090865,0.3084613247664168
11762,-7.7488513896854885,0.3084304786339402
11763,-6.713250376396122,0.3083996355860768
11764,-8.335197694577035,0.3083687956225182
11765,-8.170527021033044,0.30833795874295594
11766,-2.7337331668768914,0.3083071249470816
11767,-6.077000074758903,0.3082762942345869
11768,-7.796348989186841,0.30824546660516344
11769,-5.321484120394404,0.3082146420585029
11770,-5.988946921728399,0.30818382059429705
11771,-3.489626197827171,0.3081530022122376
11772,-6.546441468396472,0.3081221869120164
11773,-9.470617458177049,0.3080913746933252
11774,-6.500277448257967,0.30806056555585587
11775,-7.388417186782034,0.3080297594993003
11776,-3.3227461541037537,0.30799895652335035
11777,-8.163382501959344,0.307968156627698
11778,-7.196590034434365,0.30793735981203524
11779,-6.994900942810187,0.30790656607605404
11780,-6.363171376592937,0.30787577541944644
11781,-8.95593410781963,0.3078449878419045
11782,-6.06382489198799,0.3078142033431203
11783,-4.540629456138283,0.307783421922786
11784,-7.61793596232,0.30775264358059373
11785,-4.907178804842431,0.30772186831623566
11786,-8.961985952315773,0.30769109612940404
11787,-4.793781673639645,0.3076603270197911
11788,-4.908896886481857,0.30762956098708916
11789,-6.913210169940306,0.30759879803099044
11790,-4.904956428438263,0.30756803815118733
11791,-4.556233766368246,0.30753728134737224
11792,-6.180354223648823,0.3075065276192375
11793,-2.259418288258124,0.3074757769664756
11794,-6.019756137878105,0.30744502938877893
11795,-2.865743003157,0.30741428488584005
11796,-7.308373814655343,0.30738354345735147
11797,-5.634519411277463,0.3073528051030057
11798,-4.605584841167,0.30732206982249544
11799,-2.553188997188009,0.3072913376155132
11800,-5.140726068296081,0.30726060848175163
11801,-5.929241129205124,0.30722988242090343
11802,-2.8309752305234546,0.30719915943266135
11803,-2.201929946770388,0.3071684395167181
11804,-4.881506437644475,0.3071377226727664
11805,-6.081411058337041,0.30710700890049913
11806,-6.639743481226758,0.3070762981996091
11807,-4.717699299633184,0.30704559056978914
11808,-4.392524242737906,0.3070148860107322
11809,-3.622352291978128,0.3069841845221311
11810,-5.377646310232066,0.3069534861036789
11811,-5.933650286031864,0.3069227907550685
11812,-2.844284810561087,0.306892098475993
11813,-5.894433839830404,0.3068614092661454
11814,-7.872322056077768,0.3068307231252188
11815,-4.97770801067031,0.3068000400529063
11816,-2.7329866477814497,0.306769360048901
11817,-6.613038401862495,0.3067386831128961
11818,-5.055370358313082,0.3067080092445848
11819,-5.948876331142289,0.30667733844366035
11820,-5.186521708187362,0.306646670709816
11821,-4.860056923123972,0.306616006042745
11822,-6.512895831134829,0.30658534444214075
11823,-6.049671208289488,0.3065546859076965
11824,-5.078291539863903,0.30652403043910575
11825,-6.887685131977467,0.30649337803606186
11826,-3.501927053941637,0.30646272869825825
11827,-8.078318717869205,0.30643208242538844
11828,-3.9177072828378003,0.3064014392171459
11829,-5.827710091760599,0.3063707990732242
11830,-2.02883994641913,0.3063401619933169
11831,-6.943550358886203,0.3063095279771175
11832,-7.755783846746846,0.3062788970243198
11833,-3.78430893825298,0.3062482691346174
11834,-4.118916156461338,0.30621764430770393
11835,-4.7497465804331185,0.3061870225432732
11836,-5.846437352973764,0.30615640384101883
11837,-5.294180022687588,0.30612578820063474
11838,-6.270198093049129,0.3060951756218147
11839,-7.5804843031276254,0.30606456610425253
11840,-8.86852067069154,0.30603395964764213
11841,-6.368997767746965,0.30600335625167735
11842,-7.575630788430473,0.30597275591605216
11843,-7.534871479410437,0.30594215864046054
11844,-6.607386090789786,0.3059115644245965
11845,-4.0790486550224365,0.30588097326815405
11846,-7.114098687407626,0.30585038517082724
11847,-8.25300433131978,0.30581980013231014
11848,-8.96753964437117,0.3057892181522969
11849,-9.056196585196684,0.3057586392304817
11850,-7.498925779509866,0.30572806336655867
11851,-3.244217202689766,0.305697490560222
11852,-2.958983335761055,0.305666920811166
11853,-3.730143041388861,0.30563635411908485
11854,-6.551181901288341,0.3056057904836729
11855,-5.5511839092630195,0.30557522990462455
11856,-8.330548920105084,0.3055446723816341
11857,-4.8305279353274315,0.3055141179143959
11858,-6.029765340367604,0.3054835665026045
11859,-6.732516424669327,0.3054530181459542
11860,-6.476275603730882,0.30542247284413965
11861,-7.641323555562648,0.3053919305968552
11862,-6.46354905328139,0.30536139140379553
11863,-6.286579242701067,0.30533085526465514
11864,-3.1288093058518522,0.30530032217912867
11865,-3.483275872803676,0.30526979214691075
11866,-5.17100047088548,0.30523926516769606
11867,-3.8238503063733686,0.3052087412411793
11868,-5.535735219643032,0.30517822036705516
11869,-5.098423091324404,0.30514770254501844
11870,-3.8410613476889757,0.30511718777476393
11871,-7.327658575333054,0.30508667605598644
11872,-5.937961243603415,0.3050561673883808
11873,-5.362142184475497,0.305025661771642
11874,-4.328611254246908,0.3049951592054648
11875,-6.289673610925174,0.3049646596895443
11876,-7.4245383041171955,0.3049341632235753
11877,-4.707186766223094,0.304903669807253
11878,-3.7480039928240445,0.30487317944027226
11879,-8.86214434388669,0.30484269212232823
11880,-7.6812410953005665,0.304812207853116
11881,-3.8271760348286445,0.3047817266323307
11882,-3.932740441142003,0.3047512484596675
11883,-5.953379882060752,0.30472077333482156
11884,-7.613331405754519,0.3046903012574881
11885,-6.320454987974901,0.3046598322273623
11886,-6.992234461269798,0.30462936624413955
11887,-4.797294461333509,0.30459890330751516
11888,-5.4963867940789175,0.3045684434171844
11889,-6.584432833446758,0.3045379865728427
11890,-3.6106835927226686,0.3045075327741854
11891,-2.421667601820224,0.304477082020908
11892,-2.506185515376236,0.3044466343127059
11893,-1.9653590098480418,0.30441618964927464
11894,-2.754599874029653,0.3043857480303097
11895,-2.4363075692748395,0.3043553094555067
11896,-2.870506010803642,0.30432487392456115
11897,-4.6322815729024205,0.3042944414371687
11898,-8.282972911948441,0.304264011993025
11899,-2.810224607132681,0.3042335855918257
11900,-4.895918446090105,0.3042031622332665
11901,-3.4624127668870255,0.3041727419170432
11902,-3.000145381847151,0.3041423246428515
11903,-6.084724156672811,0.3041119104103872
11904,-4.453471793937695,0.3040814992193462
11905,-7.5035409884297355,0.30405109106942424
11906,-6.7832189868432415,0.3040206859603173
11907,-7.3316982318453405,0.3039902838917213
11908,-7.265253627427574,0.3039598848633321
11909,-3.469183958474415,0.3039294888748458
11910,-5.449653118938712,0.3038990959259583
11911,-7.405658491748786,0.30386870601636573
11912,-6.1867381769377205,0.3038383191457641
11913,-7.4737616012623,0.30380793531384953
11914,-8.38352997740458,0.3037775545203181
11915,-3.670816888695892,0.3037471767648661
11916,-6.656323150630171,0.30371680204718965
11917,-2.7840940400972958,0.30368643036698495
11918,-2.824700553535804,0.30365606172394827
11919,-6.507679056411687,0.3036256961177759
11920,-7.393178606718437,0.30359533354816415
11921,-7.530182660221964,0.3035649740148093
11922,-4.884960860761243,0.30353461751740785
11923,-4.900574030551125,0.3035042640556561
11924,-2.692046018058485,0.3034739136292505
11925,-4.15460990413829,0.3034435662378876
11926,-2.286117488858863,0.3034132218812638
11927,-4.528838024753603,0.3033828805590757
11928,-3.753081036825363,0.30335254227101976
11929,-2.126756225031066,0.3033222070167927
11930,-4.3548190606125035,0.303291874796091
11931,-6.4301779140809385,0.3032615456086114
11932,-7.568163671856333,0.30323121945405057
11933,-5.6327269611986726,0.3032008963321052
11934,-4.146421200861457,0.30317057624247196
11935,-7.337027721369168,0.3031402591848477
11936,-7.308378810919278,0.30310994515892925
11937,-4.240715904715062,0.30307963416441336
11938,-4.5053387058884,0.3030493262009969
11939,-8.918550579209974,0.3030190212683768
11940,-8.549263531987917,0.30298871936625
11941,-8.247604030631614,0.3029584204943134
11942,-4.844930035304238,0.30292812465226393
11943,-8.45850437835993,0.3028978318397987
11944,-4.9022361541717565,0.3028675420566147
11945,-8.169422553826715,0.30283725530240907
11946,-8.360831370942247,0.30280697157687886
11947,-5.851578687587235,0.3027766908797212
11948,-4.035102524063776,0.3027464132106332
11949,-3.8906252206294023,0.3027161385693122
11950,-4.269268815220977,0.30268586695545524
11951,-8.201846722443939,0.3026555983687597
11952,-6.8810291190580095,0.30262533280892284
11953,-6.939003820085638,0.302595070275642
11954,-6.133762477972612,0.3025648107686144
11955,-5.25431606553189,0.30253455428753756
11956,-8.152701130436917,0.30250430083210883
11957,-9.511261296572464,0.30247405040202563
11958,-4.2710725704903085,0.3024438029969854
11959,-9.379265073673224,0.30241355861668573
11960,-8.249621636924081,0.30238331726082407
11961,-4.749295368084946,0.30235307892909796
11962,-5.449141206400714,0.30232284362120504
11963,-6.520355333776481,0.30229261133684293
11964,-7.421686400727404,0.30226238207570927
11965,-7.74091949448042,0.3022321558375017
11966,-9.034316198609275,0.3022019326219179
11967,-6.040600653222695,0.3021717124286557
11968,-5.5128178619171475,0.30214149525741285
11969,-10.331522356476771,0.3021112811078871
11970,-4.517959118230353,0.3020810699797763
11971,-4.710451300964091,0.3020508618727783
11972,-6.094354816903373,0.302020656786591
11973,-6.832769900014595,0.30199045472091235
11974,-4.374014484749462,0.30196025567544027
11975,-4.381229957954996,0.30193005964987274
11976,-5.339899745577818,0.3018998666439078
11977,-5.52391459828409,0.3018696766572434
11978,-5.773604610069583,0.3018394896895777
11979,-6.9701918749734775,0.3018093057406087
11980,-7.102560113633345,0.30177912481003466
11981,-4.187727833595466,0.30174894689755366
11982,-7.157885133601943,0.3017187720028639
11983,-4.36353771852858,0.3016886001256636
11984,-7.977005657801563,0.30165843126565106
11985,-7.479896968357222,0.3016282654225245
11986,-2.306539737267331,0.3015981025959823
11987,-2.1744048835859053,0.3015679427857227
11988,-5.541801668933872,0.3015377859914441
11989,-4.193358709455804,0.30150763221284493
11990,-5.279010702672018,0.30147748144962366
11991,-4.497905311756625,0.3014473337014787
11992,-2.103379757857247,0.30141718896810854
11993,-5.833051302856515,0.3013870472492117
11994,-2.796269625195391,0.3013569085444868
11995,-4.837336141233352,0.30132677285363235
11996,-7.036405042107224,0.301296640176347
11997,-3.826097910473579,0.3012665105123294
11998,-4.524053392075285,0.30123638386127816
11999,-6.223436821128294,0.30120626022289204
12000,-2.502730594597734,0.30117613959686973
12001,-6.83580753666774,0.3011460219829101
12002,-2.493327085061876,0.3011159073807118
12003,-5.180526316994109,0.30108579578997374
12004,-7.286465548170551,0.3010556872103948
12005,-6.552060606917017,0.30102558164167376
12006,-6.5183374933742435,0.3009954790835096
12007,-6.475664925586909,0.30096537953560126
12008,-6.151796540997069,0.3009352829976477
12009,-4.89046565205115,0.30090518946934797
12010,-2.083726391312406,0.30087509895040104
12011,-6.848686700123131,0.300845011440506
12012,-5.14066120962106,0.30081492693936196
12013,-4.215670499858156,0.300784845446668
12014,-5.403314931982308,0.30075476696212333
12015,-5.554989665720678,0.30072469148542713
12016,-6.012774625435233,0.3006946190162786
12017,-5.365286017837014,0.30066454955437694
12018,-2.141979492067447,0.3006344830994215
12019,-5.543797003663286,0.30060441965111157
12020,-5.148312422283659,0.30057435920914644
12021,-2.2155842157768797,0.3005443017732255
12022,-5.6576843183982195,0.30051424734304816
12023,-6.128343430252042,0.3004841959183139
12024,-5.276327289868448,0.30045414749872207
12025,-6.030530941414653,0.3004241020839722
12026,-5.92622063095283,0.3003940596737638
12027,-1.9914385005882482,0.30036402026779646
12028,-6.167330672617187,0.3003339838657697
12029,-7.146738793812693,0.3003039504673831
12030,-3.5001949908202827,0.3002739200723364
12031,-3.5752571854466404,0.30024389268032914
12032,-4.63851129673005,0.3002138682910611
12033,-2.0498846603430603,0.300183846904232
12034,-6.638806958893379,0.3001538285195416
12035,-5.140065584331702,0.3001238131366896
12036,-5.282584864586719,0.30009380075537595
12037,-5.538552480867872,0.3000637913753004
12038,-5.881051442172229,0.3000337849961629
12039,-6.498866326316126,0.3000037816176633
12040,-8.078991459565557,0.2999737812395015
12041,-5.869233537270169,0.2999437838613776
12042,-5.200252852489131,0.29991378948299147
12043,-7.302412688308294,0.2998837981040432
12044,-3.7892689282312704,0.2998538097242328
12045,-7.400472235037472,0.2998238243432604
12046,-2.8738094856744683,0.29979384196082604
12047,-5.507808013678044,0.29976386257662996
12048,-5.976834133783328,0.2997338861903723
12049,-2.0711812037420825,0.29970391280175324
12050,-5.2877986069745635,0.29967394241047307
12051,-8.120025185892324,0.299643975016232
12052,-7.380077802017874,0.2996140106187304
12053,-5.710436711768283,0.2995840492176685
12054,-3.8222747474055607,0.29955409081274675
12055,-5.052845616011712,0.29952413540366546
12056,-5.3452514662401995,0.2994941829901251
12057,-4.881355935809073,0.29946423357182606
12058,-3.935137000681454,0.29943428714846887
12059,-3.727631274677176,0.29940434371975405
12060,-3.822021341588494,0.29937440328538206
12061,-3.673313622816421,0.29934446584505353
12062,-5.714584899357155,0.29931453139846903
12063,-6.719522128712924,0.2992845999453292
12064,-6.767845377809617,0.29925467148533463
12065,-3.904576025238165,0.2992247460181861
12066,-9.101152722407939,0.2991948235435843
12067,-3.927044312968096,0.2991649040612299
12068,-7.040415444378773,0.2991349875708238
12069,-3.696830484874352,0.2991050740720667
12070,-3.931881167393801,0.2990751635646595
12071,-4.509897685025066,0.29904525604830307
12072,-5.253959243654577,0.29901535152269826
12073,-4.76843676074003,0.298985449987546
12074,-4.083196593727426,0.29895555144254726
12075,-4.716414497098118,0.298925655887403
12076,-5.084090778776697,0.2988957633218143
12077,-5.617027388527292,0.2988658737454821
12078,-4.129188649693821,0.29883598715810755
12079,-6.152115904180907,0.29880610355939174
12080,-7.428951560772182,0.29877622294903583
12081,-8.914468452079664,0.29874634532674094
12082,-5.1139789591804945,0.29871647069220825
12083,-7.065632142602707,0.29868659904513906
12084,-5.160306464676255,0.29865673038523455
12085,-3.4042892038506887,0.298626864712196
12086,-6.39941796212006,0.2985970020257248
12087,-6.674627732836404,0.29856714232552223
12088,-6.0915623690418625,0.29853728561128967
12089,-4.621233634656925,0.29850743188272855
12090,-2.0437131657632737,0.29847758113954026
12091,-2.1082214849928054,0.29844773338142633
12092,-5.6415781812750545,0.2984178886080882
12093,-6.0688548908580575,0.2983880468192274
12094,-4.7089795832421,0.2983582080145455
12095,-6.788223278123306,0.29832837219374403
12096,-7.459560537788329,0.2982985393565247
12097,-5.875412200945733,0.29826870950258905
12098,-5.957290634185737,0.2982388826316388
12099,-5.916653004399784,0.2982090587433756
12100,-2.527335376018602,0.2981792378375013
12101,-6.496456166802686,0.2981494199137175
12102,-6.95573384329564,0.2981196049717261
12103,-2.4294250192101554,0.29808979301122895
12104,-4.405201125621046,0.29805998403192785
12105,-4.911509084307214,0.29803017803352466
12106,-6.482981399629635,0.2980003750157213
12107,-5.056688737722444,0.2979705749782197
12108,-5.855843737931531,0.2979407779207219
12109,-5.7546413672875385,0.2979109838429298
12110,-2.5171407810626527,0.2978811927445455
12111,-3.0801779167503063,0.29785140462527104
12112,-5.679226362869007,0.2978216194848085
12113,-3.226649104887549,0.29779183732286
12114,-5.049513269428949,0.29776205813912776
12115,-2.931409526390455,0.29773228193331386
12116,-4.884100572679328,0.29770250870512055
12117,-2.9350195244295576,0.29767273845425
12118,-5.983933325631156,0.2976429711804046
12119,-6.491833853989087,0.2976132068832866
12120,-5.840815361579189,0.29758344556259825
12121,-7.463491903129864,0.297553687218042
12122,-5.40820268580243,0.2975239318493202
12123,-5.132956018975165,0.29749417945613527
12124,-4.64107767491998,0.2974644300381897
12125,-6.003136556343243,0.2974346835951859
12126,-5.175789547720283,0.2974049401268264
12127,-5.813650971799229,0.2973751996328137
12128,-5.085714539535803,0.29734546211285046
12129,-5.574569541184772,0.29731572756663915
12130,-7.284956390850082,0.2972859959938825
12131,-4.587131757118457,0.2972562673942831
12132,-6.580872917579265,0.2972265417675437
12133,-2.493258139880207,0.29719681911336693
12134,-6.421997555913427,0.2971670994314556
12135,-5.9613393475380745,0.29713738272151247
12136,-6.330770554831247,0.2971076689832403
12137,-4.757781624368157,0.297077958216342
12138,-5.292954375300074,0.29704825042052035
12139,-6.944684845762823,0.2970185455954783
12140,-5.3715270091808875,0.2969888437409188
12141,-6.675401259060543,0.2969591448565447
12142,-6.039565291024897,0.296929448942059
12143,-6.794454287417338,0.29689975599716484
12144,-6.048746507314417,0.2968700660215651
12145,-5.892148767268337,0.29684037901496296
12146,-5.031918804736976,0.2968106949770615
12147,-2.645685075218288,0.2967810139075638
12148,-2.1918986810121264,0.296751335806173
12149,-6.161235443256201,0.2967216606725924
12150,-3.79042771449126,0.2966919885065252
12151,-4.932325752295756,0.2966623193076745
12152,-5.245606232845903,0.2966326530757437
12153,-4.9257917020476025,0.29660298981043615
12154,-4.555799431131229,0.2965733295114551
12155,-4.79435979564375,0.29654367217850397
12156,-6.426186877720692,0.2965140178112861
12157,-6.582291599020632,0.296484366409505
12158,-4.153352341226762,0.29645471797286405
12159,-3.6559891381049803,0.29642507250106676
12160,-5.596745524722697,0.29639542999381663
12161,-4.402899842598088,0.29636579045081723
12162,-10.03804995626918,0.29633615387177215
12163,-8.372892877497474,0.296306520256385
12164,-2.6518972535964442,0.29627688960435933
12165,-7.149179996363293,0.2962472619153989
12166,-4.685191245658226,0.29621763718920735
12167,-5.413349589530739,0.29618801542548845
12168,-5.073425601635403,0.2961583966239459
12169,-2.6177832623174178,0.2961287807842835
12170,-7.192268796097425,0.2960991679062051
12171,-5.020652916555049,0.2960695579894145
12172,-6.557968146488359,0.2960399510336155
12173,-6.192893592440001,0.29601034703851214
12174,-4.578336623534055,0.2959807460038083
12175,-3.0451143693668556,0.2959511479292079
12176,-5.054705665700629,0.295921552814415
12177,-2.633570790038619,0.2958919606591336
12178,-6.8282399826133044,0.29586237146306765
12179,-6.66185309866202,0.2958327852259213
12180,-3.37051005128559,0.29580320194739873
12181,-6.107309013353115,0.295773621627204
12182,-5.81319536149302,0.2957440442650413
12183,-4.849698586175297,0.2957144698606148
12184,-8.074215162879561,0.2956848984136287
12185,-4.02509716354632,0.29565532992378735
12186,-6.366074445845104,0.29562576439079497
12187,-6.660203002967319,0.29559620181435586
12188,-7.232230947085849,0.29556664219417444
12189,-5.151256518358521,0.29553708552995506
12190,-6.389168344184968,0.29550753182140205
12191,-7.2153931857751505,0.29547798106821993
12192,-7.548683504936438,0.2954484332701131
12193,-2.118646493547625,0.2954188884267861
12194,-6.15316517623816,0.2953893465379434
12195,-4.706837388369175,0.2953598076032896
12196,-3.792565313302607,0.2953302716225293
12197,-7.051532445425109,0.29530073859536704
12198,-7.7664588372862955,0.2952712085215075
12199,-3.015195921512871,0.2952416814006554
12200,-6.604677663445709,0.2952121572325153
12201,-6.209440931894056,0.29518263601679207
12202,-5.75236010066753,0.29515311775319036
12203,-6.865465426999023,0.29512360244141506
12204,-6.903705239783817,0.29509409008117093
12205,-5.905086254107644,0.29506458067216285
12206,-2.547813175469033,0.29503507421409564
12207,-5.799444680337183,0.2950055707066742
12208,-6.700653104787008,0.29497607014960353
12209,-6.946694151565783,0.29494657254258855
12210,-4.8317993620934665,0.2949170778853343
12211,-6.0987319936114295,0.29488758617754574
12212,-7.4737668755269775,0.294858097418928
12213,-6.355453447547678,0.2948286116091861
12214,-2.6784413431961243,0.2947991287480252
12215,-6.4252220749861575,0.29476964883515044
12216,-4.515899478000721,0.2947401718702669
12217,-1.9106402175747594,0.2947106978530799
12218,-2.5940451719819717,0.2946812267832946
12219,-4.954527578858693,0.29465175866061627
12220,-4.591072672944374,0.2946222934847502
12221,-5.221910205022425,0.29459283125540175
12222,-6.45104788390062,0.2945633719722762
12223,-4.783756907815077,0.294533915635079
12224,-2.9545274428126413,0.2945044622435155
12225,-5.866191523955958,0.2944750117972912
12226,-6.209991803396093,0.29444556429611146
12227,-3.216918731460381,0.29441611973968185
12228,-2.0047682226993526,0.29438667812770786
12229,-5.857728329137492,0.2943572394598951
12230,-7.0016218353728,0.29432780373594913
12231,-4.282094093177149,0.29429837095557554
12232,-1.5850492251302681,0.29426894111848
12233,-1.5878601077651258,0.29423951422436817
12234,-3.541507517410248,0.29421009027294576
12235,-1.9907645690354636,0.29418066926391845
12236,-7.145797104853139,0.29415125119699204
12237,-5.6263776076241285,0.29412183607187237
12238,-6.708920997515628,0.2940924238882652
12239,-5.366184670652844,0.29406301464587636
12240,-3.7973335249675957,0.2940336083444118
12241,-7.8149727202626185,0.2940042049835773
12242,-3.7511010981973563,0.29397480456307895
12243,-3.714452659850412,0.2939454070826226
12244,-6.475205581390101,0.29391601254191435
12245,-3.813672620916823,0.29388662094066015
12246,-7.195591141755534,0.2938572322785661
12247,-4.525769310368414,0.2938278465553382
12248,-5.930796209283623,0.2937984637706827
12249,-7.114867928202793,0.2937690839243056
12250,-2.0249119410685683,0.2937397070159132
12251,-3.7103211211433993,0.2937103330452116
12252,-3.7315473282433893,0.2936809620119071
12253,-7.379859328527321,0.2936515939157059
12254,-6.653344930658701,0.29362222875631433
12255,-7.25064334001961,0.2935928665334387
12256,-6.5727923783714814,0.29356350724678537
12257,-3.9012359851055693,0.2935341508960607
12258,-5.566350808469425,0.29350479748097114
12259,-3.1770047799619308,0.293475447001223
12260,-7.607233356798887,0.2934460994565229
12261,-4.584068704822338,0.29341675484657725
12262,-8.928768965580662,0.2933874131710926
12263,-4.128936206803537,0.2933580744297755
12264,-3.2418438354549846,0.29332873862233255
12265,-4.03731193328656,0.2932994057484703
12266,-4.127066203307829,0.29327007580789544
12267,-4.238148450879474,0.29324074880031464
12268,-7.205783694306307,0.2932114247254346
12269,-9.0336307106353,0.29318210358296204
12270,-4.722018106293409,0.29315278537260375
12271,-4.036140258661407,0.2931234700940665
12272,-6.202661192384184,0.29309415774705705
12273,-6.307046861698529,0.2930648483312823
12274,-3.5760535259915853,0.2930355418464492
12275,-4.02446317757206,0.2930062382922646
12276,-7.144219041426533,0.29297693766843536
12277,-2.5807160822830926,0.2929476399746685
12278,-2.9500396415088392,0.292918345210671
12279,-7.394348740514843,0.29288905337614995
12280,-4.937002276075221,0.29285976447081236
12281,-2.966742501733862,0.2928304784943653
12282,-6.585746282632118,0.29280119544651584
12283,-2.582354120708508,0.29277191532697117
12284,-6.336594376394426,0.2927426381354385
12285,-5.883353687837722,0.29271336387162494
12286,-5.348871092365558,0.2926840925352378
12287,-6.714559787452961,0.29265482412598426
12288,-2.597533456512186,0.29262555864357165
12289,-4.68850834902992,0.2925962960877073
12290,-7.613912489880862,0.29256703645809856
12291,-5.890748715786369,0.2925377797544528
12292,-6.787320016778518,0.2925085259764773
12293,-6.713529523039429,0.29247927512387967
12294,-4.335741059392909,0.29245002719636726
12295,-5.396140421577308,0.29242078219364764
12296,-5.270282355303776,0.2923915401154283
12297,-2.027146305059345,0.29236230096141674
12298,-3.0591894152457453,0.2923330647313206
12299,-3.864630082170521,0.29230383142484745
12300,-3.939879604972655,0.29227460104170494
12301,-5.465723667920932,0.2922453735816008
12302,-5.462313702261778,0.29221614904424265
12303,-7.316287620109103,0.2921869274293382
12304,-4.308398227758607,0.2921577087365953
12305,-5.3801477645884175,0.29212849296572163
12306,-5.6901105697799075,0.29209928011642505
12307,-6.091986744958327,0.2920700701884134
12308,-4.178159992412785,0.29204086318139455
12309,-5.292130499514471,0.2920116590950764
12310,-4.574419122049214,0.29198245792916694
12311,-3.847029418321343,0.29195325968337404
12312,-5.513428239859644,0.2919240643574057
12313,-4.454280070053629,0.29189487195096997
12314,-6.579724192244504,0.29186568246377487
12315,-7.731249127739416,0.2918364958955285
12316,-3.13921161363798,0.291807312245939
12317,-7.659903446512608,0.2917781315147144
12318,-4.8888256302726125,0.2917489537015629
12319,-2.7941487056265792,0.29171977880619276
12320,-4.970961260434133,0.29169060682831216
12321,-6.812618669256877,0.2916614377676293
12322,-5.795791534730059,0.2916322716238526
12323,-7.793792875403231,0.2916031083966902
12324,-8.39493367675462,0.2915739480858505
12325,-7.163969980493316,0.29154479069104194
12326,-5.876462004386714,0.29151563621197285
12327,-5.731449159228266,0.29148648464835164
12328,-5.891290709052647,0.2914573359998868
12329,-4.058359484565258,0.29142819026628686
12330,-6.053434968940027,0.29139904744726025
12331,-5.163790760910487,0.2913699075425155
12332,-3.907109948080725,0.2913407705517613
12333,-5.083539862734266,0.2913116364747061
12334,-5.558990988682412,0.29128250531105865
12335,-5.163610266689355,0.29125337706052756
12336,-5.632429957133943,0.2912242517228215
12337,-6.374327444940685,0.29119512929764924
12338,-5.074211966326841,0.29116600978471946
12339,-7.182827183337426,0.291136893183741
12340,-5.999069624577729,0.2911077794944226
12341,-8.260322554998444,0.2910786687164732
12342,-5.252975792860538,0.29104956084960154
12343,-5.309746920826314,0.2910204558935166
12344,-8.446913698240435,0.29099135384792724
12345,-5.268637625542069,0.29096225471254245
12346,-5.072510261902734,0.2909331584870712
12347,-3.7058949514962825,0.29090406517122247
12348,-7.757100718026212,0.29087497476470536
12349,-8.747743933972218,0.2908458872672289
12350,-8.940796875990666,0.29081680267850213
12351,-6.208221249257482,0.2907877209982343
12352,-6.93644858086217,0.29075864222613446
12353,-6.782659503653245,0.29072956636191183
12354,-4.5561163397129745,0.29070049340527565
12355,-8.293301811679086,0.2906714233559351
12356,-6.818925159027801,0.2906423562135995
12357,-4.597200721956542,0.29061329197797814
12358,-6.675300969232871,0.29058423064878036
12359,-3.99481906523566,0.2905551722257155
12360,-7.911985529362202,0.29052611670849293
12361,-5.86666326225038,0.2904970640968221
12362,-4.266586325874851,0.2904680143904124
12363,-6.098891851026957,0.29043896758897336
12364,-5.592738607343362,0.29040992369221447
12365,-5.7437708660728255,0.29038088269984524
12366,-5.245838867693188,0.29035184461157526
12367,-5.316535974399821,0.2903228094271141
12368,-7.634801909257154,0.2902937771461714
12369,-8.575148011472459,0.2902647477684568
12370,-7.2519054716263165,0.29023572129367997
12371,-7.011997171268348,0.2902066977215506
12372,-4.8149914162225835,0.29017767705177844
12373,-5.168890714854291,0.29014865928407324
12374,-5.046679359395341,0.29011964441814486
12375,-2.6127083328694356,0.29009063245370303
12376,-2.4106758708901928,0.29006162339045766
12377,-3.5110346254223965,0.2900326172281186
12378,-2.519953145526079,0.29000361396639585
12379,-1.8610664476637586,0.2899746136049992
12380,-2.351938707810941,0.28994561614363873
12381,-4.757242515242411,0.28991662158202436
12382,-5.791424084389529,0.28988762991986616
12383,-5.362147302700825,0.28985864115687415
12384,-4.685412518898014,0.28982965529275845
12385,-4.286332337964499,0.28980067232722917
12386,-3.4592252084857242,0.28977169225999644
12387,-4.286593073681177,0.28974271509077043
12388,-5.868840295787315,0.2897137408192614
12389,-4.504592381396104,0.28968476944517946
12390,-5.3491406299151665,0.28965580096823496
12391,-8.307681742017605,0.28962683538813816
12392,-7.616453004865953,0.28959787270459936
12393,-8.69393672747191,0.2895689129173289
12394,-4.09326055551932,0.28953995602603716
12395,-2.346363533988481,0.28951100203043456
12396,-6.8110781928055335,0.2894820509302315
12397,-2.3473049427412414,0.28945310272513847
12398,-6.80938957646274,0.28942415741486593
12399,-2.3508654598657106,0.28939521499912446
12400,-7.258984189667009,0.28936627547762456
12401,-1.8072169386893355,0.2893373388500768
12402,-9.757745488788572,0.28930840511619177
12403,-5.541904652526714,0.2892794742756801
12404,-2.1021340306070035,0.2892505463282526
12405,-4.285030714478567,0.2892216212736198
12406,-2.4877255123106483,0.2891926991114924
12407,-4.237325753834123,0.28916377984158126
12408,-4.224728648853198,0.2891348634635971
12409,-4.141481595892985,0.28910594997725075
12410,-4.263816936410965,0.28907703938225304
12411,-5.836719461462755,0.28904813167831483
12412,-5.482543795790044,0.289019226865147
12413,-2.365810662286295,0.2889903249424605
12414,-7.229143155073267,0.28896142590996626
12415,-8.1852882801656,0.28893252976737527
12416,-7.556321246171565,0.28890363651439854
12417,-6.462273465147543,0.2888747461507471
12418,-5.980326371282219,0.28884585867613205
12419,-5.567799824621782,0.28881697409026447
12420,-4.561475031947784,0.28878809239285547
12421,-6.565609886282159,0.28875921358361617
12422,-7.011279692569792,0.2887303376622578
12423,-4.304609232540585,0.2887014646284916
12424,-5.114672739171628,0.28867259448202875
12425,-4.4117950767947445,0.2886437272225806
12426,-5.448358020559947,0.2886148628498583
12427,-4.5555289473941265,0.2885860013635733
12428,-5.462943426103954,0.28855714276343697
12429,-4.3127253952734925,0.2885282870491606
12430,-6.965584920310878,0.2884994342204557
12431,-6.803178223470331,0.28847058427703365
12432,-8.13275798409574,0.28844173721860594
12433,-6.118673180153777,0.2884128930448841
12434,-7.066302909604536,0.28838405175557963
12435,-6.473571443652631,0.2883552133504041
12436,-4.805482453951273,0.28832637782906906
12437,-8.775937589249423,0.28829754519128614
12438,-8.408659891318585,0.288268715436767
12439,-4.845788573455126,0.28823988856522337
12440,-4.253016300335089,0.28821106457636686
12441,-4.305386236102726,0.2881822434699092
12442,-7.1001967161261215,0.28815342524556226
12443,-6.620732638907899,0.2881246099030377
12444,-6.364500976974041,0.2880957974420474
12445,-8.027688382615846,0.28806698786230317
12446,-5.337230038468359,0.2880381811635169
12447,-6.886323887096863,0.28800937734540055
12448,-5.7210889816954476,0.287980576407666
12449,-4.256588795140698,0.2879517783500252
12450,-6.252583153879915,0.2879229831721902
12451,-8.541221948497533,0.287894190873873
12452,-6.07967368528985,0.2878654014547856
12453,-5.675901814853948,0.28783661491464013
12454,-7.492703191689946,0.2878078312531487
12455,-7.954345888734049,0.2877790504700234
12456,-8.695938232988269,0.2877502725649764
12457,-7.511972875105051,0.28772149753771986
12458,-3.9024509339355187,0.2876927253879661
12459,-6.0210971757913825,0.2876639561154273
12460,-8.833201079450621,0.2876351897198157
12461,-4.333845704976618,0.28760642620084376
12462,-7.003377573925848,0.28757766555822367
12463,-6.024845356990847,0.28754890779166786
12464,-8.387800281731128,0.2875201529008887
12465,-7.510042603716589,0.28749140088559866
12466,-5.757124422425894,0.2874626517455101
12467,-8.047591625434094,0.28743390548033554
12468,-6.210287867966223,0.2874051620897875
12469,-7.0056097511678015,0.2873764215735785
12470,-8.616134858305957,0.2873476839314212
12471,-5.43202614713434,0.287318949163028
12472,-2.807675461239865,0.2872902172681117
12473,-2.52178355276409,0.2872614882463849
12474,-5.696861169987793,0.28723276209756027
12475,-5.7053301698009244,0.28720403882135054
12476,-6.36952301754844,0.2871753184174684
12477,-2.071182132182262,0.28714660088562666
12478,-6.0089690448698985,0.2871178862255381
12479,-4.621945968251929,0.2870891744369155
12480,-2.7855008353022486,0.28706046551947184
12481,-4.018469389433028,0.2870317594729199
12482,-8.456201133834437,0.28700305629697265
12483,-6.915132164297873,0.28697435599134297
12484,-4.140353755439545,0.28694565855574383
12485,-5.572367794767179,0.28691696398988825
12486,-8.782054040102993,0.2868882722934893
12487,-5.589302967449376,0.28685958346625995
12488,-5.906562170391723,0.28683089750791335
12489,-2.086090625394227,0.28680221441816256
12490,-4.992040090643814,0.28677353419672075
12491,-5.2932090393777,0.2867448568433011
12492,-5.7986535464455295,0.28671618235761676
12493,-3.3067728483991288,0.286687510739381
12494,-2.2566457771513284,0.28665884198830704
12495,-5.897618541103255,0.28663017610410824
12496,-7.275351685086786,0.28660151308649784
12497,-4.064216689689111,0.2865728529351892
12498,-6.51684825279412,0.2865441956498957
12499,-6.230668405821717,0.2865155412303307
12500,-3.9060139781714605,0.28648688967620767
12501,-3.9111518262838247,0.28645824098724004
12502,-9.108544069791375,0.2864295951631413
12503,-5.620937314285156,0.286400952203625
12504,-7.698639958017983,0.28637231210840464
12505,-8.3076576766164,0.2863436748771938
12506,-5.509262998674416,0.2863150405097061
12507,-7.189689675879707,0.2862864090056551
12508,-7.511800753611292,0.2862577803647545
12509,-6.646654300892196,0.28622915458671805
12510,-3.601785078268353,0.28620053167125936
12511,-3.6789434503623664,0.28617191161809225
12512,-6.282942972564868,0.28614329442693043
12513,-3.9821156156061215,0.28611468009748775
12514,-3.977558363816506,0.286086068629478
12515,-3.8427799258802358,0.28605746002261506
12516,-3.9537487097032793,0.2860288542766128
12517,-2.520151239288614,0.2860002513911851
12518,-9.42451544640315,0.285971651366046
12519,-7.609926172699464,0.28594305420090943
12520,-7.772724268071535,0.28591445989548936
12521,-4.798603512980465,0.2858858684494998
12522,-6.328360852847625,0.28585727986265486
12523,-4.453084474647691,0.2858286941346686
12524,-7.597185539917142,0.2858001112652551
12525,-3.7641960478576384,0.2857715312541286
12526,-7.285331112720929,0.28574295410100314
12527,-5.921230411373197,0.28571437980559306
12528,-2.272108572544793,0.2856858083676125
12529,-2.279943406881336,0.2856572397867757
12530,-6.97024475757047,0.285628674062797
12531,-5.8942864390227125,0.28560011119539075
12532,-6.388452136233801,0.2855715511842712
12533,-6.484236045695664,0.2855429940291528
12534,-5.168306737587109,0.2855144397297499
12535,-5.883327434195137,0.2854858882857769
12536,-9.342240035484252,0.28545733969694836
12537,-4.0805754168100705,0.28542879396297866
12538,-6.699236219532151,0.28540025108358236
12539,-5.275186022924649,0.285371711058474
12540,-4.470192226891227,0.28534317388736813
12541,-5.800488098924439,0.2853146395699794
12542,-4.4551192124669505,0.2852861081060224
12543,-3.8724834004543958,0.2852575794952118
12544,-5.959464942183926,0.28522905373726226
12545,-3.933176876522377,0.28520053083188857
12546,-3.909238241537873,0.2851720107788054
12547,-8.049377704178426,0.2851434935777275
12548,-3.7031555059416985,0.28511497922836976
12549,-7.850771030055961,0.28508646773044694
12550,-9.175088613583455,0.2850579590836739
12551,-10.506815180982272,0.2850294532877655
12552,-7.505887103712023,0.2850009503424367
12553,-4.026922051071352,0.2849724502474025
12554,-10.025721683591797,0.28494395300237774
12555,-7.177341135964341,0.2849154586070775
12556,-7.19770454497862,0.2848869670612168
12557,-8.021325830148774,0.28485847836451067
12558,-3.8031322079820127,0.28482999251667424
12559,-8.36705123324952,0.28480150951742256
12560,-4.252402486483334,0.2847730293664708
12561,-6.642159087192875,0.28474455206353416
12562,-4.889897087134223,0.2847160776083278
12563,-7.081211704461002,0.284687606000567
12564,-4.192327228980023,0.28465913723996694
12565,-3.9203552803837005,0.2846306713262429
12566,-7.258120325426341,0.2846022082591103
12567,-7.537715620406523,0.2845737480382844
12568,-6.02219472204663,0.28454529066348055
12569,-5.863704928744161,0.2845168361344142
12570,-6.662942762596363,0.28448838445080077
12571,-6.035285458395879,0.2844599356123557
12572,-1.7261643508514537,0.2844314896187945
12573,-6.943106108777559,0.2844030464698326
12574,-5.06870149545953,0.2843746061651856
12575,-5.777986059863931,0.2843461687045691
12576,-4.802591408907429,0.2843177340876986
12577,-6.549498741446017,0.28428930231428984
12578,-2.100740503756299,0.2842608733840584
12579,-7.371229127263238,0.28423244729672004
12580,-7.611015295118565,0.28420402405199036
12581,-7.072293508186554,0.28417560364958516
12582,-2.2486782772335516,0.2841471860892202
12583,-2.9389041667720748,0.28411877137061126
12584,-5.0067892700122965,0.2840903594934742
12585,-6.169094775621546,0.28406195045752486
12586,-6.950361060302401,0.2840335442624791
12587,-4.677038952509294,0.2840051409080529
12588,-6.7053946876865655,0.2839767403939621
12589,-6.162475291336278,0.2839483427199227
12590,-5.201327754003575,0.2839199478856507
12591,-6.25119267021631,0.2838915558908622
12592,-6.655403174641598,0.2838631667352731
12593,-2.6671530528658085,0.2838347804185996
12594,-4.043855129056154,0.28380639694055776
12595,-6.940460568098675,0.2837780163008637
12596,-7.684808622945645,0.2837496384992336
12597,-4.847042599824493,0.2837212635353837
12598,-6.759287870741509,0.28369289140903015
12599,-5.134258530299279,0.28366452211988924
12600,-5.660836571704619,0.28363615566767725
12601,-4.309484712624899,0.2836077920521105
12602,-4.1164095692668585,0.2835794312729053
12603,-7.151430051671337,0.283551073329778
12604,-2.879448442396812,0.28352271822244507
12605,-4.4922411722971916,0.28349436595062283
12606,-5.240762790632486,0.28346601651402775
12607,-5.8571229454465215,0.28343766991237634
12608,-5.560497861064919,0.2834093261453851
12609,-2.0780566555675213,0.28338098521277055
12610,-6.424392265912303,0.2833526471142493
12611,-5.27287424687591,0.2833243118495379
12612,-4.171561424532783,0.28329597941835294
12613,-5.208972002587748,0.2832676498204111
12614,-2.5242847721656467,0.28323932305542904
12615,-3.131306087939853,0.2832109991231235
12616,-6.500012007860929,0.2831826780232112
12617,-4.32688328880927,0.28315435975540887
12618,-6.176980266704577,0.28312604431943333
12619,-2.6692690477602756,0.2830977317150014
12620,-1.7219723235650586,0.28306942194182994
12621,-4.339604084006721,0.28304111499963575
12622,-7.499534771749583,0.2830128108881358
12623,-1.6785314214779183,0.28298450960704696
12624,-4.981202234555806,0.28295621115608627
12625,-6.1310364885839,0.28292791553497065
12626,-5.9942713443999125,0.2828996227434172
12627,-6.50490985626877,0.28287133278114285
12628,-5.558602275859262,0.2828430456478647
12629,-5.7941900364942285,0.2828147613432999
12630,-4.5693901868573805,0.2827864798671656
12631,-2.2280657721811803,0.2827582012191789
12632,-5.938373561844441,0.28272992539905695
12633,-7.288554129263924,0.28270165240651707
12634,-3.3584034364659336,0.2826733822412764
12635,-6.8439993993355595,0.2826451149030523
12636,-7.435250892954726,0.282616850391562
12637,-7.982775964282503,0.2825885887065228
12638,-5.764374646218463,0.28256032984765217
12639,-5.068428450666319,0.2825320738146674
12640,-1.7314608826132425,0.2825038206072859
12641,-3.9310429415071826,0.2824755702252252
12642,-4.857596011940659,0.28244732266820266
12643,-2.8659659877594432,0.28241907793593585
12644,-5.302764961655755,0.28239083602814224
12645,-8.257605541493813,0.2823625969445394
12646,-7.861113242767923,0.28233436068484496
12647,-5.274799716256512,0.28230612724877646
12648,-5.021145860567999,0.2822778966360516
12649,-6.427489477933866,0.28224966884638797
12650,-5.945037240428173,0.2822214438795033
12651,-6.314751126550683,0.28219322173511535
12652,-4.435610951317159,0.28216500241294185
12653,-6.237812635982323,0.2821367859127005
12654,-4.887596391286938,0.28210857223410923
12655,-5.085453947762829,0.2820803613768858
12656,-3.0769046158573747,0.2820521533407481
12657,-9.590572745322872,0.28202394812541404
12658,-2.982332815707891,0.2819957457306015
12659,-5.302879026073199,0.2819675461560284
12660,-4.815625583462266,0.28193934940141285
12661,-8.029178411919737,0.2819111554664727
12662,-6.226582195392971,0.2818829643509261
12663,-6.075504747844533,0.281854776054491
12664,-3.938032128507255,0.2818265905768855
12665,-6.1464136514703895,0.28179840791782784
12666,-6.164081728312366,0.28177022807703606
12667,-4.28817858975896,0.28174205105422834
12668,-2.6893068738323733,0.2817138768491229
12669,-2.21925935320852,0.281685705461438
12670,-2.4963185514399178,0.28165753689089185
12671,-2.3800074764065338,0.28162937113720277
12672,-5.094109215884568,0.28160120820008905
12673,-2.5503749801840274,0.28157304807926903
12674,-1.6540532334475015,0.2815448907744611
12675,-4.777679293401091,0.28151673628538365
12676,-5.680942171894972,0.28148858461175513
12677,-4.140670513345215,0.28146043575329394
12678,-5.543031693516326,0.2814322897097186
12679,-6.666110138552939,0.28140414648074763
12680,-3.1052537734723473,0.2813760060660996
12681,-3.9256802057295035,0.281347868465493
12682,-2.0186199907013247,0.28131973367864643
12683,-2.366166248050524,0.28129160170527856
12684,-1.825724018892784,0.28126347254510803
12685,-1.7548675830618494,0.2812353461978535
12686,-7.121717889764636,0.2812072226632337
12687,-7.447408266986348,0.2811791019409674
12688,-2.5050295266770384,0.2811509840307733
12689,-5.853068698541491,0.28112286893237026
12690,-6.644590612713265,0.281094756645477
12691,-3.7766258242365085,0.28106664716981244
12692,-7.531131904594152,0.28103854050509547
12693,-2.5973173652676422,0.28101043665104497
12694,-3.7352585402897303,0.2809823356073799
12695,-5.6254343921584375,0.28095423737381914
12696,-5.991775781652267,0.28092614195008175
12697,-2.3413199270848524,0.28089804933588675
12698,-3.6502708382546625,0.2808699595309532
12699,-2.127453367936698,0.2808418725350001
12700,-5.081671017293694,0.2808137883477466
12701,-7.611701205287268,0.28078570696891186
12702,-6.522992195398697,0.280757628398215
12703,-6.220992221915791,0.2807295526353752
12704,-6.982883540581722,0.28070147968011167
12705,-4.715473578487765,0.28067340953214365
12706,-5.792765579677715,0.2806453421911904
12707,-3.076603964848095,0.2806172776569713
12708,-5.785087225803884,0.2805892159292056
12709,-5.7761373098571775,0.2805611570076127
12710,-3.9645724462930327,0.2805331008919119
12711,-5.115996768944849,0.2805050475818227
12712,-6.439996386608096,0.2804769970770645
12713,-6.78381643290045,0.2804489493773568
12714,-5.115768165225249,0.2804209044824191
12715,-5.240925488654364,0.2803928623919708
12716,-2.1624568788647025,0.28036482310573163
12717,-5.748288115724311,0.28033678662342104
12718,-5.796682237729639,0.2803087529447587
12719,-1.7793110045713698,0.28028072206946425
12720,-6.41421798114278,0.28025269399725733
12721,-3.344066209631528,0.2802246687278576
12722,-6.098988140880063,0.28019664626098484
12723,-6.21950200964754,0.2801686265963587
12724,-2.79460425993188,0.2801406097336991
12725,-6.217098299272266,0.28011259567272573
12726,-2.3943516584871256,0.2800845844131585
12727,-6.163640641346412,0.28005657595471717
12728,-1.7038411147246453,0.2800285702971217
12729,-3.6993585741391777,0.280000567440092
12730,-8.017603401621027,0.27997256738334797
12731,-5.447204162013376,0.2799445701266096
12732,-5.893460063796034,0.27991657566959693
12733,-2.789260479837673,0.27988858401203
12734,-2.7618796339090323,0.27986059515362877
12735,-4.525315567692092,0.2798326090941134
12736,-2.7091611983017154,0.279804625833204
12737,-3.2155574381623016,0.27977664537062064
12738,-6.816322581377191,0.2797486677060836
12739,-8.938215843075863,0.279720692839313
12740,-3.181613602393987,0.27969272077002905
12741,-5.704479855826134,0.27966475149795206
12742,-5.789083615100958,0.27963678502280226
12743,-7.964336751336299,0.2796088213443
12744,-4.888094896424642,0.27958086046216557
12745,-4.867443010502338,0.27955290237611935
12746,-5.969287455737687,0.2795249470858817
12747,-6.0967090995166915,0.2794969945911731
12748,-8.758088356087763,0.279469044891714
12749,-5.1513263697682055,0.27944109798722483
12750,-5.162817090201395,0.2794131538774261
12751,-6.197527241026933,0.27938521256203835
12752,-7.4488652639236905,0.27935727404078214
12753,-6.845637156460574,0.2793293383133781
12754,-7.72386192570219,0.27930140537954673
12755,-6.500572682474299,0.2792734752390088
12756,-7.543602903469706,0.2792455478914849
12757,-7.508607520073488,0.27921762333669575
12758,-7.958998113469587,0.27918970157436207
12759,-6.521454596903218,0.27916178260420466
12760,-6.999160390073093,0.27913386642594423
12761,-8.913224531600047,0.27910595303930164
12762,-4.497956599061848,0.2790780424439977
12763,-8.572089724736589,0.2790501346397533
12764,-7.008526024998953,0.27902222962628936
12765,-3.8710307661661734,0.27899432740332675
12766,-2.8542241563022337,0.2789664279705864
12767,-3.9770589164020893,0.27893853132778934
12768,-5.313236771074155,0.27891063747465655
12769,-6.984176177469822,0.2788827464109091
12770,-7.98866994595476,0.27885485813626804
12771,-3.386577982975312,0.2788269726504544
12772,-5.1473565167252495,0.27879908995318936
12773,-2.9504294096278283,0.27877121004419403
12774,-5.299798151121502,0.2787433329231896
12775,-9.155785294584973,0.27871545858989727
12776,-4.500007335452435,0.2786875870440383
12777,-5.285874326651784,0.27865971828533387
12778,-2.357644416904022,0.27863185231350535
12779,-6.018160686354391,0.278603989128274
12780,-5.396682663835209,0.27857612872936116
12781,-2.6403484461225055,0.2785482711164882
12782,-4.8054295258169315,0.27852041628937657
12783,-7.799045065550671,0.27849256424774765
12784,-3.6476433661665975,0.27846471499132286
12785,-5.564329833487978,0.27843686851982374
12786,-5.8899193166434305,0.27840902483297175
12787,-5.351166900222374,0.27838118393048844
12788,-3.8333791496251592,0.2783533458120954
12789,-5.592541068621751,0.2783255104775142
12790,-4.569928755256879,0.2782976779264664
12791,-3.606234943318353,0.2782698481586738
12792,-2.6476398666839875,0.27824202117385793
12793,-2.42837687777204,0.27821419697174055
12794,-2.4475866592082935,0.2781863755520434
12795,-5.424411572268417,0.2781585569144882
12796,-1.8450113069406637,0.27813074105879676
12797,-6.542589966530652,0.2781029279846909
12798,-4.132869370599468,0.2780751176918924
12799,-5.458320517699733,0.27804731018012324
12800,-4.584546543793237,0.27801950544910525
12801,-8.387167917992256,0.27799170349856034
12802,-5.343026236061771,0.2779639043282105
12803,-5.977178684869667,0.2779361079377777
12804,-4.776109231361767,0.27790831432698393
12805,-3.1065056489484286,0.27788052349555126
12806,-3.4963335970499543,0.2778527354432017
12807,-2.918888964595173,0.2778249501696574
12808,-6.399743762911894,0.27779716767464047
12809,-4.624935944367134,0.277769387957873
12810,-5.542861421156843,0.2777416110190772
12811,-5.635291388322717,0.2777138368579753
12812,-4.645792609057461,0.2776860654742895
12813,-6.048940846820617,0.27765829686774207
12814,-6.773737378537149,0.2776305310380553
12815,-6.305287490572788,0.2776027679849515
12816,-8.43390189020257,0.27757500770815297
12817,-6.494695451362254,0.27754725020738213
12818,-8.572692067305635,0.2775194954823614
12819,-6.177557220097084,0.27749174353281314
12820,-6.1436867576316985,0.27746399435845986
12821,-3.2982629122856277,0.277436247959024
12822,-7.320697891682822,0.2774085043342281
12823,-6.71217072740177,0.27738076348379465
12824,-7.180648291772945,0.2773530254074463
12825,-5.061596146379183,0.27732529010490553
12826,-4.763790933630828,0.277297557575895
12827,-5.333558551510709,0.2772698278201374
12828,-4.4980354900786885,0.2772421008373554
12829,-4.56561725984459,0.27721437662727166
12830,-7.252185462151842,0.27718665518960894
12831,-6.859709397084533,0.27715893652408996
12832,-6.403620960951354,0.27713122063043755
12833,-4.770778851264323,0.2771035075083745
12834,-4.781724918767233,0.27707579715762365
12835,-6.713298547286708,0.2770480895779079
12836,-7.232945979190696,0.2770203847689501
12837,-7.54844134738403,0.27699268273047317
12838,-4.630792421273378,0.2769649834622001
12839,-3.5251521042528386,0.2769372869638539
12840,-5.768840357447731,0.2769095932351575
12841,-3.449737669090158,0.276881902275834
12842,-6.6886547141609025,0.2768542140856064
12843,-3.710867765081764,0.2768265286641978
12844,-5.764303521318627,0.2767988460113314
12845,-6.336599955050099,0.2767711661267303
12846,-6.007412167640407,0.27674348901011764
12847,-4.768518177062647,0.27671581466121664
12848,-7.529022052155492,0.27668814307975054
12849,-7.125142480050904,0.27666047426544255
12850,-4.903700683371899,0.276632808218016
12851,-4.942406280122329,0.2766051449371942
12852,-3.5142661696328537,0.27657748442270047
12853,-6.461893376347291,0.2765498266742582
12854,-6.0635114554148215,0.27652217169159077
12855,-4.93232213758216,0.2764945194744216
12856,-7.8011622211093465,0.27646687002247416
12857,-7.728662797449555,0.27643922333547194
12858,-5.007893957764969,0.2764115794131384
12859,-4.757787371705557,0.2763839382551971
12860,-5.360729960803601,0.27635629986137156
12861,-4.033718292999048,0.2763286642313854
12862,-5.935740085252613,0.27630103136496226
12863,-3.1348033311265806,0.27627340126182576
12864,-2.606375107598045,0.2762457739216996
12865,-4.039290722699113,0.2762181493443074
12866,-5.791427864792853,0.27619052752937295
12867,-6.487648264298306,0.27616290847662
12868,-7.424219581980581,0.2761352921857724
12869,-7.052114875326408,0.2761076786565538
12870,-4.288936948900121,0.2760800678886881
12871,-3.0123286280727353,0.27605245988189925
12872,-6.718786285888787,0.2760248546359111
12873,-5.248869388879759,0.2759972521504475
12874,-2.464442859662924,0.27596965242523247
12875,-2.71548312719617,0.27594205545998995
12876,-5.469688601133876,0.27591446125444397
12877,-4.754481808797429,0.2758868698083185
12878,-6.898394400896123,0.2758592811213377
12879,-7.164267080217508,0.27583169519322553
12880,-6.771808377125884,0.2758041120237062
12881,-5.539564120639989,0.2757765316125038
12882,-1.5001506942673557,0.27574895395934257
12883,-5.723992191495261,0.2757213790639466
12884,-7.257352766949402,0.27569380692604023
12885,-6.63534159513563,0.27566623754534764
12886,-6.252812962971854,0.2756386709215931
12887,-2.3371942964963512,0.275611107054501
12888,-5.140370820592885,0.2755835459437955
12889,-5.883954447366442,0.27555598758920113
12890,-6.401624485688259,0.2755284319904422
12891,-5.786534389856411,0.27550087914724314
12892,-6.880856643253688,0.2754733290593284
12893,-3.211580045003818,0.2754457817264225
12894,-5.83378789265034,0.2754182371482498
12895,-6.508677638693194,0.275390695324535
12896,-5.536812071121274,0.2753631562550025
12897,-5.843632808237611,0.275335619939377
12898,-5.236360075381143,0.2753080863773831
12899,-6.704771543313077,0.27528055556874537
12900,-4.795014791583986,0.2752530275131885
12901,-8.484256375313878,0.2752255022104372
12902,-3.7384460460181423,0.27519797966021614
12903,-5.7665163341399515,0.27517045986225014
12904,-3.5011922439133087,0.2751429428162639
12905,-3.7578950527085047,0.2751154285219823
12906,-8.608619097562043,0.2750879169791301
12907,-6.7306261074410845,0.2750604081874322
12908,-6.273186150002364,0.27503290214661347
12909,-7.667924613514185,0.2750053988563988
12910,-6.523299063272267,0.27497789831651315
12911,-6.596850233795715,0.2749504005266815
12912,-5.972156759594085,0.27492290548662884
12913,-7.35105048342353,0.2748954131960802
12914,-3.6762064361497355,0.2748679236547606
12915,-6.251937603268433,0.2748404368623951
12916,-4.710052076165702,0.2748129528187089
12917,-7.40412461542118,0.274785471523427
12918,-7.3855433854060095,0.2747579929762747
12919,-7.9753973283699064,0.27473051717697705
12920,-5.299223110408942,0.27470304412525937
12921,-2.078677560013129,0.27467557382084684
12922,-7.083131714983926,0.27464810626346475
12923,-6.0355794083388234,0.27462064145283843
12924,-6.781205506699435,0.27459317938869315
12925,-8.338643747864719,0.2745657200707543
12926,-6.428986490284766,0.2745382634987472
12927,-7.92158060336238,0.2745108096723973
12928,-7.905959010269614,0.2744833585914301
12929,-7.748811115127692,0.2744559102555709
12930,-6.660666889134159,0.27442846466454535
12931,-7.852200759966218,0.2744010218180789
12932,-6.950308682159362,0.2743735817158971
12933,-3.715408670599355,0.27434614435772553
12934,-3.6757960677607087,0.27431870974328976
12935,-7.526721634589328,0.27429127787231544
12936,-7.025204400142061,0.2742638487445282
12937,-7.395366330770686,0.27423642235965373
12938,-9.638289675254214,0.2742089987174178
12939,-6.172200600138424,0.27418157781754604
12940,-7.798620486992275,0.2741541596597643
12941,-3.695710886447436,0.27412674424379835
12942,-7.629654506062722,0.274099331569374
12943,-7.4547681948705735,0.2740719216362171
12944,-6.916840828983305,0.2740445144440535
12945,-8.048319645777863,0.2740171099926091
12946,-8.95198242073069,0.27398970828160985
12947,-5.416559588492085,0.2739623093107817
12948,-7.051174609346304,0.27393491307985063
12949,-9.822439387513555,0.27390751958854265
12950,-7.405969101578717,0.2738801288365838
12951,-6.70129282069231,0.27385274082370015
12952,-5.428223165113117,0.2738253555496178
12953,-8.226092982349153,0.27379797301406283
12954,-9.057114821974999,0.27377059321676145
12955,-7.486579661241264,0.2737432161574398
12956,-7.80589264548718,0.27371584183582404
12957,-7.772668671268896,0.27368847025164045
12958,-5.815218910674078,0.2736611014046153
12959,-6.347577773468048,0.2736337352944748
12960,-7.384061662999002,0.2736063719209454
12961,-3.990397178643119,0.2735790112837533
12962,-2.7311707120025583,0.2735516533826249
12963,-2.208366133078014,0.27352429821728663
12964,-2.375437578891456,0.2734969457874649
12965,-2.6440595479865565,0.2734695960928862
12966,-6.203091430262647,0.2734422491332769
12967,-2.539804111556783,0.27341490490836357
12968,-3.758221547487841,0.27338756341787274
12969,-8.588552643524622,0.2733602246615309
12970,-8.208425794530367,0.2733328886390648
12971,-3.644372463632206,0.2733055553502009
12972,-6.459755931528618,0.2732782247946659
12973,-3.8953382775515863,0.27325089697218646
12974,-3.3204355219017883,0.27322357188248925
12975,-9.106533241640447,0.273196249525301
12976,-6.58780320202027,0.2731689299003485
12977,-6.557811664703587,0.2731416130073585
12978,-5.502265880761227,0.27311429884605776
12979,-6.509783780780256,0.27308698741617315
12980,-2.744643181556405,0.27305967871743153
12981,-6.9937248667571765,0.27303237274955977
12982,-8.75145652231095,0.2730050695122848
12983,-6.307130527664015,0.2729777690053336
12984,-9.033772663696695,0.2729504712284331
12985,-5.780993695888049,0.27292317618131023
12986,-6.237933810292962,0.2728958838636921
12987,-7.101269883184885,0.27286859427530574
12988,-4.930230564289266,0.2728413074158782
12989,-2.7986866586956305,0.2728140232851366
12990,-4.887050692340266,0.2727867418828081
12991,-7.205728099398911,0.2727594632086198
12992,-4.974709628379345,0.272732187262299
12993,-6.868455342431307,0.2727049140435727
12994,-5.836225588474503,0.2726776435521684
12995,-6.213604012482211,0.2726503757878132
12996,-1.912358547947814,0.27262311075023443
12997,-3.440151763187786,0.2725958484391594
12998,-4.57971127681361,0.2725685888543155
12999,-4.471890526532366,0.27254133199543007
13000,-4.9127223143232825,0.27251407786223053
13001,-2.8438107261082313,0.27248682645444433
13002,-6.971929030849344,0.2724595777717989
13003,-6.924429978183943,0.2724323318140217
13004,-6.706790946510556,0.27240508858084034
13005,-7.257562752107071,0.27237784807198223
13006,-3.091564493674471,0.27235061028717505
13007,-6.377663669198552,0.27232337522614636
13008,-6.771362710956695,0.27229614288862375
13009,-7.091937285548649,0.2722689132743349
13010,-6.04388907093113,0.27224168638300744
13011,-6.377373742751577,0.2722144622143691
13012,-8.555945494400111,0.2721872407681477
13013,-8.247838419098978,0.2721600220440709
13014,-4.568035379350028,0.2721328060418665
13015,-6.787181463537478,0.27210559276126234
13016,-5.886727813715041,0.2720783822019862
13017,-7.6978314183144025,0.272051174363766
13018,-7.827517913710502,0.27202396924632966
13019,-4.793670159636944,0.27199676684940505
13020,-3.873286519522305,0.2719695671727201
13021,-4.40674305012098,0.2719423702160028
13022,-4.954800045844749,0.27191517597898124
13023,-8.258443764188426,0.27188798446138335
13024,-7.6029357606245345,0.2718607956629372
13025,-6.424739432603856,0.2718336095833709
13026,-4.961921233570658,0.2718064262224125
13027,-7.3196006170284384,0.2717792455797903
13028,-6.816388166467197,0.2717520676552323
13029,-7.577764768157193,0.27172489244846676
13030,-8.11617314219282,0.27169771995922193
13031,-7.691533286630925,0.271670550187226
13032,-3.672513955281771,0.2716433831322073
13033,-3.6532200849436163,0.2716162187938941
13034,-3.933853470748552,0.2715890571720147
13035,-7.877504074712519,0.2715618982662975
13036,-6.473843367465064,0.2715347420764709
13037,-4.814976276689008,0.27150758860226326
13038,-5.160971844150211,0.27148043784340303
13039,-7.374312333633853,0.2714532897996187
13040,-7.389430484186694,0.27142614447063873
13041,-4.8658918436997185,0.27139900185619165
13042,-8.107426048800216,0.27137186195600604
13043,-4.061961951677045,0.2713447247698104
13044,-6.5108391622322195,0.27131759029733343
13045,-3.794202031651475,0.2712904585383037
13046,-4.92022255517265,0.27126332949244986
13047,-5.140039081993367,0.2712362031595006
13048,-3.752017691288497,0.27120907953918466
13049,-6.88679869501626,0.27118195863123074
13050,-7.699755625386912,0.27115484043536764
13051,-4.467493697918855,0.2711277249513241
13052,-3.8991828068615106,0.27110061217882897
13053,-3.9142918822634827,0.2710735021176111
13054,-6.241182104046677,0.27104639476739933
13055,-5.312569309200983,0.2710192901279226
13056,-4.94702507927602,0.2709921881989098
13057,-7.862960635875554,0.2709650889800899
13058,-1.995519375963414,0.27093799247119194
13059,-5.002723557247253,0.27091089867194484
13060,-6.150337706108957,0.27088380758207764
13061,-2.9235780794673305,0.27085671920131943
13062,-5.278375709082474,0.2708296335293993
13063,-2.681502189016515,0.27080255056604635
13064,-6.359537880240063,0.27077547031098975
13065,-5.016366900671442,0.2707483927639587
13066,-7.073963616149975,0.2707213179246823
13067,-4.735983738858737,0.2706942457928898
13068,-6.047397604185235,0.2706671763683105
13069,-2.9895951603122772,0.2706401096506737
13070,-5.0656757748375,0.2706130456397086
13071,-2.9891555355651502,0.27058598433514464
13072,-6.899819762999839,0.27055892573671114
13073,-7.071571561605415,0.27053186984413746
13074,-2.9648510998363222,0.27050481665715304
13075,-5.869416237740262,0.2704777661754873
13076,-4.745240063050306,0.27045071839886975
13077,-6.4442337769191065,0.2704236733270299
13078,-2.439361415103587,0.2703966309596972
13079,-5.214491118430104,0.2703695912966012
13080,-4.352589672402239,0.27034255433747156
13081,-5.020661393934005,0.2703155200820378
13082,-6.314240287016987,0.27028848853002957
13083,-1.7446842470742565,0.2702614596811766
13084,-5.34150964998423,0.2702344335352085
13085,-3.929902199232,0.27020741009185495
13086,-6.407050389628845,0.27018038935084576
13087,-4.276162555678864,0.2701533713119107
13088,-5.36699267585114,0.2701263559747795
13089,-5.157286614253912,0.27009934333918206
13090,-4.372200862542369,0.27007233340484815
13091,-4.097464167207551,0.27004532617150767
13092,-5.951642933197075,0.2700183216388905
13093,-5.451036262496265,0.26999131980672664
13094,-5.914931507344837,0.26996432067474596
13095,-3.5953671573956543,0.26993732424267847
13096,-6.167266357145763,0.2699103305102542
13097,-5.8119700328737505,0.26988333947720317
13098,-5.66687309617944,0.26985635114325546
13099,-6.510397658596195,0.26982936550814113
13100,-6.1458549164961696,0.26980238257159034
13101,-5.929678229993716,0.2697754023333332
13102,-3.190152656163474,0.26974842479309985
13103,-5.756242674264184,0.26972144995062053
13104,-7.807773124232637,0.26969447780562544
13105,-4.473659010524127,0.26966750835784487
13106,-2.0342739319120056,0.26964054160700907
13107,-5.073097895076886,0.26961357755284837
13108,-1.9952022971355463,0.2695866161950931
13109,-2.0209473029025626,0.2695596575334736
13110,-5.552020910125581,0.26953270156772025
13111,-9.04842250269538,0.26950574829756346
13112,-8.567147368640248,0.2694787977227337
13113,-3.8413795119158887,0.26945184984296144
13114,-5.496607216641576,0.26942490465797714
13115,-7.198145315399349,0.26939796216751133
13116,-9.283777972164975,0.26937102237129457
13117,-7.206368586631666,0.26934408526905745
13118,-3.5649588060149164,0.26931715086053054
13119,-6.641143585365084,0.2692902191454445
13120,-3.755932973945831,0.26926329012352995
13121,-3.1422076088450073,0.2692363637945176
13122,-8.594544317368232,0.26920944015813814
13123,-4.02542261695467,0.26918251921412234
13124,-7.068795273331666,0.2691556009622009
13125,-10.819361384086914,0.2691286854021047
13126,-10.112601735732284,0.2691017725335645
13127,-5.843591347860287,0.2690748623563111
13128,-4.91551369603536,0.2690479548700755
13129,-5.854250607346003,0.2690210500745885
13130,-6.557175116622496,0.26899414796958104
13131,-9.13874176041885,0.2689672485547841
13132,-7.907394128396362,0.26894035182992865
13133,-5.588231431037272,0.2689134577947457
13134,-3.7491088372663084,0.2688865664489662
13135,-6.562405157041345,0.2688596777923213
13136,-4.660771867607826,0.26883279182454206
13137,-3.826453236616558,0.26880590854535963
13138,-3.9587200439128263,0.2687790279545051
13139,-3.9075196810701485,0.26875215005170966
13140,-3.9537652871589133,0.2687252748367045
13141,-3.9085529746871996,0.2686984023092208
13142,-7.724766826579741,0.2686715324689899
13143,-5.851655665697274,0.268644665315743
13144,-3.9363066111651532,0.26861780084921144
13145,-3.886015273539445,0.2685909390691265
13146,-4.710838239001037,0.2685640799752196
13147,-4.904913612102834,0.26853722356722204
13148,-6.355372608252177,0.2685103698448653
13149,-8.238531837280094,0.26848351880788085
13150,-3.9052737658737615,0.2684566704560001
13151,-3.960868391029881,0.2684298247889545
13152,-10.06007954842643,0.2684029818064756
13153,-4.021399021008337,0.268376141508295
13154,-7.474352095987804,0.26834930389414413
13155,-2.525800653938986,0.2683224689637547
13156,-3.65152810998466,0.26829563671685835
13157,-5.567020433400728,0.2682688071531867
13158,-3.752633416300366,0.26824198027247137
13159,-8.082790585164847,0.2682151560744441
13160,-7.83221741617973,0.26818833455883667
13161,-2.8378630533557816,0.2681615157253808
13162,-6.057659728695626,0.26813469957380826
13163,-5.982465926694425,0.2681078861038509
13164,-2.7232192341588948,0.2680810753152405
13165,-6.232944917165231,0.268054267207709
13166,-3.2377486471890524,0.2680274617809882
13167,-7.953376613974191,0.2680006590348101
13168,-7.699789264363711,0.2679738589689066
13169,-3.901128374757365,0.2679470615830097
13170,-7.469524454532057,0.2679202668768514
13171,-4.109618321165835,0.2678934748501637
13172,-6.325336396571153,0.26786668550267867
13173,-3.8976714338060074,0.2678398988341284
13174,-4.9782825954591745,0.26781311484424497
13175,-5.407040388404868,0.26778633353276055
13176,-5.321269238820747,0.2677595548994073
13177,-4.235837391450702,0.26773277894391734
13178,-7.333055320667582,0.26770600566602293
13179,-4.964587341954856,0.2676792350654563
13180,-7.483117079412918,0.2676524671419498
13181,-6.453407625170903,0.2676257018952356
13182,-6.940610913938244,0.2675989393250461
13183,-7.575844628974284,0.26757217943111355
13184,-6.734934699147242,0.26754542221317046
13185,-5.331919815884504,0.2675186676709491
13186,-4.779323508179341,0.267491915804182
13187,-7.653629190378252,0.2674651666126016
13188,-8.576678640477592,0.2674384200959404
13189,-2.2163204252705317,0.2674116762539308
13190,-5.982549772696567,0.2673849350863054
13191,-3.6403048804166884,0.26735819659279675
13192,-8.462042131711257,0.26733146077313746
13193,-4.963232189715201,0.26730472762706015
13194,-8.124520366566438,0.26727799715429745
13195,-5.231688245901797,0.26725126935458204
13196,-9.146500043048086,0.2672245442276466
13197,-7.739546343509705,0.2671978217732238
13198,-6.956604182974916,0.2671711019910465
13199,-5.146559695889161,0.2671443848808474
13200,-6.934026269786747,0.26711767044235935
13201,-7.483069247597534,0.2670909586753151
13202,-7.954690690130144,0.2670642495794476
13203,-7.145262811458795,0.26703754315448963
13204,-2.2395409882706043,0.26701083940017417
13205,-8.434758430145516,0.26698413831623413
13206,-2.255353013209908,0.2669574399024025
13207,-6.874241974753356,0.2669307441584123
13208,-4.899424948477643,0.26690405108399645
13209,-7.587242869070327,0.26687736067888806
13210,-4.930926936839418,0.26685067294282017
13211,-4.630117448992172,0.2668239878755259
13212,-4.044661741099871,0.26679730547673836
13213,-4.002720303689982,0.2667706257461907
13214,-5.245739458496595,0.26674394868361606
13215,-4.224412325524529,0.2667172742887477
13216,-4.253480403178141,0.2666906025613188
13217,-5.416117226010289,0.2666639335010627
13218,-7.847828225157603,0.2666372671077126
13219,-3.772574578511903,0.26661060338100184
13220,-5.974753119800562,0.26658394232066374
13221,-5.252308540522309,0.2665572839264317
13222,-4.183211591872638,0.266530628198039
13223,-5.990738028450764,0.26650397513521923
13224,-7.957644346531252,0.2664773247377057
13225,-5.443674379319237,0.2664506770052319
13226,-4.449536191331127,0.2664240319375314
13227,-6.597279330691679,0.2663973895343376
13228,-4.409801531653917,0.26637074979538417
13229,-4.372099733633661,0.26634411272040465
13230,-4.234625289719784,0.2663174783091326
13231,-4.067742456288641,0.2662908465613017
13232,-8.135019965628413,0.2662642174766456
13233,-4.334738639812135,0.2662375910548979
13234,-6.690673048310643,0.2662109672957924
13235,-6.796135622705684,0.26618434619906284
13236,-4.960197510954623,0.2661577277644429
13237,-4.469588895166682,0.26613111199166645
13238,-6.355530834731896,0.2661044988804673
13239,-5.528396375325945,0.2660778884305792
13240,-4.446663370913138,0.26605128064173617
13241,-4.212621079629921,0.266024675513672
13242,-7.583095139893974,0.2659980730461206
13243,-4.438458948862916,0.265971473238816
13244,-6.444081738701211,0.2659448760914921
13245,-4.5329683468689534,0.2659182816038829
13246,-8.154514534237524,0.26589168977572253
13247,-4.265621384876702,0.26586510060674495
13248,-6.881247393744532,0.2658385140966843
13249,-7.445483346450555,0.2658119302452746
13250,-4.275711554793096,0.2657853490522501
13251,-4.5689454674850145,0.26575877051734487
13252,-9.238394924851946,0.26573219464029313
13253,-2.300840077248819,0.2657056214208291
13254,-2.2267195842855934,0.26567905085868704
13255,-7.769699126701792,0.26565248295360117
13256,-5.704155048195344,0.2656259177053058
13257,-5.531679384037878,0.2655993551135353
13258,-5.577898747722696,0.2655727951780239
13259,-5.834098041457552,0.2655462378985061
13260,-2.991070763221241,0.26551968327471626
13261,-3.867627757757136,0.2654931313063888
13262,-5.061128815138133,0.2654665819932582
13263,-7.108844202551853,0.26544003533505883
13264,-2.0397768641308804,0.2654134913315253
13265,-6.064359198417402,0.26538694998239215
13266,-2.101624310018521,0.2653604112873939
13267,-8.854658473694474,0.26533387524626517
13268,-4.490597407854501,0.26530734185874055
13269,-6.802713328312826,0.2652808111245547
13270,-6.238429611813713,0.26525428304344223
13271,-6.954245027056624,0.2652277576151379
13272,-5.740119594631251,0.2652012348393764
13273,-7.527284027849865,0.2651747147158925
13274,-4.269731358255385,0.2651481972444209
13275,-4.09510889146971,0.26512168242469647
13276,-5.943563612672342,0.265095170256454
13277,-5.269707963285217,0.26506866073942836
13278,-6.389178205782759,0.26504215387335445
13279,-2.153534480057087,0.2650156496579671
13280,-4.769680748597702,0.2649891480930013
13281,-2.362448898315722,0.264962649178192
13282,-5.064683094658098,0.2649361529132742
13283,-6.086711391371026,0.2649096592979829
13284,-7.297392856512071,0.2648831683320531
13285,-7.15899160741014,0.2648566800152199
13286,-2.271608358513337,0.2648301943472184
13287,-4.481627245869628,0.2648037113277837
13288,-3.0298768470073343,0.2647772309566509
13289,-1.8097158381330325,0.26475075323355524
13290,-8.033862205040727,0.2647242781582319
13291,-3.46185604621657,0.26469780573041607
13292,-1.8646202213318899,0.26467133594984305
13293,-7.5680915935853,0.26464486881624805
13294,-3.319803731634851,0.26461840432936645
13295,-3.405755237626856,0.26459194248893353
13296,-8.965355526724037,0.26456548329468466
13297,-1.9034364589593644,0.2645390267463552
13298,-3.281504361884141,0.26451257284368057
13299,-5.9473095600812105,0.26448612158639623
13300,-3.098133961307038,0.2644596729742376
13301,-6.047282972162634,0.2644332270069402
13302,-6.256972944492684,0.26440678368423953
13303,-4.397015925014779,0.2643803430058711
13304,-7.303958839753867,0.2643539049715705
13305,-7.257866037075143,0.26432746958107334
13306,-7.747550276541178,0.2643010368341152
13307,-7.364790852086976,0.2642746067304318
13308,-5.271788368230448,0.26424817926975874
13309,-5.727077224609894,0.26422175445183177
13310,-6.516040779084913,0.2641953322763866
13311,-5.257117750921839,0.26416891274315896
13312,-8.315612888755338,0.26414249585188465
13313,-6.836301744608006,0.2641160816022995
13314,-4.356628270472772,0.26408966999413924
13315,-6.032648082214304,0.26406326102713984
13316,-6.966975247275764,0.2640368547010371
13317,-5.726507164487808,0.264010451015567
13318,-7.14271938684546,0.2639840499704655
13319,-6.48404687761742,0.26395765156546847
13320,-4.766726227892198,0.2639312558003119
13321,-5.319999425501124,0.2639048626747319
13322,-6.347007764039349,0.26387847218846444
13323,-5.257374129240456,0.2638520843412456
13324,-3.6143625400626322,0.26382569913281145
13325,-7.726374472336686,0.2637993165628982
13326,-6.9676896917405395,0.2637729366312419
13327,-4.481730034904064,0.2637465593375788
13328,-4.709876542354591,0.26372018468164504
13329,-4.093458732804765,0.2636938126631769
13330,-4.784972668951595,0.26366744328191055
13331,-3.4035059707433275,0.26364107653758234
13332,-8.720895437301927,0.26361471242992857
13333,-3.7155074681826696,0.2635883509586856
13334,-8.073226435691097,0.2635619921235897
13335,-5.959522721111039,0.26353563592437734
13336,-5.275478697260736,0.2635092823607849
13337,-8.703295143427933,0.26348293143254886
13338,-3.704283550450419,0.2634565831394056
13339,-8.570934502533879,0.2634302374810917
13340,-4.731056751142548,0.2634038944573436
13341,-7.678666569030356,0.26337755406789787
13342,-4.4173883442691935,0.2633512163124911
13343,-5.0765569090710745,0.26332488119085984
13344,-4.630587225512947,0.2632985487027408
13345,-9.294322249011095,0.2632722188478705
13346,-3.5734502860606607,0.2632458916259857
13347,-6.125746506359012,0.26321956703682314
13348,-5.618407857525242,0.2631932450801195
13349,-6.416054347999603,0.26316692575561146
13350,-2.302337887683088,0.2631406090630359
13351,-4.8587969737783805,0.2631142950021296
13352,-3.312373892976806,0.26308798357262936
13353,-2.3567039976241317,0.2630616747742721
13354,-2.3574509971560706,0.2630353686067947
13355,-7.132763181264924,0.26300906506993404
13356,-3.0426586088994747,0.26298276416342703
13357,-3.4358412292857357,0.2629564658870107
13358,-2.2101693132254123,0.26293017024042203
13359,-2.41079935809147,0.262903877223398
13360,-4.759397619463247,0.26287758683567564
13361,-5.930667270562241,0.26285129907699206
13362,-2.2602046741318644,0.26282501394708435
13363,-2.2371612634764526,0.26279873144568966
13364,-2.409739432655635,0.2627724515725451
13365,-2.1684090382158576,0.26274617432738784
13366,-6.8728775469497645,0.26271989970995513
13367,-5.012543997768558,0.2626936277199841
13368,-5.16319870152905,0.2626673583572121
13369,-2.1175683848248164,0.2626410916213764
13370,-5.086421783258365,0.26261482751221427
13371,-2.9548564802926873,0.26258856602946307
13372,-4.215561605170906,0.2625623071728601
13373,-2.434117260089737,0.26253605094214283
13374,-3.274998018890332,0.2625097973370486
13375,-3.1182753302524535,0.2624835463573149
13376,-4.9395450446570655,0.2624572980026792
13377,-7.144173853189805,0.26243105227287894
13378,-1.6620087487942081,0.26240480916765163
13379,-5.7540551035686605,0.26237856868673487
13380,-5.976218165453432,0.2623523308298662
13381,-5.165607237909256,0.2623260955967832
13382,-6.785641536558117,0.2622998629872235
13383,-2.673465422918849,0.2622736330009248
13384,-2.1948455526910298,0.2622474056376247
13385,-2.8527212592883275,0.262221180897061
13386,-10.524147498437973,0.26219495877897125
13387,-5.819219239199729,0.26216873928309337
13388,-5.842519435331976,0.2621425224091651
13389,-4.705535750286989,0.26211630815692416
13390,-2.0680381615127583,0.2620900965261085
13391,-3.5001926196360724,0.2620638875164559
13392,-6.85793277043739,0.26203768112770426
13393,-5.570232231350046,0.2620114773595915
13394,-6.866695825909149,0.2619852762118556
13395,-2.50561414584858,0.2619590776842344
13396,-5.772971355554196,0.26193288177646595
13397,-2.119023432546311,0.2619066884882883
13398,-8.126913387961746,0.26188049781943945
13399,-2.4283997064095857,0.2618543097696575
13400,-4.5264169183490885,0.2618281243386805
13401,-6.746915617616665,0.26180194152624664
13402,-6.410192849707204,0.261775761332094
13403,-5.323490406648616,0.2617495837559608
13404,-4.681009418269719,0.2617234087975852
13405,-7.05581842839361,0.26169723645670545
13406,-6.894254514487727,0.2616710667330598
13407,-5.97626555706379,0.2616448996263865
13408,-5.5480360452250865,0.26161873513642386
13409,-5.225856314374369,0.26159257326291024
13410,-5.595187418262934,0.26156641400558395
13411,-5.036447196158626,0.2615402573641834
13412,-1.8650938956033736,0.261514103338447
13413,-4.604629695593302,0.26148795192811314
13414,-7.75125841474612,0.26146180313292033
13415,-3.162384260546399,0.26143565695260707
13416,-2.612404546850188,0.2614095133869118
13417,-6.252785313749297,0.26138337243557314
13418,-5.485651219346526,0.26135723409832956
13419,-6.60313164440429,0.26133109837491975
13420,-8.360853069858571,0.26130496526508223
13421,-9.038072976704694,0.26127883476855573
13422,-4.663205529369733,0.2612527068850789
13423,-6.5426495717336,0.2612265816143904
13424,-7.451613984826063,0.26120045895622895
13425,-5.413680437411076,0.2611743389103333
13426,-5.969469163585806,0.2611482214764423
13427,-7.514931192502245,0.26112210665429464
13428,-6.365971507472517,0.2610959944436292
13429,-6.674895668519605,0.2610698848441848
13430,-3.3043784710368937,0.2610437778557004
13431,-6.947827059558957,0.2610176734779148
13432,-7.688186045105326,0.260991571710567
13433,-9.62540960837186,0.26096547255339597
13434,-5.997154281342077,0.26093937600614064
13435,-7.748326672099441,0.26091328206854003
13436,-7.843065031937538,0.2608871907403332
13437,-6.03208351561503,0.2608611020212591
13438,-6.754853065684427,0.260835015911057
13439,-8.508308027114026,0.2608089324094659
13440,-6.519892393297495,0.26078285151622493
13441,-4.988616473945683,0.2607567732310733
13442,-7.968244977087218,0.2607306975537502
13443,-3.401464626878728,0.26070462448399484
13444,-1.892751976604491,0.26067855402154644
13445,-2.7608461586976074,0.2606524861661443
13446,-1.8690696938341682,0.2606264209175277
13447,-5.6305577780344285,0.26060035827543593
13448,-7.3693182570534335,0.26057429823960837
13449,-7.996471792324508,0.2605482408097844
13450,-2.215158271214444,0.2605221859857034
13451,-5.65513779288953,0.26049613376710484
13452,-2.4755600186878524,0.26047008415372813
13453,-6.494147882117691,0.2604440371453128
13454,-5.452067559178852,0.26041799274159827
13455,-8.212555012618521,0.2603919509423241
13456,-4.716488094928531,0.26036591174722984
13457,-1.672380518841438,0.2603398751560551
13458,-4.699407700165244,0.2603138411685395
13459,-8.83998381446036,0.2602878097844227
13460,-7.100487931257728,0.2602617810034442
13461,-4.700943638617814,0.2602357548253439
13462,-6.403339759520028,0.26020973124986135
13463,-5.678647146807739,0.26018371027673637
13464,-5.8513980092716,0.2601576919057087
13465,-6.235908172485848,0.2601316761365181
13466,-3.902785123394968,0.26010566296890447
13467,-3.016328144494948,0.2600796524026076
13468,-2.914642933200903,0.26005364443736734
13469,-7.087494945166581,0.2600276390729236
13470,-1.7414729925288819,0.2600016363090163
13471,-6.0685728112781145,0.2599756361453854
13472,-4.088823109384855,0.25994963858177084
13473,-3.32223601418336,0.25992364361791265
13474,-3.841228654158985,0.25989765125355085
13475,-7.059089562329525,0.2598716614884255
13476,-6.687044269851148,0.2598456743222767
13477,-2.4660868266754346,0.25981968975484443
13478,-8.297671698153595,0.25979370778586897
13479,-6.13537891379676,0.2597677284150904
13480,-6.556576035740516,0.2597417516422489
13481,-7.131357789430012,0.2597157774670847
13482,-5.8139140742774575,0.259689805889338
13483,-2.7277321124024674,0.25966383690874906
13484,-6.2059005913819725,0.2596378705250582
13485,-3.987532524537633,0.2596119067380057
13486,-3.95448954096639,0.25958594554733194
13487,-6.5505591513950545,0.2595599869527772
13488,-5.480769610215015,0.25953403095408195
13489,-4.261747662018547,0.25950807755098654
13490,-7.839156257470632,0.25948212674323146
13491,-7.358854964467419,0.25945617853055714
13492,-4.155580112916206,0.25943023291270406
13493,-3.6541525150871106,0.2594042898894128
13494,-4.278728585862582,0.2593783494604238
13495,-8.054265794709586,0.2593524116254778
13496,-4.0834815872001595,0.2593264763843152
13497,-2.462813136067044,0.25930054373667677
13498,-3.7690312520932423,0.2592746136823031
13499,-4.084007360173235,0.2592486862209349
13500,-5.838137883430825,0.2592227613523128
13501,-7.078581972873321,0.2591968390761776
13502,-6.647867097762584,0.25917091939226994
13503,-6.994542156754267,0.2591450023003307
13504,-4.363284734725653,0.2591190878001007
13505,-6.69299356112793,0.2590931758913207
13506,-2.2939844110829197,0.2590672665737316
13507,-7.195938262359553,0.2590413598470742
13508,-7.8503366126465215,0.2590154557110895
13509,-3.976351270684804,0.25898955416551844
13510,-8.914590688768751,0.2589636552101019
13511,-8.18435886544615,0.25893775884458087
13512,-6.9459349556559475,0.2589118650686964
13513,-4.022615596674103,0.25888597388218954
13514,-4.496859575968095,0.2588600852848013
13515,-4.079459889643727,0.2588341992762728
13516,-4.181207924620169,0.25880831585634523
13517,-6.573896236106941,0.2587824350247596
13518,-4.008858987394249,0.25875655678125714
13519,-3.9573553789947207,0.258730681125579
13520,-4.617046885351781,0.25870480805746643
13521,-4.066503897657094,0.25867893757666066
13522,-4.0060128479558195,0.258653069682903
13523,-8.857125902308354,0.2586272043759347
13524,-8.1695842752596,0.25860134165549714
13525,-7.144654462151595,0.2585754815213316
13526,-4.848275941842898,0.25854962397317943
13527,-8.89769260095277,0.2585237690107821
13528,-9.534697826083296,0.25849791663388105
13529,-4.152574136884311,0.2584720668422177
13530,-5.408126849992372,0.2584462196355335
13531,-7.199586317366985,0.25842037501356996
13532,-7.525227779035467,0.2583945329760686
13533,-4.410568422090138,0.25836869352277103
13534,-4.023038244848957,0.2583428566534188
13535,-5.158443523445649,0.25831702236775345
13536,-7.4603528846226315,0.2582911906655167
13537,-9.33538834369008,0.25826536154645013
13538,-4.336451389324624,0.2582395350102955
13539,-4.459873626810015,0.25821371105679447
13540,-7.913638214942276,0.2581878896856888
13541,-4.674531146683755,0.2581620708967202
13542,-5.758760688202931,0.25813625468963053
13543,-5.195609498676304,0.2581104410641616
13544,-7.700137489377341,0.25808463002005516
13545,-3.1435927314797847,0.2580588215570532
13546,-6.490714740500251,0.25803301567489745
13547,-4.18744866583889,0.25800721237332996
13548,-5.916240224998654,0.25798141165209265
13549,-4.699008693409217,0.25795561351092744
13550,-6.379973685847078,0.25792981794957637
13551,-2.420183959204758,0.2579040249677814
13552,-5.176544281038472,0.25787823456528464
13553,-6.46321504077328,0.2578524467418281
13554,-7.223488162684396,0.25782666149715394
13555,-9.36446924798771,0.2578008788310042
13556,-6.164173647426416,0.2577750987431211
13557,-4.02441102895898,0.2577493212332468
13558,-7.652642953994713,0.2577235463011235
13559,-5.668052951527468,0.2576977739464934
13560,-6.110265389021385,0.25767200416909875
13561,-4.208116172382644,0.25764623696868183
13562,-1.3033974130154622,0.257620472344985
13563,-5.839724432840381,0.2575947102977505
13564,-2.6548149410521527,0.2575689508267207
13565,-4.9241828954269655,0.25754319393163805
13566,-6.343465216198969,0.2575174396122449
13567,-3.5885437802818307,0.25749168786828364
13568,-6.670759994455819,0.2574659386994968
13569,-6.692754636419675,0.25744019210562685
13570,-5.275771380401817,0.2574144480864163
13571,-2.766224305475701,0.2573887066416076
13572,-5.5214755343970925,0.2573629677709435
13573,-3.595400898078863,0.2573372314741664
13574,-4.316771880623477,0.25731149775101897
13575,-7.689721886817293,0.25728576660124386
13576,-4.943905596946637,0.25726003802458375
13577,-5.086852765089144,0.2572343120207813
13578,-5.313989212193658,0.25720858858957923
13579,-5.78057917926272,0.2571828677307203
13580,-1.6441641235537734,0.25715714944394724
13581,-1.5573693032515719,0.2571314337290028
13582,-5.721466476770216,0.2571057205856299
13583,-4.150130493495335,0.25708001001357134
13584,-2.818545860903861,0.25705430201256996
13585,-4.3552415916902305,0.2570285965823687
13586,-4.761124835052337,0.25700289372271046
13587,-2.362956309758368,0.2569771934333382
13588,-2.210679112326958,0.25695149571399484
13589,-5.1759360828784065,0.25692580056442343
13590,-5.441232400043788,0.256900107984367
13591,-4.5871682439699235,0.2568744179735686
13592,-2.585729598226707,0.2568487305317712
13593,-3.63879659106107,0.25682304565871805
13594,-6.071130899639035,0.2567973633541522
13595,-4.506894366437087,0.25677168361781677
13596,-1.5201017057109572,0.256746006449455
13597,-4.399386897867817,0.25672033184881005
13598,-6.434429525376149,0.25669465981562517
13599,-2.619365455512881,0.25666899034964363
13600,-5.120704739399683,0.2566433234506087
13601,-7.660694852351902,0.2566176591182636
13602,-5.0990936097171895,0.2565919973523518
13603,-3.8130687682760236,0.25656633815261654
13604,-2.639009468769647,0.2565406815188013
13605,-7.495576162099235,0.2565150274506494
13606,-5.825649939111006,0.25648937594790433
13607,-4.653572477720767,0.25646372701030956
13608,-7.0079161636507665,0.25643808063760853
13609,-2.823263998829603,0.2564124368295448
13610,-5.213933372777676,0.25638679558586186
13611,-2.665921490018246,0.2563611569063033
13612,-6.263599887115374,0.25633552079061267
13613,-5.522619162147116,0.2563098872385336
13614,-6.723007112822508,0.25628425624980977
13615,-10.19485433730506,0.2562586278241848
13616,-4.250059757138498,0.25623300196140236
13617,-3.947404764489735,0.25620737866120624
13618,-6.434301246889728,0.25618175792334014
13619,-3.4896899761933398,0.2561561397475478
13620,-3.514718151367457,0.25613052413357307
13621,-4.954307544380214,0.25610491108115974
13622,-6.739516975734651,0.25607930059005163
13623,-8.503725233180583,0.2560536926599926
13624,-4.4705372907134375,0.2560280872907266
13625,-4.3957877220196915,0.2560024844819975
13626,-4.795441343442752,0.2559768842335493
13627,-2.626736751535821,0.25595128654512594
13628,-5.348467153588238,0.2559256914164714
13629,-4.8608639007416645,0.2559000988473298
13630,-5.126531336783234,0.25587450883744506
13631,-5.048555617030763,0.2558489213865613
13632,-9.390612692314441,0.2558233364944226
13633,-4.534506642142487,0.25579775416077316
13634,-6.676614102117017,0.2557721743853571
13635,-4.959613789919068,0.2557465971679186
13636,-7.320094646847681,0.2557210225082018
13637,-7.1702432006682555,0.255695450405951
13638,-8.62697687854264,0.2556698808609104
13639,-4.521153753580057,0.2556443138728243
13640,-5.677236824360824,0.25561874944143703
13641,-2.799970877513579,0.2555931875664929
13642,-2.487386012868896,0.25556762824773627
13643,-2.313085741989366,0.2555420714849115
13644,-2.7815442554009318,0.255516517277763
13645,-3.0289604716647514,0.2554909656260352
13646,-2.109994728301164,0.2554654165294726
13647,-5.565942460731521,0.25543986998781965
13648,-5.016006404538501,0.25541432600082087
13649,-2.2137471299440508,0.2553887845682208
13650,-4.433385315264747,0.255363245689764
13651,-2.344558062658753,0.255337709365195
13652,-8.524181956532013,0.2553121755942585
13653,-2.3348380707304512,0.25528664437669907
13654,-5.9565000597916695,0.2552611157122614
13655,-3.37354293451292,0.25523558960069015
13656,-3.1234760918884343,0.2552100660417301
13657,-5.837362146694554,0.2551845450351259
13658,-5.3104678480865894,0.2551590265806224
13659,-4.626111837338399,0.25513351067796436
13660,-5.679412175691944,0.25510799732689654
13661,-5.9123561195545875,0.25508248652716387
13662,-4.133286477989522,0.25505697827851115
13663,-3.1359404185329294,0.2550314725806833
13664,-3.748705646366134,0.25500596943342524
13665,-2.0821515164722015,0.2549804688364819
13666,-5.719250759130704,0.2549549707895983
13667,-6.155617246659199,0.2549294752925193
13668,-3.874198774508512,0.25490398234499007
13669,-6.4628729415432655,0.25487849194675555
13670,-4.049674285174867,0.2548530040975609
13671,-3.374417846326772,0.25482751879715115
13672,-6.762450564295875,0.25480203604527146
13673,-5.213117119705585,0.2547765558416669
13674,-6.539630726704971,0.2547510781860828
13675,-7.288780975369151,0.2547256030782642
13676,-7.071007470400437,0.25470013051795637
13677,-6.020156971535148,0.25467466050490456
13678,-6.099133433738735,0.2546491930388541
13679,-5.277420917724729,0.2546237281195502
13680,-5.172268818675755,0.2545982657467382
13681,-4.376506332424016,0.25457280592016357
13682,-5.911906520141818,0.25454734863957157
13683,-5.720327619702563,0.25452189390470764
13684,-6.090943814422752,0.25449644171531716
13685,-8.188598239297411,0.25447099207114565
13686,-6.229824487239744,0.25444554497193855
13687,-5.335511465883673,0.25442010041744134
13688,-6.2020075819302125,0.2543946584073996
13689,-5.157684401923509,0.2543692189415589
13690,-7.687043639334563,0.25434378201966473
13691,-5.445261842512238,0.25431834764146277
13692,-4.991115106991031,0.2542929158066986
13693,-8.173759402687928,0.25426748651511794
13694,-2.9900760244418056,0.2542420597664664
13695,-1.8023485229024123,0.2542166355604898
13696,-5.829544804929857,0.2541912138969337
13697,-5.571394705497002,0.254165794775544
13698,-5.7305025983166615,0.25414037819606644
13699,-6.129346611396917,0.25411496415824686
13700,-7.274023052863323,0.25408955266183103
13701,-6.8249381363518085,0.2540641437065648
13702,-4.702193723522905,0.25403873729219417
13703,-7.549547608481376,0.25401333341846494
13704,-4.6855640786753945,0.2539879320851231
13705,-1.8298043633511072,0.2539625332919146
13706,-6.721695017172677,0.2539371370385854
13707,-8.415224205664227,0.25391174332488153
13708,-8.279952052115728,0.25388635215054906
13709,-4.664031083548572,0.253860963515334
13710,-2.0039114464114385,0.25383557741898244
13711,-3.5668700535784397,0.25381019386124054
13712,-6.570203569350465,0.25378481284185445
13713,-2.5615702833478036,0.25375943436057025
13714,-7.1600067945741745,0.2537340584171342
13715,-4.7027999627645265,0.2537086850112925
13716,-3.1090001361250854,0.2536833141427914
13717,-7.175892094353791,0.25365794581137713
13718,-5.1658491830002005,0.253632580016796
13719,-7.564035226720781,0.25360721675879433
13720,-3.2063625726256832,0.25358185603711847
13721,-3.137814669441359,0.25355649785151474
13722,-6.75957045821351,0.25353114220172956
13723,-3.138979405968768,0.25350578908750937
13724,-3.1393430241640647,0.25348043850860064
13725,-3.143343584523192,0.2534550904647498
13726,-4.3953606798532565,0.2534297449557033
13727,-3.596526987815589,0.2534044019812077
13728,-3.16007556174476,0.2533790615410096
13729,-4.271511558781842,0.2533537236348555
13730,-7.964666817641323,0.253328388262492
13731,-2.4742073503490367,0.25330305542366577
13732,-4.292315858156624,0.2532777251181234
13733,-7.300597272111802,0.2532523973456116
13734,-4.09138279854091,0.253227072105877
13735,-4.5149236817496705,0.25320174939866646
13736,-4.0342124245151005,0.2531764292237266
13737,-2.4356119904494014,0.2531511115808042
13738,-8.741091620686907,0.25312579646964617
13739,-1.995519375963414,0.25310048388999923
13740,-6.4378516768980925,0.2530751738416102
13741,-5.7817825779581415,0.25304986632422605
13742,-5.594306484551083,0.2530245613375936
13743,-8.076196549359473,0.25299925888145985
13744,-2.681502189016515,0.25297395895557173
13745,-5.033305054931672,0.25294866155967616
13746,-5.017493436997321,0.25292336669352017
13747,-4.463616644208283,0.2528980743568508
13748,-5.29719027130041,0.25287278454941514
13749,-2.125813405001917,0.2528474972709602
13750,-2.9895951603122772,0.2528222125212331
13751,-4.936957464355825,0.25279693029998096
13752,-2.9891555355651502,0.25277165060695095
13753,-5.185696649753114,0.25274637344189027
13754,-5.304709772640387,0.2527210988045461
13755,-2.933056089264681,0.2526958266946656
13756,-5.849127514583326,0.25267055711199615
13757,-4.745240063050306,0.25264529005628494
13758,-6.4442337769191065,0.2526200255272793
13759,-1.815860730285127,0.2525947635247266
13760,-5.460614403255262,0.25256950404837414
13761,-4.575187624559039,0.2525442470979693
13762,-4.95636881438271,0.2525189926732595
13763,-5.127529554427558,0.25249374077399217
13764,-5.204783595782133,0.2524684913999148
13765,-4.869901063832665,0.25244324455077477
13766,-4.034377019553378,0.2524180002263197
13767,-8.286193500578266,0.2523927584262971
13768,-4.485891409161326,0.25236751915045447
13769,-8.716836749370898,0.2523422823985394
13770,-3.7317455745788357,0.25231704817029954
13771,-2.270482109040515,0.2522918164654825
13772,-4.097464167207551,0.25226658728383594
13773,-4.456118122041032,0.25224136062510755
13774,-5.418369637513781,0.25221613648904506
13775,-5.914931507344837,0.25219091487539613
13776,-4.019883773174074,0.25216569578390857
13777,-2.448094416813881,0.2521404792143302
13778,-7.02237048454727,0.25211526516640875
13779,-6.325561861394412,0.2520900536398921
13780,-6.386156159565466,0.2520648446345281
13781,-6.083345740276032,0.25203963815006464
13782,-7.573932731090081,0.25201443418624964
13783,-1.5635115193674083,0.251989232742831
13784,-4.572413542608075,0.25196403381955673
13785,-5.095373794861882,0.2519388374161748
13786,-5.414107399414989,0.2519136435324332
13787,-7.5756184800849224,0.2518884521680799
13788,-5.4693922908578685,0.25186326332286313
13789,-9.095923788669527,0.2518380769965308
13790,-2.0209473029025626,0.25181289318883116
13791,-5.128329135844991,0.25178771189951227
13792,-5.081315773251966,0.2517625331283223
13793,-4.796627836812789,0.2517373568750095
13794,-4.955254095743093,0.251712183139322
13795,-3.8309041066746077,0.25168701192100806
13796,-4.1087192717048495,0.25166184321981594
13797,-2.0249406203587053,0.25163667703549397
13798,-2.0184455995320403,0.2516115133677904
13799,-5.770045690752436,0.25158635221645365
13800,-3.81119573972396,0.251561193581232
13801,-6.508248989551181,0.2515360374618739
13802,-5.652025929171246,0.25151088385812775
13803,-5.463525477415307,0.25148573276974195
13804,-6.677060176601147,0.251460584196465
13805,-8.016521306617266,0.25143543813804536
13806,-7.215029360428917,0.2514102945942316
13807,-4.3281522996916895,0.25138515356477215
13808,-3.886971591276449,0.2513600150494157
13809,-3.877488311843211,0.25133487904791074
13810,-6.671785127744183,0.25130974556000596
13811,-6.347290944127787,0.25128461458545
13812,-5.125718477916466,0.25125948612399146
13813,-4.312645942182018,0.2512343601753791
13814,-5.340413675376693,0.2512092367393616
13815,-5.328291518085999,0.2511841158156876
13816,-5.483236562216012,0.251158997404106
13817,-5.018506657491189,0.2511338815043656
13818,-3.8096827267853093,0.2511087681162152
13819,-6.576228659295566,0.25108365723940357
13820,-8.74052934865262,0.2510585488736796
13821,-5.8723974641162995,0.25103344301879227
13822,-7.68668833055867,0.2510083396744904
13823,-3.9836234046658228,0.2509832388405229
13824,-3.81902773905351,0.2509581405166389
13825,-3.938542679142653,0.25093304470258726
13826,-3.8725988656744463,0.250907951398117
13827,-3.9458423683216814,0.2508828606029772
13828,-5.732718820118788,0.2508577723169169
13829,-6.396135327421959,0.2508326865396852
13830,-3.1618446830567217,0.25080760327103124
13831,-5.2213663971455855,0.25078252251070415
13832,-9.054065077284296,0.2507574442584531
13833,-7.764906729911143,0.25073236851402725
13834,-4.3633694555486855,0.25070729527717583
13835,-7.0075564879503505,0.2506822245476481
13836,-2.21925935320852,0.25065715632519336
13837,-2.616809271218574,0.2506320906095608
13838,-2.433711371573491,0.2506070274004999
13839,-5.138154327436928,0.25058196669775984
13840,-2.564450636634928,0.2505569085010901
13841,-1.692855840260416,0.25053185281024
13842,-5.061687497876911,0.250506799624959
13843,-5.851973724882938,0.2504817489449965
13844,-2.4803049014900798,0.25045670077010196
13845,-2.086280141446144,0.25043165510002496
13846,-6.523849168226505,0.25040661193451497
13847,-3.1052537734723473,0.2503815712733215
13848,-1.8024435999620085,0.25035653311619416
13849,-2.2379103980800346,0.2503314974628825
13850,-2.495453541116621,0.25030646431313625
13851,-3.5260973561416256,0.2502814336667049
13852,-1.7984935479646953,0.2502564055233382
13853,-5.969268815244858,0.2502313798827859
13854,-4.873757111908203,0.2502063567447976
13855,-7.665240362836819,0.2501813361091231
13856,-5.170005273588072,0.2501563179755122
13857,-8.326080449019914,0.2501313023437146
13858,-2.455540855963467,0.25010628921348027
13859,-3.51116272873607,0.2500812785845589
13860,-5.587002525393432,0.2500562704567005
13861,-3.7352585402897303,0.2500312648296548
13862,-5.910427793906708,0.25000626170317186
13863,-5.323796810656619,0.24998126107700155
13864,-2.3413199270848524,0.24995626295089385
13865,-3.6502708382546625,0.24993126732459875
13866,-7.887544277740561,0.2499062741978663
13867,-5.595849869215426,0.2498812835704465
13868,-7.099483517725115,0.24985629544208945
13869,-6.546662663243409,0.24983130981254525
13870,-6.730546070261913,0.249806326681564
13871,-6.053535177137133,0.24978134604889585
13872,-2.004762288254365,0.24975636791429096
13873,-5.275249194954984,0.24973139227749952
13874,-3.076603964848095,0.24970641913827177
13875,-5.11408345528805,0.24968144849635796
13876,-6.618847219602439,0.2496564803515083
13877,-3.962240065535095,0.24963151470347317
13878,-5.655041431589938,0.24960655155200281
13879,-7.482482632655465,0.24958159089684762
13880,-6.005236758840075,0.24955663273775794
13881,-6.390152348020828,0.24953167707448418
13882,-5.830499147780895,0.24950672390677672
13883,-4.96882274096642,0.24948177323438606
13884,-7.101839160719093,0.24945682505706263
13885,-4.4529350749652945,0.2494318793745569
13886,-4.077089828980604,0.24940693618661947
13887,-7.160610118352579,0.2493819954930008
13888,-3.5856158221483865,0.2493570572934515
13889,-5.95273586336585,0.24933212158772217
13890,-6.974817023687119,0.2493071883755634
13891,-6.312167118478699,0.24928225765672585
13892,-6.3950862463259615,0.24925732943096018
13893,-2.3943516584871256,0.24923240369801708
13894,-6.6963109606688,0.2492074804576473
13895,-1.972027616994987,0.24918255970960151
13896,-3.6993585741391777,0.24915764145363056
13897,-3.221155011966631,0.2491327256894852
13898,-3.806057352985099,0.24910781241691624
13899,-4.897659452196895,0.24908290163567454
13900,-2.6029369857623297,0.24905799334551096
13901,-6.139602822071056,0.24903308754617642
13902,-5.872169679430674,0.2490081842374218
13903,-5.915229018714518,0.24898328341899806
13904,-6.240139826033034,0.24895838509065615
13905,-5.828999612977789,0.2489334892521471
13906,-4.07056888848857,0.24890859590322187
13907,-6.216369892120483,0.24888370504363155
13908,-5.196069061054595,0.2488588166731272
13909,-6.6381365102096215,0.2488339307914599
13910,-7.624882206397686,0.24880904739838075
13911,-6.892769142286079,0.2487841664936409
13912,-4.233025941326819,0.24875928807699155
13913,-4.37908004390879,0.24873441214818384
13914,-7.664023904285748,0.24870953870696902
13915,-6.977734680965898,0.24868466775309833
13916,-3.76233338230847,0.24865979928632304
13917,-6.9559728322221615,0.2486349333063944
13918,-4.621441707979114,0.24861006981306377
13919,-4.251360786649346,0.24858520880608248
13920,-4.974483712533542,0.24856035028520188
13921,-6.831396796317978,0.24853549425017335
13922,-9.347747455614869,0.24851064070074833
13923,-6.046737289360413,0.24848578963667825
13924,-6.7722260170561075,0.24846094105771457
13925,-4.265426743712746,0.2484360949636088
13926,-4.264509681748484,0.24841125135411243
13927,-6.474634837104873,0.24838641022897703
13928,-6.304636743133432,0.24836157158795413
13929,-6.528601831119824,0.24833673543079535
13930,-9.367809987559133,0.24831190175725226
13931,-7.713929595945634,0.24828707056707655
13932,-2.897552031392986,0.24826224186001986
13933,-3.38526549814481,0.24823741563583385
13934,-2.330291552231516,0.24821259189427028
13935,-5.3197067076503295,0.24818777063508085
13936,-6.188824519466387,0.24816295185801734
13937,-6.530532039163369,0.24813813556283154
13938,-5.594423722446223,0.24811332174927525
13939,-3.245345828652259,0.24808851041710034
13940,-2.553188997188009,0.24806370156605864
13941,-5.359793960175239,0.24803889519590203
13942,-4.216366470279682,0.24801409130638244
13943,-6.424746760503435,0.2479892898972518
13944,-2.2773023220472006,0.2479644909682621
13945,-5.542306969949787,0.24793969451916525
13946,-5.100429583306568,0.24791490054971335
13947,-5.12655157209607,0.2478901090596584
13948,-4.962554767176661,0.24786532004875242
13949,-5.592260733216227,0.24784053351674754
13950,-3.622352291978128,0.24781574946339585
13951,-5.5698207593824165,0.2477909678884495
13952,-5.062406490214568,0.24776618879166068
13953,-4.381772335121509,0.2477414121727815
13954,-3.299092720259311,0.24771663803156424
13955,-1.8082269247016294,0.24769186636776108
13956,-4.97770801067031,0.2476670971811243
13957,-5.1531888027665165,0.2476423304714062
13958,-6.986506613828929,0.24761756623835907
13959,-2.235627073147978,0.24759280448173523
13960,-5.948876331142289,0.24756804520128706
13961,-4.032517272513308,0.24754328839676693
13962,-5.015808596035255,0.24751853406792726
13963,-6.151572347401686,0.24749378221452048
13964,-4.792248480713411,0.24746903283629904
13965,-4.863013279335755,0.2474442859330154
13966,-4.918181470957483,0.2474195415044221
13967,-5.85785274487799,0.24739479955027166
13968,-3.407135516044558,0.24737006007031664
13969,-3.9347924506731733,0.24734532306430962
13970,-3.231925228962705,0.2473205885320032
13971,-2.085843547180387,0.24729585647315
13972,-3.013095063617076,0.2472711268875027
13973,-5.430203924802235,0.24724639977481394
13974,-2.291891301612453,0.24722167513483645
13975,-6.162149217401829,0.24719695296732297
13976,-2.332652467602379,0.24717223327202623
13977,-4.132684813407987,0.24714751604869903
13978,-5.280531213701828,0.24712280129709416
13979,-5.44870012748501,0.24709808901696445
13980,-2.049551536104133,0.24707337920806274
13981,-6.043940281615882,0.24704867187014193
13982,-6.594668538266262,0.24702396700295493
13983,-6.1360975610563635,0.24699926460625463
13984,-4.586991335141926,0.246974564679794
13985,-6.828532388817324,0.24694986722332604
13986,-3.6499671740274673,0.2469251722366037
13987,-2.7424056855184498,0.24690047971938006
13988,-2.0750823550638837,0.24687578967140814
13989,-4.598422003689921,0.246851102092441
13990,-5.080969144528917,0.24682641698223173
13991,-4.628483053624121,0.2468017343405335
13992,-9.86235180565553,0.24677705416709947
13993,-4.070080870468299,0.24675237646168277
13994,-3.338749536168252,0.24672770122403662
13995,-4.498531929764495,0.2467030284539142
13996,-5.281730828911619,0.2466783581510688
13997,-7.048481671154674,0.2466536903152537
13998,-8.472605840731827,0.24662902494622216
13999,-6.420713555511789,0.24660436204372754
14000,-3.141648393274926,0.24657970160752318
14001,-7.07100750104648,0.24655504363736244
14002,-3.2528991215917777,0.2465303881329987
14003,-3.929593291867497,0.2465057350941854
14004,-5.807892070308105,0.246481084520676
14005,-7.0361350167248276,0.24645643641222392
14006,-8.230479616995868,0.2464317907685827
14007,-9.982329654833082,0.24640714758950585
14008,-7.8797451053503185,0.24638250687474691
14009,-8.840401350607467,0.24635786862405945
14010,-6.456313234211386,0.24633323283719705
14011,-6.336380928707811,0.24630859951391332
14012,-7.9614268922826685,0.24628396865396193
14013,-8.022509423627142,0.24625934025709653
14014,-3.4582785252619788,0.2462347143230708
14015,-4.030641826582868,0.2462100908516385
14016,-3.8640312684950247,0.24618546984255335
14017,-4.788040641452364,0.2461608512955691
14018,-7.152179412546353,0.24613623521043956
14019,-5.466299338952483,0.24611162158691852
14020,-6.071286618978206,0.24608701042475983
14021,-4.115588810744749,0.24606240172371735
14022,-7.077880309788609,0.24603779548354499
14023,-7.9953296688177105,0.24601319170399663
14024,-7.699216691252139,0.24598859038482623
14025,-5.78251211041291,0.24596399152578777
14026,-5.10754524521764,0.24593939512663518
14027,-5.4256193043652035,0.24591480118712253
14028,-6.042780696420005,0.24589020970700382
14029,-5.374451012001601,0.24586562068603313
14030,-6.985175595302867,0.24584103412396452
14031,-5.403653364747036,0.24581645002055214
14032,-3.1590301731554478,0.2457918683755501
14033,-5.433616994396865,0.24576728918871255
14034,-3.88678390620427,0.24574271245979368
14035,-3.4394701556275367,0.2457181381885477
14036,-2.111243616343565,0.24569356637472886
14037,-2.9909347712885386,0.2456689970180914
14038,-6.920581251306169,0.24564443011838957
14039,-2.1276710142882513,0.24561986567537775
14040,-4.371085377351451,0.24559530368881022
14041,-2.912718983792121,0.24557074415844135
14042,-5.14340203964358,0.2455461870840255
14043,-6.581735046766948,0.2455216324653171
14044,-4.428309919578814,0.24549708030207057
14045,-7.364353067243497,0.24547253059404037
14046,-6.471584441349647,0.24544798334098097
14047,-4.129424414758938,0.24542343854264687
14048,-3.3109305754214318,0.2453988961987926
14049,-2.3392789568071812,0.24537435630917273
14050,-5.355984492773706,0.24534981887354182
14051,-5.039010597668209,0.24532528389165448
14052,-5.973379735084249,0.24530075136326532
14053,-3.4122837740102043,0.24527622128812898
14054,-5.519855430561889,0.24525169366600016
14055,-3.164932457256535,0.24522716849663356
14056,-5.913386126739187,0.2452026457797839
14057,-6.6992721591097935,0.24517812551520593
14058,-4.972791785233709,0.2451536077026544
14059,-1.855311965283363,0.24512909234188415
14060,-6.465642505381839,0.24510457943264996
14061,-3.2270751172125918,0.2450800689747067
14062,-6.606668361651229,0.24505556096780923
14063,-3.8122156749264327,0.24503105541171244
14064,-5.9129887909702665,0.24500655230617127
14065,-6.0434851033384795,0.24498205165094067
14066,-6.605997235207159,0.24495755344577558
14067,-4.36880763999732,0.244933057690431
14068,-5.429966261380612,0.24490856438466196
14069,-7.375937021200834,0.2448840735282235
14070,-5.455251976306893,0.2448595851208707
14071,-6.583667029107726,0.2448350991623586
14072,-6.208170255587491,0.24481061565244236
14073,-6.661749911282609,0.2447861345908771
14074,-6.452876749086064,0.24476165597741803
14075,-7.895073586698219,0.2447371798118203
14076,-4.068682789674879,0.24471270609383913
14077,-5.989087207030794,0.24468823482322974
14078,-3.0504025965091257,0.24466376599974743
14079,-5.626377884114552,0.24463929962314745
14080,-5.741458131895893,0.24461483569318515
14081,-5.730643181339994,0.24459037420961582
14082,-5.794780467126139,0.24456591517219486
14083,-6.04138816649504,0.24454145858067763
14084,-6.228704172165163,0.24451700443481958
14085,-6.612152841027112,0.2444925527343761
14086,-5.498779458951487,0.24446810347910267
14087,-7.189811929425041,0.24444365666875476
14088,-5.838271954987917,0.24441921230308788
14089,-5.911011133193535,0.24439477038185758
14090,-5.018420315552783,0.2443703309048194
14091,-3.524932185332607,0.24434589387172892
14092,-5.6937633680726885,0.24432145928234175
14093,-8.555917517377585,0.24429702713641352
14094,-5.201869175480122,0.2442725974336999
14095,-5.693597967945335,0.24424817017395653
14096,-6.3780879342368575,0.24422374535693914
14097,-5.190166275714363,0.24419932298240343
14098,-6.625265190184109,0.2441749030501052
14099,-5.309952110775174,0.24415048555980018
14100,-4.627524989019128,0.24412607051124421
14101,-5.652533974825607,0.24410165790419308
14102,-7.161870211015829,0.24407724773840267
14103,-4.733785017846734,0.24405284001362884
14104,-9.388890073424147,0.24402843472962749
14105,-4.790278240519209,0.24400403188615452
14106,-6.864682488894751,0.24397963148296592
14107,-6.6559046008027485,0.24395523351981763
14108,-6.850240829281635,0.24393083799646564
14109,-6.749060141103909,0.243906444912666
14110,-5.233616141468353,0.24388205426817475
14111,-5.851105801835925,0.24385766606274792
14112,-4.912733098756357,0.24383328029614165
14113,-4.944865743825176,0.24380889696811203
14114,-2.8130523113268677,0.24378451607841523
14115,-7.87636913373055,0.2437601376268074
14116,-6.549033415143487,0.24373576161304472
14117,-8.98061887946525,0.24371138803688341
14118,-10.809561387679256,0.24368701689807973
14119,-7.067201971378653,0.2436626481963899
14120,-3.693829041761462,0.24363828193157028
14121,-6.912436016360471,0.24361391810337713
14122,-2.8135352678465124,0.2435895567115668
14123,-7.695583683879862,0.24356519775589563
14124,-6.302655203922236,0.24354084123612005
14125,-8.35028960135438,0.24351648715199645
14126,-5.152644377302166,0.24349213550328125
14127,-7.559458221410374,0.24346778628973093
14128,-6.3174214908610535,0.24344343951110195
14129,-3.022903771144021,0.24341909516715085
14130,-5.0066173141127654,0.24339475325763413
14131,-2.0908628265025464,0.24337041378230836
14132,-7.360576641858968,0.24334607674093015
14133,-5.847758863281478,0.24332174213325605
14134,-2.597903711953345,0.24329740995904273
14135,-6.641926592332698,0.24327308021804683
14136,-7.0601340998092565,0.24324875291002504
14137,-6.86842477200489,0.24322442803473404
14138,-2.7288441312126466,0.24320010559193056
14139,-2.2439715399958247,0.24317578558137137
14140,-5.445453116176033,0.24315146800281323
14141,-2.748757598443688,0.24312715285601294
14142,-5.705982776514114,0.24310284014072733
14143,-7.796537346892487,0.24307852985671327
14144,-6.492491375893643,0.24305422200372762
14145,-3.563012740620837,0.24302991658152726
14146,-2.3001396588439107,0.2430056135898691
14147,-2.2418088419641613,0.24298131302851012
14148,-7.894777082746661,0.24295701489720728
14149,-6.17681530388835,0.24293271919571757
14150,-5.475822681516511,0.242908425923798
14151,-5.784956532447224,0.24288413508120563
14152,-6.321070572058615,0.2428598466676975
14153,-6.699125861062659,0.24283556068303072
14154,-2.4612962010360633,0.24281127712696243
14155,-5.163781209133775,0.24278699599924974
14156,-2.6848966093118634,0.24276271729964982
14157,-7.658741115953899,0.24273844102791986
14158,-6.5432167173473745,0.24271416718381708
14159,-6.707109379799869,0.2426898957670987
14160,-5.293253457094106,0.242665626777522
14161,-4.70809996440447,0.24264136021484423
14162,-5.211063012653427,0.24261709607882276
14163,-5.3984056196427295,0.2425928343692149
14164,-6.049766788050927,0.24256857508577798
14165,-6.4478665539995035,0.2425443182282694
14166,-3.646951414465666,0.24252006379644658
14167,-4.820535074113261,0.24249581179006693
14168,-7.1134809164611745,0.24247156220888794
14169,-4.979545883696259,0.24244731505266706
14170,-5.288135457523149,0.2424230703211618
14171,-4.225258324178025,0.2423988280141297
14172,-7.419889257946328,0.2423745881313283
14173,-6.04557386855914,0.24235035067251517
14174,-7.854176709700081,0.24232611563744794
14175,-2.5908330163072923,0.2423018830258842
14176,-6.877211700678498,0.24227765283758163
14177,-1.8952953309281086,0.24225342507229786
14178,-3.504271449084847,0.24222919972979062
14179,-7.2935441524042695,0.24220497680981765
14180,-8.158055132946707,0.24218075631213667
14181,-3.5779854268944558,0.24215653823650546
14182,-5.771125251742234,0.2421323225826818
14183,-2.8032742254146368,0.24210810935042354
14184,-5.611445461836263,0.2420838985394885
14185,-3.43478165803477,0.24205969014963455
14186,-8.03447986793817,0.2420354841806196
14187,-5.518291665788464,0.24201128063220154
14188,-4.223159830991123,0.2419870795041383
14189,-4.14037474107324,0.24196288079618788
14190,-7.273083971486422,0.24193868450810826
14191,-6.205579237722192,0.24191449063965745
14192,-3.3137880408005076,0.2418902991905935
14193,-5.511946763392425,0.24186611016067444
14194,-6.959113339936174,0.2418419235496584
14195,-3.857083473440932,0.2418177393573034
14196,-4.56617605623741,0.24179355758336768
14197,-4.54030336952018,0.24176937822760936
14198,-7.954369870416737,0.2417452012897866
14199,-3.733363974038558,0.24172102676965762
14200,-4.441797353923403,0.24169685466698065
14201,-7.287244211742774,0.24167268498151395
14202,-5.321731546087758,0.2416485177130158
14203,-2.6515564182320728,0.2416243528612445
14204,-5.481976988993308,0.24160019042595837
14205,-3.6625613873767673,0.24157603040691578
14206,-7.86668042270973,0.24155187280387508
14207,-5.2018980959758565,0.2415277176165947
14208,-6.0826811813817905,0.24150356484483304
14209,-6.157273473867018,0.24147941448834856
14210,-5.710476970694177,0.24145526654689972
14211,-5.113105356323052,0.24143112102024503
14212,-2.7231033395720603,0.241406977908143
14213,-6.4145896697111775,0.2413828372103522
14214,-5.305381104634322,0.24135869892663117
14215,-7.976598426246569,0.2413345630567385
14216,-6.218051459341691,0.24131042960043284
14217,-6.711565391031982,0.2412862985574728
14218,-6.747853169761255,0.24126216992761707
14219,-7.936572112765427,0.2412380437106243
14220,-3.523901804898631,0.24121391990625324
14221,-4.896517489875801,0.24118979851426262
14222,-6.657217517601669,0.2411656795344112
14223,-7.489874123082274,0.24114156296645778
14224,-3.441120576173513,0.24111744881016114
14225,-3.715125092847293,0.24109333706528013
14226,-6.878598280052958,0.2410692277315736
14227,-1.995519375963414,0.24104512080880044
14228,-5.402143587789084,0.24102101629671957
14229,-5.7817825779581415,0.2409969141950899
14230,-7.502517291150445,0.2409728145036704
14231,-5.831352861395398,0.24094871722222003
14232,-2.681502189016515,0.2409246223504978
14233,-5.447914945241031,0.24090052988826274
14234,-7.265687889308792,0.24087643983527393
14235,-6.15601073278583,0.24085235219129042
14236,-4.857901506582304,0.2408282669560713
14237,-2.125813405001917,0.24080418412937568
14238,-2.9895951603122772,0.24078010371096276
14239,-6.639193856729824,0.24075602570059165
14240,-2.9891555355651502,0.2407319500980216
14241,-5.47122627320008,0.2407078769030118
14242,-5.438703703764037,0.2406838061153215
14243,-2.9648510998363222,0.24065973773470997
14244,-4.937019444385045,0.2406356717609365
14245,-5.132671060282862,0.2406116081937604
14246,-5.068323580585766,0.24058754703294102
14247,-1.8667054189279726,0.24056348827823773
14248,-5.4820794364282195,0.2405394319294099
14249,-1.8394704536485877,0.24051537798621697
14250,-4.698011289165753,0.24049132644841836
14251,-5.675297214101347,0.24046727731577353
14252,-4.49263076176496,0.24044323058804196
14253,-4.889533801234475,0.24041918626498315
14254,-6.010162678132538,0.24039514434635667
14255,-6.788470474631621,0.24037110483192203
14256,-3.649989225453595,0.24034706772143885
14257,-6.844071712881023,0.2403230330146667
14258,-5.076470556801157,0.24029900071136523
14259,-2.270482109040515,0.2402749708112941
14260,-4.108685988684715,0.24025094331421296
14261,-5.265371015005474,0.24022691821988154
14262,-4.671041915548315,0.24020289552805957
14263,-5.602415859496576,0.24017887523850676
14264,-4.106986166415349,0.2401548573509829
14265,-2.4121704608479115,0.2401308418652478
14266,-5.8221562529335795,0.2401068287810613
14267,-2.7151657042219473,0.2400828180981832
14268,-6.547250908068239,0.24005880981637337
14269,-5.663639082638867,0.24003480393539173
14270,-7.49216723288445,0.2400108004549982
14271,-1.393396668457795,0.2399867993749527
14272,-5.850732719365293,0.23996280069501522
14273,-2.5022268835203874,0.23993880441494572
14274,-4.666317827052964,0.23991481053450422
14275,-2.0342739319120056,0.23989081905345078
14276,-4.996580880489401,0.23986682997154543
14277,-3.7981368691062256,0.23984284328854827
14278,-2.0209473029025626,0.23981885900421943
14279,-6.065714948910235,0.239794877118319
14280,-8.757048652364343,0.2397708976306072
14281,-7.600795048502029,0.23974692054084412
14282,-3.8553549367752624,0.23972294584879003
14283,-2.709938640105752,0.23969897355420516
14284,-5.256518352621665,0.23967500365684974
14285,-2.0249406203587053,0.23965103615648406
14286,-6.1250069318400975,0.2396270710528684
14287,-8.90454490235414,0.23960310834576312
14288,-7.474843074374202,0.23957914803492855
14289,-2.397788758749324,0.23955519012012505
14290,-9.628644954210426,0.23953123460111303
14291,-6.2331703006404675,0.23950728147765293
14292,-6.524554437622616,0.23948333074950517
14293,-6.8072041422242515,0.23945938241643022
14294,-4.334141808049956,0.23943543647818857
14295,-5.101528572817012,0.23941149293454075
14296,-3.789881110561463,0.23938755178524732
14297,-7.863809171819352,0.23936361303006878
14298,-6.6222150457085815,0.23933967666876577
14299,-6.462836302208509,0.2393157427010989
14300,-6.565436805641449,0.2392918111268288
14301,-4.402273871626537,0.2392678819457161
14302,-6.393920975182173,0.23924395515752153
14303,-7.83168776318851,0.2392200307620058
14304,-7.137423295159868,0.2391961087589296
14305,-5.064711960217174,0.23917218914805372
14306,-7.40131164545733,0.2391482719291389
14307,-6.6159585186272905,0.239124357101946
14308,-4.7615021018738055,0.23910044466623578
14309,-6.470206157778332,0.23907653462176917
14310,-8.67526509630231,0.239052626968307
14311,-5.020780179043299,0.23902872170561018
14312,-10.635381383996872,0.23900481883343963
14313,-6.978536987524081,0.2389809183515563
14314,-7.90729400909866,0.23895702025972115
14315,-7.669924294318005,0.2389331245576952
14316,-9.002823422882033,0.2389092312452394
14317,-9.143149625422057,0.2388853403221149
14318,-4.046413217193807,0.23886145178808268
14319,-7.344838871746344,0.23883756564290387
14320,-7.378875504934582,0.23881368188633958
14321,-6.152587475358999,0.23878980051815096
14322,-4.021399021008337,0.23876592153809914
14323,-4.060868211108433,0.23874204494594534
14324,-1.995519375963414,0.23871817074145074
14325,-7.467288799181674,0.2386942989243766
14326,-7.118181674322367,0.23867042949448417
14327,-7.502517291150445,0.23864656245153473
14328,-5.503388158143579,0.23862269779528958
14329,-2.681502189016515,0.23859883552551006
14330,-5.393180350665205,0.2385749756419575
14331,-6.128099728552009,0.2385511181443933
14332,-4.776885931548981,0.23852726303257887
14333,-5.751031173518477,0.23850341030627562
14334,-1.995284522558676,0.238479559965245
14335,-2.9895951603122772,0.23845571200924848
14336,-5.3329263376512595,0.23843186643804756
14337,-4.200472132662037,0.23840802325140376
14338,-6.913149428738345,0.2383841824490786
14339,-4.972809196361501,0.2383603440308337
14340,-2.9648510998363222,0.2383365079964306
14341,-5.594360470592258,0.23831267434563097
14342,-7.585655718804953,0.23828884307819642
14343,-6.4442337769191065,0.2382650141938886
14344,-4.675006615718512,0.23824118769246921
14345,-4.927007173731759,0.23821736357369996
14346,-4.860889012671025,0.2381935418373426
14347,-4.666231652293976,0.23816972248315887
14348,-4.891627035873334,0.23814590551091055
14349,-1.7446842470742565,0.23812209092035946
14350,-4.610920698157222,0.23809827871126743
14351,-3.2866310538342485,0.2380744688833963
14352,-5.064523500333556,0.23805066143650797
14353,-4.276162555678864,0.2380268563703643
14354,-6.5197570704593755,0.23800305368472727
14355,-2.4374489110070483,0.2379792533793588
14356,-4.652281259025585,0.23795545545402086
14357,-4.196470070834435,0.23793165990847545
14358,-5.004210777237974,0.2379078667424846
14359,-6.294235741145913,0.23788407595581035
14360,-8.107190468317127,0.23786028754821478
14361,-3.9784511551578348,0.23783650151945995
14362,-2.4121704608479115,0.23781271786930802
14363,-5.795785966849405,0.2377889365975211
14364,-6.184782539799004,0.23776515770386134
14365,-6.0594060790217235,0.23774138118809096
14366,-5.663639082638867,0.23771760704997216
14367,-4.479977994052233,0.23769383528926716
14368,-3.153968166997543,0.23767006590573822
14369,-5.3263599010107425,0.23764629889914765
14370,-8.684572715890155,0.23762253426925775
14371,-4.916759912580559,0.23759877201583082
14372,-5.002894909806496,0.23757501213862925
14373,-4.996580880489401,0.2375512546374154
14374,-6.878983933215137,0.23752749951195165
14375,-6.5953379408930255,0.23750374676200045
14376,-4.450600392298636,0.23747999638732425
14377,-7.074449756367519,0.23745624838768553
14378,-5.517664763777191,0.23743250276284678
14379,-5.004662999286593,0.23740875951257048
14380,-2.900717086539343,0.23738501863661923
14381,-2.014123252595342,0.23736128013475558
14382,-6.347236386757414,0.2373375440067421
14383,-2.0184455995320403,0.2373138102523414
14384,-7.232934365310275,0.23729007887131617
14385,-3.8078416377577105,0.23726634986342904
14386,-5.6179696924543805,0.2372426232284427
14387,-3.1422076088450073,0.23721889896611986
14388,-7.248282024176984,0.23719517707622326
14389,-5.088770700763172,0.23717145755851562
14390,-5.802735561529386,0.23714774041275977
14391,-5.529603587942682,0.23712402563871848
14392,-4.551935659386885,0.2371003132361546
14393,-6.979962143032548,0.23707660320483098
14394,-9.764425276562863,0.2370528955445105
14395,-6.381481109613759,0.23702919025495606
14396,-6.18471917738869,0.23700548733593058
14397,-6.896032593490871,0.23698178678719697
14398,-3.8752070723437813,0.23695808860851825
14399,-6.360598964511294,0.2369343927996574
14400,-6.847851957166323,0.23691069936037742
14401,-3.8774544564113405,0.2368870082904414
14402,-6.958541903343622,0.23686331958961235
14403,-2.443206938581738,0.2368396332576534
14404,-7.696812059594711,0.23681594929432764
14405,-4.701936150772665,0.2367922676993982
14406,-7.748331166824173,0.23676858847262827
14407,-3.925323484518448,0.236744911613781
14408,-7.670123573270579,0.23672123712261964
14409,-3.717706546934003,0.23669756499890737
14410,-8.992006747592105,0.23667389524240748
14411,-2.4719733264244876,0.23665022785288323
14412,-5.478988766837368,0.23662656283009795
14413,-7.317537651326705,0.23660290017381494
14414,-4.056832474753628,0.23657923988379756
14415,-4.764773611015999,0.2365555819598092
14416,-6.994786660352206,0.23653192640161322
14417,-3.949129034148007,0.23650827320897305
14418,-5.065400142234282,0.23648462238165216
14419,-4.037051496850836,0.236460973919414
14420,-4.069253466024058,0.23643732782202206
14421,-2.770223850818829,0.23641368408923988
14422,-2.846236589545865,0.23639004272083095
14423,-2.2725996860726188,0.23636640371655887
14424,-5.563359577452191,0.2363427670761872
14425,-2.5287083198808618,0.23631913279947958
14426,-1.5764480198216728,0.23629550088619963
14427,-3.9572293420968796,0.23627187133611102
14428,-4.2297711167655345,0.2362482441489774
14429,-2.7111492442002936,0.2362246193245625
14430,-4.036226287211382,0.23620099686263005
14431,-5.335568983137365,0.23617737676294379
14432,-2.686424427516147,0.2361537590252675
14433,-5.174282863347186,0.23613014364936497
14434,-3.171097388808569,0.23610653063500003
14435,-6.441987374250516,0.23608291998193653
14436,-1.825724018892784,0.23605931168993835
14437,-1.7112416181590036,0.23603570575876937
14438,-5.1308566975498735,0.2360121021881935
14439,-5.278719841662949,0.23598850097797466
14440,-5.3650181676515105,0.23596490212787688
14441,-2.948207757199874,0.2359413056376641
14442,-5.5251340492405605,0.23591771150710034
14443,-7.068324960028281,0.23589411973594962
14444,-3.51116272873607,0.23587053032397604
14445,-4.4965272647813395,0.23584694327094363
14446,-7.333501475370808,0.23582335857661654
14447,-5.861831249712731,0.23579977624075887
14448,-2.396157813494601,0.2357761962631348
14449,-2.3413199270848524,0.2357526186435085
14450,-7.0867752130681705,0.23572904338164413
14451,-2.0801146572498133,0.23570547047730597
14452,-6.27743843226863,0.23568189993025823
14453,-5.995518325371679,0.2356583317402652
14454,-6.6976601955672495,0.23563476590709118
14455,-6.043448481380263,0.23561120243050046
14456,-6.887183657667103,0.23558764131025742
14457,-2.730815039662783,0.2355640825461264
14458,-5.711108284283705,0.2355405261378718
14459,-3.0292806680005113,0.23551697208525801
14460,-7.4060386283401245,0.2354934203880495
14461,-5.5941746047560965,0.2354698710460107
14462,-1.6471228246622713,0.2354463240589061
14463,-4.88073586099017,0.2354227794265002
14464,-5.22487045444946,0.23539923714855754
14465,-6.456562784912274,0.2353756972248427
14466,-4.139804106835725,0.2353521596551202
14467,-6.529347906968165,0.2353286244391547
14468,-4.96882274096642,0.23530509157671078
14469,-6.63217576669931,0.2352815610675531
14470,-2.004093055349183,0.23525803291144634
14471,-4.306672064253732,0.2352345071081552
14472,-5.399439051497761,0.2352109836574444
14473,-4.832083447945994,0.23518746255907866
14474,-6.53596021801093,0.23516394381282274
14475,-4.986387064545413,0.23514042741844146
14476,-2.9294311495099667,0.23511691337569962
14477,-4.92933365001654,0.23509340168436205
14478,-2.2914253109307676,0.23506989234419362
14479,-8.171969576251534,0.2350463853549592
14480,-3.8859351547698573,0.23502288071642372
14481,-3.6993585741391777,0.23499937842835208
14482,-6.39006231394859,0.23497587849050924
14483,-6.4399315385453955,0.23495238090266019
14484,-2.2591301517599547,0.23492888566456993
14485,-7.272431633969855,0.23490539277600347
14486,-2.2911412175498302,0.23488190223672586
14487,-4.764079245837729,0.2348584140465022
14488,-2.2993801293039207,0.23483492820509755
14489,-3.2155574381623016,0.23481144471227705
14490,-5.723783329259021,0.23478796356780582
14491,-4.342601675933701,0.23476448477144904
14492,-3.181613602393987,0.2347410083229719
14493,-3.946572250316315,0.23471753422213962
14494,-5.1427502069536075,0.2346940624687174
14495,-3.952412560455901,0.23467059306247054
14496,-6.310950692009708,0.23464712600316429
14497,-6.049542973917605,0.23462366129056397
14498,-3.9679569132027535,0.23460019892443493
14499,-3.7590157065090786,0.23457673890454248
14500,-8.591314478669979,0.23455328123065203
14501,-3.7952844616874475,0.23452982590252897
14502,-6.2025641737042445,0.23450637291993873
14503,-2.3275863556803356,0.23448292228264672
14504,-3.79745363202506,0.23445947399041847
14505,-3.786525361136057,0.23443602804301944
14506,-6.362616048075975,0.23441258444021515
14507,-4.899710878034816,0.23438914318177112
14508,-4.972335390749373,0.23436570426745296
14509,-4.549338778278834,0.2343422676970262
14510,-7.064515747683025,0.2343188334702565
14511,-8.202734284709209,0.23429540158690948
14512,-6.177971099693854,0.2342719720467508
14513,-2.1967748322395635,0.23424854484954613
14514,-3.7771471102302345,0.23422511999506118
14515,-7.124276849633338,0.2342016974830617
14516,-2.210348885781191,0.2341782773133134
14517,-2.3353592843204467,0.23415485948558207
14518,-4.747807881007102,0.2341314439996335
14519,-5.631493111067948,0.23410803085523355
14520,-5.704155048195344,0.23408462005214803
14521,-4.149377636699798,0.23406121159014281
14522,-4.72212092890344,0.2340378054689838
14523,-4.605582948837521,0.23401440168843693
14524,-1.9527880955233994,0.23399100024826808
14525,-3.757364490046933,0.23396760114824325
14526,-4.234797777201159,0.23394420438812843
14527,-5.525044691895044,0.23392080996768963
14528,-3.3234538110104515,0.23389741788669285
14529,-2.027782815743423,0.23387402814490418
14530,-4.34322141179883,0.2338506407420897
14531,-2.8501158012221377,0.2338272556780155
14532,-1.772340749910431,0.2338038729524477
14533,-6.189710603084961,0.23378049256515246
14534,-2.45185034433553,0.23375711451589595
14535,-4.9332544061945285,0.23373373880444437
14536,-6.785689126411125,0.23371036543056392
14537,-6.7115306792455875,0.23368699439402088
14538,-4.160332313346258,0.2336636256945815
14539,-4.497477904394822,0.23364025933201205
14540,-6.12665067341156,0.23361689530607885
14541,-5.275324954987807,0.23359353361654825
14542,-4.565094970374055,0.2335701742631866
14543,-5.1478994566514995,0.2335468172457603
14544,-7.011576004664752,0.23352346256403572
14545,-5.387339315603659,0.23350011021777933
14546,-6.356573272524373,0.23347676020675756
14547,-5.299818524465598,0.2334534125307369
14548,-6.228167460411866,0.23343006718948384
14549,-5.583352105668329,0.2334067241827649
14550,-4.828278450774516,0.23338338351034663
14551,-4.415804017007098,0.2333600451719956
14552,-5.273731759285475,0.2333367091674784
14553,-1.769397715403816,0.23331337549656164
14554,-1.9077134037790042,0.233290044159012
14555,-3.1764160350058086,0.2332667151545961
14556,-7.356540011322449,0.23324338848308065
14557,-7.246049026948736,0.23322006414423235
14558,-6.0750449510715185,0.23319674213781794
14559,-6.776603805911671,0.23317342246360415
14560,-7.4341450879953275,0.23315010512135778
14561,-1.9034364589593644,0.23312679011084564
14562,-4.661402972030991,0.23310347743183454
14563,-3.465845879683332,0.23308016708409135
14564,-1.88576236580825,0.23305685906738294
14565,-3.369445786182455,0.2330335533814762
14566,-5.6408585535994575,0.23301025002613804
14567,-1.9189846281825265,0.23298694900113542
14568,-3.4715147791724315,0.2329636503062353
14569,-6.797816680541869,0.2329403539412047
14570,-7.342994610488625,0.23291705990581058
14571,-7.51879864409764,0.23289376819982
14572,-5.16139532415774,0.23287047882300002
14573,-6.518713849115228,0.23284719177511773
14574,-7.750248267633803,0.23282390705594022
14575,-5.443765682444686,0.23280062466523463
14576,-5.26097199401417,0.2327773446027681
14577,-4.375058370395865,0.23275406686830782
14578,-7.436805262619802,0.23273079146162098
14579,-5.8721247021559915,0.23270751838247483
14580,-6.625532061300484,0.23268424763063658
14581,-4.505843537018622,0.23266097920587353
14582,-3.5506922143535844,0.23263771310795295
14583,-4.233381811513063,0.23261444933664216
14584,-7.064882418359982,0.2325911878917085
14585,-4.943985079016899,0.23256792877291932
14586,-6.434353978296847,0.23254467198004203
14587,-3.418595413813484,0.23252141751284403
14588,-4.6624072770963885,0.23249816537109275
14589,-7.258312327392247,0.23247491555455563
14590,-5.174467381582347,0.2324516680630002
14591,-9.44563798032419,0.2324284228961939
14592,-9.071399321254994,0.2324051800539043
14593,-5.8880566547976265,0.2323819395358989
14594,-8.7904742314382,0.2323587013419453
14595,-3.40476604128809,0.2323354654718111
14596,-7.556749937440434,0.23231223192526393
14597,-3.6600643642131248,0.2322890007020714
14598,-5.39390523597182,0.2322657718020012
14599,-3.637656951597956,0.232242545224821
14600,-6.2674578674784405,0.23221932097029852
14601,-7.808363382678568,0.2321960990382015
14602,-3.6904227744580327,0.23217287942829767
14603,-3.5862293748328495,0.23214966214035485
14604,-4.227941236523165,0.23212644717414083
14605,-5.156823110015868,0.2321032345294234
14606,-6.922165308330323,0.2320800242059705
14607,-5.443666992878616,0.2320568162035499
14608,-7.948363097402297,0.23203361052192956
14609,-3.4614735486523083,0.23201040716087737
14610,-3.6036919791349584,0.23198720612016127
14611,-3.5773292379816115,0.23196400739954925
14612,-6.262315963482357,0.2319408109988093
14613,-3.572009984645069,0.23191761691770943
